ObservationId,CapturedUtc,Sequence,Behavior,Disposition,Confidence,DecisionReasons,Influences,MetadataResolution,NpcFamily,MonsterData,Level,PlayfieldId,Name,RuntimeIdentity,RuntimeGeneration,RouteSignature,CurrentX,CurrentY,CurrentZ,DestinationX,DestinationY,DestinationZ,HorizontalDistance,PathCount
m01084,2026-07-22T13:26:34.715308Z,3352,chase,Rejected,49,explicit_setpos_teleport;combat_target_position_unavailable,combat;player,complete_capture_stable_identity,19,165188,6,1044525,Cedric Harding,SimpleChar:7989146A,1,6fcc4c3b6bbe0ede,3501.25708,5.110001,825.683838,3503.3894,5.610001,822.843506,3.551658,2
m01087,2026-07-22T13:26:37.644289Z,3382,chase,Rejected,49,explicit_setpos_teleport,combat;player,complete_capture_stable_identity,103,203740,3,1044525,Violent Protester,SimpleChar:79891509,1,224d428e23fe1878,3505.53418,5.110001,823.417725,3507.72974,5.610001,825.294678,2.888501,2
m01090,2026-07-22T13:26:38.313933Z,3390,chase,Rejected,49,explicit_setpos_teleport;path_interrupted_by_stop_command;combat_target_position_unavailable,combat;player,complete_capture_stable_identity,25,17657,5,1044525,Garbage Flea,SimpleChar:79891110,1,1d7e1562ff7661ad,3448.80249,0.01,831.797485,3450.31641,0.873832,817.162231,14.713348,2
m01105,2026-07-22T13:26:55.190022Z,3695,chase,Rejected,49,explicit_setpos_teleport;path_interrupted_by_stop_command;combat_target_position_unavailable,combat;player,complete_capture_stable_identity,25,17657,5,1044525,Garbage Flea,SimpleChar:79891124,1,9d2f2c835b007de8,3453.73145,0.01,847.669495,3453.07129,0.51,844.951111,2.797396,2
m01885,2026-07-22T13:28:10.955491Z,7013,chase,Rejected,49,explicit_setpos_teleport;combat_target_position_unavailable,combat;player,complete_capture_stable_identity,1019,17714,2,1044525,Waste Collector,SimpleChar:798914ED,2,395b7bfe8a0f9a29,3511.05005,5.110001,864.181335,3514.93384,5.610001,861.445007,4.750928,2
m01903,2026-07-22T13:28:24.600149Z,7784,chase,Rejected,49,explicit_setpos_teleport;combat_target_position_unavailable,combat;player,complete_capture_stable_identity,1019,17714,2,1044525,Waste Collector,SimpleChar:798914E9,2,216ea64500fc4319,3492.70679,5.110001,866.376526,3504.85254,5.610001,865.596313,12.170784,2
m01919,2026-07-22T13:28:39.382319Z,8035,chase,Rejected,49,explicit_setpos_teleport;path_interrupted_by_stop_command;combat_target_position_unavailable,combat;player,complete_capture_stable_identity,25,17657,1,1044525,Garbage Flea,SimpleChar:79891482,1,1857a3c149770fed,3502.43359,5.110001,901.938354,3501.45508,5.765232,908.028992,6.16874,2
m01923,2026-07-22T13:28:41.612072Z,8067,chase,Rejected,49,explicit_setpos_teleport;path_interrupted_by_stop_command;combat_target_position_unavailable,combat;player,complete_capture_stable_identity,25,17657,1,1044525,Garbage Flea,SimpleChar:79891482,1,cfc3a7b9c37a18e2,3502.02026,5.157681,904.607483,3496.2439,5.610001,890.588379,15.162507,2
m01937,2026-07-22T13:28:51.587962Z,8335,chase,Rejected,49,explicit_setpos_teleport;combat_target_position_unavailable,combat;player,later_scfu_same_generation,1019,17714,2,1044525,Waste Collector,SimpleChar:79891410,1,2bd1db622f4d4fc0,3507.5686,5.110001,891.422607,3501.44556,5.610001,892.629028,6.240759,2
m01959,2026-07-22T13:29:09.924434Z,9188,chase,Rejected,49,explicit_setpos_teleport;combat_target_position_unavailable,combat;player,complete_capture_stable_identity,1019,17714,2,1044525,Waste Collector,SimpleChar:798913D5,2,5f266e392e4ea4a0,3498.63818,9.348063,918.525757,3496.62549,9.075098,915.046143,4.01978,2
m02021,2026-07-22T13:30:14.217286Z,11751,chase,Rejected,49,explicit_setpos_teleport;combat_target_position_unavailable,combat;player,complete_capture_stable_identity,1019,17714,2,1044525,Waste Collector,SimpleChar:798913D3,1,7ea9acf3f6fef6a2,3506.70752,8.284207,930.579651,3499.29468,9.411591,922.764465,10.771598,2
m02034,2026-07-22T13:30:26.043021Z,12069,chase,Rejected,49,explicit_setpos_teleport;combat_target_position_unavailable,combat;player,complete_capture_stable_identity,1019,17714,2,1044525,Waste Collector,SimpleChar:79891319,1,5fe166a76deedca4,3511.14087,7.778342,924.014221,3503.35986,9.892875,919.624023,8.934089,2
m02045,2026-07-22T13:30:33.786775Z,12287,chase,Rejected,49,explicit_setpos_teleport,combat;player,complete_capture_stable_identity,1019,17714,4,1044525,Supreme Collector of Waste,SimpleChar:7989146B,1,483cb038ae0e295f,3506.64722,11.057408,943.388489,3514.71924,11.122025,943.869995,8.086368,2
m02058,2026-07-22T13:30:42.758588Z,12628,chase,Ambiguous,84,combat_target_position_unavailable,combat;player,preceding_scfu_same_generation,25,17657,6,1044525,Garbage Flea,SimpleChar:79891526,1,f0b2649c80e4942a,3451.61938,0.01,880.448242,3449.68433,0.01,884.838135,4.797455,2
m02062,2026-07-22T13:30:45.619100Z,12696,chase,Ambiguous,84,combat_target_position_unavailable,combat;player,later_scfu_same_generation,25,17657,6,1044525,Garbage Flea,SimpleChar:79891526,2,96e9ebc858955b62,3450.02026,0.01,884.0755,3449.67114,0.01,886.055176,2.010224,2
m02064,2026-07-22T13:30:48.223649Z,12746,chase,Ambiguous,84,combat_target_position_unavailable,combat;player,later_scfu_same_generation,25,17657,6,1044525,Garbage Flea,SimpleChar:79891526,2,f866062325a78a9e,3452,0.01,887.453735,3452.64575,0.51,880.244019,7.238577,2
m02065,2026-07-22T13:30:49.843502Z,12768,chase,Ambiguous,84,post_combat_direction_not_leash,combat;player,later_scfu_same_generation,25,17657,6,1044525,Garbage Flea,SimpleChar:79891526,2,889104814264531e,3452.61182,0.01,881.137085,3451.24536,0.51,871.110107,10.119659,2
m02247,2026-07-22T13:33:00.795892Z,16275,chase,Ambiguous,84,combat_target_position_unavailable,combat;player,later_scfu_same_generation,1019,17649,4,1044525,IIV-X Advanced Docker,SimpleChar:798913F4,2,408e69008f9f4391,3512.62695,5.110001,893.040649,3497.17798,8.660816,913.213562,25.408996,2
m02248,2026-07-22T13:33:01.946028Z,16306,chase,Rejected,49,explicit_setpos_teleport,combat;player,complete_capture_stable_identity,1019,17714,2,1044525,Waste Collector,SimpleChar:798914D0,2,3ca0b99bbb0825b0,3556.45215,8.378214,915.811401,3560.62329,8.910001,918.767029,5.112157,2
m02259,2026-07-22T13:33:09.354197Z,16739,chase,Rejected,49,explicit_setpos_teleport,combat;player,complete_capture_stable_identity,1019,17714,2,1044525,Waste Collector,SimpleChar:798914E4,5,4653ef0afd8b8b44,3567.13672,8.243741,919.198486,3564.17993,9.151773,915.964478,4.381942,2
m02282,2026-07-22T13:33:26.857468Z,17497,chase,Rejected,49,explicit_setpos_teleport,combat;player,complete_capture_stable_identity,1019,297023,2,1044525,Cleanmeister Intelligence Robot,SimpleChar:79891518,3,2e6bd426988f26a3,3544.35913,5.110001,865.045105,3546.46216,5.805648,872.431946,7.680375,2
m02322,2026-07-22T13:34:05.200438Z,18620,chase,Rejected,49,explicit_setpos_teleport;combat_target_position_unavailable,combat;player,complete_capture_stable_identity,1019,17714,4,1044525,Supreme Collector of Waste,SimpleChar:79891563,1,c9b9b27782c55351,3506.57227,11.083643,942.963745,3508.85815,11.923963,939.546692,4.111143,2
m02355,2026-07-22T13:34:25.601507Z,19488,chase,Rejected,49,explicit_setpos_teleport;combat_target_position_unavailable,combat;player,complete_capture_stable_identity,1019,17714,4,1044525,Supreme Collector of Waste,SimpleChar:79891563,1,c707ab883efc3bf1,3508.4043,11.435031,940.326599,3511.14404,10.807377,937.651672,3.829022,2
m02362,2026-07-22T13:34:31.566797Z,19768,chase,Rejected,49,explicit_setpos_teleport;path_interrupted_by_stop_command;combat_target_position_unavailable,combat;player,complete_capture_stable_identity,25,17657,5,1044525,Garbage Flea,SimpleChar:79891523,3,e6495f7bb0673d03,3451.47437,0.01,853.600891,3454.21289,0.892165,846.437866,7.668665,2
m02364,2026-07-22T13:34:33.665988Z,19863,chase,Rejected,49,explicit_setpos_teleport;path_interrupted_by_stop_command;combat_target_position_unavailable,combat;player,complete_capture_stable_identity,25,17657,5,1044525,Garbage Flea,SimpleChar:79891523,3,3af9b2ba249d8a97,3452.68701,0.01,850.29364,3452.11133,0.51,840.931885,9.379438,2
m02907,2026-07-22T13:40:51.811430Z,26800,chase,Rejected,49,explicit_setpos_teleport;combat_target_position_unavailable,combat;player,complete_capture_stable_identity,25,17657,6,1044525,Garbage Flea,SimpleChar:798915A9,1,33045f8ba0c372a7,3422.11572,0.01,866.470154,3424.09473,0.51,863.564026,3.515972,2
m02938,2026-07-22T13:41:10.971795Z,27125,chase,Ambiguous,84,combat_target_position_unavailable,combat;player,complete_capture_stable_identity,25,17657,5,1044525,Garbage Flea,SimpleChar:79891592,2,9349876e6150d1c2,3426.31519,0.01,883.304993,3425.82544,0.01,860.601685,22.70859,2
m02944,2026-07-22T13:41:14.163695Z,27176,chase,Rejected,49,explicit_setpos_teleport;path_interrupted_by_stop_command;combat_target_position_unavailable,combat;player,complete_capture_stable_identity,25,17657,5,1044525,Garbage Flea,SimpleChar:79891592,2,7299300505842b93,3426.26514,0.01,878.696228,3423.96118,0.51,872.840637,6.292549,2
m02946,2026-07-22T13:41:15.414295Z,27196,chase,Rejected,49,explicit_setpos_teleport;combat_target_position_unavailable,combat;player,later_scfu_same_generation,25,17657,7,1044525,Mutated Garbage Flea,SimpleChar:79891578,1,4b4a87899c048814,3424.22949,0,883.19574,3424.19702,0.008517,872.855408,10.340383,2
m02958,2026-07-22T13:41:21.975662Z,27314,chase,Ambiguous,84,combat_target_position_unavailable,combat;player,later_scfu_same_generation,25,17657,7,1044525,Mutated Garbage Flea,SimpleChar:79891578,1,c701a7d28f744c5e,3424.14355,0.01,873.844543,3425.20337,0.51,876.857239,3.193674,2
m02963,2026-07-22T13:41:22.786068Z,27350,chase,Ambiguous,84,combat_target_position_unavailable,combat;player,later_scfu_same_generation,25,17657,7,1044525,Mutated Garbage Flea,SimpleChar:79891578,1,de1d4ad9b8903461,3424.73901,0.01,876.011719,3423.39355,0.01,881.49231,5.643327,2
m03019,2026-07-22T13:41:48.897199Z,28048,chase,Ambiguous,84,combat_target_position_unavailable,combat;player,later_scfu_same_generation,25,17657,5,1044525,Garbage Flea,SimpleChar:798915C2,1,ce17989b48a6b310,3423.79956,0.01,884.83252,3424.73877,0.51,880.477478,4.455166,2
m03021,2026-07-22T13:41:49.615588Z,28070,chase,Ambiguous,84,combat_target_position_unavailable,combat;player,later_scfu_same_generation,25,17657,7,1044525,Mutated Garbage Flea,SimpleChar:79891578,1,01b9a1423acb2bd0,3423.50586,0.01,880.679688,3421.66895,0.51,876.086609,4.946778,2
m03022,2026-07-22T13:41:50.132375Z,28108,chase,Ambiguous,84,combat_target_position_unavailable,combat;player,later_scfu_same_generation,25,17657,5,1044525,Garbage Flea,SimpleChar:798915C2,1,0889feebc27b790d,3424.54004,0.01,881.398315,3422.2478,0.51,875.21875,6.591008,2
m03023,2026-07-22T13:41:50.908768Z,28147,chase,Ambiguous,84,combat_target_position_unavailable,combat;player,later_scfu_same_generation,25,17657,7,1044525,Mutated Garbage Flea,SimpleChar:79891578,1,3a41b82a4a0d2aba,3421.96533,0.01,876.82782,3422.57568,0.51,870.887207,5.971885,2
m03024,2026-07-22T13:41:51.666658Z,28183,chase,Ambiguous,84,combat_target_position_unavailable,combat;player,later_scfu_same_generation,25,17657,5,1044525,Garbage Flea,SimpleChar:798915C2,1,711465a6f291ae7a,3422.55054,0.01,876.034973,3424.49536,0.51,868.427368,7.852259,2
m03026,2026-07-22T13:41:52.367606Z,28226,chase,Ambiguous,84,combat_target_position_unavailable,combat;player,later_scfu_same_generation,25,17657,7,1044525,Mutated Garbage Flea,SimpleChar:79891578,1,340fbac08a0c6260,3422.49292,0.01,871.693176,3425.13843,0.51,863.371094,8.732455,2
m03029,2026-07-22T13:41:53.215680Z,28241,chase,Ambiguous,84,combat_target_position_unavailable,combat;player,later_scfu_same_generation,25,17657,5,1044525,Garbage Flea,SimpleChar:798915C2,1,d2539eecc4e600fb,3424.27856,0.01,869.274536,3425.04272,0.51,858.767944,10.534345,2
m03035,2026-07-22T13:41:54.409290Z,28363,chase,Rejected,49,explicit_setpos_teleport;combat_target_position_unavailable,combat;player,later_scfu_same_generation,25,17657,7,1044525,Mutated Garbage Flea,SimpleChar:79891578,1,1b2e8f1b373877c6,3424.8645,0.01,864.251587,3422.34497,0.51,853.818542,10.732961,2
m03041,2026-07-22T13:41:55.901022Z,28405,chase,Ambiguous,84,combat_target_position_unavailable,combat;player,later_scfu_same_generation,25,17657,5,1044525,Garbage Flea,SimpleChar:798915C2,1,a9986fb680f55707,3424.05688,0,857.198669,3423.10474,0.51,846.710693,10.531107,2
m03042,2026-07-22T13:41:56.076104Z,28412,chase,Rejected,49,explicit_setpos_teleport;path_interrupted_by_stop_command;combat_target_position_unavailable,combat;player,later_scfu_same_generation,25,17657,7,1044525,Mutated Garbage Flea,SimpleChar:79891578,1,f4d2cbc84b2fa4f4,3423.13403,0.01,857.082703,3425.2207,0.51,844.203796,13.046855,2
m03047,2026-07-22T13:41:57.324757Z,28443,chase,Rejected,49,path_interrupted_by_stop_command;combat_target_position_unavailable,combat;player,later_scfu_same_generation,25,17657,5,1044525,Garbage Flea,SimpleChar:798915C2,1,2b2f1c0c5572fe03,3423.50659,0.01,851.141052,3423.16675,0.01,838.461853,12.683753,2
m03049,2026-07-22T13:41:57.935056Z,28446,chase,Rejected,49,explicit_setpos_teleport;path_interrupted_by_stop_command;combat_target_position_unavailable,combat;player,later_scfu_same_generation,25,17657,7,1044525,Mutated Garbage Flea,SimpleChar:79891578,1,3d993c1e2c0b910b,3424.3269,0.01,848.626709,3421.66846,0.51,835.726685,13.171102,2
m03056,2026-07-22T13:41:59.113968Z,28485,chase,Rejected,49,path_interrupted_by_stop_command;combat_target_position_unavailable,combat;player,later_scfu_same_generation,25,17657,5,1044525,Garbage Flea,SimpleChar:798915C2,1,deae219bb99478a1,3423.4751,0.01,843.793701,3423.70459,0.51,884.547913,40.754858,2
m03070,2026-07-22T13:42:01.786093Z,28571,chase,Rejected,49,explicit_setpos_teleport;combat_target_position_unavailable,combat;player,complete_capture_stable_identity,25,17657,5,1044525,Garbage Flea,SimpleChar:798915C9,1,933ba61740a3b5b9,3424.56982,0.01,818.018799,3421.62085,0.51,815.395203,3.94711,2
m03072,2026-07-22T13:42:02.984621Z,28681,chase,Rejected,49,explicit_setpos_teleport,combat;player,complete_capture_stable_identity,25,17657,5,1044525,Garbage Flea,SimpleChar:798915C9,1,5222f6be98a0b113,3422.43286,0.01,815.846985,3423.08691,0.51,809.487183,6.393345,2
m03078,2026-07-22T13:42:04.609441Z,28761,chase,Promotable,100,complete_decoded_path;exact_identity_metadata;captured_chase_observation;combat_influence_preserved_for_behavior;player_influence_preserved_for_behavior,combat;player,complete_capture_stable_identity,25,17657,5,1044525,Garbage Flea,SimpleChar:798915C9,1,dbe568e22ecdb4a3,3422.99756,0.01,810.35376,3429.12573,0.01,806.450989,7.265404,2
m03083,2026-07-22T13:42:06.376751Z,28804,chase,Promotable,100,complete_decoded_path;exact_identity_metadata;captured_chase_observation;combat_influence_preserved_for_behavior;player_influence_preserved_for_behavior,combat;player,complete_capture_stable_identity,25,17657,5,1044525,Garbage Flea,SimpleChar:798915C9,1,db257d9d64ff3da1,3428.45142,0.01,806.880371,3438.76709,0.51,804.234741,10.649526,2
m03085,2026-07-22T13:42:06.376751Z,28808,chase,Rejected,49,explicit_setpos_teleport;combat_direction_ambiguous,combat;player,complete_capture_stable_identity,25,17657,6,1044525,Garbage Flea,SimpleChar:798915C5,1,f11a7aaa589ea14e,3437.36426,0.01,804.389343,3439.36841,0.51,806.124084,2.65065,2
m03088,2026-07-22T13:42:07.454817Z,28832,chase,Rejected,49,explicit_setpos_teleport,combat;player,complete_capture_stable_identity,25,17657,6,1044525,Garbage Flea,SimpleChar:798915C5,1,0ca91f523d35fd43,3438.7002,0.01,805.545837,3442.54663,0.51,806.014343,3.874858,2
m03091,2026-07-22T13:42:08.142706Z,28860,chase,Promotable,100,complete_decoded_path;exact_identity_metadata;captured_chase_observation;combat_influence_preserved_for_behavior;player_influence_preserved_for_behavior,combat;player,complete_capture_stable_identity,25,17657,6,1044525,Garbage Flea,SimpleChar:798915C5,1,977fc22d996fcd21,3441.74121,0.01,805.91626,3446.62207,1.110787,800.65509,7.176538,2
m03092,2026-07-22T13:42:08.337296Z,28863,chase,Promotable,100,complete_decoded_path;exact_identity_metadata;captured_chase_observation;combat_influence_preserved_for_behavior;player_influence_preserved_for_behavior,combat;player,complete_capture_stable_identity,25,17657,5,1044525,Garbage Flea,SimpleChar:798915C9,1,77342eaeb5ba0c9a,3437.87378,0.01,804.463867,3447.81738,1.292446,801.573303,10.355218,2
m03094,2026-07-22T13:42:09.676991Z,28886,chase,Rejected,49,path_interrupted_by_stop_command,combat,later_scfu_same_generation,0,26092,40,1044525,ICC Peacekeeper,SimpleChar:7962A325,5,6903f69f5da0a26f,3456.70361,4.978086,786.144714,3448.67944,1.697877,797.322876,13.760037,2
m03098,2026-07-22T13:42:09.892110Z,28904,chase,Promotable,100,complete_decoded_path;exact_identity_metadata;captured_chase_observation;combat_influence_preserved_for_behavior;player_influence_preserved_for_behavior,combat;player,complete_capture_stable_identity,25,17657,6,1044525,Garbage Flea,SimpleChar:798915C5,1,a91a339162ffd5d6,3446.06982,0.484719,801.22229,3454.37842,3.117513,795.055969,10.346804,2
m03099,2026-07-22T13:42:10.091755Z,28905,chase,Promotable,100,complete_decoded_path;exact_identity_metadata;captured_chase_observation;combat_influence_preserved_for_behavior;player_influence_preserved_for_behavior,combat;player,complete_capture_stable_identity,25,17657,5,1044525,Garbage Flea,SimpleChar:798915C9,1,033e7f3cdfa96773,3444.896,0.220608,802.430176,3453.72046,3.343914,794.546204,11.833347,2
m03106,2026-07-22T13:42:13.464588Z,28973,chase,Ambiguous,84,post_combat_direction_not_leash,combat,later_scfu_same_generation,25,17657,5,1044525,Garbage Flea,SimpleChar:798915C2,2,3aab7f5211eb0384,3425.98926,0.01,879.6604,3430.91064,0.01,876.31366,5.951525,2
m03114,2026-07-22T13:42:21.976358Z,29168,chase,Ambiguous,84,post_combat_direction_not_leash,combat,later_scfu_same_generation,25,17657,5,1044525,Garbage Flea,SimpleChar:798915C2,2,5c1ead769bad2808,3427.375,0.01,876.304443,3424.62256,0.01,871.731995,5.336966,2
m03129,2026-07-22T13:42:30.032085Z,29330,chase,Rejected,49,explicit_setpos_teleport;path_interrupted_by_stop_command;combat_target_position_unavailable,combat;player,complete_capture_stable_identity,25,17657,5,1044525,Garbage Flea,SimpleChar:7989158E,2,d3bdd26815881a28,3449.47461,0.01,825.640137,3449.43018,0.51,822.231628,3.408799,2
m03140,2026-07-22T13:42:37.058088Z,29468,chase,Ambiguous,84,post_combat_direction_not_leash,combat,later_scfu_same_generation,0,26092,40,1044525,ICC Peacekeeper,SimpleChar:7962A325,5,c994dc09ab8c9ea6,3477.75513,9.145,786.00708,3483.79688,6.541007,787.024353,6.126793,2
m03143,2026-07-22T13:42:40.660894Z,29514,chase,Ambiguous,84,post_combat_direction_not_leash,combat,later_scfu_same_generation,0,26092,40,1044525,ICC Peacekeeper,SimpleChar:7962A325,5,ce1c9f121859c6dc,3482.46118,7.450958,786.778015,3487.0957,5.110001,785.84668,4.727173,2
m03146,2026-07-22T13:42:43.183450Z,29557,chase,Ambiguous,84,post_combat_direction_not_leash,combat,later_scfu_same_generation,0,26092,40,1044525,ICC Peacekeeper,SimpleChar:7962A325,5,42edcb0d4ae1729b,3485.76953,5.721919,786.146606,3487.2959,4.84033,782.97937,3.515848,2
m03151,2026-07-22T13:42:47.097495Z,29624,chase,Ambiguous,84,post_combat_direction_not_leash,combat,later_scfu_same_generation,0,26092,40,1044525,ICC Peacekeeper,SimpleChar:7962A325,5,c2b495baf00c2344,3484.12891,5.191867,782.911072,3476.31519,5.813362,782.197388,7.846245,2
m03243,2026-07-22T13:43:48.845302Z,30785,chase,Rejected,49,explicit_setpos_teleport;combat_target_position_unavailable,combat;player,complete_capture_stable_identity,25,17657,6,1044525,Garbage Flea,SimpleChar:798915DA,1,9f534094a1c79187,3437.23975,0.01,803.397644,3441.58447,0.51,803.77417,4.361005,2
m03245,2026-07-22T13:43:48.845302Z,30790,chase,Rejected,49,explicit_setpos_teleport;path_interrupted_by_stop_command,combat;player,complete_capture_stable_identity,25,17657,6,1044525,Garbage Flea,SimpleChar:798915D2,2,bd46cdd2558c2915,3426.47461,0.01,807.57196,3441.60059,0.51,803.63739,15.629335,2
m03284,2026-07-22T13:44:04.684664Z,31639,chase,Rejected,49,explicit_setpos_teleport,combat;player,complete_capture_stable_identity,55,17687,6,1044525,Rollerrat,SimpleChar:798915D0,1,0598cb40353aa9a3,3456.05933,4.314142,746.639709,3454.96167,4.462185,754.597473,8.033111,2
m03292,2026-07-22T13:44:09.595486Z,31808,chase,Promotable,100,complete_decoded_path;exact_identity_metadata;captured_chase_observation;combat_influence_preserved_for_behavior,combat,preceding_scfu_same_generation,0,26092,40,1044525,ICC Peacekeeper,SimpleChar:79882D97,8,e0bf13715b476226,3461.55762,7.396332,785.791626,3445.88135,0.51,807.026367,26.394311,2
m03294,2026-07-22T13:44:11.655106Z,31839,chase,Ambiguous,84,post_combat_direction_not_leash,combat,preceding_scfu_same_generation,0,26092,40,1044525,ICC Peacekeeper,SimpleChar:79882D97,8,09daa34674424f92,3455.28247,2.814141,792.898743,3441.75195,8.999457,805.479614,18.475749,2
m03316,2026-07-22T13:44:22.529034Z,32127,chase,Rejected,49,explicit_setpos_teleport,combat;player,complete_capture_stable_identity,55,17687,6,1044525,Rollerrat,SimpleChar:79891513,1,1de85e1ddf21254b,3417.97925,2.11,718.435242,3428.00244,3.51,727.493408,13.5098,2
m03319,2026-07-22T13:44:24.278705Z,32181,chase,Rejected,49,path_interrupted_by_stop_command,combat,later_scfu_same_generation,95,96056,2,1044525,Bureaucrat Worker,SimpleChar:798915B6,1,1b0c06304524f5c6,3432.2146,3.01,730.565857,3424.46411,2.657955,726.024719,8.982874,2
m03320,2026-07-22T13:44:24.678871Z,32191,chase,Rejected,49,path_interrupted_by_stop_command,combat,later_scfu_same_generation,95,96056,2,1044525,Bureaucrat Worker,SimpleChar:798915B6,1,f3e2ae616de29f11,3431.92529,3.01,730.396301,3424.80396,2.61,724.598938,9.182742,2
m03321,2026-07-22T13:44:24.678871Z,32192,chase,Rejected,49,path_interrupted_by_stop_command,combat,later_scfu_same_generation,97,96195,1,1044525,Anger Manifestation,SimpleChar:798915B3,1,cae2c2d69f82245f,3431.56519,3.01,730.948181,3424.5083,2.657955,726.016968,8.609097,2
m03322,2026-07-22T13:44:24.878944Z,32197,chase,Rejected,49,path_interrupted_by_stop_command,combat,later_scfu_same_generation,97,96195,1,1044525,Anger Manifestation,SimpleChar:798915B3,1,fe6e37a3c64888d6,3431.36255,3.01,730.80658,3424.23633,2.61,725.444946,8.917967,2
m03324,2026-07-22T13:44:25.650354Z,32224,chase,Rejected,49,path_interrupted_by_stop_command,combat,later_scfu_same_generation,95,96056,2,1044525,Bureaucrat Worker,SimpleChar:798915B6,1,57cc2ea3946c20d8,3428.90649,3.01,727.93689,3424.052,2.657955,726.044312,5.210367,2
m03326,2026-07-22T13:44:25.883448Z,32300,chase,Rejected,49,path_interrupted_by_stop_command,combat,later_scfu_same_generation,97,96195,1,1044525,Anger Manifestation,SimpleChar:798915B3,1,f0bddd7500d69ac4,3428.26489,3.01,728.406555,3424.9043,2.657955,725.893188,4.196496,2
m03329,2026-07-22T13:44:33.711822Z,32647,chase,Ambiguous,84,post_combat_direction_not_leash,combat,later_scfu_same_generation,95,96056,2,1044525,Bureaucrat Worker,SimpleChar:798915B6,1,8b43bd195959aafc,3424.99219,2.342251,726.282349,3423.2168,2.61,724.762756,2.336915,2
m03330,2026-07-22T13:44:33.711822Z,32648,chase,Ambiguous,84,post_combat_direction_not_leash,combat,later_scfu_same_generation,97,96195,1,1044525,Anger Manifestation,SimpleChar:798915B3,1,db3c9c54aa73c43c,3425.62183,2.48392,726.431641,3423.23413,2.61,722.409363,4.677588,2
m03332,2026-07-22T13:44:34.672089Z,32658,chase,Ambiguous,84,post_combat_direction_not_leash,combat,later_scfu_same_generation,95,96056,2,1044525,Bureaucrat Worker,SimpleChar:798915B6,1,0c5a9d110d36e8c2,3423.92114,2.11,725.365479,3420.90918,2.61,722.138062,4.414535,2
m03334,2026-07-22T13:44:34.781681Z,32660,chase,Ambiguous,84,post_combat_direction_not_leash,combat,later_scfu_same_generation,97,96195,1,1044525,Anger Manifestation,SimpleChar:798915B3,1,fef930e893bd06e3,3423.69995,2.11,723.194336,3417.11304,2.61,722.042786,6.686812,2
m03336,2026-07-22T13:44:35.462018Z,32676,chase,Ambiguous,84,post_combat_direction_not_leash,combat,later_scfu_same_generation,95,96056,2,1044525,Bureaucrat Worker,SimpleChar:798915B6,1,3c3a5460939f821e,3421.58569,2.11,722.863342,3418.97803,2.61,720.722961,3.373592,2
m03337,2026-07-22T13:44:38.604893Z,32778,chase,Ambiguous,84,post_combat_direction_not_leash,combat,later_scfu_same_generation,95,96056,2,1044525,Bureaucrat Worker,SimpleChar:798915B6,1,60d38a351e6f9d57,3419.72217,2.11,721.333618,3417.23584,2.61,719.108643,3.336518,2
m03338,2026-07-22T13:44:38.604893Z,32779,chase,Ambiguous,84,post_combat_direction_not_leash,combat,later_scfu_same_generation,97,96195,1,1044525,Anger Manifestation,SimpleChar:798915B3,1,a1dbb40abdf6c1b2,3417.95728,2.11,722.190369,3417.24512,2.61,718.797302,3.466998,2
m03340,2026-07-22T13:44:39.423703Z,32799,chase,Ambiguous,84,post_combat_direction_not_leash,combat,later_scfu_same_generation,95,96056,2,1044525,Bureaucrat Worker,SimpleChar:798915B6,1,23ee8be286ee2a8c,3417.95142,2.11,719.748901,3413.38184,2.61,717.648071,5.029369,2
m03341,2026-07-22T13:44:39.423703Z,32800,chase,Ambiguous,84,post_combat_direction_not_leash,combat,later_scfu_same_generation,97,96195,1,1044525,Anger Manifestation,SimpleChar:798915B3,1,7ee971b88ffaca41,3417.43262,2.11,719.690796,3413.07764,2.61,717.967773,4.683445,2
m03343,2026-07-22T13:44:40.913915Z,32849,chase,Ambiguous,84,post_combat_direction_not_leash,combat,later_scfu_same_generation,95,96056,2,1044525,Bureaucrat Worker,SimpleChar:798915B6,1,fca7c319ce10f860,3414.28418,2.11,718.062866,3411.1626,2.61,712.115112,6.717145,2
m03344,2026-07-22T13:44:40.913915Z,32850,chase,Ambiguous,84,post_combat_direction_not_leash,combat,later_scfu_same_generation,97,96195,1,1044525,Anger Manifestation,SimpleChar:798915B3,1,4e65db2353a52757,3413.83447,2.11,718.267273,3410.20508,2.61,712.437805,6.866962,2
m03345,2026-07-22T13:44:41.154002Z,32859,chase,Rejected,49,path_interrupted_by_stop_command,combat,later_scfu_same_generation,95,17649,1,1044525,Engineer Automaton I,SimpleChar:798915BE,1,fa506294e7bd9c8a,3412.02881,2.11,717.375427,3410.37695,2.61,710.399597,7.168741,2
m03346,2026-07-22T13:44:42.273634Z,32885,chase,Rejected,49,path_interrupted_by_stop_command,combat,later_scfu_same_generation,95,96056,2,1044525,Bureaucrat Worker,SimpleChar:798915B6,1,13fe4f34211f52b8,3411.58398,2.11,712.91803,3412.85278,2.61,704.970703,8.047972,2
m03347,2026-07-22T13:44:42.273634Z,32886,chase,Rejected,49,path_interrupted_by_stop_command,combat,later_scfu_same_generation,97,96195,1,1044525,Anger Manifestation,SimpleChar:798915B3,1,9b9aca4ad194e229,3410.62134,2.11,713.106689,3413.79712,2.61,705.93689,7.841658,2
m03348,2026-07-22T13:44:42.878006Z,32898,chase,Rejected,49,path_interrupted_by_stop_command,combat,later_scfu_same_generation,95,17649,1,1044525,Engineer Automaton I,SimpleChar:798915BE,1,d9a9a75a41093177,3410.42773,2.11,710.613831,3416.96509,2.61,703.428772,9.714018,2
m03349,2026-07-22T13:44:43.278178Z,32903,chase,Rejected,49,path_interrupted_by_stop_command,combat,later_scfu_same_generation,95,17649,1,1044525,Engineer Automaton I,SimpleChar:798915BE,1,3c9f3b96eaad017b,3410.65552,2.11,710.363342,3421.54443,2.61,691.207336,22.034539,2
m03350,2026-07-22T13:44:43.787698Z,32915,chase,Rejected,49,path_interrupted_by_stop_command,combat,later_scfu_same_generation,95,17649,1,1044525,Engineer Automaton I,SimpleChar:798915BE,1,a8da036565923dba,3411.198,2.11,709.439758,3421.61182,2.61,689.902222,22.139624,2
m03351,2026-07-22T13:44:44.007848Z,32919,chase,Rejected,49,explicit_setpos_teleport,combat;player,complete_capture_stable_identity,55,17687,6,1044525,Rollerrat,SimpleChar:7988CFD2,1,0df7467aa762a36e,3423.25317,2.11,690.641296,3418.57764,2.61,696.272095,7.318912,2
m03352,2026-07-22T13:44:44.007848Z,32921,chase,Rejected,49,path_interrupted_by_stop_command,combat,later_scfu_same_generation,95,96056,2,1044525,Bureaucrat Worker,SimpleChar:798915B6,1,818d869dfcb7a75a,3412.71509,2.11,705.832886,3420.9502,2.61,698.515076,11.016686,2
m03353,2026-07-22T13:44:44.007848Z,32922,chase,Rejected,49,path_interrupted_by_stop_command,combat,later_scfu_same_generation,97,96195,1,1044525,Anger Manifestation,SimpleChar:798915B3,1,3a1e5788b0300c84,3413.39307,2.11,706.848267,3419.38184,2.61,698.747864,10.073822,2
m03354,2026-07-22T13:44:44.368503Z,32929,chase,Rejected,49,path_interrupted_by_stop_command,combat,later_scfu_same_generation,95,96056,2,1044525,Bureaucrat Worker,SimpleChar:798915B6,1,75408037659aa861,3412.96411,2.11,705.611511,3421.21191,2.61,692.640747,15.370977,2
m03355,2026-07-22T13:44:44.368503Z,32932,chase,Rejected,49,path_interrupted_by_stop_command,combat,later_scfu_same_generation,97,96195,1,1044525,Anger Manifestation,SimpleChar:798915B3,1,1da13a822922715a,3413.59229,2.11,706.578857,3423.88379,2.61,693.271362,16.822734,2
m03356,2026-07-22T13:44:45.077834Z,32959,chase,Rejected,49,path_interrupted_by_stop_command,combat,later_scfu_same_generation,95,96056,2,1044525,Bureaucrat Worker,SimpleChar:798915B6,1,19d5c26aff1588d9,3413.4519,2.11,704.859375,3420.20898,2.61,694.274536,12.557744,2
m03357,2026-07-22T13:44:48.278238Z,33074,chase,Ambiguous,84,combat_direction_ambiguous,combat,later_scfu_same_generation,95,17649,1,1044525,Engineer Automaton I,SimpleChar:798915BE,1,fc6995134f4e8074,3418.02417,2.11,696.667542,3419.78516,2.61,694.782898,2.579335,2
m03359,2026-07-22T13:44:58.788168Z,33278,chase,Rejected,49,path_interrupted_by_stop_command,combat,later_scfu_same_generation,97,96195,1,1044525,Anger Manifestation,SimpleChar:798915B3,1,af6b25d6c1e0f740,3423.34473,2.11,693.96051,3420.78418,2.61,694.103455,2.564537,2
m03360,2026-07-22T13:44:59.247990Z,33297,chase,Ambiguous,84,post_combat_direction_not_leash,combat,later_scfu_same_generation,95,96056,2,1044525,Bureaucrat Worker,SimpleChar:798915B6,1,9ff11fc6f96b2eda,3419.41675,2.11,695.516602,3415.73901,2.61,693.573914,4.159304,2
m03361,2026-07-22T13:44:59.438061Z,33298,chase,Rejected,49,path_interrupted_by_stop_command,combat,later_scfu_same_generation,97,96195,1,1044525,Anger Manifestation,SimpleChar:798915B3,1,e6a3d8bcdbb9bc33,3421.74902,2.11,694.049622,3417.7063,2.61,692.715515,4.257162,2
m03362,2026-07-22T13:44:59.438061Z,33299,chase,Rejected,49,path_interrupted_by_stop_command,combat,later_scfu_same_generation,95,17649,1,1044525,Engineer Automaton I,SimpleChar:798915BE,1,a9f361a45cdfc9e9,3419.10669,2.11,695.508789,3417.41064,2.61,693.045288,2.99089,2
m03363,2026-07-22T13:45:00.368131Z,33324,chase,Rejected,49,path_interrupted_by_stop_command,combat,later_scfu_same_generation,95,96056,2,1044525,Bureaucrat Worker,SimpleChar:798915B6,1,9ac647c3f4fb0116,3416.50415,2.11,693.97821,3411.39282,2.61,691.288391,5.775883,2
m03364,2026-07-22T13:45:00.368131Z,33325,chase,Rejected,49,path_interrupted_by_stop_command,combat,later_scfu_same_generation,95,17649,1,1044525,Engineer Automaton I,SimpleChar:798915BE,1,7639232ba561521c,3417.92993,2.11,693.799622,3413.01343,2.61,690.990112,5.662625,2
m03365,2026-07-22T13:45:00.767781Z,33328,chase,Rejected,49,path_interrupted_by_stop_command,combat,later_scfu_same_generation,97,96195,1,1044525,Anger Manifestation,SimpleChar:798915B3,1,14a2e7520114d9a1,3418.48267,2.11,692.971863,3411.86938,2.61,687.57843,8.53374,2
m03366,2026-07-22T13:45:00.768281Z,33331,chase,Rejected,49,path_interrupted_by_stop_command,combat,later_scfu_same_generation,95,17649,1,1044525,Engineer Automaton I,SimpleChar:798915BE,1,7b1e63b66cdfaf3d,3417.70703,2.11,693.672241,3393.30151,2.61,681.95874,27.070935,2
m03367,2026-07-22T13:45:01.117936Z,33347,chase,Rejected,49,path_interrupted_by_stop_command,combat,later_scfu_same_generation,97,96195,1,1044525,Anger Manifestation,SimpleChar:798915B3,1,8cbcbd96d7de6bca,3418.21875,2.11,692.756409,3393.00415,2.61,679.052307,28.698057,2
m03368,2026-07-22T13:45:01.248984Z,33363,chase,Rejected,49,path_interrupted_by_stop_command,combat,later_scfu_same_generation,97,96195,1,1044525,Anger Manifestation,SimpleChar:798915B3,1,f10afd255d707994,3417.29126,2.11,692.271667,3393.86353,2.61,681.728149,25.690938,2
m03369,2026-07-22T13:45:01.688168Z,33369,chase,Rejected,49,path_interrupted_by_stop_command,combat,later_scfu_same_generation,95,96056,2,1044525,Bureaucrat Worker,SimpleChar:798915B6,1,12f2fc130f961d3c,3412.20532,2.11,691.715942,3409.73975,2.61,686.530701,5.741582,2
m03370,2026-07-22T13:45:02.258547Z,33380,chase,Rejected,49,path_interrupted_by_stop_command,combat,later_scfu_same_generation,95,96056,2,1044525,Bureaucrat Worker,SimpleChar:798915B6,1,d17ad4ed9ef0dea6,3412.05518,2.11,691.400208,3393.28735,2.61,681.977722,21.00035,2
m03371,2026-07-22T13:45:02.628195Z,33385,chase,Rejected,49,explicit_setpos_teleport,combat;player,complete_capture_stable_identity,55,17687,5,1044525,Rollerrat,SimpleChar:7988CFD0,1,3edafbec546d8b69,3391.84546,2.11,680.90033,3407.35278,2.61,689.147095,17.563773,2
m03372,2026-07-22T13:45:04.718781Z,33465,chase,Rejected,49,path_interrupted_by_stop_command;post_combat_direction_not_leash,combat,later_scfu_same_generation,95,96056,2,1044525,Bureaucrat Worker,SimpleChar:798915B6,1,24e6bd070c8e12e6,3408.26367,2.11,689.338074,3406.18994,2.61,687.995544,2.470373,2
m03373,2026-07-22T13:45:04.948966Z,33469,chase,Ambiguous,84,post_combat_direction_not_leash,combat,later_scfu_same_generation,97,96195,1,1044525,Anger Manifestation,SimpleChar:798915B3,1,2809dd402276cc94,3408.08472,2.11,688.087036,3405.65698,2.61,686.725159,2.783636,2
m03374,2026-07-22T13:45:04.948966Z,33478,chase,Ambiguous,84,post_combat_direction_not_leash,combat,later_scfu_same_generation,95,17649,1,1044525,Engineer Automaton I,SimpleChar:798915BE,1,43624970d3a0f092,3406.44946,2.11,688.264526,3404.20044,2.61,684.728455,4.190691,2
m03375,2026-07-22T13:45:05.249114Z,33480,chase,Ambiguous,84,post_combat_direction_not_leash,combat,later_scfu_same_generation,95,96056,2,1044525,Bureaucrat Worker,SimpleChar:798915B6,1,e7098feb3148414b,3406.99561,2.11,688.517151,3403.36328,2.61,685.367676,4.8076,2
m03376,2026-07-22T13:45:05.449226Z,33487,chase,Ambiguous,84,post_combat_direction_not_leash,combat,later_scfu_same_generation,97,96195,1,1044525,Anger Manifestation,SimpleChar:798915B3,1,ec7e4a6c1befb98b,3406.40967,2.11,687.147217,3401.4751,2.61,683.77478,5.976898,2
m03377,2026-07-22T13:45:05.938991Z,33525,chase,Ambiguous,84,post_combat_direction_not_leash,combat,later_scfu_same_generation,95,17649,1,1044525,Engineer Automaton I,SimpleChar:798915BE,1,cd018012635aca1f,3404.66382,2.11,685.45697,3399.90649,2.61,685.273315,4.760874,2
m03378,2026-07-22T13:45:06.379209Z,33539,chase,Ambiguous,84,post_combat_direction_not_leash,combat,later_scfu_same_generation,95,96056,2,1044525,Bureaucrat Worker,SimpleChar:798915B6,1,0597946cace527c4,3404.06909,2.11,685.97937,3398.24951,2.61,683.429871,6.353539,2
m03379,2026-07-22T13:45:07.027733Z,33571,chase,Ambiguous,84,post_combat_direction_not_leash,combat,later_scfu_same_generation,97,96195,1,1044525,Anger Manifestation,SimpleChar:798915B3,1,0377cf80abb6e18e,3402.19312,2.11,684.265503,3396.6709,2.61,682.334595,5.85007,2
m03380,2026-07-22T13:45:07.027733Z,33577,chase,Ambiguous,84,post_combat_direction_not_leash,combat,later_scfu_same_generation,95,17649,1,1044525,Engineer Automaton I,SimpleChar:798915BE,1,45e5225eaa897af8,3400.75317,2.11,685.306091,3394.38452,2.61,683.329834,6.66823,2
m03381,2026-07-22T13:45:08.157143Z,33597,chase,Ambiguous,84,post_combat_direction_not_leash,combat,later_scfu_same_generation,95,96056,2,1044525,Bureaucrat Worker,SimpleChar:798915B6,1,2e13eca109c688e3,3399.03687,2.11,683.774658,3395.42236,2.61,682.177673,3.951587,2
m03382,2026-07-22T13:45:08.157143Z,33598,chase,Ambiguous,84,post_combat_direction_not_leash,combat,later_scfu_same_generation,97,96195,1,1044525,Anger Manifestation,SimpleChar:798915B3,1,1de0eb801ad3c22d,3397.54932,2.11,682.641724,3395.66895,2.61,680.26532,3.030361,2
m03383,2026-07-22T13:45:12.807468Z,33699,chase,Ambiguous,84,post_combat_direction_not_leash,combat,later_scfu_same_generation,95,96056,2,1044525,Bureaucrat Worker,SimpleChar:798915B6,1,fe7700d8aff0b643,3396.30225,2.11,682.566406,3394.02002,2.61,679.419556,3.887318,2
m03384,2026-07-22T13:45:12.807468Z,33700,chase,Rejected,49,path_interrupted_by_stop_command,combat,later_scfu_same_generation,95,17649,1,1044525,Engineer Automaton I,SimpleChar:798915BE,1,15cbf5b6c012b038,3395.21704,2.11,683.588318,3394.35376,2.61,679.545044,4.134406,2
m03385,2026-07-22T13:45:13.047626Z,33719,chase,Ambiguous,84,post_combat_direction_not_leash,combat,later_scfu_same_generation,97,96195,1,1044525,Anger Manifestation,SimpleChar:798915B3,1,db13c77f18d08621,3396.26782,2.11,681.022339,3393.18604,2.61,680.660278,3.102975,2
m03386,2026-07-22T13:45:13.892609Z,33777,chase,Promotable,100,complete_decoded_path;exact_identity_metadata;captured_chase_observation;combat_influence_preserved_for_behavior,combat,later_scfu_same_generation,95,96056,2,1044525,Bureaucrat Worker,SimpleChar:798915B6,1,cd82f01fd3aa82ec,3394.50562,2.11,680.0896,3391.46826,2.61,677.277405,4.139323,2
m03387,2026-07-22T13:45:13.892609Z,33778,chase,Promotable,100,complete_decoded_path;exact_identity_metadata;captured_chase_observation;combat_influence_preserved_for_behavior,combat,later_scfu_same_generation,97,96195,1,1044525,Anger Manifestation,SimpleChar:798915B3,1,203f86c6fb0c14e5,3394.17114,2.11,680.776001,3391.68408,2.61,675.280945,6.031675,2
m03388,2026-07-22T13:45:13.892609Z,33779,chase,Rejected,49,path_interrupted_by_stop_command,combat,later_scfu_same_generation,95,17649,1,1044525,Engineer Automaton I,SimpleChar:798915BE,1,d4ed685544640a4d,3394.52905,2.11,680.366272,3391.85425,2.61,676.479797,4.71797,2
m03389,2026-07-22T13:45:14.341352Z,33796,chase,Rejected,49,path_interrupted_by_stop_command,combat,later_scfu_same_generation,95,17649,1,1044525,Engineer Automaton I,SimpleChar:798915BE,1,933e813021adfe01,3394.32983,2.11,680.076721,3381.7251,2.61,662.847656,21.347597,2
m03390,2026-07-22T13:45:14.920126Z,33801,chase,Rejected,49,explicit_setpos_teleport,combat;player,complete_capture_stable_identity,55,17687,5,1044525,Rollerrat,SimpleChar:7988CFCF,1,c83a06753ba3272e,3380.15112,2.11,663.721069,3388.34375,2.61,676.551575,15.223044,2
m03391,2026-07-22T13:45:15.399883Z,33812,chase,Promotable,100,complete_decoded_path;exact_identity_metadata;captured_chase_observation;combat_influence_preserved_for_behavior,combat,later_scfu_same_generation,95,96056,2,1044525,Bureaucrat Worker,SimpleChar:798915B6,1,27e445ecfd8f588c,3392.17798,2.11,677.934509,3382.43433,2.61,664.330383,16.733528,2
m03392,2026-07-22T13:45:15.610493Z,33816,chase,Promotable,100,complete_decoded_path;exact_identity_metadata;captured_chase_observation;combat_influence_preserved_for_behavior,combat,later_scfu_same_generation,97,96195,1,1044525,Anger Manifestation,SimpleChar:798915B3,1,3c4ec829e12ca649,3392.03735,2.11,676.061584,3383.35938,2.61,665.063232,14.009672,2
m03393,2026-07-22T13:45:15.920157Z,33820,chase,Promotable,100,complete_decoded_path;exact_identity_metadata;captured_chase_observation;combat_influence_preserved_for_behavior,combat,later_scfu_same_generation,95,96056,2,1044525,Bureaucrat Worker,SimpleChar:798915B6,1,d04ea67765caf0ce,3391.55762,2.11,677.105225,3383.51465,2.61,666.049011,13.672207,2
m03397,2026-07-22T13:45:19.780434Z,33949,chase,Ambiguous,84,post_combat_direction_not_leash,combat,later_scfu_same_generation,97,96195,1,1044525,Anger Manifestation,SimpleChar:798915B3,1,27dd5608f3e9e403,3390.94409,2.11,674.347534,3388.82422,2.61,671.395447,3.634373,2
m03398,2026-07-22T13:45:19.780434Z,33951,chase,Ambiguous,84,post_combat_direction_not_leash,combat,later_scfu_same_generation,95,96056,2,1044525,Bureaucrat Worker,SimpleChar:798915B6,1,4ac3574d30bdae57,3390.61157,2.11,674.083252,3388.01563,2.61,672.871826,2.864692,2
m03399,2026-07-22T13:45:19.970521Z,33958,chase,Ambiguous,84,post_combat_direction_not_leash,combat,later_scfu_same_generation,95,17649,1,1044525,Engineer Automaton I,SimpleChar:798915BE,1,0df51df82b14a85a,3389.82593,2.11,673.582642,3387.87549,2.61,670.143372,3.953833,2
m03400,2026-07-22T13:45:20.901273Z,33977,chase,Ambiguous,84,post_combat_direction_not_leash,combat,later_scfu_same_generation,95,96056,2,1044525,Bureaucrat Worker,SimpleChar:798915B6,1,c64e9f76e78a127c,3388.87476,2.11,673.272705,3385.01611,2.61,671.998291,4.063657,2
m03401,2026-07-22T13:45:20.901273Z,33978,chase,Ambiguous,84,post_combat_direction_not_leash,combat,later_scfu_same_generation,97,96195,1,1044525,Anger Manifestation,SimpleChar:798915B3,1,2e5247e4aa1b00ac,3389.35913,2.11,672.140503,3387.49194,2.61,669.750916,3.032577,2
m03402,2026-07-22T13:45:24.371152Z,34084,chase,Ambiguous,84,post_combat_direction_not_leash,combat,later_scfu_same_generation,97,96195,1,1044525,Anger Manifestation,SimpleChar:798915B3,1,c33be49a828f4da0,3388.06519,2.11,670.484924,3385.40967,2.61,668.969543,3.057477,2
m03403,2026-07-22T13:45:24.371152Z,34085,chase,Rejected,49,path_interrupted_by_stop_command,combat,later_scfu_same_generation,95,17649,1,1044525,Engineer Automaton I,SimpleChar:798915BE,1,fcefb0eab3e72ec4,3388.30518,2.11,670.901306,3385.6543,2.61,669.642395,2.934625,2
m03404,2026-07-22T13:45:24.950433Z,34099,chase,Promotable,100,complete_decoded_path;exact_identity_metadata;captured_chase_observation;combat_influence_preserved_for_behavior,combat,later_scfu_same_generation,95,96056,2,1044525,Bureaucrat Worker,SimpleChar:798915B6,1,2c00ed87c2187cc4,3385.95703,2.11,672.309082,3370.93652,2.907281,671.024414,15.075347,2
m03405,2026-07-22T13:45:24.999957Z,34109,chase,Promotable,100,complete_decoded_path;exact_identity_metadata;captured_chase_observation;combat_influence_preserved_for_behavior,combat,later_scfu_same_generation,95,96056,2,1044525,Bureaucrat Worker,SimpleChar:798915B6,1,0b50a8572bafc271,3384.91016,2.11,672.24115,3370.22632,2.907281,670.432251,14.794839,2
m03406,2026-07-22T13:45:25.240600Z,34127,chase,Rejected,49,path_interrupted_by_stop_command,combat,later_scfu_same_generation,97,96195,1,1044525,Anger Manifestation,SimpleChar:798915B3,1,4db74c0312f5af3c,3386.26074,2.11,669.4552,3380.59473,2.61,669.938599,5.686593,2
m03407,2026-07-22T13:45:25.240600Z,34128,chase,Rejected,49,path_interrupted_by_stop_command,combat,later_scfu_same_generation,95,17649,1,1044525,Engineer Automaton I,SimpleChar:798915BE,1,e0c1dcad44240faa,3386.42163,2.11,670.006653,3380.65845,2.61,670.007202,5.76318,2
m03408,2026-07-22T13:45:25.410671Z,34154,chase,Rejected,49,explicit_setpos_teleport,combat;player,complete_capture_stable_identity,53,30365,5,1044525,Desert Reet,SimpleChar:798828FB,1,f52c720d42f47cf9,3369.46753,2.407281,672.064514,3378.17017,2.61,673.130127,8.767638,2
m03409,2026-07-22T13:45:25.410671Z,34157,chase,Rejected,49,path_interrupted_by_stop_command,combat,later_scfu_same_generation,95,17649,1,1044525,Engineer Automaton I,SimpleChar:798915BE,1,d70f1b0f85433b58,3386.1709,2.11,670.006653,3370.66406,2.907281,673.40918,15.875745,2
m03411,2026-07-22T13:45:26.730419Z,34196,chase,Rejected,49,path_interrupted_by_stop_command,combat,later_scfu_same_generation,97,96195,1,1044525,Anger Manifestation,SimpleChar:798915B3,1,1b9d7d5223d51c3e,3381.573,2.11,669.855225,3374.94775,2.735116,670.129333,6.630918,2
m03412,2026-07-22T13:45:27.053585Z,34207,chase,Rejected,49,path_interrupted_by_stop_command,combat,later_scfu_same_generation,97,96195,1,1044525,Anger Manifestation,SimpleChar:798915B3,1,33692822c4478fc5,3380.53662,2.11,669.898132,3375.58545,2.762536,673.254517,5.981589,2
m03414,2026-07-22T13:45:28.644933Z,34332,chase,Promotable,100,complete_decoded_path;exact_identity_metadata;captured_chase_observation;combat_influence_preserved_for_behavior,combat,later_scfu_same_generation,95,96056,2,1044525,Bureaucrat Worker,SimpleChar:798915B6,1,ad88f979925d2232,3371.09351,2.41,670.542358,3374.54297,2.680752,672.903931,4.180407,2
m03418,2026-07-22T13:45:34.153201Z,34529,chase,Ambiguous,84,post_combat_direction_not_leash,combat,later_scfu_same_generation,97,96195,1,1044525,Anger Manifestation,SimpleChar:798915B3,1,369368e091be0a7d,3376.31348,2.11,672.70575,3372.4043,2.808578,670.743652,4.373959,2
m03419,2026-07-22T13:45:34.153201Z,34530,chase,Ambiguous,84,post_combat_direction_not_leash,combat,later_scfu_same_generation,95,17649,1,1044525,Engineer Automaton I,SimpleChar:798915BE,1,28710ab038329b65,3372.43604,2.305598,673.012573,3374.2981,2.808614,670.777893,2.90879,2
m03420,2026-07-22T13:45:34.594997Z,34545,chase,Ambiguous,84,post_combat_direction_not_leash,combat,later_scfu_same_generation,95,96056,2,1044525,Bureaucrat Worker,SimpleChar:798915B6,1,e0799ddb73953541,3373.84082,2.244445,672.423157,3372.8252,2.825149,670.174988,2.466931,2
m03421,2026-07-22T13:45:35.006205Z,34575,chase,Ambiguous,84,post_combat_direction_not_leash,combat,later_scfu_same_generation,95,96056,2,1044525,Bureaucrat Worker,SimpleChar:798915B6,1,7dca52735648967e,3373.21436,2.321048,671.036316,3375.00317,3.816661,666.13208,5.220285,2
m03422,2026-07-22T13:45:35.006205Z,34576,chase,Ambiguous,84,post_combat_direction_not_leash,combat,later_scfu_same_generation,95,17649,1,1044525,Engineer Automaton I,SimpleChar:798915BE,1,af69eababec8a1f9,3373.68408,2.285818,671.514465,3372.94995,3.806533,666.473511,5.09413,2
m03424,2026-07-22T13:45:35.225310Z,34578,chase,Rejected,49,path_interrupted_by_stop_command;post_combat_direction_not_leash,combat,later_scfu_same_generation,97,96195,1,1044525,Anger Manifestation,SimpleChar:798915B3,1,3ac8664cd7d199a6,3373.21094,2.321304,671.148315,3372.27148,4.282252,664.07019,7.140199,2
m03425,2026-07-22T13:45:36.265797Z,34597,chase,Rejected,49,path_interrupted_by_stop_command,combat,later_scfu_same_generation,95,96056,2,1044525,Bureaucrat Worker,SimpleChar:798915B6,1,8295f709b5453400,3374.67773,2.286624,667.023865,3377.31592,2.851974,661.0224,6.555733,2
m03427,2026-07-22T13:45:37.316382Z,34623,chase,Rejected,49,path_interrupted_by_stop_command,combat,later_scfu_same_generation,97,96195,1,1044525,Anger Manifestation,SimpleChar:798915B3,1,2e7004341183b83c,3372.46631,2.99277,665.000183,3376.64307,2.741616,655.376587,10.490897,2
m03428,2026-07-22T13:45:37.515528Z,34633,chase,Rejected,49,path_interrupted_by_stop_command,combat,later_scfu_same_generation,97,96195,1,1044525,Anger Manifestation,SimpleChar:798915B3,1,10ab216f2f4077fd,3372.87915,3.113922,664.048889,3385.35303,2.48157,641.850647,25.462907,2
m03429,2026-07-22T13:45:37.996327Z,34644,chase,Rejected,49,path_interrupted_by_stop_command,combat,later_scfu_same_generation,95,96056,2,1044525,Bureaucrat Worker,SimpleChar:798915B6,1,ad3259b9d2dc8486,3376.95459,2.34053,661.844116,3381.13574,2.61,653.901733,8.975715,2
m03430,2026-07-22T13:45:37.996327Z,34645,chase,Rejected,49,path_interrupted_by_stop_command,combat,later_scfu_same_generation,97,96195,1,1044525,Anger Manifestation,SimpleChar:798915B3,1,0dd93e22b2e9a7fe,3373.39453,3.070704,663.120239,3387.61011,2.48157,641.017578,26.279466,2
m03431,2026-07-22T13:45:38.196935Z,34650,chase,Rejected,49,path_interrupted_by_stop_command,combat,later_scfu_same_generation,95,96056,2,1044525,Bureaucrat Worker,SimpleChar:798915B6,1,dd699de536478f9a,3377.10962,2.328903,661.549805,3386.66187,2.48157,641.334412,22.358613,2
m03432,2026-07-22T13:45:38.196935Z,34651,chase,Rejected,49,path_interrupted_by_stop_command,combat,later_scfu_same_generation,95,17649,1,1044525,Engineer Automaton I,SimpleChar:798915BE,1,115712af6caec586,3377.41064,2.306326,661.388794,3382.146,2.61,652.608093,9.976189,2
m03433,2026-07-22T13:45:38.316492Z,34658,chase,Rejected,49,explicit_setpos_teleport,combat;player,complete_capture_stable_identity,55,17687,5,1044525,Rollerrat,SimpleChar:79882AEC,1,0c329c20d8e49297,3385.85156,1.98157,639.727112,3382.36206,2.61,648.690979,9.619123,2
m03434,2026-07-22T13:45:38.896330Z,34687,chase,Rejected,49,path_interrupted_by_stop_command,combat,later_scfu_same_generation,95,96056,2,1044525,Bureaucrat Worker,SimpleChar:798915B6,1,f98e454875a1454f,3377.54517,2.296237,660.584595,3384.77222,2.61,641.560852,20.350259,2
m03435,2026-07-22T13:45:38.896330Z,34690,chase,Rejected,49,path_interrupted_by_stop_command,combat,later_scfu_same_generation,95,17649,1,1044525,Engineer Automaton I,SimpleChar:798915BE,1,8e7838397f238766,3377.92065,2.268075,660.44342,3386.4751,2.61,641.673767,20.62713,2
m03436,2026-07-22T13:45:53.842695Z,35384,chase,Ambiguous,84,post_combat_direction_not_leash,combat,later_scfu_same_generation,95,17649,1,1044525,Engineer Automaton I,SimpleChar:798915BE,1,fec53508de278c53,3382.83472,2.11,649.621826,3382.00391,3.529727,646.871216,2.873343,2
m03437,2026-07-22T13:45:54.082810Z,35393,chase,Ambiguous,84,post_combat_direction_not_leash,combat,later_scfu_same_generation,95,96056,2,1044525,Bureaucrat Worker,SimpleChar:798915B6,1,81d109ebfb16c769,3381.79248,2.11,649.473694,3380.97046,2.891429,645.350159,4.204671,2
m03438,2026-07-22T13:45:54.082810Z,35394,chase,Ambiguous,84,post_combat_direction_not_leash,combat,later_scfu_same_generation,97,96195,1,1044525,Anger Manifestation,SimpleChar:798915B3,1,6a7cf744126dc935,3381.73413,2.11,650.110962,3379.12109,2.891426,647.416077,3.753716,2
m03439,2026-07-22T13:45:54.522633Z,35407,chase,Ambiguous,84,post_combat_direction_not_leash,combat,later_scfu_same_generation,95,17649,1,1044525,Engineer Automaton I,SimpleChar:798915BE,1,4090c160fc386841,3382.26025,2.11,647.720398,3377.39233,2.61,645.876221,5.205539,2
m03440,2026-07-22T13:45:54.892306Z,35427,chase,Ambiguous,84,post_combat_direction_not_leash,combat,later_scfu_same_generation,95,96056,2,1044525,Bureaucrat Worker,SimpleChar:798915B6,1,4ae0fd3e7e416bc3,3381.15869,2.11,646.295898,3375.95605,3.506484,642.289551,6.566451,2
m03441,2026-07-22T13:45:54.892306Z,35428,chase,Ambiguous,84,post_combat_direction_not_leash,combat,later_scfu_same_generation,97,96195,1,1044525,Anger Manifestation,SimpleChar:798915B3,1,2ddf7d8f03108b1e,3379.74121,2.11,648.055725,3375.448,3.506484,645.45752,5.018199,2
m03442,2026-07-22T13:45:55.802286Z,35455,chase,Ambiguous,84,post_combat_direction_not_leash,combat,later_scfu_same_generation,95,17649,1,1044525,Engineer Automaton I,SimpleChar:798915BE,1,342040399407a09e,3378.07227,2.11,646.13385,3371.72778,3.693422,643.029358,7.063315,2
m03443,2026-07-22T13:45:56.293088Z,35500,chase,Rejected,49,path_interrupted_by_stop_command;post_combat_direction_not_leash,combat,later_scfu_same_generation,97,96195,1,1044525,Anger Manifestation,SimpleChar:798915B3,1,89a1474260278fa8,3376.28198,2.11,645.96228,3370.00684,3.410893,641.474731,7.714628,2
m03444,2026-07-22T13:45:56.533217Z,35527,chase,Ambiguous,84,post_combat_direction_not_leash,combat,later_scfu_same_generation,95,96056,2,1044525,Bureaucrat Worker,SimpleChar:798915B6,1,9678877a76f58b46,3376.72461,2.11,642.881592,3369.37476,3.49369,640.320862,7.783163,2
m03446,2026-07-22T13:45:57.413222Z,35575,chase,Ambiguous,84,post_combat_direction_not_leash,combat,later_scfu_same_generation,95,17649,1,1044525,Engineer Automaton I,SimpleChar:798915BE,1,82d7a14322af3b56,3372.58154,2.368508,643.44696,3365.51465,3.849371,638.299988,8.742554,2
m03447,2026-07-22T13:45:58.212651Z,35605,chase,Rejected,49,path_interrupted_by_stop_command,combat,later_scfu_same_generation,97,96195,1,1044525,Anger Manifestation,SimpleChar:798915B3,1,6ad616547cebe878,3370.7854,2.450915,642.031433,3362.19531,3.581274,637.210632,9.850369,2
m03448,2026-07-22T13:45:58.343223Z,35614,chase,Ambiguous,84,post_combat_direction_not_leash,combat,later_scfu_same_generation,95,96056,2,1044525,Bureaucrat Worker,SimpleChar:798915B6,1,6d80b674cdc6e105,3370.15112,2.437837,640.588501,3360.45435,3.535177,634.105103,11.664553,2
m03449,2026-07-22T13:45:58.702894Z,35638,chase,Rejected,49,path_interrupted_by_stop_command,combat,later_scfu_same_generation,97,96195,1,1044525,Anger Manifestation,SimpleChar:798915B3,1,7507d5026c6c8ee7,3369.77271,2.560183,641.462952,3352.15454,4.712124,628.071106,22.130103,2
m03450,2026-07-22T13:45:58.993542Z,35662,chase,Rejected,49,explicit_setpos_teleport,combat;player,complete_capture_stable_identity,53,30365,6,1044525,Desert Reet,SimpleChar:798828F0,1,a2ade1c7cb7f1895,3364.03662,2.11,610.832397,3359.0752,3.821714,633.541138,23.24441,2
m03451,2026-07-22T13:45:59.143128Z,35681,chase,Promotable,100,complete_decoded_path;exact_identity_metadata;captured_chase_observation;combat_influence_preserved_for_behavior;player_influence_preserved_for_behavior,combat;player,complete_capture_stable_identity,53,30365,5,1044525,Desert Reet,SimpleChar:798828EE,1,9497b5860f8cce7c,3350.78906,4.212124,626.370117,3367.16797,3.179019,639.047546,20.711975,2
m03452,2026-07-22T13:45:59.143628Z,35682,chase,Ambiguous,84,post_combat_direction_not_leash,combat,later_scfu_same_generation,95,17649,1,1044525,Engineer Automaton I,SimpleChar:798915BE,1,bbd0820052e001cc,3366.7627,2.962374,639.122986,3356.15356,3.961332,634.385132,11.618998,2
m03453,2026-07-22T13:46:00.653001Z,35820,chase,Rejected,49,explicit_setpos_teleport,combat;player,complete_capture_stable_identity,53,30365,6,1044525,Desert Reet,SimpleChar:798828E7,1,9d3534b64e66f758,3344.14233,3.937356,644.241699,3351.91699,4.726581,629.902832,16.310992,2
m03454,2026-07-22T13:46:00.964175Z,35856,chase,Rejected,49,path_interrupted_by_stop_command,combat,later_scfu_same_generation,95,96056,2,1044525,Bureaucrat Worker,SimpleChar:798915B6,1,71b58d01a7829466,3361.14648,3.098989,634.549194,3354.67456,4.709277,631.849365,7.012476,2
m03455,2026-07-22T13:46:01.232824Z,35874,chase,Rejected,49,path_interrupted_by_stop_command,combat,later_scfu_same_generation,95,96056,2,1044525,Bureaucrat Worker,SimpleChar:798915B6,1,c860ce1fee37dfd3,3360.9082,3.081118,634.44989,3358.08911,3.904546,633.482178,2.98056,2
m03456,2026-07-22T13:46:01.232824Z,35875,chase,Promotable,100,complete_decoded_path;exact_identity_metadata;captured_chase_observation;combat_influence_preserved_for_behavior;player_influence_preserved_for_behavior,combat;player,complete_capture_stable_identity,53,30365,5,1044525,Desert Reet,SimpleChar:798828EE,1,7e1472febc25ccc0,3357.7019,3.404546,631.724365,3354.98022,4.627274,632.151245,2.754953,2
m03457,2026-07-22T13:46:01.642758Z,35891,chase,Ambiguous,84,post_combat_direction_not_leash,combat,later_scfu_same_generation,95,17649,1,1044525,Engineer Automaton I,SimpleChar:798915BE,1,d9374a7084fe0c80,3357.03491,3.254881,634.75,3355.84985,4.531125,631.773804,3.203453,2
m03459,2026-07-22T13:46:04.112626Z,36015,chase,Promotable,100,complete_decoded_path;exact_identity_metadata;captured_chase_observation;combat_influence_preserved_for_behavior;player_influence_preserved_for_behavior,combat;player,complete_capture_stable_identity,53,30365,6,1044525,Desert Reet,SimpleChar:798828E7,1,9145f16fbfed7613,3351.45679,4.22767,630.758057,3354.3772,3.965393,635.248413,5.3565,2
m03461,2026-07-22T13:46:08.346137Z,36099,chase,Promotable,100,complete_decoded_path;exact_identity_metadata;captured_chase_observation;combat_influence_preserved_for_behavior,combat,later_scfu_same_generation,97,96195,1,1044525,Anger Manifestation,SimpleChar:798915B3,1,e600f098f2f1a57e,3359.42212,3.055465,633.507629,3354.5791,4.302572,632.369324,4.974996,2
m03462,2026-07-22T13:46:08.545741Z,36105,chase,Promotable,100,complete_decoded_path;exact_identity_metadata;captured_chase_observation;combat_influence_preserved_for_behavior,combat,later_scfu_same_generation,95,96056,2,1044525,Bureaucrat Worker,SimpleChar:798915B6,1,4c2b61a4ec20f239,3358.97656,3.088882,633.595703,3354.8103,4.302572,632.905701,4.223011,2
m03463,2026-07-22T13:46:08.795883Z,36112,chase,Promotable,100,complete_decoded_path;exact_identity_metadata;captured_chase_observation;combat_influence_preserved_for_behavior,combat,later_scfu_same_generation,97,96195,1,1044525,Anger Manifestation,SimpleChar:798915B3,1,d9173e3f5c91110e,3358.5686,3.12483,633.416626,3355.92505,4.302572,633.78363,2.668904,2
m03465,2026-07-22T13:46:09.246102Z,36125,chase,Promotable,100,complete_decoded_path;exact_identity_metadata;captured_chase_observation;combat_influence_preserved_for_behavior,combat,later_scfu_same_generation,95,96056,2,1044525,Bureaucrat Worker,SimpleChar:798915B6,1,293adc18731339f6,3357.97534,3.206239,633.5177,3355.12573,4.302572,633.162476,2.871665,2
m03466,2026-07-22T13:46:09.476724Z,36134,chase,Rejected,49,explicit_setpos_teleport;path_interrupted_by_stop_command,combat;player,complete_capture_stable_identity,137,30365,10,1044525,Lolly the Reet,SimpleChar:798915E3,2,771bc900b435e130,3358.06616,3.705101,643.161804,3356.21387,3.965393,636.02417,7.374062,2
m03467,2026-07-22T13:46:15.415054Z,36425,chase,Promotable,100,complete_decoded_path;exact_identity_metadata;captured_chase_observation;combat_influence_preserved_for_behavior,combat,later_scfu_same_generation,95,17649,1,1044525,Engineer Automaton I,SimpleChar:798915BE,1,b1bd062a50e47dab,3356.19434,3.539321,632.638611,3355.31738,3.884574,635.575623,3.065142,2
m03468,2026-07-22T13:46:33.595836Z,36639,chase,Promotable,100,complete_decoded_path;exact_identity_metadata;captured_chase_observation;combat_influence_preserved_for_behavior;player_influence_preserved_for_behavior,combat;player,complete_capture_stable_identity,53,30365,6,1044525,Desert Reet,SimpleChar:798828F0,1,1fada5e94cc00124,3359.27637,3.077982,632.625732,3357.25562,3.982417,633.714783,2.295531,2
m03469,2026-07-22T13:46:34.316705Z,36676,chase,Promotable,100,complete_decoded_path;exact_identity_metadata;captured_chase_observation;combat_influence_preserved_for_behavior;player_influence_preserved_for_behavior,combat;player,complete_capture_stable_identity,53,30365,6,1044525,Desert Reet,SimpleChar:798828F0,1,f2a15e2f2097086d,3358.02905,3.214648,633.298157,3354.05103,4.151236,634.027344,4.044299,2
m03470,2026-07-22T13:46:36.169923Z,36799,chase,Promotable,100,complete_decoded_path;exact_identity_metadata;captured_chase_observation;combat_influence_preserved_for_behavior;player_influence_preserved_for_behavior,combat;player,complete_capture_stable_identity,53,30365,6,1044525,Desert Reet,SimpleChar:798828F0,1,a4197c87c79d816c,3354.88037,3.643522,633.877197,3356.03906,4.150371,636.69519,3.046908,2
m03473,2026-07-22T13:46:40.090398Z,36997,chase,Ambiguous,84,post_combat_direction_not_leash,combat,later_scfu_same_generation,97,96195,1,1044525,Anger Manifestation,SimpleChar:798915B3,1,763681ae659faa17,3356.73755,3.387156,633.581055,3353.06982,4.161398,635.500244,4.139508,2
m03476,2026-07-22T13:46:44.672974Z,37279,chase,Ambiguous,84,post_combat_direction_not_leash,combat,later_scfu_same_generation,95,96056,2,1044525,Bureaucrat Worker,SimpleChar:798915B6,1,f0de7d7e14c5a179,3356.08105,3.507576,633.288452,3354.91455,4.190731,635.428833,2.437612,2
m03477,2026-07-22T13:46:44.672974Z,37280,chase,Ambiguous,84,post_combat_direction_not_leash,combat,later_scfu_same_generation,95,17649,1,1044525,Engineer Automaton I,SimpleChar:798915BE,1,ca01912f80665b01,3355.99536,3.50417,633.505249,3355.49146,4.191006,635.759827,2.310203,2
m03478,2026-07-22T13:46:45.175778Z,37299,chase,Ambiguous,84,post_combat_direction_not_leash,combat,later_scfu_same_generation,95,96056,2,1044525,Bureaucrat Worker,SimpleChar:798915B6,1,a27d9d45c2a5c326,3355.31982,3.516974,634.685608,3351.67383,4.745651,636.643494,4.138425,2
m03479,2026-07-22T13:46:45.175778Z,37300,chase,Ambiguous,84,post_combat_direction_not_leash,combat,later_scfu_same_generation,97,96195,1,1044525,Anger Manifestation,SimpleChar:798915B3,1,6cedaf9c84fa8d4a,3353.83325,3.80389,635.118347,3351.21216,4.745926,636.671021,3.046458,2
m03480,2026-07-22T13:46:45.175778Z,37301,chase,Ambiguous,84,post_combat_direction_not_leash,combat,later_scfu_same_generation,95,17649,1,1044525,Engineer Automaton I,SimpleChar:798915BE,1,d6c8e5a7c7884988,3355.69482,3.446583,634.874146,3352.81616,4.746328,637.165344,3.679167,2
m03481,2026-07-22T13:46:46.045181Z,37341,chase,Ambiguous,84,post_combat_direction_not_leash,combat,later_scfu_same_generation,97,96195,1,1044525,Anger Manifestation,SimpleChar:798915B3,1,5a76303e2321f1a8,3351.98999,4.212875,636.212952,3349.33838,4.883456,640.650757,5.169637,2
m03483,2026-07-22T13:46:46.285325Z,37357,chase,Rejected,49,path_interrupted_by_stop_command,combat,later_scfu_same_generation,95,17649,1,1044525,Engineer Automaton I,SimpleChar:798915BE,1,b17dd6c6ca29da0c,3353.53638,3.870687,636.624634,3350.51807,5.593707,641.92572,6.10014,2
m03485,2026-07-22T13:46:47.965704Z,37406,chase,Rejected,49,path_interrupted_by_stop_command,combat,later_scfu_same_generation,95,17649,1,1044525,Engineer Automaton I,SimpleChar:798915BE,1,fa5c382e227356df,3351.01294,4.285161,641.056885,3351.50024,4.980131,650.4953,9.450986,2
m03486,2026-07-22T13:46:48.165298Z,37416,chase,Rejected,49,path_interrupted_by_stop_command,combat,later_scfu_same_generation,95,17649,1,1044525,Engineer Automaton I,SimpleChar:798915BE,1,95cffc5e414b69ca,3351.02563,4.26457,641.30603,3353.59961,4.741788,657.498657,16.395931,2
m03487,2026-07-22T13:46:48.385446Z,37429,chase,Rejected,49,path_interrupted_by_stop_command,combat,later_scfu_same_generation,95,96056,2,1044525,Bureaucrat Worker,SimpleChar:798915B6,1,c8b1a4e93ace8d99,3351.56543,4.056544,643.000122,3349.47803,4.832461,652.517639,9.743735,2
m03488,2026-07-22T13:46:48.655077Z,37438,chase,Rejected,49,path_interrupted_by_stop_command,combat,later_scfu_same_generation,95,96056,2,1044525,Bureaucrat Worker,SimpleChar:798915B6,1,389f6609d8a38c0e,3351.50708,4.045288,643.266907,3350.98096,4.741788,656.617493,13.360949,2
m03489,2026-07-22T13:46:48.655077Z,37439,chase,Rejected,49,path_interrupted_by_stop_command,combat,later_scfu_same_generation,95,17649,1,1044525,Engineer Automaton I,SimpleChar:798915BE,1,c4ba10b370c41b6f,3351.14502,4.176991,642.234985,3351.12354,4.741788,656.538696,14.303727,2
m03490,2026-07-22T13:46:49.385455Z,37465,chase,Rejected,49,path_interrupted_by_stop_command,combat,later_scfu_same_generation,95,96056,2,1044525,Bureaucrat Worker,SimpleChar:798915B6,1,4be02058bb3acb4d,3351.44189,3.997964,645.169434,3350.12329,4.741788,658.207092,13.104169,2
m03491,2026-07-22T13:46:49.385455Z,37466,chase,Rejected,49,path_interrupted_by_stop_command,combat,later_scfu_same_generation,97,96195,1,1044525,Anger Manifestation,SimpleChar:798915B3,1,aede33bed63c5656,3348.71118,4.407571,646.633606,3349.4541,4.826419,654.330627,7.732791,2
m03492,2026-07-22T13:46:49.424970Z,37471,chase,Rejected,49,path_interrupted_by_stop_command,combat,later_scfu_same_generation,97,96195,1,1044525,Anger Manifestation,SimpleChar:798915B3,1,d6cac5b1ec489fab,3348.79663,4.394753,647.519897,3349.85181,4.741788,657.465759,10.001679,2
m03493,2026-07-22T13:46:50.284409Z,37489,chase,Rejected,49,path_interrupted_by_stop_command,combat,later_scfu_same_generation,97,96195,1,1044525,Anger Manifestation,SimpleChar:798915B3,1,56909e4dadd3a122,3348.96606,4.414721,648.576843,3353.28467,4.741788,656.448303,8.978322,2
m03494,2026-07-22T13:46:57.304892Z,37706,chase,Rejected,49,path_interrupted_by_stop_command,combat,later_scfu_same_generation,97,96195,1,1044525,Anger Manifestation,SimpleChar:798915B3,1,c39fa485167ee17d,3352.84131,4.027078,655.717102,3350.39282,5.603038,657.298584,2.914822,2
m03495,2026-07-22T13:46:57.665051Z,37713,chase,Promotable,100,complete_decoded_path;exact_identity_metadata;captured_chase_observation;combat_influence_preserved_for_behavior,combat,later_scfu_same_generation,95,96056,2,1044525,Bureaucrat Worker,SimpleChar:798915B6,1,3592beb457cd4c64,3350.22339,4.715495,657.296875,3343.32007,4.30054,664.588196,10.040876,2
m03496,2026-07-22T13:46:57.665051Z,37716,chase,Rejected,49,path_interrupted_by_stop_command,combat,later_scfu_same_generation,97,96195,1,1044525,Anger Manifestation,SimpleChar:798915B3,1,c208284fa7bd93ba,3352.62939,4.074759,655.854004,3343.52979,4.30054,662.994446,11.566704,2
m03497,2026-07-22T13:46:57.665051Z,37717,chase,Promotable,100,complete_decoded_path;exact_identity_metadata;captured_chase_observation;combat_influence_preserved_for_behavior,combat,later_scfu_same_generation,95,17649,1,1044525,Engineer Automaton I,SimpleChar:798915BE,1,141ff2d8d8e40c96,3351.12866,4.384372,655.597717,3343.40942,4.30054,664.028564,11.430916,2
m03498,2026-07-22T13:47:00.145751Z,37850,chase,Rejected,49,path_interrupted_by_stop_command;post_combat_direction_not_leash,combat,later_scfu_same_generation,97,96195,1,1044525,Anger Manifestation,SimpleChar:798915B3,1,446db17711d9bf03,3346.81665,5.152755,660.45459,3345.18115,4.880746,662.14917,2.355093,2
m03504,2026-07-22T13:47:05.848453Z,38007,chase,Rejected,49,path_interrupted_by_stop_command,combat,later_scfu_same_generation,95,17649,1,1044525,Engineer Automaton I,SimpleChar:798915BE,1,aa43a0f4315535cb,3348.21704,5.367538,662.754272,3354.14136,4.218032,665.008423,6.338672,2
m03505,2026-07-22T13:47:07.206259Z,38069,chase,Rejected,49,path_interrupted_by_stop_command,combat,later_scfu_same_generation,95,96056,2,1044525,Bureaucrat Worker,SimpleChar:798915B6,1,3d6b672b3d3b3863,3352.65039,4.323379,664.380188,3359.47681,3.607476,665.63147,6.940152,2
m03507,2026-07-22T13:47:07.526444Z,38088,chase,Rejected,49,path_interrupted_by_stop_command,combat,later_scfu_same_generation,95,17649,1,1044525,Engineer Automaton I,SimpleChar:798915BE,1,cf4ab8a17d48f9cf,3353.29712,4.129361,664.687134,3359.69189,3.620843,666.247986,6.582503,2
m03508,2026-07-22T13:47:07.976177Z,38109,chase,Rejected,49,path_interrupted_by_stop_command,combat,later_scfu_same_generation,95,17649,1,1044525,Engineer Automaton I,SimpleChar:798915BE,1,e9a927909c50c1bc,3354.35254,3.812734,664.944641,3368.36938,2.907313,670.633606,15.12733,2
m03510,2026-07-22T13:47:08.907694Z,38237,chase,Rejected,49,path_interrupted_by_stop_command,combat,later_scfu_same_generation,95,96056,2,1044525,Bureaucrat Worker,SimpleChar:798915B6,1,d675761b36fd5c34,3358.53662,3.31,665.459167,3365.29321,3.185061,669.840271,8.052675,2
m03511,2026-07-22T13:47:09.187379Z,38250,chase,Rejected,49,explicit_setpos_teleport,combat;player,complete_capture_stable_identity,55,17687,5,1044525,Rollerrat,SimpleChar:7989160C,1,8452e68262e1e698,3380.39331,2.11,662.612061,3366.52661,3.185061,669.065796,15.294969,2
m03512,2026-07-22T13:47:09.427508Z,38255,chase,Rejected,49,path_interrupted_by_stop_command,combat,later_scfu_same_generation,95,96056,2,1044525,Bureaucrat Worker,SimpleChar:798915B6,1,34db0304d4160aff,3359.54443,3.189984,666.112366,3368.38306,2.907313,670.623291,9.923196,2
m03513,2026-07-22T13:47:09.427508Z,38256,chase,Rejected,49,path_interrupted_by_stop_command,combat,later_scfu_same_generation,97,96195,1,1044525,Anger Manifestation,SimpleChar:798915B3,1,085660656a37609f,3360.44165,3.248632,665.299927,3365.56177,3.185061,669.526672,6.639353,2
m03514,2026-07-22T13:47:09.917296Z,38267,chase,Rejected,49,path_interrupted_by_stop_command,combat,later_scfu_same_generation,97,96195,1,1044525,Anger Manifestation,SimpleChar:798915B3,1,969f6416599ae5f4,3360.70093,3.252033,665.513855,3367.92847,2.907313,673.615479,10.856963,2
m03518,2026-07-22T13:47:24.675562Z,38692,chase,Ambiguous,84,post_combat_direction_not_leash,combat,later_scfu_same_generation,97,96195,1,1044525,Anger Manifestation,SimpleChar:798915B3,1,880cffbd8ca7a8e5,3367.43628,2.498806,673.058289,3368.3938,2.906118,669.827393,3.369797,2
m03521,2026-07-22T13:47:25.278867Z,38715,chase,Promotable,100,complete_decoded_path;exact_identity_metadata;captured_chase_observation;combat_influence_preserved_for_behavior,combat,later_scfu_same_generation,95,17649,1,1044525,Engineer Automaton I,SimpleChar:798915BE,1,0e3f17314d2c4558,3367.54712,2.340045,670.302368,3370.1377,2.91,671.052185,2.696911,2
m03523,2026-07-22T13:47:25.557511Z,38731,chase,Promotable,100,complete_decoded_path;exact_identity_metadata;captured_chase_observation;combat_influence_preserved_for_behavior,combat,later_scfu_same_generation,95,17649,1,1044525,Engineer Automaton I,SimpleChar:798915BE,1,ef988c045771d9c9,3369.17969,2.409204,670.774963,3373.76733,2.643156,673.740051,5.462434,2
m03524,2026-07-22T13:47:25.996562Z,38732,chase,Promotable,100,complete_decoded_path;exact_identity_metadata;captured_chase_observation;combat_influence_preserved_for_behavior,combat,later_scfu_same_generation,95,96056,2,1044525,Bureaucrat Worker,SimpleChar:798915B6,1,7e0eca72a39af0e1,3370.14771,2.41,671.726135,3375.80884,2.61,674.971619,6.525455,2
m03526,2026-07-22T13:47:27.122720Z,38762,chase,Promotable,100,complete_decoded_path;exact_identity_metadata;captured_chase_observation;combat_influence_preserved_for_behavior,combat,later_scfu_same_generation,95,17649,1,1044525,Engineer Automaton I,SimpleChar:798915BE,1,04920c77a65a4914,3373.00537,2.245292,673.247314,3392.82666,2.61,678.717529,20.562266,2
m03527,2026-07-22T13:47:27.503950Z,38768,chase,Promotable,100,complete_decoded_path;exact_identity_metadata;captured_chase_observation;combat_influence_preserved_for_behavior,combat,later_scfu_same_generation,95,17649,1,1044525,Engineer Automaton I,SimpleChar:798915BE,1,e94eb8f26328665f,3374.021,2.14598,673.555847,3390.84961,2.61,679.357788,17.800692,2
m03528,2026-07-22T13:47:27.698082Z,38781,chase,Promotable,100,complete_decoded_path;exact_identity_metadata;captured_chase_observation;combat_influence_preserved_for_behavior,combat,later_scfu_same_generation,95,96056,2,1044525,Bureaucrat Worker,SimpleChar:798915B6,1,146d42dced4ef771,3374.95508,2.11,674.481995,3391.2251,2.61,681.886475,17.875678,2
m03529,2026-07-22T13:47:27.698082Z,38782,chase,Promotable,100,complete_decoded_path;exact_identity_metadata;captured_chase_observation;combat_influence_preserved_for_behavior;player_influence_preserved_for_behavior,combat;player,complete_capture_stable_identity,55,17687,6,1044525,Rollerrat,SimpleChar:79891606,2,609a21032b67986a,3392.29102,2.11,680.436035,3376.55225,2.61,673.123535,17.354583,2
m03530,2026-07-22T13:47:28.118433Z,38792,chase,Promotable,100,complete_decoded_path;exact_identity_metadata;captured_chase_observation;combat_influence_preserved_for_behavior,combat,later_scfu_same_generation,95,96056,2,1044525,Bureaucrat Worker,SimpleChar:798915B6,1,18823022f9df8e97,3375.77026,2.11,674.831116,3390.32813,2.61,678.695068,15.061929,2
m03536,2026-07-22T13:47:38.268392Z,39111,chase,Ambiguous,84,post_combat_direction_not_leash,combat,later_scfu_same_generation,95,96056,2,1044525,Bureaucrat Worker,SimpleChar:798915B6,1,f5baffd1d9bcb418,3387.27881,2.11,677.906433,3386.63428,2.61,680.258667,2.438939,2
m03548,2026-07-22T13:47:42.604766Z,39295,chase,Rejected,49,explicit_setpos_teleport,combat;player,complete_capture_stable_identity,55,17687,6,1044525,Rollerrat,SimpleChar:798915FF,2,18311157b6e9cc52,3422.70825,2.11,690.660583,3407.80103,2.867918,687.715088,15.195432,2
m03559,2026-07-22T13:47:54.542173Z,39644,chase,Rejected,49,path_interrupted_by_stop_command,combat,later_scfu_same_generation,95,96056,2,1044525,Bureaucrat Worker,SimpleChar:798915B6,1,fafb7b435834703c,3415.0813,2.11,689.765869,3418.72119,3.632196,686.379028,4.97187,2
m03560,2026-07-22T13:47:55.501674Z,39678,chase,Rejected,49,path_interrupted_by_stop_command,combat,later_scfu_same_generation,95,17649,1,1044525,Engineer Automaton I,SimpleChar:798915BE,1,25a12dfb3b99dc7f,3417.37915,2.11,685.320801,3421.42432,2.926438,682.141541,5.145007,2
m03561,2026-07-22T13:47:55.832367Z,39686,chase,Rejected,49,path_interrupted_by_stop_command,combat,later_scfu_same_generation,95,96056,2,1044525,Bureaucrat Worker,SimpleChar:798915B6,1,8c0786033586bbfe,3418.00708,2.11,687.043518,3422.69312,2.61,681.663818,7.134434,2
m03562,2026-07-22T13:47:56.032469Z,39710,chase,Rejected,49,path_interrupted_by_stop_command,combat,later_scfu_same_generation,95,96056,2,1044525,Bureaucrat Worker,SimpleChar:798915B6,1,07e628196d529c12,3418.17285,2.11,686.853088,3430.00244,2.61,664.294983,25.471696,2
m03564,2026-07-22T13:47:56.811853Z,39725,chase,Rejected,49,path_interrupted_by_stop_command,combat,later_scfu_same_generation,95,17649,1,1044525,Engineer Automaton I,SimpleChar:798915BE,1,49cfbb2e8a616535,3420.7334,2.11,682.684692,3424.56982,3.542446,676.087402,7.631668,2
m03565,2026-07-22T13:47:57.421703Z,39733,chase,Rejected,49,explicit_setpos_teleport,combat;player,complete_capture_stable_identity,55,17687,6,1044525,Rollerrat,SimpleChar:7988CFD3,2,ebe96c4e5fad85da,3431.71973,2.11,664.833984,3427.41479,3.683477,672.69397,8.96169,2
m03566,2026-07-22T13:47:57.421703Z,39736,chase,Rejected,49,path_interrupted_by_stop_command,combat,later_scfu_same_generation,95,17649,1,1044525,Engineer Automaton I,SimpleChar:798915BE,1,a82f5a91ae786fd5,3420.86035,2.11,682.466675,3433.02539,2.61,666.072998,20.414231,2
m03586,2026-07-22T13:48:17.141067Z,40351,chase,Rejected,49,explicit_setpos_teleport,combat;player,complete_capture_stable_identity,55,17687,6,1044525,Rollerrat,SimpleChar:79891150,2,decde3c0a6851b3f,3467.38574,2.11,698.769348,3465.31763,2.61,695.743347,3.66521,2
m03587,2026-07-22T13:48:17.580807Z,40358,chase,Rejected,49,path_interrupted_by_stop_command,combat,later_scfu_same_generation,95,96056,2,1044525,Bureaucrat Worker,SimpleChar:798915B6,1,d9673f427325bfb9,3459.25513,2.11,691.751465,3465.16699,2.61,695.60022,7.05429,2
m03588,2026-07-22T13:48:17.580807Z,40359,chase,Promotable,100,complete_decoded_path;exact_identity_metadata;captured_chase_observation;combat_influence_preserved_for_behavior,combat,later_scfu_same_generation,95,17649,1,1044525,Engineer Automaton I,SimpleChar:798915BE,1,2208189bb07e54eb,3460.05762,2.11,692.207581,3465.21533,2.61,695.642578,6.196868,2
m03589,2026-07-22T13:48:17.991019Z,40364,chase,Rejected,49,path_interrupted_by_stop_command,combat,later_scfu_same_generation,95,96056,2,1044525,Bureaucrat Worker,SimpleChar:798915B6,1,3f0c33f6c3db3b71,3459.53442,2.11,691.933228,3464.08838,2.61,695.68219,5.898582,2
m03590,2026-07-22T13:48:18.350747Z,40374,chase,Promotable,100,complete_decoded_path;exact_identity_metadata;captured_chase_observation;combat_influence_preserved_for_behavior,combat,later_scfu_same_generation,97,96195,1,1044525,Anger Manifestation,SimpleChar:798915B3,1,7cb3837e16bd0464,3460.64795,2.11,696.195435,3463.50464,2.61,697.122986,3.003503,2
m03592,2026-07-22T13:48:30.144847Z,40559,chase,Rejected,49,path_interrupted_by_stop_command,combat,later_scfu_same_generation,95,96056,2,1044525,Bureaucrat Worker,SimpleChar:798915B6,1,8b012f04a0cfbff3,3463.35205,2.11,695.067444,3469.38281,2.61,694.355774,6.072606,2
m03594,2026-07-22T13:48:30.665632Z,40574,chase,Rejected,49,path_interrupted_by_stop_command,combat,later_scfu_same_generation,97,96195,1,1044525,Anger Manifestation,SimpleChar:798915B3,1,02f72c7313c368e0,3464.95435,2.11,697.998962,3469.95947,2.61,694.445435,6.138304,2
m03595,2026-07-22T13:48:31.596647Z,40609,chase,Rejected,49,path_interrupted_by_stop_command,combat,later_scfu_same_generation,95,17649,1,1044525,Engineer Automaton I,SimpleChar:798915BE,1,96e655673872ea0c,3468.36768,2.11,697.128113,3473.43384,2.61,696.167175,5.156489,2
m03596,2026-07-22T13:48:31.885812Z,40615,chase,Rejected,49,path_interrupted_by_stop_command,combat,later_scfu_same_generation,95,96056,2,1044525,Bureaucrat Worker,SimpleChar:798915B6,1,f5efd5615fda0aab,3468.58618,2.11,694.449768,3475.09326,2.61,694.645508,6.510023,2
m03597,2026-07-22T13:48:32.125934Z,40620,chase,Rejected,49,path_interrupted_by_stop_command,combat,later_scfu_same_generation,95,96056,2,1044525,Bureaucrat Worker,SimpleChar:798915B6,1,a49102ae54d67a2f,3468.92188,2.11,694.4599,3493.9729,2.61,694.611145,25.051477,2
m03598,2026-07-22T13:48:32.125934Z,40621,chase,Rejected,49,path_interrupted_by_stop_command,combat,later_scfu_same_generation,97,96195,1,1044525,Anger Manifestation,SimpleChar:798915B3,1,f60133f1ce910462,3469.28394,2.11,694.924988,3478.23511,2.61,697.513367,9.317894,2
m03599,2026-07-22T13:48:32.419116Z,40627,chase,Rejected,49,path_interrupted_by_stop_command,combat,later_scfu_same_generation,95,96056,2,1044525,Bureaucrat Worker,SimpleChar:798915B6,1,1fc257d274240e67,3469.81567,2.11,694.447815,3492.77637,2.61,693.798584,22.969877,2
m03600,2026-07-22T13:48:32.419116Z,40630,chase,Rejected,49,path_interrupted_by_stop_command,combat,later_scfu_same_generation,97,96195,1,1044525,Anger Manifestation,SimpleChar:798915B3,1,0088aa14b0e8a878,3469.5271,2.11,694.9953,3492.65015,2.61,691.415039,23.398584,2
m03601,2026-07-22T13:48:32.778329Z,40662,chase,Rejected,49,path_interrupted_by_stop_command,combat,later_scfu_same_generation,95,17649,1,1044525,Engineer Automaton I,SimpleChar:798915BE,1,c4cc1c82d1e32d7f,3472.64429,2.11,696.317017,3481.91235,2.61,696.940308,9.288995,2
m03602,2026-07-22T13:48:33.109506Z,40673,chase,Rejected,49,path_interrupted_by_stop_command,combat,later_scfu_same_generation,95,17649,1,1044525,Engineer Automaton I,SimpleChar:798915BE,1,dbeb246d23e9c8ff,3472.98682,2.11,696.340027,3492.66479,2.61,693.592346,19.868877,2
m03603,2026-07-22T13:48:34.359199Z,40698,chase,Promotable,100,complete_decoded_path;exact_identity_metadata;captured_chase_observation;combat_influence_preserved_for_behavior;player_influence_preserved_for_behavior,combat;player,complete_capture_stable_identity,55,17687,6,1044525,Rollerrat,SimpleChar:798912B7,2,3b55b26e532f9d72,3494.30054,2.11,692.841187,3478.08838,2.61,695.559387,16.438453,2
m03606,2026-07-22T13:48:50.015335Z,41015,chase,Ambiguous,84,post_combat_direction_not_leash,combat,later_scfu_same_generation,95,17649,1,1044525,Engineer Automaton I,SimpleChar:798915BE,1,1b90e7dcd0636a1a,3488.11523,2.11,692.949585,3491.05957,2.61,690.044189,4.13648,2
m03610,2026-07-22T13:48:51.148445Z,41067,chase,Rejected,49,explicit_setpos_teleport,combat;player,complete_capture_stable_identity,55,17687,5,1044525,Rollerrat,SimpleChar:798912B5,2,1df5e2a440e22915,3514.30444,2.11,691.487427,3499.89136,2.61,692.306274,14.436322,2
m03612,2026-07-22T13:48:51.508144Z,41076,chase,Rejected,49,path_interrupted_by_stop_command,combat,later_scfu_same_generation,97,96195,1,1044525,Anger Manifestation,SimpleChar:798915B3,1,0070da9fab4c0868,3493.72534,2.11,692.203979,3498.82471,2.61,692.77771,5.131544,2
m03614,2026-07-22T13:48:52.728340Z,41116,chase,Rejected,49,path_interrupted_by_stop_command,combat,later_scfu_same_generation,97,96195,1,1044525,Anger Manifestation,SimpleChar:798915B3,1,93856c7a8c177435,3498.03296,2.11,692.688538,3502.82349,2.61,691.522705,4.930349,2
m03615,2026-07-22T13:48:53.138568Z,41121,chase,Rejected,49,path_interrupted_by_stop_command,combat,later_scfu_same_generation,97,96195,1,1044525,Anger Manifestation,SimpleChar:798915B3,1,a8f410aef2ec7f4f,3498.35571,2.11,692.610046,3505.72852,2.61,689.799561,7.89032,2
m03619,2026-07-22T13:49:00.418367Z,41258,chase,Ambiguous,84,post_combat_direction_not_leash,combat,later_scfu_same_generation,95,96056,2,1044525,Bureaucrat Worker,SimpleChar:798915B6,1,35d8b3de6a983335,3503.37158,2.11,693.673889,3505.76074,2.61,691.278442,3.383231,2
m03620,2026-07-22T13:49:00.418367Z,41259,chase,Ambiguous,84,post_combat_direction_not_leash,combat,later_scfu_same_generation,95,17649,1,1044525,Engineer Automaton I,SimpleChar:798915BE,1,6e488457d649454d,3503.33374,2.11,693.436279,3506.21118,2.61,690.373962,4.202076,2
m03625,2026-07-22T13:49:02.608414Z,41356,chase,Ambiguous,84,post_combat_direction_not_leash,combat,later_scfu_same_generation,95,96056,2,1044525,Bureaucrat Worker,SimpleChar:798915B6,1,6ee2379895f6ddd7,3510.21289,2.11,692.142212,3516.74268,3.28484,686.594055,8.568559,2
m03626,2026-07-22T13:49:02.858493Z,41357,chase,Promotable,100,complete_decoded_path;exact_identity_metadata;captured_chase_observation;combat_influence_preserved_for_behavior,combat,later_scfu_same_generation,95,17649,1,1044525,Engineer Automaton I,SimpleChar:798915BE,1,f7e9c3c6e8511762,3510.3252,2.11,689.348083,3517.06543,2.61,687.235413,7.063574,2
m03627,2026-07-22T13:49:03.826171Z,41387,chase,Rejected,49,explicit_setpos_teleport,combat;player,complete_capture_stable_identity,55,17687,6,1044525,Rollerrat,SimpleChar:798912B8,1,adc5051b328e805e,3533.53955,3.140445,673.285583,3524.01147,2.61,683.089539,13.671206,2
m03630,2026-07-22T13:49:04.556272Z,41416,chase,Promotable,100,complete_decoded_path;exact_identity_metadata;captured_chase_observation;combat_influence_preserved_for_behavior,combat,later_scfu_same_generation,95,17649,1,1044525,Engineer Automaton I,SimpleChar:798915BE,1,8ff480990bd7e104,3516.27002,2.11,687.484741,3530.23438,3.013459,674.119141,19.329837,2
m03631,2026-07-22T13:49:06.326145Z,41492,chase,Ambiguous,84,post_combat_direction_not_leash,combat,later_scfu_same_generation,97,96195,1,1044525,Anger Manifestation,SimpleChar:798915B3,1,655173b4d9abf623,3523.61206,2.11,685.715698,3525.54907,2.61,680.163513,5.880371,2
m03632,2026-07-22T13:49:06.847927Z,41524,chase,Rejected,49,path_interrupted_by_stop_command;post_combat_direction_not_leash,combat,later_scfu_same_generation,95,96056,2,1044525,Bureaucrat Worker,SimpleChar:798915B6,1,b141e6f65af524ee,3524.29688,2.11,683.599304,3526.11548,2.61,679.575684,4.415521,2
m03633,2026-07-22T13:49:07.826391Z,41666,chase,Rejected,49,path_interrupted_by_stop_command;post_combat_direction_not_leash,combat,later_scfu_same_generation,95,96056,2,1044525,Bureaucrat Worker,SimpleChar:798915B6,1,43a37c5d2795be80,3524.39722,2.11,683.377808,3526.15186,2.61,682.310669,2.053667,2
m03635,2026-07-22T13:49:16.715284Z,41796,chase,Ambiguous,84,post_combat_direction_not_leash,combat,later_scfu_same_generation,97,96195,1,1044525,Anger Manifestation,SimpleChar:798915B3,1,d98262126606c8b7,3525.22729,2.11,681.086304,3528.73901,2.61,679.158691,4.005979,2
m03647,2026-07-22T13:49:21.917965Z,41973,chase,Rejected,49,explicit_setpos_teleport,combat;player,complete_capture_stable_identity,55,17687,6,1044525,Rollerrat,SimpleChar:7988CFE0,1,1f5402d6d20de2a0,3568.81689,2.11,696.734741,3554.3728,2.61,692.480286,15.057627,2
m03650,2026-07-22T13:49:23.567841Z,42016,chase,Promotable,100,complete_decoded_path;exact_identity_metadata;captured_chase_observation;combat_influence_preserved_for_behavior,combat,later_scfu_same_generation,95,96056,2,1044525,Bureaucrat Worker,SimpleChar:798915B6,1,b651f278711ff0bf,3548.85718,2.11,690.242554,3557.11768,2.61,692.089905,8.464548,2
m03651,2026-07-22T13:49:24.687483Z,42063,chase,Promotable,100,complete_decoded_path;exact_identity_metadata;captured_chase_observation;combat_influence_preserved_for_behavior,combat,later_scfu_same_generation,95,17649,1,1044525,Engineer Automaton I,SimpleChar:798915BE,1,9cb9beacd802259c,3553.54614,2.11,692.704163,3557.90283,2.61,694.848022,4.855603,2
m03653,2026-07-22T13:49:33.608111Z,42249,chase,Ambiguous,84,post_combat_direction_not_leash,combat,later_scfu_same_generation,95,17649,1,1044525,Engineer Automaton I,SimpleChar:798915BE,1,0849ee6c8c349a07,3557.19409,2.11,694.499268,3559.05762,2.61,693.372437,2.177726,2
m03655,2026-07-22T13:49:34.187907Z,42295,chase,Ambiguous,84,post_combat_direction_not_leash,combat,later_scfu_same_generation,95,17649,1,1044525,Engineer Automaton I,SimpleChar:798915BE,1,e79a99094876bb23,3558.24341,2.11,693.86499,3562.21924,3.589625,689.63916,5.802143,2
m03656,2026-07-22T13:49:34.387515Z,42296,chase,Ambiguous,84,post_combat_direction_not_leash,combat,later_scfu_same_generation,97,96195,1,1044525,Anger Manifestation,SimpleChar:798915B3,1,30b606929a03417e,3558.4729,2.11,693.120911,3559.3125,2.677941,687.868835,5.318762,2
m03657,2026-07-22T13:49:34.787720Z,42306,chase,Ambiguous,84,post_combat_direction_not_leash,combat,later_scfu_same_generation,95,96056,2,1044525,Bureaucrat Worker,SimpleChar:798915B6,1,90deca05f5f510b2,3559.39087,2.11,692.195923,3562.21265,3.665305,686.09491,6.721964,2
m03658,2026-07-22T13:49:35.627790Z,42332,chase,Ambiguous,84,post_combat_direction_not_leash,combat,later_scfu_same_generation,97,96195,1,1044525,Anger Manifestation,SimpleChar:798915B3,1,709f7f859e31909a,3559.17554,2.11,688.723633,3560.6709,3.041548,682.606262,6.297486,2
m03659,2026-07-22T13:49:35.628291Z,42333,chase,Ambiguous,84,post_combat_direction_not_leash,combat,later_scfu_same_generation,95,17649,1,1044525,Engineer Automaton I,SimpleChar:798915BE,1,21e6e15d68fad898,3561.60669,2.11,690.290405,3561.19189,3.062072,682.649658,7.651998,2
m03660,2026-07-22T13:49:36.757501Z,42369,chase,Ambiguous,84,post_combat_direction_not_leash,combat,later_scfu_same_generation,95,96056,2,1044525,Bureaucrat Worker,SimpleChar:798915B6,1,5b8e31a12919c4c8,3561.77905,2.26618,686.987061,3562.08301,2.870736,678.909119,8.083659,2
m03661,2026-07-22T13:49:37.237829Z,42377,chase,Ambiguous,84,post_combat_direction_not_leash,combat,later_scfu_same_generation,97,96195,1,1044525,Anger Manifestation,SimpleChar:798915B3,1,8f4601d214326cfa,3560.43604,2.181411,683.565002,3561.27148,2.61,674.547363,9.056256,2
m03662,2026-07-22T13:49:37.438933Z,42386,chase,Ambiguous,84,post_combat_direction_not_leash,combat,later_scfu_same_generation,95,17649,1,1044525,Engineer Automaton I,SimpleChar:798915BE,1,26c64e144ef2eed4,3561.23584,2.301382,683.455688,3563.13232,3.553461,672.845093,10.778746,2
m03663,2026-07-22T13:49:37.748604Z,42397,chase,Rejected,49,explicit_setpos_teleport,combat;player,complete_capture_stable_identity,55,17687,6,1044525,Rollerrat,SimpleChar:7988CD22,1,10b2f4256b40ec8b,3561.79248,2.181082,654.679321,3561.76733,3.301445,669.079529,14.40023,2
m03664,2026-07-22T13:49:38.039751Z,42438,chase,Ambiguous,84,post_combat_direction_not_leash,combat,later_scfu_same_generation,95,96056,2,1044525,Bureaucrat Worker,SimpleChar:798915B6,1,99037277e04c08f4,3562.04663,2.11,679.869812,3560.73853,2.61,670.080444,9.876378,2
m03665,2026-07-22T13:49:39.339593Z,42480,chase,Ambiguous,84,post_combat_direction_not_leash,combat,later_scfu_same_generation,97,96195,1,1044525,Anger Manifestation,SimpleChar:798915B3,1,7c601a4843a1ff00,3561.1936,2.11,675.388916,3561.21729,2.61,668.09668,7.292274,2
m03666,2026-07-22T13:49:40.398123Z,42497,chase,Ambiguous,84,post_combat_direction_not_leash,combat,later_scfu_same_generation,95,96056,2,1044525,Bureaucrat Worker,SimpleChar:798915B6,1,9978a2c14d964ab6,3560.89111,2.11,671.046082,3561.0293,2.61,667.985657,3.063543,2
m03667,2026-07-22T13:49:40.398123Z,42498,chase,Ambiguous,84,post_combat_direction_not_leash,combat,later_scfu_same_generation,95,17649,1,1044525,Engineer Automaton I,SimpleChar:798915BE,1,532a62fc22dfdabc,3562.9812,2.11,673.689514,3560.27979,2.61,666.883911,7.322148,2
m03668,2026-07-22T13:49:41.278761Z,42570,chase,Ambiguous,84,post_combat_direction_not_leash,combat,later_scfu_same_generation,95,96056,2,1044525,Bureaucrat Worker,SimpleChar:798915B6,1,a4c6a1dd498f8176,3560.99072,2.11,668.837585,3560.28003,2.61,664.136841,4.754164,2
m03669,2026-07-22T13:49:41.278761Z,42571,chase,Ambiguous,84,post_combat_direction_not_leash,combat,later_scfu_same_generation,97,96195,1,1044525,Anger Manifestation,SimpleChar:798915B3,1,a20b58998346c1a5,3561.21436,2.11,669.009216,3560.49194,2.61,665.397522,3.683236,2
m03670,2026-07-22T13:49:41.806589Z,42633,chase,Ambiguous,84,post_combat_direction_not_leash,combat,later_scfu_same_generation,95,17649,1,1044525,Engineer Automaton I,SimpleChar:798915BE,1,5fe59b86c7ad2a99,3560.58643,2.11,667.655396,3561.81812,2.756036,664.838989,3.073957,2
m03671,2026-07-22T13:49:42.604539Z,42687,chase,Ambiguous,84,post_combat_direction_not_leash,combat,later_scfu_same_generation,97,96195,1,1044525,Anger Manifestation,SimpleChar:798915B3,1,c7cf87644b210e6a,3560.67041,2.11,666.290527,3561.10522,2.805676,664.246643,2.089622,2
m03688,2026-07-22T13:49:54.852669Z,42916,chase,Rejected,49,explicit_setpos_teleport,combat;player,complete_capture_stable_identity,55,17687,5,1044525,Rollerrat,SimpleChar:7988CFE2,1,25c648c978c9774e,3596.65308,2.11,704.185425,3586.06323,3.034416,697.019714,12.786412,2
m03693,2026-07-22T13:50:37.946523Z,43405,chase,Rejected,49,explicit_setpos_teleport,combat;player,later_scfu_same_generation,55,17687,5,1044525,Rollerrat,SimpleChar:7989165F,1,8fa8d4673adb91c6,3595.73804,2.11,704.280945,3590.63916,2.61,696.815918,9.040199,2
m03697,2026-07-22T13:52:30.516290Z,44094,chase,Rejected,49,explicit_setpos_teleport,combat;player,later_scfu_same_generation,55,17687,5,1044525,Rollerrat,SimpleChar:79891657,1,4aef89508193b87a,3568.82666,2.11,696.78363,3587.57202,2.61,698.495728,18.823384,2
m07218,2026-07-22T13:58:44.276577Z,52370,chase,Rejected,49,explicit_setpos_teleport,combat;player,complete_capture_stable_identity,1019,297023,2,1044525,Cleanmeister Intelligence Robot,SimpleChar:798915E0,2,2e61825a7c2a1d88,3544.40356,5.110001,865.764954,3547.66992,5.814172,867.282593,3.601713,2
m07222,2026-07-22T13:58:45.721158Z,52399,chase,Promotable,100,complete_decoded_path;exact_identity_metadata;captured_chase_observation;combat_influence_preserved_for_behavior;player_influence_preserved_for_behavior,combat;player,complete_capture_stable_identity,1019,297023,2,1044525,Cleanmeister Intelligence Robot,SimpleChar:798915E0,2,488db502966fd1cb,3546.80444,5.314082,866.880798,3550.75415,5.610001,864.080566,4.841643,2
m07223,2026-07-22T13:58:45.721158Z,52400,chase,Rejected,49,path_interrupted_by_stop_command,combat,later_scfu_same_generation,97,96195,1,1044525,Anger Manifestation,SimpleChar:798915B3,2,5327b1f87010c0a2,3554.37573,5.110001,865.453735,3543.39893,5.814681,866.406189,11.018045,2
m07226,2026-07-22T13:58:46.659534Z,52420,chase,Promotable,100,complete_decoded_path;exact_identity_metadata;captured_chase_observation;combat_influence_preserved_for_behavior;player_influence_preserved_for_behavior,combat;player,complete_capture_stable_identity,1019,297023,2,1044525,Cleanmeister Intelligence Robot,SimpleChar:798915E0,2,bb95942edf7bb06e,3550.05835,5.110001,864.573608,3556.46875,5.610001,867.455688,7.028486,2
m07229,2026-07-22T13:58:48.550988Z,52514,chase,Rejected,49,path_interrupted_by_stop_command,combat,later_scfu_same_generation,97,96195,1,1044525,Anger Manifestation,SimpleChar:798915B3,2,83a25fcc5e072611,3551.00513,5.110001,865.67334,3554.36426,5.610001,865.863708,3.36452,2
m07230,2026-07-22T13:58:48.550988Z,52517,chase,Rejected,49,path_interrupted_by_stop_command,combat,preceding_scfu_same_generation,95,96056,2,1044525,Bureaucrat Worker,SimpleChar:798915B6,1,5c4324a70648a79a,3544.88184,5.110001,865.362915,3554.7876,5.610001,868.56488,10.410411,2
m07231,2026-07-22T13:58:48.550988Z,52518,chase,Promotable,100,complete_decoded_path;exact_identity_metadata;captured_chase_observation;combat_influence_preserved_for_behavior,combat,preceding_scfu_same_generation,95,17649,1,1044525,Engineer Automaton I,SimpleChar:798915BE,1,111a949c40ae1b80,3544.28394,5.1,865.298157,3554.25928,5.10849,866.969238,10.114342,2
m07235,2026-07-22T13:58:48.841088Z,52527,chase,Promotable,100,complete_decoded_path;exact_identity_metadata;captured_chase_observation;combat_influence_preserved_for_behavior,combat,preceding_scfu_same_generation,95,17649,1,1044525,Engineer Automaton I,SimpleChar:798915BE,1,581156dc09e33328,3545.36938,5.110001,865.480774,3554.85938,5.610001,865.911255,9.499759,2
m07239,2026-07-22T13:58:50.507990Z,52592,chase,Rejected,49,path_interrupted_by_stop_command,combat,preceding_scfu_same_generation,95,96056,2,1044525,Bureaucrat Worker,SimpleChar:798915B6,1,1ef62a9305adf4ce,3553.9082,5.110001,868.277283,3551.43359,5.610001,864.200378,4.769156,2
m07269,2026-07-22T13:59:05.376526Z,53031,chase,Ambiguous,84,post_combat_direction_not_leash,combat,preceding_scfu_same_generation,95,96056,2,1044525,Bureaucrat Worker,SimpleChar:798915B6,1,c679513f3b6508d2,3550.97754,5.110001,864.686401,3548.90674,5.869792,863.533447,2.37013,2
m07270,2026-07-22T13:59:05.545606Z,53039,chase,Ambiguous,84,post_combat_direction_not_leash,combat,preceding_scfu_same_generation,95,17649,1,1044525,Engineer Automaton I,SimpleChar:798915BE,1,b9368d44b5fb23da,3549.06177,5.110001,864.975037,3546.63501,5.610001,863.623962,2.777511,2
m07272,2026-07-22T13:59:05.956277Z,53062,chase,Ambiguous,84,post_combat_direction_not_leash,combat,preceding_scfu_same_generation,95,96056,2,1044525,Bureaucrat Worker,SimpleChar:798915B6,1,683db2554245d106,3549.66919,5.110001,863.958008,3546.81836,6.468017,862.63562,3.142601,2
m07275,2026-07-22T13:59:07.471503Z,53126,chase,Ambiguous,84,post_combat_direction_not_leash,combat,later_scfu_same_generation,97,96195,1,1044525,Anger Manifestation,SimpleChar:798915B3,2,b11a905214dc94d0,3545.92749,5.110001,862.776489,3551.92407,5.871938,862.731323,5.99675,2
m07296,2026-07-22T13:59:13.933957Z,53518,chase,Ambiguous,84,post_combat_direction_not_leash,combat,preceding_scfu_same_generation,95,17649,1,1044525,Engineer Automaton I,SimpleChar:798915BE,1,6cc9ce84b5c4ba2f,3566.58936,5.110001,851.304932,3549.13501,5.610001,849.217896,17.578682,2
m07297,2026-07-22T13:59:14.135594Z,53523,chase,Ambiguous,84,post_combat_direction_not_leash,combat,preceding_scfu_same_generation,95,96056,2,1044525,Bureaucrat Worker,SimpleChar:798915B6,1,ab52fae895011235,3567.09814,5.110001,850.567322,3550.07153,5.610001,847.462158,17.30744,2
m07301,2026-07-22T13:59:15.929832Z,53538,chase,Ambiguous,84,post_combat_direction_not_leash,combat,preceding_scfu_same_generation,95,96056,2,1044525,Bureaucrat Worker,SimpleChar:798915B6,1,7554ebaada953b17,3560.44336,5.110001,848.205933,3540.22168,5.610001,845.923767,20.350052,2
m07302,2026-07-22T13:59:15.929832Z,53539,chase,Ambiguous,84,post_combat_direction_not_leash,combat,preceding_scfu_same_generation,95,17649,1,1044525,Engineer Automaton I,SimpleChar:798915BE,1,e6f8cfbf02cfdc27,3559.29419,5.110001,849.285522,3540.66431,5.610001,846.418823,18.849148,2
m07307,2026-07-22T13:59:17.645201Z,53552,chase,Ambiguous,84,post_combat_direction_not_leash,combat,preceding_scfu_same_generation,95,96056,2,1044525,Bureaucrat Worker,SimpleChar:798915B6,1,8a63a5b1a8b535ca,3551.65015,5.110001,847.244324,3530.9519,5.610001,845.424561,20.778092,2
m07308,2026-07-22T13:59:17.645702Z,53553,chase,Ambiguous,84,post_combat_direction_not_leash,combat,preceding_scfu_same_generation,95,17649,1,1044525,Engineer Automaton I,SimpleChar:798915BE,1,bf9ebe216cfd266c,3550.62207,5.110001,848.049805,3530.52417,5.610001,848.871582,20.114694,2
m07313,2026-07-22T13:59:19.659992Z,53581,chase,Ambiguous,84,post_combat_direction_not_leash,combat,preceding_scfu_same_generation,95,96056,2,1044525,Bureaucrat Worker,SimpleChar:798915B6,1,fb4ac05afe3b2be8,3541.8252,5.110001,846.362915,3521.22192,5.610001,848.69928,20.735326,2
m07314,2026-07-22T13:59:19.827081Z,53667,chase,Ambiguous,84,post_combat_direction_not_leash,combat,preceding_scfu_same_generation,95,17649,1,1044525,Engineer Automaton I,SimpleChar:798915BE,1,611c679591661f73,3539.77515,5.110001,848.379761,3520.66016,5.610001,848.352417,19.11501,2
m07320,2026-07-22T13:59:21.509189Z,53685,chase,Ambiguous,84,post_combat_direction_not_leash,combat,preceding_scfu_same_generation,95,96056,2,1044525,Bureaucrat Worker,SimpleChar:798915B6,1,41ac3fa10876d707,3531.82178,5.110001,847.372192,3511.54565,5.610001,848.516846,20.308414,2
m07321,2026-07-22T13:59:21.710269Z,53686,chase,Ambiguous,84,post_combat_direction_not_leash,combat,preceding_scfu_same_generation,95,17649,1,1044525,Engineer Automaton I,SimpleChar:798915BE,1,f41f0ae997774d20,3529.78833,5.110001,848.397461,3510.01318,5.610001,848.499939,19.775416,2
m07484,2026-07-22T14:00:00.169498Z,54541,chase,Rejected,49,explicit_setpos_teleport,combat;player,complete_capture_stable_identity,55,17687,6,1044525,Rollerrat,SimpleChar:7989164E,1,8472bf9fe2e93504,3513.42725,2.11,692.156433,3525.03418,2.61,703.061218,15.925927,2
m07498,2026-07-22T14:00:14.200108Z,54812,chase,Rejected,49,path_interrupted_by_stop_command,combat,preceding_scfu_same_generation,95,96056,2,1044525,Bureaucrat Worker,SimpleChar:798915B6,1,442f9c6481cd6da3,3517.07642,2.11,696.827759,3509.53076,2.61,697.631165,7.58831,2
m07499,2026-07-22T14:00:14.800403Z,54822,chase,Rejected,49,explicit_setpos_teleport,combat;player,complete_capture_stable_identity,55,17687,6,1044525,Rollerrat,SimpleChar:79891665,1,fd6304d6b3fc823b,3494.05933,2.11,692.465576,3506.69922,2.61,694.096619,12.74469,2
m07502,2026-07-22T14:00:16.001667Z,54865,chase,Rejected,49,path_interrupted_by_stop_command,combat,preceding_scfu_same_generation,95,96056,2,1044525,Bureaucrat Worker,SimpleChar:798915B6,1,2fd69eecabd2b85d,3510.36621,2.11,697.542297,3501.82007,2.61,695.592773,8.76568,2
m07503,2026-07-22T14:00:16.170231Z,54918,chase,Rejected,49,path_interrupted_by_stop_command,combat,preceding_scfu_same_generation,95,96056,2,1044525,Bureaucrat Worker,SimpleChar:798915B6,1,e54e5f399d17665a,3510.11743,2.11,697.485535,3501.96631,2.61,692.771973,9.41586,2
m07505,2026-07-22T14:00:16.972918Z,55062,chase,Rejected,49,path_interrupted_by_stop_command,combat,preceding_scfu_same_generation,95,96056,2,1044525,Bureaucrat Worker,SimpleChar:798915B6,1,9ac4c8e5318cc79c,3508.21436,2.11,696.409119,3502.84521,2.61,694.900452,5.577082,2
m07507,2026-07-22T14:00:23.211002Z,55164,chase,Ambiguous,84,post_combat_direction_not_leash,combat,preceding_scfu_same_generation,95,96056,2,1044525,Bureaucrat Worker,SimpleChar:798915B6,1,d744ceaad75a19c7,3503.67651,2.11,695.054077,3501.85303,2.61,693.102478,2.670921,2
m07510,2026-07-22T14:00:23.857802Z,55231,chase,Ambiguous,84,post_combat_direction_not_leash,combat,preceding_scfu_same_generation,95,96056,2,1044525,Bureaucrat Worker,SimpleChar:798915B6,1,10c73c6c3bf55d86,3502.479,2.11,693.772217,3498.04712,2.61,693.55603,4.43715,2
m07513,2026-07-22T14:00:25.047872Z,55274,chase,Ambiguous,84,post_combat_direction_not_leash,combat,preceding_scfu_same_generation,95,96056,2,1044525,Bureaucrat Worker,SimpleChar:798915B6,1,2587c733529982e6,3498.84204,2.11,693.594849,3492.29028,2.61,694.362854,6.59662,2
m07515,2026-07-22T14:00:25.337984Z,55290,chase,Rejected,49,path_interrupted_by_stop_command,combat,later_scfu_same_generation,97,96195,1,1044525,Anger Manifestation,SimpleChar:798915B3,2,c374f10e1932087e,3497.29517,2.11,692.464539,3490.31982,2.61,693.029053,6.998156,2
m07516,2026-07-22T14:00:25.337984Z,55291,chase,Rejected,49,path_interrupted_by_stop_command,combat,preceding_scfu_same_generation,95,17649,1,1044525,Engineer Automaton I,SimpleChar:798915BE,1,d17697cd14a4b406,3497.10303,2.11,692.661865,3489.73193,2.61,692.312195,7.379389,2
m07517,2026-07-22T14:00:26.377222Z,55307,chase,Ambiguous,84,post_combat_direction_not_leash,combat,preceding_scfu_same_generation,95,96056,2,1044525,Bureaucrat Worker,SimpleChar:798915B6,1,534f12f0d72e49cf,3493.27612,2.11,694.247253,3483.92725,2.61,696.539001,9.625668,2
m07518,2026-07-22T14:00:27.030502Z,55309,chase,Rejected,49,path_interrupted_by_stop_command,combat,later_scfu_same_generation,97,96195,1,1044525,Anger Manifestation,SimpleChar:798915B3,2,5741d1089b042bba,3491.20142,2.11,692.957703,3480.08105,2.61,693.681091,11.143874,2
m07519,2026-07-22T14:00:27.030502Z,55310,chase,Rejected,49,path_interrupted_by_stop_command,combat,preceding_scfu_same_generation,95,17649,1,1044525,Engineer Automaton I,SimpleChar:798915BE,1,4f63d07b33166363,3490.72485,2.11,692.359375,3481.67822,2.61,696.789551,10.073131,2
m07520,2026-07-22T14:00:27.660444Z,55344,chase,Rejected,49,path_interrupted_by_stop_command,combat,later_scfu_same_generation,97,96195,1,1044525,Anger Manifestation,SimpleChar:798915B3,2,ac20d76a6b857d4e,3490.9209,2.11,692.975952,3470.2793,2.61,698.482117,21.363368,2
m07521,2026-07-22T14:00:27.660444Z,55347,chase,Rejected,49,path_interrupted_by_stop_command,combat,preceding_scfu_same_generation,95,17649,1,1044525,Engineer Automaton I,SimpleChar:798915BE,1,f6c4a0130d0ea0b1,3490.4707,2.11,692.483887,3469.70117,2.61,699.454773,21.908141,2
m07522,2026-07-22T14:00:28.230184Z,55352,chase,Rejected,49,explicit_setpos_teleport,combat;player,complete_capture_stable_identity,55,17687,5,1044525,Rollerrat,SimpleChar:79891663,2,b6ed774c3d9f672b,3468.10278,2.11,698.626892,3473.66064,2.61,695.75061,6.258019,2
m07523,2026-07-22T14:00:28.680853Z,55376,chase,Promotable,100,complete_decoded_path;exact_identity_metadata;captured_chase_observation;combat_influence_preserved_for_behavior,combat,preceding_scfu_same_generation,95,96056,2,1044525,Bureaucrat Worker,SimpleChar:798915B6,1,5225ef3eb085e0e5,3484.82324,2.11,696.319397,3470.64941,2.61,697.295105,14.207374,2
m07524,2026-07-22T14:00:29.001471Z,55402,chase,Promotable,100,complete_decoded_path;exact_identity_metadata;captured_chase_observation;combat_influence_preserved_for_behavior,combat,preceding_scfu_same_generation,95,96056,2,1044525,Bureaucrat Worker,SimpleChar:798915B6,1,228ea91675717d0f,3483.89307,2.11,696.390381,3472.39331,2.61,696.582458,11.501364,2
m07527,2026-07-22T14:00:38.384844Z,55705,chase,Ambiguous,84,post_combat_direction_not_leash,combat,preceding_scfu_same_generation,95,96056,2,1044525,Bureaucrat Worker,SimpleChar:798915B6,1,111a5afcc7fee6d7,3473.60962,2.11,696.568115,3470.08618,2.61,695.030396,3.844374,2
m07528,2026-07-22T14:00:38.384844Z,55706,chase,Ambiguous,84,post_combat_direction_not_leash,combat,preceding_scfu_same_generation,95,17649,1,1044525,Engineer Automaton I,SimpleChar:798915BE,1,e0c2a3f45538336c,3473.69629,2.11,698.103943,3470.88501,2.61,696.956726,3.036347,2
m07529,2026-07-22T14:00:39.024574Z,55708,chase,Ambiguous,84,post_combat_direction_not_leash,combat,later_scfu_same_generation,97,96195,1,1044525,Anger Manifestation,SimpleChar:798915B3,2,9919c05bbf938157,3472.17114,2.11,696.125549,3467.46655,2.61,696.772278,4.748834,2
m07530,2026-07-22T14:00:39.265170Z,55709,chase,Ambiguous,84,post_combat_direction_not_leash,combat,preceding_scfu_same_generation,95,96056,2,1044525,Bureaucrat Worker,SimpleChar:798915B6,1,da6900452af12646,3470.97534,2.11,695.418335,3466.25317,2.61,696.397217,4.822562,2
m07531,2026-07-22T14:00:39.265170Z,55710,chase,Ambiguous,84,post_combat_direction_not_leash,combat,preceding_scfu_same_generation,95,17649,1,1044525,Engineer Automaton I,SimpleChar:798915BE,1,5f4deb8615d02f0a,3471.77002,2.11,697.317932,3466.3186,2.61,696.360474,5.534863,2
m07532,2026-07-22T14:00:40.165341Z,55721,chase,Ambiguous,84,post_combat_direction_not_leash,combat,later_scfu_same_generation,97,96195,1,1044525,Anger Manifestation,SimpleChar:798915B3,2,7329c1e2c12c81dc,3468.36475,2.11,696.648804,3460.34399,2.61,696.058105,8.042482,2
m07533,2026-07-22T14:00:40.355411Z,55724,chase,Ambiguous,84,post_combat_direction_not_leash,combat,preceding_scfu_same_generation,95,96056,2,1044525,Bureaucrat Worker,SimpleChar:798915B6,1,1392df49cd10dac1,3467.23047,2.11,696.194763,3461.14844,2.61,693.498291,6.652973,2
m07534,2026-07-22T14:00:40.724543Z,55727,chase,Ambiguous,84,post_combat_direction_not_leash,combat,preceding_scfu_same_generation,95,17649,1,1044525,Engineer Automaton I,SimpleChar:798915BE,1,08abc5f57c4ce418,3467.21973,2.11,696.518738,3459.70386,2.61,694.733154,7.725064,2
m07535,2026-07-22T14:00:42.205212Z,55760,chase,Ambiguous,84,post_combat_direction_not_leash,combat,later_scfu_same_generation,97,96195,1,1044525,Anger Manifestation,SimpleChar:798915B3,2,b5a863709b7352a9,3461.24512,2.11,696.124451,3452.53296,2.61,694.730713,8.822938,2
m07536,2026-07-22T14:00:42.205212Z,55761,chase,Ambiguous,84,post_combat_direction_not_leash,combat,preceding_scfu_same_generation,95,96056,2,1044525,Bureaucrat Worker,SimpleChar:798915B6,1,ea9183d8ca8ea422,3461.94214,2.11,693.85022,3452.75879,2.61,693.159607,9.209281,2
m07537,2026-07-22T14:00:42.205712Z,55762,chase,Ambiguous,84,post_combat_direction_not_leash,combat,preceding_scfu_same_generation,95,17649,1,1044525,Engineer Automaton I,SimpleChar:798915BE,1,51126130873c61c5,3460.54907,2.11,694.934021,3449.90137,2.61,695.330688,10.655086,2
m07539,2026-07-22T14:00:43.734878Z,55774,chase,Ambiguous,84,post_combat_direction_not_leash,combat,later_scfu_same_generation,97,96195,1,1044525,Anger Manifestation,SimpleChar:798915B3,2,ca9090cf07b93d5a,3453.89673,2.11,694.948853,3443.79785,2.61,691.168762,10.783157,2
m07540,2026-07-22T14:00:43.734878Z,55775,chase,Ambiguous,84,post_combat_direction_not_leash,combat,preceding_scfu_same_generation,95,96056,2,1044525,Bureaucrat Worker,SimpleChar:798915B6,1,d6b117b42170405a,3454.38794,2.11,693.282227,3443.79175,2.61,691.310364,10.778102,2
m07541,2026-07-22T14:00:44.176057Z,55778,chase,Ambiguous,84,post_combat_direction_not_leash,combat,preceding_scfu_same_generation,95,17649,1,1044525,Engineer Automaton I,SimpleChar:798915BE,1,664234b29d14144d,3451.78613,2.11,695.260498,3441.71606,2.61,692.446411,10.455879,2
m07542,2026-07-22T14:00:44.795854Z,55804,chase,Rejected,49,explicit_setpos_teleport,combat;player,complete_capture_stable_identity,55,17687,5,1044525,Rollerrat,SimpleChar:79891636,2,46f7cc23685184a7,3422.29468,2.11,690.557251,3437.40039,2.61,691.065979,15.114274,2
m07543,2026-07-22T14:00:45.615205Z,55916,chase,Ambiguous,84,post_combat_direction_not_leash,combat,later_scfu_same_generation,97,96195,1,1044525,Anger Manifestation,SimpleChar:798915B3,2,65619d348d7bb62d,3445.30396,2.11,691.777283,3434.54663,2.61,690.387329,10.846756,2
m07544,2026-07-22T14:00:45.615205Z,55917,chase,Ambiguous,84,post_combat_direction_not_leash,combat,preceding_scfu_same_generation,95,96056,2,1044525,Bureaucrat Worker,SimpleChar:798915B6,1,ecd0e95bac64c527,3445.2085,2.11,691.59552,3433.40186,2.61,689.827209,11.938328,2
m07545,2026-07-22T14:00:46.195628Z,55942,chase,Ambiguous,84,post_combat_direction_not_leash,combat,preceding_scfu_same_generation,95,17649,1,1044525,Engineer Automaton I,SimpleChar:798915BE,1,2e566a2d51f71191,3442.87671,2.11,692.82428,3432.59644,2.61,690.08783,10.638238,2
m07546,2026-07-22T14:00:47.656141Z,56091,chase,Ambiguous,84,post_combat_direction_not_leash,combat,later_scfu_same_generation,97,96195,1,1044525,Anger Manifestation,SimpleChar:798915B3,2,fd65e9fb10e572a4,3435.38989,2.11,690.468018,3432.70752,2.61,692.673401,3.472582,2
m07547,2026-07-22T14:00:48.215487Z,56143,chase,Rejected,49,explicit_setpos_teleport;path_interrupted_by_stop_command,combat;player,complete_capture_stable_identity,55,17687,7,1044525,Gnarl the Roller,SimpleChar:79891671,2,898eeb2c1ca73d08,3446.12231,2.11,695.831909,3433.17896,2.61,691.147644,13.764906,2
m07548,2026-07-22T14:01:28.314309Z,56697,chase,Rejected,49,explicit_setpos_teleport;combat_target_position_unavailable,combat,complete_capture_stable_identity,55,17687,5,1044525,Rollerrat,SimpleChar:79891714,0,bf70a907feb4cc5b,3422.9375,2.11,690.449646,3430.85645,2.61,693.14978,8.36663,2
m07551,2026-07-22T14:01:31.164761Z,56753,chase,Ambiguous,84,post_combat_direction_not_leash,combat,preceding_scfu_same_generation,95,96056,2,1044525,Bureaucrat Worker,SimpleChar:798915B6,1,dd07afc7594db7c5,3434.26245,2.11,689.951111,3431.75317,2.61,690.17865,2.519575,2
m07552,2026-07-22T14:01:31.361893Z,56760,chase,Ambiguous,84,combat_target_position_unavailable,combat,complete_capture_stable_identity,55,17687,5,1044525,Rollerrat,SimpleChar:79891714,1,254c08de764bb022,3430.02368,2.11,692.847473,3431.98291,2.61,688.551758,4.721414,2
m07553,2026-07-22T14:01:31.361893Z,56766,chase,Ambiguous,84,post_combat_direction_not_leash,combat,preceding_scfu_same_generation,95,17649,1,1044525,Engineer Automaton I,SimpleChar:798915BE,1,db837e0334a707c1,3433.50317,2.11,690.322083,3431.22974,2.61,686.7323,4.249121,2
m07554,2026-07-22T14:01:31.820598Z,56780,chase,Ambiguous,84,post_combat_direction_not_leash,combat,preceding_scfu_same_generation,95,96056,2,1044525,Bureaucrat Worker,SimpleChar:798915B6,1,40adf8d86d191a0d,3432.63403,2.11,690.098755,3429.77197,2.61,686.409058,4.669609,2
m07555,2026-07-22T14:01:32.060695Z,56781,chase,Ambiguous,84,post_combat_direction_not_leash,combat,later_scfu_same_generation,97,96195,1,1044525,Anger Manifestation,SimpleChar:798915B3,2,0df117f347c3e969,3432.38647,2.11,690.422668,3427.33765,2.61,688.000366,5.599833,2
m07556,2026-07-22T14:01:32.540964Z,56795,chase,Ambiguous,84,combat_target_position_unavailable,combat,complete_capture_stable_identity,55,17687,5,1044525,Rollerrat,SimpleChar:79891714,1,75e485df7966132b,3431.63794,2.11,689.308044,3426.85498,2.61,684.555969,6.742323,2
m07557,2026-07-22T14:01:32.540964Z,56802,chase,Ambiguous,84,post_combat_direction_not_leash,combat,preceding_scfu_same_generation,95,17649,1,1044525,Engineer Automaton I,SimpleChar:798915BE,1,9cb9bf921b01c0ec,3431.71069,2.11,687.491943,3426.73218,2.61,684.504395,5.806118,2
m07558,2026-07-22T14:01:32.911251Z,56827,chase,Ambiguous,84,post_combat_direction_not_leash,combat,preceding_scfu_same_generation,95,96056,2,1044525,Bureaucrat Worker,SimpleChar:798915B6,1,cb2f7f441845ec8c,3430.34814,2.11,687.151489,3424.93091,2.61,685.756897,5.59386,2
m07560,2026-07-22T14:01:33.970651Z,56880,chase,Ambiguous,84,post_combat_direction_not_leash,combat,preceding_scfu_same_generation,95,17649,1,1044525,Engineer Automaton I,SimpleChar:798915BE,1,eebe94a7fffc8fd0,3427.45361,2.11,684.937256,3423.58301,2.61,680.176758,6.135461,2
m07561,2026-07-22T14:01:34.131242Z,56882,chase,Promotable,100,complete_decoded_path;exact_identity_metadata;captured_chase_observation;combat_influence_preserved_for_behavior;player_influence_preserved_for_behavior,combat;player,complete_capture_stable_identity,55,17687,5,1044525,Rollerrat,SimpleChar:79891714,1,d8071632d32e634b,3427.45508,2.11,685.152283,3423.94165,2.61,679.896423,6.322045,2
m07562,2026-07-22T14:01:34.290814Z,56885,chase,Rejected,49,path_interrupted_by_stop_command,combat,preceding_scfu_same_generation,95,96056,2,1044525,Bureaucrat Worker,SimpleChar:798915B6,1,f3bfba41c5ccec5b,3425.88184,2.11,686.00177,3426.65234,2.61,678.430908,7.609969,2
m07563,2026-07-22T14:01:34.290814Z,56887,chase,Rejected,49,explicit_setpos_teleport,combat;player,complete_capture_stable_identity,55,17687,5,1044525,Rollerrat,SimpleChar:7989163B,1,4d3410b875092b1a,3432.35156,2.11,664.951111,3426.7207,2.61,678.253418,14.444998,2
m07564,2026-07-22T14:01:34.821007Z,56926,chase,Rejected,49,path_interrupted_by_stop_command,combat,later_scfu_same_generation,97,96195,1,1044525,Anger Manifestation,SimpleChar:798915B3,2,33bbc9f61d26c165,3426.4165,2.11,683.134277,3425.32373,2.61,675.782043,7.433,2
m07565,2026-07-22T14:01:35.321687Z,56946,chase,Ambiguous,84,post_combat_direction_not_leash,combat,preceding_scfu_same_generation,95,17649,1,1044525,Engineer Automaton I,SimpleChar:798915BE,1,ccc1fb0e95e58a72,3424.16064,2.11,680.887085,3426.31396,2.61,672.208435,8.941798,2
m07566,2026-07-22T14:01:35.771940Z,56990,chase,Promotable,100,complete_decoded_path;exact_identity_metadata;captured_chase_observation;combat_influence_preserved_for_behavior;player_influence_preserved_for_behavior,combat;player,complete_capture_stable_identity,55,17687,5,1044525,Rollerrat,SimpleChar:79891714,1,8024d4810b2d5f24,3424.47314,2.11,680.691223,3426.8689,2.61,671.271851,9.719271,2
m07567,2026-07-22T14:01:36.002527Z,57010,chase,Rejected,49,path_interrupted_by_stop_command,combat,preceding_scfu_same_generation,95,96056,2,1044525,Bureaucrat Worker,SimpleChar:798915B6,1,da3edabcad9d3bf3,3426.56421,2.11,679.296509,3426.83521,2.61,671.434998,7.866181,2
m07568,2026-07-22T14:01:36.252114Z,57032,chase,Rejected,49,path_interrupted_by_stop_command,combat,preceding_scfu_same_generation,95,96056,2,1044525,Bureaucrat Worker,SimpleChar:798915B6,1,bd45483adce5a9d3,3426.57373,2.11,679.025391,3427.9436,2.61,670.890686,8.249241,2
m07569,2026-07-22T14:01:36.382168Z,57051,chase,Rejected,49,path_interrupted_by_stop_command,combat,later_scfu_same_generation,97,96195,1,1044525,Anger Manifestation,SimpleChar:798915B3,2,f9ff4fdf29e65050,3425.47632,2.11,676.809265,3431.08569,2.61,672.756165,6.920452,2
m07570,2026-07-22T14:01:37.942060Z,57130,chase,Rejected,49,path_interrupted_by_stop_command;post_combat_direction_not_leash,combat,preceding_scfu_same_generation,95,96056,2,1044525,Bureaucrat Worker,SimpleChar:798915B6,1,e18fc3e6ee27f91e,3427.30811,2.11,675.050049,3426.79395,2.61,672.012939,3.080324,2
m07574,2026-07-22T14:01:38.882918Z,57167,chase,Promotable,100,complete_decoded_path;exact_identity_metadata;captured_chase_observation;combat_influence_preserved_for_behavior;player_influence_preserved_for_behavior,combat;player,complete_capture_stable_identity,55,17687,5,1044525,Rollerrat,SimpleChar:79891714,1,fb1fce7aa49e9357,3426.66162,2.11,672.086792,3428.33618,2.61,670.285828,2.459191,2
m07576,2026-07-22T14:01:48.514088Z,57413,chase,Ambiguous,84,post_combat_direction_not_leash,combat,preceding_scfu_same_generation,95,96056,2,1044525,Bureaucrat Worker,SimpleChar:798915B6,1,9ffcb2b1c0a82c5d,3426.76367,2.11,670.670837,3426.67773,2.61,668.292175,2.380214,2
m07577,2026-07-22T14:01:48.514088Z,57414,chase,Ambiguous,84,post_combat_direction_not_leash,combat,preceding_scfu_same_generation,95,17649,1,1044525,Engineer Automaton I,SimpleChar:798915BE,1,5a6fcfaa709e9e5b,3428.37451,2.11,670.899048,3428.69336,2.61,668.298218,2.620302,2
m07579,2026-07-22T14:01:49.433887Z,57449,chase,Ambiguous,84,post_combat_direction_not_leash,combat,preceding_scfu_same_generation,95,96056,2,1044525,Bureaucrat Worker,SimpleChar:798915B6,1,2902880f5cad85cc,3426.71338,2.11,669.285339,3426.19971,2.905999,665.658386,3.663147,2
m07580,2026-07-22T14:01:49.433887Z,57450,chase,Ambiguous,84,post_combat_direction_not_leash,combat,preceding_scfu_same_generation,95,17649,1,1044525,Engineer Automaton I,SimpleChar:798915BE,1,b547a705d460572f,3428.58447,2.11,669.187073,3426.74146,2.985703,665.495056,4.12646,2
m07581,2026-07-22T14:01:50.044081Z,57465,chase,Ambiguous,84,post_combat_direction_not_leash,combat,preceding_scfu_same_generation,95,96056,2,1044525,Bureaucrat Worker,SimpleChar:798915B6,1,47a99d725fef95ce,3426.32202,2.11,666.521729,3423.86182,3.290992,661.618958,5.485412,2
m07583,2026-07-22T14:01:50.285043Z,57467,chase,Ambiguous,84,post_combat_direction_not_leash,combat,preceding_scfu_same_generation,95,17649,1,1044525,Engineer Automaton I,SimpleChar:798915BE,1,8d7df4c9db752124,3427.17969,2.11,666.372925,3419.87817,2.61,662.321411,8.350267,2
m07584,2026-07-22T14:01:51.434210Z,57490,chase,Ambiguous,84,post_combat_direction_not_leash,combat,preceding_scfu_same_generation,95,96056,2,1044525,Bureaucrat Worker,SimpleChar:798915B6,1,508ef5df1a94d5ca,3424.24146,2.11,662.37561,3417.48584,2.61,660.015137,7.156133,2
m07585,2026-07-22T14:01:52.274119Z,57509,chase,Ambiguous,84,post_combat_direction_not_leash,combat,later_scfu_same_generation,97,96195,1,1044525,Anger Manifestation,SimpleChar:798915B3,2,d16fccb650ade773,3423.02295,2.11,660.710938,3413.61353,2.61,658.326965,9.706725,2
m07586,2026-07-22T14:01:52.274119Z,57510,chase,Ambiguous,84,post_combat_direction_not_leash,combat,preceding_scfu_same_generation,95,17649,1,1044525,Engineer Automaton I,SimpleChar:798915BE,1,da28feb59bc4dc5e,3420.72827,2.11,662.79303,3411.8396,2.61,660.818787,9.105278,2
m07587,2026-07-22T14:01:52.874959Z,57523,chase,Ambiguous,84,post_combat_direction_not_leash,combat,preceding_scfu_same_generation,95,96056,2,1044525,Bureaucrat Worker,SimpleChar:798915B6,1,c7b405d8108f1dad,3418.41748,2.11,660.340637,3409.22632,2.61,660.128784,9.193601,2
m07588,2026-07-22T14:01:53.724983Z,57532,chase,Ambiguous,84,post_combat_direction_not_leash,combat,later_scfu_same_generation,97,96195,1,1044525,Anger Manifestation,SimpleChar:798915B3,2,8e99dc4e46ac542e,3415.91064,2.11,658.908997,3405.00781,2.61,657.944275,10.945428,2
m07589,2026-07-22T14:01:54.204670Z,57539,chase,Ambiguous,84,post_combat_direction_not_leash,combat,preceding_scfu_same_generation,95,17649,1,1044525,Engineer Automaton I,SimpleChar:798915BE,1,1ec4b5818ab41e95,3412.75464,2.11,661.022095,3401.07886,2.61,660.548523,11.68538,2
m07590,2026-07-22T14:01:54.774871Z,57570,chase,Ambiguous,84,post_combat_direction_not_leash,combat,preceding_scfu_same_generation,95,96056,2,1044525,Bureaucrat Worker,SimpleChar:798915B6,1,2bc8e835bdab0562,3410.94629,2.11,660.168396,3400.62793,2.61,660.101013,10.31858,2
m07591,2026-07-22T14:01:55.575240Z,57583,chase,Ambiguous,84,post_combat_direction_not_leash,combat,later_scfu_same_generation,97,96195,1,1044525,Anger Manifestation,SimpleChar:798915B3,2,ac157501ccbb8a3f,3407.00903,2.11,658.079895,3394.7373,2.61,657.440186,12.288392,2
m07592,2026-07-22T14:01:56.545790Z,57594,chase,Ambiguous,84,post_combat_direction_not_leash,combat,preceding_scfu_same_generation,95,96056,2,1044525,Bureaucrat Worker,SimpleChar:798915B6,1,21bc5578fa3ac6af,3402.03662,2.11,660.106812,3390.33838,2.61,661.276489,11.756571,2
m07593,2026-07-22T14:01:56.545790Z,57595,chase,Ambiguous,84,post_combat_direction_not_leash,combat,preceding_scfu_same_generation,95,17649,1,1044525,Engineer Automaton I,SimpleChar:798915BE,1,123844fe45cd1334,3403.25684,2.11,660.636841,3391.79102,2.61,658.770081,11.61679,2
m07594,2026-07-22T14:01:56.545790Z,57597,chase,Rejected,49,explicit_setpos_teleport,combat;player,complete_capture_stable_identity,55,17687,6,1044525,Rollerrat,SimpleChar:7989162F,2,d628fd58d187b76d,3379.11182,2.178738,661.862976,3388.31543,2.61,659.54895,9.490055,2
m07595,2026-07-22T14:01:57.845310Z,57686,chase,Ambiguous,84,post_combat_direction_not_leash,combat,later_scfu_same_generation,97,96195,1,1044525,Anger Manifestation,SimpleChar:798915B3,2,10cd644fda52663c,3395.71045,2.11,657.489136,3387.98462,2.61,660.592285,8.325742,2
m07596,2026-07-22T14:01:58.614861Z,57707,chase,Ambiguous,84,post_combat_direction_not_leash,combat,preceding_scfu_same_generation,95,96056,2,1044525,Bureaucrat Worker,SimpleChar:798915B6,1,5137837fd7be131a,3391.19849,2.11,661.17981,3387.99219,2.61,660.480652,3.281643,2
m07597,2026-07-22T14:01:58.614861Z,57708,chase,Ambiguous,84,post_combat_direction_not_leash,combat,preceding_scfu_same_generation,95,17649,1,1044525,Engineer Automaton I,SimpleChar:798915BE,1,fcf6e79426b83f2c,3392.59131,2.11,658.912354,3387.96973,2.61,660.120056,4.776771,2
m07598,2026-07-22T14:02:06.805156Z,58147,chase,Ambiguous,84,post_combat_direction_not_leash,combat,later_scfu_same_generation,97,96195,1,1044525,Anger Manifestation,SimpleChar:798915B3,2,134b39121fae60ff,3388.85718,2.11,660.241821,3386.1626,2.61,658.625122,3.142368,2
m07599,2026-07-22T14:02:06.805156Z,58148,chase,Rejected,49,path_interrupted_by_stop_command;post_combat_direction_not_leash,combat,preceding_scfu_same_generation,95,96056,2,1044525,Bureaucrat Worker,SimpleChar:798915B6,1,e1f99c2658785c1a,3388.91699,2.11,660.682312,3386.19458,2.61,658.605347,3.424223,2
m07600,2026-07-22T14:02:07.115789Z,58165,chase,Rejected,49,explicit_setpos_teleport,combat;player,complete_capture_stable_identity,55,17687,6,1044525,Rollerrat,SimpleChar:79891611,2,ba2bfd41503e4fc9,3384.49365,2.11,640.2229,3384.81885,2.61,655.822083,15.602572,2
m07601,2026-07-22T14:02:07.115789Z,58166,chase,Ambiguous,84,post_combat_direction_not_leash,combat,preceding_scfu_same_generation,95,17649,1,1044525,Engineer Automaton I,SimpleChar:798915BE,1,613993c885f6fff3,3388.77905,2.11,659.908569,3388.06689,2.61,656.852661,3.137793,2
m07602,2026-07-22T14:02:07.675008Z,58173,chase,Rejected,49,path_interrupted_by_stop_command,combat,later_scfu_same_generation,97,96195,1,1044525,Anger Manifestation,SimpleChar:798915B3,2,493ffdff38263221,3386.89282,2.11,659.063354,3388.31519,2.61,653.060486,6.169081,2
m07603,2026-07-22T14:02:07.675008Z,58174,chase,Rejected,49,path_interrupted_by_stop_command,combat,preceding_scfu_same_generation,95,96056,2,1044525,Bureaucrat Worker,SimpleChar:798915B6,1,9ba5fdf018b835fc,3386.95459,2.11,659.185181,3387.70459,2.61,654.153748,5.087024,2
m07604,2026-07-22T14:02:07.955017Z,58182,chase,Promotable,100,complete_decoded_path;exact_identity_metadata;captured_chase_observation;combat_influence_preserved_for_behavior,combat,preceding_scfu_same_generation,95,17649,1,1044525,Engineer Automaton I,SimpleChar:798915BE,1,5d2c690f7f891dca,3388.26367,2.11,657.697266,3388.16406,2.61,652.247559,5.450617,2
m07605,2026-07-22T14:02:08.825346Z,58212,chase,Rejected,49,path_interrupted_by_stop_command,combat,preceding_scfu_same_generation,95,96056,2,1044525,Bureaucrat Worker,SimpleChar:798915B6,1,1660dfce50a8c77c,3387.57227,2.11,655.041016,3387.50171,2.61,651.497864,3.543855,2
m07606,2026-07-22T14:02:09.265007Z,58231,chase,Rejected,49,path_interrupted_by_stop_command,combat,later_scfu_same_generation,97,96195,1,1044525,Anger Manifestation,SimpleChar:798915B3,2,3825d3abd2316248,3388.12256,2.11,653.87384,3384.93701,2.61,651.131226,4.20353,2
m07607,2026-07-22T14:02:09.265007Z,58234,chase,Rejected,49,path_interrupted_by_stop_command,combat,preceding_scfu_same_generation,95,96056,2,1044525,Bureaucrat Worker,SimpleChar:798915B6,1,434b63227d264a43,3387.56567,2.11,654.713135,3384.23486,2.61,650.747742,5.178671,2
m07608,2026-07-22T14:02:09.616150Z,58253,chase,Promotable,100,complete_decoded_path;exact_identity_metadata;captured_chase_observation;combat_influence_preserved_for_behavior,combat,preceding_scfu_same_generation,95,17649,1,1044525,Engineer Automaton I,SimpleChar:798915BE,1,119e2a14a1ae27ab,3388.17969,2.11,653.10614,3383.60132,2.61,651.440735,4.871863,2
m07609,2026-07-22T14:02:16.875120Z,58435,chase,Ambiguous,84,post_combat_direction_not_leash,combat,later_scfu_same_generation,97,96195,1,1044525,Anger Manifestation,SimpleChar:798915B3,2,be07b5c9b1c40b37,3387.32739,2.11,653.189331,3384.05615,2.61,650.954834,3.961564,2
m07610,2026-07-22T14:02:17.125320Z,58469,chase,Ambiguous,84,post_combat_direction_not_leash,combat,preceding_scfu_same_generation,95,17649,1,1044525,Engineer Automaton I,SimpleChar:798915BE,1,1fdc319fe3a9158a,3386.11792,2.11,652.249084,3385.74219,2.61,648.19342,4.073031,2
m07611,2026-07-22T14:02:17.555115Z,58534,chase,Ambiguous,84,post_combat_direction_not_leash,combat,preceding_scfu_same_generation,95,96056,2,1044525,Bureaucrat Worker,SimpleChar:798915B6,1,3d6afb2b077e44cd,3384.8418,2.11,651.424438,3384.03296,2.61,647.032593,4.465705,2
m07612,2026-07-22T14:02:18.075314Z,58549,chase,Ambiguous,84,post_combat_direction_not_leash,combat,later_scfu_same_generation,97,96195,1,1044525,Anger Manifestation,SimpleChar:798915B3,2,9ae0da92afc4c904,3384.87183,2.11,651.512024,3379.83813,2.852865,648.909912,5.666491,2
m07613,2026-07-22T14:02:18.435454Z,58566,chase,Ambiguous,84,post_combat_direction_not_leash,combat,preceding_scfu_same_generation,95,17649,1,1044525,Engineer Automaton I,SimpleChar:798915BE,1,1db7763ebbed7729,3385.83447,2.11,649.188049,3380.35376,3.583124,646.093201,6.294145,2
m07614,2026-07-22T14:02:18.715560Z,58580,chase,Ambiguous,84,post_combat_direction_not_leash,combat,preceding_scfu_same_generation,95,96056,2,1044525,Bureaucrat Worker,SimpleChar:798915B6,1,0f4447998393fb8a,3384.20703,2.11,647.978394,3378.60254,3.431715,644.37207,6.664524,2
m07617,2026-07-22T14:02:19.815117Z,58626,chase,Ambiguous,84,post_combat_direction_not_leash,combat,preceding_scfu_same_generation,95,17649,1,1044525,Engineer Automaton I,SimpleChar:798915BE,1,533a3bf30b1e59dc,3381.16504,2.11,646.551331,3373.7749,3.53656,641.341248,9.042076,2
m07618,2026-07-22T14:02:20.245792Z,58653,chase,Ambiguous,84,post_combat_direction_not_leash,combat,preceding_scfu_same_generation,95,96056,2,1044525,Bureaucrat Worker,SimpleChar:798915B6,1,516929c0875a03e1,3379.38428,2.11,644.875244,3372.21924,3.820549,641.952637,7.73818,2
m07619,2026-07-22T14:02:20.596440Z,58664,chase,Ambiguous,84,post_combat_direction_not_leash,combat,later_scfu_same_generation,97,96195,1,1044525,Anger Manifestation,SimpleChar:798915B3,2,d8c9f9433a6fa4b3,3377.39038,2.11,646.010498,3370.68506,4.071546,642.405457,7.612991,2
m07621,2026-07-22T14:02:21.826365Z,58763,chase,Ambiguous,84,post_combat_direction_not_leash,combat,preceding_scfu_same_generation,95,17649,1,1044525,Engineer Automaton I,SimpleChar:798915BE,1,c3daaf213a311c68,3374.56299,2.2199,641.896667,3365.91821,3.936075,637.98291,9.489453,2
m07622,2026-07-22T14:02:22.176531Z,58765,chase,Ambiguous,84,post_combat_direction_not_leash,combat,preceding_scfu_same_generation,95,96056,2,1044525,Bureaucrat Worker,SimpleChar:798915B6,1,7d5c6ce806a498c6,3373.13135,2.286477,642.324768,3364.28052,4.886156,638.12384,9.797193,2
m07623,2026-07-22T14:02:22.296588Z,58771,chase,Ambiguous,84,post_combat_direction_not_leash,combat,later_scfu_same_generation,97,96195,1,1044525,Anger Manifestation,SimpleChar:798915B3,2,6801c48f31121329,3371.49219,2.405491,642.839355,3361.50293,3.68959,637.652222,11.255739,2
m07624,2026-07-22T14:02:24.207430Z,58841,chase,Ambiguous,84,post_combat_direction_not_leash,combat,preceding_scfu_same_generation,95,17649,1,1044525,Engineer Automaton I,SimpleChar:798915BE,1,70602e7188641b7d,3366.71777,2.84895,638.276978,3360.24878,3.611495,632.5177,8.661242,2
m07625,2026-07-22T14:02:24.657121Z,58849,chase,Ambiguous,84,post_combat_direction_not_leash,combat,preceding_scfu_same_generation,95,96056,2,1044525,Bureaucrat Worker,SimpleChar:798915B6,1,886c308b4930e335,3365.12158,3.350942,638.431213,3360.06201,3.611495,632.243835,7.992678,2
m07628,2026-07-22T14:02:27.057729Z,58895,chase,Ambiguous,84,post_combat_direction_not_leash,combat,later_scfu_same_generation,97,96195,1,1044525,Anger Manifestation,SimpleChar:798915B3,2,fb3c2d36239e9fb8,3360.80078,3.073061,634.506775,3357.05542,3.897744,633.855103,3.801631,2
m07629,2026-07-22T14:02:27.407397Z,58902,chase,Ambiguous,84,post_combat_direction_not_leash,combat,preceding_scfu_same_generation,95,96056,2,1044525,Bureaucrat Worker,SimpleChar:798915B6,1,c540f915a2063059,3360.63477,3.06061,632.944214,3357.5564,4.154953,632.69635,3.088333,2
m07630,2026-07-22T14:02:27.407397Z,58903,chase,Rejected,49,path_interrupted_by_stop_command,combat,preceding_scfu_same_generation,95,17649,1,1044525,Engineer Automaton I,SimpleChar:798915BE,1,fa3042970caa3b84,3360.87451,3.078591,633.072937,3357.64697,4.151556,629.766663,4.62044,2
m07631,2026-07-22T14:02:27.987656Z,58926,chase,Promotable,100,complete_decoded_path;exact_identity_metadata;captured_chase_observation;combat_influence_preserved_for_behavior,combat,later_scfu_same_generation,97,96195,1,1044525,Anger Manifestation,SimpleChar:798915B3,2,91334ccf26b3f5f4,3357.94189,3.174365,634.009583,3355.99146,4.790173,628.394409,5.944271,2
m07632,2026-07-22T14:02:28.177242Z,58927,chase,Promotable,100,complete_decoded_path;exact_identity_metadata;captured_chase_observation;combat_influence_preserved_for_behavior,combat,preceding_scfu_same_generation,95,96056,2,1044525,Bureaucrat Worker,SimpleChar:798915B6,1,7611db174f3c8c25,3358.45288,3.190473,632.772827,3355.0752,4.903419,628.361023,5.556324,2
m07633,2026-07-22T14:02:28.629417Z,58966,chase,Rejected,49,path_interrupted_by_stop_command,combat,preceding_scfu_same_generation,95,17649,1,1044525,Engineer Automaton I,SimpleChar:798915BE,1,4feb14abd17faee0,3358.23999,3.526531,630.373047,3354.73242,4.92872,627.43811,4.5735,2
m07634,2026-07-22T14:02:29.067567Z,58977,chase,Rejected,49,path_interrupted_by_stop_command,combat,preceding_scfu_same_generation,95,17649,1,1044525,Engineer Automaton I,SimpleChar:798915BE,1,a8488520ca58471b,3357.47192,3.73768,629.733459,3352.11694,4.712161,625.159851,7.04228,2
m07635,2026-07-22T14:02:29.977609Z,59010,chase,Promotable,100,complete_decoded_path;exact_identity_metadata;captured_chase_observation;combat_influence_preserved_for_behavior,combat,preceding_scfu_same_generation,95,96056,2,1044525,Bureaucrat Worker,SimpleChar:798915B6,1,2216a3b1c3bc48ea,3355.6416,4.10845,629.09198,3351.7041,4.712161,624.824341,5.806604,2
m07636,2026-07-22T14:02:30.187539Z,59014,chase,Promotable,100,complete_decoded_path;exact_identity_metadata;captured_chase_observation;combat_influence_preserved_for_behavior,combat,later_scfu_same_generation,97,96195,1,1044525,Anger Manifestation,SimpleChar:798915B3,2,f6ce91a67d62bd9e,3356.30859,3.983352,629.258972,3352.88428,4.712161,625.771729,4.887409,2
m07637,2026-07-22T14:02:30.347107Z,59018,chase,Promotable,100,complete_decoded_path;exact_identity_metadata;captured_chase_observation;combat_influence_preserved_for_behavior,combat,preceding_scfu_same_generation,95,96056,2,1044525,Bureaucrat Worker,SimpleChar:798915B6,1,141e0301b0a57ed3,3354.87549,4.268827,628.396729,3352.08716,4.712161,625.128174,4.296305,2
m07638,2026-07-22T14:02:30.547633Z,59027,chase,Promotable,100,complete_decoded_path;exact_identity_metadata;captured_chase_observation;combat_influence_preserved_for_behavior,combat,later_scfu_same_generation,97,96195,1,1044525,Anger Manifestation,SimpleChar:798915B3,2,d047297a37010f95,3355.63354,4.171548,628.679382,3352.9021,4.712161,625.838501,3.940986,2
m07641,2026-07-22T14:02:41.639542Z,59337,chase,Ambiguous,84,post_combat_direction_not_leash,combat,preceding_scfu_same_generation,95,96056,2,1044525,Bureaucrat Worker,SimpleChar:798915B6,1,f51301255f929bf4,3352.59937,4.302679,625.778503,3354.00269,4.84939,623.780518,2.441567,2
m07642,2026-07-22T14:02:41.640042Z,59338,chase,Ambiguous,84,post_combat_direction_not_leash,combat,preceding_scfu_same_generation,95,17649,1,1044525,Engineer Automaton I,SimpleChar:798915BE,1,a19def2beb124c1a,3352.85718,4.285376,625.805603,3355.82397,4.848932,622.839905,4.194903,2
m07643,2026-07-22T14:02:42.329387Z,59358,chase,Ambiguous,84,post_combat_direction_not_leash,combat,preceding_scfu_same_generation,95,96056,2,1044525,Bureaucrat Worker,SimpleChar:798915B6,1,db0df8e2d7cade75,3353.47583,4.143332,624.530334,3354.52075,4.910734,619.209717,5.422253,2
m07645,2026-07-22T14:02:42.809599Z,59378,chase,Ambiguous,84,post_combat_direction_not_leash,combat,preceding_scfu_same_generation,95,17649,1,1044525,Engineer Automaton I,SimpleChar:798915BE,1,bd76df6a3eecb5ff,3355.1521,4.053271,623.51123,3357.99048,4.587746,618.648499,5.630502,2
m07646,2026-07-22T14:02:43.869600Z,59414,chase,Ambiguous,84,post_combat_direction_not_leash,combat,preceding_scfu_same_generation,95,96056,2,1044525,Bureaucrat Worker,SimpleChar:798915B6,1,d828b2d6779cb9b7,3354.35522,4.389645,620.054932,3357.34619,3.863027,614.89502,5.964109,2
m07648,2026-07-22T14:02:44.154258Z,59453,chase,Ambiguous,84,post_combat_direction_not_leash,combat,preceding_scfu_same_generation,95,17649,1,1044525,Engineer Automaton I,SimpleChar:798915BE,1,93af0323fce353b8,3357.58032,4.114254,619.351135,3359.12744,3.095413,611.536804,7.966012,2
m07649,2026-07-22T14:02:45.003673Z,59511,chase,Ambiguous,84,post_combat_direction_not_leash,combat,preceding_scfu_same_generation,95,96056,2,1044525,Bureaucrat Worker,SimpleChar:798915B6,1,4203e1ef6e0b1028,3356.86182,4.004359,615.730347,3360.03979,2.897091,612.157166,4.781957,2
m07652,2026-07-22T14:02:50.463503Z,59660,chase,Ambiguous,84,post_combat_direction_not_leash,combat,preceding_scfu_same_generation,95,96056,2,1044525,Bureaucrat Worker,SimpleChar:798915B6,1,9fbc0169dd215f3f,3359.44995,3.010806,612.820374,3360.76855,2.61,610.264282,2.876163,2
m07653,2026-07-22T14:02:51.073367Z,59696,chase,Ambiguous,84,post_combat_direction_not_leash,combat,preceding_scfu_same_generation,95,17649,1,1044525,Engineer Automaton I,SimpleChar:798915BE,1,9ed1227f3f3e7837,3361.47681,2.600027,612.687073,3364.62012,2.61,608.376404,5.335004,2
m07654,2026-07-22T14:02:51.273474Z,59697,chase,Ambiguous,84,post_combat_direction_not_leash,combat,preceding_scfu_same_generation,95,96056,2,1044525,Bureaucrat Worker,SimpleChar:798915B6,1,da7c1553a896cb70,3360.36865,2.519094,611.039368,3361.99878,2.61,605.412292,5.858439,2
m07656,2026-07-22T14:02:52.613790Z,59726,chase,Ambiguous,84,post_combat_direction_not_leash,combat,preceding_scfu_same_generation,95,17649,1,1044525,Engineer Automaton I,SimpleChar:798915BE,1,a7ba775a035611db,3364.04395,2.11,609.166321,3364.75977,2.61,602.293701,6.909798,2
m07660,2026-07-22T14:02:54.277702Z,59793,chase,Ambiguous,84,post_combat_direction_not_leash,combat,preceding_scfu_same_generation,95,96056,2,1044525,Bureaucrat Worker,SimpleChar:798915B6,1,b9455b9749470e47,3366.71851,2.11,601.999939,3372.06738,2.61,593.881348,9.722239,2
m07662,2026-07-22T14:02:55.827280Z,59824,chase,Ambiguous,84,post_combat_direction_not_leash,combat,preceding_scfu_same_generation,95,17649,1,1044525,Engineer Automaton I,SimpleChar:798915BE,1,64c918de47bf5ea7,3371.01221,2.11,598.783752,3376.19141,2.61,588.351624,11.647034,2
m07665,2026-07-22T14:02:57.917411Z,59855,chase,Ambiguous,84,post_combat_direction_not_leash,combat,preceding_scfu_same_generation,95,17649,1,1044525,Engineer Automaton I,SimpleChar:798915BE,1,934004bcaadb2b58,3375.6145,2.11,589.702515,3382.00562,2.61,581.289795,10.56505,2
m07666,2026-07-22T14:02:58.077485Z,59863,chase,Ambiguous,84,post_combat_direction_not_leash,combat,preceding_scfu_same_generation,95,96056,2,1044525,Bureaucrat Worker,SimpleChar:798915B6,1,0c4f2f02e25f17c6,3378.22266,2.11,589.199524,3383.64697,2.61,579.196106,11.379434,2
m07668,2026-07-22T14:03:00.028095Z,59892,chase,Ambiguous,84,post_combat_direction_not_leash,combat,preceding_scfu_same_generation,95,17649,1,1044525,Engineer Automaton I,SimpleChar:798915BE,1,4e66f5289dd3bc70,3381.46631,2.11,581.952271,3378.6001,2.61,573.721985,8.715088,2
m07669,2026-07-22T14:03:00.557339Z,59906,chase,Ambiguous,84,post_combat_direction_not_leash,combat,preceding_scfu_same_generation,95,96056,2,1044525,Bureaucrat Worker,SimpleChar:798915B6,1,54c1491110f7875c,3383.2251,2.11,579.974976,3378.13086,2.61,573.284607,8.409062,2
m07803,2026-07-22T14:04:29.954546Z,62181,chase,Rejected,49,explicit_setpos_teleport;combat_target_position_unavailable,combat;player,complete_capture_stable_identity,42,30360,8,1044525,Angry Minibull,SimpleChar:79891738,0,769387eaa07ab13a,3552.51172,0.01,403.264893,3562.79346,0.51,397.308899,11.882257,2
m07817,2026-07-22T14:04:35.810627Z,62364,chase,Ambiguous,84,combat_target_position_unavailable,combat,complete_capture_stable_identity,15,17662,1,1044525,Minibronto,SimpleChar:78E0FD9C,1,e9d61189888bdf9f,3499.84082,8.110001,450.473083,3504.62598,8.063052,449.971344,4.811393,2
m07822,2026-07-22T14:04:38.132953Z,62492,chase,Ambiguous,84,combat_target_position_unavailable,combat,complete_capture_stable_identity,15,17662,1,1044525,Minibronto,SimpleChar:78E0FD9C,1,02ee7fd0723dd25f,3503.15088,8.110001,450.191223,3507.89087,8.087415,448.301147,5.10293,2
m07826,2026-07-22T14:04:40.483088Z,62626,chase,Ambiguous,84,combat_target_position_unavailable,combat,complete_capture_stable_identity,15,17662,1,1044525,Minibronto,SimpleChar:78E0FD9C,1,8317e434353489d4,3506.59692,8.048969,448.842041,3511.3728,8.538939,445.653625,5.742389,2
m07833,2026-07-22T14:04:43.492590Z,62716,chase,Ambiguous,84,combat_target_position_unavailable,combat,complete_capture_stable_identity,15,17662,1,1044525,Minibronto,SimpleChar:78E0FD9C,1,0f4dcf8ec9d1d05e,3510.3291,8.410051,446.368469,3510.24609,8.576911,444.02063,2.349306,2
m07835,2026-07-22T14:04:44.373371Z,62748,chase,Ambiguous,84,post_combat_direction_not_leash,combat,complete_capture_stable_identity,15,17662,1,1044525,Minibronto,SimpleChar:78E0FD9C,1,6e5cd6684625a0d7,3510.52856,8.509707,445.239197,3506.9812,8.333591,443.758362,3.844039,2
m07841,2026-07-22T14:04:46.202582Z,62784,chase,Ambiguous,84,post_combat_direction_not_leash,combat,complete_capture_stable_identity,15,17662,1,1044525,Minibronto,SimpleChar:78E0FD9C,1,3da17d8fab3992af,3508.25439,8.421821,444.136841,3505.45776,8.219333,444.935974,2.908565,2
m07842,2026-07-22T14:04:47.362689Z,62790,chase,Ambiguous,84,post_combat_direction_not_leash,combat,complete_capture_stable_identity,15,17662,1,1044525,Minibronto,SimpleChar:78E0FD9C,1,5b6d094f172c0dbd,3506.60645,8.308487,444.508728,3500.02441,8.110001,446.561615,6.894751,2
m07851,2026-07-22T14:04:51.522799Z,62854,chase,Ambiguous,84,post_combat_direction_not_leash,combat,complete_capture_stable_identity,15,17662,1,1044525,Minibronto,SimpleChar:78E0FD9C,1,e12b27ae7b638791,3501.18213,8.110001,446.2034,3497.59106,8.110001,449.980255,5.211566,2
m07862,2026-07-22T14:04:55.754211Z,62953,chase,Rejected,49,explicit_setpos_teleport;combat_target_position_unavailable,combat,complete_capture_stable_identity,42,30360,13,1044525,Angry Minibull,SimpleChar:79891740,1,1f5219a2944f9746,3582.34497,0.01,396.775543,3567.27686,0.51,403.796783,16.62365,2
m07863,2026-07-22T14:04:57.766758Z,62982,chase,Promotable,100,complete_decoded_path;exact_identity_metadata;captured_chase_observation;combat_influence_preserved_for_behavior,combat,preceding_scfu_same_generation,95,96056,2,1044525,Bureaucrat Worker,SimpleChar:798915B6,1,5c52cd5b2940bec0,3562.94409,0.01,406.308929,3567.05981,0.51,404.003326,4.717516,2
m07864,2026-07-22T14:04:58.730793Z,63022,chase,Promotable,100,complete_decoded_path;exact_identity_metadata;captured_chase_observation;combat_influence_preserved_for_behavior,combat,preceding_scfu_same_generation,95,17649,1,1044525,Engineer Automaton I,SimpleChar:798915BE,1,7b0e17ddee8fcb87,3566.70313,0.01,408.275909,3568.8479,0.51,404.152832,4.647559,2
m07865,2026-07-22T14:04:59.179974Z,63039,chase,Promotable,100,complete_decoded_path;exact_identity_metadata;captured_chase_observation;combat_influence_preserved_for_behavior,combat,preceding_scfu_same_generation,95,17649,1,1044525,Engineer Automaton I,SimpleChar:798915BE,1,ce660b9bbd0b9338,3567.15552,0.01,407.336456,3568.87012,0.51,405.045593,2.861452,2
m07867,2026-07-22T14:05:16.603131Z,63464,chase,Rejected,49,explicit_setpos_teleport;combat_target_position_unavailable,combat,complete_capture_stable_identity,42,30360,10,1044525,Angry Minibull,SimpleChar:79891749,0,2818c35c7823da62,3552.41577,0.01,402.765594,3567.3606,0.51,406.539795,15.414037,2
m07870,2026-07-22T14:05:18.891952Z,63654,chase,Ambiguous,84,post_combat_direction_not_leash,combat,preceding_scfu_same_generation,95,17649,1,1044525,Engineer Automaton I,SimpleChar:798915BE,1,bd31b1a794bea8ac,3568.21729,0.01,405.741882,3571.73706,0.51,405.915405,3.524045,2
m07872,2026-07-22T14:05:19.452163Z,63683,chase,Ambiguous,84,post_combat_direction_not_leash,combat,preceding_scfu_same_generation,95,96056,2,1044525,Bureaucrat Worker,SimpleChar:798915B6,1,02c0df72a56681e0,3568.77368,0.01,405.788239,3573.52808,0.51,405.313141,4.778079,2
m07873,2026-07-22T14:05:19.601724Z,63690,chase,Ambiguous,84,combat_target_position_unavailable,combat,complete_capture_stable_identity,42,30360,10,1044525,Angry Minibull,SimpleChar:79891749,1,3ac1d424998479bc,3566.50439,0.01,406.319153,3574.32886,0.51,405.67395,7.851027,2
m07874,2026-07-22T14:05:19.801802Z,63694,chase,Ambiguous,84,post_combat_direction_not_leash,combat,preceding_scfu_same_generation,95,17649,1,1044525,Engineer Automaton I,SimpleChar:798915BE,1,273492c9d258b0da,3570.8562,0.01,405.871979,3575.30688,0.51,404.084534,4.796198,2
m07878,2026-07-22T14:05:21.692111Z,63736,chase,Ambiguous,84,combat_target_position_unavailable,combat,complete_capture_stable_identity,42,30360,10,1044525,Angry Minibull,SimpleChar:79891749,1,b09828759203015e,3573.33813,0.01,405.755615,3583.17896,0.51,407.424713,9.981374,2
m07879,2026-07-22T14:05:22.281969Z,63755,chase,Ambiguous,84,post_combat_direction_not_leash,combat,preceding_scfu_same_generation,95,17649,1,1044525,Engineer Automaton I,SimpleChar:798915BE,1,f530b13b3d96bcee,3579.84814,0.01,406.763611,3587.79199,0.51,404.462769,8.270346,2
m07880,2026-07-22T14:05:22.732645Z,63762,chase,Ambiguous,84,post_combat_direction_not_leash,combat,preceding_scfu_same_generation,95,96056,2,1044525,Bureaucrat Worker,SimpleChar:798915B6,1,5952d7975a9f0823,3579.69263,0.01,407.631897,3588.67749,0.51,404.97876,9.368396,2
m07882,2026-07-22T14:05:23.581980Z,63798,chase,Promotable,100,complete_decoded_path;exact_identity_metadata;captured_chase_observation;combat_influence_preserved_for_behavior;player_influence_preserved_for_behavior,combat;player,complete_capture_stable_identity,42,30360,10,1044525,Angry Minibull,SimpleChar:79891749,1,31989e3b64ebdb7a,3582.20117,0.01,407.25885,3588.94971,0.51,404.271454,7.380198,2
m07883,2026-07-22T14:05:24.262241Z,63816,chase,Ambiguous,84,post_combat_direction_not_leash,combat,complete_capture_stable_identity,97,96195,10,1044525,Pacify,SimpleChar:798915A1,2,d99b6261bb8a090a,3615.55029,0.01,421.317261,3616.57349,0.51,424.658447,3.494347,2
m07884,2026-07-22T14:05:24.262241Z,63817,chase,Ambiguous,84,post_combat_direction_not_leash,combat,complete_capture_stable_identity,98,96194,5,1044525,Pacify,SimpleChar:798915A3,2,47fcbe5ade10990b,3614.94092,0.01,421.584167,3614.74902,0.51,423.704712,2.12921,2
m07885,2026-07-22T14:05:24.912101Z,63835,chase,Ambiguous,84,post_combat_direction_not_leash,combat,complete_capture_stable_identity,98,96194,5,1044525,Pacify,SimpleChar:798915A3,2,cab5c2d2ad37a38d,3614.83228,0.01,422.786438,3614.22656,0.51,426.966766,4.223984,2
m07886,2026-07-22T14:05:25.271794Z,63842,chase,Ambiguous,84,post_combat_direction_not_leash,combat,complete_capture_stable_identity,97,96195,10,1044525,Pacify,SimpleChar:798915A1,2,369eda75403501b2,3616.30908,0.01,423.795593,3613.8894,0.51,429.73584,6.414155,2
m07887,2026-07-22T14:05:26.152131Z,63864,chase,Ambiguous,84,post_combat_direction_not_leash,combat,complete_capture_stable_identity,98,96194,5,1044525,Pacify,SimpleChar:798915A3,2,a95e9631b4af4264,3614.33911,0.01,426.191162,3608.53418,0.51,431.117493,7.613537,2
m07888,2026-07-22T14:05:26.681964Z,63890,chase,Ambiguous,84,post_combat_direction_not_leash,combat,complete_capture_stable_identity,97,96195,10,1044525,Pacify,SimpleChar:798915A1,2,7b8e6b435516bb1b,3614.21729,0.01,428.931152,3608.92334,0.51,435.095032,8.125228,2
m07889,2026-07-22T14:05:27.951997Z,63929,chase,Rejected,49,path_interrupted_by_stop_command;post_combat_direction_not_leash,combat,complete_capture_stable_identity,98,96194,5,1044525,Pacify,SimpleChar:798915A3,2,c3dbb4b8fa8aefb4,3609.15601,0.01,430.589661,3603.10986,0.51,438.065308,9.614636,2
m07890,2026-07-22T14:05:28.422175Z,63941,chase,Rejected,49,path_interrupted_by_stop_command,combat,complete_capture_stable_identity,97,96195,10,1044525,Pacify,SimpleChar:798915A1,2,6e00b91fc7eac326,3609.55786,0.01,434.35611,3600.91064,0.51,440.537079,10.629148,2
m07891,2026-07-22T14:05:29.588752Z,63948,chase,Rejected,49,path_interrupted_by_stop_command,combat,complete_capture_stable_identity,98,96194,5,1044525,Pacify,SimpleChar:798915A3,2,47b7bff5796d2c46,3604.00171,0.01,436.962402,3598.26611,0.51,447.179382,11.716816,2
m07892,2026-07-22T14:05:30.259291Z,63958,chase,Rejected,49,path_interrupted_by_stop_command,combat,complete_capture_stable_identity,97,96195,10,1044525,Pacify,SimpleChar:798915A1,2,533f0bda051afc64,3602.78174,0.01,439.199432,3596.46362,0.51,448.274414,11.057755,2
m07893,2026-07-22T14:05:30.259291Z,63960,chase,Rejected,49,explicit_setpos_teleport,combat;player,complete_capture_stable_identity,42,30360,13,1044525,Angry Minibull,SimpleChar:79891716,1,cd33c637e243a60b,3589.57739,0.01,453.338074,3595.16504,0.51,450.243103,6.387541,2
m07894,2026-07-22T14:05:30.259291Z,63963,chase,Rejected,49,path_interrupted_by_stop_command,combat,complete_capture_stable_identity,98,96194,5,1044525,Pacify,SimpleChar:798915A3,2,87ad09b37799a128,3602.11548,0.01,440.022369,3591.26929,0.51,454.741486,18.283661,2
m07895,2026-07-22T14:05:30.859599Z,63968,chase,Rejected,49,path_interrupted_by_stop_command,combat,complete_capture_stable_identity,97,96195,10,1044525,Pacify,SimpleChar:798915A1,2,27611cfdffd6eedd,3602.00928,0.01,439.93277,3591.55664,0.51,451.875,15.870556,2
m07896,2026-07-22T14:05:45.835704Z,64138,chase,Promotable,100,complete_decoded_path;exact_identity_metadata;captured_chase_observation;combat_influence_preserved_for_behavior,combat,preceding_scfu_same_generation,95,17649,1,1044525,Engineer Automaton I,SimpleChar:798915BE,1,e61a39fb8d231a9e,3586.96875,0.01,404.701233,3589.05493,0.51,405.673309,2.301538,2
m07897,2026-07-22T14:05:46.035766Z,64145,chase,Promotable,100,complete_decoded_path;exact_identity_metadata;captured_chase_observation;combat_influence_preserved_for_behavior,combat,complete_capture_stable_identity,97,96195,1,1044525,Anger Manifestation,SimpleChar:798915B3,3,7c059cceaf73d03f,3587.91528,0.01,406.385254,3590.53247,0.51,405.96524,2.650678,2
m07899,2026-07-22T14:05:46.359893Z,64161,chase,Promotable,100,complete_decoded_path;exact_identity_metadata;captured_chase_observation;combat_influence_preserved_for_behavior,combat,preceding_scfu_same_generation,95,17649,1,1044525,Engineer Automaton I,SimpleChar:798915BE,1,34d4babc099bda3e,3588.19287,0.01,405.271545,3593.02026,0.51,405.585754,4.837605,2
m07900,2026-07-22T14:05:46.592486Z,64164,chase,Promotable,100,complete_decoded_path;exact_identity_metadata;captured_chase_observation;combat_influence_preserved_for_behavior,combat,complete_capture_stable_identity,97,96195,1,1044525,Anger Manifestation,SimpleChar:798915B3,3,0095090b3e87cacc,3589.60059,0.01,406.114777,3593.92041,0.51,405.057739,4.447266,2
m07901,2026-07-22T14:05:46.752544Z,64165,chase,Ambiguous,84,post_combat_direction_not_leash,combat,preceding_scfu_same_generation,95,96056,2,1044525,Bureaucrat Worker,SimpleChar:798915B6,1,1e04152ac6db88ef,3589.70825,0.01,405.778442,3595.66724,0.51,405.671112,5.959957,2
m07902,2026-07-22T14:05:47.583961Z,64200,chase,Promotable,100,complete_decoded_path;exact_identity_metadata;captured_chase_observation;combat_influence_preserved_for_behavior,combat,preceding_scfu_same_generation,95,17649,1,1044525,Engineer Automaton I,SimpleChar:798915BE,1,f41cafd896d4f4bd,3592.16919,0.01,405.530334,3619.9917,0.51,397.315979,29.009786,2
m07903,2026-07-22T14:05:47.836067Z,64252,chase,Promotable,100,complete_decoded_path;exact_identity_metadata;captured_chase_observation;combat_influence_preserved_for_behavior,combat,complete_capture_stable_identity,97,96195,1,1044525,Anger Manifestation,SimpleChar:798915B3,3,973662caa1a4665f,3593.05688,0.01,405.269165,3619.15601,0.51,398.940765,26.855413,2
m07904,2026-07-22T14:05:47.945611Z,64276,chase,Promotable,100,complete_decoded_path;exact_identity_metadata;captured_chase_observation;combat_influence_preserved_for_behavior,combat,preceding_scfu_same_generation,95,96056,2,1044525,Bureaucrat Worker,SimpleChar:798915B6,1,d633ab257e2b4ad9,3594.80884,0.01,405.686554,3600.36963,0.51,401.428772,7.003649,2
m07905,2026-07-22T14:05:47.945611Z,64277,chase,Promotable,100,complete_decoded_path;exact_identity_metadata;captured_chase_observation;combat_influence_preserved_for_behavior,combat,preceding_scfu_same_generation,95,17649,1,1044525,Engineer Automaton I,SimpleChar:798915BE,1,ce9a1e3de163569c,3593.2168,0.01,405.236969,3619.79102,0.51,399.528503,27.18043,2
m07906,2026-07-22T14:05:48.344802Z,64292,chase,Ambiguous,84,post_combat_direction_not_leash,combat,complete_capture_stable_identity,97,96195,10,1044525,Pacify,SimpleChar:798915A1,2,fd1596cafe21ce90,3592.11938,0.01,451.231506,3593.23193,0.51,455.29068,4.208879,2
m07907,2026-07-22T14:05:48.344802Z,64293,chase,Promotable,100,complete_decoded_path;exact_identity_metadata;captured_chase_observation;combat_influence_preserved_for_behavior,combat,complete_capture_stable_identity,97,96195,1,1044525,Anger Manifestation,SimpleChar:798915B3,3,6b15348efefa4dec,3594.24121,0.01,404.983368,3619.16016,0.51,398.137207,25.842291,2
m07908,2026-07-22T14:05:49.218304Z,64301,chase,Ambiguous,84,post_combat_direction_not_leash,combat,complete_capture_stable_identity,97,96195,10,1044525,Pacify,SimpleChar:798915A1,2,3f0daa6007574e31,3593.00488,0.01,454.462799,3590.59668,0.56403,459.283203,5.38848,2
m07909,2026-07-22T14:05:49.428099Z,64306,chase,Rejected,49,explicit_setpos_teleport,combat;player,complete_capture_stable_identity,42,30360,12,1044525,Angry Minibull,SimpleChar:7989174A,1,8f58f34712724932,3621.302,0.01,398.550171,3602.90942,0.51,401.305573,18.597829,2
m07910,2026-07-22T14:05:50.118402Z,64321,chase,Promotable,100,complete_decoded_path;exact_identity_metadata;captured_chase_observation;combat_influence_preserved_for_behavior,combat,preceding_scfu_same_generation,95,96056,2,1044525,Bureaucrat Worker,SimpleChar:798915B6,1,278c563cd49d9e38,3599.68628,0.01,401.952087,3619.07886,0.51,399.855011,19.505637,2
m07911,2026-07-22T14:05:50.287964Z,64327,chase,Promotable,100,complete_decoded_path;exact_identity_metadata;captured_chase_observation;combat_influence_preserved_for_behavior,combat,preceding_scfu_same_generation,95,96056,2,1044525,Bureaucrat Worker,SimpleChar:798915B6,1,07fbcd6ca7074d37,3600.86523,0.01,401.816681,3616.50684,0.51,398.908386,15.909687,2
m07912,2026-07-22T14:05:50.498639Z,64335,chase,Ambiguous,84,post_combat_direction_not_leash,combat,complete_capture_stable_identity,98,96194,5,1044525,Pacify,SimpleChar:798915A3,2,24d502c4b4c2be3a,3595.04004,0.01,449.572357,3588.94897,0.688835,465.636261,17.179934,2
m07913,2026-07-22T14:05:50.619186Z,64347,chase,Ambiguous,84,post_combat_direction_not_leash,combat,complete_capture_stable_identity,97,96195,10,1044525,Pacify,SimpleChar:798915A1,2,235b4a7387044789,3590.95972,0.01,458.55603,3585.68115,0.726998,466.149872,9.248229,2
m07914,2026-07-22T14:05:52.158350Z,64479,chase,Ambiguous,84,post_combat_direction_not_leash,combat,complete_capture_stable_identity,98,96194,5,1044525,Pacify,SimpleChar:798915A3,2,f5501c328ad73c80,3592.19165,0.01,457.08374,3585.5542,0.51,474.707275,18.832013,2
m07915,2026-07-22T14:05:52.568639Z,64482,chase,Ambiguous,84,post_combat_direction_not_leash,combat,complete_capture_stable_identity,97,96195,10,1044525,Pacify,SimpleChar:798915A1,2,51ab1285163ec3d3,3586.40503,0.095254,465.108429,3584.15332,0.51,474.779633,9.929873,2
m07917,2026-07-22T14:05:53.037835Z,64493,chase,Promotable,100,complete_decoded_path;exact_identity_metadata;captured_chase_observation;combat_influence_preserved_for_behavior,combat,complete_capture_stable_identity,97,96195,1,1044525,Anger Manifestation,SimpleChar:798915B3,3,f43008b91a7718f1,3610.29272,0.01,400.583588,3606.99292,0.51,401.930084,3.563949,2
m07918,2026-07-22T14:05:53.037835Z,64494,chase,Promotable,100,complete_decoded_path;exact_identity_metadata;captured_chase_observation;combat_influence_preserved_for_behavior,combat,preceding_scfu_same_generation,95,96056,2,1044525,Bureaucrat Worker,SimpleChar:798915B6,1,5ef296162516cb30,3608.57446,0.01,400.422699,3605.61328,0.51,400.74585,2.97876,2
m07919,2026-07-22T14:05:53.687596Z,64506,chase,Promotable,100,complete_decoded_path;exact_identity_metadata;captured_chase_observation;combat_influence_preserved_for_behavior,combat,preceding_scfu_same_generation,95,17649,1,1044525,Engineer Automaton I,SimpleChar:798915BE,1,7c9e249c3a7ec08d,3607.54639,0.01,399.633301,3605.66064,0.51,401.082886,2.378518,2
m07920,2026-07-22T14:05:53.918186Z,64507,chase,Ambiguous,84,post_combat_direction_not_leash,combat,complete_capture_stable_identity,98,96194,5,1044525,Pacify,SimpleChar:798915A3,2,1c43fa2e0573a8f4,3588.86304,0.221638,465.918762,3580.01367,0.51,482.860535,19.113739,2
m07921,2026-07-22T14:05:54.168282Z,64508,chase,Ambiguous,84,post_combat_direction_not_leash,combat,complete_capture_stable_identity,97,96195,10,1044525,Pacify,SimpleChar:798915A1,2,467341db363d5ce9,3584.30566,0.01,473.899231,3582.0896,0.51,484.133911,10.471848,2
m07922,2026-07-22T14:05:55.478815Z,64530,chase,Promotable,100,complete_decoded_path;exact_identity_metadata;captured_chase_observation;combat_influence_preserved_for_behavior,combat,complete_capture_stable_identity,97,96195,1,1044525,Anger Manifestation,SimpleChar:798915B3,3,a57ccf9b3b169a2e,3607.81421,0.01,401.59494,3603.2666,0.51,402.308533,4.603257,2
m07923,2026-07-22T14:05:55.478815Z,64532,chase,Ambiguous,84,combat_direction_ambiguous,combat,preceding_scfu_same_generation,95,17649,1,1044525,Engineer Automaton I,SimpleChar:798915BE,1,f694e58addd9777d,3606.38452,0.01,400.526611,3602.46973,0.51,403.879761,5.154532,2
m07924,2026-07-22T14:05:55.598360Z,64546,chase,Promotable,100,complete_decoded_path;exact_identity_metadata;captured_chase_observation;combat_influence_preserved_for_behavior,combat,preceding_scfu_same_generation,95,96056,2,1044525,Bureaucrat Worker,SimpleChar:798915B6,1,833bc712cedc5c35,3606.45068,0.01,400.65451,3603.26392,0.51,402.25827,3.56756,2
m07925,2026-07-22T14:05:55.918985Z,64556,chase,Ambiguous,84,post_combat_direction_not_leash,combat,complete_capture_stable_identity,98,96194,5,1044525,Pacify,SimpleChar:798915A3,2,b6863538cfe4b78d,3584.49414,0.01,474.452148,3578.63281,0.614954,491.590424,18.11286,2
m07929,2026-07-22T14:06:53.527585Z,64825,chase,Rejected,49,explicit_setpos_teleport,combat;player,complete_capture_stable_identity,42,30360,9,1044525,Angry Minibull,SimpleChar:7989175A,1,69b102db22fbcf65,3620.42896,0.01,398.461975,3604.76123,0.51,396.082001,15.847462,2
m07931,2026-07-22T14:06:54.187966Z,64856,chase,Promotable,100,complete_decoded_path;exact_identity_metadata;captured_chase_observation;combat_influence_preserved_for_behavior,combat,preceding_scfu_same_generation,95,96056,2,1044525,Bureaucrat Worker,SimpleChar:798915B6,1,883651190123de6e,3604.24927,0.01,400.682922,3607.68335,0.51,397.054565,4.995786,2
m07932,2026-07-22T14:06:54.187966Z,64857,chase,Promotable,100,complete_decoded_path;exact_identity_metadata;captured_chase_observation;combat_influence_preserved_for_behavior,combat,complete_capture_stable_identity,97,96195,1,1044525,Anger Manifestation,SimpleChar:798915B3,3,3476711adece0f39,3603.0415,0.01,399.807251,3607.99731,0.51,396.878754,5.756401,2
m07933,2026-07-22T14:06:54.709243Z,64878,chase,Promotable,100,complete_decoded_path;exact_identity_metadata;captured_chase_observation;combat_influence_preserved_for_behavior,combat,preceding_scfu_same_generation,95,17649,1,1044525,Engineer Automaton I,SimpleChar:798915BE,1,d28084f9a29c356f,3604.16943,0.01,398.953308,3608.26685,0.51,396.787537,4.634589,2
m07935,2026-07-22T14:07:04.519324Z,65173,chase,Ambiguous,84,post_combat_direction_not_leash,combat,preceding_scfu_same_generation,95,96056,2,1044525,Bureaucrat Worker,SimpleChar:798915B6,1,5dfdfed8cc31651b,3607.04224,0.01,397.732086,3604.28613,0.51,396.328278,3.093028,2
m07936,2026-07-22T14:07:04.519324Z,65174,chase,Ambiguous,84,post_combat_direction_not_leash,combat,preceding_scfu_same_generation,95,17649,1,1044525,Engineer Automaton I,SimpleChar:798915BE,1,0cf94d7fdb6c2824,3607.44727,0.01,397.220856,3603.57837,0.51,395.802582,4.120666,2
m07938,2026-07-22T14:07:20.421958Z,65292,chase,Ambiguous,84,post_combat_direction_not_leash,combat,complete_capture_stable_identity,97,96195,1,1044525,Anger Manifestation,SimpleChar:798915B3,3,2d93bc1eb3e6c83d,3604.40796,0.01,396.121399,3608.0686,0.51,394.103241,4.180101,2
m07939,2026-07-22T14:07:20.422459Z,65293,chase,Ambiguous,84,post_combat_direction_not_leash,combat,preceding_scfu_same_generation,95,96056,2,1044525,Bureaucrat Worker,SimpleChar:798915B6,1,aea1e4305fff4630,3604.30176,0.01,396.336243,3607.573,0.51,394.337738,3.83341,2
m07940,2026-07-22T14:07:20.772134Z,65306,chase,Ambiguous,84,post_combat_direction_not_leash,combat,preceding_scfu_same_generation,95,17649,1,1044525,Engineer Automaton I,SimpleChar:798915BE,1,bb4e37f4d0ff8959,3606.97046,0.01,397.299652,3608.82837,0.51,395.910828,2.319625,2
m07941,2026-07-22T14:07:21.261909Z,65340,chase,Ambiguous,84,post_combat_direction_not_leash,combat,complete_capture_stable_identity,97,96195,1,1044525,Anger Manifestation,SimpleChar:798915B3,3,6d489e8101cc48d2,3607.25928,0.01,394.549347,3611.56152,0.51,395.780914,4.475045,2
m07942,2026-07-22T14:07:21.261909Z,65341,chase,Ambiguous,84,post_combat_direction_not_leash,combat,preceding_scfu_same_generation,95,96056,2,1044525,Bureaucrat Worker,SimpleChar:798915B6,1,bab53d69b954766f,3606.78296,0.01,394.820313,3612.30981,0.51,393.602875,5.659349,2
m07943,2026-07-22T14:07:21.261909Z,65342,chase,Ambiguous,84,post_combat_direction_not_leash,combat,preceding_scfu_same_generation,95,17649,1,1044525,Engineer Automaton I,SimpleChar:798915BE,1,5381bc984924d450,3608.06201,0.01,396.483826,3611.44507,0.51,395.138306,3.640813,2
m07944,2026-07-22T14:07:22.322015Z,65357,chase,Rejected,49,path_interrupted_by_stop_command,combat,preceding_scfu_same_generation,95,17649,1,1044525,Engineer Automaton I,SimpleChar:798915BE,1,db06ca6accf58d04,3610.63159,0.01,395.461853,3615.59766,0.51,395.892151,4.984677,2
m07945,2026-07-22T14:07:22.322015Z,65358,chase,Rejected,49,path_interrupted_by_stop_command,combat,complete_capture_stable_identity,97,96195,1,1044525,Anger Manifestation,SimpleChar:798915B3,3,f0e86d9b9e410c5c,3610.69604,0.01,395.533142,3617.20117,0.51,395.251251,6.511235,2
m07946,2026-07-22T14:07:22.572157Z,65360,chase,Promotable,100,complete_decoded_path;exact_identity_metadata;captured_chase_observation;combat_influence_preserved_for_behavior,combat,preceding_scfu_same_generation,95,96056,2,1044525,Bureaucrat Worker,SimpleChar:798915B6,1,ed8d0f38ddf84cbd,3611.52026,0.01,393.776764,3617.88257,0.51,396.06543,6.761433,2
m07947,2026-07-22T14:07:23.612189Z,65387,chase,Rejected,49,path_interrupted_by_stop_command,combat,preceding_scfu_same_generation,95,17649,1,1044525,Engineer Automaton I,SimpleChar:798915BE,1,be6138ff55ba84e6,3614.6875,0.01,395.813293,3622.16113,0.51,398.064453,7.80531,2
m07948,2026-07-22T14:07:24.152469Z,65403,chase,Rejected,49,path_interrupted_by_stop_command,combat,complete_capture_stable_identity,97,96195,1,1044525,Anger Manifestation,SimpleChar:798915B3,3,84fe78cde2817998,3616.85376,0.01,395.266327,3623.63965,0.51,395.371643,6.786707,2
m07949,2026-07-22T14:07:24.152469Z,65406,chase,Rejected,49,path_interrupted_by_stop_command,combat,preceding_scfu_same_generation,95,17649,1,1044525,Engineer Automaton I,SimpleChar:798915BE,1,7c2a7dd6e4507bcc,3617.45361,0.01,396.646484,3648.88257,0.51,396.493683,31.429331,2
m07950,2026-07-22T14:07:24.602189Z,65415,chase,Rejected,49,path_interrupted_by_stop_command,combat,complete_capture_stable_identity,97,96195,1,1044525,Anger Manifestation,SimpleChar:798915B3,3,67c954497b7a86b1,3617.09888,0.01,395.270142,3648.80591,0.51,396.118195,31.718369,2
m07951,2026-07-22T14:07:24.602189Z,65417,chase,Promotable,100,complete_decoded_path;exact_identity_metadata;captured_chase_observation;combat_influence_preserved_for_behavior,combat,preceding_scfu_same_generation,95,96056,2,1044525,Bureaucrat Worker,SimpleChar:798915B6,1,42ff2608bce8e7ee,3617.04199,0.01,395.763,3647.72534,0.51,397.646729,30.741119,2
m07952,2026-07-22T14:07:24.642209Z,65424,chase,Rejected,49,path_interrupted_by_stop_command,combat,complete_capture_stable_identity,97,96195,1,1044525,Anger Manifestation,SimpleChar:798915B3,3,97ce5e2961373e07,3618.1958,0.01,395.309814,3647.89038,0.51,396.667267,29.725591,2
m07953,2026-07-22T14:07:24.642209Z,65425,chase,Promotable,100,complete_decoded_path;exact_identity_metadata;captured_chase_observation;combat_influence_preserved_for_behavior,combat,preceding_scfu_same_generation,95,96056,2,1044525,Bureaucrat Worker,SimpleChar:798915B6,1,a717a074c44bd9a5,3618.15698,0.01,395.834686,3647.68018,0.51,397.810272,29.589226,2
m07954,2026-07-22T14:07:25.502176Z,65434,chase,Rejected,49,explicit_setpos_teleport,combat;player,complete_capture_stable_identity,42,30360,12,1044525,Angry Minibull,SimpleChar:79891705,1,843e74bab38c7bfc,3649.43604,0.01,398.206482,3626.25098,0.51,396.016632,23.288247,2
m07955,2026-07-22T14:07:27.551778Z,65451,chase,Promotable,100,complete_decoded_path;exact_identity_metadata;captured_chase_observation;combat_influence_preserved_for_behavior,combat,preceding_scfu_same_generation,95,17649,1,1044525,Engineer Automaton I,SimpleChar:798915BE,1,bb7c5a9344833e6b,3634.34131,0.01,396.578583,3637.23218,0.51,395.667389,3.031073,2
m07956,2026-07-22T14:07:29.742425Z,65493,chase,Promotable,100,complete_decoded_path;exact_identity_metadata;captured_chase_observation;combat_influence_preserved_for_behavior;player_influence_preserved_for_behavior,combat;player,complete_capture_stable_identity,42,30360,12,1044525,Angry Minibull,SimpleChar:79891705,1,70709fa294d012b9,3635.99731,0.01,396.944,3630.31934,0.51,398.949463,6.021729,2
m07957,2026-07-22T14:07:30.502282Z,65513,chase,Ambiguous,84,combat_direction_ambiguous,combat,preceding_scfu_same_generation,95,17649,1,1044525,Engineer Automaton I,SimpleChar:798915BE,1,31db6f443f54f219,3636.46948,0.01,396.102478,3632.90454,0.51,396.709625,3.616272,2
m07958,2026-07-22T14:07:39.395904Z,65593,chase,Rejected,49,explicit_setpos_teleport,combat;player,complete_capture_stable_identity,42,30360,8,1044525,Angry Minibull,SimpleChar:79891770,1,1ee71f17508d9e43,3620.48682,0.01,398.257263,3631.66724,0.51,398.870422,11.197221,2
m07959,2026-07-22T14:08:12.775481Z,65738,chase,Rejected,49,explicit_setpos_teleport,combat;player,complete_capture_stable_identity,42,30360,8,1044525,Angry Minibull,SimpleChar:79891779,0,5fb0cb264d413e2f,3650.17529,0.01,398.117188,3633.88965,0.51,397.694946,16.291113,2
m07960,2026-07-22T14:08:19.085819Z,65797,chase,Promotable,100,complete_decoded_path;exact_identity_metadata;captured_chase_observation;combat_influence_preserved_for_behavior,combat,preceding_scfu_same_generation,95,96056,2,1044525,Bureaucrat Worker,SimpleChar:798915B6,1,0b5f3b1557bd5790,3634.23633,0.01,396.908691,3632.1228,0.51,400.003876,3.747957,2
m07961,2026-07-22T14:08:34.878837Z,66168,chase,Ambiguous,84,post_combat_direction_not_leash,combat,preceding_scfu_same_generation,95,96056,2,1044525,Bureaucrat Worker,SimpleChar:798915B6,1,d64d224649da4c19,3632.61841,0.01,399.277771,3630.98853,0.51,397.833923,2.177431,2
m07963,2026-07-22T14:08:35.089448Z,66177,chase,Ambiguous,84,post_combat_direction_not_leash,combat,preceding_scfu_same_generation,95,17649,1,1044525,Engineer Automaton I,SimpleChar:798915BE,1,f8c5a4202b7c6c7e,3633.82788,0.01,396.552368,3631.75513,0.51,394.744293,2.750532,2
m07964,2026-07-22T14:08:35.659752Z,66192,chase,Ambiguous,84,post_combat_direction_not_leash,combat,preceding_scfu_same_generation,95,96056,2,1044525,Bureaucrat Worker,SimpleChar:798915B6,1,0a10db294532ed0e,3631.70508,0.01,398.468567,3632.92822,0.991265,393.410645,5.203715,2
m07965,2026-07-22T14:08:36.520809Z,66212,chase,Ambiguous,84,post_combat_direction_not_leash,combat,complete_capture_stable_identity,97,96195,1,1044525,Anger Manifestation,SimpleChar:798915B3,3,de6b15c7959f6658,3632.84424,0.01,395.761169,3634.3584,0.51,393.265564,2.919028,2
m07966,2026-07-22T14:08:36.520809Z,66213,chase,Ambiguous,84,post_combat_direction_not_leash,combat,preceding_scfu_same_generation,95,17649,1,1044525,Engineer Automaton I,SimpleChar:798915BE,1,a10ac6239ef6828e,3632.4895,0.01,395.384949,3634.37061,0.51,393.289124,2.816213,2
m07967,2026-07-22T14:08:37.040602Z,66224,chase,Ambiguous,84,post_combat_direction_not_leash,combat,preceding_scfu_same_generation,95,96056,2,1044525,Bureaucrat Worker,SimpleChar:798915B6,1,00b9d92741ef1491,3632.71118,0.01,394.308136,3635.29102,0.51,391.055145,4.15181,2
m07968,2026-07-22T14:08:37.540888Z,66237,chase,Ambiguous,84,post_combat_direction_not_leash,combat,complete_capture_stable_identity,97,96195,1,1044525,Anger Manifestation,SimpleChar:798915B3,3,9b7ca16776aee1fa,3633.84448,0.01,394.112946,3637.34351,0.51,390.434448,5.076865,2
m07969,2026-07-22T14:08:37.540888Z,66238,chase,Ambiguous,84,post_combat_direction_not_leash,combat,preceding_scfu_same_generation,95,17649,1,1044525,Engineer Automaton I,SimpleChar:798915BE,1,84575b86e6668b62,3633.78296,0.01,393.944061,3639.40112,0.51,391.903595,5.977225,2
m07970,2026-07-22T14:08:38.020626Z,66257,chase,Ambiguous,84,post_combat_direction_not_leash,combat,preceding_scfu_same_generation,95,96056,2,1044525,Bureaucrat Worker,SimpleChar:798915B6,1,6597bfb130514b0d,3634.72534,0.01,391.76828,3640.45581,0.51,391.510254,5.736276,2
m07971,2026-07-22T14:08:38.680954Z,66283,chase,Ambiguous,84,post_combat_direction_not_leash,combat,complete_capture_stable_identity,97,96195,1,1044525,Anger Manifestation,SimpleChar:798915B3,3,a5b71edf34fa0885,3636.67261,0.01,391.139801,3643.81079,0.51,391.160797,7.138211,2
m07972,2026-07-22T14:08:38.680954Z,66284,chase,Ambiguous,84,post_combat_direction_not_leash,combat,preceding_scfu_same_generation,95,17649,1,1044525,Engineer Automaton I,SimpleChar:798915BE,1,57e15a26e34b1eba,3638.51538,0.01,392.225281,3644.21313,0.51,392.291595,5.698136,2
m07973,2026-07-22T14:08:39.128750Z,66297,chase,Ambiguous,84,post_combat_direction_not_leash,combat,preceding_scfu_same_generation,95,96056,2,1044525,Bureaucrat Worker,SimpleChar:798915B6,1,c1e0815b3efa4c25,3639.57715,0.01,391.549835,3644.07446,0.51,392.517944,4.60033,2
m07976,2026-07-22T14:08:40.418927Z,66337,chase,Ambiguous,84,post_combat_direction_not_leash,combat,complete_capture_stable_identity,97,96195,1,1044525,Anger Manifestation,SimpleChar:798915B3,3,74d2989be39f4e93,3642.98242,0.01,391.158325,3649.23022,0.51,391.638214,6.266203,2
m07977,2026-07-22T14:08:40.828627Z,66340,chase,Ambiguous,84,post_combat_direction_not_leash,combat,preceding_scfu_same_generation,95,17649,1,1044525,Engineer Automaton I,SimpleChar:798915BE,1,e77448fec39dd239,3644.25049,0.01,392.922028,3648.75879,0.51,394.029449,4.642322,2
m07978,2026-07-22T14:08:41.268883Z,66360,chase,Ambiguous,84,post_combat_direction_not_leash,combat,preceding_scfu_same_generation,95,96056,2,1044525,Bureaucrat Worker,SimpleChar:798915B6,1,3bec7cb327c4904c,3645.92212,0.01,394.239716,3651.9209,0.51,390.294556,7.179808,2
m07979,2026-07-22T14:08:41.828689Z,66381,chase,Ambiguous,84,post_combat_direction_not_leash,combat,preceding_scfu_same_generation,95,17649,1,1044525,Engineer Automaton I,SimpleChar:798915BE,1,9dbff67c320677b7,3647.83691,0.01,393.802979,3653.88013,0.51,389.91452,7.186141,2
m07980,2026-07-22T14:08:42.158885Z,66391,chase,Ambiguous,84,post_combat_direction_not_leash,combat,complete_capture_stable_identity,97,96195,1,1044525,Anger Manifestation,SimpleChar:798915B3,3,b1f577b919ec736d,3648.30103,0.01,391.566803,3654.59521,0.51,390.24292,6.431902,2
m07981,2026-07-22T14:08:42.808709Z,66411,chase,Ambiguous,84,post_combat_direction_not_leash,combat,preceding_scfu_same_generation,95,96056,2,1044525,Bureaucrat Worker,SimpleChar:798915B6,1,c4ff01c46aafc042,3651.13696,0.01,390.810028,3659.29346,0.51,391.29245,8.170754,2
m07982,2026-07-22T14:08:43.448545Z,66419,chase,Ambiguous,84,post_combat_direction_not_leash,combat,complete_capture_stable_identity,97,96195,1,1044525,Anger Manifestation,SimpleChar:798915B3,3,2c175137b11dd1dc,3653.6875,0.01,390.433868,3662.6731,0.51,386.782623,9.699103,2
m07983,2026-07-22T14:08:43.448545Z,66420,chase,Ambiguous,84,post_combat_direction_not_leash,combat,preceding_scfu_same_generation,95,17649,1,1044525,Engineer Automaton I,SimpleChar:798915BE,1,eb983910e912515f,3653.19775,0.01,390.353699,3661.55811,0.51,388.07901,8.664285,2
m07984,2026-07-22T14:08:44.557726Z,66456,chase,Ambiguous,84,post_combat_direction_not_leash,combat,preceding_scfu_same_generation,95,96056,2,1044525,Bureaucrat Worker,SimpleChar:798915B6,1,2a21bf0ffa11b180,3658.43823,0.01,391.241852,3668.38037,0.580386,390.334412,9.983466,2
m07985,2026-07-22T14:08:45.197044Z,66458,chase,Ambiguous,84,post_combat_direction_not_leash,combat,preceding_scfu_same_generation,95,17649,1,1044525,Engineer Automaton I,SimpleChar:798915BE,1,7cc20085a591768e,3660.43872,0.01,388.383759,3670.2793,0.795791,389.823914,9.945404,2
m07986,2026-07-22T14:08:45.437662Z,66459,chase,Ambiguous,84,post_combat_direction_not_leash,combat,complete_capture_stable_identity,97,96195,1,1044525,Anger Manifestation,SimpleChar:798915B3,3,d99b6f03fe548b65,3661.69629,0.01,387.179626,3671.81763,0.81,389.931793,10.488849,2
m07987,2026-07-22T14:08:46.567735Z,66500,chase,Ambiguous,84,post_combat_direction_not_leash,combat,preceding_scfu_same_generation,95,96056,2,1044525,Bureaucrat Worker,SimpleChar:798915B6,1,648979a47d6e8945,3667.15381,0.01,390.446381,3676.73486,1.134546,388.105896,9.862778,2
m07988,2026-07-22T14:08:47.071986Z,66564,chase,Ambiguous,84,post_combat_direction_not_leash,combat,preceding_scfu_same_generation,95,17649,1,1044525,Engineer Automaton I,SimpleChar:798915BE,1,f89cedc088940c72,3669.28369,0.10928,389.617737,3679.37793,1.808978,389.417389,10.096228,2
m07989,2026-07-22T14:08:47.551877Z,66583,chase,Ambiguous,84,post_combat_direction_not_leash,combat,complete_capture_stable_identity,97,96195,1,1044525,Anger Manifestation,SimpleChar:798915B3,3,2d7d92e1b51938a3,3671.1084,0.246133,389.322021,3681.64282,1.106473,388.256714,10.588148,2
m08033,2026-07-22T14:09:15.331442Z,67108,chase,Rejected,49,explicit_setpos_teleport,combat;player,complete_capture_stable_identity,55,17687,6,1044525,Rollerrat,SimpleChar:7988CA3F,2,5cc5fd26bece0406,3573.0166,0.31,498.078369,3598.20386,0.51,496.472046,25.23843,2
m08038,2026-07-22T14:09:17.672329Z,67120,chase,Rejected,49,explicit_setpos_teleport,combat;player,complete_capture_stable_identity,55,17687,6,1044525,Rollerrat,SimpleChar:7988CA3F,2,08acb8c3b7a27187,3582.38306,0.133395,497.494507,3592.68506,0.51,503.126984,11.74121,2
m08046,2026-07-22T14:09:20.728083Z,67142,chase,Promotable,100,complete_decoded_path;exact_identity_metadata;captured_chase_observation;combat_influence_preserved_for_behavior;player_influence_preserved_for_behavior,combat;player,complete_capture_stable_identity,55,17687,6,1044525,Rollerrat,SimpleChar:7988CA3F,2,709170f5703dd885,3588.5271,0.01,508.74118,3578.60352,1.11,515.684387,12.111382,2
m08050,2026-07-22T14:09:22.853486Z,67186,chase,Promotable,100,complete_decoded_path;exact_identity_metadata;captured_chase_observation;combat_influence_preserved_for_behavior;player_influence_preserved_for_behavior,combat;player,complete_capture_stable_identity,55,17687,6,1044525,Rollerrat,SimpleChar:7988CA3F,2,ed8d8babbdee9b78,3580.43506,0.61,514.54126,3573.72339,2.61,523.259705,11.002627,2
m08052,2026-07-22T14:09:24.265888Z,67236,chase,Rejected,49,explicit_setpos_teleport,combat;player,complete_capture_stable_identity,42,30360,8,1044525,Angry Minibull,SimpleChar:798915D5,1,ac6e8413dfa610eb,3565.65308,1.936984,532.145508,3569.65698,2.61,530.157898,4.470102,2
m08053,2026-07-22T14:09:25.249891Z,67240,chase,Promotable,100,complete_decoded_path;exact_identity_metadata;captured_chase_observation;combat_influence_preserved_for_behavior;player_influence_preserved_for_behavior,combat;player,complete_capture_stable_identity,55,17687,6,1044525,Rollerrat,SimpleChar:7988CA3F,2,69f353b503b94719,3574.14453,1.535118,522.438721,3567.78784,2.61,527.119507,7.894129,2
m08057,2026-07-22T14:09:43.097508Z,67652,chase,Ambiguous,84,post_combat_direction_not_leash,combat,complete_capture_stable_identity,97,96195,1,1044525,Anger Manifestation,SimpleChar:798915B3,3,99605d7cedbc64a7,3568.03711,2.11,526.667236,3569.89355,2.61,530.612427,4.360149,2
m08061,2026-07-22T14:09:44.018999Z,67675,chase,Ambiguous,84,post_combat_direction_not_leash,combat,complete_capture_stable_identity,97,96195,1,1044525,Anger Manifestation,SimpleChar:798915B3,3,ad6939332ae409b2,3569.49951,2.11,529.775696,3566.62036,2.470716,534.948242,5.91986,2
m08065,2026-07-22T14:09:45.402719Z,67732,chase,Ambiguous,84,post_combat_direction_not_leash,combat,complete_capture_stable_identity,97,96195,1,1044525,Anger Manifestation,SimpleChar:798915B3,3,ce7463506c37830e,3567.01001,2.038754,534.248413,3564.60254,2.301174,537.663086,4.178026,2
m08066,2026-07-22T14:10:04.613381Z,67877,chase,Ambiguous,84,post_combat_direction_not_leash,combat,complete_capture_stable_identity,97,96195,1,1044525,Anger Manifestation,SimpleChar:798915B3,3,c4ea7b02c4cb16dc,3565.16479,1.83542,536.865906,3568.55786,2.462783,539.546814,4.324372,2
m08070,2026-07-22T14:10:05.608835Z,67915,chase,Ambiguous,84,post_combat_direction_not_leash,combat,complete_capture_stable_identity,97,96195,1,1044525,Anger Manifestation,SimpleChar:798915B3,3,a82998f3e66e76c5,3567.85522,2.09429,538.991577,3565.52637,2.828463,545.581848,6.989651,2
m08071,2026-07-22T14:10:06.011533Z,67920,chase,Rejected,49,explicit_setpos_teleport;combat_target_position_unavailable,combat,complete_capture_stable_identity,42,30360,12,1044525,Angry Minibull,SimpleChar:79891793,1,617c3e8d383108f7,3565.79077,1.947311,532.824646,3567.96045,2.872024,545.690735,13.047749,2
m08076,2026-07-22T14:10:07.449892Z,67938,chase,Rejected,49,explicit_setpos_teleport;combat_target_position_unavailable,combat,complete_capture_stable_identity,42,30360,12,1044525,Angry Minibull,SimpleChar:79891793,1,0b76c5b8a20776d3,3567.06494,1.975747,540.49176,3565.81592,3.485198,554.834167,14.39669,2
m08080,2026-07-22T14:10:09.243885Z,67970,chase,Ambiguous,84,combat_target_position_unavailable,combat,complete_capture_stable_identity,42,30360,12,1044525,Angry Minibull,SimpleChar:79891793,1,1f8e5de1b56bbff3,3566.39893,2.476614,549.591797,3563.24487,2.745416,563.296509,14.062974,2
m08083,2026-07-22T14:10:11.053317Z,67998,chase,Rejected,49,explicit_setpos_teleport,combat;player,complete_capture_stable_identity,42,30360,13,1044525,Angry Minibull,SimpleChar:79891763,1,b5f67d5eb66c7ec2,3558.57666,3.898758,585.127075,3562.50391,3.725735,573.60437,12.173579,2
m08084,2026-07-22T14:10:11.053317Z,67999,chase,Ambiguous,84,combat_target_position_unavailable,combat,complete_capture_stable_identity,42,30360,12,1044525,Angry Minibull,SimpleChar:79891793,1,51881ed51a449054,3564.37964,2.431858,558.597778,3560.45557,3.810449,571.854492,13.825295,2
m08087,2026-07-22T14:10:12.846752Z,68054,chase,Rejected,49,path_interrupted_by_stop_command,combat,preceding_scfu_same_generation,95,17649,1,1044525,Engineer Automaton I,SimpleChar:798915BE,1,9f5f54f96b32af92,3563.17896,2.622883,568.634766,3560.96851,4.161403,577.648071,9.280396,2
m08088,2026-07-22T14:10:13.206951Z,68066,chase,Rejected,49,path_interrupted_by_stop_command,combat,preceding_scfu_same_generation,95,17649,1,1044525,Engineer Automaton I,SimpleChar:798915BE,1,847f79aa6d1caf52,3563.11694,2.685459,568.892212,3561.13696,4.448988,578.768188,10.072498,2
m08089,2026-07-22T14:10:13.897315Z,68081,chase,Rejected,49,path_interrupted_by_stop_command,combat,complete_capture_stable_identity,97,96195,1,1044525,Anger Manifestation,SimpleChar:798915B3,3,5fe311d62bac9104,3562.32886,3.333511,572.97229,3559.62085,4.161403,576.851685,4.73107,2
m08090,2026-07-22T14:10:13.897315Z,68082,chase,Rejected,49,path_interrupted_by_stop_command;combat_target_position_unavailable,combat,complete_capture_stable_identity,42,30360,12,1044525,Angry Minibull,SimpleChar:79891793,1,1e866b28d8e96414,3560.71802,2.984649,570.903931,3561.2085,4.161403,578.17865,7.291235,2
m08091,2026-07-22T14:10:14.147436Z,68091,chase,Rejected,49,path_interrupted_by_stop_command,combat,complete_capture_stable_identity,97,96195,1,1044525,Anger Manifestation,SimpleChar:798915B3,3,5dfa7659c39dcb07,3562.18579,3.35346,573.176819,3562.08545,4.448988,579.226257,6.05027,2
m08092,2026-07-22T14:10:14.508102Z,68100,chase,Rejected,49,path_interrupted_by_stop_command,combat,complete_capture_stable_identity,97,96195,1,1044525,Anger Manifestation,SimpleChar:798915B3,3,c7b7e2675bc3e5be,3562.05176,3.566206,574.209778,3562.36523,4.448988,580.330322,6.128566,2
m08095,2026-07-22T14:10:43.111507Z,68379,chase,Ambiguous,84,post_combat_direction_not_leash,combat,complete_capture_stable_identity,97,96195,1,1044525,Anger Manifestation,SimpleChar:798915B3,3,c627ebac41c20276,3562.24829,4.038746,579.428284,3559.07568,3.933596,582.268127,4.257953,2
m08100,2026-07-22T14:10:44.246697Z,68388,chase,Ambiguous,84,post_combat_direction_not_leash,combat,complete_capture_stable_identity,97,96195,1,1044525,Anger Manifestation,SimpleChar:798915B3,3,261fb7b91cb1ea29,3559.80103,3.983737,581.618896,3556.55713,3.52518,586.70813,6.035163,2
m08103,2026-07-22T14:10:46.104609Z,68421,chase,Ambiguous,84,post_combat_direction_not_leash,combat,complete_capture_stable_identity,97,96195,1,1044525,Anger Manifestation,SimpleChar:798915B3,3,8953ca80c6ddee20,3557.04248,3.553567,585.94696,3555.30542,1.629232,591.842468,6.146088,2
m08106,2026-07-22T14:10:47.280698Z,68447,chase,Ambiguous,84,post_combat_direction_not_leash,combat,complete_capture_stable_identity,97,96195,1,1044525,Anger Manifestation,SimpleChar:798915B3,3,ea3399035e2b53e2,3555.54736,2.114756,591.023193,3553.30859,0.51,598.516357,7.82046,2
m08108,2026-07-22T14:10:49.180041Z,68457,chase,Ambiguous,84,post_combat_direction_not_leash,combat,complete_capture_stable_identity,97,96195,1,1044525,Anger Manifestation,SimpleChar:798915B3,3,f12f20e94db2b754,3553.57666,0.188537,597.619507,3553.20068,0.51,599.918762,2.329793,2
m08111,2026-07-22T14:10:50.631771Z,68467,chase,Ambiguous,84,post_combat_direction_not_leash,combat,complete_capture_stable_identity,97,96195,1,1044525,Anger Manifestation,SimpleChar:798915B3,3,85f4cbe41383abfa,3553.35522,0.087142,598.971436,3551.87378,0.51,601.734924,3.135527,2
m08112,2026-07-22T14:10:51.472249Z,68484,chase,Ambiguous,84,post_combat_direction_not_leash,combat,complete_capture_stable_identity,97,96195,1,1044525,Anger Manifestation,SimpleChar:798915B3,3,abd6382f10130d9f,3552.45581,0.01,600.648926,3548.10938,0.816033,618.990173,18.849212,2
m08116,2026-07-22T14:10:56.746648Z,68617,chase,Rejected,49,explicit_setpos_teleport,combat;player,complete_capture_stable_identity,55,17687,6,1044525,Rollerrat,SimpleChar:7989165A,2,9aeb614813791c6f,3562.87891,2.528433,654.064697,3556.10327,2.568879,647.625549,9.347295,2
m08703,2026-07-22T14:15:43.663119Z,75354,chase,Rejected,49,explicit_setpos_teleport;path_interrupted_by_stop_command;combat_target_position_unavailable,combat;player,complete_capture_stable_identity,25,17657,6,1044525,Garbage Flea,SimpleChar:7989164B,3,589983eb6f47540e,3450.19556,0.01,818.37738,3451.69238,0.484349,812.295288,6.26357,2
m08704,2026-07-22T14:15:45.384398Z,75376,chase,Rejected,49,explicit_setpos_teleport;path_interrupted_by_stop_command;combat_target_position_unavailable,combat;player,complete_capture_stable_identity,25,17657,6,1044525,Garbage Flea,SimpleChar:7989164B,3,91d06fa7df8ac64a,3450.61816,0.01,816.536804,3452.73975,0.51,811.239136,5.7067,2
m08711,2026-07-22T14:15:47.646110Z,75402,chase,Rejected,49,explicit_setpos_teleport;combat_target_position_unavailable,combat;player,complete_capture_stable_identity,25,17657,6,1044525,Garbage Flea,SimpleChar:79891646,2,93000132f7218a69,3445.23975,0,805.269348,3449.78809,0.0077,809.220154,6.024638,2
m08744,2026-07-22T14:16:09.007622Z,75686,chase,Rejected,49,explicit_setpos_teleport;path_interrupted_by_stop_command;combat_target_position_unavailable,combat;player,complete_capture_stable_identity,25,17657,5,1044525,Garbage Flea,SimpleChar:79891625,2,3abdc92afaf48266,3451.46338,0.01,853.790527,3454.41016,0.51,847.555054,6.896712,2
m08761,2026-07-22T14:16:21.301907Z,75828,chase,Rejected,49,explicit_setpos_teleport;path_interrupted_by_stop_command;combat_target_position_unavailable,combat;player,complete_capture_stable_identity,25,17657,6,1044525,Garbage Flea,SimpleChar:7989162A,11,846867fa2b314dfe,3453.6106,0.01,875.218506,3453.51245,0.636055,879.729492,4.512054,2
m08763,2026-07-22T14:16:21.964729Z,75840,chase,Rejected,49,explicit_setpos_teleport;path_interrupted_by_stop_command;combat_target_position_unavailable,combat;player,complete_capture_stable_identity,25,17657,6,1044525,Garbage Flea,SimpleChar:7989162A,11,f863baab6e763282,3453.65161,0.01,874.975891,3453.10815,0.51,869.733459,5.270526,2
m08842,2026-07-22T14:16:58.956298Z,77164,chase,Rejected,49,explicit_setpos_teleport,combat;player,later_scfu_same_generation,1019,17720,13,1044525,Robotic Guard Dog,SimpleChar:78E0FCE9,4,bdaecad41efcb762,3406.91431,9,882.044678,3409.44043,9.51,890.441284,8.768368,2
m08870,2026-07-22T14:17:33.922601Z,77464,chase,Ambiguous,84,combat_target_position_unavailable,combat,later_scfu_same_generation,1019,17720,13,1044525,Robotic Guard Dog,SimpleChar:78E0FCE9,4,2984e754bb467edd,3409.13647,9.01,889.667786,3406.54077,9.51,886.296326,4.254927,2
m08875,2026-07-22T14:17:35.024124Z,77608,chase,Ambiguous,84,combat_target_position_unavailable,combat,later_scfu_same_generation,1019,17720,13,1044525,Robotic Guard Dog,SimpleChar:78E0FCE9,4,8049ccb0b6b52a63,3407.15479,9.01,887.042175,3409.14844,9.51,879.907776,7.407718,2
m08887,2026-07-22T14:17:40.929161Z,77804,chase,Rejected,49,explicit_setpos_teleport;path_interrupted_by_stop_command,combat;player,later_scfu_same_generation,1019,17720,13,1044525,Robotic Guard Dog,SimpleChar:78E0FCE9,4,c07865685649e5f3,3406.11841,9.01,884.830078,3410.24243,9.51,869.674988,15.706186,2
m08905,2026-07-22T14:17:45.464528Z,77953,chase,Rejected,49,path_interrupted_by_stop_command;post_combat_direction_not_leash,combat,later_scfu_same_generation,1019,17720,13,1044525,Robotic Guard Dog,SimpleChar:78E0FCE9,4,dfbeb24b6331bbe6,3406.44238,9.01,883.705872,3406.36963,9.51,884.666077,0.962957,2
m08906,2026-07-22T14:17:45.671134Z,77955,chase,Rejected,49,path_interrupted_by_stop_command;post_combat_direction_not_leash,combat,later_scfu_same_generation,1019,17720,13,1044525,Robotic Guard Dog,SimpleChar:78E0FCE9,4,dfbeb24b6331bbe6,3406.44238,9.01,883.705872,3406.38721,9.51,884.696838,0.992501,2
m08907,2026-07-22T14:17:45.878220Z,77960,chase,Ambiguous,84,post_combat_direction_not_leash,combat,later_scfu_same_generation,1019,17720,13,1044525,Robotic Guard Dog,SimpleChar:78E0FCE9,4,87ab6ca75994a1cc,3406.44238,9.01,883.705872,3406.41846,9.51,884.82843,1.122813,2
m08908,2026-07-22T14:17:46.070813Z,77961,chase,Ambiguous,84,post_combat_direction_not_leash,combat,later_scfu_same_generation,1019,17720,13,1044525,Robotic Guard Dog,SimpleChar:78E0FCE9,4,952dabdffe7a36f6,3406.43921,9.01,883.855408,3406.22314,9.51,884.54895,0.726421,2
m08911,2026-07-22T14:17:46.420480Z,77972,chase,Ambiguous,84,post_combat_direction_not_leash,combat,later_scfu_same_generation,1019,17720,13,1044525,Robotic Guard Dog,SimpleChar:78E0FCE9,4,ed3e25d5d486325e,3406.43921,9.01,883.855408,3406.31177,9.51,884.600586,0.755997,2
m08913,2026-07-22T14:17:46.699109Z,78009,chase,Ambiguous,84,post_combat_direction_not_leash,combat,later_scfu_same_generation,1019,17720,13,1044525,Robotic Guard Dog,SimpleChar:78E0FCE9,4,952dabdffe7a36f6,3406.43921,9.01,883.855408,3405.97534,9.51,884.566406,0.848937,2
m08915,2026-07-22T14:17:46.821154Z,78018,chase,Ambiguous,84,post_combat_direction_not_leash,combat,later_scfu_same_generation,1019,17720,13,1044525,Robotic Guard Dog,SimpleChar:78E0FCE9,4,952dabdffe7a36f6,3406.43921,9.01,883.855408,3406.24731,9.51,884.559204,0.729489,2
m08916,2026-07-22T14:17:46.982707Z,78032,chase,Ambiguous,84,post_combat_direction_not_leash,combat,later_scfu_same_generation,1019,17720,13,1044525,Robotic Guard Dog,SimpleChar:78E0FCE9,4,ed3e25d5d486325e,3406.43921,9.01,883.855408,3406.3689,9.51,884.6651,0.812739,2
m08917,2026-07-22T14:17:47.185354Z,78039,chase,Ambiguous,84,post_combat_direction_not_leash,combat,later_scfu_same_generation,1019,17720,13,1044525,Robotic Guard Dog,SimpleChar:78E0FCE9,4,ed3e25d5d486325e,3406.43921,9.01,883.855408,3406.30103,9.51,884.592163,0.749601,2
m08919,2026-07-22T14:17:47.624716Z,78052,chase,Ambiguous,84,post_combat_direction_not_leash,combat,later_scfu_same_generation,1019,17720,13,1044525,Robotic Guard Dog,SimpleChar:78E0FCE9,4,952dabdffe7a36f6,3406.43921,9.01,883.855408,3405.91602,9.51,884.608704,0.91716,2
m08920,2026-07-22T14:17:47.624716Z,78055,chase,Ambiguous,84,post_combat_direction_not_leash,combat,later_scfu_same_generation,1019,17720,13,1044525,Robotic Guard Dog,SimpleChar:78E0FCE9,4,952dabdffe7a36f6,3406.43921,9.01,883.855408,3406.24438,9.51,884.5578,0.728912,2
m08921,2026-07-22T14:17:48.002451Z,78060,chase,Ambiguous,84,post_combat_direction_not_leash,combat,later_scfu_same_generation,1019,17720,13,1044525,Robotic Guard Dog,SimpleChar:78E0FCE9,4,ed3e25d5d486325e,3406.43921,9.01,883.855408,3406.34058,9.51,884.62854,0.779398,2
m08924,2026-07-22T14:17:48.162025Z,78066,chase,Ambiguous,84,post_combat_direction_not_leash,combat,later_scfu_same_generation,1019,17720,13,1044525,Robotic Guard Dog,SimpleChar:78E0FCE9,4,952dabdffe7a36f6,3406.43921,9.01,883.855408,3406.06201,9.51,884.5354,0.777605,2
m08927,2026-07-22T14:17:48.522173Z,78074,chase,Ambiguous,84,post_combat_direction_not_leash,combat,later_scfu_same_generation,1019,17720,13,1044525,Robotic Guard Dog,SimpleChar:78E0FCE9,4,ed3e25d5d486325e,3406.43921,9.01,883.855408,3406.396,9.51,884.716187,0.861863,2
m08928,2026-07-22T14:17:48.522173Z,78075,chase,Ambiguous,84,post_combat_direction_not_leash,combat,later_scfu_same_generation,1019,17720,13,1044525,Robotic Guard Dog,SimpleChar:78E0FCE9,4,ece5dfc20416ac67,3406.43921,9.01,883.855408,3406.41309,9.51,884.77356,0.918523,2
m08949,2026-07-22T14:17:56.754689Z,78261,chase,Rejected,49,explicit_setpos_teleport;combat_target_position_unavailable,combat;player,later_scfu_same_generation,25,17657,6,1044525,Garbage Flea,SimpleChar:7989160A,1,c401a44b59575a44,3421.97803,0.01,864.650696,3424.77417,0.51,857.704651,7.487719,2
m09017,2026-07-22T14:18:21.696175Z,79277,chase,Rejected,49,path_interrupted_by_stop_command;combat_target_position_unavailable,combat,later_scfu_same_generation,25,17657,7,1044525,Mutated Garbage Flea,SimpleChar:79891578,5,201f25eafcebf030,3423.62646,0.01,848.638855,3423.74512,0.51,837.164124,11.475345,2
m09024,2026-07-22T14:18:23.426137Z,79371,chase,Rejected,49,path_interrupted_by_stop_command;combat_target_position_unavailable,combat,later_scfu_same_generation,25,17657,5,1044525,Garbage Flea,SimpleChar:798917F5,1,149dcda6a9b86916,3423.5603,0.01,842.379272,3423.76416,0.51,882.438416,40.059663,2
m09162,2026-07-22T14:19:22.362399Z,81799,chase,Promotable,100,complete_decoded_path;exact_identity_metadata;captured_chase_observation;combat_influence_preserved_for_behavior,combat,complete_capture_stable_identity,97,96195,1,1044525,Anger Manifestation,SimpleChar:798915B3,3,d93c3da28965c277,3407.51196,9.01,878.718323,3408.21533,9.51,883.203613,4.540105,2
m09164,2026-07-22T14:19:22.362399Z,81801,chase,Ambiguous,84,combat_direction_ambiguous,combat;player,complete_capture_stable_identity,1019,17720,13,1044525,Robotic Guard Dog,SimpleChar:78E0FCE9,6,dcc28c38efcece51,3406.88086,9.01,882.131287,3407.37793,9.51,884.169128,2.097588,2
m09167,2026-07-22T14:19:23.135280Z,81814,chase,Promotable,100,complete_decoded_path;exact_identity_metadata;captured_chase_observation;combat_influence_preserved_for_behavior;player_influence_preserved_for_behavior,combat;player,complete_capture_stable_identity,1019,17720,13,1044525,Robotic Guard Dog,SimpleChar:78E0FCE9,6,94d5b93be1706f16,3407.16211,9.01,883.283203,3408.79321,9.51,887.646362,4.658073,2
m09168,2026-07-22T14:19:23.377321Z,81821,chase,Ambiguous,84,post_combat_direction_not_leash,combat,preceding_scfu_same_generation,95,17649,1,1044525,Engineer Automaton I,SimpleChar:798915BE,1,74cfb0ff27e930ef,3407.15039,9.01,883.325195,3408.13354,9.01,888.540405,5.307071,2
m09170,2026-07-22T14:19:23.377321Z,81832,chase,Ambiguous,84,post_combat_direction_not_leash,combat,complete_capture_stable_identity,97,96195,1,1044525,Anger Manifestation,SimpleChar:798915B3,3,206c232d6e7c71a2,3408.08545,9.01,882.376892,3408.68018,9.01,889.540344,7.188098,2
m09172,2026-07-22T14:19:23.377321Z,81834,chase,Ambiguous,84,post_combat_direction_not_leash,combat,preceding_scfu_same_generation,95,96056,2,1044525,Bureaucrat Worker,SimpleChar:798915B6,1,6412b674e638abb1,3406.2373,9.01,884.347412,3408.2063,9.01,889.655151,5.661188,2
m09174,2026-07-22T14:19:24.287778Z,81852,chase,Promotable,100,complete_decoded_path;exact_identity_metadata;captured_chase_observation;combat_influence_preserved_for_behavior;player_influence_preserved_for_behavior,combat;player,complete_capture_stable_identity,1019,17720,13,1044525,Robotic Guard Dog,SimpleChar:78E0FCE9,6,54ab716f1edebe9e,3408.48975,9.01,886.834656,3408.00342,9.51,890.35199,3.550796,2
m09176,2026-07-22T14:19:24.699474Z,81865,chase,Ambiguous,84,post_combat_direction_not_leash,combat,preceding_scfu_same_generation,95,17649,1,1044525,Engineer Automaton I,SimpleChar:798915BE,1,904ef13ba1d60739,3407.9856,9.01,887.757019,3409.19263,9.51,890.50769,3.00385,2
m09184,2026-07-22T14:19:29.925109Z,81979,chase,Promotable,100,complete_decoded_path;exact_identity_metadata;captured_chase_observation;combat_influence_preserved_for_behavior;player_influence_preserved_for_behavior,combat;player,complete_capture_stable_identity,1019,17720,13,1044525,Robotic Guard Dog,SimpleChar:78E0FCE9,6,8885cd343f665770,3408.0354,9.01,889.476868,3407.81494,9.01,887.453491,2.035352,2
m09185,2026-07-22T14:19:29.925109Z,81980,chase,Ambiguous,84,post_combat_direction_not_leash,combat,preceding_scfu_same_generation,95,17649,1,1044525,Engineer Automaton I,SimpleChar:798915BE,1,de8bc58d26fc9332,3408.84399,9.01,889.713379,3407.7644,9.51,887.458252,2.500222,2
m09188,2026-07-22T14:19:30.292788Z,81992,chase,Ambiguous,84,post_combat_direction_not_leash,combat,preceding_scfu_same_generation,95,96056,2,1044525,Bureaucrat Worker,SimpleChar:798915B6,1,36738ec09db831b7,3407.88428,9.01,888.764343,3407.72412,9.01,886.37207,2.397628,2
m09189,2026-07-22T14:19:30.722479Z,82008,chase,Promotable,100,complete_decoded_path;exact_identity_metadata;captured_chase_observation;combat_influence_preserved_for_behavior;player_influence_preserved_for_behavior,combat;player,complete_capture_stable_identity,1019,17720,13,1044525,Robotic Guard Dog,SimpleChar:78E0FCE9,6,0cfabbec431e5fea,3407.62573,9.01,888.424683,3408.9187,9.51,883.777283,4.823909,2
m09197,2026-07-22T14:19:31.775980Z,82109,chase,Promotable,100,complete_decoded_path;exact_identity_metadata;captured_chase_observation;combat_influence_preserved_for_behavior;player_influence_preserved_for_behavior,combat;player,complete_capture_stable_identity,1019,17720,13,1044525,Robotic Guard Dog,SimpleChar:78E0FCE9,6,d494bda8b645aafa,3408.67358,9.01,884.658081,3408.14282,9.01,878.580139,6.101072,2
m09209,2026-07-22T14:19:35.180445Z,82217,chase,Ambiguous,84,post_combat_direction_not_leash,combat,complete_capture_stable_identity,97,96195,1,1044525,Anger Manifestation,SimpleChar:798915B3,3,7132ba166d20c643,3409.70313,9.01,871.826843,3411.88184,9.51,873.761536,2.913729,2
m09216,2026-07-22T14:19:35.544174Z,82240,chase,Rejected,49,path_interrupted_by_stop_command;combat_target_position_unavailable,combat,preceding_scfu_same_generation,95,17649,1,1044525,Engineer Automaton I,SimpleChar:798915BE,1,f8f5e0a94dcc9856,3407.76123,9.01,877.571655,3416.9165,9.645,859.800903,19.990463,2
m09226,2026-07-22T14:19:38.823298Z,82335,chase,Ambiguous,84,post_combat_direction_not_leash,combat,complete_capture_stable_identity,1019,17720,13,1044525,Robotic Guard Dog,SimpleChar:78E0FCE9,6,04de6ce1a42b0bfc,3406.14014,9.01,884.801025,3405.84326,9.51,885.471497,0.73326,2
m09227,2026-07-22T14:19:38.949360Z,82342,chase,Ambiguous,84,post_combat_direction_not_leash,combat,complete_capture_stable_identity,1019,17720,13,1044525,Robotic Guard Dog,SimpleChar:78E0FCE9,6,04de6ce1a42b0bfc,3406.14014,9.01,884.801025,3405.76563,9.51,885.393372,0.700809,2
m09230,2026-07-22T14:19:39.202981Z,82356,chase,Ambiguous,84,post_combat_direction_not_leash,combat,complete_capture_stable_identity,1019,17720,13,1044525,Robotic Guard Dog,SimpleChar:78E0FCE9,6,04de6ce1a42b0bfc,3406.14014,9.01,884.801025,3405.89355,9.51,885.672241,0.905441,2
m09232,2026-07-22T14:19:39.564152Z,82378,chase,Ambiguous,84,post_combat_direction_not_leash,combat,complete_capture_stable_identity,1019,17720,13,1044525,Robotic Guard Dog,SimpleChar:78E0FCE9,6,719b6b27f6592973,3406.14014,9.01,884.801025,3405.49683,9.51,885.356873,0.850185,2
m09233,2026-07-22T14:19:39.564652Z,82382,chase,Ambiguous,84,post_combat_direction_not_leash,combat,complete_capture_stable_identity,1019,17720,13,1044525,Robotic Guard Dog,SimpleChar:78E0FCE9,6,719b6b27f6592973,3406.14014,9.01,884.801025,3405.45264,9.51,885.376221,0.896385,2
m09234,2026-07-22T14:19:39.766758Z,82383,chase,Ambiguous,84,post_combat_direction_not_leash,combat,complete_capture_stable_identity,1019,17720,13,1044525,Robotic Guard Dog,SimpleChar:78E0FCE9,6,04de6ce1a42b0bfc,3406.14014,9.01,884.801025,3405.84473,9.51,885.473877,0.734845,2
m09235,2026-07-22T14:19:39.970360Z,82390,chase,Ambiguous,84,post_combat_direction_not_leash,combat,complete_capture_stable_identity,1019,17720,13,1044525,Robotic Guard Dog,SimpleChar:78E0FCE9,6,719b6b27f6592973,3406.14014,9.01,884.801025,3405.73047,9.51,885.372437,0.703094,2
m09236,2026-07-22T14:19:40.170957Z,82402,chase,Ambiguous,84,post_combat_direction_not_leash,combat,complete_capture_stable_identity,1019,17720,13,1044525,Robotic Guard Dog,SimpleChar:78E0FCE9,6,04de6ce1a42b0bfc,3406.14014,9.01,884.801025,3405.86426,9.51,885.507507,0.758437,2
m09238,2026-07-22T14:19:40.611164Z,82407,chase,Ambiguous,84,post_combat_direction_not_leash,combat,complete_capture_stable_identity,1019,17720,13,1044525,Robotic Guard Dog,SimpleChar:78E0FCE9,6,04de6ce1a42b0bfc,3406.14014,9.01,884.801025,3405.89526,9.51,885.639893,0.87388,2
m09239,2026-07-22T14:19:40.611164Z,82408,chase,Ambiguous,84,post_combat_direction_not_leash,combat,complete_capture_stable_identity,1019,17720,13,1044525,Robotic Guard Dog,SimpleChar:78E0FCE9,6,719b6b27f6592973,3406.14014,9.01,884.801025,3405.57715,9.51,885.34082,0.779959,2
m09242,2026-07-22T14:19:40.820260Z,82411,chase,Ambiguous,84,post_combat_direction_not_leash,combat,complete_capture_stable_identity,1019,17720,13,1044525,Robotic Guard Dog,SimpleChar:78E0FCE9,6,04de6ce1a42b0bfc,3406.14014,9.01,884.801025,3405.76782,9.51,885.394897,0.700932,2
m09244,2026-07-22T14:19:41.222452Z,82424,chase,Ambiguous,84,post_combat_direction_not_leash,combat,complete_capture_stable_identity,1019,17720,13,1044525,Robotic Guard Dog,SimpleChar:78E0FCE9,6,04de6ce1a42b0bfc,3406.14014,9.01,884.801025,3405.88721,9.51,885.708984,0.94253,2
m09245,2026-07-22T14:19:41.222452Z,82425,chase,Ambiguous,84,post_combat_direction_not_leash,combat,complete_capture_stable_identity,1019,17720,13,1044525,Robotic Guard Dog,SimpleChar:78E0FCE9,6,04de6ce1a42b0bfc,3406.14014,9.01,884.801025,3405.80957,9.51,885.430481,0.710979,2
m09247,2026-07-22T14:19:41.434559Z,82427,chase,Ambiguous,84,post_combat_direction_not_leash,combat,complete_capture_stable_identity,1019,17720,13,1044525,Robotic Guard Dog,SimpleChar:78E0FCE9,6,719b6b27f6592973,3406.14014,9.01,884.801025,3405.73657,9.51,885.37561,0.702151,2
m09248,2026-07-22T14:19:41.634660Z,82428,chase,Ambiguous,84,post_combat_direction_not_leash,combat,complete_capture_stable_identity,1019,17720,13,1044525,Robotic Guard Dog,SimpleChar:78E0FCE9,6,719b6b27f6592973,3406.14014,9.01,884.801025,3405.49097,9.51,885.358948,0.855979,2
m09250,2026-07-22T14:19:41.948902Z,82436,chase,Ambiguous,84,post_combat_direction_not_leash,combat,complete_capture_stable_identity,1019,17720,13,1044525,Robotic Guard Dog,SimpleChar:78E0FCE9,6,676f0d0453d21267,3406.14014,9.01,884.801025,3405.86426,9.51,885.772949,1.01032,2
m09252,2026-07-22T14:19:42.417717Z,82457,chase,Ambiguous,84,post_combat_direction_not_leash,combat,complete_capture_stable_identity,97,96195,1,1044525,Anger Manifestation,SimpleChar:798915B3,3,44c306b6c0305022,3425.41479,9.145,847.111206,3429.48535,9.645,850.615662,5.371282,2
m09257,2026-07-22T14:19:43.845010Z,82499,chase,Ambiguous,84,post_combat_direction_not_leash,combat,complete_capture_stable_identity,97,96195,1,1044525,Anger Manifestation,SimpleChar:798915B3,3,79044f3f9185f042,3428.82349,9.145,850.045654,3435.15503,9.036158,854.045349,7.489056,2
m09263,2026-07-22T14:19:45.444351Z,82618,chase,Ambiguous,84,post_combat_direction_not_leash,combat,complete_capture_stable_identity,97,96195,1,1044525,Anger Manifestation,SimpleChar:798915B3,3,878e7589d530984c,3434.41064,9.01,853.575012,3442.81055,9.645,860.720337,11.027881,2
m09270,2026-07-22T14:19:47.844528Z,82681,chase,Ambiguous,84,post_combat_direction_not_leash,combat,complete_capture_stable_identity,97,96195,1,1044525,Anger Manifestation,SimpleChar:798915B3,3,7f654a4c5c001500,3442.48584,9.01,860.292725,3449.49268,9.645,867.594666,10.119988,2
m09277,2026-07-22T14:19:49.381807Z,82733,chase,Ambiguous,84,post_combat_direction_not_leash,combat,complete_capture_stable_identity,97,96195,1,1044525,Anger Manifestation,SimpleChar:798915B3,3,c5cba014f32ea663,3448.40869,9.145,866.110474,3452.31104,9.645,876.178772,10.7981,2
m09278,2026-07-22T14:19:49.627941Z,82734,chase,Ambiguous,84,post_combat_direction_not_leash,combat,preceding_scfu_same_generation,95,17649,1,1044525,Engineer Automaton I,SimpleChar:798915BE,1,4944ac9b8d97884c,3446.48755,9.145,861.170166,3455.04175,9.645,876.755676,17.778708,2
m09281,2026-07-22T14:19:51.174849Z,82824,chase,Ambiguous,84,post_combat_direction_not_leash,combat,complete_capture_stable_identity,97,96195,1,1044525,Anger Manifestation,SimpleChar:798915B3,3,0ddb5cdbea77aa6a,3451.71606,9.145,874.466919,3459.24585,9.645,883.16272,11.502812,2
m09282,2026-07-22T14:19:51.174849Z,82825,chase,Ambiguous,84,post_combat_direction_not_leash,combat,preceding_scfu_same_generation,95,96056,2,1044525,Bureaucrat Worker,SimpleChar:798915B6,1,0246ac66e7db6e01,3453.76221,9.145,873.465271,3459.28125,9.645,883.179749,11.172774,2
m09284,2026-07-22T14:19:52.503732Z,82880,chase,Ambiguous,84,post_combat_direction_not_leash,combat,preceding_scfu_same_generation,95,17649,1,1044525,Engineer Automaton I,SimpleChar:798915BE,1,c1234e71f43e2945,3453.12573,9.145,873.228699,3460.53418,9.645,883.709961,12.835185,2
m09288,2026-07-22T14:19:53.360739Z,82904,chase,Ambiguous,84,post_combat_direction_not_leash,combat,preceding_scfu_same_generation,95,96056,2,1044525,Bureaucrat Worker,SimpleChar:798915B6,1,42bbac5033457bb8,3458.81519,9.145,882.336731,3461.09521,9.51,886.500977,4.747572,2
