ObservationId,CapturedUtc,Sequence,Behavior,Disposition,Confidence,DecisionReasons,Influences,MetadataResolution,NpcFamily,MonsterData,Level,PlayfieldId,Name,RuntimeIdentity,RuntimeGeneration,RouteSignature,CurrentX,CurrentY,CurrentZ,DestinationX,DestinationY,DestinationZ,HorizontalDistance,PathCount
m00015,2026-07-22T13:24:55.722915Z,26,spawn,Promotable,100,complete_decoded_path;exact_identity_metadata;captured_spawn_observation,,later_scfu_same_generation,1019,297023,1,1044525,Malfunctioning Cleaning Robot,SimpleChar:797D36A5,1,2cb044179e1c0e0f,3596.81177,51.744999,788.208923,3596.05518,51.744999,788.482483,0.804527,2
m00016,2026-07-22T13:24:55.722915Z,27,spawn,Promotable,100,complete_decoded_path;exact_identity_metadata;captured_spawn_observation,,later_scfu_same_generation,1019,297023,1,1044525,Malfunctioning Cleaning Robot,SimpleChar:79543CB6,1,52aa3d9899596478,3596.979,51.744999,783.935852,3596.02539,52.244999,783.717224,0.978351,2
m00017,2026-07-22T13:24:55.913005Z,28,spawn,Promotable,100,complete_decoded_path;exact_identity_metadata;captured_spawn_observation,,later_scfu_same_generation,1019,297023,1,1044525,Malfunctioning Cleaning Robot,SimpleChar:797D36A5,1,2cb044179e1c0e0f,3596.81177,51.744999,788.208923,3596.05518,51.744999,788.482483,0.804527,2
m00018,2026-07-22T13:24:55.913005Z,29,spawn,Promotable,100,complete_decoded_path;exact_identity_metadata;captured_spawn_observation,,later_scfu_same_generation,1019,297023,1,1044525,Malfunctioning Cleaning Robot,SimpleChar:79543CB6,1,8fdb70a3a252296e,3596.979,51.744999,783.935852,3596.06152,52.244999,783.765259,0.933205,2
m00019,2026-07-22T13:24:56.163631Z,33,spawn,Promotable,100,complete_decoded_path;exact_identity_metadata;captured_spawn_observation,,later_scfu_same_generation,1019,297023,1,1044525,Malfunctioning Cleaning Robot,SimpleChar:797D36A5,1,2cb044179e1c0e0f,3596.81177,51.744999,788.208923,3596.05518,51.744999,788.482483,0.804527,2
m00020,2026-07-22T13:24:56.163631Z,34,spawn,Promotable,100,complete_decoded_path;exact_identity_metadata;captured_spawn_observation,,later_scfu_same_generation,1019,297023,1,1044525,Malfunctioning Cleaning Robot,SimpleChar:79543CB6,1,7740d1949c568006,3596.979,51.744999,783.935852,3596.10522,51.744999,783.924805,0.87385,2
m00021,2026-07-22T13:24:56.353239Z,43,spawn,Promotable,100,complete_decoded_path;exact_identity_metadata;captured_spawn_observation,,later_scfu_same_generation,1019,297023,1,1044525,Malfunctioning Cleaning Robot,SimpleChar:797D36A5,1,2eb3373b9dba6082,3596.81177,51.744999,788.208923,3596.05371,52.244999,788.478699,0.804633,2
m00022,2026-07-22T13:24:56.353739Z,45,spawn,Promotable,100,complete_decoded_path;exact_identity_metadata;captured_spawn_observation,,later_scfu_same_generation,1019,297023,1,1044525,Malfunctioning Cleaning Robot,SimpleChar:79543CB6,1,8fdb70a3a252296e,3596.979,51.744999,783.935852,3596.02124,52.244999,784.129211,0.977083,2
m00023,2026-07-22T13:24:56.593381Z,47,spawn,Promotable,100,complete_decoded_path;exact_identity_metadata;captured_spawn_observation,,later_scfu_same_generation,1019,297023,1,1044525,Malfunctioning Cleaning Robot,SimpleChar:797D36A5,1,2eb3373b9dba6082,3596.81177,51.744999,788.208923,3596.05786,52.244999,788.490173,0.804663,2
m00024,2026-07-22T13:24:56.593381Z,48,spawn,Promotable,100,complete_decoded_path;exact_identity_metadata;captured_spawn_observation,,later_scfu_same_generation,1019,297023,1,1044525,Malfunctioning Cleaning Robot,SimpleChar:79543CB6,1,8fdb70a3a252296e,3596.979,51.744999,783.935852,3596.04321,52.244999,784.10376,0.950734,2
m00025,2026-07-22T13:24:56.593381Z,49,spawn,Rejected,49,metadata_unresolved,,unresolved,,,,,Malfunctioning Cleaning Robot,SimpleChar:798914D2,1,a0bfd456bdd77f35,3597.57422,51.744999,772.982666,3596.8396,52.5,772.253479,1.035075,2
m00026,2026-07-22T13:24:56.793472Z,50,spawn,Promotable,100,complete_decoded_path;exact_identity_metadata;captured_spawn_observation,,later_scfu_same_generation,1019,297023,1,1044525,Malfunctioning Cleaning Robot,SimpleChar:797D36A5,1,2cb044179e1c0e0f,3596.81177,51.744999,788.208923,3596.05518,51.744999,788.482483,0.804527,2
m00027,2026-07-22T13:24:56.793472Z,51,spawn,Promotable,100,complete_decoded_path;exact_identity_metadata;captured_spawn_observation,,later_scfu_same_generation,1019,297023,1,1044525,Malfunctioning Cleaning Robot,SimpleChar:79543CB6,1,52aa3d9899596478,3596.979,51.744999,783.935852,3596.02686,52.244999,783.718933,0.976537,2
m00028,2026-07-22T13:24:56.793472Z,52,spawn,Rejected,49,metadata_unresolved,,unresolved,,,,,Malfunctioning Cleaning Robot,SimpleChar:798914D2,1,b509ad96c11cb03d,3597.54761,51.744999,772.956421,3597.25244,52.5,772.162109,0.847382,2
m00029,2026-07-22T13:24:56.993583Z,54,spawn,Promotable,100,complete_decoded_path;exact_identity_metadata;captured_spawn_observation,,later_scfu_same_generation,1019,297023,1,1044525,Malfunctioning Cleaning Robot,SimpleChar:797D36A5,1,2eb3373b9dba6082,3596.81177,51.744999,788.208923,3596.02881,52.244999,788.427734,0.81296,2
m00030,2026-07-22T13:24:56.993583Z,55,spawn,Promotable,100,complete_decoded_path;exact_identity_metadata;captured_spawn_observation,,later_scfu_same_generation,1019,297023,1,1044525,Malfunctioning Cleaning Robot,SimpleChar:79543CB6,1,7740d1949c568006,3596.979,51.744999,783.935852,3596.10522,51.744999,783.924805,0.87385,2
m00031,2026-07-22T13:24:56.993583Z,56,spawn,Rejected,49,metadata_unresolved,,unresolved,,,,,Malfunctioning Cleaning Robot,SimpleChar:798914D2,1,a93824fe3578eee4,3597.54761,51.744999,772.956421,3596.77466,52.5,772.198059,1.08285,2
m00032,2026-07-22T13:24:57.234211Z,61,spawn,Promotable,100,complete_decoded_path;exact_identity_metadata;captured_spawn_observation,,later_scfu_same_generation,103,203740,2,1044525,Protester,SimpleChar:7985C910,1,2a55b64174084910,3566.07837,5.110001,825.004456,3566.38452,5.110001,816.379089,8.630799,2
m00033,2026-07-22T13:24:57.234211Z,62,spawn,Promotable,100,complete_decoded_path;exact_identity_metadata;captured_spawn_observation,,later_scfu_same_generation,1019,297023,1,1044525,Malfunctioning Cleaning Robot,SimpleChar:797D36A5,1,2eb3373b9dba6082,3596.81177,51.744999,788.208923,3596.01343,52.244999,788.405151,0.822102,2
m00034,2026-07-22T13:24:57.234211Z,63,spawn,Promotable,100,complete_decoded_path;exact_identity_metadata;captured_spawn_observation,,later_scfu_same_generation,1019,297023,1,1044525,Malfunctioning Cleaning Robot,SimpleChar:79543CB6,1,7740d1949c568006,3596.979,51.744999,783.935852,3596.10522,51.744999,783.924805,0.87385,2
m00035,2026-07-22T13:24:57.438375Z,72,spawn,Promotable,100,complete_decoded_path;exact_identity_metadata;captured_spawn_observation,,later_scfu_same_generation,1019,297023,1,1044525,Malfunctioning Cleaning Robot,SimpleChar:797D36A5,1,2cb044179e1c0e0f,3596.81177,51.744999,788.208923,3596.05518,51.744999,788.482483,0.804527,2
m00036,2026-07-22T13:24:57.438375Z,73,spawn,Promotable,100,complete_decoded_path;exact_identity_metadata;captured_spawn_observation,,later_scfu_same_generation,103,203740,2,1044525,Protester,SimpleChar:797FD582,1,4e4c645d0e7ee55d,3540.35986,5.110001,793.475159,3542.98096,6.91,778.708862,14.997123,2
m00037,2026-07-22T13:24:57.438375Z,74,spawn,Promotable,100,complete_decoded_path;exact_identity_metadata;captured_spawn_observation,,later_scfu_same_generation,1019,297023,1,1044525,Malfunctioning Cleaning Robot,SimpleChar:79543CB6,1,7740d1949c568006,3596.979,51.744999,783.935852,3596.10522,51.744999,783.924805,0.87385,2
m00038,2026-07-22T13:24:57.628474Z,75,spawn,Promotable,100,complete_decoded_path;exact_identity_metadata;captured_spawn_observation,,later_scfu_same_generation,1019,297023,1,1044525,Malfunctioning Cleaning Robot,SimpleChar:797D36A5,1,2cb044179e1c0e0f,3596.81177,51.744999,788.208923,3596.05518,51.744999,788.482483,0.804527,2
m00039,2026-07-22T13:24:57.628474Z,76,spawn,Promotable,100,complete_decoded_path;exact_identity_metadata;captured_spawn_observation,,later_scfu_same_generation,1019,297023,1,1044525,Malfunctioning Cleaning Robot,SimpleChar:79543CB6,1,52aa3d9899596478,3596.979,51.744999,783.935852,3596.0249,52.244999,783.716858,0.97891,2
m00040,2026-07-22T13:24:57.868137Z,78,spawn,Promotable,100,complete_decoded_path;exact_identity_metadata;captured_spawn_observation,,later_scfu_same_generation,1019,297023,1,1044525,Malfunctioning Cleaning Robot,SimpleChar:797D36A5,1,2cb044179e1c0e0f,3596.81177,51.744999,788.208923,3596.05518,51.744999,788.482483,0.804527,2
m00041,2026-07-22T13:24:57.868137Z,79,spawn,Promotable,100,complete_decoded_path;exact_identity_metadata;captured_spawn_observation,,later_scfu_same_generation,1019,297023,1,1044525,Malfunctioning Cleaning Robot,SimpleChar:79543CB6,1,7740d1949c568006,3596.979,51.744999,783.935852,3596.10522,51.744999,783.924805,0.87385,2
m00042,2026-07-22T13:24:58.108268Z,80,spawn,Promotable,100,complete_decoded_path;exact_identity_metadata;captured_spawn_observation,,later_scfu_same_generation,1019,297023,1,1044525,Malfunctioning Cleaning Robot,SimpleChar:797D36A5,1,2cb044179e1c0e0f,3596.81177,51.744999,788.208923,3596.05518,51.744999,788.482483,0.804527,2
m00043,2026-07-22T13:24:58.108268Z,81,spawn,Promotable,100,complete_decoded_path;exact_identity_metadata;captured_spawn_observation,,later_scfu_same_generation,1019,297023,1,1044525,Malfunctioning Cleaning Robot,SimpleChar:79543CB6,1,8fdb70a3a252296e,3596.979,51.744999,783.935852,3596.09839,52.244999,783.857422,0.884096,2
m00044,2026-07-22T13:24:58.508449Z,91,spawn,Promotable,100,complete_decoded_path;exact_identity_metadata;captured_spawn_observation,,later_scfu_same_generation,1019,297023,1,1044525,Malfunctioning Cleaning Robot,SimpleChar:797D36A5,1,2cb044179e1c0e0f,3596.81177,51.744999,788.208923,3596.05518,51.744999,788.482483,0.804527,2
m00045,2026-07-22T13:24:58.508449Z,92,spawn,Promotable,100,complete_decoded_path;exact_identity_metadata;captured_spawn_observation,,later_scfu_same_generation,1019,297023,1,1044525,Malfunctioning Cleaning Robot,SimpleChar:79543CB6,1,8fdb70a3a252296e,3596.979,51.744999,783.935852,3596.06421,52.244999,784.072327,0.924914,2
m00046,2026-07-22T13:24:58.508449Z,93,spawn,Promotable,100,complete_decoded_path;exact_identity_metadata;captured_spawn_observation,,later_scfu_same_generation,1019,297023,1,1044525,Malfunctioning Cleaning Robot,SimpleChar:797D36A5,1,2cb044179e1c0e0f,3596.81177,51.744999,788.208923,3596.05518,51.744999,788.482483,0.804527,2
m00047,2026-07-22T13:24:58.508449Z,94,spawn,Promotable,100,complete_decoded_path;exact_identity_metadata;captured_spawn_observation,,later_scfu_same_generation,1019,297023,1,1044525,Malfunctioning Cleaning Robot,SimpleChar:79543CB6,1,7740d1949c568006,3596.979,51.744999,783.935852,3596.10522,51.744999,783.924805,0.87385,2
m00048,2026-07-22T13:24:58.508449Z,95,spawn,Promotable,100,complete_decoded_path;exact_identity_metadata;captured_spawn_observation,,later_scfu_same_generation,1019,297023,1,1044525,Malfunctioning Cleaning Robot,SimpleChar:798914EB,1,f482fab43428546d,3598.68604,51.744999,788.191589,3598.8042,52.5,787.227234,0.971567,2
m00049,2026-07-22T13:24:58.748067Z,97,spawn,Promotable,100,complete_decoded_path;exact_identity_metadata;captured_spawn_observation,,later_scfu_same_generation,1019,297023,1,1044525,Malfunctioning Cleaning Robot,SimpleChar:797D36A5,1,2eb3373b9dba6082,3596.81177,51.744999,788.208923,3596.07251,52.244999,788.599792,0.836232,2
m00050,2026-07-22T13:24:58.748067Z,98,spawn,Promotable,100,complete_decoded_path;exact_identity_metadata;captured_spawn_observation,,later_scfu_same_generation,1019,297023,1,1044525,Malfunctioning Cleaning Robot,SimpleChar:79543CB6,1,7740d1949c568006,3596.979,51.744999,783.935852,3596.10522,51.744999,783.924805,0.87385,2
m00051,2026-07-22T13:24:58.748067Z,99,spawn,Promotable,100,complete_decoded_path;exact_identity_metadata;captured_spawn_observation,,later_scfu_same_generation,1019,297023,1,1044525,Malfunctioning Cleaning Robot,SimpleChar:798914EB,1,f482fab43428546d,3598.68604,51.744999,788.191589,3598.75708,52.5,787.175903,1.018167,2
m00052,2026-07-22T13:24:58.988187Z,100,spawn,Promotable,100,complete_decoded_path;exact_identity_metadata;captured_spawn_observation,,later_scfu_same_generation,1019,297023,1,1044525,Malfunctioning Cleaning Robot,SimpleChar:797D36A5,1,2cb044179e1c0e0f,3596.81177,51.744999,788.208923,3596.05518,51.744999,788.482483,0.804527,2
m00053,2026-07-22T13:24:58.988687Z,101,spawn,Promotable,100,complete_decoded_path;exact_identity_metadata;captured_spawn_observation,,later_scfu_same_generation,1019,297023,1,1044525,Malfunctioning Cleaning Robot,SimpleChar:79543CB6,1,8fdb70a3a252296e,3596.979,51.744999,783.935852,3596.08472,52.244999,784.029602,0.899181,2
m00054,2026-07-22T13:24:58.988687Z,102,spawn,Promotable,100,complete_decoded_path;exact_identity_metadata;captured_spawn_observation,,later_scfu_same_generation,1019,297023,1,1044525,Malfunctioning Cleaning Robot,SimpleChar:798914EB,1,0eaa95bc4f34153e,3598.6875,51.744999,788.168274,3599.03589,52.5,787.297852,0.937555,2
m00055,2026-07-22T13:24:59.188298Z,104,spawn,Promotable,100,complete_decoded_path;exact_identity_metadata;captured_spawn_observation,,later_scfu_same_generation,1019,297023,1,1044525,Malfunctioning Cleaning Robot,SimpleChar:797D36A5,1,2cb044179e1c0e0f,3596.81177,51.744999,788.208923,3596.05518,51.744999,788.482483,0.804527,2
m00056,2026-07-22T13:24:59.188298Z,105,spawn,Promotable,100,complete_decoded_path;exact_identity_metadata;captured_spawn_observation,,later_scfu_same_generation,1019,297023,1,1044525,Malfunctioning Cleaning Robot,SimpleChar:79543CB6,1,7740d1949c568006,3596.979,51.744999,783.935852,3596.10522,51.744999,783.924805,0.87385,2
m00057,2026-07-22T13:24:59.188298Z,106,spawn,Promotable,100,complete_decoded_path;exact_identity_metadata;captured_spawn_observation,,later_scfu_same_generation,1019,297023,1,1044525,Malfunctioning Cleaning Robot,SimpleChar:798914EB,1,9aabf67ed99b9b54,3598.6875,51.744999,788.168274,3599.27759,52.5,787.113708,1.208435,2
m00058,2026-07-22T13:24:59.428448Z,114,spawn,Promotable,100,complete_decoded_path;exact_identity_metadata;captured_spawn_observation,,later_scfu_same_generation,1019,297023,1,1044525,Malfunctioning Cleaning Robot,SimpleChar:797D36A5,1,2eb3373b9dba6082,3596.81177,51.744999,788.208923,3596.07104,52.244999,788.550903,0.815862,2
m00059,2026-07-22T13:24:59.428448Z,115,spawn,Promotable,100,complete_decoded_path;exact_identity_metadata;captured_spawn_observation,,later_scfu_same_generation,1019,297023,1,1044525,Malfunctioning Cleaning Robot,SimpleChar:79543CB6,1,8fdb70a3a252296e,3596.979,51.744999,783.935852,3596.02808,52.244999,784.121765,0.968923,2
m00060,2026-07-22T13:24:59.670090Z,117,spawn,Promotable,100,complete_decoded_path;exact_identity_metadata;captured_spawn_observation,,later_scfu_same_generation,1019,297023,1,1044525,Malfunctioning Cleaning Robot,SimpleChar:797D36A5,1,2cb044179e1c0e0f,3596.81177,51.744999,788.208923,3596.05518,51.744999,788.482483,0.804527,2
m00061,2026-07-22T13:24:59.670090Z,118,spawn,Promotable,100,complete_decoded_path;exact_identity_metadata;captured_spawn_observation,,later_scfu_same_generation,1019,297023,1,1044525,Malfunctioning Cleaning Robot,SimpleChar:79543CB6,1,8fdb70a3a252296e,3596.979,51.744999,783.935852,3596.0769,52.244999,784.047974,0.909041,2
m00062,2026-07-22T13:24:59.670090Z,119,spawn,Promotable,100,complete_decoded_path;exact_identity_metadata;captured_spawn_observation,,later_scfu_same_generation,1019,297023,1,1044525,Cleaning Robot,SimpleChar:798914A2,1,353ccabb52abb491,3611.01392,28.784023,878.782898,3604.42554,26.351088,878.832947,6.58857,2
m00063,2026-07-22T13:24:59.670090Z,120,spawn,Promotable,100,complete_decoded_path;exact_identity_metadata;captured_spawn_observation,,later_scfu_same_generation,1019,297023,1,1044525,Malfunctioning Cleaning Robot,SimpleChar:798914EB,1,ab88b37993c5d581,3598.79272,51.744999,787.980225,3598.70313,52.5,787.043335,0.941164,2
m00064,2026-07-22T13:24:59.870189Z,121,spawn,Promotable,100,complete_decoded_path;exact_identity_metadata;captured_spawn_observation,,later_scfu_same_generation,1019,297023,1,1044525,Malfunctioning Cleaning Robot,SimpleChar:797D36A5,1,2eb3373b9dba6082,3596.81177,51.744999,788.208923,3596.00903,52.244999,788.399292,0.825004,2
m00065,2026-07-22T13:24:59.870189Z,122,spawn,Promotable,100,complete_decoded_path;exact_identity_metadata;captured_spawn_observation,,later_scfu_same_generation,1019,297023,1,1044525,Malfunctioning Cleaning Robot,SimpleChar:79543CB6,1,8fdb70a3a252296e,3596.979,51.744999,783.935852,3596.01025,52.244999,784.140076,0.990042,2
m00066,2026-07-22T13:24:59.870688Z,123,spawn,Promotable,100,complete_decoded_path;exact_identity_metadata;captured_spawn_observation,,later_scfu_same_generation,1019,297023,1,1044525,Malfunctioning Cleaning Robot,SimpleChar:798914EB,1,df3a91a8651e04b6,3598.79272,51.744999,787.980225,3598.77686,52.5,787.200562,0.779824,2
m00067,2026-07-22T13:25:00.293905Z,129,spawn,Promotable,100,complete_decoded_path;exact_identity_metadata;captured_spawn_observation,,later_scfu_same_generation,1019,297023,1,1044525,Malfunctioning Cleaning Robot,SimpleChar:797D36A5,1,2cb044179e1c0e0f,3596.81177,51.744999,788.208923,3596.05518,51.744999,788.482483,0.804527,2
m00068,2026-07-22T13:25:00.293905Z,130,spawn,Promotable,100,complete_decoded_path;exact_identity_metadata;captured_spawn_observation,,later_scfu_same_generation,1019,297023,1,1044525,Malfunctioning Cleaning Robot,SimpleChar:79543CB6,1,8fdb70a3a252296e,3596.979,51.744999,783.935852,3596.10522,52.244999,783.926453,0.873831,2
m00069,2026-07-22T13:25:00.293905Z,131,spawn,Promotable,100,complete_decoded_path;exact_identity_metadata;captured_spawn_observation,,later_scfu_same_generation,1019,297023,1,1044525,Malfunctioning Cleaning Robot,SimpleChar:798914EB,1,ab88b37993c5d581,3598.79272,51.744999,787.980225,3598.70264,52.5,787.039246,0.945281,2
m00070,2026-07-22T13:25:00.574050Z,139,spawn,Promotable,100,complete_decoded_path;exact_identity_metadata;captured_spawn_observation,,later_scfu_same_generation,1019,297023,1,1044525,Malfunctioning Cleaning Robot,SimpleChar:797D36A5,1,2eb3373b9dba6082,3596.81177,51.744999,788.208923,3596.03809,52.244999,788.44397,0.808596,2
m00071,2026-07-22T13:25:00.574050Z,140,spawn,Promotable,100,complete_decoded_path;exact_identity_metadata;captured_spawn_observation,,later_scfu_same_generation,1019,297023,1,1044525,Malfunctioning Cleaning Robot,SimpleChar:79543CB6,1,7740d1949c568006,3596.979,51.744999,783.935852,3596.10522,51.744999,783.924805,0.87385,2
m00072,2026-07-22T13:25:00.574050Z,141,spawn,Promotable,100,complete_decoded_path;exact_identity_metadata;captured_spawn_observation,,later_scfu_same_generation,1019,297023,1,1044525,Malfunctioning Cleaning Robot,SimpleChar:798914EB,1,df3a91a8651e04b6,3598.79272,51.744999,787.980225,3598.76001,52.5,787.180176,0.800717,2
m00073,2026-07-22T13:25:00.574050Z,143,spawn,Promotable,100,complete_decoded_path;exact_identity_metadata;captured_spawn_observation,,later_scfu_same_generation,1019,297023,1,1044525,Malfunctioning Cleaning Robot,SimpleChar:797D36A5,1,2cb044179e1c0e0f,3596.81177,51.744999,788.208923,3596.05518,51.744999,788.482483,0.804527,2
m00074,2026-07-22T13:25:00.574050Z,144,spawn,Promotable,100,complete_decoded_path;exact_identity_metadata;captured_spawn_observation,,later_scfu_same_generation,1019,297023,1,1044525,Malfunctioning Cleaning Robot,SimpleChar:79543CB6,1,8fdb70a3a252296e,3596.979,51.744999,783.935852,3596.10229,52.244999,783.96228,0.877108,2
m00075,2026-07-22T13:25:00.574050Z,145,spawn,Promotable,100,complete_decoded_path;exact_identity_metadata;captured_spawn_observation,,later_scfu_same_generation,1019,297023,1,1044525,Malfunctioning Cleaning Robot,SimpleChar:798914EB,1,df3a91a8651e04b6,3598.79272,51.744999,787.980225,3598.78638,52.5,787.210754,0.769497,2
m00822,2026-07-22T13:25:56.705955Z,2235,spawn,Promotable,100,complete_decoded_path;exact_identity_metadata;captured_spawn_observation,,later_scfu_same_generation,1019,297023,1,1044525,Cleaning Robot,SimpleChar:798914A2,2,d7f27161c0dc4ff7,3606.54321,27.153002,876.977539,3613.78589,29.743073,875.488525,7.394158,2
m00940,2026-07-22T13:26:08.374470Z,2708,spawn,Promotable,100,complete_decoded_path;exact_identity_metadata;captured_spawn_observation,,later_scfu_same_generation,1019,297023,1,1044525,Cleaning Robot,SimpleChar:798912C9,2,6363701b7c08816a,3636.66382,40.984997,828.529175,3632.78101,40.876522,831.530701,4.907685,2
m00966,2026-07-22T13:26:10.821228Z,2765,spawn,Promotable,100,complete_decoded_path;exact_identity_metadata;captured_spawn_observation,,later_scfu_same_generation,1019,297023,1,1044525,Cleaning Robot,SimpleChar:798912C9,2,504c5065be335701,3633.75464,40.984997,830.779907,3636.89868,40.876511,834.522583,4.888007,2
m00990,2026-07-22T13:26:13.941291Z,2940,spawn,Promotable,100,complete_decoded_path;exact_identity_metadata;captured_spawn_observation,,later_scfu_same_generation,103,203740,2,1044525,Protester,SimpleChar:7985C910,2,bfb9765ac6b6713a,3525.2041,5.110001,798.257019,3533.20996,5.110001,801.763245,8.739989,2
m01066,2026-07-22T13:26:20.159803Z,3179,spawn,Promotable,100,complete_decoded_path;exact_identity_metadata;captured_spawn_observation,,later_scfu_same_generation,0,26092,40,1044525,ICC Peacekeeper,SimpleChar:7962A325,1,ce1c9f121859c6dc,3482.37207,7.495514,786.754395,3487.0957,5.110001,785.84668,4.810055,2
m01067,2026-07-22T13:26:21.687620Z,3198,spawn,Promotable,100,complete_decoded_path;exact_identity_metadata;captured_spawn_observation,,complete_capture_stable_identity,25,17657,5,1044525,Garbage Flea,SimpleChar:79891110,1,370fa6fde4c7ab20,3453.07788,0.01,809.419495,3449.17236,0.484349,812.813599,5.174266,2
m01068,2026-07-22T13:26:22.630519Z,3235,spawn,Promotable,100,complete_decoded_path;exact_identity_metadata;captured_spawn_observation,,later_scfu_same_generation,0,26092,40,1044525,ICC Peacekeeper,SimpleChar:7962A325,1,42edcb0d4ae1729b,3485.7793,5.717036,786.131409,3487.2959,4.84033,782.97937,3.497917,2
m01069,2026-07-22T13:26:23.505051Z,3265,spawn,Promotable,100,complete_decoded_path;exact_identity_metadata;captured_spawn_observation,,later_scfu_same_generation,25,17657,6,1044525,Garbage Flea,SimpleChar:79891129,1,e3763d61ecf71f13,3453.59766,0.01,875.332397,3453.51245,0.636055,879.729492,4.397921,2
m01070,2026-07-22T13:26:23.754685Z,3266,spawn,Promotable,100,complete_decoded_path;exact_identity_metadata;captured_spawn_observation,,complete_capture_stable_identity,25,17657,5,1044525,Garbage Flea,SimpleChar:79891124,1,754af15e114e792c,3453.73779,0.01,847.621033,3454.35864,0.892165,841.742859,5.91087,2
m01073,2026-07-22T13:26:25.034893Z,3277,spawn,Promotable,100,complete_decoded_path;exact_identity_metadata;captured_spawn_observation,,complete_capture_stable_identity,25,17657,5,1044525,Garbage Flea,SimpleChar:79891110,1,03fa3d0f318ec29c,3450.21118,0.01,811.79657,3448.83936,0.48435,827.203064,15.467448,2
m01074,2026-07-22T13:26:25.034893Z,3278,spawn,Promotable,100,complete_decoded_path;exact_identity_metadata;captured_spawn_observation,,later_scfu_same_generation,137,26125,10,1044525,Leonora Marty,SimpleChar:78E0FC74,1,e47f471b38533c64,3441.41455,9.01,858.44165,3448.84668,9.050667,862.536926,8.485743,2
m01103,2026-07-22T13:26:52.668307Z,3666,spawn,Promotable,100,complete_decoded_path;exact_identity_metadata;captured_spawn_observation,,complete_capture_stable_identity,25,17657,6,1044525,Garbage Flea,SimpleChar:79891129,2,e3763d61ecf71f13,3453.58887,0.01,875.411438,3453.51245,0.636055,879.729492,4.31873,2
m01110,2026-07-22T13:27:04.392164Z,3951,spawn,Promotable,100,complete_decoded_path;exact_identity_metadata;captured_spawn_observation,,later_scfu_same_generation,1019,297023,1,1044525,Malfunctioning Cleaning Robot,SimpleChar:797D36A5,2,2eb3373b9dba6082,3596.81177,51.744999,788.208923,3596.07129,52.244999,788.553589,0.816765,2
m01111,2026-07-22T13:27:04.392164Z,3952,spawn,Promotable,100,complete_decoded_path;exact_identity_metadata;captured_spawn_observation,,later_scfu_same_generation,1019,297023,1,1044525,Malfunctioning Cleaning Robot,SimpleChar:79543CB6,2,7740d1949c568006,3596.979,51.744999,783.935852,3596.10522,51.744999,783.924805,0.87385,2
m01112,2026-07-22T13:27:04.392164Z,3955,spawn,Promotable,100,complete_decoded_path;exact_identity_metadata;captured_spawn_observation,,later_scfu_same_generation,1019,297023,1,1044525,Malfunctioning Cleaning Robot,SimpleChar:797D36A5,2,2cb044179e1c0e0f,3596.81177,51.744999,788.208923,3596.05518,51.744999,788.482483,0.804527,2
m01113,2026-07-22T13:27:04.392164Z,3956,spawn,Promotable,100,complete_decoded_path;exact_identity_metadata;captured_spawn_observation,,later_scfu_same_generation,1019,297023,1,1044525,Malfunctioning Cleaning Robot,SimpleChar:79543CB6,2,7740d1949c568006,3596.979,51.744999,783.935852,3596.10522,51.744999,783.924805,0.87385,2
m01114,2026-07-22T13:27:04.745836Z,3976,spawn,Promotable,100,complete_decoded_path;exact_identity_metadata;captured_spawn_observation,,later_scfu_same_generation,1019,297023,1,1044525,Malfunctioning Cleaning Robot,SimpleChar:797D36A5,2,2cb044179e1c0e0f,3596.81177,51.744999,788.208923,3596.05518,51.744999,788.482483,0.804527,2
m01115,2026-07-22T13:27:04.745836Z,3977,spawn,Promotable,100,complete_decoded_path;exact_identity_metadata;captured_spawn_observation,,later_scfu_same_generation,1019,297023,1,1044525,Malfunctioning Cleaning Robot,SimpleChar:79543CB6,2,7740d1949c568006,3596.979,51.744999,783.935852,3596.10522,51.744999,783.924805,0.87385,2
m01116,2026-07-22T13:27:04.865893Z,3984,spawn,Promotable,100,complete_decoded_path;exact_identity_metadata;captured_spawn_observation,,later_scfu_same_generation,1019,297023,1,1044525,Malfunctioning Cleaning Robot,SimpleChar:797D36A5,2,2cb044179e1c0e0f,3596.81177,51.744999,788.208923,3596.05518,51.744999,788.482483,0.804527,2
m01117,2026-07-22T13:27:04.865893Z,3985,spawn,Promotable,100,complete_decoded_path;exact_identity_metadata;captured_spawn_observation,,later_scfu_same_generation,1019,297023,1,1044525,Malfunctioning Cleaning Robot,SimpleChar:79543CB6,2,8fdb70a3a252296e,3596.979,51.744999,783.935852,3596.07202,52.244999,784.058167,0.915191,2
m01118,2026-07-22T13:27:05.035984Z,3999,spawn,Promotable,100,complete_decoded_path;exact_identity_metadata;captured_spawn_observation,,later_scfu_same_generation,1019,297023,1,1044525,Malfunctioning Cleaning Robot,SimpleChar:797D36A5,2,2eb3373b9dba6082,3596.81177,51.744999,788.208923,3596.04688,52.244999,788.706543,0.912514,2
m01120,2026-07-22T13:27:05.035984Z,4001,spawn,Promotable,100,complete_decoded_path;exact_identity_metadata;captured_spawn_observation,,later_scfu_same_generation,1019,297023,1,1044525,Malfunctioning Cleaning Robot,SimpleChar:79543CB6,2,7740d1949c568006,3596.979,51.744999,783.935852,3596.10522,51.744999,783.924805,0.87385,2
m01121,2026-07-22T13:27:05.226076Z,4002,spawn,Promotable,100,complete_decoded_path;exact_identity_metadata;captured_spawn_observation,,later_scfu_same_generation,1019,297023,1,1044525,Malfunctioning Cleaning Robot,SimpleChar:797D36A5,2,2cb044179e1c0e0f,3596.81177,51.744999,788.208923,3596.05518,51.744999,788.482483,0.804527,2
m01122,2026-07-22T13:27:05.226076Z,4003,spawn,Promotable,100,complete_decoded_path;exact_identity_metadata;captured_spawn_observation,,later_scfu_same_generation,1019,297023,1,1044525,Malfunctioning Cleaning Robot,SimpleChar:79543CB6,2,8fdb70a3a252296e,3596.979,51.744999,783.935852,3596.08643,52.244999,783.816772,0.900478,2
m01123,2026-07-22T13:27:05.477211Z,4005,spawn,Promotable,100,complete_decoded_path;exact_identity_metadata;captured_spawn_observation,,later_scfu_same_generation,1019,297023,1,1044525,Malfunctioning Cleaning Robot,SimpleChar:797D36A5,2,2eb3373b9dba6082,3596.81177,51.744999,788.208923,3596.07251,52.244999,788.566528,0.82121,2
m01124,2026-07-22T13:27:05.477211Z,4006,spawn,Promotable,100,complete_decoded_path;exact_identity_metadata;captured_spawn_observation,,later_scfu_same_generation,1019,297023,1,1044525,Malfunctioning Cleaning Robot,SimpleChar:79543CB6,2,52aa3d9899596478,3596.979,51.744999,783.935852,3596.04614,52.244999,783.742249,0.952738,2
m01125,2026-07-22T13:27:05.671324Z,4014,spawn,Promotable,100,complete_decoded_path;exact_identity_metadata;captured_spawn_observation,,later_scfu_same_generation,1019,297023,1,1044525,Malfunctioning Cleaning Robot,SimpleChar:797D36A5,2,2cb044179e1c0e0f,3596.81177,51.744999,788.208923,3596.05518,51.744999,788.482483,0.804527,2
m01126,2026-07-22T13:27:05.671324Z,4015,spawn,Promotable,100,complete_decoded_path;exact_identity_metadata;captured_spawn_observation,,later_scfu_same_generation,1019,297023,1,1044525,Malfunctioning Cleaning Robot,SimpleChar:79543CB6,2,8fdb70a3a252296e,3596.979,51.744999,783.935852,3596.06616,52.244999,784.069031,0.922504,2
m01127,2026-07-22T13:27:05.998486Z,4023,spawn,Promotable,100,complete_decoded_path;exact_identity_metadata;captured_spawn_observation,,later_scfu_same_generation,1019,297023,1,1044525,Malfunctioning Cleaning Robot,SimpleChar:797D36A5,2,902fa87c25bf8293,3596.81177,51.744999,788.208923,3596.01025,52.244999,788.767883,0.977175,2
m01128,2026-07-22T13:27:05.998486Z,4024,spawn,Promotable,100,complete_decoded_path;exact_identity_metadata;captured_spawn_observation,,later_scfu_same_generation,1019,297023,1,1044525,Malfunctioning Cleaning Robot,SimpleChar:79543CB6,2,7740d1949c568006,3596.979,51.744999,783.935852,3596.10522,51.744999,783.924805,0.87385,2
m01129,2026-07-22T13:27:06.268116Z,4035,spawn,Promotable,100,complete_decoded_path;exact_identity_metadata;captured_spawn_observation,,later_scfu_same_generation,1019,297023,1,1044525,Malfunctioning Cleaning Robot,SimpleChar:797D36A5,2,2cb044179e1c0e0f,3596.81177,51.744999,788.208923,3596.05518,51.744999,788.482483,0.804527,2
m01130,2026-07-22T13:27:06.268116Z,4036,spawn,Promotable,100,complete_decoded_path;exact_identity_metadata;captured_spawn_observation,,later_scfu_same_generation,1019,297023,1,1044525,Malfunctioning Cleaning Robot,SimpleChar:79543CB6,2,8fdb70a3a252296e,3596.979,51.744999,783.935852,3596.03979,52.244999,784.107849,0.954829,2
m01131,2026-07-22T13:27:06.382170Z,4039,spawn,Promotable,100,complete_decoded_path;exact_identity_metadata;captured_spawn_observation,,later_scfu_same_generation,1019,297023,1,1044525,Malfunctioning Cleaning Robot,SimpleChar:797D36A5,2,2eb3373b9dba6082,3596.81177,51.744999,788.208923,3596.04346,52.244999,788.714233,0.919586,2
m01132,2026-07-22T13:27:06.382170Z,4040,spawn,Promotable,100,complete_decoded_path;exact_identity_metadata;captured_spawn_observation,,later_scfu_same_generation,1019,297023,1,1044525,Malfunctioning Cleaning Robot,SimpleChar:79543CB6,2,7740d1949c568006,3596.979,51.744999,783.935852,3596.10522,51.744999,783.924805,0.87385,2
m01133,2026-07-22T13:27:06.795438Z,4066,spawn,Promotable,100,complete_decoded_path;exact_identity_metadata;captured_spawn_observation,,later_scfu_same_generation,1019,297023,1,1044525,Malfunctioning Cleaning Robot,SimpleChar:797D36A5,2,2cb044179e1c0e0f,3596.81177,51.744999,788.208923,3596.05518,51.744999,788.482483,0.804527,2
m01134,2026-07-22T13:27:06.795438Z,4067,spawn,Promotable,100,complete_decoded_path;exact_identity_metadata;captured_spawn_observation,,later_scfu_same_generation,1019,297023,1,1044525,Malfunctioning Cleaning Robot,SimpleChar:79543CB6,2,7740d1949c568006,3596.979,51.744999,783.935852,3596.10522,51.744999,783.924805,0.87385,2
m01135,2026-07-22T13:27:06.795438Z,4074,spawn,Promotable,100,complete_decoded_path;exact_identity_metadata;captured_spawn_observation,,later_scfu_same_generation,1019,297023,1,1044525,Malfunctioning Cleaning Robot,SimpleChar:797D36A5,2,902fa87c25bf8293,3596.81177,51.744999,788.208923,3596.01563,52.244999,788.760986,0.96882,2
m01136,2026-07-22T13:27:06.795438Z,4075,spawn,Promotable,100,complete_decoded_path;exact_identity_metadata;captured_spawn_observation,,later_scfu_same_generation,1019,297023,1,1044525,Malfunctioning Cleaning Robot,SimpleChar:79543CB6,2,7740d1949c568006,3596.979,51.744999,783.935852,3596.10522,51.744999,783.924805,0.87385,2
m01137,2026-07-22T13:27:06.986534Z,4088,spawn,Promotable,100,complete_decoded_path;exact_identity_metadata;captured_spawn_observation,,later_scfu_same_generation,1019,297023,1,1044525,Malfunctioning Cleaning Robot,SimpleChar:797D36A5,2,2eb3373b9dba6082,3596.81177,51.744999,788.208923,3596.07202,52.244999,788.561157,0.819328,2
m01138,2026-07-22T13:27:06.986534Z,4089,spawn,Promotable,100,complete_decoded_path;exact_identity_metadata;captured_spawn_observation,,later_scfu_same_generation,1019,297023,1,1044525,Malfunctioning Cleaning Robot,SimpleChar:79543CB6,2,8fdb70a3a252296e,3596.979,51.744999,783.935852,3596.05298,52.244999,784.090027,0.938767,2
m01139,2026-07-22T13:27:07.227171Z,4098,spawn,Promotable,100,complete_decoded_path;exact_identity_metadata;captured_spawn_observation,,later_scfu_same_generation,1019,297023,1,1044525,Malfunctioning Cleaning Robot,SimpleChar:797D36A5,2,2eb3373b9dba6082,3596.81177,51.744999,788.208923,3596.06421,52.244999,788.656494,0.871301,2
m01140,2026-07-22T13:27:07.227171Z,4099,spawn,Promotable,100,complete_decoded_path;exact_identity_metadata;captured_spawn_observation,,later_scfu_same_generation,1019,297023,1,1044525,Malfunctioning Cleaning Robot,SimpleChar:79543CB6,2,7740d1949c568006,3596.979,51.744999,783.935852,3596.10522,51.744999,783.924805,0.87385,2
m01141,2026-07-22T13:27:07.464293Z,4100,spawn,Promotable,100,complete_decoded_path;exact_identity_metadata;captured_spawn_observation,,later_scfu_same_generation,1019,297023,1,1044525,Malfunctioning Cleaning Robot,SimpleChar:797D36A5,2,2cb044179e1c0e0f,3596.81177,51.744999,788.208923,3596.05518,51.744999,788.482483,0.804527,2
m01142,2026-07-22T13:27:07.464293Z,4101,spawn,Promotable,100,complete_decoded_path;exact_identity_metadata;captured_spawn_observation,,later_scfu_same_generation,1019,297023,1,1044525,Malfunctioning Cleaning Robot,SimpleChar:79543CB6,2,7740d1949c568006,3596.979,51.744999,783.935852,3596.10522,51.744999,783.924805,0.87385,2
m01143,2026-07-22T13:27:07.663986Z,4108,spawn,Promotable,100,complete_decoded_path;exact_identity_metadata;captured_spawn_observation,,later_scfu_same_generation,1019,297023,1,1044525,Malfunctioning Cleaning Robot,SimpleChar:797D36A5,2,2cb044179e1c0e0f,3596.81177,51.744999,788.208923,3596.05518,51.744999,788.482483,0.804527,2
m01144,2026-07-22T13:27:07.663986Z,4109,spawn,Promotable,100,complete_decoded_path;exact_identity_metadata;captured_spawn_observation,,later_scfu_same_generation,1019,297023,1,1044525,Malfunctioning Cleaning Robot,SimpleChar:79543CB6,2,7740d1949c568006,3596.979,51.744999,783.935852,3596.10522,51.744999,783.924805,0.87385,2
m01145,2026-07-22T13:27:07.924623Z,4117,spawn,Promotable,100,complete_decoded_path;exact_identity_metadata;captured_spawn_observation,,later_scfu_same_generation,1019,297023,1,1044525,Malfunctioning Cleaning Robot,SimpleChar:797D36A5,2,2eb3373b9dba6082,3596.81177,51.744999,788.208923,3596.073,52.244999,788.586609,0.829716,2
m01146,2026-07-22T13:27:07.924623Z,4118,spawn,Promotable,100,complete_decoded_path;exact_identity_metadata;captured_spawn_observation,,later_scfu_same_generation,1019,297023,1,1044525,Malfunctioning Cleaning Robot,SimpleChar:79543CB6,2,8fdb70a3a252296e,3596.979,51.744999,783.935852,3596.06714,52.244999,783.774658,0.925998,2
m01147,2026-07-22T13:27:08.105201Z,4123,spawn,Promotable,100,complete_decoded_path;exact_identity_metadata;captured_spawn_observation,,later_scfu_same_generation,1019,297023,1,1044525,Malfunctioning Cleaning Robot,SimpleChar:797D36A5,2,2eb3373b9dba6082,3596.81177,51.744999,788.208923,3596.0459,52.244999,788.708984,0.914668,2
m01148,2026-07-22T13:27:08.105201Z,4124,spawn,Promotable,100,complete_decoded_path;exact_identity_metadata;captured_spawn_observation,,later_scfu_same_generation,1019,297023,1,1044525,Malfunctioning Cleaning Robot,SimpleChar:79543CB6,2,8fdb70a3a252296e,3596.979,51.744999,783.935852,3596.10156,52.244999,783.875244,0.879531,2
m01149,2026-07-22T13:27:08.345332Z,4125,spawn,Promotable,100,complete_decoded_path;exact_identity_metadata;captured_spawn_observation,,later_scfu_same_generation,1019,297023,1,1044525,Malfunctioning Cleaning Robot,SimpleChar:797D36A5,2,2eb3373b9dba6082,3596.81177,51.744999,788.208923,3596.03687,52.244999,788.442017,0.809199,2
m01150,2026-07-22T13:27:08.345332Z,4126,spawn,Promotable,100,complete_decoded_path;exact_identity_metadata;captured_spawn_observation,,later_scfu_same_generation,1019,297023,1,1044525,Malfunctioning Cleaning Robot,SimpleChar:79543CB6,2,7740d1949c568006,3596.979,51.744999,783.935852,3596.10522,51.744999,783.924805,0.87385,2
m01151,2026-07-22T13:27:08.778559Z,4133,spawn,Promotable,100,complete_decoded_path;exact_identity_metadata;captured_spawn_observation,,later_scfu_same_generation,1019,297023,1,1044525,Malfunctioning Cleaning Robot,SimpleChar:797D36A5,2,2cb044179e1c0e0f,3596.81177,51.744999,788.208923,3596.05518,51.744999,788.482483,0.804527,2
m01152,2026-07-22T13:27:08.778559Z,4134,spawn,Promotable,100,complete_decoded_path;exact_identity_metadata;captured_spawn_observation,,later_scfu_same_generation,1019,297023,1,1044525,Malfunctioning Cleaning Robot,SimpleChar:79543CB6,2,7740d1949c568006,3596.979,51.744999,783.935852,3596.10522,51.744999,783.924805,0.87385,2
m01153,2026-07-22T13:27:08.778559Z,4135,spawn,Promotable,100,complete_decoded_path;exact_identity_metadata;captured_spawn_observation,,later_scfu_same_generation,1019,297023,1,1044525,Malfunctioning Cleaning Robot,SimpleChar:797D36A5,2,2cb044179e1c0e0f,3596.81177,51.744999,788.208923,3596.05518,51.744999,788.482483,0.804527,2
m01154,2026-07-22T13:27:08.778559Z,4136,spawn,Promotable,100,complete_decoded_path;exact_identity_metadata;captured_spawn_observation,,later_scfu_same_generation,1019,297023,1,1044525,Malfunctioning Cleaning Robot,SimpleChar:79543CB6,2,52aa3d9899596478,3596.979,51.744999,783.935852,3596.03003,52.244999,783.722473,0.972664,2
m01155,2026-07-22T13:27:09.259306Z,4143,spawn,Promotable,100,complete_decoded_path;exact_identity_metadata;captured_spawn_observation,,later_scfu_same_generation,1019,297023,1,1044525,Malfunctioning Cleaning Robot,SimpleChar:797D36A5,2,2eb3373b9dba6082,3596.81177,51.744999,788.208923,3596.06201,52.244999,788.664673,0.87741,2
m01156,2026-07-22T13:27:09.259807Z,4144,spawn,Promotable,100,complete_decoded_path;exact_identity_metadata;captured_spawn_observation,,later_scfu_same_generation,1019,297023,1,1044525,Malfunctioning Cleaning Robot,SimpleChar:79543CB6,2,7740d1949c568006,3596.979,51.744999,783.935852,3596.10522,51.744999,783.924805,0.87385,2
m01157,2026-07-22T13:27:09.259807Z,4155,spawn,Promotable,100,complete_decoded_path;exact_identity_metadata;captured_spawn_observation,,later_scfu_same_generation,1019,297023,1,1044525,Malfunctioning Cleaning Robot,SimpleChar:797D36A5,2,2cb044179e1c0e0f,3596.81177,51.744999,788.208923,3596.05518,51.744999,788.482483,0.804527,2
m01158,2026-07-22T13:27:09.259807Z,4156,spawn,Promotable,100,complete_decoded_path;exact_identity_metadata;captured_spawn_observation,,later_scfu_same_generation,1019,297023,1,1044525,Malfunctioning Cleaning Robot,SimpleChar:79543CB6,2,8fdb70a3a252296e,3596.979,51.744999,783.935852,3596.08276,52.244999,784.034973,0.901705,2
m01177,2026-07-22T13:27:11.049615Z,4217,spawn,Promotable,100,complete_decoded_path;exact_identity_metadata;captured_spawn_observation,,later_scfu_same_generation,0,26092,40,1044525,ICC Peacekeeper,SimpleChar:7962A325,2,ce1c9f121859c6dc,3482.40845,7.477325,786.767517,3487.0957,5.110001,785.84668,4.776846,2
m01209,2026-07-22T13:27:14.389020Z,4437,spawn,Promotable,100,complete_decoded_path;exact_identity_metadata;captured_spawn_observation,,later_scfu_same_generation,1019,297023,1,1044525,Cleaning Robot,SimpleChar:798912C9,3,b35a279ea942ba91,3635.80518,40.984997,833.526001,3639.01855,40.876511,838.119812,5.606144,2
m01223,2026-07-22T13:27:15.619645Z,4502,spawn,Promotable,100,complete_decoded_path;exact_identity_metadata;captured_spawn_observation,,later_scfu_same_generation,1019,297023,1,1044525,Malfunctioning Cleaning Robot,SimpleChar:798914F1,2,0721f51ea82199c9,3608.0332,53.244999,801.701843,3621.17017,52.5,784.24707,21.846031,2
m01230,2026-07-22T13:27:16.175946Z,4540,spawn,Promotable,100,complete_decoded_path;exact_identity_metadata;captured_spawn_observation,,later_scfu_same_generation,1019,297023,1,1044525,Cleaning Robot,SimpleChar:798914A2,3,a90cbd8c19482513,3612.49438,29.324161,875.68866,3621.67065,33.251778,877.428894,9.339826,2
m01238,2026-07-22T13:27:17.217045Z,4579,spawn,Promotable,100,complete_decoded_path;exact_identity_metadata;captured_spawn_observation,,later_scfu_same_generation,1019,297023,1,1044525,Cleaning Robot,SimpleChar:798912C9,3,017c257b74ae3f71,3638.2749,40.984997,837.024048,3639.52148,42.678089,841.124451,4.285705,2
m01244,2026-07-22T13:27:17.613844Z,4608,spawn,Promotable,100,complete_decoded_path;exact_identity_metadata;captured_spawn_observation,,later_scfu_same_generation,1019,297023,1,1044525,Malfunctioning Cleaning Robot,SimpleChar:79891511,1,305f73ed778fbed3,3606.61646,51.744999,801.312256,3602.27026,52.5,788.130371,13.879897,2
m01306,2026-07-22T13:27:22.765050Z,5070,spawn,Promotable,100,complete_decoded_path;exact_identity_metadata;captured_spawn_observation,,later_scfu_same_generation,1019,297023,1,1044525,Malfunctioning Cleaning Robot,SimpleChar:797D36A5,3,2cb044179e1c0e0f,3596.81177,51.744999,788.208923,3596.05518,51.744999,788.482483,0.804527,2
m01308,2026-07-22T13:27:22.765050Z,5072,spawn,Promotable,100,complete_decoded_path;exact_identity_metadata;captured_spawn_observation,,complete_capture_stable_identity,1019,297023,1,1044525,Malfunctioning Cleaning Robot,SimpleChar:7989150A,2,e432157bed51e514,3620.49585,51.744999,784.909119,3620.81323,52.5,784.23468,0.745384,2
m01309,2026-07-22T13:27:22.765550Z,5074,spawn,Promotable,100,complete_decoded_path;exact_identity_metadata;captured_spawn_observation,,later_scfu_same_generation,1019,297023,1,1044525,Malfunctioning Cleaning Robot,SimpleChar:797D36A5,3,2cb044179e1c0e0f,3596.81177,51.744999,788.208923,3596.05518,51.744999,788.482483,0.804527,2
m01311,2026-07-22T13:27:22.765550Z,5076,spawn,Promotable,100,complete_decoded_path;exact_identity_metadata;captured_spawn_observation,,complete_capture_stable_identity,1019,297023,1,1044525,Malfunctioning Cleaning Robot,SimpleChar:7989150A,2,6362d488a88ec42b,3620.49585,51.744999,784.909119,3621.1123,52.5,784.278137,0.882127,2
m01312,2026-07-22T13:27:23.229791Z,5083,spawn,Promotable,100,complete_decoded_path;exact_identity_metadata;captured_spawn_observation,,later_scfu_same_generation,1019,297023,1,1044525,Malfunctioning Cleaning Robot,SimpleChar:797D36A5,3,2eb3373b9dba6082,3596.81177,51.744999,788.208923,3596.02881,52.244999,788.741211,0.946761,2
m01315,2026-07-22T13:27:23.229791Z,5086,spawn,Promotable,100,complete_decoded_path;exact_identity_metadata;captured_spawn_observation,,complete_capture_stable_identity,1019,297023,1,1044525,Malfunctioning Cleaning Robot,SimpleChar:7989150A,2,6362d488a88ec42b,3620.49585,51.744999,784.909119,3620.90112,52.5,784.283264,0.745613,2
m01316,2026-07-22T13:27:23.230291Z,5088,spawn,Promotable,100,complete_decoded_path;exact_identity_metadata;captured_spawn_observation,,later_scfu_same_generation,1019,297023,1,1044525,Malfunctioning Cleaning Robot,SimpleChar:797D36A5,3,2eb3373b9dba6082,3596.81177,51.744999,788.208923,3596.02661,52.244999,788.744568,0.950469,2
m01319,2026-07-22T13:27:23.230291Z,5091,spawn,Promotable,100,complete_decoded_path;exact_identity_metadata;captured_spawn_observation,,complete_capture_stable_identity,1019,297023,1,1044525,Malfunctioning Cleaning Robot,SimpleChar:7989150A,2,e432157bed51e514,3620.49585,51.744999,784.909119,3620.79199,52.5,784.216248,0.753505,2
m01320,2026-07-22T13:27:23.577467Z,5119,spawn,Promotable,100,complete_decoded_path;exact_identity_metadata;captured_spawn_observation,,later_scfu_same_generation,1019,297023,1,1044525,Malfunctioning Cleaning Robot,SimpleChar:797D36A5,3,2eb3373b9dba6082,3596.81177,51.744999,788.208923,3596.03467,52.244999,788.731018,0.936198,2
m01322,2026-07-22T13:27:23.577467Z,5121,spawn,Promotable,100,complete_decoded_path;exact_identity_metadata;captured_spawn_observation,,complete_capture_stable_identity,1019,297023,1,1044525,Malfunctioning Cleaning Robot,SimpleChar:7989150A,2,6362d488a88ec42b,3620.49585,51.744999,784.909119,3620.9751,52.5,784.29895,0.775878,2
m01323,2026-07-22T13:27:23.777080Z,5129,spawn,Promotable,100,complete_decoded_path;exact_identity_metadata;captured_spawn_observation,,later_scfu_same_generation,1019,297023,1,1044525,Malfunctioning Cleaning Robot,SimpleChar:797D36A5,3,2cb044179e1c0e0f,3596.81177,51.744999,788.208923,3596.05518,51.744999,788.482483,0.804527,2
m01325,2026-07-22T13:27:23.777080Z,5131,spawn,Promotable,100,complete_decoded_path;exact_identity_metadata;captured_spawn_observation,,complete_capture_stable_identity,1019,297023,1,1044525,Malfunctioning Cleaning Robot,SimpleChar:7989150A,2,e432157bed51e514,3620.49585,51.744999,784.909119,3620.83179,52.5,784.248474,0.741153,2
m01326,2026-07-22T13:27:24.081293Z,5140,spawn,Promotable,100,complete_decoded_path;exact_identity_metadata;captured_spawn_observation,,later_scfu_same_generation,1019,297023,1,1044525,Malfunctioning Cleaning Robot,SimpleChar:797D36A5,3,2cb044179e1c0e0f,3596.81177,51.744999,788.208923,3596.05518,51.744999,788.482483,0.804527,2
m01328,2026-07-22T13:27:24.081293Z,5142,spawn,Promotable,100,complete_decoded_path;exact_identity_metadata;captured_spawn_observation,,complete_capture_stable_identity,1019,297023,1,1044525,Malfunctioning Cleaning Robot,SimpleChar:7989150A,2,6362d488a88ec42b,3620.49585,51.744999,784.909119,3621.05005,52.5,784.295776,0.826636,2
m01329,2026-07-22T13:27:24.336952Z,5150,spawn,Promotable,100,complete_decoded_path;exact_identity_metadata;captured_spawn_observation,,later_scfu_same_generation,1019,297023,1,1044525,Malfunctioning Cleaning Robot,SimpleChar:797D36A5,3,2cb044179e1c0e0f,3596.81177,51.744999,788.208923,3596.05518,51.744999,788.482483,0.804527,2
m01331,2026-07-22T13:27:24.336952Z,5152,spawn,Promotable,100,complete_decoded_path;exact_identity_metadata;captured_spawn_observation,,complete_capture_stable_identity,1019,297023,1,1044525,Malfunctioning Cleaning Robot,SimpleChar:7989150A,2,e432157bed51e514,3620.49585,51.744999,784.909119,3620.81714,52.5,784.237793,0.744249,2
m01332,2026-07-22T13:27:24.336952Z,5153,spawn,Promotable,100,complete_decoded_path;exact_identity_metadata;captured_spawn_observation,,later_scfu_same_generation,1019,297023,1,1044525,Malfunctioning Cleaning Robot,SimpleChar:797D36A5,3,2eb3373b9dba6082,3596.81177,51.744999,788.208923,3596.02539,52.244999,788.422302,0.814815,2
m01334,2026-07-22T13:27:24.336952Z,5155,spawn,Promotable,100,complete_decoded_path;exact_identity_metadata;captured_spawn_observation,,complete_capture_stable_identity,1019,297023,1,1044525,Malfunctioning Cleaning Robot,SimpleChar:7989150A,2,e432157bed51e514,3620.49585,51.744999,784.909119,3620.79272,52.5,784.216858,0.753231,2
m01335,2026-07-22T13:27:24.584088Z,5171,spawn,Promotable,100,complete_decoded_path;exact_identity_metadata;captured_spawn_observation,,later_scfu_same_generation,1019,297023,1,1044525,Malfunctioning Cleaning Robot,SimpleChar:797D36A5,3,2cb044179e1c0e0f,3596.81177,51.744999,788.208923,3596.05518,51.744999,788.482483,0.804527,2
m01336,2026-07-22T13:27:24.584088Z,5172,spawn,Promotable,100,complete_decoded_path;exact_identity_metadata;captured_spawn_observation,,later_scfu_same_generation,103,203740,2,1044525,Protester,SimpleChar:797FD582,3,155920b0a7cbad86,3585.02173,6.91,770.491821,3592.95728,6.01,771.094788,7.958425,2
m01338,2026-07-22T13:27:24.584588Z,5174,spawn,Promotable,100,complete_decoded_path;exact_identity_metadata;captured_spawn_observation,,complete_capture_stable_identity,1019,297023,1,1044525,Malfunctioning Cleaning Robot,SimpleChar:7989150A,2,6362d488a88ec42b,3620.49585,51.744999,784.909119,3620.86304,52.5,784.266907,0.739773,2
m01340,2026-07-22T13:27:24.776200Z,5182,spawn,Promotable,100,complete_decoded_path;exact_identity_metadata;captured_spawn_observation,,later_scfu_same_generation,1019,297023,1,1044525,Malfunctioning Cleaning Robot,SimpleChar:797D36A5,3,2cb044179e1c0e0f,3596.81177,51.744999,788.208923,3596.05518,51.744999,788.482483,0.804527,2
m01342,2026-07-22T13:27:24.776200Z,5184,spawn,Promotable,100,complete_decoded_path;exact_identity_metadata;captured_spawn_observation,,complete_capture_stable_identity,1019,297023,1,1044525,Malfunctioning Cleaning Robot,SimpleChar:7989150A,2,e432157bed51e514,3620.49585,51.744999,784.909119,3621.24243,52.5,784.176819,1.045775,2
m01343,2026-07-22T13:27:25.252971Z,5199,spawn,Promotable,100,complete_decoded_path;exact_identity_metadata;captured_spawn_observation,,later_scfu_same_generation,1019,297023,1,1044525,Malfunctioning Cleaning Robot,SimpleChar:797D36A5,3,2eb3373b9dba6082,3596.81177,51.744999,788.208923,3596.02295,52.244999,788.418701,0.816238,2
m01345,2026-07-22T13:27:25.252971Z,5205,spawn,Promotable,100,complete_decoded_path;exact_identity_metadata;captured_spawn_observation,,later_scfu_same_generation,1019,297023,1,1044525,Malfunctioning Cleaning Robot,SimpleChar:797D36A5,3,2cb044179e1c0e0f,3596.81177,51.744999,788.208923,3596.05518,51.744999,788.482483,0.804527,2
m01347,2026-07-22T13:27:25.613667Z,5227,spawn,Promotable,100,complete_decoded_path;exact_identity_metadata;captured_spawn_observation,,later_scfu_same_generation,1019,297023,1,1044525,Malfunctioning Cleaning Robot,SimpleChar:797D36A5,3,2cb044179e1c0e0f,3596.81177,51.744999,788.208923,3596.05518,51.744999,788.482483,0.804527,2
m01349,2026-07-22T13:27:25.850807Z,5236,spawn,Promotable,100,complete_decoded_path;exact_identity_metadata;captured_spawn_observation,,later_scfu_same_generation,1019,297023,1,1044525,Malfunctioning Cleaning Robot,SimpleChar:797D36A5,3,2cb044179e1c0e0f,3596.81177,51.744999,788.208923,3596.05518,51.744999,788.482483,0.804527,2
m01352,2026-07-22T13:27:25.970377Z,5241,spawn,Promotable,100,complete_decoded_path;exact_identity_metadata;captured_spawn_observation,,later_scfu_same_generation,1019,297023,1,1044525,Malfunctioning Cleaning Robot,SimpleChar:797D36A5,3,2eb3373b9dba6082,3596.81177,51.744999,788.208923,3596.04053,52.244999,788.449036,0.807753,2
m01354,2026-07-22T13:27:26.322809Z,5257,spawn,Promotable,100,complete_decoded_path;exact_identity_metadata;captured_spawn_observation,,later_scfu_same_generation,1019,297023,1,1044525,Malfunctioning Cleaning Robot,SimpleChar:797D36A5,3,2cb044179e1c0e0f,3596.81177,51.744999,788.208923,3596.05518,51.744999,788.482483,0.804527,2
m01357,2026-07-22T13:27:26.323309Z,5261,spawn,Promotable,100,complete_decoded_path;exact_identity_metadata;captured_spawn_observation,,later_scfu_same_generation,1019,297023,1,1044525,Malfunctioning Cleaning Robot,SimpleChar:797D36A5,3,2cb044179e1c0e0f,3596.81177,51.744999,788.208923,3596.05518,51.744999,788.482483,0.804527,2
m01359,2026-07-22T13:27:26.523402Z,5278,spawn,Promotable,100,complete_decoded_path;exact_identity_metadata;captured_spawn_observation,,later_scfu_same_generation,1019,297023,1,1044525,Malfunctioning Cleaning Robot,SimpleChar:797D36A5,3,2eb3373b9dba6082,3596.81177,51.744999,788.208923,3596.01782,52.244999,788.411194,0.819311,2
m01361,2026-07-22T13:27:26.523902Z,5280,spawn,Promotable,100,complete_decoded_path;exact_identity_metadata;captured_spawn_observation,,later_scfu_same_generation,1019,297023,1,1044525,Malfunctioning Cleaning Robot,SimpleChar:79891511,2,0906000d11a9794a,3602.56909,52.134998,789.036316,3602.20605,52.5,788.21814,0.895103,2
m01362,2026-07-22T13:27:26.804122Z,5283,spawn,Promotable,100,complete_decoded_path;exact_identity_metadata;captured_spawn_observation,,later_scfu_same_generation,1019,297023,1,1044525,Malfunctioning Cleaning Robot,SimpleChar:797D36A5,3,2eb3373b9dba6082,3596.81177,51.744999,788.208923,3596.05737,52.244999,788.488708,0.804611,2
m01364,2026-07-22T13:27:26.804122Z,5285,spawn,Promotable,100,complete_decoded_path;exact_identity_metadata;captured_spawn_observation,,later_scfu_same_generation,1019,297023,1,1044525,Malfunctioning Cleaning Robot,SimpleChar:79891511,2,7bb8342dede190ec,3602.56909,52.134998,789.036316,3602.03662,52.5,788.297729,0.910514,2
m01365,2026-07-22T13:27:27.013728Z,5286,spawn,Promotable,100,complete_decoded_path;exact_identity_metadata;captured_spawn_observation,,later_scfu_same_generation,1019,297023,1,1044525,Malfunctioning Cleaning Robot,SimpleChar:797D36A5,3,2cb044179e1c0e0f,3596.81177,51.744999,788.208923,3596.05518,51.744999,788.482483,0.804527,2
m01367,2026-07-22T13:27:27.013728Z,5288,spawn,Promotable,100,complete_decoded_path;exact_identity_metadata;captured_spawn_observation,,later_scfu_same_generation,1019,297023,1,1044525,Malfunctioning Cleaning Robot,SimpleChar:79891511,2,7bb8342dede190ec,3602.56909,52.134998,789.036316,3601.86328,52.5,788.26709,1.043971,2
m01368,2026-07-22T13:27:27.263428Z,5291,spawn,Promotable,100,complete_decoded_path;exact_identity_metadata;captured_spawn_observation,,later_scfu_same_generation,1019,297023,1,1044525,Malfunctioning Cleaning Robot,SimpleChar:797D36A5,3,2eb3373b9dba6082,3596.81177,51.744999,788.208923,3596.06348,52.244999,788.509338,0.806342,2
m01370,2026-07-22T13:27:27.263428Z,5293,spawn,Promotable,100,complete_decoded_path;exact_identity_metadata;captured_spawn_observation,,later_scfu_same_generation,1019,297023,1,1044525,Malfunctioning Cleaning Robot,SimpleChar:79891511,2,5b5e81594dd4a716,3602.53931,52.134998,789.003906,3602.29468,52.5,787.943115,1.088633,2
m01371,2026-07-22T13:27:27.263428Z,5294,spawn,Promotable,100,complete_decoded_path;exact_identity_metadata;captured_spawn_observation,,complete_capture_stable_identity,1019,297023,1,1044525,Malfunctioning Cleaning Robot,SimpleChar:7989150A,2,ae0b4b20a5f412e9,3620.53394,51.744999,784.871826,3612.19189,52.5,787.769348,8.830936,2
m01372,2026-07-22T13:27:27.263930Z,5295,spawn,Promotable,100,complete_decoded_path;exact_identity_metadata;captured_spawn_observation,,later_scfu_same_generation,1019,297023,1,1044525,Malfunctioning Cleaning Robot,SimpleChar:79891510,2,9da9be1723298979,3595.01025,51.744999,799.210571,3593.95313,52.5,799.703674,1.16647,2
m01706,2026-07-22T13:27:50.551455Z,5966,spawn,Promotable,100,complete_decoded_path;exact_identity_metadata;captured_spawn_observation,,later_scfu_same_generation,1019,297023,1,1044525,Malfunctioning Cleaning Robot,SimpleChar:79891515,1,6dca51a398d7f5bf,3608.82642,51.744999,796.194885,3602.15479,52.5,788.256958,10.369249,2
m01859,2026-07-22T13:28:05.612253Z,6805,spawn,Promotable,100,complete_decoded_path;exact_identity_metadata;captured_spawn_observation,,later_scfu_same_generation,0,26092,40,1044525,ICC Peacekeeper,SimpleChar:7962A325,3,abc0a9722cbc7075,3486.80444,5.302701,784.395691,3482.7561,4.78062,782.527283,4.4587,2
m01882,2026-07-22T13:28:07.979520Z,6870,spawn,Promotable,100,complete_decoded_path;exact_identity_metadata;captured_spawn_observation,,later_scfu_same_generation,0,26092,40,1044525,ICC Peacekeeper,SimpleChar:7962A325,3,c2b495baf00c2344,3484.14917,5.197149,782.924194,3476.31519,5.813362,782.197388,7.867623,2
m01883,2026-07-22T13:28:08.710863Z,6933,spawn,Promotable,100,complete_decoded_path;exact_identity_metadata;captured_spawn_observation,,later_scfu_same_generation,25,17657,1,1044525,Garbage Flea,SimpleChar:798914F3,1,918332247ca87790,3554.21191,8.057898,901.053345,3555.29614,8.110001,906.510925,5.564237,2
m01884,2026-07-22T13:28:10.672856Z,7002,spawn,Promotable,100,complete_decoded_path;exact_identity_metadata;captured_spawn_observation,,later_scfu_same_generation,1019,297023,1,1044525,Cleaning Robot,SimpleChar:798914A2,4,e16cf65607129f39,3592.27759,22.532633,889.909973,3592.01685,24.795572,883.179443,6.735579,2
m01886,2026-07-22T13:28:11.121069Z,7044,spawn,Promotable,100,complete_decoded_path;exact_identity_metadata;captured_spawn_observation,,complete_capture_stable_identity,25,17657,1,1044525,Garbage Flea,SimpleChar:79891482,1,5ea39d37b39df754,3503.01416,5.110001,894.748657,3502.31763,5.110001,903.305664,8.585309,2
m01887,2026-07-22T13:28:11.552284Z,7080,spawn,Promotable,100,complete_decoded_path;exact_identity_metadata;captured_spawn_observation,,later_scfu_same_generation,25,17657,1,1044525,Garbage Flea,SimpleChar:798914F3,1,a57c12eaa31b749c,3555.10498,8.110001,905.127258,3555.50098,8.035147,910.299805,5.187683,2
m01888,2026-07-22T13:28:11.979513Z,7100,spawn,Promotable,100,complete_decoded_path;exact_identity_metadata;captured_spawn_observation,,later_scfu_same_generation,25,17657,1,1044525,Garbage Flea,SimpleChar:79891502,1,5fb4d4cefe00ec4b,3530.29077,5.110001,895.818237,3531.11914,5.410458,901.882385,6.120465,2
m01890,2026-07-22T13:28:13.344230Z,7254,spawn,Promotable,100,complete_decoded_path;exact_identity_metadata;captured_spawn_observation,,preceding_scfu_same_generation,25,17657,2,1044525,Garbage Flea,SimpleChar:798914DF,1,6e5b350212676bd7,3559.75146,8.130765,915.577576,3552.79907,7.629861,921.401794,9.069578,2
m01892,2026-07-22T13:28:14.248643Z,7267,spawn,Promotable,100,complete_decoded_path;exact_identity_metadata;captured_spawn_observation,,later_scfu_same_generation,103,203740,2,1044525,Protester,SimpleChar:7985C910,5,34d6e39d83df43c5,3532.07715,5.110001,801.261841,3533.11304,5.110001,811.393555,10.184532,2
m01916,2026-07-22T13:28:36.632812Z,7991,spawn,Promotable,100,complete_decoded_path;exact_identity_metadata;captured_spawn_observation,,later_scfu_same_generation,137,26125,10,1044525,Leonora Marty,SimpleChar:78E0FC74,2,9775a961dab11288,3447.76514,9.145,861.936646,3450.21484,9.107702,867.728149,6.288286,2
m01924,2026-07-22T13:28:42.002392Z,8077,spawn,Promotable,100,complete_decoded_path;exact_identity_metadata;captured_spawn_observation,,later_scfu_same_generation,25,17657,2,1044525,Garbage Flea,SimpleChar:798914DF,3,3f9c93efc2798140,3557.46069,8.376332,916.9552,3567.58057,8.631208,912.799316,10.939988,2
m01946,2026-07-22T13:28:58.015295Z,8663,spawn,Promotable,100,complete_decoded_path;exact_identity_metadata;captured_spawn_observation,,later_scfu_same_generation,25,17657,6,1044525,Garbage Flea,SimpleChar:7989151E,1,4b277f617ad379b5,3449.55322,0.01,812.68219,3450.31641,0.873832,817.162231,4.544582,2
m01950,2026-07-22T13:29:00.359957Z,8730,spawn,Promotable,100,complete_decoded_path;exact_identity_metadata;captured_spawn_observation,,later_scfu_same_generation,25,17657,6,1044525,Garbage Flea,SimpleChar:7989151E,1,cd8d5bb5634e727f,3450.07104,0.01,815.723328,3451.69238,0.484349,812.295288,3.792124,2
m01955,2026-07-22T13:29:05.491654Z,8949,spawn,Promotable,100,complete_decoded_path;exact_identity_metadata;captured_spawn_observation,,later_scfu_same_generation,0,26092,40,1044525,ICC Peacekeeper,SimpleChar:79882D97,2,70689ba02ebccee3,3447.93506,9.135,806.412415,3454.70435,9.075036,811.924438,8.729587,2
m01957,2026-07-22T13:29:07.067335Z,9045,spawn,Promotable,100,complete_decoded_path;exact_identity_metadata;captured_spawn_observation,,complete_capture_stable_identity,25,17657,1,1044525,Garbage Flea,SimpleChar:79891502,2,48ee15035d6c15f4,3529.86011,5.110001,891.838013,3523.15503,5.110001,888.183289,7.636433,2
m01958,2026-07-22T13:29:07.744248Z,9073,spawn,Promotable,100,complete_decoded_path;exact_identity_metadata;captured_spawn_observation,,later_scfu_same_generation,25,17657,1,1044525,Garbage Flea,SimpleChar:798914F3,2,3618ea08984d8816,3555.19434,8.110001,905.316772,3555.50098,8.035147,910.299805,4.992459,2
m01961,2026-07-22T13:29:09.924934Z,9192,spawn,Promotable,100,complete_decoded_path;exact_identity_metadata;captured_spawn_observation,,later_scfu_same_generation,25,17657,1,1044525,Garbage Flea,SimpleChar:798914F3,2,5b23dc3c05dab031,3555.41919,8.028885,908.930298,3555.29614,8.110001,906.510925,2.4225,2
m01963,2026-07-22T13:29:10.754828Z,9223,spawn,Promotable,100,complete_decoded_path;exact_identity_metadata;captured_spawn_observation,,later_scfu_same_generation,137,26125,10,1044525,Leonora Marty,SimpleChar:78E0FC74,3,02f1e53805738d3e,3442.41699,9.165,889.477478,3447.95923,9.053416,889.979736,5.564952,2
m01964,2026-07-22T13:29:11.196068Z,9237,spawn,Promotable,100,complete_decoded_path;exact_identity_metadata;captured_spawn_observation,,complete_capture_stable_identity,25,17657,1,1044525,Garbage Flea,SimpleChar:79891502,2,da6e302447d9ebb0,3524.27271,5.110001,888.728516,3518.65234,5.110001,890.214111,5.813394,2
m01965,2026-07-22T13:29:11.622318Z,9440,spawn,Promotable,100,complete_decoded_path;exact_identity_metadata;captured_spawn_observation,,later_scfu_same_generation,25,17657,1,1044525,Garbage Flea,SimpleChar:798914F3,2,0e1921d0c6831502,3555.37085,8.072382,907.912476,3555.49976,8.110001,901.772339,6.14149,2
m01966,2026-07-22T13:29:13.678056Z,9502,spawn,Promotable,100,complete_decoded_path;exact_identity_metadata;captured_spawn_observation,,preceding_scfu_same_generation,137,26125,10,1044525,Leonora Marty,SimpleChar:78E0FC74,3,d253fd1e01597ca9,3446.64185,9.145,889.85437,3451.55005,9.109654,889.622498,4.913674,2
m01975,2026-07-22T13:29:23.027275Z,10139,spawn,Promotable,100,complete_decoded_path;exact_identity_metadata;captured_spawn_observation,,later_scfu_same_generation,137,26125,10,1044525,Leonora Marty,SimpleChar:78E0FC74,4,f31773ba46a77157,3460.5376,9.145,889.045593,3466.59814,9.01,889.095337,6.060744,2
m01976,2026-07-22T13:29:23.027275Z,10140,spawn,Promotable,100,complete_decoded_path;exact_identity_metadata;captured_spawn_observation,,later_scfu_same_generation,25,17657,2,1044525,Garbage Flea,SimpleChar:798914DF,5,3f9c93efc2798140,3557.49365,8.371553,916.924438,3567.58057,8.631208,912.799316,10.897825,2
m01977,2026-07-22T13:29:23.027275Z,10141,spawn,Promotable,100,complete_decoded_path;exact_identity_metadata;captured_spawn_observation,,later_scfu_same_generation,25,17657,5,1044525,Garbage Flea,SimpleChar:79891523,1,3c3380cb71ac9389,3451.3645,0.01,863.111023,3451.15186,0.892165,857.847046,5.26827,2
m01978,2026-07-22T13:29:23.027275Z,10142,spawn,Promotable,100,complete_decoded_path;exact_identity_metadata;captured_spawn_observation,,complete_capture_stable_identity,25,17657,6,1044525,Garbage Flea,SimpleChar:7989151E,2,491ac9cdf8c546f2,3448.80713,0.01,831.585022,3450.31641,0.873832,817.162231,14.501546,2
m01981,2026-07-22T13:29:25.531637Z,10296,spawn,Promotable,100,complete_decoded_path;exact_identity_metadata;captured_spawn_observation,,later_scfu_same_generation,1019,297023,1,1044525,Cleaning Robot,SimpleChar:798914A2,7,e16cf65607129f39,3592.29126,22.483906,890.043457,3592.01685,24.795572,883.179443,6.869497,2
m02006,2026-07-22T13:29:56.942152Z,11077,spawn,Promotable,100,complete_decoded_path;exact_identity_metadata;captured_spawn_observation,,later_scfu_same_generation,25,17657,2,1044525,Garbage Flea,SimpleChar:79891452,1,c38f1d8f4d01e478,3513.03638,7.704756,930.814636,3520.65869,6.933264,927.031128,8.509673,2
m02007,2026-07-22T13:29:56.942152Z,11078,spawn,Promotable,100,complete_decoded_path;exact_identity_metadata;captured_spawn_observation,,later_scfu_same_generation,25,17657,1,1044525,Garbage Flea,SimpleChar:798913E1,1,bd9c07a94407a927,3523.94141,9.307218,955.703369,3537.52344,8.710001,950.715149,14.469066,2
m02008,2026-07-22T13:29:58.982570Z,11135,spawn,Promotable,100,complete_decoded_path;exact_identity_metadata;captured_spawn_observation,,later_scfu_same_generation,25,17657,2,1044525,Garbage Flea,SimpleChar:798914DF,6,d6f3252855f2cde4,3551.87256,7.490335,922.243591,3558.44434,8.229358,916.035767,9.040209,2
m02026,2026-07-22T13:30:18.328001Z,11796,spawn,Promotable,100,complete_decoded_path;exact_identity_metadata;captured_spawn_observation,,later_scfu_same_generation,1019,297023,1,1044525,Cleaning Robot,SimpleChar:798914A2,8,f2a0dd8ba3409046,3589.44556,24.67449,884.042358,3589.26099,22.803989,889.752441,5.713065,2
m02046,2026-07-22T13:30:33.786775Z,12288,spawn,Promotable,100,complete_decoded_path;exact_identity_metadata;captured_spawn_observation,,later_scfu_same_generation,103,26149,23,1044525,Janae Seaman,SimpleChar:78E0FD08,6,66b688f7267af6b6,3471.77515,9.01,888.144165,3468.55835,9.01,888.870117,3.297697,2
m02050,2026-07-22T13:30:35.189573Z,12325,spawn,Promotable,100,complete_decoded_path;exact_identity_metadata;captured_spawn_observation,,later_scfu_same_generation,103,26149,23,1044525,Janae Seaman,SimpleChar:78E0FD08,6,dbf16c3bdd68e19e,3469.94995,9.01,888.644714,3466.68091,9.01,887.826477,3.369886,2
m02052,2026-07-22T13:30:36.757035Z,12373,spawn,Promotable,100,complete_decoded_path;exact_identity_metadata;captured_spawn_observation,,later_scfu_same_generation,103,26149,23,1044525,Janae Seaman,SimpleChar:78E0FD08,6,00995c88e35ec324,3467.95825,9.01,888.190308,3462.14771,9.01,889.839905,6.040161,2
m02071,2026-07-22T13:30:56.320328Z,12887,spawn,Promotable,100,complete_decoded_path;exact_identity_metadata;captured_spawn_observation,,later_scfu_same_generation,0,26092,40,1044525,ICC Peacekeeper,SimpleChar:79882D97,4,d2ae8ca523637ee6,3441.28027,9.165,902.094971,3442.77197,12.493572,901.406616,1.642864,2
m02074,2026-07-22T13:30:56.320328Z,12890,spawn,Promotable,100,complete_decoded_path;exact_identity_metadata;captured_spawn_observation,,complete_capture_stable_identity,25,17657,2,1044525,Garbage Flea,SimpleChar:79891534,1,817b4615fa0753a1,3502.0813,5.165853,904.716431,3503.10352,5.110001,896.018494,8.757799,2
m02075,2026-07-22T13:30:56.690514Z,12899,spawn,Promotable,100,complete_decoded_path;exact_identity_metadata;captured_spawn_observation,,later_scfu_same_generation,0,26092,40,1044525,ICC Peacekeeper,SimpleChar:79882D97,4,ec7ae3a0e36ec0e6,3441.47485,9.165,902.02533,3438.62354,9.066066,901.931274,2.852861,2
m02082,2026-07-22T13:31:02.353733Z,12988,spawn,Promotable,100,complete_decoded_path;exact_identity_metadata;captured_spawn_observation,,later_scfu_same_generation,25,17657,2,1044525,Garbage Flea,SimpleChar:798914DF,7,4b675411ee3480b3,3553.7251,7.861426,920.609741,3547.08862,7.951294,926.980652,9.199531,2
m02102,2026-07-22T13:31:18.086048Z,13176,spawn,Promotable,100,complete_decoded_path;exact_identity_metadata;captured_spawn_observation,,later_scfu_same_generation,137,26125,10,1044525,Leonora Marty,SimpleChar:78E0FC74,5,02f1e53805738d3e,3442.47363,9.165,889.479675,3447.95923,9.053416,889.979736,5.508345,2
m02103,2026-07-22T13:31:19.404276Z,13219,spawn,Promotable,100,complete_decoded_path;exact_identity_metadata;captured_spawn_observation,,later_scfu_same_generation,25,17657,6,1044525,Garbage Flea,SimpleChar:79891526,3,040880335ff56233,3453.25513,0.01,884.723999,3450.05835,0.636057,889.84906,6.040335,2
m02107,2026-07-22T13:31:20.497318Z,13293,spawn,Promotable,100,complete_decoded_path;exact_identity_metadata;captured_spawn_observation,,later_scfu_same_generation,137,26125,10,1044525,Leonora Marty,SimpleChar:78E0FC74,5,d253fd1e01597ca9,3446.60718,9.145,889.850281,3451.55005,9.109654,889.622498,4.948116,2
m02143,2026-07-22T13:31:42.933158Z,13839,spawn,Promotable,100,complete_decoded_path;exact_identity_metadata;captured_spawn_observation,,later_scfu_same_generation,25,17657,2,1044525,Garbage Flea,SimpleChar:798914DF,8,780944a9b155908b,3553.84155,7.896903,920.486084,3547.08862,7.951294,926.980652,9.369177,2
m02149,2026-07-22T13:31:48.206435Z,14110,spawn,Promotable,100,complete_decoded_path;exact_identity_metadata;captured_spawn_observation,,preceding_scfu_same_generation,25,17657,5,1044525,Garbage Flea,SimpleChar:79891523,2,a68c21551f3798a8,3451.64722,0.01,863.565308,3450.42603,0.892165,862.10498,1.903645,2
m02150,2026-07-22T13:31:48.657138Z,14118,spawn,Promotable,100,complete_decoded_path;exact_identity_metadata;captured_spawn_observation,,later_scfu_same_generation,25,17657,6,1044525,Garbage Flea,SimpleChar:79891526,4,85fde30ee5037a15,3453.25049,0.01,884.825073,3450.05835,0.636057,889.84906,5.952328,2
m02152,2026-07-22T13:31:48.968310Z,14123,spawn,Promotable,100,complete_decoded_path;exact_identity_metadata;captured_spawn_observation,,preceding_scfu_same_generation,25,17657,5,1044525,Garbage Flea,SimpleChar:79891523,2,b38c077758d06bc5,3451.23584,0.01,863.317078,3451.15186,0.892165,857.847046,5.470677,2
m02198,2026-07-22T13:32:19.059379Z,14905,spawn,Promotable,100,complete_decoded_path;exact_identity_metadata;captured_spawn_observation,,later_scfu_same_generation,25,17657,6,1044525,Garbage Flea,SimpleChar:79891526,5,85fde30ee5037a15,3453.2522,0.01,884.809326,3450.05835,0.636057,889.84906,5.96654,2
m02206,2026-07-22T13:32:23.544858Z,14998,spawn,Promotable,100,complete_decoded_path;exact_identity_metadata;captured_spawn_observation,,later_scfu_same_generation,25,17657,2,1044525,Garbage Flea,SimpleChar:798914DF,9,780944a9b155908b,3553.85889,7.902506,920.463379,3547.08862,7.951294,926.980652,9.397415,2
m02229,2026-07-22T13:32:46.145527Z,15755,spawn,Promotable,100,complete_decoded_path;exact_identity_metadata;captured_spawn_observation,,later_scfu_same_generation,1019,297023,1,1044525,Cleaning Robot,SimpleChar:798914A2,9,43b09048588be670,3589.94189,25.584999,880.83429,3589.36377,24.033365,885.419739,4.621749,2
m02233,2026-07-22T13:32:48.525507Z,15867,spawn,Promotable,100,complete_decoded_path;exact_identity_metadata;captured_spawn_observation,,later_scfu_same_generation,1019,297023,1,1044525,Cleaning Robot,SimpleChar:798914A2,9,f2a0dd8ba3409046,3589.47876,24.639666,884.137756,3589.26099,22.803989,889.752441,5.618907,2
m02250,2026-07-22T13:33:02.415799Z,16329,spawn,Promotable,100,complete_decoded_path;exact_identity_metadata;captured_spawn_observation,,later_scfu_same_generation,25,17657,1,1044525,Garbage Flea,SimpleChar:79891542,1,41c671c5fc54e784,3555.34814,5.110001,874.950195,3552.54932,5.110001,868.246155,7.264816,2
m02283,2026-07-22T13:33:27.587375Z,17501,spawn,Promotable,100,complete_decoded_path;exact_identity_metadata;captured_spawn_observation,,later_scfu_same_generation,103,203740,2,1044525,Protester,SimpleChar:797FD582,6,bca2d79694a35612,3575.19507,5.110001,801.517334,3559.26318,5.110001,801.117615,15.936904,2
m02284,2026-07-22T13:33:28.206796Z,17516,spawn,Promotable,100,complete_decoded_path;exact_identity_metadata;captured_spawn_observation,,later_scfu_same_generation,25,17657,2,1044525,Garbage Flea,SimpleChar:798914DF,10,3f9c93efc2798140,3557.3501,8.39245,917.059509,3567.58057,8.631208,912.799316,11.082047,2
m02306,2026-07-22T13:33:54.057008Z,17978,spawn,Promotable,100,complete_decoded_path;exact_identity_metadata;captured_spawn_observation,,later_scfu_same_generation,1019,297023,1,1044525,Cleaning Robot,SimpleChar:798914A2,10,c18ec1c0bfd94903,3598.78784,25.584999,875.992676,3592.93042,25.529728,876.567505,5.885558,2
m02307,2026-07-22T13:33:55.185634Z,18036,spawn,Promotable,100,complete_decoded_path;exact_identity_metadata;captured_spawn_observation,,later_scfu_same_generation,25,17657,2,1044525,Garbage Flea,SimpleChar:798914DF,11,7aaf7afbd8ef870b,3542.67163,8.662219,929.419373,3547.08862,7.951294,926.980652,5.045509,2
m02311,2026-07-22T13:33:57.186779Z,18124,spawn,Promotable,100,complete_decoded_path;exact_identity_metadata;captured_spawn_observation,,later_scfu_same_generation,1019,297023,1,1044525,Cleaning Robot,SimpleChar:798914A2,10,ebe9507bde9f581e,3594.22852,25.584999,876.404053,3590.44385,25.529846,879.865356,5.128776,2
m02325,2026-07-22T13:34:07.404677Z,18779,spawn,Promotable,100,complete_decoded_path;exact_identity_metadata;captured_spawn_observation,,complete_capture_stable_identity,25,17657,6,1044525,Garbage Flea,SimpleChar:79891526,6,846867fa2b314dfe,3453.61035,0.01,875.211182,3453.51245,0.636055,879.729492,4.51937,2
m02326,2026-07-22T13:34:07.929958Z,18794,spawn,Promotable,100,complete_decoded_path;exact_identity_metadata;captured_spawn_observation,,complete_capture_stable_identity,25,17657,5,1044525,Garbage Flea,SimpleChar:79891523,3,17e6695148aa5b4d,3454.22021,0.01,843.221313,3452.00659,1.284509,864.994385,21.88531,2
m02331,2026-07-22T13:34:10.651582Z,19000,spawn,Promotable,100,complete_decoded_path;exact_identity_metadata;captured_spawn_observation,,complete_capture_stable_identity,25,17657,6,1044525,Garbage Flea,SimpleChar:79891526,6,837b1d9cc718aee1,3453.5542,0.01,878.439636,3453.19116,0.636056,886.086365,7.655342,2
m02351,2026-07-22T13:34:24.209129Z,19429,spawn,Promotable,100,complete_decoded_path;exact_identity_metadata;captured_spawn_observation,,later_scfu_same_generation,25,17657,1,1044525,Garbage Flea,SimpleChar:79891542,2,6ace3d903ac37bdd,3558.53223,5.110001,865.435242,3552.54932,5.110001,868.246155,6.610329,2
m02359,2026-07-22T13:34:27.671188Z,19568,spawn,Promotable,100,complete_decoded_path;exact_identity_metadata;captured_spawn_observation,,later_scfu_same_generation,25,17657,1,1044525,Garbage Flea,SimpleChar:79891542,2,109d23f9ca7a9f27,3553.5979,5.110001,867.735718,3554.36035,5.110001,874.144592,6.454068,2
m02381,2026-07-22T13:34:45.610485Z,20284,spawn,Promotable,100,complete_decoded_path;exact_identity_metadata;captured_spawn_observation,,later_scfu_same_generation,103,203740,2,1044525,Protester,SimpleChar:7985C910,6,f6bb1692a625ebca,3564.44189,5.110001,809.589905,3562.99683,5.110001,799.208618,10.48138,2
m02385,2026-07-22T13:34:49.811715Z,20327,spawn,Promotable,100,complete_decoded_path;exact_identity_metadata;captured_spawn_observation,,later_scfu_same_generation,25,17657,2,1044525,Garbage Flea,SimpleChar:798914DF,13,3f9c93efc2798140,3557.42285,8.381807,916.990356,3567.58057,8.631208,912.799316,10.988362,2
m02393,2026-07-22T13:34:56.244656Z,20382,spawn,Promotable,100,complete_decoded_path;exact_identity_metadata;captured_spawn_observation,,later_scfu_same_generation,25,17657,2,1044525,Garbage Flea,SimpleChar:7989156D,1,817b4615fa0753a1,3502.13721,5.161902,904.663757,3503.10352,5.110001,896.018494,8.699099,2
m02405,2026-07-22T13:35:08.874831Z,20487,spawn,Promotable,100,complete_decoded_path;exact_identity_metadata;captured_spawn_observation,,later_scfu_same_generation,1019,297023,1,1044525,Cleaning Robot,SimpleChar:798914A2,11,c18ec1c0bfd94903,3598.79053,25.584999,875.994263,3592.93042,25.529728,876.567505,5.888081,2
m02409,2026-07-22T13:35:11.925146Z,20512,spawn,Promotable,100,complete_decoded_path;exact_identity_metadata;captured_spawn_observation,,later_scfu_same_generation,1019,297023,1,1044525,Cleaning Robot,SimpleChar:798914A2,11,b17ec7fe41a9fc81,3594.26172,25.584999,876.399841,3590.44385,25.529846,879.865356,5.156154,2
m02435,2026-07-22T13:35:30.934615Z,20677,spawn,Promotable,100,complete_decoded_path;exact_identity_metadata;captured_spawn_observation,,later_scfu_same_generation,25,17657,2,1044525,Garbage Flea,SimpleChar:798914DF,14,3f9c93efc2798140,3557.51025,8.36915,916.908997,3567.58057,8.631208,912.799316,10.876618,2
m02465,2026-07-22T13:35:56.226288Z,21327,spawn,Promotable,100,complete_decoded_path;exact_identity_metadata;captured_spawn_observation,,later_scfu_same_generation,103,203740,2,1044525,Protester,SimpleChar:7985C910,7,4e0a25abe192510a,3531.84106,5.110001,801.155457,3533.11304,5.110001,811.393555,10.316811,2
m02482,2026-07-22T13:36:11.957280Z,21532,spawn,Promotable,100,complete_decoded_path;exact_identity_metadata;captured_spawn_observation,,later_scfu_same_generation,25,17657,2,1044525,Garbage Flea,SimpleChar:798914DF,15,3f9c93efc2798140,3557.46753,8.37532,916.948547,3567.58057,8.631208,912.799316,10.931134,2
m02501,2026-07-22T13:36:27.778844Z,21732,spawn,Promotable,100,complete_decoded_path;exact_identity_metadata;captured_spawn_observation,,later_scfu_same_generation,1019,297023,1,1044525,Cleaning Robot,SimpleChar:798914A2,12,b17ec7fe41a9fc81,3594.33643,25.584999,876.391663,3590.44385,25.529846,879.865356,5.217157,2
m02537,2026-07-22T13:36:52.769301Z,22076,spawn,Promotable,100,complete_decoded_path;exact_identity_metadata;captured_spawn_observation,,later_scfu_same_generation,25,17657,2,1044525,Garbage Flea,SimpleChar:798914DF,16,3f9c93efc2798140,3557.42578,8.381317,916.986755,3567.58057,8.631208,912.799316,10.98428,2
m02581,2026-07-22T13:37:33.865999Z,22673,spawn,Promotable,100,complete_decoded_path;exact_identity_metadata;captured_spawn_observation,,later_scfu_same_generation,25,17657,2,1044525,Garbage Flea,SimpleChar:798914DF,17,3f9c93efc2798140,3557.41821,8.382484,916.994751,3567.58057,8.631208,912.799316,10.994327,2
m02588,2026-07-22T13:37:39.877402Z,22765,spawn,Promotable,100,complete_decoded_path;exact_identity_metadata;captured_spawn_observation,,later_scfu_same_generation,1019,297023,1,1044525,Cleaning Robot,SimpleChar:798914A2,13,c18ec1c0bfd94903,3598.82715,25.584999,876.008362,3592.93042,25.529728,876.567505,5.92318,2
m02593,2026-07-22T13:37:42.906972Z,22805,spawn,Promotable,100,complete_decoded_path;exact_identity_metadata;captured_spawn_observation,,later_scfu_same_generation,1019,297023,1,1044525,Cleaning Robot,SimpleChar:798914A2,13,b17ec7fe41a9fc81,3594.32202,25.584999,876.397278,3590.44385,25.529846,879.865356,5.202669,2
m02603,2026-07-22T13:37:51.796992Z,23022,spawn,Promotable,100,complete_decoded_path;exact_identity_metadata;captured_spawn_observation,,later_scfu_same_generation,103,203740,2,1044525,Protester,SimpleChar:7985C910,8,4e0a25abe192510a,3532.01001,5.110001,801.229187,3533.11304,5.110001,811.393555,10.224043,2
m02637,2026-07-22T13:38:15.078209Z,23305,spawn,Promotable,100,complete_decoded_path;exact_identity_metadata;captured_spawn_observation,,later_scfu_same_generation,25,17657,2,1044525,Garbage Flea,SimpleChar:798914DF,18,3f9c93efc2798140,3557.58203,8.358699,916.841431,3567.58057,8.631208,912.799316,10.784688,2
m02680,2026-07-22T13:38:51.957994Z,23983,spawn,Promotable,100,complete_decoded_path;exact_identity_metadata;captured_spawn_observation,,later_scfu_same_generation,103,26149,23,1044525,Janae Seaman,SimpleChar:78E0FD08,11,b979bc0890f7070b,3472.78809,9.01,886.813477,3470.88599,9.01,888.954834,2.864157,2
m02681,2026-07-22T13:38:51.957994Z,23984,spawn,Promotable,100,complete_decoded_path;exact_identity_metadata;captured_spawn_observation,,complete_capture_stable_identity,25,17657,5,1044525,Garbage Flea,SimpleChar:79891583,1,ce13699b8ffe6b52,3451.14111,0.01,863.220947,3451.15186,0.892165,857.847046,5.373912,2
m02683,2026-07-22T13:38:53.218695Z,24009,spawn,Promotable,100,complete_decoded_path;exact_identity_metadata;captured_spawn_observation,,later_scfu_same_generation,25,17657,5,1044525,Garbage Flea,SimpleChar:7989158A,1,ef7ea2f4caa7210d,3448.78491,2.023588,893.551025,3453.75146,1.025606,873.921082,20.248488,2
m02684,2026-07-22T13:38:53.218695Z,24010,spawn,Promotable,100,complete_decoded_path;exact_identity_metadata;captured_spawn_observation,,later_scfu_same_generation,103,26149,23,1044525,Janae Seaman,SimpleChar:78E0FD08,11,66b688f7267af6b6,3471.83472,9.01,888.200684,3468.55835,9.01,888.870117,3.344061,2
m02686,2026-07-22T13:38:54.607911Z,24033,spawn,Promotable,100,complete_decoded_path;exact_identity_metadata;captured_spawn_observation,,later_scfu_same_generation,103,26149,23,1044525,Janae Seaman,SimpleChar:78E0FD08,11,dbf16c3bdd68e19e,3470.02563,9.01,888.653625,3466.68091,9.01,887.826477,3.445479,2
m02688,2026-07-22T13:38:54.768506Z,24038,spawn,Promotable,100,complete_decoded_path;exact_identity_metadata;captured_spawn_observation,,complete_capture_stable_identity,25,17657,5,1044525,Garbage Flea,SimpleChar:79891583,1,595b26a0c94a43b9,3451.10205,0.01,859.279968,3451.56519,0.892165,852.259827,7.035402,2
m02689,2026-07-22T13:38:55.557477Z,24051,spawn,Promotable,100,complete_decoded_path;exact_identity_metadata;captured_spawn_observation,,later_scfu_same_generation,25,17657,2,1044525,Garbage Flea,SimpleChar:798914DF,19,3f9c93efc2798140,3557.52588,8.366816,916.893494,3567.58057,8.631208,912.799316,10.856292,2
m02690,2026-07-22T13:38:55.968200Z,24052,spawn,Promotable,100,complete_decoded_path;exact_identity_metadata;captured_spawn_observation,,later_scfu_same_generation,103,26149,23,1044525,Janae Seaman,SimpleChar:78E0FD08,11,00995c88e35ec324,3467.87964,9.01,888.18042,3462.14771,9.01,889.839905,5.96732,2
m02704,2026-07-22T13:39:07.069736Z,24232,spawn,Promotable,100,complete_decoded_path;exact_identity_metadata;captured_spawn_observation,,later_scfu_same_generation,25,17657,1,1044525,Garbage Flea,SimpleChar:79891542,3,6ace3d903ac37bdd,3558.55469,5.110001,865.42218,3552.54932,5.110001,868.246155,6.636212,2
m02708,2026-07-22T13:39:10.370199Z,24306,spawn,Promotable,100,complete_decoded_path;exact_identity_metadata;captured_spawn_observation,,later_scfu_same_generation,25,17657,1,1044525,Garbage Flea,SimpleChar:79891542,3,109d23f9ca7a9f27,3553.67822,5.110001,867.696838,3554.36035,5.110001,874.144592,6.483736,2
m02717,2026-07-22T13:39:17.055369Z,24411,spawn,Promotable,100,complete_decoded_path;exact_identity_metadata;captured_spawn_observation,,later_scfu_same_generation,137,26125,10,1044525,Leonora Marty,SimpleChar:78E0FC74,7,e47f471b38533c64,3441.32642,9.01,858.432739,3448.84668,9.050667,862.536926,8.567302,2
m02721,2026-07-22T13:39:18.524540Z,24443,spawn,Promotable,100,complete_decoded_path;exact_identity_metadata;captured_spawn_observation,,later_scfu_same_generation,0,26092,40,1044525,ICC Peacekeeper,SimpleChar:79882D97,6,d2ae8ca523637ee6,3441.37915,9.165,902.05542,3442.77197,12.493572,901.406616,1.53652,2
m02722,2026-07-22T13:39:18.865665Z,24456,spawn,Promotable,100,complete_decoded_path;exact_identity_metadata;captured_spawn_observation,,later_scfu_same_generation,0,26092,40,1044525,ICC Peacekeeper,SimpleChar:79882D97,6,ec7ae3a0e36ec0e6,3441.54224,9.165,901.998535,3438.62354,9.066066,901.931274,2.919475,2
m02739,2026-07-22T13:39:28.632100Z,24630,spawn,Promotable,100,complete_decoded_path;exact_identity_metadata;captured_spawn_observation,,later_scfu_same_generation,97,96195,10,1044525,Pacify,SimpleChar:798915A1,1,97a89e6b3f7ce241,3456.95996,9.145,825.152466,3452.62109,9.645,824.459229,4.393902,2
m02755,2026-07-22T13:39:38.533127Z,24867,spawn,Promotable,100,complete_decoded_path;exact_identity_metadata;captured_spawn_observation,,later_scfu_same_generation,25,17657,1,1044525,Garbage Flea,SimpleChar:79891542,4,6ace3d903ac37bdd,3558.49536,5.110001,865.457581,3552.54932,5.110001,868.246155,6.56746,2
m02767,2026-07-22T13:39:41.789054Z,24930,spawn,Promotable,100,complete_decoded_path;exact_identity_metadata;captured_spawn_observation,,later_scfu_same_generation,25,17657,1,1044525,Garbage Flea,SimpleChar:79891542,4,afae82b77f2473b6,3553.89209,5.110001,867.593262,3554.36035,5.110001,874.144592,6.568043,2
m02775,2026-07-22T13:39:45.031306Z,25003,spawn,Promotable,100,complete_decoded_path;exact_identity_metadata;captured_spawn_observation,,later_scfu_same_generation,25,17657,5,1044525,Garbage Flea,SimpleChar:79891592,1,bb08c1d846fd4de6,3447.09595,0.01,806.140198,3449.11646,0.132882,802.361572,4.284912,2
m02783,2026-07-22T13:39:47.424902Z,25049,spawn,Promotable,100,complete_decoded_path;exact_identity_metadata;captured_spawn_observation,,later_scfu_same_generation,103,203740,2,1044525,Protester,SimpleChar:7985C910,9,34d6e39d83df43c5,3532.17651,5.110001,801.306824,3533.11304,5.110001,811.393555,10.130115,2
m02824,2026-07-22T13:40:09.778018Z,25463,spawn,Promotable,100,complete_decoded_path;exact_identity_metadata;captured_spawn_observation,,later_scfu_same_generation,25,17657,1,1044525,Garbage Flea,SimpleChar:79891542,5,6ace3d903ac37bdd,3558.46411,5.110001,865.450012,3552.54932,5.110001,868.246155,6.542412,2
m02827,2026-07-22T13:40:12.680932Z,25530,spawn,Promotable,100,complete_decoded_path;exact_identity_metadata;captured_spawn_observation,,later_scfu_same_generation,25,17657,2,1044525,Garbage Flea,SimpleChar:798915AA,1,8cd85d023afb61df,3531.23364,5.863186,903.236938,3530.66382,5.110001,897.269409,5.994672,2
m02829,2026-07-22T13:40:13.463442Z,25592,spawn,Promotable,100,complete_decoded_path;exact_identity_metadata;captured_spawn_observation,,later_scfu_same_generation,25,17657,1,1044525,Garbage Flea,SimpleChar:79891542,5,109d23f9ca7a9f27,3553.69019,5.110001,867.687134,3554.36035,5.110001,874.144592,6.49214,2
m02834,2026-07-22T13:40:17.101861Z,25775,spawn,Promotable,100,complete_decoded_path;exact_identity_metadata;captured_spawn_observation,,later_scfu_same_generation,137,26125,10,1044525,Leonora Marty,SimpleChar:78E0FC74,8,02f1e53805738d3e,3442.46899,9.165,889.476746,3447.95923,9.053416,889.979736,5.513233,2
m02838,2026-07-22T13:40:19.954061Z,25915,spawn,Promotable,100,complete_decoded_path;exact_identity_metadata;captured_spawn_observation,,later_scfu_same_generation,137,26125,10,1044525,Leonora Marty,SimpleChar:78E0FC74,8,d253fd1e01597ca9,3446.71606,9.145,889.860229,3451.55005,9.109654,889.622498,4.839832,2
m02868,2026-07-22T13:40:31.878769Z,26291,spawn,Promotable,100,complete_decoded_path;exact_identity_metadata;captured_spawn_observation,,later_scfu_same_generation,25,17657,1,1044525,Garbage Flea,SimpleChar:798915AB,1,de6dd87d90b2b8b5,3508.70923,7.827771,925.98877,3496.71289,8.238751,924.501892,12.088134,2
m02890,2026-07-22T13:40:40.953861Z,26574,spawn,Promotable,100,complete_decoded_path;exact_identity_metadata;captured_spawn_observation,,complete_capture_stable_identity,25,17657,5,1044525,Garbage Flea,SimpleChar:79891592,2,69cd3a2a742bf2b5,3423.93018,0.01,854.608765,3424.01343,0.01,863.072021,8.463665,2
m02893,2026-07-22T13:40:44.515195Z,26652,spawn,Promotable,100,complete_decoded_path;exact_identity_metadata;captured_spawn_observation,,later_scfu_same_generation,103,26090,6,1044525,Janee Forejt,SimpleChar:78E0FD07,1,d3e84819b64b9cfa,3411.39819,9.01,852.495789,3411.34961,9.01,857.35321,4.857664,2
m02895,2026-07-22T13:40:45.654239Z,26663,spawn,Promotable,100,complete_decoded_path;exact_identity_metadata;captured_spawn_observation,,complete_capture_stable_identity,25,17657,5,1044525,Garbage Flea,SimpleChar:79891592,2,5c0cf6bf5284003b,3424.00146,0.01,861.690002,3422.72876,0.01,875.664856,14.032687,2
m02917,2026-07-22T13:40:57.164953Z,26881,spawn,Promotable,100,complete_decoded_path;exact_identity_metadata;captured_spawn_observation,,later_scfu_same_generation,95,96056,2,1044525,Bureaucrat Worker,SimpleChar:798915B6,1,2760a203257f0d4d,3477.07471,6.185631,902.925049,3472.80835,7.989186,903.409424,4.293768,2
m02943,2026-07-22T13:41:13.637954Z,27160,spawn,Promotable,100,complete_decoded_path;exact_identity_metadata;captured_spawn_observation,,later_scfu_same_generation,25,17657,1,1044525,Garbage Flea,SimpleChar:798915AB,2,49d4a6580cd84dbe,3515.14355,8.031631,930.931702,3507.80005,8.336768,924.962708,9.463397,2
m02960,2026-07-22T13:41:22.300340Z,27318,spawn,Promotable,100,complete_decoded_path;exact_identity_metadata;captured_spawn_observation,,later_scfu_same_generation,95,17649,1,1044525,Engineer Automaton I,SimpleChar:798915BE,1,683aa1c344e60e43,3473.63159,6.38229,903.829529,3470.65112,8.806839,900.907776,4.173708,2
m02965,2026-07-22T13:41:23.249784Z,27362,spawn,Promotable,100,complete_decoded_path;exact_identity_metadata;captured_spawn_observation,,later_scfu_same_generation,95,17649,1,1044525,Engineer Automaton I,SimpleChar:798915BE,1,105e037593ffba2f,3471.08765,8.111245,901.740173,3465.21387,9.51,904.015137,6.298949,2
m03017,2026-07-22T13:41:48.459504Z,28042,spawn,Promotable,100,complete_decoded_path;exact_identity_metadata;captured_spawn_observation,,later_scfu_same_generation,103,26090,6,1044525,Janee Forejt,SimpleChar:78E0FD07,2,ef60a7afca0fdd10,3416.79443,9.145,842.734131,3413.60498,9.01,848.813843,6.865529,2
m03080,2026-07-22T13:42:05.041293Z,28765,spawn,Promotable,100,complete_decoded_path;exact_identity_metadata;captured_spawn_observation,,later_scfu_same_generation,0,26092,40,1044525,ICC Peacekeeper,SimpleChar:7962A325,5,fa532066bc0ed353,3455.00464,3.489869,782.104492,3453.58154,4.776038,785.772034,3.933965,2
m03084,2026-07-22T13:42:06.376751Z,28807,spawn,Promotable,100,complete_decoded_path;exact_identity_metadata;captured_spawn_observation,,later_scfu_same_generation,0,26092,40,1044525,ICC Peacekeeper,SimpleChar:7962A3F9,1,c5a2db7fcedeeada,3424.37549,3.724208,767.145996,3415.63647,3.01,769.055786,8.945265,2
m03086,2026-07-22T13:42:06.992535Z,28828,spawn,Promotable,100,complete_decoded_path;exact_identity_metadata;captured_spawn_observation,,later_scfu_same_generation,0,26092,40,1044525,ICC Peacekeeper,SimpleChar:7962A325,5,c5d44702ce599cd7,3453.98047,3.91,784.370544,3456.63599,4.857699,786.449463,3.37249,2
m03096,2026-07-22T13:42:09.677492Z,28902,spawn,Promotable,100,complete_decoded_path;exact_identity_metadata;captured_spawn_observation,,later_scfu_same_generation,0,26092,40,1044525,ICC Peacekeeper,SimpleChar:797D337E,1,9f954444b1d532a3,3402.27246,9.01,802.63678,3410.12915,9.010248,802.544067,7.857237,2
m03117,2026-07-22T13:42:24.327145Z,29213,spawn,Promotable,100,complete_decoded_path;exact_identity_metadata;captured_spawn_observation,,later_scfu_same_generation,103,26090,6,1044525,Janee Forejt,SimpleChar:78E0FD07,3,e78f820e8f2e8ab7,3425.29565,9.145,875.232849,3421.68726,9.049099,867.54187,8.495389,2
m03125,2026-07-22T13:42:28.617761Z,29287,spawn,Promotable,100,complete_decoded_path;exact_identity_metadata;captured_spawn_observation,,later_scfu_same_generation,25,17657,6,1044525,Garbage Flea,SimpleChar:798915D2,1,f1b99c8d362c87bb,3424.0835,0.01,855.956543,3424.01343,0.01,863.072021,7.115823,2
m03131,2026-07-22T13:42:31.038649Z,29349,spawn,Promotable,100,complete_decoded_path;exact_identity_metadata;captured_spawn_observation,,later_scfu_same_generation,25,17657,5,1044525,Garbage Flea,SimpleChar:7989158A,2,846867fa2b314dfe,3453.61597,0.01,875.163635,3453.51245,0.636055,879.729492,4.56703,2
m03135,2026-07-22T13:42:32.596580Z,29376,spawn,Promotable,100,complete_decoded_path;exact_identity_metadata;captured_spawn_observation,,later_scfu_same_generation,25,17657,6,1044525,Garbage Flea,SimpleChar:798915D2,1,5c0cf6bf5284003b,3424.02734,0.01,861.676819,3422.72876,0.01,875.664856,14.048185,2
m03157,2026-07-22T13:42:53.507838Z,29752,spawn,Promotable,100,complete_decoded_path;exact_identity_metadata;captured_spawn_observation,,later_scfu_same_generation,137,26125,10,1044525,Leonora Marty,SimpleChar:78E0FC74,9,dd5fdf951e2b327e,3457.07861,9.145,878.603394,3457.13965,9.107692,869.205444,9.398148,2
m03187,2026-07-22T13:43:19.544217Z,30184,spawn,Promotable,100,complete_decoded_path;exact_identity_metadata;captured_spawn_observation,,later_scfu_same_generation,0,26092,40,1044525,ICC Peacekeeper,SimpleChar:797D337E,2,318976c080b73997,3402.19434,9.01,802.633423,3410.12915,9.010248,802.544067,7.935313,2
m03195,2026-07-22T13:43:24.615172Z,30248,spawn,Promotable,100,complete_decoded_path;exact_identity_metadata;captured_spawn_observation,,complete_capture_stable_identity,25,17657,5,1044525,Garbage Flea,SimpleChar:798915C2,3,2df25775fe7998d0,3423.28101,0.01,877.182922,3422.85767,0.01,872.497803,4.704206,2
m03199,2026-07-22T13:43:26.132899Z,30271,spawn,Promotable,100,complete_decoded_path;exact_identity_metadata;captured_spawn_observation,,complete_capture_stable_identity,25,17657,5,1044525,Garbage Flea,SimpleChar:798915C2,3,eb06e01c64b61fee,3423.05737,0.01,874.292175,3423.90259,0.01,869.607422,4.760389,2
m03216,2026-07-22T13:43:36.281416Z,30442,spawn,Promotable,100,complete_decoded_path;exact_identity_metadata;captured_spawn_observation,,later_scfu_same_generation,103,26090,6,1044525,Janee Forejt,SimpleChar:78E0FD07,4,e78f820e8f2e8ab7,3425.31055,9.145,875.110657,3421.68726,9.049099,867.54187,8.391351,2
m03279,2026-07-22T13:44:03.170018Z,31554,spawn,Promotable,100,complete_decoded_path;exact_identity_metadata;captured_spawn_observation,,later_scfu_same_generation,103,26090,6,1044525,Janee Forejt,SimpleChar:78E0FD07,5,a041aca55eb8fd13,3421.84424,9.145,836.598877,3417.67261,9.009962,833.816833,5.014206,2
m03328,2026-07-22T13:44:33.562105Z,32636,spawn,Promotable,100,complete_decoded_path;exact_identity_metadata;captured_spawn_observation,,later_scfu_same_generation,0,26092,40,1044525,ICC Peacekeeper,SimpleChar:7962A325,6,22df4b54e61280b3,3477.67334,4.758841,782.303528,3468.15625,6.866878,781.229736,9.577475,2
m03410,2026-07-22T13:45:26.251174Z,34186,spawn,Promotable,100,complete_decoded_path;exact_identity_metadata;captured_spawn_observation,,later_scfu_same_generation,137,30365,10,1044525,Lolly the Reet,SimpleChar:798915E3,1,5244681b1c48b7e9,3326.74121,0.602007,639.223022,3326.98438,2.073534,629.647522,9.578587,2
m03413,2026-07-22T13:45:28.114176Z,34269,spawn,Promotable,100,complete_decoded_path;exact_identity_metadata;captured_spawn_observation,,later_scfu_same_generation,137,30365,10,1044525,Lolly the Reet,SimpleChar:798915E3,1,18de6de415c72c5c,3326.89746,3.749531,630.990417,3332.55835,1.434539,625.049622,8.206017,2
m03415,2026-07-22T13:45:29.493485Z,34353,spawn,Promotable,100,complete_decoded_path;exact_identity_metadata;captured_spawn_observation,,later_scfu_same_generation,137,30365,10,1044525,Lolly the Reet,SimpleChar:798915E3,1,965f25ee797083a9,3331.45898,2.174211,625.973633,3335.0603,0.239523,611.099487,15.303912,2
m03458,2026-07-22T13:46:01.832874Z,35904,spawn,Promotable,100,complete_decoded_path;exact_identity_metadata;captured_spawn_observation,,complete_capture_stable_identity,137,30365,10,1044525,Lolly the Reet,SimpleChar:798915E3,2,62eb6b12fe79f82a,3365.63257,2.11,606.347351,3359.9353,3.574606,620.666016,15.410485,2
m03471,2026-07-22T13:46:38.740028Z,36943,spawn,Promotable,100,complete_decoded_path;exact_identity_metadata;captured_spawn_observation,,later_scfu_same_generation,137,30365,10,1044525,Lolly the Reet,SimpleChar:79891616,1,a084a020b74bf583,3335.41431,1.347123,611.00354,3335.83032,0.297274,610.44574,0.695849,2
m03472,2026-07-22T13:46:38.930120Z,36950,spawn,Promotable,100,complete_decoded_path;exact_identity_metadata;captured_spawn_observation,,later_scfu_same_generation,137,30365,10,1044525,Lolly the Reet,SimpleChar:79891616,1,ea75db9008a5093b,3335.55908,1.271354,610.809448,3346.71191,3.3914,606.237671,12.053496,2
m03474,2026-07-22T13:46:41.321029Z,37131,spawn,Promotable,100,complete_decoded_path;exact_identity_metadata;captured_spawn_observation,,later_scfu_same_generation,137,30365,10,1044525,Lolly the Reet,SimpleChar:79891616,1,f606a2e750e0e88d,3345.29712,3.009803,606.648743,3354.31543,2.11,594.018738,15.519244,2
m03509,2026-07-22T13:47:08.096265Z,38121,spawn,Promotable,100,complete_decoded_path;exact_identity_metadata;captured_spawn_observation,,complete_capture_stable_identity,137,30365,10,1044525,Lolly the Reet,SimpleChar:79891616,2,b002ed385c0124f9,3365.74414,2.11,606.193604,3359.9353,3.574606,620.666016,15.594657,2
m03515,2026-07-22T13:47:11.277555Z,38283,spawn,Promotable,100,complete_decoded_path;exact_identity_metadata;captured_spawn_observation,,complete_capture_stable_identity,137,30365,10,1044525,Lolly the Reet,SimpleChar:79891616,2,13933ea3ed244f3d,3360.41333,3.438123,619.605103,3358.17725,3.61,640.51532,21.029437,2
m03545,2026-07-22T13:47:41.435632Z,39250,spawn,Promotable,100,complete_decoded_path;exact_identity_metadata;captured_spawn_observation,,preceding_scfu_same_generation,103,290472,10,1044525,Mario Carles,SimpleChar:7988CF03,1,5b7bc4e6d97bacd7,3414.38281,3.01,755.77124,3397.70874,3.01,738.923157,23.704061,2
m03700,2026-07-22T13:52:57.704774Z,44384,spawn,Promotable,100,complete_decoded_path;exact_identity_metadata;captured_spawn_observation,,later_scfu_same_generation,1019,297023,1,1044525,Malfunctioning Cleaning Robot,SimpleChar:797D36A5,4,2eb3373b9dba6082,3596.81177,51.744999,788.208923,3596.03638,52.244999,788.728149,0.93318,2
m03701,2026-07-22T13:52:57.704774Z,44385,spawn,Promotable,100,complete_decoded_path;exact_identity_metadata;captured_spawn_observation,,later_scfu_same_generation,1019,297023,1,1044525,Malfunctioning Cleaning Robot,SimpleChar:79543CB6,3,8fdb70a3a252296e,3596.979,51.744999,783.935852,3596.03467,52.244999,784.114319,0.961046,2
m03702,2026-07-22T13:52:57.876348Z,44386,spawn,Promotable,100,complete_decoded_path;exact_identity_metadata;captured_spawn_observation,,later_scfu_same_generation,1019,297023,1,1044525,Malfunctioning Cleaning Robot,SimpleChar:797D36A5,4,2eb3373b9dba6082,3596.81177,51.744999,788.208923,3596.06006,52.244999,788.671509,0.88264,2
m03703,2026-07-22T13:52:57.876348Z,44387,spawn,Promotable,100,complete_decoded_path;exact_identity_metadata;captured_spawn_observation,,later_scfu_same_generation,103,203740,2,1044525,Protester,SimpleChar:797FD582,11,a4a29d909db55b90,3597.77856,5.110001,794.236023,3591.88379,5.110001,801.318481,9.214636,2
m03704,2026-07-22T13:52:57.876348Z,44388,spawn,Promotable,100,complete_decoded_path;exact_identity_metadata;captured_spawn_observation,,later_scfu_same_generation,1019,297023,1,1044525,Malfunctioning Cleaning Robot,SimpleChar:79543CB6,3,8fdb70a3a252296e,3596.979,51.744999,783.935852,3596.10254,52.244999,783.96051,0.876807,2
m03705,2026-07-22T13:52:58.341590Z,44394,spawn,Promotable,100,complete_decoded_path;exact_identity_metadata;captured_spawn_observation,,later_scfu_same_generation,1019,297023,1,1044525,Malfunctioning Cleaning Robot,SimpleChar:797D36A5,4,2cb044179e1c0e0f,3596.81177,51.744999,788.208923,3596.05518,51.744999,788.482483,0.804527,2
m03706,2026-07-22T13:52:58.341590Z,44395,spawn,Promotable,100,complete_decoded_path;exact_identity_metadata;captured_spawn_observation,,later_scfu_same_generation,1019,297023,1,1044525,Malfunctioning Cleaning Robot,SimpleChar:79543CB6,3,8fdb70a3a252296e,3596.979,51.744999,783.935852,3596.09644,52.244999,783.849548,0.88677,2
m03707,2026-07-22T13:52:58.569699Z,44401,spawn,Promotable,100,complete_decoded_path;exact_identity_metadata;captured_spawn_observation,,later_scfu_same_generation,1019,297023,1,1044525,Malfunctioning Cleaning Robot,SimpleChar:797D36A5,4,2eb3373b9dba6082,3596.81177,51.744999,788.208923,3596.06543,52.244999,788.518066,0.807832,2
m03708,2026-07-22T13:52:58.569699Z,44402,spawn,Promotable,100,complete_decoded_path;exact_identity_metadata;captured_spawn_observation,,later_scfu_same_generation,1019,297023,1,1044525,Malfunctioning Cleaning Robot,SimpleChar:79543CB6,3,8fdb70a3a252296e,3596.979,51.744999,783.935852,3596.09546,52.244999,783.845276,0.888171,2
m03709,2026-07-22T13:52:58.569699Z,44403,spawn,Promotable,100,complete_decoded_path;exact_identity_metadata;captured_spawn_observation,,complete_capture_stable_identity,1019,297023,1,1044525,Malfunctioning Cleaning Robot,SimpleChar:79891618,1,93e0305142e5bab8,3601.61768,52.134998,787.081787,3596.94067,52.5,772.294067,15.509709,2
m03710,2026-07-22T13:52:58.569699Z,44404,spawn,Promotable,100,complete_decoded_path;exact_identity_metadata;captured_spawn_observation,,later_scfu_same_generation,1019,297023,1,1044525,Malfunctioning Cleaning Robot,SimpleChar:797D36A5,4,2eb3373b9dba6082,3596.81177,51.744999,788.208923,3596.02368,52.244999,788.419922,0.815847,2
m03711,2026-07-22T13:52:58.569699Z,44405,spawn,Promotable,100,complete_decoded_path;exact_identity_metadata;captured_spawn_observation,,later_scfu_same_generation,1019,297023,1,1044525,Malfunctioning Cleaning Robot,SimpleChar:79543CB6,3,7740d1949c568006,3596.979,51.744999,783.935852,3596.10522,51.744999,783.924805,0.87385,2
m03713,2026-07-22T13:52:58.761808Z,44407,spawn,Promotable,100,complete_decoded_path;exact_identity_metadata;captured_spawn_observation,,later_scfu_same_generation,1019,297023,1,1044525,Malfunctioning Cleaning Robot,SimpleChar:797D36A5,4,2eb3373b9dba6082,3596.81177,51.744999,788.208923,3596.04663,52.244999,788.461426,0.805728,2
m03714,2026-07-22T13:52:58.761808Z,44408,spawn,Promotable,100,complete_decoded_path;exact_identity_metadata;captured_spawn_observation,,later_scfu_same_generation,1019,297023,1,1044525,Malfunctioning Cleaning Robot,SimpleChar:79543CB6,3,7740d1949c568006,3596.979,51.744999,783.935852,3596.10522,51.744999,783.924805,0.87385,2
m03715,2026-07-22T13:52:59.001443Z,44409,spawn,Promotable,100,complete_decoded_path;exact_identity_metadata;captured_spawn_observation,,later_scfu_same_generation,1019,297023,1,1044525,Malfunctioning Cleaning Robot,SimpleChar:797D36A5,4,2eb3373b9dba6082,3596.81177,51.744999,788.208923,3596.01416,52.244999,788.405945,0.821583,2
m03716,2026-07-22T13:52:59.001443Z,44410,spawn,Promotable,100,complete_decoded_path;exact_identity_metadata;captured_spawn_observation,,later_scfu_same_generation,1019,297023,1,1044525,Malfunctioning Cleaning Robot,SimpleChar:79543CB6,3,7740d1949c568006,3596.979,51.744999,783.935852,3596.10522,51.744999,783.924805,0.87385,2
m03717,2026-07-22T13:52:59.203037Z,44411,spawn,Promotable,100,complete_decoded_path;exact_identity_metadata;captured_spawn_observation,,later_scfu_same_generation,1019,297023,1,1044525,Malfunctioning Cleaning Robot,SimpleChar:797D36A5,4,2cb044179e1c0e0f,3596.81177,51.744999,788.208923,3596.05518,51.744999,788.482483,0.804527,2
m03718,2026-07-22T13:52:59.203037Z,44412,spawn,Promotable,100,complete_decoded_path;exact_identity_metadata;captured_spawn_observation,,later_scfu_same_generation,1019,297023,1,1044525,Malfunctioning Cleaning Robot,SimpleChar:79543CB6,3,8fdb70a3a252296e,3596.979,51.744999,783.935852,3596.07495,52.244999,784.052368,0.911527,2
m03719,2026-07-22T13:52:59.403630Z,44421,spawn,Promotable,100,complete_decoded_path;exact_identity_metadata;captured_spawn_observation,,later_scfu_same_generation,1019,297023,1,1044525,Malfunctioning Cleaning Robot,SimpleChar:797D36A5,4,2cb044179e1c0e0f,3596.81177,51.744999,788.208923,3596.05518,51.744999,788.482483,0.804527,2
m03720,2026-07-22T13:52:59.403630Z,44422,spawn,Promotable,100,complete_decoded_path;exact_identity_metadata;captured_spawn_observation,,later_scfu_same_generation,1019,297023,1,1044525,Malfunctioning Cleaning Robot,SimpleChar:79543CB6,3,52aa3d9899596478,3596.979,51.744999,783.935852,3596.04858,52.244999,783.745605,0.949671,2
m03721,2026-07-22T13:52:59.613752Z,44423,spawn,Promotable,100,complete_decoded_path;exact_identity_metadata;captured_spawn_observation,,later_scfu_same_generation,1019,297023,1,1044525,Malfunctioning Cleaning Robot,SimpleChar:79891652,1,9ebf22894923f5e1,3621.83984,51.744999,798.603821,3622.78076,52.5,798.795105,0.960167,2
m03722,2026-07-22T13:52:59.613752Z,44424,spawn,Promotable,100,complete_decoded_path;exact_identity_metadata;captured_spawn_observation,,later_scfu_same_generation,1019,297023,1,1044525,Malfunctioning Cleaning Robot,SimpleChar:797D36A5,4,2cb044179e1c0e0f,3596.81177,51.744999,788.208923,3596.05518,51.744999,788.482483,0.804527,2
m03723,2026-07-22T13:52:59.613752Z,44425,spawn,Promotable,100,complete_decoded_path;exact_identity_metadata;captured_spawn_observation,,later_scfu_same_generation,1019,297023,1,1044525,Malfunctioning Cleaning Robot,SimpleChar:79543CB6,3,7740d1949c568006,3596.979,51.744999,783.935852,3596.10522,51.744999,783.924805,0.87385,2
m03724,2026-07-22T13:52:59.855371Z,44426,spawn,Promotable,100,complete_decoded_path;exact_identity_metadata;captured_spawn_observation,,later_scfu_same_generation,1019,297023,1,1044525,Malfunctioning Cleaning Robot,SimpleChar:79891652,1,576ab04f318db6e1,3621.83984,51.744999,798.603821,3622.87939,52.5,798.725281,1.046622,2
m03725,2026-07-22T13:52:59.855371Z,44427,spawn,Promotable,100,complete_decoded_path;exact_identity_metadata;captured_spawn_observation,,later_scfu_same_generation,1019,297023,1,1044525,Malfunctioning Cleaning Robot,SimpleChar:797D36A5,4,2cb044179e1c0e0f,3596.81177,51.744999,788.208923,3596.05518,51.744999,788.482483,0.804527,2
m03726,2026-07-22T13:52:59.855371Z,44428,spawn,Promotable,100,complete_decoded_path;exact_identity_metadata;captured_spawn_observation,,later_scfu_same_generation,1019,297023,1,1044525,Malfunctioning Cleaning Robot,SimpleChar:79543CB6,3,52aa3d9899596478,3596.979,51.744999,783.935852,3596.021,52.244999,783.712585,0.983673,2
m03727,2026-07-22T13:53:00.058479Z,44429,spawn,Promotable,100,complete_decoded_path;exact_identity_metadata;captured_spawn_observation,,later_scfu_same_generation,1019,297023,1,1044525,Malfunctioning Cleaning Robot,SimpleChar:797D36A5,4,2cb044179e1c0e0f,3596.81177,51.744999,788.208923,3596.05518,51.744999,788.482483,0.804527,2
m03728,2026-07-22T13:53:00.058479Z,44430,spawn,Promotable,100,complete_decoded_path;exact_identity_metadata;captured_spawn_observation,,later_scfu_same_generation,1019,297023,1,1044525,Malfunctioning Cleaning Robot,SimpleChar:79543CB6,3,7740d1949c568006,3596.979,51.744999,783.935852,3596.10522,51.744999,783.924805,0.87385,2
m03729,2026-07-22T13:53:00.499204Z,44435,spawn,Promotable,100,complete_decoded_path;exact_identity_metadata;captured_spawn_observation,,later_scfu_same_generation,1019,297023,1,1044525,Malfunctioning Cleaning Robot,SimpleChar:79891652,1,18063e0202096350,3621.90015,51.744999,798.610901,3622.7002,52.5,799.007019,0.892743,2
m03730,2026-07-22T13:53:00.499204Z,44436,spawn,Promotable,100,complete_decoded_path;exact_identity_metadata;captured_spawn_observation,,later_scfu_same_generation,1019,297023,1,1044525,Malfunctioning Cleaning Robot,SimpleChar:797D36A5,4,2cb044179e1c0e0f,3596.81177,51.744999,788.208923,3596.05518,51.744999,788.482483,0.804527,2
m03731,2026-07-22T13:53:00.499204Z,44437,spawn,Promotable,100,complete_decoded_path;exact_identity_metadata;captured_spawn_observation,,later_scfu_same_generation,1019,297023,1,1044525,Malfunctioning Cleaning Robot,SimpleChar:79543CB6,3,7740d1949c568006,3596.979,51.744999,783.935852,3596.10522,51.744999,783.924805,0.87385,2
m03732,2026-07-22T13:53:00.499204Z,44438,spawn,Promotable,100,complete_decoded_path;exact_identity_metadata;captured_spawn_observation,,later_scfu_same_generation,1019,297023,1,1044525,Malfunctioning Cleaning Robot,SimpleChar:79891652,1,576ab04f318db6e1,3621.90015,51.744999,798.610901,3622.9856,52.5,798.700378,1.089132,2
m03733,2026-07-22T13:53:00.499204Z,44439,spawn,Promotable,100,complete_decoded_path;exact_identity_metadata;captured_spawn_observation,,later_scfu_same_generation,1019,297023,1,1044525,Malfunctioning Cleaning Robot,SimpleChar:797D36A5,4,2cb044179e1c0e0f,3596.81177,51.744999,788.208923,3596.05518,51.744999,788.482483,0.804527,2
m03734,2026-07-22T13:53:00.499204Z,44440,spawn,Promotable,100,complete_decoded_path;exact_identity_metadata;captured_spawn_observation,,later_scfu_same_generation,1019,297023,1,1044525,Malfunctioning Cleaning Robot,SimpleChar:79543CB6,3,8fdb70a3a252296e,3596.979,51.744999,783.935852,3596.09058,52.244999,783.828491,0.894884,2
m03735,2026-07-22T13:53:00.759323Z,44441,spawn,Promotable,100,complete_decoded_path;exact_identity_metadata;captured_spawn_observation,,later_scfu_same_generation,1019,297023,1,1044525,Malfunctioning Cleaning Robot,SimpleChar:797D36A5,4,2cb044179e1c0e0f,3596.81177,51.744999,788.208923,3596.05518,51.744999,788.482483,0.804527,2
m03736,2026-07-22T13:53:00.759323Z,44442,spawn,Promotable,100,complete_decoded_path;exact_identity_metadata;captured_spawn_observation,,later_scfu_same_generation,1019,297023,1,1044525,Malfunctioning Cleaning Robot,SimpleChar:79543CB6,3,7740d1949c568006,3596.979,51.744999,783.935852,3596.10522,51.744999,783.924805,0.87385,2
m03737,2026-07-22T13:53:00.949418Z,44443,spawn,Promotable,100,complete_decoded_path;exact_identity_metadata;captured_spawn_observation,,later_scfu_same_generation,1019,297023,1,1044525,Malfunctioning Cleaning Robot,SimpleChar:79891652,1,9ebf22894923f5e1,3622.02783,51.744999,798.621338,3622.78296,52.5,799.207031,0.955645,2
m03738,2026-07-22T13:53:00.949418Z,44444,spawn,Promotable,100,complete_decoded_path;exact_identity_metadata;captured_spawn_observation,,later_scfu_same_generation,1019,297023,1,1044525,Malfunctioning Cleaning Robot,SimpleChar:797D36A5,4,2cb044179e1c0e0f,3596.81177,51.744999,788.208923,3596.05518,51.744999,788.482483,0.804527,2
m03739,2026-07-22T13:53:00.949418Z,44445,spawn,Promotable,100,complete_decoded_path;exact_identity_metadata;captured_spawn_observation,,later_scfu_same_generation,1019,297023,1,1044525,Malfunctioning Cleaning Robot,SimpleChar:79543CB6,3,7740d1949c568006,3596.979,51.744999,783.935852,3596.10522,51.744999,783.924805,0.87385,2
m03740,2026-07-22T13:53:01.199533Z,44446,spawn,Promotable,100,complete_decoded_path;exact_identity_metadata;captured_spawn_observation,,later_scfu_same_generation,1019,297023,1,1044525,Malfunctioning Cleaning Robot,SimpleChar:79891652,1,576ab04f318db6e1,3622.02783,51.744999,798.621338,3622.84985,52.5,798.740356,0.830591,2
m03741,2026-07-22T13:53:01.199533Z,44447,spawn,Promotable,100,complete_decoded_path;exact_identity_metadata;captured_spawn_observation,,later_scfu_same_generation,1019,297023,1,1044525,Malfunctioning Cleaning Robot,SimpleChar:797D36A5,4,2cb044179e1c0e0f,3596.81177,51.744999,788.208923,3596.05518,51.744999,788.482483,0.804527,2
m03742,2026-07-22T13:53:01.199533Z,44448,spawn,Promotable,100,complete_decoded_path;exact_identity_metadata;captured_spawn_observation,,later_scfu_same_generation,1019,297023,1,1044525,Malfunctioning Cleaning Robot,SimpleChar:79543CB6,3,7740d1949c568006,3596.979,51.744999,783.935852,3596.10522,51.744999,783.924805,0.87385,2
m03743,2026-07-22T13:53:01.601740Z,44454,spawn,Promotable,100,complete_decoded_path;exact_identity_metadata;captured_spawn_observation,,later_scfu_same_generation,1019,297023,1,1044525,Malfunctioning Cleaning Robot,SimpleChar:79891652,1,9ebf22894923f5e1,3622.02783,51.744999,798.621338,3622.7832,52.5,798.792725,0.774569,2
m03744,2026-07-22T13:53:01.601740Z,44455,spawn,Promotable,100,complete_decoded_path;exact_identity_metadata;captured_spawn_observation,,later_scfu_same_generation,1019,297023,1,1044525,Malfunctioning Cleaning Robot,SimpleChar:797D36A5,4,2cb044179e1c0e0f,3596.81177,51.744999,788.208923,3596.05518,51.744999,788.482483,0.804527,2
m03745,2026-07-22T13:53:01.601740Z,44456,spawn,Promotable,100,complete_decoded_path;exact_identity_metadata;captured_spawn_observation,,later_scfu_same_generation,1019,297023,1,1044525,Malfunctioning Cleaning Robot,SimpleChar:79543CB6,3,7740d1949c568006,3596.979,51.744999,783.935852,3596.10522,51.744999,783.924805,0.87385,2
m03746,2026-07-22T13:53:01.602240Z,44457,spawn,Promotable,100,complete_decoded_path;exact_identity_metadata;captured_spawn_observation,,later_scfu_same_generation,1019,297023,1,1044525,Malfunctioning Cleaning Robot,SimpleChar:79891652,1,18063e0202096350,3622.02783,51.744999,798.621338,3622.71313,52.5,799.088196,0.829212,2
m03747,2026-07-22T13:53:01.602240Z,44458,spawn,Promotable,100,complete_decoded_path;exact_identity_metadata;captured_spawn_observation,,later_scfu_same_generation,1019,297023,1,1044525,Malfunctioning Cleaning Robot,SimpleChar:797D36A5,4,2cb044179e1c0e0f,3596.81177,51.744999,788.208923,3596.05518,51.744999,788.482483,0.804527,2
m03748,2026-07-22T13:53:01.602240Z,44459,spawn,Promotable,100,complete_decoded_path;exact_identity_metadata;captured_spawn_observation,,later_scfu_same_generation,1019,297023,1,1044525,Malfunctioning Cleaning Robot,SimpleChar:79543CB6,3,7740d1949c568006,3596.979,51.744999,783.935852,3596.10522,51.744999,783.924805,0.87385,2
m03749,2026-07-22T13:53:01.844375Z,44460,spawn,Promotable,100,complete_decoded_path;exact_identity_metadata;captured_spawn_observation,,later_scfu_same_generation,1019,297023,1,1044525,Malfunctioning Cleaning Robot,SimpleChar:79891652,1,576ab04f318db6e1,3622.02783,51.744999,798.621338,3622.91772,52.5,798.711487,0.894445,2
m03750,2026-07-22T13:53:01.844375Z,44461,spawn,Promotable,100,complete_decoded_path;exact_identity_metadata;captured_spawn_observation,,later_scfu_same_generation,1019,297023,1,1044525,Malfunctioning Cleaning Robot,SimpleChar:797D36A5,4,2cb044179e1c0e0f,3596.81177,51.744999,788.208923,3596.05518,51.744999,788.482483,0.804527,2
m03751,2026-07-22T13:53:01.844375Z,44462,spawn,Promotable,100,complete_decoded_path;exact_identity_metadata;captured_spawn_observation,,later_scfu_same_generation,1019,297023,1,1044525,Malfunctioning Cleaning Robot,SimpleChar:79543CB6,3,8fdb70a3a252296e,3596.979,51.744999,783.935852,3596.09644,52.244999,783.992798,0.884395,2
m03752,2026-07-22T13:53:02.085993Z,44463,spawn,Promotable,100,complete_decoded_path;exact_identity_metadata;captured_spawn_observation,,complete_capture_stable_identity,1019,297023,1,1044525,Malfunctioning Cleaning Robot,SimpleChar:79891653,1,d26b4952c8dd4849,3612.90186,52.134998,787.384033,3612.2417,52.5,788.177734,1.032363,2
m03753,2026-07-22T13:53:02.085993Z,44464,spawn,Promotable,100,complete_decoded_path;exact_identity_metadata;captured_spawn_observation,,later_scfu_same_generation,1019,297023,1,1044525,Malfunctioning Cleaning Robot,SimpleChar:79891652,1,576ab04f318db6e1,3622.02783,51.744999,798.621338,3623.0061,52.5,798.700073,0.981433,2
m03754,2026-07-22T13:53:02.085993Z,44465,spawn,Promotable,100,complete_decoded_path;exact_identity_metadata;captured_spawn_observation,,later_scfu_same_generation,1019,297023,1,1044525,Malfunctioning Cleaning Robot,SimpleChar:797D36A5,4,2cb044179e1c0e0f,3596.81177,51.744999,788.208923,3596.05518,51.744999,788.482483,0.804527,2
m03755,2026-07-22T13:53:02.085993Z,44466,spawn,Promotable,100,complete_decoded_path;exact_identity_metadata;captured_spawn_observation,,later_scfu_same_generation,1019,297023,1,1044525,Cleaning Robot,SimpleChar:798912C9,4,86d3fd523f559bbb,3619.97925,39.268417,839.07782,3620.38892,40.86058,829.795898,9.290958,2
m03756,2026-07-22T13:53:02.085993Z,44467,spawn,Promotable,100,complete_decoded_path;exact_identity_metadata;captured_spawn_observation,,later_scfu_same_generation,1019,297023,1,1044525,Malfunctioning Cleaning Robot,SimpleChar:79543CB6,3,7740d1949c568006,3596.979,51.744999,783.935852,3596.10522,51.744999,783.924805,0.87385,2
m04353,2026-07-22T13:53:45.697173Z,45384,spawn,Promotable,100,complete_decoded_path;exact_identity_metadata;captured_spawn_observation,,later_scfu_same_generation,1019,297023,1,1044525,Cleaning Robot,SimpleChar:798912C9,5,e181261ad429909c,3631.10474,40.984997,837.900269,3626.60474,40.876522,834.062866,5.914022,2
m04399,2026-07-22T13:53:49.374320Z,45451,spawn,Promotable,100,complete_decoded_path;exact_identity_metadata;captured_spawn_observation,,later_scfu_same_generation,103,203740,2,1044525,Protester,SimpleChar:7985C910,11,2a55b64174084910,3565.98438,5.110001,824.999329,3566.38452,5.110001,816.379089,8.629522,2
m04508,2026-07-22T13:53:58.155297Z,45665,spawn,Promotable,100,complete_decoded_path;exact_identity_metadata;captured_spawn_observation,,preceding_scfu_same_generation,95,17649,1,1044525,Engineer Automaton I,SimpleChar:798915BE,1,85081e49a9b3127e,3613.04663,52.134998,785.38916,3610.33423,52.764996,784.232117,2.948875,2
m04567,2026-07-22T13:54:03.011457Z,45764,spawn,Promotable,100,complete_decoded_path;exact_identity_metadata;captured_spawn_observation,,later_scfu_same_generation,1019,297023,1,1044525,Cleaning Robot,SimpleChar:798912C9,6,86d3fd523f559bbb,3620.00391,39.351708,838.883972,3620.38892,40.86058,829.795898,9.096226,2
m04653,2026-07-22T13:54:10.822245Z,45907,spawn,Promotable,100,complete_decoded_path;exact_identity_metadata;captured_spawn_observation,,later_scfu_same_generation,103,203740,2,1044525,Protester,SimpleChar:797FD582,12,2f92463bc5c797a2,3565.39307,6.91,777.201843,3578.65576,6.91,769.588196,15.292697,2
m05106,2026-07-22T13:54:45.996649Z,46708,spawn,Promotable,100,complete_decoded_path;exact_identity_metadata;captured_spawn_observation,,later_scfu_same_generation,1019,297023,1,1044525,Cleaning Robot,SimpleChar:798912C9,7,e181261ad429909c,3631.24219,40.984997,838.064697,3626.60474,40.876522,834.062866,6.125406,2
m05160,2026-07-22T13:54:49.831817Z,46800,spawn,Promotable,100,complete_decoded_path;exact_identity_metadata;captured_spawn_observation,,later_scfu_same_generation,1019,297023,1,1044525,Cleaning Robot,SimpleChar:798912C9,7,199f4b75c66ac154,3627.84912,40.984997,834.165405,3623.53735,40.690689,835.615723,4.549152,2
m05356,2026-07-22T13:55:03.617652Z,47127,spawn,Promotable,100,complete_decoded_path;exact_identity_metadata;captured_spawn_observation,,later_scfu_same_generation,1019,297023,1,1044525,Cleaning Robot,SimpleChar:798912C9,8,86d3fd523f559bbb,3619.99976,39.360649,838.863159,3620.38892,40.86058,829.795898,9.075608,2
m05780,2026-07-22T13:55:40.989928Z,47935,spawn,Promotable,100,complete_decoded_path;exact_identity_metadata;captured_spawn_observation,,complete_capture_stable_identity,1019,297023,1,1044525,Malfunctioning Cleaning Robot,SimpleChar:798916A5,1,11673ce87d1cd248,3605.66113,51.744999,774.131592,3622.94971,52.5,798.704224,30.04512,2
m05830,2026-07-22T13:55:44.878725Z,48000,spawn,Promotable,100,complete_decoded_path;exact_identity_metadata;captured_spawn_observation,,later_scfu_same_generation,103,203740,2,1044525,Protester,SimpleChar:7985C910,12,2a55b64174084910,3565.98633,5.110001,824.999329,3566.38452,5.110001,816.379089,8.629432,2
m05854,2026-07-22T13:55:46.825769Z,48034,spawn,Promotable,100,complete_decoded_path;exact_identity_metadata;captured_spawn_observation,,later_scfu_same_generation,1019,297023,1,1044525,Cleaning Robot,SimpleChar:798912C9,9,e181261ad429909c,3631.2124,40.984997,837.994751,3626.60474,40.876522,834.062866,6.057248,2
m05874,2026-07-22T13:55:48.864656Z,48065,spawn,Promotable,100,complete_decoded_path;exact_identity_metadata;captured_spawn_observation,,complete_capture_stable_identity,1019,297023,1,1044525,Malfunctioning Cleaning Robot,SimpleChar:798916A8,1,b26df6b4c409f80a,3617.89307,51.744999,784.886475,3622.71094,52.5,799.079895,14.988831,2
m05989,2026-07-22T13:55:59.064650Z,48230,spawn,Promotable,100,complete_decoded_path;exact_identity_metadata;captured_spawn_observation,,later_scfu_same_generation,103,203740,2,1044525,Protester,SimpleChar:797FD582,13,2f92463bc5c797a2,3565.47656,6.91,777.18396,3578.65576,6.91,769.588196,15.211408,2
m06001,2026-07-22T13:55:59.958954Z,48248,spawn,Promotable,100,complete_decoded_path;exact_identity_metadata;captured_spawn_observation,,complete_capture_stable_identity,1019,297023,1,1044525,Malfunctioning Cleaning Robot,SimpleChar:798916AF,1,b76da9134b23df9b,3606.97144,52.134998,782.732666,3602.19214,52.5,787.769592,6.94351,2
m06086,2026-07-22T13:56:06.540304Z,48361,spawn,Promotable,100,complete_decoded_path;exact_identity_metadata;captured_spawn_observation,,complete_capture_stable_identity,1019,297023,1,1044525,Malfunctioning Cleaning Robot,SimpleChar:798916B2,1,4d5c8737ebccf6d3,3608.72803,51.744999,795.027832,3610.85962,52.5,778.265076,16.897741,2
m06417,2026-07-22T13:56:32.663712Z,48842,spawn,Promotable,100,complete_decoded_path;exact_identity_metadata;captured_spawn_observation,,complete_capture_stable_identity,1019,297023,1,1044525,Malfunctioning Cleaning Robot,SimpleChar:798916B8,1,c1b5ab02ce10902b,3606.52808,51.744999,800.627319,3622.78857,52.5,799.21283,16.321897,2
m06621,2026-07-22T13:56:47.528111Z,49128,spawn,Promotable,100,complete_decoded_path;exact_identity_metadata;captured_spawn_observation,,later_scfu_same_generation,1019,297023,1,1044525,Cleaning Robot,SimpleChar:798912C9,11,e181261ad429909c,3631.12866,40.984997,837.950439,3626.60474,40.876522,834.062866,5.96482,2
m06689,2026-07-22T13:56:51.813310Z,49220,spawn,Promotable,100,complete_decoded_path;exact_identity_metadata;captured_spawn_observation,,complete_capture_stable_identity,1019,297023,1,1044525,Malfunctioning Cleaning Robot,SimpleChar:798916C4,1,be87fb3dc6632423,3606.17163,51.744999,774.39679,3602.24829,52.5,787.831665,13.996016,2
m07001,2026-07-22T13:57:17.795341Z,50120,spawn,Promotable,100,complete_decoded_path;exact_identity_metadata;captured_spawn_observation,,later_scfu_same_generation,1019,297023,1,1044525,Cleaning Robot,SimpleChar:798914A2,14,a90cbd8c19482513,3612.59253,29.359966,875.667053,3621.67065,33.251778,877.428894,9.247505,2
m07008,2026-07-22T13:57:18.407058Z,50181,spawn,Promotable,100,complete_decoded_path;exact_identity_metadata;captured_spawn_observation,,later_scfu_same_generation,25,17657,1,1044525,Garbage Flea,SimpleChar:79891542,6,6d44dea0df9fe0b4,3560.69751,5.110001,865.560303,3565.6394,5.499601,862.281555,5.930638,2
m07041,2026-07-22T13:57:21.470809Z,50314,spawn,Promotable,100,complete_decoded_path;exact_identity_metadata;captured_spawn_observation,,later_scfu_same_generation,25,17657,1,1044525,Garbage Flea,SimpleChar:79891542,6,727a9b5add98ee0b,3564.43359,5.110001,863.118469,3561.94482,5.110001,865.349792,3.342571,2
m07103,2026-07-22T13:57:40.417914Z,50767,spawn,Promotable,100,complete_decoded_path;exact_identity_metadata;captured_spawn_observation,,later_scfu_same_generation,103,203740,2,1044525,Protester,SimpleChar:7985C910,13,2a55b64174084910,3565.80908,5.110001,824.989258,3566.38452,5.110001,816.379089,8.629377,2
m07112,2026-07-22T13:57:49.615313Z,50902,spawn,Promotable,100,complete_decoded_path;exact_identity_metadata;captured_spawn_observation,,later_scfu_same_generation,25,17657,1,1044525,Garbage Flea,SimpleChar:79891542,7,6d44dea0df9fe0b4,3560.52295,5.110001,865.577576,3565.6394,5.499601,862.281555,6.086199,2
m07115,2026-07-22T13:57:51.377219Z,50933,spawn,Promotable,100,complete_decoded_path;exact_identity_metadata;captured_spawn_observation,,later_scfu_same_generation,97,96195,1,1044525,Anger Manifestation,SimpleChar:798915B3,2,e5546dba8572676f,3631.14746,47.472752,801.81543,3629.92041,42.816788,815.441345,13.681053,2
m07117,2026-07-22T13:57:53.148103Z,50963,spawn,Promotable,100,complete_decoded_path;exact_identity_metadata;captured_spawn_observation,,later_scfu_same_generation,25,17657,1,1044525,Garbage Flea,SimpleChar:79891542,7,727a9b5add98ee0b,3564.58618,5.110001,862.994873,3561.94482,5.110001,865.349792,3.538704,2
m07119,2026-07-22T13:57:53.358188Z,50970,spawn,Promotable,100,complete_decoded_path;exact_identity_metadata;captured_spawn_observation,,later_scfu_same_generation,25,17657,1,1044525,Garbage Flea,SimpleChar:798915DD,1,f2010b412c993b48,3566.21655,8.316699,913.349731,3558.44434,8.229358,916.035767,8.223262,2
m07121,2026-07-22T13:57:54.779060Z,51002,spawn,Promotable,100,complete_decoded_path;exact_identity_metadata;captured_spawn_observation,,later_scfu_same_generation,97,96195,1,1044525,Anger Manifestation,SimpleChar:798915B3,2,f17dd93bd6c18f86,3630.69653,41.395328,818.46698,3624.54199,42.46228,831.226074,14.165904,2
m07154,2026-07-22T13:58:13.599341Z,51531,spawn,Promotable,100,complete_decoded_path;exact_identity_metadata;captured_spawn_observation,,later_scfu_same_generation,25,17657,2,1044525,Garbage Flea,SimpleChar:798915AA,4,2d6146c8df72a8bd,3524.28857,5.110001,888.783813,3518.65234,5.110001,890.214111,5.814881,2
m07159,2026-07-22T13:58:15.144748Z,51612,spawn,Promotable,100,complete_decoded_path;exact_identity_metadata;captured_spawn_observation,,later_scfu_same_generation,25,17657,1,1044525,Garbage Flea,SimpleChar:79891542,8,8b1c835add90dd33,3552.979,5.110001,869.322083,3557.20972,5.110001,865.676331,5.584846,2
m07160,2026-07-22T13:58:15.144748Z,51613,spawn,Promotable,100,complete_decoded_path;exact_identity_metadata;captured_spawn_observation,,complete_capture_stable_identity,25,17657,1,1044525,Garbage Flea,SimpleChar:798913E1,4,d316df2a6318991b,3550.15381,9.739163,937.597717,3545.81934,9.453153,944.089355,7.805703,2
m07162,2026-07-22T13:58:17.334823Z,51647,spawn,Promotable,100,complete_decoded_path;exact_identity_metadata;captured_spawn_observation,,later_scfu_same_generation,25,17657,1,1044525,Garbage Flea,SimpleChar:798915DD,2,e04f97489ce803ad,3546.02075,8.235977,927.585022,3552.79907,7.629861,921.401794,9.174853,2
m07165,2026-07-22T13:58:17.995080Z,51667,spawn,Promotable,100,complete_decoded_path;exact_identity_metadata;captured_spawn_observation,,later_scfu_same_generation,25,17657,1,1044525,Garbage Flea,SimpleChar:79891542,8,05338394595b41e2,3556.11597,5.110001,866.460449,3561.94482,5.110001,865.349792,5.933722,2
m07169,2026-07-22T13:58:19.019165Z,51685,spawn,Promotable,100,complete_decoded_path;exact_identity_metadata;captured_spawn_observation,,later_scfu_same_generation,25,17657,2,1044525,Garbage Flea,SimpleChar:798915AA,5,ab549a0173fce210,3521.91943,5.110001,888.758301,3529.69067,5.110001,890.653748,7.999056,2
m07171,2026-07-22T13:58:19.228754Z,51690,spawn,Promotable,100,complete_decoded_path;exact_identity_metadata;captured_spawn_observation,,complete_capture_stable_identity,25,17657,1,1044525,Garbage Flea,SimpleChar:798913E1,4,818ca5dfbb834c52,3546.58057,9.341897,942.902344,3537.52344,8.710001,950.715149,11.961251,2
m07186,2026-07-22T13:58:30.721818Z,52040,spawn,Promotable,100,complete_decoded_path;exact_identity_metadata;captured_spawn_observation,,later_scfu_same_generation,25,17657,2,1044525,Garbage Flea,SimpleChar:798915AA,6,a13507e846241c30,3530.94116,5.110001,900.520813,3532.34473,8.035364,907.604248,7.221154,2
m07189,2026-07-22T13:58:31.335665Z,52046,spawn,Promotable,100,complete_decoded_path;exact_identity_metadata;captured_spawn_observation,,complete_capture_stable_identity,25,17657,1,1044525,Garbage Flea,SimpleChar:798914F3,4,5efd0aec2f4189d5,3551.5188,7.303823,886.864197,3549.66699,6.231045,885.653076,2.212694,2
m07190,2026-07-22T13:58:31.557861Z,52055,spawn,Promotable,100,complete_decoded_path;exact_identity_metadata;captured_spawn_observation,,later_scfu_same_generation,1019,297023,1,1044525,Cleaning Robot,SimpleChar:798912C9,13,6363701b7c08816a,3636.66357,40.984997,828.409973,3632.78101,40.876522,831.530701,4.981287,2
m07193,2026-07-22T13:58:32.851194Z,52074,spawn,Promotable,100,complete_decoded_path;exact_identity_metadata;captured_spawn_observation,,complete_capture_stable_identity,25,17657,1,1044525,Garbage Flea,SimpleChar:798914F3,4,35f8db96c220795f,3550.93579,6.943179,886.390808,3545.22632,7.250183,888.214722,5.993723,2
m07194,2026-07-22T13:58:33.264837Z,52094,spawn,Promotable,100,complete_decoded_path;exact_identity_metadata;captured_spawn_observation,,later_scfu_same_generation,25,17657,1,1044525,Garbage Flea,SimpleChar:79891542,9,afae82b77f2473b6,3553.79297,5.110001,867.649902,3554.36035,5.110001,874.144592,6.519426,2
m07196,2026-07-22T13:58:34.126770Z,52115,spawn,Promotable,100,complete_decoded_path;exact_identity_metadata;captured_spawn_observation,,later_scfu_same_generation,25,17657,1,1044525,Garbage Flea,SimpleChar:798915DD,3,b6b59be7d595bafd,3566.49731,8.299085,913.2323,3558.44434,8.229358,916.035767,8.527001,2
m07197,2026-07-22T13:58:35.218301Z,52144,spawn,Promotable,100,complete_decoded_path;exact_identity_metadata;captured_spawn_observation,,later_scfu_same_generation,25,17657,2,1044525,Garbage Flea,SimpleChar:798915AA,6,a5bc1e2cd3e5d4bd,3531.87524,6.825634,906.404663,3531.11914,5.410458,901.882385,4.58505,2
m07209,2026-07-22T13:58:40.302299Z,52278,spawn,Promotable,100,complete_decoded_path;exact_identity_metadata;captured_spawn_observation,,later_scfu_same_generation,25,17657,2,1044525,Garbage Flea,SimpleChar:7989156D,2,ee9594c59d925b25,3502.04956,5.168411,904.750549,3503.10352,5.110001,896.018494,8.795432,2
m07232,2026-07-22T13:58:48.550988Z,52519,spawn,Promotable,100,complete_decoded_path;exact_identity_metadata;captured_spawn_observation,,later_scfu_same_generation,1019,297023,1,1044525,Cleaning Robot,SimpleChar:798912C9,14,e181261ad429909c,3631.1084,40.984997,837.872864,3626.60474,40.876522,834.062866,5.899071,2
m07238,2026-07-22T13:58:50.386957Z,52580,spawn,Promotable,100,complete_decoded_path;exact_identity_metadata;captured_spawn_observation,,later_scfu_same_generation,1019,297023,1,1044525,Cleaning Robot,SimpleChar:798914A2,15,4af421ea829bf167,3605.76587,26.869408,878.819458,3600.63135,25.529739,876.698364,5.555388,2
m07246,2026-07-22T13:58:53.654425Z,52819,spawn,Promotable,100,complete_decoded_path;exact_identity_metadata;captured_spawn_observation,,later_scfu_same_generation,25,17657,2,1044525,Garbage Flea,SimpleChar:7989156D,3,5ea39d37b39df754,3503.00244,5.110001,894.560913,3502.31763,5.110001,903.305664,8.771524,2
m07248,2026-07-22T13:58:55.335189Z,52874,spawn,Promotable,100,complete_decoded_path;exact_identity_metadata;captured_spawn_observation,,complete_capture_stable_identity,1019,297023,1,1044525,Cleaning Robot,SimpleChar:798914A2,16,c18ec1c0bfd94903,3598.82397,25.584999,876.009155,3592.93042,25.529728,876.567505,5.91994,2
m07254,2026-07-22T13:58:58.522660Z,52902,spawn,Promotable,100,complete_decoded_path;exact_identity_metadata;captured_spawn_observation,,complete_capture_stable_identity,1019,297023,1,1044525,Cleaning Robot,SimpleChar:798914A2,16,ebe9507bde9f581e,3594.0979,25.584999,876.424988,3590.44385,25.529846,879.865356,5.018786,2
m07261,2026-07-22T13:59:02.138044Z,52938,spawn,Promotable,100,complete_decoded_path;exact_identity_metadata;captured_spawn_observation,,later_scfu_same_generation,103,203740,2,1044525,Protester,SimpleChar:7985C910,14,34d6e39d83df43c5,3532.12988,5.110001,801.288147,3533.11304,5.110001,811.393555,10.153121,2
m07282,2026-07-22T13:59:08.661726Z,53190,spawn,Promotable,100,complete_decoded_path;exact_identity_metadata;captured_spawn_observation,,later_scfu_same_generation,25,17657,1,1044525,Garbage Flea,SimpleChar:798915DD,4,3f9c93efc2798140,3557.53833,8.365117,916.883301,3567.58057,8.631208,912.799316,10.840919,2
m07288,2026-07-22T13:59:11.418425Z,53349,spawn,Promotable,100,complete_decoded_path;exact_identity_metadata;captured_spawn_observation,,complete_capture_stable_identity,1019,297023,1,1044525,Cleaning Robot,SimpleChar:798912C9,15,793168dd5e6e69ed,3620.33154,40.984997,831.249146,3623.6228,40.860813,826.366272,5.888536,2
m07293,2026-07-22T13:59:13.873428Z,53507,spawn,Promotable,100,complete_decoded_path;exact_identity_metadata;captured_spawn_observation,,later_scfu_same_generation,25,17657,2,1044525,Garbage Flea,SimpleChar:7989156D,4,d0b7a926a7f91dea,3502.70801,5.110001,890.671692,3503.10352,5.110001,896.018494,5.36141,2
m07304,2026-07-22T13:59:17.442112Z,53549,spawn,Promotable,100,complete_decoded_path;exact_identity_metadata;captured_spawn_observation,,later_scfu_same_generation,25,17657,2,1044525,Garbage Flea,SimpleChar:7989156D,4,5ea39d37b39df754,3503.01343,5.110001,894.742065,3502.31763,5.110001,903.305664,8.59182,2
m07323,2026-07-22T13:59:22.776437Z,53702,spawn,Promotable,100,complete_decoded_path;exact_identity_metadata;captured_spawn_observation,,later_scfu_same_generation,25,17657,6,1044525,Garbage Flea,SimpleChar:7989164B,1,491ac9cdf8c546f2,3448.80249,0.01,831.706116,3450.31641,0.873832,817.162231,14.622467,2
m07332,2026-07-22T13:59:25.642218Z,53742,spawn,Promotable,100,complete_decoded_path;exact_identity_metadata;captured_spawn_observation,,later_scfu_same_generation,0,26092,40,1044525,ICC Peacekeeper,SimpleChar:79882D97,9,d2ae8ca523637ee6,3441.4165,9.165,902.059326,3442.77197,12.493572,901.406616,1.504437,2
m07335,2026-07-22T13:59:25.918322Z,53776,spawn,Promotable,100,complete_decoded_path;exact_identity_metadata;captured_spawn_observation,,later_scfu_same_generation,0,26092,40,1044525,ICC Peacekeeper,SimpleChar:79882D97,9,ec7ae3a0e36ec0e6,3441.6416,9.165,901.921204,3438.62354,9.066066,901.931274,3.018077,2
m07348,2026-07-22T13:59:29.544719Z,53889,spawn,Promotable,100,complete_decoded_path;exact_identity_metadata;captured_spawn_observation,,later_scfu_same_generation,103,203740,2,1044525,Protester,SimpleChar:797FD582,15,77483c27949e5c89,3557.92188,6.91,779.049683,3566.78076,6.91,776.844238,9.129279,2
m07351,2026-07-22T13:59:30.227521Z,53894,spawn,Promotable,100,complete_decoded_path;exact_identity_metadata;captured_spawn_observation,,later_scfu_same_generation,0,26092,40,1044525,ICC Peacekeeper,SimpleChar:7962A325,7,ee492ed9efce8293,3471.58423,9.145,786.733704,3479.02222,8.71745,785.850891,7.490197,2
m07353,2026-07-22T13:59:31.319982Z,53903,spawn,Promotable,100,complete_decoded_path;exact_identity_metadata;captured_spawn_observation,,later_scfu_same_generation,25,17657,6,1044525,Garbage Flea,SimpleChar:7989162E,1,bb08c1d846fd4de6,3446.92407,0.01,806.140625,3449.11646,0.132882,802.361572,4.36896,2
m07356,2026-07-22T13:59:32.462707Z,53914,spawn,Promotable,100,complete_decoded_path;exact_identity_metadata;captured_spawn_observation,,complete_capture_stable_identity,25,17657,1,1044525,Garbage Flea,SimpleChar:79891542,10,6ace3d903ac37bdd,3558.55518,5.110001,865.431641,3552.54932,5.110001,868.246155,6.632635,2
m07391,2026-07-22T13:59:47.088938Z,54266,spawn,Promotable,100,complete_decoded_path;exact_identity_metadata;captured_spawn_observation,,later_scfu_same_generation,1019,297023,1,1044525,Malfunctioning Cleaning Robot,SimpleChar:797D36A5,5,2cb044179e1c0e0f,3596.81177,51.744999,788.208923,3596.05518,51.744999,788.482483,0.804527,2
m07392,2026-07-22T13:59:47.088938Z,54267,spawn,Promotable,100,complete_decoded_path;exact_identity_metadata;captured_spawn_observation,,later_scfu_same_generation,1019,297023,1,1044525,Malfunctioning Cleaning Robot,SimpleChar:79543CB6,4,8fdb70a3a252296e,3596.979,51.744999,783.935852,3596.06616,52.244999,783.773071,0.92724,2
m07393,2026-07-22T13:59:47.088938Z,54275,spawn,Promotable,100,complete_decoded_path;exact_identity_metadata;captured_spawn_observation,,later_scfu_same_generation,1019,297023,1,1044525,Malfunctioning Cleaning Robot,SimpleChar:797D36A5,5,2eb3373b9dba6082,3596.81177,51.744999,788.208923,3596.04419,52.244999,788.45636,0.806476,2
m07394,2026-07-22T13:59:47.088938Z,54276,spawn,Promotable,100,complete_decoded_path;exact_identity_metadata;captured_spawn_observation,,later_scfu_same_generation,1019,297023,1,1044525,Malfunctioning Cleaning Robot,SimpleChar:79543CB6,4,8fdb70a3a252296e,3596.979,51.744999,783.935852,3596.10376,52.244999,783.949341,0.875344,2
m07395,2026-07-22T13:59:47.488626Z,54278,spawn,Promotable,100,complete_decoded_path;exact_identity_metadata;captured_spawn_observation,,later_scfu_same_generation,1019,297023,1,1044525,Malfunctioning Cleaning Robot,SimpleChar:797D36A5,5,2eb3373b9dba6082,3596.81177,51.744999,788.208923,3596.02612,52.244999,788.423523,0.814432,2
m07396,2026-07-22T13:59:47.488626Z,54280,spawn,Promotable,100,complete_decoded_path;exact_identity_metadata;captured_spawn_observation,,later_scfu_same_generation,1019,297023,1,1044525,Malfunctioning Cleaning Robot,SimpleChar:79543CB6,4,7740d1949c568006,3596.979,51.744999,783.935852,3596.10522,51.744999,783.924805,0.87385,2
m07397,2026-07-22T13:59:47.728707Z,54282,spawn,Promotable,100,complete_decoded_path;exact_identity_metadata;captured_spawn_observation,,later_scfu_same_generation,1019,297023,1,1044525,Malfunctioning Cleaning Robot,SimpleChar:797D36A5,5,2cb044179e1c0e0f,3596.81177,51.744999,788.208923,3596.05518,51.744999,788.482483,0.804527,2
m07398,2026-07-22T13:59:47.728707Z,54283,spawn,Promotable,100,complete_decoded_path;exact_identity_metadata;captured_spawn_observation,,later_scfu_same_generation,1019,297023,1,1044525,Malfunctioning Cleaning Robot,SimpleChar:79543CB6,4,8fdb70a3a252296e,3596.979,51.744999,783.935852,3596.10498,52.244999,783.934265,0.874021,2
m07399,2026-07-22T13:59:47.918356Z,54285,spawn,Promotable,100,complete_decoded_path;exact_identity_metadata;captured_spawn_observation,,later_scfu_same_generation,1019,297023,1,1044525,Malfunctioning Cleaning Robot,SimpleChar:797D36A5,5,2cb044179e1c0e0f,3596.81177,51.744999,788.208923,3596.05518,51.744999,788.482483,0.804527,2
m07400,2026-07-22T13:59:47.918356Z,54286,spawn,Promotable,100,complete_decoded_path;exact_identity_metadata;captured_spawn_observation,,later_scfu_same_generation,1019,297023,1,1044525,Malfunctioning Cleaning Robot,SimpleChar:79543CB6,4,7740d1949c568006,3596.979,51.744999,783.935852,3596.10522,51.744999,783.924805,0.87385,2
m07401,2026-07-22T13:59:48.208456Z,54293,spawn,Promotable,100,complete_decoded_path;exact_identity_metadata;captured_spawn_observation,,later_scfu_same_generation,1019,297023,1,1044525,Malfunctioning Cleaning Robot,SimpleChar:797D36A5,5,2cb044179e1c0e0f,3596.81177,51.744999,788.208923,3596.05518,51.744999,788.482483,0.804527,2
m07402,2026-07-22T13:59:48.208456Z,54294,spawn,Promotable,100,complete_decoded_path;exact_identity_metadata;captured_spawn_observation,,later_scfu_same_generation,1019,297023,1,1044525,Malfunctioning Cleaning Robot,SimpleChar:79543CB6,4,7740d1949c568006,3596.979,51.744999,783.935852,3596.10522,51.744999,783.924805,0.87385,2
m07403,2026-07-22T13:59:48.208456Z,54295,spawn,Promotable,100,complete_decoded_path;exact_identity_metadata;captured_spawn_observation,,later_scfu_same_generation,1019,297023,1,1044525,Malfunctioning Cleaning Robot,SimpleChar:797D36A5,5,2cb044179e1c0e0f,3596.81177,51.744999,788.208923,3596.05518,51.744999,788.482483,0.804527,2
m07404,2026-07-22T13:59:48.208456Z,54296,spawn,Promotable,100,complete_decoded_path;exact_identity_metadata;captured_spawn_observation,,later_scfu_same_generation,1019,297023,1,1044525,Malfunctioning Cleaning Robot,SimpleChar:79543CB6,4,7740d1949c568006,3596.979,51.744999,783.935852,3596.10522,51.744999,783.924805,0.87385,2
m07405,2026-07-22T13:59:48.452550Z,54297,spawn,Promotable,100,complete_decoded_path;exact_identity_metadata;captured_spawn_observation,,later_scfu_same_generation,1019,297023,1,1044525,Malfunctioning Cleaning Robot,SimpleChar:797D36A5,5,2cb044179e1c0e0f,3596.81177,51.744999,788.208923,3596.05518,51.744999,788.482483,0.804527,2
m07406,2026-07-22T13:59:48.452550Z,54298,spawn,Promotable,100,complete_decoded_path;exact_identity_metadata;captured_spawn_observation,,later_scfu_same_generation,1019,297023,1,1044525,Malfunctioning Cleaning Robot,SimpleChar:79543CB6,4,8fdb70a3a252296e,3596.979,51.744999,783.935852,3596.09766,52.244999,783.987793,0.882869,2
m07407,2026-07-22T13:59:48.942727Z,54308,spawn,Promotable,100,complete_decoded_path;exact_identity_metadata;captured_spawn_observation,,later_scfu_same_generation,1019,297023,1,1044525,Malfunctioning Cleaning Robot,SimpleChar:797D36A5,5,2cb044179e1c0e0f,3596.81177,51.744999,788.208923,3596.05518,51.744999,788.482483,0.804527,2
m07408,2026-07-22T13:59:48.942727Z,54309,spawn,Promotable,100,complete_decoded_path;exact_identity_metadata;captured_spawn_observation,,later_scfu_same_generation,1019,297023,1,1044525,Malfunctioning Cleaning Robot,SimpleChar:79543CB6,4,8fdb70a3a252296e,3596.979,51.744999,783.935852,3596.01465,52.244999,784.135864,0.984873,2
m07411,2026-07-22T13:59:48.942727Z,54312,spawn,Promotable,100,complete_decoded_path;exact_identity_metadata;captured_spawn_observation,,later_scfu_same_generation,1019,297023,1,1044525,Malfunctioning Cleaning Robot,SimpleChar:797D36A5,5,2cb044179e1c0e0f,3596.81177,51.744999,788.208923,3596.05518,51.744999,788.482483,0.804527,2
m07412,2026-07-22T13:59:48.942727Z,54313,spawn,Promotable,100,complete_decoded_path;exact_identity_metadata;captured_spawn_observation,,later_scfu_same_generation,103,203740,2,1044525,Protester,SimpleChar:797FD582,16,155920b0a7cbad86,3584.86841,6.91,770.471252,3592.95728,6.01,771.094788,8.112867,2
m07413,2026-07-22T13:59:48.942727Z,54314,spawn,Promotable,100,complete_decoded_path;exact_identity_metadata;captured_spawn_observation,,later_scfu_same_generation,1019,297023,1,1044525,Malfunctioning Cleaning Robot,SimpleChar:79543CB6,4,7740d1949c568006,3596.979,51.744999,783.935852,3596.10522,51.744999,783.924805,0.87385,2
m07414,2026-07-22T13:59:49.205368Z,54315,spawn,Promotable,100,complete_decoded_path;exact_identity_metadata;captured_spawn_observation,,later_scfu_same_generation,1019,297023,1,1044525,Malfunctioning Cleaning Robot,SimpleChar:797D36A5,5,2cb044179e1c0e0f,3596.81177,51.744999,788.208923,3596.05518,51.744999,788.482483,0.804527,2
m07415,2026-07-22T13:59:49.205368Z,54316,spawn,Promotable,100,complete_decoded_path;exact_identity_metadata;captured_spawn_observation,,later_scfu_same_generation,1019,297023,1,1044525,Malfunctioning Cleaning Robot,SimpleChar:79543CB6,4,7740d1949c568006,3596.979,51.744999,783.935852,3596.10522,51.744999,783.924805,0.87385,2
m07416,2026-07-22T13:59:49.395438Z,54323,spawn,Promotable,100,complete_decoded_path;exact_identity_metadata;captured_spawn_observation,,later_scfu_same_generation,1019,297023,1,1044525,Malfunctioning Cleaning Robot,SimpleChar:797D36A5,5,2eb3373b9dba6082,3596.81177,51.744999,788.208923,3596.07202,52.244999,788.608459,0.840749,2
m07417,2026-07-22T13:59:49.395438Z,54325,spawn,Promotable,100,complete_decoded_path;exact_identity_metadata;captured_spawn_observation,,later_scfu_same_generation,1019,297023,1,1044525,Malfunctioning Cleaning Robot,SimpleChar:79543CB6,4,7740d1949c568006,3596.979,51.744999,783.935852,3596.10522,51.744999,783.924805,0.87385,2
m07418,2026-07-22T13:59:49.645526Z,54327,spawn,Promotable,100,complete_decoded_path;exact_identity_metadata;captured_spawn_observation,,later_scfu_same_generation,1019,297023,1,1044525,Malfunctioning Cleaning Robot,SimpleChar:797D36A5,5,2cb044179e1c0e0f,3596.81177,51.744999,788.208923,3596.05518,51.744999,788.482483,0.804527,2
m07419,2026-07-22T13:59:49.645526Z,54328,spawn,Promotable,100,complete_decoded_path;exact_identity_metadata;captured_spawn_observation,,later_scfu_same_generation,1019,297023,1,1044525,Malfunctioning Cleaning Robot,SimpleChar:79543CB6,4,7740d1949c568006,3596.979,51.744999,783.935852,3596.10522,51.744999,783.924805,0.87385,2
m07420,2026-07-22T13:59:49.885607Z,54329,spawn,Promotable,100,complete_decoded_path;exact_identity_metadata;captured_spawn_observation,,later_scfu_same_generation,1019,297023,1,1044525,Malfunctioning Cleaning Robot,SimpleChar:797D36A5,5,2eb3373b9dba6082,3596.81177,51.744999,788.208923,3596.07251,52.244999,788.569824,0.822651,2
m07421,2026-07-22T13:59:49.885607Z,54330,spawn,Promotable,100,complete_decoded_path;exact_identity_metadata;captured_spawn_observation,,later_scfu_same_generation,1019,297023,1,1044525,Malfunctioning Cleaning Robot,SimpleChar:79543CB6,4,7740d1949c568006,3596.979,51.744999,783.935852,3596.10522,51.744999,783.924805,0.87385,2
m07422,2026-07-22T13:59:50.345449Z,54333,spawn,Promotable,100,complete_decoded_path;exact_identity_metadata;captured_spawn_observation,,later_scfu_same_generation,1019,297023,1,1044525,Malfunctioning Cleaning Robot,SimpleChar:797D36A5,5,2cb044179e1c0e0f,3596.81177,51.744999,788.208923,3596.05518,51.744999,788.482483,0.804527,2
m07423,2026-07-22T13:59:50.345449Z,54334,spawn,Promotable,100,complete_decoded_path;exact_identity_metadata;captured_spawn_observation,,later_scfu_same_generation,1019,297023,1,1044525,Malfunctioning Cleaning Robot,SimpleChar:79543CB6,4,8fdb70a3a252296e,3596.979,51.744999,783.935852,3596.10083,52.244999,783.870544,0.880595,2
m07424,2026-07-22T13:59:50.345449Z,54340,spawn,Promotable,100,complete_decoded_path;exact_identity_metadata;captured_spawn_observation,,later_scfu_same_generation,1019,297023,1,1044525,Malfunctioning Cleaning Robot,SimpleChar:797D36A5,5,2eb3373b9dba6082,3596.81177,51.744999,788.208923,3596.07275,52.244999,788.573669,0.82413,2
m07425,2026-07-22T13:59:50.345449Z,54341,spawn,Promotable,100,complete_decoded_path;exact_identity_metadata;captured_spawn_observation,,later_scfu_same_generation,1019,297023,1,1044525,Malfunctioning Cleaning Robot,SimpleChar:79543CB6,4,7740d1949c568006,3596.979,51.744999,783.935852,3596.10522,51.744999,783.924805,0.87385,2
m07426,2026-07-22T13:59:50.734149Z,54349,spawn,Promotable,100,complete_decoded_path;exact_identity_metadata;captured_spawn_observation,,later_scfu_same_generation,1019,297023,1,1044525,Malfunctioning Cleaning Robot,SimpleChar:797D36A5,5,2cb044179e1c0e0f,3596.81177,51.744999,788.208923,3596.05518,51.744999,788.482483,0.804527,2
m07427,2026-07-22T13:59:50.734149Z,54350,spawn,Promotable,100,complete_decoded_path;exact_identity_metadata;captured_spawn_observation,,later_scfu_same_generation,1019,297023,1,1044525,Malfunctioning Cleaning Robot,SimpleChar:79543CB6,4,7740d1949c568006,3596.979,51.744999,783.935852,3596.10522,51.744999,783.924805,0.87385,2
m07428,2026-07-22T13:59:50.734149Z,54352,spawn,Promotable,100,complete_decoded_path;exact_identity_metadata;captured_spawn_observation,,later_scfu_same_generation,1019,297023,1,1044525,Malfunctioning Cleaning Robot,SimpleChar:797D36A5,5,2cb044179e1c0e0f,3596.81177,51.744999,788.208923,3596.05518,51.744999,788.482483,0.804527,2
m07429,2026-07-22T13:59:50.734149Z,54353,spawn,Promotable,100,complete_decoded_path;exact_identity_metadata;captured_spawn_observation,,later_scfu_same_generation,1019,297023,1,1044525,Malfunctioning Cleaning Robot,SimpleChar:79543CB6,4,8fdb70a3a252296e,3596.979,51.744999,783.935852,3596.09106,52.244999,783.829712,0.894261,2
m07430,2026-07-22T13:59:50.977741Z,54360,spawn,Promotable,100,complete_decoded_path;exact_identity_metadata;captured_spawn_observation,,later_scfu_same_generation,1019,297023,1,1044525,Malfunctioning Cleaning Robot,SimpleChar:797D36A5,5,2eb3373b9dba6082,3596.81177,51.744999,788.208923,3596.03662,52.244999,788.727722,0.932743,2
m07431,2026-07-22T13:59:50.977741Z,54361,spawn,Promotable,100,complete_decoded_path;exact_identity_metadata;captured_spawn_observation,,later_scfu_same_generation,1019,297023,1,1044525,Malfunctioning Cleaning Robot,SimpleChar:79543CB6,4,8fdb70a3a252296e,3596.979,51.744999,783.935852,3596.09741,52.244999,783.988464,0.883159,2
m07432,2026-07-22T13:59:51.227389Z,54362,spawn,Promotable,100,complete_decoded_path;exact_identity_metadata;captured_spawn_observation,,later_scfu_same_generation,1019,297023,1,1044525,Malfunctioning Cleaning Robot,SimpleChar:797D36A5,5,2eb3373b9dba6082,3596.81177,51.744999,788.208923,3596.06445,52.244999,788.513245,0.806907,2
m07433,2026-07-22T13:59:51.227389Z,54363,spawn,Promotable,100,complete_decoded_path;exact_identity_metadata;captured_spawn_observation,,later_scfu_same_generation,1019,297023,1,1044525,Malfunctioning Cleaning Robot,SimpleChar:79543CB6,4,52aa3d9899596478,3596.979,51.744999,783.935852,3596.03613,52.244999,783.729675,0.965149,2
m07434,2026-07-22T13:59:51.427457Z,54364,spawn,Promotable,100,complete_decoded_path;exact_identity_metadata;captured_spawn_observation,,later_scfu_same_generation,1019,297023,1,1044525,Malfunctioning Cleaning Robot,SimpleChar:797D36A5,5,2cb044179e1c0e0f,3596.81177,51.744999,788.208923,3596.05518,51.744999,788.482483,0.804527,2
m07435,2026-07-22T13:59:51.427457Z,54365,spawn,Promotable,100,complete_decoded_path;exact_identity_metadata;captured_spawn_observation,,later_scfu_same_generation,1019,297023,1,1044525,Malfunctioning Cleaning Robot,SimpleChar:79543CB6,4,8fdb70a3a252296e,3596.979,51.744999,783.935852,3596.10205,52.244999,783.878418,0.878829,2
m07436,2026-07-22T13:59:51.667654Z,54366,spawn,Promotable,100,complete_decoded_path;exact_identity_metadata;captured_spawn_observation,,later_scfu_same_generation,1019,297023,1,1044525,Malfunctioning Cleaning Robot,SimpleChar:797D36A5,5,2eb3373b9dba6082,3596.81177,51.744999,788.208923,3596.073,52.244999,788.583862,0.828469,2
m07437,2026-07-22T13:59:51.667654Z,54368,spawn,Promotable,100,complete_decoded_path;exact_identity_metadata;captured_spawn_observation,,later_scfu_same_generation,1019,297023,1,1044525,Malfunctioning Cleaning Robot,SimpleChar:79543CB6,4,8fdb70a3a252296e,3596.979,51.744999,783.935852,3596.10474,52.244999,783.937317,0.874261,2
m07438,2026-07-22T13:59:51.907267Z,54369,spawn,Promotable,100,complete_decoded_path;exact_identity_metadata;captured_spawn_observation,,later_scfu_same_generation,1019,297023,1,1044525,Malfunctioning Cleaning Robot,SimpleChar:797D36A5,5,2cb044179e1c0e0f,3596.81177,51.744999,788.208923,3596.05518,51.744999,788.482483,0.804527,2
m07439,2026-07-22T13:59:51.907267Z,54370,spawn,Promotable,100,complete_decoded_path;exact_identity_metadata;captured_spawn_observation,,later_scfu_same_generation,1019,297023,1,1044525,Malfunctioning Cleaning Robot,SimpleChar:79543CB6,4,7740d1949c568006,3596.979,51.744999,783.935852,3596.10522,51.744999,783.924805,0.87385,2
m07514,2026-07-22T14:00:25.047872Z,55275,spawn,Promotable,100,complete_decoded_path;exact_identity_metadata;captured_spawn_observation,,later_scfu_same_generation,55,17687,7,1044525,Gnarl the Roller,SimpleChar:79891671,1,769972e0cda897cc,3544.62939,2.11,691.38324,3522.10767,2.110001,704.126953,25.877212,2
m07615,2026-07-22T14:02:18.715560Z,58581,spawn,Promotable,100,complete_decoded_path;exact_identity_metadata;captured_spawn_observation,,later_scfu_same_generation,137,30365,10,1044525,Lolly the Reet,SimpleChar:79891717,1,21d920f7ab5e6b0d,3366,2.11,605.841248,3359.9353,3.574606,620.666016,16.017314,2
m07620,2026-07-22T14:02:21.626285Z,58750,spawn,Promotable,100,complete_decoded_path;exact_identity_metadata;captured_spawn_observation,,later_scfu_same_generation,137,30365,10,1044525,Lolly the Reet,SimpleChar:79891717,1,13933ea3ed244f3d,3360.51587,3.383352,619.387512,3358.17725,3.61,640.51532,21.256844,2
m07682,2026-07-22T14:03:16.103404Z,60171,spawn,Promotable,100,complete_decoded_path;exact_identity_metadata;captured_spawn_observation,,complete_capture_stable_identity,137,30365,10,1044525,Lolly the Reet,SimpleChar:79891717,2,51c5e8048aa0587c,3327.08643,0.779144,638.896179,3326.98438,2.073534,629.647522,9.24922,2
m07688,2026-07-22T14:03:18.212996Z,60338,spawn,Promotable,100,complete_decoded_path;exact_identity_metadata;captured_spawn_observation,,complete_capture_stable_identity,137,30365,10,1044525,Lolly the Reet,SimpleChar:79891717,2,a7bba6aaf050d0a6,3326.98047,3.749087,630.682678,3332.55835,1.434539,625.049622,7.927425,2
m07689,2026-07-22T14:03:19.422498Z,60350,spawn,Promotable,100,complete_decoded_path;exact_identity_metadata;captured_spawn_observation,,complete_capture_stable_identity,137,30365,10,1044525,Lolly the Reet,SimpleChar:79891717,2,be4c5b796e58e313,3331.74976,1.959268,625.691223,3335.0603,0.239523,611.099487,14.962568,2
m07785,2026-07-22T14:04:23.211418Z,62010,spawn,Promotable,100,complete_decoded_path;exact_identity_metadata;captured_spawn_observation,,complete_capture_stable_identity,15,17662,1,1044525,Minibronto,SimpleChar:78E0FD9A,1,50f874efaf1c6286,3497.04004,8.110001,452.415009,3495.80493,8.110001,449.393219,3.264462,2
m07786,2026-07-22T14:04:23.691609Z,62013,spawn,Promotable,100,complete_decoded_path;exact_identity_metadata;captured_spawn_observation,,complete_capture_stable_identity,15,17662,1,1044525,Minibronto,SimpleChar:78E0FD9C,1,0f4dcf8ec9d1d05e,3510.27832,8.403221,446.408752,3510.24609,8.576911,444.02063,2.388339,2
m07788,2026-07-22T14:04:24.841537Z,62056,spawn,Promotable,100,complete_decoded_path;exact_identity_metadata;captured_spawn_observation,,complete_capture_stable_identity,15,17662,1,1044525,Minibronto,SimpleChar:78E0FD9C,1,6e5cd6684625a0d7,3510.47998,8.507312,445.222534,3506.9812,8.333591,443.758362,3.792791,2
m07790,2026-07-22T14:04:25.291927Z,62059,spawn,Promotable,100,complete_decoded_path;exact_identity_metadata;captured_spawn_observation,,complete_capture_stable_identity,15,17662,1,1044525,Minibronto,SimpleChar:78E0FD9A,1,7ffdae7d27166bf6,3496.25659,8.110001,450.498596,3499.64575,8.110001,448.948273,3.726917,2
m08094,2026-07-22T14:10:41.529965Z,68336,spawn,Promotable,100,complete_decoded_path;exact_identity_metadata;captured_spawn_observation,,complete_capture_stable_identity,58,17712,13,1044525,Saltworm,SimpleChar:798911D0,4,79759234ce6a9bfd,3483.72681,0.01,638.420532,3500.18018,0,626.89093,20.090921,2
m08153,2026-07-22T14:11:22.257544Z,69134,spawn,Promotable,100,complete_decoded_path;exact_identity_metadata;captured_spawn_observation,,complete_capture_stable_identity,1019,297023,1,1044525,Malfunctioning Cleaning Robot,SimpleChar:797D36A5,6,2cb044179e1c0e0f,3596.81177,51.744999,788.208923,3596.05518,51.744999,788.482483,0.804527,2
m08154,2026-07-22T14:11:22.257544Z,69135,spawn,Promotable,100,complete_decoded_path;exact_identity_metadata;captured_spawn_observation,,complete_capture_stable_identity,1019,297023,1,1044525,Malfunctioning Cleaning Robot,SimpleChar:79543CB6,5,8fdb70a3a252296e,3596.979,51.744999,783.935852,3596.09595,52.244999,783.847473,0.887462,2
m08155,2026-07-22T14:11:22.731761Z,69151,spawn,Promotable,100,complete_decoded_path;exact_identity_metadata;captured_spawn_observation,,complete_capture_stable_identity,1019,297023,1,1044525,Malfunctioning Cleaning Robot,SimpleChar:797D36A5,6,2eb3373b9dba6082,3596.81177,51.744999,788.208923,3596.04248,52.244999,788.716187,0.921479,2
m08156,2026-07-22T14:11:22.731761Z,69152,spawn,Promotable,100,complete_decoded_path;exact_identity_metadata;captured_spawn_observation,,complete_capture_stable_identity,1019,297023,1,1044525,Malfunctioning Cleaning Robot,SimpleChar:79543CB6,5,7740d1949c568006,3596.979,51.744999,783.935852,3596.10522,51.744999,783.924805,0.87385,2
m08157,2026-07-22T14:11:22.731761Z,69153,spawn,Promotable,100,complete_decoded_path;exact_identity_metadata;captured_spawn_observation,,complete_capture_stable_identity,1019,297023,1,1044525,Malfunctioning Cleaning Robot,SimpleChar:797D36A5,6,2eb3373b9dba6082,3596.81177,51.744999,788.208923,3596.0354,52.244999,788.439026,0.809752,2
m08158,2026-07-22T14:11:22.731761Z,69154,spawn,Promotable,100,complete_decoded_path;exact_identity_metadata;captured_spawn_observation,,complete_capture_stable_identity,1019,297023,1,1044525,Malfunctioning Cleaning Robot,SimpleChar:79543CB6,5,7740d1949c568006,3596.979,51.744999,783.935852,3596.10522,51.744999,783.924805,0.87385,2
m08159,2026-07-22T14:11:22.732261Z,69155,spawn,Promotable,100,complete_decoded_path;exact_identity_metadata;captured_spawn_observation,,complete_capture_stable_identity,1019,297023,1,1044525,Malfunctioning Cleaning Robot,SimpleChar:79891729,1,9467064ee504993f,3595.0979,51.744999,799.542297,3594.28296,52.5,800.099792,0.987384,2
m08161,2026-07-22T14:11:22.924353Z,69169,spawn,Promotable,100,complete_decoded_path;exact_identity_metadata;captured_spawn_observation,,complete_capture_stable_identity,1019,297023,1,1044525,Malfunctioning Cleaning Robot,SimpleChar:797D36A5,6,2cb044179e1c0e0f,3596.81177,51.744999,788.208923,3596.05518,51.744999,788.482483,0.804527,2
m08163,2026-07-22T14:11:22.924353Z,69171,spawn,Promotable,100,complete_decoded_path;exact_identity_metadata;captured_spawn_observation,,complete_capture_stable_identity,1019,297023,1,1044525,Malfunctioning Cleaning Robot,SimpleChar:79543CB6,5,7740d1949c568006,3596.979,51.744999,783.935852,3596.10522,51.744999,783.924805,0.87385,2
m08165,2026-07-22T14:11:22.924853Z,69173,spawn,Promotable,100,complete_decoded_path;exact_identity_metadata;captured_spawn_observation,,complete_capture_stable_identity,1019,297023,1,1044525,Malfunctioning Cleaning Robot,SimpleChar:79891729,1,9467064ee504993f,3595.0979,51.744999,799.542297,3594.2981,52.5,800.032715,0.938184,2
m08166,2026-07-22T14:11:22.924853Z,69174,spawn,Promotable,100,complete_decoded_path;exact_identity_metadata;captured_spawn_observation,,complete_capture_stable_identity,1019,297023,1,1044525,Malfunctioning Cleaning Robot,SimpleChar:79891799,1,116542ae369690a6,3599.94629,51.924995,787.206238,3596.92285,52.5,772.289917,15.219652,2
m08167,2026-07-22T14:11:23.323090Z,69184,spawn,Promotable,100,complete_decoded_path;exact_identity_metadata;captured_spawn_observation,,complete_capture_stable_identity,1019,297023,1,1044525,Malfunctioning Cleaning Robot,SimpleChar:797D36A5,6,2cb044179e1c0e0f,3596.81177,51.744999,788.208923,3596.05518,51.744999,788.482483,0.804527,2
m08168,2026-07-22T14:11:23.323090Z,69185,spawn,Promotable,100,complete_decoded_path;exact_identity_metadata;captured_spawn_observation,,complete_capture_stable_identity,1019,297023,1,1044525,Malfunctioning Cleaning Robot,SimpleChar:79543CB6,5,8fdb70a3a252296e,3596.979,51.744999,783.935852,3596.03564,52.244999,784.113098,0.959867,2
m08169,2026-07-22T14:11:23.323090Z,69186,spawn,Promotable,100,complete_decoded_path;exact_identity_metadata;captured_spawn_observation,,complete_capture_stable_identity,1019,297023,1,1044525,Malfunctioning Cleaning Robot,SimpleChar:79891729,1,e4b3c1dcd1a90d6a,3595.0979,51.744999,799.542297,3594.146,52.5,800.262085,1.193402,2
m08170,2026-07-22T14:11:23.559709Z,69193,spawn,Promotable,100,complete_decoded_path;exact_identity_metadata;captured_spawn_observation,,complete_capture_stable_identity,1019,297023,1,1044525,Malfunctioning Cleaning Robot,SimpleChar:797D36A5,6,2cb044179e1c0e0f,3596.81177,51.744999,788.208923,3596.05518,51.744999,788.482483,0.804527,2
m08171,2026-07-22T14:11:23.559709Z,69194,spawn,Promotable,100,complete_decoded_path;exact_identity_metadata;captured_spawn_observation,,complete_capture_stable_identity,1019,297023,1,1044525,Malfunctioning Cleaning Robot,SimpleChar:79543CB6,5,7740d1949c568006,3596.979,51.744999,783.935852,3596.10522,51.744999,783.924805,0.87385,2
m08172,2026-07-22T14:11:23.559709Z,69195,spawn,Promotable,100,complete_decoded_path;exact_identity_metadata;captured_spawn_observation,,complete_capture_stable_identity,1019,297023,1,1044525,Malfunctioning Cleaning Robot,SimpleChar:797D36A5,6,2cb044179e1c0e0f,3596.81177,51.744999,788.208923,3596.05518,51.744999,788.482483,0.804527,2
m08173,2026-07-22T14:11:23.559709Z,69196,spawn,Promotable,100,complete_decoded_path;exact_identity_metadata;captured_spawn_observation,,complete_capture_stable_identity,1019,297023,1,1044525,Malfunctioning Cleaning Robot,SimpleChar:79543CB6,5,8fdb70a3a252296e,3596.979,51.744999,783.935852,3596.10083,52.244999,783.870056,0.880631,2
m08174,2026-07-22T14:11:23.799844Z,69197,spawn,Promotable,100,complete_decoded_path;exact_identity_metadata;captured_spawn_observation,,complete_capture_stable_identity,1019,297023,1,1044525,Malfunctioning Cleaning Robot,SimpleChar:797D36A5,6,2eb3373b9dba6082,3596.81177,51.744999,788.208923,3596.04175,52.244999,788.717529,0.922828,2
m08175,2026-07-22T14:11:23.799844Z,69198,spawn,Promotable,100,complete_decoded_path;exact_identity_metadata;captured_spawn_observation,,complete_capture_stable_identity,1019,297023,1,1044525,Malfunctioning Cleaning Robot,SimpleChar:79543CB6,5,7740d1949c568006,3596.979,51.744999,783.935852,3596.10522,51.744999,783.924805,0.87385,2
m08176,2026-07-22T14:11:24.038458Z,69199,spawn,Promotable,100,complete_decoded_path;exact_identity_metadata;captured_spawn_observation,,complete_capture_stable_identity,1019,297023,1,1044525,Malfunctioning Cleaning Robot,SimpleChar:797D36A5,6,2eb3373b9dba6082,3596.81177,51.744999,788.208923,3596.07129,52.244999,788.615356,0.844688,2
m08177,2026-07-22T14:11:24.038458Z,69200,spawn,Promotable,100,complete_decoded_path;exact_identity_metadata;captured_spawn_observation,,complete_capture_stable_identity,1019,297023,1,1044525,Malfunctioning Cleaning Robot,SimpleChar:79543CB6,5,7740d1949c568006,3596.979,51.744999,783.935852,3596.10522,51.744999,783.924805,0.87385,2
m08178,2026-07-22T14:11:24.235063Z,69213,spawn,Promotable,100,complete_decoded_path;exact_identity_metadata;captured_spawn_observation,,complete_capture_stable_identity,1019,297023,1,1044525,Malfunctioning Cleaning Robot,SimpleChar:797D36A5,6,2eb3373b9dba6082,3596.81177,51.744999,788.208923,3596.0415,52.244999,788.71814,0.923373,2
m08179,2026-07-22T14:11:24.235063Z,69214,spawn,Promotable,100,complete_decoded_path;exact_identity_metadata;captured_spawn_observation,,complete_capture_stable_identity,1019,297023,1,1044525,Malfunctioning Cleaning Robot,SimpleChar:79543CB6,5,7740d1949c568006,3596.979,51.744999,783.935852,3596.10522,51.744999,783.924805,0.87385,2
m08180,2026-07-22T14:11:24.483681Z,69218,spawn,Promotable,100,complete_decoded_path;exact_identity_metadata;captured_spawn_observation,,complete_capture_stable_identity,1019,297023,1,1044525,Malfunctioning Cleaning Robot,SimpleChar:797D36A5,6,2eb3373b9dba6082,3596.81177,51.744999,788.208923,3596.05688,52.244999,788.487793,0.804753,2
m08181,2026-07-22T14:11:24.483681Z,69219,spawn,Promotable,100,complete_decoded_path;exact_identity_metadata;captured_spawn_observation,,complete_capture_stable_identity,1019,297023,1,1044525,Malfunctioning Cleaning Robot,SimpleChar:79543CB6,5,7740d1949c568006,3596.979,51.744999,783.935852,3596.10522,51.744999,783.924805,0.87385,2
m08183,2026-07-22T14:11:24.679763Z,69233,spawn,Promotable,100,complete_decoded_path;exact_identity_metadata;captured_spawn_observation,,complete_capture_stable_identity,1019,297023,1,1044525,Malfunctioning Cleaning Robot,SimpleChar:797D36A5,6,2cb044179e1c0e0f,3596.81177,51.744999,788.208923,3596.05518,51.744999,788.482483,0.804527,2
m08185,2026-07-22T14:11:24.679763Z,69235,spawn,Promotable,100,complete_decoded_path;exact_identity_metadata;captured_spawn_observation,,complete_capture_stable_identity,1019,297023,1,1044525,Malfunctioning Cleaning Robot,SimpleChar:79543CB6,5,7740d1949c568006,3596.979,51.744999,783.935852,3596.10522,51.744999,783.924805,0.87385,2
m08187,2026-07-22T14:11:24.918380Z,69237,spawn,Promotable,100,complete_decoded_path;exact_identity_metadata;captured_spawn_observation,,complete_capture_stable_identity,1019,297023,1,1044525,Malfunctioning Cleaning Robot,SimpleChar:797D36A5,6,2eb3373b9dba6082,3596.81177,51.744999,788.208923,3596.06885,52.244999,788.634338,0.8561,2
m08188,2026-07-22T14:11:24.918380Z,69238,spawn,Promotable,100,complete_decoded_path;exact_identity_metadata;captured_spawn_observation,,complete_capture_stable_identity,1019,297023,1,1044525,Malfunctioning Cleaning Robot,SimpleChar:79543CB6,5,8fdb70a3a252296e,3596.979,51.744999,783.935852,3596.03857,52.244999,784.109619,0.956349,2
m08189,2026-07-22T14:11:25.160482Z,69239,spawn,Promotable,100,complete_decoded_path;exact_identity_metadata;captured_spawn_observation,,complete_capture_stable_identity,1019,297023,1,1044525,Malfunctioning Cleaning Robot,SimpleChar:797D36A5,6,2cb044179e1c0e0f,3596.81177,51.744999,788.208923,3596.05518,51.744999,788.482483,0.804527,2
m08190,2026-07-22T14:11:25.160983Z,69240,spawn,Promotable,100,complete_decoded_path;exact_identity_metadata;captured_spawn_observation,,complete_capture_stable_identity,1019,297023,1,1044525,Malfunctioning Cleaning Robot,SimpleChar:79543CB6,5,7740d1949c568006,3596.979,51.744999,783.935852,3596.10522,51.744999,783.924805,0.87385,2
m08191,2026-07-22T14:11:25.599212Z,69248,spawn,Promotable,100,complete_decoded_path;exact_identity_metadata;captured_spawn_observation,,complete_capture_stable_identity,1019,297023,1,1044525,Malfunctioning Cleaning Robot,SimpleChar:797D36A5,6,2eb3373b9dba6082,3596.81177,51.744999,788.208923,3596.073,52.244999,788.589722,0.831137,2
m08192,2026-07-22T14:11:25.599212Z,69249,spawn,Promotable,100,complete_decoded_path;exact_identity_metadata;captured_spawn_observation,,complete_capture_stable_identity,1019,297023,1,1044525,Malfunctioning Cleaning Robot,SimpleChar:79543CB6,5,8fdb70a3a252296e,3596.979,51.744999,783.935852,3596.10522,52.244999,783.927063,0.873824,2
m08193,2026-07-22T14:11:25.599212Z,69256,spawn,Promotable,100,complete_decoded_path;exact_identity_metadata;captured_spawn_observation,,complete_capture_stable_identity,1019,297023,1,1044525,Malfunctioning Cleaning Robot,SimpleChar:797D36A5,6,2eb3373b9dba6082,3596.81177,51.744999,788.208923,3596.01099,52.244999,788.401978,0.823723,2
m08194,2026-07-22T14:11:25.599212Z,69257,spawn,Promotable,100,complete_decoded_path;exact_identity_metadata;captured_spawn_observation,,complete_capture_stable_identity,1019,297023,1,1044525,Malfunctioning Cleaning Robot,SimpleChar:79543CB6,5,7740d1949c568006,3596.979,51.744999,783.935852,3596.10522,51.744999,783.924805,0.87385,2
m08195,2026-07-22T14:11:25.915387Z,69270,spawn,Promotable,100,complete_decoded_path;exact_identity_metadata;captured_spawn_observation,,complete_capture_stable_identity,1019,297023,1,1044525,Malfunctioning Cleaning Robot,SimpleChar:797D36A5,6,2cb044179e1c0e0f,3596.81177,51.744999,788.208923,3596.05518,51.744999,788.482483,0.804527,2
m08196,2026-07-22T14:11:25.915387Z,69271,spawn,Promotable,100,complete_decoded_path;exact_identity_metadata;captured_spawn_observation,,complete_capture_stable_identity,1019,297023,1,1044525,Malfunctioning Cleaning Robot,SimpleChar:79543CB6,5,7740d1949c568006,3596.979,51.744999,783.935852,3596.10522,51.744999,783.924805,0.87385,2
m08197,2026-07-22T14:11:26.079471Z,69278,spawn,Promotable,100,complete_decoded_path;exact_identity_metadata;captured_spawn_observation,,complete_capture_stable_identity,1019,297023,1,1044525,Malfunctioning Cleaning Robot,SimpleChar:797D36A5,6,2cb044179e1c0e0f,3596.81177,51.744999,788.208923,3596.05518,51.744999,788.482483,0.804527,2
m08198,2026-07-22T14:11:26.079471Z,69279,spawn,Promotable,100,complete_decoded_path;exact_identity_metadata;captured_spawn_observation,,complete_capture_stable_identity,1019,297023,1,1044525,Malfunctioning Cleaning Robot,SimpleChar:79543CB6,5,7740d1949c568006,3596.979,51.744999,783.935852,3596.10522,51.744999,783.924805,0.87385,2
m08199,2026-07-22T14:11:26.365627Z,69297,spawn,Promotable,100,complete_decoded_path;exact_identity_metadata;captured_spawn_observation,,complete_capture_stable_identity,1019,297023,1,1044525,Malfunctioning Cleaning Robot,SimpleChar:797D36A5,6,2cb044179e1c0e0f,3596.81177,51.744999,788.208923,3596.05518,51.744999,788.482483,0.804527,2
m08200,2026-07-22T14:11:26.366130Z,69298,spawn,Promotable,100,complete_decoded_path;exact_identity_metadata;captured_spawn_observation,,complete_capture_stable_identity,1019,297023,1,1044525,Malfunctioning Cleaning Robot,SimpleChar:79543CB6,5,7740d1949c568006,3596.979,51.744999,783.935852,3596.10522,51.744999,783.924805,0.87385,2
m08202,2026-07-22T14:11:26.514706Z,69305,spawn,Promotable,100,complete_decoded_path;exact_identity_metadata;captured_spawn_observation,,complete_capture_stable_identity,1019,297023,1,1044525,Malfunctioning Cleaning Robot,SimpleChar:797D36A5,6,2cb044179e1c0e0f,3596.81177,51.744999,788.208923,3596.05518,51.744999,788.482483,0.804527,2
m08204,2026-07-22T14:11:26.514706Z,69307,spawn,Promotable,100,complete_decoded_path;exact_identity_metadata;captured_spawn_observation,,complete_capture_stable_identity,1019,297023,1,1044525,Malfunctioning Cleaning Robot,SimpleChar:79543CB6,5,7740d1949c568006,3596.979,51.744999,783.935852,3596.10522,51.744999,783.924805,0.87385,2
m08205,2026-07-22T14:11:26.765814Z,69308,spawn,Promotable,100,complete_decoded_path;exact_identity_metadata;captured_spawn_observation,,complete_capture_stable_identity,1019,297023,1,1044525,Malfunctioning Cleaning Robot,SimpleChar:797D36A5,6,2cb044179e1c0e0f,3596.81177,51.744999,788.208923,3596.05518,51.744999,788.482483,0.804527,2
m08206,2026-07-22T14:11:26.765814Z,69309,spawn,Promotable,100,complete_decoded_path;exact_identity_metadata;captured_spawn_observation,,complete_capture_stable_identity,1019,297023,1,1044525,Malfunctioning Cleaning Robot,SimpleChar:79543CB6,5,7740d1949c568006,3596.979,51.744999,783.935852,3596.10522,51.744999,783.924805,0.87385,2
m08207,2026-07-22T14:11:27.085982Z,69317,spawn,Promotable,100,complete_decoded_path;exact_identity_metadata;captured_spawn_observation,,complete_capture_stable_identity,1019,297023,1,1044525,Malfunctioning Cleaning Robot,SimpleChar:797D36A5,6,2cb044179e1c0e0f,3596.81177,51.744999,788.208923,3596.05518,51.744999,788.482483,0.804527,2
m08208,2026-07-22T14:11:27.086479Z,69318,spawn,Promotable,100,complete_decoded_path;exact_identity_metadata;captured_spawn_observation,,complete_capture_stable_identity,1019,297023,1,1044525,Malfunctioning Cleaning Robot,SimpleChar:79543CB6,5,8fdb70a3a252296e,3596.979,51.744999,783.935852,3596.06128,52.244999,784.077393,0.928571,2
m08237,2026-07-22T14:11:31.909146Z,69528,spawn,Promotable,100,complete_decoded_path;exact_identity_metadata;captured_spawn_observation,,later_scfu_same_generation,0,26092,40,1044525,ICC Peacekeeper,SimpleChar:7962A325,8,ce1c9f121859c6dc,3482.45581,7.453644,786.771301,3487.0957,5.110001,785.84668,4.731121,2
m08238,2026-07-22T14:11:34.895527Z,69621,spawn,Promotable,100,complete_decoded_path;exact_identity_metadata;captured_spawn_observation,,later_scfu_same_generation,0,26092,40,1044525,ICC Peacekeeper,SimpleChar:7962A325,8,42edcb0d4ae1729b,3485.91772,5.647822,786.110779,3487.2959,4.84033,782.97937,3.421272,2
m08240,2026-07-22T14:11:36.051771Z,69647,spawn,Promotable,100,complete_decoded_path;exact_identity_metadata;captured_spawn_observation,,later_scfu_same_generation,25,17657,6,1044525,Garbage Flea,SimpleChar:7989164B,2,59cb9deec803af3c,3448.9231,0.01,825.962219,3448.77759,0.484173,833.061401,7.100673,2
m08250,2026-07-22T14:11:51.072697Z,70056,spawn,Promotable,100,complete_decoded_path;exact_identity_metadata;captured_spawn_observation,,later_scfu_same_generation,0,26092,40,1044525,ICC Peacekeeper,SimpleChar:7962A3F9,2,bcd10e312b6ac43d,3411.80322,3.91,772.855164,3409.90723,4.697203,778.801086,6.240895,2
m08251,2026-07-22T14:11:51.270309Z,70057,spawn,Promotable,100,complete_decoded_path;exact_identity_metadata;captured_spawn_observation,,later_scfu_same_generation,25,17657,6,1044525,Garbage Flea,SimpleChar:7989162E,2,ecd90ce95441bb3b,3426.48657,0.01,807.792358,3430.13721,0.01,805.796265,4.160716,2
m08253,2026-07-22T14:11:52.886725Z,70164,spawn,Promotable,100,complete_decoded_path;exact_identity_metadata;captured_spawn_observation,,complete_capture_stable_identity,25,17657,5,1044525,Garbage Flea,SimpleChar:79891625,2,b38c077758d06bc5,3451.17725,0.01,863.277283,3451.15186,0.892165,857.847046,5.430296,2
m08254,2026-07-22T14:11:53.252920Z,70171,spawn,Promotable,100,complete_decoded_path;exact_identity_metadata;captured_spawn_observation,,later_scfu_same_generation,103,26090,6,1044525,Janee Forejt,SimpleChar:78E0FD07,6,469cbc7f2049f01d,3411.32373,9.01,856.000244,3412.25122,9.01,860.342712,4.440413,2
m08255,2026-07-22T14:11:53.252920Z,70172,spawn,Promotable,100,complete_decoded_path;exact_identity_metadata;captured_spawn_observation,,later_scfu_same_generation,25,17657,6,1044525,Garbage Flea,SimpleChar:7989162E,2,ee4cbb363cb8b84b,3428.7561,0.01,806.358276,3441.10229,0.01,806.240662,12.34675,2
m08257,2026-07-22T14:11:54.349000Z,70189,spawn,Promotable,100,complete_decoded_path;exact_identity_metadata;captured_spawn_observation,,later_scfu_same_generation,137,26125,10,1044525,Leonora Marty,SimpleChar:78E0FC74,10,c4204bd76a3c3469,3437.81567,9.01,876.179199,3439.74292,9.01,880.811157,5.016904,2
m08259,2026-07-22T14:11:55.225402Z,70208,spawn,Promotable,100,complete_decoded_path;exact_identity_metadata;captured_spawn_observation,,later_scfu_same_generation,103,26090,6,1044525,Janee Forejt,SimpleChar:78E0FD07,6,7abb40351fa1c438,3411.91968,9.01,858.903992,3413.45166,9.01,870.494019,11.690838,2
m08261,2026-07-22T14:11:55.673639Z,70216,spawn,Promotable,100,complete_decoded_path;exact_identity_metadata;captured_spawn_observation,,complete_capture_stable_identity,25,17657,5,1044525,Garbage Flea,SimpleChar:79891625,2,d3f4d4bbf96d1974,3451.11499,0.01,859.19165,3451.56519,0.892165,852.259827,6.946427,2
m08263,2026-07-22T14:11:56.751166Z,70245,spawn,Promotable,100,complete_decoded_path;exact_identity_metadata;captured_spawn_observation,,later_scfu_same_generation,137,26125,10,1044525,Leonora Marty,SimpleChar:78E0FC74,10,9c55bd1fa758e4d8,3439.21338,9.01,879.505554,3438.97705,9.01,882.045288,2.550706,2
m08265,2026-07-22T14:11:59.633139Z,70321,spawn,Promotable,100,complete_decoded_path;exact_identity_metadata;captured_spawn_observation,,later_scfu_same_generation,25,17657,6,1044525,Garbage Flea,SimpleChar:7989162A,2,e3763d61ecf71f13,3453.60303,0.01,875.276184,3453.51245,0.636055,879.729492,4.454229,2
m08298,2026-07-22T14:12:19.322872Z,70559,spawn,Promotable,100,complete_decoded_path;exact_identity_metadata;captured_spawn_observation,,later_scfu_same_generation,103,26090,6,1044525,Janee Forejt,SimpleChar:78E0FD07,7,e78f820e8f2e8ab7,3425.28052,9.145,875.194946,3421.68726,9.049099,867.54187,8.454649,2
m08321,2026-07-22T14:12:25.278144Z,70881,spawn,Promotable,100,complete_decoded_path;exact_identity_metadata;captured_spawn_observation,,later_scfu_same_generation,0,26092,40,1044525,ICC Peacekeeper,SimpleChar:797D337E,3,e0026092c212c094,3398.13892,10.001938,801.318542,3403.46973,9.010339,803.082397,5.615044,2
m08327,2026-07-22T14:12:28.683441Z,70951,spawn,Promotable,100,complete_decoded_path;exact_identity_metadata;captured_spawn_observation,,later_scfu_same_generation,25,17657,6,1044525,Garbage Flea,SimpleChar:7989162A,3,846867fa2b314dfe,3453.61499,0.01,875.174805,3453.51245,0.636055,879.729492,4.555841,2
m08334,2026-07-22T14:12:33.776156Z,70995,spawn,Promotable,100,complete_decoded_path;exact_identity_metadata;captured_spawn_observation,,later_scfu_same_generation,0,26092,40,1044525,ICC Peacekeeper,SimpleChar:7962A325,9,22df4b54e61280b3,3477.62207,4.757742,782.302063,3468.15625,6.866878,781.229736,9.526365,2
m08343,2026-07-22T14:12:38.119724Z,71345,spawn,Promotable,100,complete_decoded_path;exact_identity_metadata;captured_spawn_observation,,later_scfu_same_generation,0,26092,40,1044525,ICC Peacekeeper,SimpleChar:79882D97,10,596961ba6aea04e5,3427.19971,9.145,895.033447,3427.16479,9.051052,888.307007,6.726531,2
m08345,2026-07-22T14:12:38.362968Z,71349,spawn,Promotable,100,complete_decoded_path;exact_identity_metadata;captured_spawn_observation,,later_scfu_same_generation,137,26125,10,1044525,Leonora Marty,SimpleChar:78E0FC74,11,d12bd12ff7d801ad,3458.02417,9.145,881.539673,3456.76294,9.109647,877.424072,4.304518,2
m08351,2026-07-22T14:12:39.667094Z,71387,spawn,Promotable,100,complete_decoded_path;exact_identity_metadata;captured_spawn_observation,,later_scfu_same_generation,25,17657,6,1044525,Garbage Flea,SimpleChar:7989162A,4,2d58cf43a5060bea,3450.26343,0.01,888.494263,3448.67407,0.636059,894.832581,6.53455,2
m08352,2026-07-22T14:12:40.387561Z,71424,spawn,Promotable,100,complete_decoded_path;exact_identity_metadata;captured_spawn_observation,,later_scfu_same_generation,137,26125,10,1044525,Leonora Marty,SimpleChar:78E0FC74,11,55e471cb26a26951,3457.11597,9.145,878.806641,3457.13965,9.107692,869.205444,9.601226,2
m08364,2026-07-22T14:12:46.024976Z,71871,spawn,Promotable,100,complete_decoded_path;exact_identity_metadata;captured_spawn_observation,,later_scfu_same_generation,0,26092,40,1044525,ICC Peacekeeper,SimpleChar:7962A325,10,2daf2f6755920e85,3461.65869,4.123126,782.09198,3453.56909,4.810082,782.107971,8.089616,2
m08378,2026-07-22T14:12:50.644447Z,72135,spawn,Promotable,100,complete_decoded_path;exact_identity_metadata;captured_spawn_observation,,later_scfu_same_generation,103,26149,23,1044525,Janae Seaman,SimpleChar:78E0FD08,16,5246139a6c656f6a,3467.24707,9.01,883.249268,3472.10791,9.01,883.451599,4.865049,2
m08382,2026-07-22T14:12:53.308865Z,72282,spawn,Promotable,100,complete_decoded_path;exact_identity_metadata;captured_spawn_observation,,later_scfu_same_generation,103,26149,23,1044525,Janae Seaman,SimpleChar:78E0FD08,16,1c91aa099bd3efbb,3470.91479,9.01,883.402771,3472.61182,9.01,885.654236,2.819398,2
m08385,2026-07-22T14:12:54.665482Z,72315,spawn,Promotable,100,complete_decoded_path;exact_identity_metadata;captured_spawn_observation,,later_scfu_same_generation,25,17657,2,1044525,Garbage Flea,SimpleChar:7989156D,6,cb4cb54d634f36a1,3501.65601,5.287924,906.827698,3502.31763,5.110001,903.305664,3.583638,2
m08389,2026-07-22T14:12:56.991738Z,72398,spawn,Promotable,100,complete_decoded_path;exact_identity_metadata;captured_spawn_observation,,later_scfu_same_generation,25,17657,2,1044525,Garbage Flea,SimpleChar:7989156D,6,817b4615fa0753a1,3502.06519,5.162804,904.675781,3503.10352,5.110001,896.018494,8.719332,2
m08434,2026-07-22T14:13:11.085949Z,72927,spawn,Promotable,100,complete_decoded_path;exact_identity_metadata;captured_spawn_observation,,later_scfu_same_generation,25,17657,1,1044525,Garbage Flea,SimpleChar:798915AB,3,49d4a6580cd84dbe,3515.21265,8.037875,930.935242,3507.80005,8.336768,924.962708,9.519338,2
m08446,2026-07-22T14:13:16.357075Z,73171,spawn,Promotable,100,complete_decoded_path;exact_identity_metadata;captured_spawn_observation,,complete_capture_stable_identity,25,17657,6,1044525,Garbage Flea,SimpleChar:7989164B,3,59cb9deec803af3c,3448.92188,0.01,826.003174,3448.77759,0.484173,833.061401,7.059702,2
m08454,2026-07-22T14:13:19.986448Z,73268,spawn,Promotable,100,complete_decoded_path;exact_identity_metadata;captured_spawn_observation,,complete_capture_stable_identity,25,17657,6,1044525,Garbage Flea,SimpleChar:7989164B,3,491ac9cdf8c546f2,3448.80566,0.01,831.567871,3450.31641,0.873832,817.162231,14.484641,2
m08465,2026-07-22T14:13:24.779043Z,73381,spawn,Promotable,100,complete_decoded_path;exact_identity_metadata;captured_spawn_observation,,later_scfu_same_generation,0,26092,40,1044525,ICC Peacekeeper,SimpleChar:7962A325,11,22df4b54e61280b3,3477.62939,4.758657,782.303284,3468.15625,6.866878,781.229736,9.533776,2
m08468,2026-07-22T14:13:25.543413Z,73400,spawn,Promotable,100,complete_decoded_path;exact_identity_metadata;captured_spawn_observation,,later_scfu_same_generation,0,26092,40,1044525,ICC Peacekeeper,SimpleChar:7962A3F9,4,b233fba2eac4e032,3439.24097,3.332641,772.618347,3430.72192,3.01,768.149475,9.620033,2
m08484,2026-07-22T14:13:31.713833Z,73637,spawn,Promotable,100,complete_decoded_path;exact_identity_metadata;captured_spawn_observation,,later_scfu_same_generation,103,26090,6,1044525,Janee Forejt,SimpleChar:78E0FD07,8,e78f820e8f2e8ab7,3425.31348,9.145,875.130249,3421.68726,9.049099,867.54187,8.410289,2
m08494,2026-07-22T14:13:37.512990Z,73821,spawn,Promotable,100,complete_decoded_path;exact_identity_metadata;captured_spawn_observation,,later_scfu_same_generation,0,26092,40,1044525,ICC Peacekeeper,SimpleChar:797D337E,5,318976c080b73997,3402.12817,9.01,802.607849,3410.12915,9.010248,802.544067,8.001234,2
m08526,2026-07-22T14:13:55.926468Z,73965,spawn,Promotable,100,complete_decoded_path;exact_identity_metadata;captured_spawn_observation,,later_scfu_same_generation,25,17657,6,1044525,Garbage Flea,SimpleChar:7989162A,6,e3763d61ecf71f13,3453.59009,0.01,875.395996,3453.51245,0.636055,879.729492,4.334191,2
m08579,2026-07-22T14:14:24.766768Z,74441,spawn,Promotable,100,complete_decoded_path;exact_identity_metadata;captured_spawn_observation,,later_scfu_same_generation,0,26092,40,1044525,ICC Peacekeeper,SimpleChar:797D337E,6,ca77cb89bf1c06d4,3381.01465,16.074356,801.50061,3381.95947,15.052554,793.693848,7.863728,2
m08581,2026-07-22T14:14:25.002887Z,74470,spawn,Promotable,100,complete_decoded_path;exact_identity_metadata;captured_spawn_observation,,later_scfu_same_generation,25,17657,6,1044525,Garbage Flea,SimpleChar:7989162A,7,e3763d61ecf71f13,3453.59766,0.01,875.33783,3453.51245,0.636055,879.729492,4.392489,2
m08608,2026-07-22T14:14:43.093257Z,74881,spawn,Promotable,100,complete_decoded_path;exact_identity_metadata;captured_spawn_observation,,later_scfu_same_generation,103,26090,6,1044525,Janee Forejt,SimpleChar:78E0FD07,9,0a592f424fa9f828,3425.28979,9.145,875.305176,3421.68726,9.049099,867.54187,8.558454,2
m08615,2026-07-22T14:14:47.166392Z,74917,spawn,Promotable,100,complete_decoded_path;exact_identity_metadata;captured_spawn_observation,,later_scfu_same_generation,137,26125,10,1044525,Leonora Marty,SimpleChar:78E0FC74,12,dd5fdf951e2b327e,3457.0686,9.145,878.668762,3457.13965,9.107692,869.205444,9.463585,2
m08616,2026-07-22T14:14:47.359495Z,74918,spawn,Promotable,100,complete_decoded_path;exact_identity_metadata;captured_spawn_observation,,later_scfu_same_generation,0,26092,40,1044525,ICC Peacekeeper,SimpleChar:797D337E,7,318976c080b73997,3402.13281,9.01,802.616577,3410.12915,9.010248,802.544067,7.996669,2
m08624,2026-07-22T14:14:53.833275Z,74962,spawn,Promotable,100,complete_decoded_path;exact_identity_metadata;captured_spawn_observation,,later_scfu_same_generation,25,17657,6,1044525,Garbage Flea,SimpleChar:7989162A,8,e3763d61ecf71f13,3453.59595,0.01,875.345032,3453.51245,0.636055,879.729492,4.385255,2
m08670,2026-07-22T14:15:23.510229Z,75186,spawn,Promotable,100,complete_decoded_path;exact_identity_metadata;captured_spawn_observation,,later_scfu_same_generation,25,17657,6,1044525,Garbage Flea,SimpleChar:7989162A,9,846867fa2b314dfe,3453.62744,0.01,875.054749,3453.51245,0.636055,879.729492,4.676157,2
m08717,2026-07-22T14:15:52.537592Z,75447,spawn,Promotable,100,complete_decoded_path;exact_identity_metadata;captured_spawn_observation,,later_scfu_same_generation,25,17657,6,1044525,Garbage Flea,SimpleChar:7989162A,10,e3763d61ecf71f13,3453.59961,0.01,875.315552,3453.51245,0.636055,879.729492,4.4148,2
m08721,2026-07-22T14:15:54.880963Z,75473,spawn,Promotable,100,complete_decoded_path;exact_identity_metadata;captured_spawn_observation,,later_scfu_same_generation,103,26090,6,1044525,Janee Forejt,SimpleChar:78E0FD07,10,e78f820e8f2e8ab7,3425.26929,9.145,875.20874,3421.68726,9.049099,867.54187,8.462378,2
m08726,2026-07-22T14:15:57.985488Z,75532,spawn,Promotable,100,complete_decoded_path;exact_identity_metadata;captured_spawn_observation,,later_scfu_same_generation,0,26092,40,1044525,ICC Peacekeeper,SimpleChar:797D337E,8,00ea11a00b6de650,3402.73145,9.01,802.828613,3410.12915,9.010248,802.544067,7.40317,2
m08813,2026-07-22T14:16:43.508468Z,76518,spawn,Promotable,100,complete_decoded_path;exact_identity_metadata;captured_spawn_observation,,later_scfu_same_generation,25,17657,2,1044525,Garbage Flea,SimpleChar:7989156D,7,7227f35d6f4efde4,3503.01807,5.110001,894.792236,3502.31763,5.110001,903.305664,8.542194,2
m08819,2026-07-22T14:16:47.848929Z,76747,spawn,Promotable,100,complete_decoded_path;exact_identity_metadata;captured_spawn_observation,,later_scfu_same_generation,137,26125,10,1044525,Leonora Marty,SimpleChar:78E0FC74,13,ffcf541a2a6d596b,3462.71826,9.01,885.163269,3457.02905,9.109645,880.685242,7.240154,2
m08838,2026-07-22T14:16:55.126415Z,76915,spawn,Promotable,100,complete_decoded_path;exact_identity_metadata;captured_spawn_observation,,later_scfu_same_generation,0,26092,40,1044525,ICC Peacekeeper,SimpleChar:797D337E,11,8d1ec8b2e1576c04,3385.35596,16.014999,801.137634,3389.78027,13.784142,801.334778,4.4287,2
m08878,2026-07-22T14:17:36.118648Z,77639,spawn,Promotable,100,complete_decoded_path;exact_identity_metadata;captured_spawn_observation,,later_scfu_same_generation,103,26090,6,1044525,Janee Forejt,SimpleChar:78E0FD07,11,ebd26ba2eca224f6,3418.72925,9.145,834.439819,3416.5708,9.010137,844.010071,9.810639,2
m08879,2026-07-22T14:17:36.118648Z,77640,spawn,Promotable,100,complete_decoded_path;exact_identity_metadata;captured_spawn_observation,,later_scfu_same_generation,0,26092,40,1044525,ICC Peacekeeper,SimpleChar:797D337E,12,91dad8ce2ff9135a,3387.16479,15.149287,803.301819,3384.12451,15.781097,806.142456,4.160832,2
m08882,2026-07-22T14:17:38.340830Z,77737,spawn,Promotable,100,complete_decoded_path;exact_identity_metadata;captured_spawn_observation,,later_scfu_same_generation,0,26092,40,1044525,ICC Peacekeeper,SimpleChar:797D337E,12,a1493ece059dfd95,3385.02979,15.945,805.246216,3383.28882,15.781079,809.823364,4.897067,2
m08885,2026-07-22T14:17:40.610497Z,77776,spawn,Promotable,100,complete_decoded_path;exact_identity_metadata;captured_spawn_observation,,later_scfu_same_generation,0,26092,40,1044525,ICC Peacekeeper,SimpleChar:797D337E,12,364fb84a8a0f7ed3,3383.77368,15.86732,808.419067,3378.24414,17.110001,814.33905,8.100741,2
m08934,2026-07-22T14:17:49.971974Z,78138,spawn,Promotable,100,complete_decoded_path;exact_identity_metadata;captured_spawn_observation,,later_scfu_same_generation,0,26092,40,1044525,ICC Peacekeeper,SimpleChar:7962A3F9,5,44ef94c418d5e630,3425.39355,4.53222,781.156921,3435.73535,5.110001,780.870789,10.345758,2
m08937,2026-07-22T14:17:51.558004Z,78157,spawn,Promotable,100,complete_decoded_path;exact_identity_metadata;captured_spawn_observation,,later_scfu_same_generation,0,26092,40,1044525,ICC Peacekeeper,SimpleChar:7962A325,12,2daf2f6755920e85,3461.6792,4.122421,782.090637,3453.56909,4.810082,782.107971,8.110129,2
m08964,2026-07-22T14:18:04.774383Z,78580,spawn,Promotable,100,complete_decoded_path;exact_identity_metadata;captured_spawn_observation,,later_scfu_same_generation,103,26090,6,1044525,Janee Forejt,SimpleChar:78E0FD07,12,8ff184643824a6a2,3414.09326,9.01,874.383118,3421.34766,9.051032,877.839539,8.035743,2
m08973,2026-07-22T14:18:07.914965Z,78740,spawn,Promotable,100,complete_decoded_path;exact_identity_metadata;captured_spawn_observation,,later_scfu_same_generation,137,26125,10,1044525,Leonora Marty,SimpleChar:78E0FC74,14,f4efd5ca1e5e23c1,3439.32666,9.01,868.814514,3434.72681,9.01,871.857666,5.515378,2
m08983,2026-07-22T14:18:10.701424Z,78905,spawn,Promotable,100,complete_decoded_path;exact_identity_metadata;captured_spawn_observation,,later_scfu_same_generation,137,26125,10,1044525,Leonora Marty,SimpleChar:78E0FC74,14,c218a2f1867bdcde,3435.89697,9.01,871.037598,3438.51685,9.01,877.417114,6.896521,2
m08996,2026-07-22T14:18:15.793431Z,79101,spawn,Promotable,100,complete_decoded_path;exact_identity_metadata;captured_spawn_observation,,later_scfu_same_generation,25,17657,5,1044525,Garbage Flea,SimpleChar:798917F5,1,eabc076c5f4e1c55,3424.75,0.01,876.071594,3422.34326,0.51,867.887634,8.53051,2
m08998,2026-07-22T14:18:16.205649Z,79109,spawn,Promotable,100,complete_decoded_path;exact_identity_metadata;captured_spawn_observation,,later_scfu_same_generation,25,17657,7,1044525,Mutated Garbage Flea,SimpleChar:79891578,5,5e662181423008ac,3423.19678,0.01,874.223267,3425.43091,0.51,863.692627,10.765023,2
m09002,2026-07-22T14:18:17.046607Z,79120,spawn,Promotable,100,complete_decoded_path;exact_identity_metadata;captured_spawn_observation,,later_scfu_same_generation,103,26149,23,1044525,Janae Seaman,SimpleChar:78E0FD08,18,1b2d3d25792b792e,3439.84375,9.01,887.778625,3437.49146,9.01,885.606445,3.201817,2
m09003,2026-07-22T14:18:17.439794Z,79136,spawn,Promotable,100,complete_decoded_path;exact_identity_metadata;captured_spawn_observation,,later_scfu_same_generation,25,17657,5,1044525,Garbage Flea,SimpleChar:798917F5,1,e221c74bb34a96cb,3422.69971,0.01,868.664917,3421.38379,0.51,857.542114,11.200375,2
m09008,2026-07-22T14:18:18.130176Z,79147,spawn,Promotable,100,complete_decoded_path;exact_identity_metadata;captured_spawn_observation,,later_scfu_same_generation,25,17657,7,1044525,Mutated Garbage Flea,SimpleChar:79891578,5,83f69cd1960cc113,3424.91333,0.01,866.135132,3422.21753,0.51,855.070435,11.388365,2
m09009,2026-07-22T14:18:18.588934Z,79159,spawn,Promotable,100,complete_decoded_path;exact_identity_metadata;captured_spawn_observation,,later_scfu_same_generation,103,26090,6,1044525,Janee Forejt,SimpleChar:78E0FD07,13,e78f820e8f2e8ab7,3425.30225,9.145,875.221619,3421.68726,9.049099,867.54187,8.488033,2
m09010,2026-07-22T14:18:18.588934Z,79160,spawn,Promotable,100,complete_decoded_path;exact_identity_metadata;captured_spawn_observation,,later_scfu_same_generation,103,26149,23,1044525,Janae Seaman,SimpleChar:78E0FD08,18,10df85ab7e64c309,3438.39136,9.01,886.583313,3439.97119,9.01,883.716248,3.273519,2
m09013,2026-07-22T14:18:19.603019Z,79198,spawn,Promotable,100,complete_decoded_path;exact_identity_metadata;captured_spawn_observation,,later_scfu_same_generation,25,17657,5,1044525,Garbage Flea,SimpleChar:798917F5,1,68c1fadde6c1022c,3421.72339,0.01,860.406128,3423.5415,0.01,849.226318,11.32668,2
m09014,2026-07-22T14:18:20.045290Z,79212,spawn,Promotable,100,complete_decoded_path;exact_identity_metadata;captured_spawn_observation,,later_scfu_same_generation,103,26149,23,1044525,Janae Seaman,SimpleChar:78E0FD08,18,b61dbc79836ebaf6,3439.07739,9.01,884.841064,3461.4646,9.01,882.808167,22.47932,2
m09015,2026-07-22T14:18:20.045290Z,79215,spawn,Rejected,49,path_interrupted_by_stop_command,,later_scfu_same_generation,25,17657,7,1044525,Mutated Garbage Flea,SimpleChar:79891578,5,c7389b286a7b1a13,3422.73145,0.01,856.790405,3423.63574,0.01,846.043213,10.785169,2
m09026,2026-07-22T14:18:25.014977Z,79401,spawn,Promotable,100,complete_decoded_path;exact_identity_metadata;captured_spawn_observation,,later_scfu_same_generation,25,17657,6,1044525,Garbage Flea,SimpleChar:798917F0,1,1d7e1562ff7661ad,3448.80078,0.01,831.829712,3450.31641,0.873832,817.162231,14.74558,2
m09027,2026-07-22T14:18:25.465218Z,79403,spawn,Promotable,100,complete_decoded_path;exact_identity_metadata;captured_spawn_observation,,complete_capture_stable_identity,25,17657,6,1044525,Garbage Flea,SimpleChar:798917F7,1,595b26a0c94a43b9,3451.07568,0.01,859.297241,3451.56519,0.892165,852.259827,7.054418,2
m09028,2026-07-22T14:18:26.126099Z,79409,spawn,Promotable,100,complete_decoded_path;exact_identity_metadata;captured_spawn_observation,,later_scfu_same_generation,25,17657,5,1044525,Garbage Flea,SimpleChar:798917F8,1,4e69c9d61360ec5e,3423.97021,0.01,861.828369,3422.72876,0.01,875.664856,13.892069,2
m09030,2026-07-22T14:18:28.002289Z,79482,spawn,Promotable,100,complete_decoded_path;exact_identity_metadata;captured_spawn_observation,,complete_capture_stable_identity,0,26092,40,1044525,ICC Peacekeeper,SimpleChar:7962A3F9,7,c27990c106f3eaf0,3416.93823,3.064012,768.73822,3410.72266,3.393203,773.750916,7.985013,2
m09032,2026-07-22T14:18:29.970299Z,79576,spawn,Promotable,100,complete_decoded_path;exact_identity_metadata;captured_spawn_observation,,complete_capture_stable_identity,0,26092,40,1044525,ICC Peacekeeper,SimpleChar:7962A325,13,84df6037cbc5dd20,3477.79321,4.772024,782.321106,3468.15625,6.866878,781.229736,9.698561,2
m09041,2026-07-22T14:18:35.880307Z,79774,spawn,Promotable,100,complete_decoded_path;exact_identity_metadata;captured_spawn_observation,,complete_capture_stable_identity,103,290472,10,1044525,Mario Carles,SimpleChar:79891672,4,7cb3dd7513626266,3456.75952,4.255232,761.30603,3434.77051,3.01,760.297363,22.012132,2
m09059,2026-07-22T14:18:41.096236Z,80140,spawn,Promotable,100,complete_decoded_path;exact_identity_metadata;captured_spawn_observation,,later_scfu_same_generation,25,17657,5,1044525,Garbage Flea,SimpleChar:798917FB,1,837b1d9cc718aee1,3453.68652,0.01,878.428467,3453.19116,0.636056,886.086365,7.673903,2
m09070,2026-07-22T14:18:46.044375Z,80364,spawn,Promotable,100,complete_decoded_path;exact_identity_metadata;captured_spawn_observation,,later_scfu_same_generation,0,26092,40,1044525,ICC Peacekeeper,SimpleChar:797D337E,13,48c0701fb6d08ea8,3387.27832,15.092524,803.308044,3384.12451,15.781097,806.142456,4.240331,2
m09100,2026-07-22T14:19:00.757164Z,80934,spawn,Promotable,100,complete_decoded_path;exact_identity_metadata;captured_spawn_observation,,complete_capture_stable_identity,137,26125,10,1044525,Leonora Marty,SimpleChar:78E0FC74,15,55e471cb26a26951,3457.09863,9.145,878.802246,3457.13965,9.107692,869.205444,9.59689,2
m09114,2026-07-22T14:19:05.399326Z,81024,spawn,Promotable,100,complete_decoded_path;exact_identity_metadata;captured_spawn_observation,,later_scfu_same_generation,25,17657,2,1044525,Garbage Flea,SimpleChar:7989156D,8,5ea39d37b39df754,3503.00513,5.110001,894.610229,3502.31763,5.110001,903.305664,8.722571,2
m09115,2026-07-22T14:19:05.399326Z,81025,spawn,Promotable,100,complete_decoded_path;exact_identity_metadata;captured_spawn_observation,,later_scfu_same_generation,25,17657,2,1044525,Garbage Flea,SimpleChar:798915AA,8,b61855d3552f8c89,3519.88818,5.110001,889.839172,3523.15503,5.110001,888.183289,3.662548,2
m09122,2026-07-22T14:19:06.617367Z,81062,spawn,Promotable,100,complete_decoded_path;exact_identity_metadata;captured_spawn_observation,,complete_capture_stable_identity,103,26149,23,1044525,Janae Seaman,SimpleChar:78E0FD08,20,1b2d3d25792b792e,3440.06079,9.01,887.789795,3437.49146,9.01,885.606445,3.371717,2
m09123,2026-07-22T14:19:07.028568Z,81077,spawn,Promotable,100,complete_decoded_path;exact_identity_metadata;captured_spawn_observation,,complete_capture_stable_identity,25,17657,5,1044525,Garbage Flea,SimpleChar:798917FB,2,e3763d61ecf71f13,3453.58984,0.01,875.40033,3453.51245,0.636055,879.729492,4.329854,2
m09126,2026-07-22T14:19:08.007628Z,81112,spawn,Promotable,100,complete_decoded_path;exact_identity_metadata;captured_spawn_observation,,complete_capture_stable_identity,103,26149,23,1044525,Janae Seaman,SimpleChar:78E0FD08,20,10df85ab7e64c309,3438.5459,9.01,886.642639,3439.97119,9.01,883.716248,3.255029,2
m09130,2026-07-22T14:19:09.425413Z,81253,spawn,Promotable,100,complete_decoded_path;exact_identity_metadata;captured_spawn_observation,,complete_capture_stable_identity,103,26149,23,1044525,Janae Seaman,SimpleChar:78E0FD08,20,b61dbc79836ebaf6,3439.19165,9.01,884.803101,3461.4646,9.01,882.808167,22.362112,2
m09147,2026-07-22T14:19:15.206267Z,81398,spawn,Promotable,100,complete_decoded_path;exact_identity_metadata;captured_spawn_observation,,later_scfu_same_generation,0,26092,40,1044525,ICC Peacekeeper,SimpleChar:797D337E,15,61ea37083b7f7246,3385.20728,16.014999,801.172241,3389.78027,13.784142,801.334778,4.575878,2
m09200,2026-07-22T14:19:31.949084Z,82117,spawn,Promotable,100,complete_decoded_path;exact_identity_metadata;captured_spawn_observation,,complete_capture_stable_identity,0,26092,40,1044525,ICC Peacekeeper,SimpleChar:797D337E,16,18dcb8fd5bc1e6d0,3408.69067,9.01,802.588867,3414.69702,9.010464,807.255005,7.605859,2
m09201,2026-07-22T14:19:32.514944Z,82131,spawn,Promotable,100,complete_decoded_path;exact_identity_metadata;captured_spawn_observation,,complete_capture_stable_identity,25,17657,6,1044525,Garbage Flea,SimpleChar:798917F0,2,491ac9cdf8c546f2,3448.80591,0.01,831.644409,3450.31641,0.873832,817.162231,14.560738,2
m09219,2026-07-22T14:19:36.319556Z,82258,spawn,Promotable,100,complete_decoded_path;exact_identity_metadata;captured_spawn_observation,,complete_capture_stable_identity,0,26092,40,1044525,ICC Peacekeeper,SimpleChar:797D337E,16,da216f45c96b99bf,3413.6748,9.01,806.408264,3405.30273,9.01,806.513916,8.372737,2
m09272,2026-07-22T14:19:48.759969Z,82708,spawn,Promotable,100,complete_decoded_path;exact_identity_metadata;captured_spawn_observation,,complete_capture_stable_identity,25,17657,2,1044525,Garbage Flea,SimpleChar:7989156D,9,d0b7a926a7f91dea,3502.69287,5.110001,890.608398,3503.10352,5.110001,896.018494,5.425659,2
m09289,2026-07-22T14:19:53.841510Z,82919,spawn,Promotable,100,complete_decoded_path;exact_identity_metadata;captured_spawn_observation,,later_scfu_same_generation,25,17657,1,1044525,Garbage Flea,SimpleChar:798915AB,4,987467d502ba7fde,3506.39526,8.577735,924.910034,3513.91138,8.024651,931.679749,10.115389,2
m09310,2026-07-22T14:20:05.386234Z,83187,spawn,Promotable,100,complete_decoded_path;exact_identity_metadata;captured_spawn_observation,,later_scfu_same_generation,103,26090,6,1044525,Janee Forejt,SimpleChar:78E0FD07,14,ef60a7afca0fdd10,3416.82031,9.145,842.680359,3413.60498,9.01,848.813843,6.92517,2
m09336,2026-07-22T14:20:22.008419Z,83272,spawn,Promotable,100,complete_decoded_path;exact_identity_metadata;captured_spawn_observation,,later_scfu_same_generation,25,17657,1,1044525,Garbage Flea,SimpleChar:798915AB,5,49d4a6580cd84dbe,3515.06641,8.051165,931.018188,3507.80005,8.336768,924.962708,9.458796,2
m09411,2026-07-22T14:21:09.860474Z,83645,spawn,Promotable,100,complete_decoded_path;exact_identity_metadata;captured_spawn_observation,,later_scfu_same_generation,25,17657,1,1044525,Garbage Flea,SimpleChar:798915AB,6,49d4a6580cd84dbe,3515.18237,8.040164,930.950439,3507.80005,8.336768,924.962708,9.505344,2
m09425,2026-07-22T14:21:17.075374Z,83685,spawn,Promotable,100,complete_decoded_path;exact_identity_metadata;captured_spawn_observation,,complete_capture_stable_identity,103,26090,6,1044525,Janee Forejt,SimpleChar:78E0FD07,15,ef60a7afca0fdd10,3416.82349,9.145,842.633667,3413.60498,9.01,848.813843,6.968026,2
m09486,2026-07-22T14:21:58.136608Z,83873,spawn,Promotable,100,complete_decoded_path;exact_identity_metadata;captured_spawn_observation,,complete_capture_stable_identity,25,17657,1,1044525,Garbage Flea,SimpleChar:798915AB,7,49d4a6580cd84dbe,3515.05981,8.038168,930.974426,3507.80005,8.336768,924.962708,9.425756,2
