ObservationId,CaptureId,EquivalentObservationCount,CapturedUtc,Sequence,Behavior,NpcFamily,MonsterData,Level,CapturedPlayfieldId,RuntimePlayfieldId,Name,SourceIdentity,SourceGeneration,RouteSignature,StartX,StartY,StartZ,EndX,EndY,EndZ,DelayAfterSeconds,PathCount
20260722-104809:m07348,20260722-104809,1,2026-07-22T09:00:13.712873Z,28133,spawn,137,26125,10,1044525,6553,Leonora Marty,SimpleChar:78E0FC74,1,e5d891be987ef4b6,3450.05225,9.145,889.701904,3461.76147,9.01,888.967957,0,2
20260722-104809:m07495,20260722-104809,1,2026-07-22T09:01:36.450465Z,29265,spawn,137,26125,10,1044525,6553,Leonora Marty,SimpleChar:78E0FC74,2,e47f471b38533c64,3441.45703,9.01,858.462646,3448.84668,9.050667,862.536926,0,2
20260722-104809:m07561,20260722-104809,1,2026-07-22T09:02:15.350797Z,29731,spawn,137,26125,10,1044525,6553,Leonora Marty,SimpleChar:78E0FC74,3,02f1e53805738d3e,3442.44946,9.165,889.472656,3447.95923,9.053416,889.979736,2.901979,2
20260722-104809:m07567,20260722-104809,1,2026-07-22T09:02:18.252776Z,29764,spawn,137,26125,10,1044525,6553,Leonora Marty,SimpleChar:78E0FC74,3,d253fd1e01597ca9,3446.7417,9.145,889.862244,3451.55005,9.109654,889.622498,0,2
20260722-104809:m09100,20260722-104809,1,2026-07-22T09:04:45.706465Z,34943,spawn,137,26125,10,1044525,6553,Leonora Marty,SimpleChar:78E0FC74,4,97207de34910a10b,3462.76221,9.01,885.179199,3457.02905,9.109645,880.685242,0,2
20260722-104809:m09784,20260722-104809,1,2026-07-22T09:10:42.625244Z,46852,spawn,137,26125,10,1044525,6553,Leonora Marty,SimpleChar:78E0FC74,5,02f1e53805738d3e,3442.58374,9.165,889.477966,3447.95923,9.053416,889.979736,2.963338,2
20260722-104809:m09787,20260722-104809,1,2026-07-22T09:10:45.588582Z,46944,spawn,137,26125,10,1044525,6553,Leonora Marty,SimpleChar:78E0FC74,5,d253fd1e01597ca9,3446.66895,9.145,889.853638,3451.55005,9.109654,889.622498,0,2
20260722-104809:m10251,20260722-104809,1,2026-07-22T09:17:17.675287Z,56667,spawn,137,26125,10,1044525,6553,Leonora Marty,SimpleChar:78E0FC74,6,e97c08af8420f01f,3465.21851,9.01,889.079224,3469.4873,9.01,884.308228,3.591608,2
20260722-104809:m10262,20260722-104809,1,2026-07-22T09:17:21.266895Z,56774,spawn,137,26125,10,1044525,6553,Leonora Marty,SimpleChar:78E0FC74,6,ada6fe2dfef9c659,3468.7251,9.01,885.249634,3461.42432,9.009971,885.246643,0,2
20260722-104809:m10386,20260722-104809,1,2026-07-22T09:19:09.366198Z,58212,spawn,137,26125,10,1044525,6553,Leonora Marty,SimpleChar:78E0FC74,7,02f1e53805738d3e,3442.57715,9.165,889.478394,3447.95923,9.053416,889.979736,2.745231,2
20260722-104809:m10395,20260722-104809,1,2026-07-22T09:19:12.111429Z,58342,spawn,137,26125,10,1044525,6553,Leonora Marty,SimpleChar:78E0FC74,7,d253fd1e01597ca9,3446.62036,9.145,889.848816,3451.55005,9.109654,889.622498,0,2
20260722-104809:m10671,20260722-104809,1,2026-07-22T09:21:50.596293Z,63042,spawn,137,26125,10,1044525,6553,Leonora Marty,SimpleChar:78E0FC74,8,cfb94f28e08ddb13,3457.12256,9.145,870.56134,3457.23755,9.732795,860.66803,0,2
20260722-104809:m10745,20260722-104809,1,2026-07-22T09:22:43.536194Z,63497,spawn,137,26125,10,1044525,6553,Leonora Marty,SimpleChar:78E0FC74,9,e47f471b38533c64,3441.25073,9.01,858.403503,3448.84668,9.050667,862.536926,0,2
20260722-104809:m10810,20260722-104809,1,2026-07-22T09:23:22.757699Z,63843,spawn,137,26125,10,1044525,6553,Leonora Marty,SimpleChar:78E0FC74,10,02f1e53805738d3e,3442.56763,9.165,889.477295,3447.95923,9.053416,889.979736,2.499968,2
20260722-104809:m10816,20260722-104809,1,2026-07-22T09:23:25.257667Z,63862,spawn,137,26125,10,1044525,6553,Leonora Marty,SimpleChar:78E0FC74,10,146d23dd33de6eec,3446.80298,9.145,889.86676,3451.55005,9.109654,889.622498,0,2
20260722-104809:m10948,20260722-104809,1,2026-07-22T09:24:49.756686Z,64828,spawn,137,26125,10,1044525,6553,Leonora Marty,SimpleChar:78E0FC74,11,2e7998c30ffcef00,3441.17358,9.01,858.385315,3448.84668,9.050667,862.536926,0,2
20260722-104809:m11004,20260722-104809,1,2026-07-22T09:25:29.069961Z,65145,spawn,137,26125,10,1044525,6553,Leonora Marty,SimpleChar:78E0FC74,12,02f1e53805738d3e,3442.62061,9.165,889.479126,3447.95923,9.053416,889.979736,2.642212,2
20260722-104809:m11008,20260722-104809,1,2026-07-22T09:25:31.712173Z,65160,spawn,137,26125,10,1044525,6553,Leonora Marty,SimpleChar:78E0FC74,12,d253fd1e01597ca9,3446.55103,9.145,889.840881,3451.55005,9.109654,889.622498,0,2
20260722-104809:m11120,20260722-104809,1,2026-07-22T09:26:56.526912Z,65633,spawn,137,26125,10,1044525,6553,Leonora Marty,SimpleChar:78E0FC74,13,2e7998c30ffcef00,3441.18774,9.01,858.390991,3448.84668,9.050667,862.536926,0,2
20260722-104809:m11189,20260722-104809,1,2026-07-22T09:27:35.701623Z,65864,spawn,137,26125,10,1044525,6553,Leonora Marty,SimpleChar:78E0FC74,14,02f1e53805738d3e,3442.61255,9.165,889.479736,3447.95923,9.053416,889.979736,2.764514,2
20260722-104809:m11193,20260722-104809,1,2026-07-22T09:27:38.466137Z,65875,spawn,137,26125,10,1044525,6553,Leonora Marty,SimpleChar:78E0FC74,14,d253fd1e01597ca9,3446.63525,9.145,889.849609,3451.55005,9.109654,889.622498,0,2
20260722-104809:m11338,20260722-104809,1,2026-07-22T09:29:03.052202Z,66354,spawn,137,26125,10,1044525,6553,Leonora Marty,SimpleChar:78E0FC74,15,e47f471b38533c64,3441.25049,9.01,858.402954,3448.84668,9.050667,862.536926,0,2
20260722-104809:m11413,20260722-104809,1,2026-07-22T09:29:42.158612Z,66584,spawn,137,26125,10,1044525,6553,Leonora Marty,SimpleChar:78E0FC74,16,02f1e53805738d3e,3442.42798,9.165,889.473145,3447.95923,9.053416,889.979736,2.823042,2
20260722-104809:m11419,20260722-104809,1,2026-07-22T09:29:44.981654Z,66601,spawn,137,26125,10,1044525,6553,Leonora Marty,SimpleChar:78E0FC74,16,d253fd1e01597ca9,3446.64722,9.145,889.853882,3451.55005,9.109654,889.622498,0,2
20260722-104809:m11572,20260722-104809,1,2026-07-22T09:31:09.706027Z,67091,spawn,137,26125,10,1044525,6553,Leonora Marty,SimpleChar:78E0FC74,17,e47f471b38533c64,3441.25659,9.01,858.417664,3448.84668,9.050667,862.536926,0,2
20260722-104809:m11649,20260722-104809,1,2026-07-22T09:31:49.007470Z,67323,spawn,137,26125,10,1044525,6553,Leonora Marty,SimpleChar:78E0FC74,18,02f1e53805738d3e,3442.40625,9.165,889.474792,3447.95923,9.053416,889.979736,2.703133,2
20260722-104809:m11657,20260722-104809,1,2026-07-22T09:31:51.710603Z,67342,spawn,137,26125,10,1044525,6553,Leonora Marty,SimpleChar:78E0FC74,18,d253fd1e01597ca9,3446.7334,9.145,889.862976,3451.55005,9.109654,889.622498,0,2
20260722-104809:m11842,20260722-104809,1,2026-07-22T09:33:25.285058Z,67866,spawn,137,26125,10,1044525,6553,Leonora Marty,SimpleChar:78E0FC74,19,e47f471b38533c64,3441.44141,9.01,858.459351,3448.84668,9.050667,862.536926,0,2
20260722-104809:m11922,20260722-104809,1,2026-07-22T09:34:12.717804Z,68111,spawn,137,26125,10,1044525,6553,Leonora Marty,SimpleChar:78E0FC74,20,02f1e53805738d3e,3442.55347,9.165,889.479065,3447.95923,9.053416,889.979736,2.749518,2
20260722-104809:m11928,20260722-104809,1,2026-07-22T09:34:15.467322Z,68124,spawn,137,26125,10,1044525,6553,Leonora Marty,SimpleChar:78E0FC74,20,d253fd1e01597ca9,3446.59668,9.145,889.847168,3451.55005,9.109654,889.622498,0,2
20260722-104809:m12101,20260722-104809,1,2026-07-22T09:35:40.521535Z,68754,spawn,137,26125,10,1044525,6553,Leonora Marty,SimpleChar:78E0FC74,21,e47f471b38533c64,3441.36279,9.01,858.427124,3448.84668,9.050667,862.536926,0,2
20260722-104809:m12177,20260722-104809,1,2026-07-22T09:36:19.568919Z,69078,spawn,137,26125,10,1044525,6553,Leonora Marty,SimpleChar:78E0FC74,22,02f1e53805738d3e,3442.58301,9.165,889.481018,3447.95923,9.053416,889.979736,2.700975,2
20260722-104809:m12187,20260722-104809,1,2026-07-22T09:36:22.269894Z,69096,spawn,137,26125,10,1044525,6553,Leonora Marty,SimpleChar:78E0FC74,22,d253fd1e01597ca9,3446.60986,9.145,889.847961,3451.55005,9.109654,889.622498,0,2
20260722-104809:m12346,20260722-104809,1,2026-07-22T09:37:48.123380Z,69691,spawn,137,26125,10,1044525,6553,Leonora Marty,SimpleChar:78E0FC74,23,e47f471b38533c64,3441.26758,9.01,858.405029,3448.84668,9.050667,862.536926,0,2
20260722-104809:m12412,20260722-104809,1,2026-07-22T09:38:27.340889Z,69953,spawn,137,26125,10,1044525,6553,Leonora Marty,SimpleChar:78E0FC74,24,02f1e53805738d3e,3442.55493,9.165,889.479431,3447.95923,9.053416,889.979736,2.770777,2
20260722-104809:m12419,20260722-104809,1,2026-07-22T09:38:30.111666Z,69965,spawn,137,26125,10,1044525,6553,Leonora Marty,SimpleChar:78E0FC74,24,d253fd1e01597ca9,3446.51099,9.145,889.838745,3451.55005,9.109654,889.622498,0,2
20260722-104809:m12574,20260722-104809,1,2026-07-22T09:39:55.034240Z,70591,spawn,137,26125,10,1044525,6553,Leonora Marty,SimpleChar:78E0FC74,25,e47f471b38533c64,3441.36938,9.01,858.430908,3448.84668,9.050667,862.536926,0,2
20260722-104809:m12642,20260722-104809,1,2026-07-22T09:40:34.001252Z,70901,spawn,137,26125,10,1044525,6553,Leonora Marty,SimpleChar:78E0FC74,26,02f1e53805738d3e,3442.40552,9.165,889.476074,3447.95923,9.053416,889.979736,3.132192,2
20260722-104809:m12647,20260722-104809,1,2026-07-22T09:40:37.133444Z,70920,spawn,137,26125,10,1044525,6553,Leonora Marty,SimpleChar:78E0FC74,26,146d23dd33de6eec,3446.78369,9.145,889.868042,3451.55005,9.109654,889.622498,0,2
20260722-104809:m12796,20260722-104809,1,2026-07-22T09:42:01.846760Z,71694,spawn,137,26125,10,1044525,6553,Leonora Marty,SimpleChar:78E0FC74,27,e47f471b38533c64,3441.30103,9.01,858.429626,3448.84668,9.050667,862.536926,0,2
20260722-104809:m12867,20260722-104809,1,2026-07-22T09:42:40.899390Z,72040,spawn,137,26125,10,1044525,6553,Leonora Marty,SimpleChar:78E0FC74,28,02f1e53805738d3e,3442.57373,9.165,889.480896,3447.95923,9.053416,889.979736,2.93238,2
20260722-104809:m12873,20260722-104809,1,2026-07-22T09:42:43.831770Z,72064,spawn,137,26125,10,1044525,6553,Leonora Marty,SimpleChar:78E0FC74,28,d253fd1e01597ca9,3446.6543,9.145,889.852539,3451.55005,9.109654,889.622498,0,2
20260722-104809:m13411,20260722-104809,1,2026-07-22T09:46:54.614115Z,80497,spawn,137,26125,10,1044525,6553,Leonora Marty,SimpleChar:78E0FC74,29,02f1e53805738d3e,3442.5603,9.165,889.480042,3447.95923,9.053416,889.979736,2.85718,2
20260722-104809:m13417,20260722-104809,1,2026-07-22T09:46:57.471295Z,80553,spawn,137,26125,10,1044525,6553,Leonora Marty,SimpleChar:78E0FC74,29,146d23dd33de6eec,3446.76929,9.145,889.863892,3451.55005,9.109654,889.622498,0,2
20260722-104809:m13731,20260722-104809,1,2026-07-22T09:49:03.977603Z,86766,spawn,137,26125,10,1044525,6553,Leonora Marty,SimpleChar:78E0FC74,30,d253fd1e01597ca9,3446.5,9.145,889.83606,3451.55005,9.109654,889.622498,2.288913,2
20260722-104809:m13738,20260722-104809,1,2026-07-22T09:49:06.266516Z,86850,spawn,137,26125,10,1044525,6553,Leonora Marty,SimpleChar:78E0FC74,30,e5d891be987ef4b6,3450.18213,9.145,889.694153,3461.76147,9.01,888.967957,0,2
20260722-104809:m13866,20260722-104809,1,2026-07-22T09:50:28.671424Z,87388,spawn,137,26125,10,1044525,6553,Leonora Marty,SimpleChar:78E0FC74,31,e47f471b38533c64,3441.27637,9.01,858.4245,3448.84668,9.050667,862.536926,0,2
20260722-104809:m09091,20260722-104809,1,2026-07-22T09:04:42.500263Z,34829,spawn,103,26149,23,1044525,6553,Janae Seaman,SimpleChar:78E0FD08,4,e941be33dc652c4d,3470.63501,9.01,883.391663,3472.61182,9.01,885.654236,1.244272,2
20260722-104809:m09095,20260722-104809,1,2026-07-22T09:04:43.744535Z,34869,spawn,103,26149,23,1044525,6553,Janae Seaman,SimpleChar:78E0FD08,4,12e0d3873210dbab,3471.78735,9.01,884.462341,3473.25024,9.01,888.013428,1.441282,2
20260722-104809:m09098,20260722-104809,1,2026-07-22T09:04:45.185817Z,34926,spawn,103,26149,23,1044525,6553,Janae Seaman,SimpleChar:78E0FD08,4,818ca27973c7818e,3472.71191,9.01,886.615479,3470.88599,9.01,888.954834,1.351722,2
20260722-104809:m09104,20260722-104809,1,2026-07-22T09:04:46.537539Z,34980,spawn,103,26149,23,1044525,6553,Janae Seaman,SimpleChar:78E0FD08,4,66b688f7267af6b6,3471.79297,9.01,888.106323,3468.55835,9.01,888.870117,0,2
20260722-104809:m10258,20260722-104809,1,2026-07-22T09:17:19.074483Z,56719,spawn,103,26149,23,1044525,6553,Janae Seaman,SimpleChar:78E0FD08,9,c4f07e772f4fa2d8,3463.4043,9.01,889.433838,3438.57275,9.01,887.679321,0,2
20260722-104809:m13734,20260722-104809,1,2026-07-22T09:49:04.983504Z,86820,spawn,103,26149,23,1044525,6553,Janae Seaman,SimpleChar:78E0FD08,41,c4f07e772f4fa2d8,3463.29517,9.01,889.482361,3438.57275,9.01,887.679321,0,2
20260722-104809:m14247,20260722-104809,1,2026-07-22T09:53:01.290021Z,91979,spawn,103,26149,23,1044525,6553,Janae Seaman,SimpleChar:78E0FD08,44,5246139a6c656f6a,3467.17017,9.01,883.242798,3472.10791,9.01,883.451599,0,2
20260722-104809:m00019,20260722-104809,1,2026-07-22T08:48:10.451660Z,29,spawn,1019,297023,1,1044525,6553,Malfunctioning Cleaning Robot,SimpleChar:79543CB6,1,8fdb70a3a252296e,3596.979,51.744999,783.935852,3596.08423,52.244999,783.811035,0.243095,2
20260722-104809:m00022,20260722-104809,1,2026-07-22T08:48:10.694755Z,36,spawn,1019,297023,1,1044525,6553,Malfunctioning Cleaning Robot,SimpleChar:79543CB6,1,52aa3d9899596478,3596.979,51.744999,783.935852,3596.03223,52.244999,783.724976,0.20764,2
20260722-104809:m00025,20260722-104809,1,2026-07-22T08:48:10.902395Z,45,spawn,1019,297023,1,1044525,6553,Malfunctioning Cleaning Robot,SimpleChar:79543CB6,1,7740d1949c568006,3596.979,51.744999,783.935852,3596.10522,51.744999,783.924805,0.120055,2
20260722-104809:m00027,20260722-104809,1,2026-07-22T08:48:11.022450Z,63,spawn,1019,297023,1,1044525,6553,Malfunctioning Cleaning Robot,SimpleChar:79543CB6,1,8fdb70a3a252296e,3596.979,51.744999,783.935852,3596.05298,52.244999,784.090027,0.193574,2
20260722-104809:m00030,20260722-104809,1,2026-07-22T08:48:11.216024Z,74,spawn,1019,297023,1,1044525,6553,Malfunctioning Cleaning Robot,SimpleChar:79543CB6,1,8fdb70a3a252296e,3596.979,51.744999,783.935852,3596.01758,52.244999,784.132813,0.210586,2
20260722-104809:m00033,20260722-104809,1,2026-07-22T08:48:11.426610Z,99,spawn,1019,297023,1,1044525,6553,Malfunctioning Cleaning Robot,SimpleChar:79543CB6,1,8fdb70a3a252296e,3596.979,51.744999,783.935852,3596.09717,52.244999,783.990234,0.309116,2
20260722-104809:m00036,20260722-104809,1,2026-07-22T08:48:11.735726Z,111,spawn,1019,297023,1,1044525,6553,Malfunctioning Cleaning Robot,SimpleChar:79543CB6,1,8fdb70a3a252296e,3596.979,51.744999,783.935852,3596.0957,52.244999,783.996033,0.117537,2
20260722-104809:m00038,20260722-104809,1,2026-07-22T08:48:11.853263Z,119,spawn,1019,297023,1,1044525,6553,Malfunctioning Cleaning Robot,SimpleChar:79543CB6,1,7740d1949c568006,3596.979,51.744999,783.935852,3596.10522,51.744999,783.924805,0.206652,2
20260722-104809:m00041,20260722-104809,1,2026-07-22T08:48:12.059915Z,161,spawn,1019,297023,1,1044525,6553,Malfunctioning Cleaning Robot,SimpleChar:79543CB6,1,7740d1949c568006,3596.979,51.744999,783.935852,3596.10522,51.744999,783.924805,0.325136,2
20260722-104809:m00044,20260722-104809,1,2026-07-22T08:48:12.385051Z,182,spawn,1019,297023,1,1044525,6553,Malfunctioning Cleaning Robot,SimpleChar:79543CB6,1,8fdb70a3a252296e,3596.979,51.744999,783.935852,3596.07129,52.244999,783.782776,0,2
20260722-104809:m00046,20260722-104809,1,2026-07-22T08:48:12.385051Z,188,spawn,1019,297023,1,1044525,6553,Malfunctioning Cleaning Robot,SimpleChar:79543CB6,1,7740d1949c568006,3596.979,51.744999,783.935852,3596.10522,51.744999,783.924805,0.27911,2
20260722-104809:m00050,20260722-104809,1,2026-07-22T08:48:12.664161Z,200,spawn,1019,297023,1,1044525,6553,Malfunctioning Cleaning Robot,SimpleChar:79543CB6,1,7740d1949c568006,3596.979,51.744999,783.935852,3596.10522,51.744999,783.924805,0.261597,2
20260722-104809:m00052,20260722-104809,1,2026-07-22T08:48:12.925758Z,216,spawn,1019,297023,1,1044525,6553,Malfunctioning Cleaning Robot,SimpleChar:79543CB6,1,8fdb70a3a252296e,3596.979,51.744999,783.935852,3596.08008,52.244999,784.040955,0.102037,2
20260722-104809:m00054,20260722-104809,1,2026-07-22T08:48:13.027795Z,237,spawn,1019,297023,1,1044525,6553,Malfunctioning Cleaning Robot,SimpleChar:79543CB6,1,8fdb70a3a252296e,3596.979,51.744999,783.935852,3596.05615,52.244999,784.085327,0.199686,2
20260722-104809:m00057,20260722-104809,1,2026-07-22T08:48:13.227481Z,259,spawn,1019,297023,1,1044525,6553,Malfunctioning Cleaning Robot,SimpleChar:79543CB6,1,8fdb70a3a252296e,3596.979,51.744999,783.935852,3596.01001,52.244999,784.140259,0.36769,2
20260722-104809:m00060,20260722-104809,1,2026-07-22T08:48:13.595171Z,278,spawn,1019,297023,1,1044525,6553,Malfunctioning Cleaning Robot,SimpleChar:79543CB6,1,7740d1949c568006,3596.979,51.744999,783.935852,3596.10522,51.744999,783.924805,0.19011,2
20260722-104809:m00063,20260722-104809,1,2026-07-22T08:48:13.785281Z,291,spawn,1019,297023,1,1044525,6553,Malfunctioning Cleaning Robot,SimpleChar:79543CB6,1,8fdb70a3a252296e,3596.979,51.744999,783.935852,3596.08203,52.244999,783.805481,0.097672,2
20260722-104809:m00065,20260722-104809,1,2026-07-22T08:48:13.882953Z,315,spawn,1019,297023,1,1044525,6553,Malfunctioning Cleaning Robot,SimpleChar:79543CB6,1,8fdb70a3a252296e,3596.979,51.744999,783.935852,3596.10107,52.244999,783.969849,0.241585,2
20260722-104809:m00068,20260722-104809,1,2026-07-22T08:48:14.124538Z,325,spawn,1019,297023,1,1044525,6553,Malfunctioning Cleaning Robot,SimpleChar:79543CB6,1,7740d1949c568006,3596.979,51.744999,783.935852,3596.10522,51.744999,783.924805,0.255608,2
20260722-104809:m00070,20260722-104809,1,2026-07-22T08:48:14.380146Z,340,spawn,1019,297023,1,1044525,6553,Malfunctioning Cleaning Robot,SimpleChar:79543CB6,1,8fdb70a3a252296e,3596.979,51.744999,783.935852,3596.10229,52.244999,783.961975,0.281103,2
20260722-104809:m00072,20260722-104809,1,2026-07-22T08:48:14.661249Z,349,spawn,1019,297023,1,1044525,6553,Malfunctioning Cleaning Robot,SimpleChar:79543CB6,1,52aa3d9899596478,3596.979,51.744999,783.935852,3596.03418,52.244999,783.727295,0.165071,2
20260722-104809:m00074,20260722-104809,1,2026-07-22T08:48:14.826320Z,358,spawn,1019,297023,1,1044525,6553,Malfunctioning Cleaning Robot,SimpleChar:79543CB6,1,52aa3d9899596478,3596.979,51.744999,783.935852,3596.04492,52.244999,783.740723,0.162155,2
20260722-104809:m00076,20260722-104809,1,2026-07-22T08:48:14.988475Z,374,spawn,1019,297023,1,1044525,6553,Malfunctioning Cleaning Robot,SimpleChar:79543CB6,1,7740d1949c568006,3596.979,51.744999,783.935852,3596.10522,51.744999,783.924805,0.221573,2
20260722-104809:m00078,20260722-104809,1,2026-07-22T08:48:15.210048Z,379,spawn,1019,297023,1,1044525,6553,Malfunctioning Cleaning Robot,SimpleChar:79543CB6,1,7740d1949c568006,3596.979,51.744999,783.935852,3596.10522,51.744999,783.924805,0,2
20260722-104809:m03959,20260722-104809,1,2026-07-22T08:52:13.216277Z,11259,spawn,1019,297023,1,1044525,6553,Malfunctioning Cleaning Robot,SimpleChar:79543CB6,2,8fdb70a3a252296e,3596.979,51.744999,783.935852,3596.09155,52.244999,784.010071,0.363784,2
20260722-104809:m03962,20260722-104809,1,2026-07-22T08:52:13.580061Z,11289,spawn,1019,297023,1,1044525,6553,Malfunctioning Cleaning Robot,SimpleChar:79543CB6,2,7740d1949c568006,3596.979,51.744999,783.935852,3596.10522,51.744999,783.924805,0.120549,2
20260722-104809:m03965,20260722-104809,1,2026-07-22T08:52:13.700610Z,11331,spawn,1019,297023,1,1044525,6553,Malfunctioning Cleaning Robot,SimpleChar:79543CB6,2,7740d1949c568006,3596.979,51.744999,783.935852,3596.10522,51.744999,783.924805,0.238609,2
20260722-104809:m03971,20260722-104809,1,2026-07-22T08:52:13.939219Z,11361,spawn,1019,297023,1,1044525,6553,Malfunctioning Cleaning Robot,SimpleChar:79543CB6,2,7740d1949c568006,3596.979,51.744999,783.935852,3596.10522,51.744999,783.924805,0.234116,2
20260722-104809:m03974,20260722-104809,1,2026-07-22T08:52:14.173335Z,11371,spawn,1019,297023,1,1044525,6553,Malfunctioning Cleaning Robot,SimpleChar:79543CB6,2,8fdb70a3a252296e,3596.979,51.744999,783.935852,3596.08984,52.244999,784.015808,0.283111,2
20260722-104809:m03978,20260722-104809,1,2026-07-22T08:52:14.456446Z,11382,spawn,1019,297023,1,1044525,6553,Malfunctioning Cleaning Robot,SimpleChar:79543CB6,2,8fdb70a3a252296e,3596.979,51.744999,783.935852,3596.10498,52.244999,783.932922,0.158564,2
20260722-104809:m03980,20260722-104809,1,2026-07-22T08:52:14.615010Z,11391,spawn,1019,297023,1,1044525,6553,Malfunctioning Cleaning Robot,SimpleChar:79543CB6,2,52aa3d9899596478,3596.979,51.744999,783.935852,3596.02612,52.244999,783.718079,0.323117,2
20260722-104809:m03984,20260722-104809,1,2026-07-22T08:52:14.938127Z,11423,spawn,1019,297023,1,1044525,6553,Malfunctioning Cleaning Robot,SimpleChar:79543CB6,2,8fdb70a3a252296e,3596.979,51.744999,783.935852,3596.09131,52.244999,783.831116,0.000498,2
20260722-104809:m03986,20260722-104809,1,2026-07-22T08:52:14.938625Z,11437,spawn,1019,297023,1,1044525,6553,Malfunctioning Cleaning Robot,SimpleChar:79543CB6,2,8fdb70a3a252296e,3596.979,51.744999,783.935852,3596.10522,52.244999,783.926636,0.20008,2
20260722-104809:m03990,20260722-104809,1,2026-07-22T08:52:15.138705Z,11447,spawn,1019,297023,1,1044525,6553,Malfunctioning Cleaning Robot,SimpleChar:79543CB6,2,7740d1949c568006,3596.979,51.744999,783.935852,3596.10522,51.744999,783.924805,0.251104,2
20260722-104809:m03993,20260722-104809,1,2026-07-22T08:52:15.389809Z,11461,spawn,1019,297023,1,1044525,6553,Malfunctioning Cleaning Robot,SimpleChar:79543CB6,2,52aa3d9899596478,3596.979,51.744999,783.935852,3596.02539,52.244999,783.717224,0.200084,2
20260722-104809:m04000,20260722-104809,1,2026-07-22T08:52:15.589893Z,11468,spawn,1019,297023,1,1044525,6553,Malfunctioning Cleaning Robot,SimpleChar:79543CB6,2,7740d1949c568006,3596.979,51.744999,783.935852,3596.10522,51.744999,783.924805,0.271231,2
20260722-104809:m04004,20260722-104809,1,2026-07-22T08:52:15.861124Z,11489,spawn,1019,297023,1,1044525,6553,Malfunctioning Cleaning Robot,SimpleChar:79543CB6,2,52aa3d9899596478,3596.979,51.744999,783.935852,3596.03711,52.244999,783.730774,0.323137,2
20260722-104809:m04006,20260722-104809,1,2026-07-22T08:52:16.184261Z,11494,spawn,1019,297023,1,1044525,6553,Malfunctioning Cleaning Robot,SimpleChar:79543CB6,2,7740d1949c568006,3596.979,51.744999,783.935852,3596.10522,51.744999,783.924805,0.203085,2
20260722-104809:m04009,20260722-104809,1,2026-07-22T08:52:16.387346Z,11498,spawn,1019,297023,1,1044525,6553,Malfunctioning Cleaning Robot,SimpleChar:79543CB6,2,8fdb70a3a252296e,3596.979,51.744999,783.935852,3596.02173,52.244999,784.128662,0.204091,2
20260722-104809:m04012,20260722-104809,1,2026-07-22T08:52:16.591437Z,11501,spawn,1019,297023,1,1044525,6553,Malfunctioning Cleaning Robot,SimpleChar:79543CB6,2,7740d1949c568006,3596.979,51.744999,783.935852,3596.10522,51.744999,783.924805,0.240131,2
20260722-104809:m04015,20260722-104809,1,2026-07-22T08:52:16.831568Z,11517,spawn,1019,297023,1,1044525,6553,Malfunctioning Cleaning Robot,SimpleChar:79543CB6,2,7740d1949c568006,3596.979,51.744999,783.935852,3596.10522,51.744999,783.924805,0.193564,2
20260722-104809:m04018,20260722-104809,1,2026-07-22T08:52:17.025132Z,11524,spawn,1019,297023,1,1044525,6553,Malfunctioning Cleaning Robot,SimpleChar:79543CB6,2,8fdb70a3a252296e,3596.979,51.744999,783.935852,3596.10254,52.244999,783.961182,0.210078,2
20260722-104809:m04023,20260722-104809,1,2026-07-22T08:52:17.235210Z,11530,spawn,1019,297023,1,1044525,6553,Malfunctioning Cleaning Robot,SimpleChar:79543CB6,2,52aa3d9899596478,3596.979,51.744999,783.935852,3596.03784,52.244999,783.731689,0.130047,2
20260722-104809:m04029,20260722-104809,1,2026-07-22T08:52:17.365257Z,11537,spawn,1019,297023,1,1044525,6553,Malfunctioning Cleaning Robot,SimpleChar:79543CB6,2,7740d1949c568006,3596.979,51.744999,783.935852,3596.10522,51.744999,783.924805,0.200067,2
20260722-104809:m04032,20260722-104809,1,2026-07-22T08:52:17.565324Z,11541,spawn,1019,297023,1,1044525,6553,Malfunctioning Cleaning Robot,SimpleChar:79543CB6,2,52aa3d9899596478,3596.979,51.744999,783.935852,3596.01563,52.244999,783.707153,0.204088,2
20260722-104809:m04035,20260722-104809,1,2026-07-22T08:52:17.769412Z,11554,spawn,1019,297023,1,1044525,6553,Malfunctioning Cleaning Robot,SimpleChar:79543CB6,2,7740d1949c568006,3596.979,51.744999,783.935852,3596.10522,51.744999,783.924805,0,2
20260722-104809:m07599,20260722-104809,2,2026-07-22T09:02:30.565546Z,30231,spawn,1019,297023,1,1044525,6553,Malfunctioning Cleaning Robot,SimpleChar:79543CB6,3,7740d1949c568006,3596.979,51.744999,783.935852,3596.10522,51.744999,783.924805,0.24315,2
20260722-104809:m07603,20260722-104809,1,2026-07-22T09:02:30.808696Z,30244,spawn,1019,297023,1,1044525,6553,Malfunctioning Cleaning Robot,SimpleChar:79543CB6,3,8fdb70a3a252296e,3596.979,51.744999,783.935852,3596.0249,52.244999,784.125366,0.189611,2
20260722-104809:m07605,20260722-104809,1,2026-07-22T09:02:30.998307Z,30246,spawn,1019,297023,1,1044525,6553,Malfunctioning Cleaning Robot,SimpleChar:79543CB6,3,8fdb70a3a252296e,3596.979,51.744999,783.935852,3596.06763,52.244999,784.066406,0.315672,2
20260722-104809:m07608,20260722-104809,1,2026-07-22T09:02:31.313979Z,30258,spawn,1019,297023,1,1044525,6553,Malfunctioning Cleaning Robot,SimpleChar:79543CB6,3,7740d1949c568006,3596.979,51.744999,783.935852,3596.10522,51.744999,783.924805,0.16311,2
20260722-104809:m07612,20260722-104809,1,2026-07-22T09:02:31.477089Z,30273,spawn,1019,297023,1,1044525,6553,Malfunctioning Cleaning Robot,SimpleChar:79543CB6,3,8fdb70a3a252296e,3596.979,51.744999,783.935852,3596.09497,52.244999,783.998535,0.221631,2
20260722-104809:m07614,20260722-104809,1,2026-07-22T09:02:31.698720Z,30282,spawn,1019,297023,1,1044525,6553,Malfunctioning Cleaning Robot,SimpleChar:79543CB6,3,7740d1949c568006,3596.979,51.744999,783.935852,3596.10522,51.744999,783.924805,0.42178,2
20260722-104809:m07616,20260722-104809,1,2026-07-22T09:02:32.120500Z,30286,spawn,1019,297023,1,1044525,6553,Malfunctioning Cleaning Robot,SimpleChar:79543CB6,3,7740d1949c568006,3596.979,51.744999,783.935852,3596.10522,51.744999,783.924805,0,2
20260722-104809:m07618,20260722-104809,1,2026-07-22T09:02:32.120500Z,30288,spawn,1019,297023,1,1044525,6553,Malfunctioning Cleaning Robot,SimpleChar:79543CB6,3,8fdb70a3a252296e,3596.979,51.744999,783.935852,3596.09326,52.244999,784.004639,0.404212,2
20260722-104809:m07620,20260722-104809,1,2026-07-22T09:02:32.524712Z,30301,spawn,1019,297023,1,1044525,6553,Malfunctioning Cleaning Robot,SimpleChar:79543CB6,3,7740d1949c568006,3596.979,51.744999,783.935852,3596.10522,51.744999,783.924805,0.269631,2
20260722-104809:m07622,20260722-104809,1,2026-07-22T09:02:32.794343Z,30304,spawn,1019,297023,1,1044525,6553,Malfunctioning Cleaning Robot,SimpleChar:79543CB6,3,7740d1949c568006,3596.979,51.744999,783.935852,3596.10522,51.744999,783.924805,0.000499,2
20260722-104809:m07624,20260722-104809,1,2026-07-22T09:02:32.794842Z,30329,spawn,1019,297023,1,1044525,6553,Malfunctioning Cleaning Robot,SimpleChar:79543CB6,3,8fdb70a3a252296e,3596.979,51.744999,783.935852,3596.10229,52.244999,783.878784,0.388688,2
20260722-104809:m07627,20260722-104809,1,2026-07-22T09:02:33.183530Z,30332,spawn,1019,297023,1,1044525,6553,Malfunctioning Cleaning Robot,SimpleChar:79543CB6,3,8fdb70a3a252296e,3596.979,51.744999,783.935852,3596.02295,52.244999,784.127319,0.170072,2
20260722-104809:m07631,20260722-104809,1,2026-07-22T09:02:33.353602Z,30336,spawn,1019,297023,1,1044525,6553,Malfunctioning Cleaning Robot,SimpleChar:79543CB6,3,8fdb70a3a252296e,3596.979,51.744999,783.935852,3596.07349,52.244999,783.786987,0.261116,2
20260722-104809:m07634,20260722-104809,1,2026-07-22T09:02:33.614718Z,30343,spawn,1019,297023,1,1044525,6553,Malfunctioning Cleaning Robot,SimpleChar:79543CB6,3,7740d1949c568006,3596.979,51.744999,783.935852,3596.10522,51.744999,783.924805,0.282123,2
20260722-104809:m07638,20260722-104809,1,2026-07-22T09:02:33.896841Z,30347,spawn,1019,297023,1,1044525,6553,Malfunctioning Cleaning Robot,SimpleChar:79543CB6,3,8fdb70a3a252296e,3596.979,51.744999,783.935852,3596.07178,52.244999,784.058655,0.000502,2
20260722-104809:m07640,20260722-104809,1,2026-07-22T09:02:33.897343Z,30349,spawn,1019,297023,1,1044525,6553,Malfunctioning Cleaning Robot,SimpleChar:79543CB6,3,8fdb70a3a252296e,3596.979,51.744999,783.935852,3596.09546,52.244999,783.996887,0.390687,2
20260722-104809:m07643,20260722-104809,1,2026-07-22T09:02:34.288030Z,30353,spawn,1019,297023,1,1044525,6553,Malfunctioning Cleaning Robot,SimpleChar:79543CB6,3,7740d1949c568006,3596.979,51.744999,783.935852,3596.10522,51.744999,783.924805,0.289658,2
20260722-104809:m07646,20260722-104809,1,2026-07-22T09:02:34.577688Z,30364,spawn,1019,297023,1,1044525,6553,Malfunctioning Cleaning Robot,SimpleChar:79543CB6,3,7740d1949c568006,3596.979,51.744999,783.935852,3596.10522,51.744999,783.924805,0.0005,2
20260722-104809:m07648,20260722-104809,1,2026-07-22T09:02:34.578188Z,30371,spawn,1019,297023,1,1044525,6553,Malfunctioning Cleaning Robot,SimpleChar:79543CB6,3,52aa3d9899596478,3596.979,51.744999,783.935852,3596.03442,52.244999,783.7276,0.344661,2
20260722-104809:m07651,20260722-104809,1,2026-07-22T09:02:34.922849Z,30377,spawn,1019,297023,1,1044525,6553,Malfunctioning Cleaning Robot,SimpleChar:79543CB6,3,52aa3d9899596478,3596.979,51.744999,783.935852,3596.03931,52.244999,783.733582,0,2
20260722-104809:m14279,20260722-104809,1,2026-07-22T09:53:16.484810Z,92457,spawn,1019,297023,1,1044525,6553,Malfunctioning Cleaning Robot,SimpleChar:79543CB6,4,8fdb70a3a252296e,3596.979,51.744999,783.935852,3596.08521,52.244999,783.813232,0,2
20260722-104809:m14282,20260722-104809,1,2026-07-22T09:53:16.484810Z,92460,spawn,1019,297023,1,1044525,6553,Malfunctioning Cleaning Robot,SimpleChar:79543CB6,4,52aa3d9899596478,3596.979,51.744999,783.935852,3596.03198,52.244999,783.724792,0.190068,2
20260722-104809:m14284,20260722-104809,1,2026-07-22T09:53:16.674878Z,92466,spawn,1019,297023,1,1044525,6553,Malfunctioning Cleaning Robot,SimpleChar:79543CB6,4,7740d1949c568006,3596.979,51.744999,783.935852,3596.10522,51.744999,783.924805,0.251596,2
20260722-104809:m14286,20260722-104809,1,2026-07-22T09:53:16.926474Z,92475,spawn,1019,297023,1,1044525,6553,Malfunctioning Cleaning Robot,SimpleChar:79543CB6,4,7740d1949c568006,3596.979,51.744999,783.935852,3596.10522,51.744999,783.924805,0.312163,2
20260722-104809:m14289,20260722-104809,1,2026-07-22T09:53:17.238637Z,92492,spawn,1019,297023,1,1044525,6553,Malfunctioning Cleaning Robot,SimpleChar:79543CB6,4,8fdb70a3a252296e,3596.979,51.744999,783.935852,3596.03735,52.244999,784.111084,0.159557,2
20260722-104809:m14291,20260722-104809,1,2026-07-22T09:53:17.398194Z,92511,spawn,1019,297023,1,1044525,6553,Malfunctioning Cleaning Robot,SimpleChar:79543CB6,4,7740d1949c568006,3596.979,51.744999,783.935852,3596.10522,51.744999,783.924805,0.401161,2
20260722-104809:m14293,20260722-104809,1,2026-07-22T09:53:17.799355Z,92531,spawn,1019,297023,1,1044525,6553,Malfunctioning Cleaning Robot,SimpleChar:79543CB6,4,8fdb70a3a252296e,3596.979,51.744999,783.935852,3596.10522,52.244999,783.914917,0,2
20260722-104809:m14295,20260722-104809,1,2026-07-22T09:53:17.799355Z,92533,spawn,1019,297023,1,1044525,6553,Malfunctioning Cleaning Robot,SimpleChar:79543CB6,4,7740d1949c568006,3596.979,51.744999,783.935852,3596.10522,51.744999,783.924805,0.248094,2
20260722-104809:m14297,20260722-104809,1,2026-07-22T09:53:18.047449Z,92548,spawn,1019,297023,1,1044525,6553,Malfunctioning Cleaning Robot,SimpleChar:79543CB6,4,52aa3d9899596478,3596.979,51.744999,783.935852,3596.04785,52.244999,783.744568,0.189568,2
20260722-104809:m14299,20260722-104809,1,2026-07-22T09:53:18.237017Z,92567,spawn,1019,297023,1,1044525,6553,Malfunctioning Cleaning Robot,SimpleChar:79543CB6,4,8fdb70a3a252296e,3596.979,51.744999,783.935852,3596.06323,52.244999,784.074158,0.202071,2
20260722-104809:m14301,20260722-104809,1,2026-07-22T09:53:18.439088Z,92575,spawn,1019,297023,1,1044525,6553,Malfunctioning Cleaning Robot,SimpleChar:79543CB6,4,7740d1949c568006,3596.979,51.744999,783.935852,3596.10522,51.744999,783.924805,0.253089,2
20260722-104809:m14303,20260722-104809,1,2026-07-22T09:53:18.692177Z,92583,spawn,1019,297023,1,1044525,6553,Malfunctioning Cleaning Robot,SimpleChar:79543CB6,4,8fdb70a3a252296e,3596.979,51.744999,783.935852,3596.09082,52.244999,784.01239,0.186188,2
20260722-104809:m14306,20260722-104809,1,2026-07-22T09:53:18.878365Z,92592,spawn,1019,297023,1,1044525,6553,Malfunctioning Cleaning Robot,SimpleChar:79543CB6,4,7740d1949c568006,3596.979,51.744999,783.935852,3596.10522,51.744999,783.924805,0.441171,2
20260722-104809:m14309,20260722-104809,1,2026-07-22T09:53:19.319536Z,92602,spawn,1019,297023,1,1044525,6553,Malfunctioning Cleaning Robot,SimpleChar:79543CB6,4,7740d1949c568006,3596.979,51.744999,783.935852,3596.10522,51.744999,783.924805,0,2
20260722-104809:m14311,20260722-104809,1,2026-07-22T09:53:19.319536Z,92609,spawn,1019,297023,1,1044525,6553,Malfunctioning Cleaning Robot,SimpleChar:79543CB6,4,8fdb70a3a252296e,3596.979,51.744999,783.935852,3596.10498,52.244999,783.909729,0.251596,2
20260722-104809:m14313,20260722-104809,1,2026-07-22T09:53:19.571132Z,92618,spawn,1019,297023,1,1044525,6553,Malfunctioning Cleaning Robot,SimpleChar:79543CB6,4,8fdb70a3a252296e,3596.979,51.744999,783.935852,3596.10107,52.244999,783.970642,0.274271,2
20260722-104809:m14315,20260722-104809,1,2026-07-22T09:53:19.845403Z,92631,spawn,1019,297023,1,1044525,6553,Malfunctioning Cleaning Robot,SimpleChar:79543CB6,4,8fdb70a3a252296e,3596.979,51.744999,783.935852,3596.06958,52.244999,784.062622,0.169481,2
20260722-104809:m14317,20260722-104809,1,2026-07-22T09:53:20.014884Z,92639,spawn,1019,297023,1,1044525,6553,Malfunctioning Cleaning Robot,SimpleChar:79543CB6,4,7740d1949c568006,3596.979,51.744999,783.935852,3596.10522,51.744999,783.924805,0.189566,2
20260722-104809:m14319,20260722-104809,1,2026-07-22T09:53:20.204450Z,92642,spawn,1019,297023,1,1044525,6553,Malfunctioning Cleaning Robot,SimpleChar:79543CB6,4,8fdb70a3a252296e,3596.979,51.744999,783.935852,3596.0564,52.244999,783.75708,0.240592,2
20260722-104809:m14321,20260722-104809,1,2026-07-22T09:53:20.445042Z,92645,spawn,1019,297023,1,1044525,6553,Malfunctioning Cleaning Robot,SimpleChar:79543CB6,4,52aa3d9899596478,3596.979,51.744999,783.935852,3596.01587,52.244999,783.707397,0.200079,2
20260722-104809:m14323,20260722-104809,1,2026-07-22T09:53:20.645121Z,92651,spawn,1019,297023,1,1044525,6553,Malfunctioning Cleaning Robot,SimpleChar:79543CB6,4,7740d1949c568006,3596.979,51.744999,783.935852,3596.10522,51.744999,783.924805,0.441288,2
20260722-104809:m14326,20260722-104809,1,2026-07-22T09:53:21.086409Z,92655,spawn,1019,297023,1,1044525,6553,Malfunctioning Cleaning Robot,SimpleChar:79543CB6,4,7740d1949c568006,3596.979,51.744999,783.935852,3596.10522,51.744999,783.924805,0,2
20260722-104809:m07594,20260722-104809,1,2026-07-22T09:02:28.104633Z,30100,spawn,0,26092,40,1044525,6553,ICC Peacekeeper,SimpleChar:7962A325,1,3115765f25706d4e,3469.47803,4.066702,781.380676,3464.78687,5.832963,782.269958,0,2
20260722-104809:m09085,20260722-104809,1,2026-07-22T09:04:39.652318Z,34746,spawn,0,26092,40,1044525,6553,ICC Peacekeeper,SimpleChar:7962A325,2,37100772765422ed,3477.66675,9.145,786.014343,3483.79688,6.541007,787.024353,0,2
20260722-104809:m14276,20260722-104809,1,2026-07-22T09:53:14.725492Z,92333,spawn,0,26092,40,1044525,6553,ICC Peacekeeper,SimpleChar:7962A325,4,fa532066bc0ed353,3454.84351,3.490006,782.105103,3453.58154,4.776038,785.772034,0,2
20260722-104809:m00018,20260722-104809,1,2026-07-22T08:48:10.451660Z,28,spawn,1019,297023,1,1044525,6553,Malfunctioning Cleaning Robot,SimpleChar:797D36A5,1,2eb3373b9dba6082,3596.81177,51.744999,788.208923,3596.07007,52.244999,788.626404,0.243095,2
20260722-104809:m00021,20260722-104809,1,2026-07-22T08:48:10.694755Z,35,spawn,1019,297023,1,1044525,6553,Malfunctioning Cleaning Robot,SimpleChar:797D36A5,1,2cb044179e1c0e0f,3596.81177,51.744999,788.208923,3596.05518,51.744999,788.482483,0.20764,2
20260722-104809:m00024,20260722-104809,1,2026-07-22T08:48:10.902395Z,44,spawn,1019,297023,1,1044525,6553,Malfunctioning Cleaning Robot,SimpleChar:797D36A5,1,2cb044179e1c0e0f,3596.81177,51.744999,788.208923,3596.05518,51.744999,788.482483,0.120055,2
20260722-104809:m00026,20260722-104809,1,2026-07-22T08:48:11.022450Z,62,spawn,1019,297023,1,1044525,6553,Malfunctioning Cleaning Robot,SimpleChar:797D36A5,1,2cb044179e1c0e0f,3596.81177,51.744999,788.208923,3596.05518,51.744999,788.482483,0.193574,2
20260722-104809:m00029,20260722-104809,1,2026-07-22T08:48:11.216024Z,73,spawn,1019,297023,1,1044525,6553,Malfunctioning Cleaning Robot,SimpleChar:797D36A5,1,2cb044179e1c0e0f,3596.81177,51.744999,788.208923,3596.05518,51.744999,788.482483,0.210586,2
20260722-104809:m00032,20260722-104809,1,2026-07-22T08:48:11.426610Z,98,spawn,1019,297023,1,1044525,6553,Malfunctioning Cleaning Robot,SimpleChar:797D36A5,1,2cb044179e1c0e0f,3596.81177,51.744999,788.208923,3596.05518,51.744999,788.482483,0.309116,2
20260722-104809:m00035,20260722-104809,1,2026-07-22T08:48:11.735726Z,110,spawn,1019,297023,1,1044525,6553,Malfunctioning Cleaning Robot,SimpleChar:797D36A5,1,2eb3373b9dba6082,3596.81177,51.744999,788.208923,3596.06836,52.244999,788.532227,0.117537,2
20260722-104809:m00037,20260722-104809,1,2026-07-22T08:48:11.853263Z,118,spawn,1019,297023,1,1044525,6553,Malfunctioning Cleaning Robot,SimpleChar:797D36A5,1,2eb3373b9dba6082,3596.81177,51.744999,788.208923,3596.052,52.244999,788.694641,0.206652,2
20260722-104809:m00040,20260722-104809,1,2026-07-22T08:48:12.059915Z,160,spawn,1019,297023,1,1044525,6553,Malfunctioning Cleaning Robot,SimpleChar:797D36A5,1,2cb044179e1c0e0f,3596.81177,51.744999,788.208923,3596.05518,51.744999,788.482483,0.325136,2
20260722-104809:m00043,20260722-104809,1,2026-07-22T08:48:12.385051Z,181,spawn,1019,297023,1,1044525,6553,Malfunctioning Cleaning Robot,SimpleChar:797D36A5,1,2eb3373b9dba6082,3596.81177,51.744999,788.208923,3596.073,52.244999,788.590942,0,2
20260722-104809:m00045,20260722-104809,1,2026-07-22T08:48:12.385051Z,187,spawn,1019,297023,1,1044525,6553,Malfunctioning Cleaning Robot,SimpleChar:797D36A5,1,2eb3373b9dba6082,3596.81177,51.744999,788.208923,3596.07202,52.244999,788.559875,0.27911,2
20260722-104809:m00049,20260722-104809,1,2026-07-22T08:48:12.664161Z,199,spawn,1019,297023,1,1044525,6553,Malfunctioning Cleaning Robot,SimpleChar:797D36A5,1,2cb044179e1c0e0f,3596.81177,51.744999,788.208923,3596.05518,51.744999,788.482483,0.143546,2
20260722-104809:m00051,20260722-104809,1,2026-07-22T08:48:12.807707Z,215,spawn,1019,297023,1,1044525,6553,Malfunctioning Cleaning Robot,SimpleChar:797D36A5,1,2cb044179e1c0e0f,3596.81177,51.744999,788.208923,3596.05518,51.744999,788.482483,0.220088,2
20260722-104809:m00053,20260722-104809,1,2026-07-22T08:48:13.027795Z,236,spawn,1019,297023,1,1044525,6553,Malfunctioning Cleaning Robot,SimpleChar:797D36A5,1,2cb044179e1c0e0f,3596.81177,51.744999,788.208923,3596.05518,51.744999,788.482483,0.199686,2
20260722-104809:m00056,20260722-104809,1,2026-07-22T08:48:13.227481Z,258,spawn,1019,297023,1,1044525,6553,Malfunctioning Cleaning Robot,SimpleChar:797D36A5,1,2cb044179e1c0e0f,3596.81177,51.744999,788.208923,3596.05518,51.744999,788.482483,0.36769,2
20260722-104809:m00059,20260722-104809,1,2026-07-22T08:48:13.595171Z,277,spawn,1019,297023,1,1044525,6553,Malfunctioning Cleaning Robot,SimpleChar:797D36A5,1,2cb044179e1c0e0f,3596.81177,51.744999,788.208923,3596.05518,51.744999,788.482483,0.19011,2
20260722-104809:m00062,20260722-104809,1,2026-07-22T08:48:13.785281Z,290,spawn,1019,297023,1,1044525,6553,Malfunctioning Cleaning Robot,SimpleChar:797D36A5,1,2cb044179e1c0e0f,3596.81177,51.744999,788.208923,3596.05518,51.744999,788.482483,0.097672,2
20260722-104809:m00064,20260722-104809,1,2026-07-22T08:48:13.882953Z,314,spawn,1019,297023,1,1044525,6553,Malfunctioning Cleaning Robot,SimpleChar:797D36A5,1,2cb044179e1c0e0f,3596.81177,51.744999,788.208923,3596.05518,51.744999,788.482483,0.241585,2
20260722-104809:m00067,20260722-104809,1,2026-07-22T08:48:14.124538Z,324,spawn,1019,297023,1,1044525,6553,Malfunctioning Cleaning Robot,SimpleChar:797D36A5,1,2eb3373b9dba6082,3596.81177,51.744999,788.208923,3596.07153,52.244999,788.554321,0.255608,2
20260722-104809:m00069,20260722-104809,1,2026-07-22T08:48:14.380146Z,339,spawn,1019,297023,1,1044525,6553,Malfunctioning Cleaning Robot,SimpleChar:797D36A5,1,2cb044179e1c0e0f,3596.81177,51.744999,788.208923,3596.05518,51.744999,788.482483,0.281103,2
20260722-104809:m00071,20260722-104809,1,2026-07-22T08:48:14.661249Z,348,spawn,1019,297023,1,1044525,6553,Malfunctioning Cleaning Robot,SimpleChar:797D36A5,1,2cb044179e1c0e0f,3596.81177,51.744999,788.208923,3596.05518,51.744999,788.482483,0.165071,2
20260722-104809:m00073,20260722-104809,1,2026-07-22T08:48:14.826320Z,357,spawn,1019,297023,1,1044525,6553,Malfunctioning Cleaning Robot,SimpleChar:797D36A5,1,2cb044179e1c0e0f,3596.81177,51.744999,788.208923,3596.05518,51.744999,788.482483,0.162155,2
20260722-104809:m00075,20260722-104809,1,2026-07-22T08:48:14.988475Z,373,spawn,1019,297023,1,1044525,6553,Malfunctioning Cleaning Robot,SimpleChar:797D36A5,1,2cb044179e1c0e0f,3596.81177,51.744999,788.208923,3596.05518,51.744999,788.482483,0.221573,2
20260722-104809:m00077,20260722-104809,1,2026-07-22T08:48:15.210048Z,378,spawn,1019,297023,1,1044525,6553,Malfunctioning Cleaning Robot,SimpleChar:797D36A5,1,2cb044179e1c0e0f,3596.81177,51.744999,788.208923,3596.05518,51.744999,788.482483,0,2
20260722-104809:m03958,20260722-104809,1,2026-07-22T08:52:13.216277Z,11258,spawn,1019,297023,1,1044525,6553,Malfunctioning Cleaning Robot,SimpleChar:797D36A5,2,2eb3373b9dba6082,3596.81177,51.744999,788.208923,3596.00928,52.244999,788.399597,0.363784,2
20260722-104809:m03960,20260722-104809,1,2026-07-22T08:52:13.580061Z,11287,spawn,1019,297023,1,1044525,6553,Malfunctioning Cleaning Robot,SimpleChar:797D36A5,2,2eb3373b9dba6082,3596.81177,51.744999,788.208923,3596.05371,52.244999,788.478577,0.120549,2
20260722-104809:m03963,20260722-104809,1,2026-07-22T08:52:13.700610Z,11329,spawn,1019,297023,1,1044525,6553,Malfunctioning Cleaning Robot,SimpleChar:797D36A5,2,2cb044179e1c0e0f,3596.81177,51.744999,788.208923,3596.05518,51.744999,788.482483,0.238609,2
20260722-104809:m03969,20260722-104809,1,2026-07-22T08:52:13.939219Z,11359,spawn,1019,297023,1,1044525,6553,Malfunctioning Cleaning Robot,SimpleChar:797D36A5,2,2cb044179e1c0e0f,3596.81177,51.744999,788.208923,3596.05518,51.744999,788.482483,0.234116,2
20260722-104809:m03972,20260722-104809,1,2026-07-22T08:52:14.173335Z,11369,spawn,1019,297023,1,1044525,6553,Malfunctioning Cleaning Robot,SimpleChar:797D36A5,2,2cb044179e1c0e0f,3596.81177,51.744999,788.208923,3596.05518,51.744999,788.482483,0.283111,2
20260722-104809:m03976,20260722-104809,1,2026-07-22T08:52:14.456446Z,11380,spawn,1019,297023,1,1044525,6553,Malfunctioning Cleaning Robot,SimpleChar:797D36A5,2,2cb044179e1c0e0f,3596.81177,51.744999,788.208923,3596.05518,51.744999,788.482483,0.158564,2
20260722-104809:m03979,20260722-104809,1,2026-07-22T08:52:14.615010Z,11390,spawn,1019,297023,1,1044525,6553,Malfunctioning Cleaning Robot,SimpleChar:797D36A5,2,2cb044179e1c0e0f,3596.81177,51.744999,788.208923,3596.05518,51.744999,788.482483,0.323117,2
20260722-104809:m03982,20260722-104809,1,2026-07-22T08:52:14.938127Z,11421,spawn,1019,297023,1,1044525,6553,Malfunctioning Cleaning Robot,SimpleChar:797D36A5,2,2eb3373b9dba6082,3596.81177,51.744999,788.208923,3596.06787,52.244999,788.529175,0.000498,2
20260722-104809:m03985,20260722-104809,1,2026-07-22T08:52:14.938625Z,11435,spawn,1019,297023,1,1044525,6553,Malfunctioning Cleaning Robot,SimpleChar:797D36A5,2,2cb044179e1c0e0f,3596.81177,51.744999,788.208923,3596.05518,51.744999,788.482483,0.20008,2
20260722-104809:m03988,20260722-104809,1,2026-07-22T08:52:15.138705Z,11445,spawn,1019,297023,1,1044525,6553,Malfunctioning Cleaning Robot,SimpleChar:797D36A5,2,2cb044179e1c0e0f,3596.81177,51.744999,788.208923,3596.05518,51.744999,788.482483,0.250604,2
20260722-104809:m03991,20260722-104809,1,2026-07-22T08:52:15.389309Z,11459,spawn,1019,297023,1,1044525,6553,Malfunctioning Cleaning Robot,SimpleChar:797D36A5,2,2eb3373b9dba6082,3596.81177,51.744999,788.208923,3596.05127,52.244999,788.696411,0.200085,2
20260722-104809:m03996,20260722-104809,1,2026-07-22T08:52:15.589394Z,11464,spawn,1019,297023,1,1044525,6553,Malfunctioning Cleaning Robot,SimpleChar:797D36A5,2,2cb044179e1c0e0f,3596.81177,51.744999,788.208923,3596.05518,51.744999,788.482483,0.27173,2
20260722-104809:m04003,20260722-104809,1,2026-07-22T08:52:15.861124Z,11488,spawn,1019,297023,1,1044525,6553,Malfunctioning Cleaning Robot,SimpleChar:797D36A5,2,2cb044179e1c0e0f,3596.81177,51.744999,788.208923,3596.05518,51.744999,788.482483,0.323137,2
20260722-104809:m04005,20260722-104809,1,2026-07-22T08:52:16.184261Z,11493,spawn,1019,297023,1,1044525,6553,Malfunctioning Cleaning Robot,SimpleChar:797D36A5,2,2cb044179e1c0e0f,3596.81177,51.744999,788.208923,3596.05518,51.744999,788.482483,0.203085,2
20260722-104809:m04008,20260722-104809,1,2026-07-22T08:52:16.387346Z,11497,spawn,1019,297023,1,1044525,6553,Malfunctioning Cleaning Robot,SimpleChar:797D36A5,2,2cb044179e1c0e0f,3596.81177,51.744999,788.208923,3596.05518,51.744999,788.482483,0.204091,2
20260722-104809:m04011,20260722-104809,1,2026-07-22T08:52:16.591437Z,11500,spawn,1019,297023,1,1044525,6553,Malfunctioning Cleaning Robot,SimpleChar:797D36A5,2,2eb3373b9dba6082,3596.81177,51.744999,788.208923,3596.06592,52.244999,788.648987,0.240131,2
20260722-104809:m04014,20260722-104809,1,2026-07-22T08:52:16.831568Z,11516,spawn,1019,297023,1,1044525,6553,Malfunctioning Cleaning Robot,SimpleChar:797D36A5,2,902fa87c25bf8293,3596.81177,51.744999,788.208923,3596.01001,52.244999,788.768311,0.193564,2
20260722-104809:m04017,20260722-104809,1,2026-07-22T08:52:17.025132Z,11523,spawn,1019,297023,1,1044525,6553,Malfunctioning Cleaning Robot,SimpleChar:797D36A5,2,2eb3373b9dba6082,3596.81177,51.744999,788.208923,3596.01563,52.244999,788.408264,0.210078,2
20260722-104809:m04022,20260722-104809,1,2026-07-22T08:52:17.235210Z,11529,spawn,1019,297023,1,1044525,6553,Malfunctioning Cleaning Robot,SimpleChar:797D36A5,2,902fa87c25bf8293,3596.81177,51.744999,788.208923,3596.01953,52.244999,788.755249,0.130047,2
20260722-104809:m04028,20260722-104809,1,2026-07-22T08:52:17.365257Z,11536,spawn,1019,297023,1,1044525,6553,Malfunctioning Cleaning Robot,SimpleChar:797D36A5,2,2cb044179e1c0e0f,3596.81177,51.744999,788.208923,3596.05518,51.744999,788.482483,0.200067,2
20260722-104809:m04031,20260722-104809,1,2026-07-22T08:52:17.565324Z,11540,spawn,1019,297023,1,1044525,6553,Malfunctioning Cleaning Robot,SimpleChar:797D36A5,2,2eb3373b9dba6082,3596.81177,51.744999,788.208923,3596.02979,52.244999,788.739319,0.204088,2
20260722-104809:m04034,20260722-104809,1,2026-07-22T08:52:17.769412Z,11552,spawn,1019,297023,1,1044525,6553,Malfunctioning Cleaning Robot,SimpleChar:797D36A5,2,2cb044179e1c0e0f,3596.81177,51.744999,788.208923,3596.05518,51.744999,788.482483,0,2
20260722-104809:m07598,20260722-104809,1,2026-07-22T09:02:30.565546Z,30230,spawn,1019,297023,1,1044525,6553,Malfunctioning Cleaning Robot,SimpleChar:797D36A5,3,2eb3373b9dba6082,3596.81177,51.744999,788.208923,3596.01782,52.244999,788.411133,0,2
20260722-104809:m07600,20260722-104809,1,2026-07-22T09:02:30.565546Z,30235,spawn,1019,297023,1,1044525,6553,Malfunctioning Cleaning Robot,SimpleChar:797D36A5,3,902fa87c25bf8293,3596.81177,51.744999,788.208923,3596.01807,52.244999,788.757568,0.24315,2
20260722-104809:m07602,20260722-104809,1,2026-07-22T09:02:30.808696Z,30243,spawn,1019,297023,1,1044525,6553,Malfunctioning Cleaning Robot,SimpleChar:797D36A5,3,2cb044179e1c0e0f,3596.81177,51.744999,788.208923,3596.05518,51.744999,788.482483,0.189611,2
20260722-104809:m07604,20260722-104809,1,2026-07-22T09:02:30.998307Z,30245,spawn,1019,297023,1,1044525,6553,Malfunctioning Cleaning Robot,SimpleChar:797D36A5,3,2cb044179e1c0e0f,3596.81177,51.744999,788.208923,3596.05518,51.744999,788.482483,0.315672,2
20260722-104809:m07606,20260722-104809,1,2026-07-22T09:02:31.313979Z,30256,spawn,1019,297023,1,1044525,6553,Malfunctioning Cleaning Robot,SimpleChar:797D36A5,3,902fa87c25bf8293,3596.81177,51.744999,788.208923,3596.01245,52.244999,788.765015,0.16311,2
20260722-104809:m07611,20260722-104809,1,2026-07-22T09:02:31.477089Z,30272,spawn,1019,297023,1,1044525,6553,Malfunctioning Cleaning Robot,SimpleChar:797D36A5,3,2cb044179e1c0e0f,3596.81177,51.744999,788.208923,3596.05518,51.744999,788.482483,0.221631,2
20260722-104809:m07613,20260722-104809,1,2026-07-22T09:02:31.698720Z,30281,spawn,1019,297023,1,1044525,6553,Malfunctioning Cleaning Robot,SimpleChar:797D36A5,3,2cb044179e1c0e0f,3596.81177,51.744999,788.208923,3596.05518,51.744999,788.482483,0.42178,2
20260722-104809:m07615,20260722-104809,2,2026-07-22T09:02:32.120500Z,30285,spawn,1019,297023,1,1044525,6553,Malfunctioning Cleaning Robot,SimpleChar:797D36A5,3,2cb044179e1c0e0f,3596.81177,51.744999,788.208923,3596.05518,51.744999,788.482483,0.404212,2
20260722-104809:m07619,20260722-104809,1,2026-07-22T09:02:32.524712Z,30300,spawn,1019,297023,1,1044525,6553,Malfunctioning Cleaning Robot,SimpleChar:797D36A5,3,2cb044179e1c0e0f,3596.81177,51.744999,788.208923,3596.05518,51.744999,788.482483,0.269631,2
20260722-104809:m07621,20260722-104809,1,2026-07-22T09:02:32.794343Z,30303,spawn,1019,297023,1,1044525,6553,Malfunctioning Cleaning Robot,SimpleChar:797D36A5,3,2cb044179e1c0e0f,3596.81177,51.744999,788.208923,3596.05518,51.744999,788.482483,0.000499,2
20260722-104809:m07623,20260722-104809,1,2026-07-22T09:02:32.794842Z,30328,spawn,1019,297023,1,1044525,6553,Malfunctioning Cleaning Robot,SimpleChar:797D36A5,3,2cb044179e1c0e0f,3596.81177,51.744999,788.208923,3596.05518,51.744999,788.482483,0.388688,2
20260722-104809:m07626,20260722-104809,1,2026-07-22T09:02:33.183530Z,30331,spawn,1019,297023,1,1044525,6553,Malfunctioning Cleaning Robot,SimpleChar:797D36A5,3,2cb044179e1c0e0f,3596.81177,51.744999,788.208923,3596.05518,51.744999,788.482483,0.170072,2
20260722-104809:m07630,20260722-104809,1,2026-07-22T09:02:33.353602Z,30335,spawn,1019,297023,1,1044525,6553,Malfunctioning Cleaning Robot,SimpleChar:797D36A5,3,2cb044179e1c0e0f,3596.81177,51.744999,788.208923,3596.05518,51.744999,788.482483,0.261116,2
20260722-104809:m07633,20260722-104809,1,2026-07-22T09:02:33.614718Z,30342,spawn,1019,297023,1,1044525,6553,Malfunctioning Cleaning Robot,SimpleChar:797D36A5,3,2eb3373b9dba6082,3596.81177,51.744999,788.208923,3596.01563,52.244999,788.408142,0.282123,2
20260722-104809:m07636,20260722-104809,2,2026-07-22T09:02:33.896841Z,30345,spawn,1019,297023,1,1044525,6553,Malfunctioning Cleaning Robot,SimpleChar:797D36A5,3,2cb044179e1c0e0f,3596.81177,51.744999,788.208923,3596.05518,51.744999,788.482483,0.390689,2
20260722-104809:m07642,20260722-104809,1,2026-07-22T09:02:34.287530Z,30352,spawn,1019,297023,1,1044525,6553,Malfunctioning Cleaning Robot,SimpleChar:797D36A5,3,2cb044179e1c0e0f,3596.81177,51.744999,788.208923,3596.05518,51.744999,788.482483,0.290158,2
20260722-104809:m07645,20260722-104809,1,2026-07-22T09:02:34.577688Z,30363,spawn,1019,297023,1,1044525,6553,Malfunctioning Cleaning Robot,SimpleChar:797D36A5,3,2cb044179e1c0e0f,3596.81177,51.744999,788.208923,3596.05518,51.744999,788.482483,0,2
20260722-104809:m07647,20260722-104809,1,2026-07-22T09:02:34.577688Z,30370,spawn,1019,297023,1,1044525,6553,Malfunctioning Cleaning Robot,SimpleChar:797D36A5,3,2eb3373b9dba6082,3596.81177,51.744999,788.208923,3596.04199,52.244999,788.451721,0.345161,2
20260722-104809:m07650,20260722-104809,1,2026-07-22T09:02:34.922849Z,30376,spawn,1019,297023,1,1044525,6553,Malfunctioning Cleaning Robot,SimpleChar:797D36A5,3,2eb3373b9dba6082,3596.81177,51.744999,788.208923,3596.05176,52.244999,788.695435,0,2
20260722-104809:m14278,20260722-104809,2,2026-07-22T09:53:16.484810Z,92456,spawn,1019,297023,1,1044525,6553,Malfunctioning Cleaning Robot,SimpleChar:797D36A5,4,2cb044179e1c0e0f,3596.81177,51.744999,788.208923,3596.05518,51.744999,788.482483,0.190068,2
20260722-104809:m14283,20260722-104809,1,2026-07-22T09:53:16.674878Z,92465,spawn,1019,297023,1,1044525,6553,Malfunctioning Cleaning Robot,SimpleChar:797D36A5,4,2eb3373b9dba6082,3596.81177,51.744999,788.208923,3596.05786,52.244999,788.490845,0.251096,2
20260722-104809:m14285,20260722-104809,1,2026-07-22T09:53:16.925974Z,92474,spawn,1019,297023,1,1044525,6553,Malfunctioning Cleaning Robot,SimpleChar:797D36A5,4,2cb044179e1c0e0f,3596.81177,51.744999,788.208923,3596.05518,51.744999,788.482483,0.312663,2
20260722-104809:m14288,20260722-104809,1,2026-07-22T09:53:17.238637Z,92491,spawn,1019,297023,1,1044525,6553,Malfunctioning Cleaning Robot,SimpleChar:797D36A5,4,2eb3373b9dba6082,3596.81177,51.744999,788.208923,3596.05615,52.244999,788.48584,0.159557,2
20260722-104809:m14290,20260722-104809,1,2026-07-22T09:53:17.398194Z,92510,spawn,1019,297023,1,1044525,6553,Malfunctioning Cleaning Robot,SimpleChar:797D36A5,4,2cb044179e1c0e0f,3596.81177,51.744999,788.208923,3596.05518,51.744999,788.482483,0.401161,2
20260722-104809:m14292,20260722-104809,1,2026-07-22T09:53:17.799355Z,92530,spawn,1019,297023,1,1044525,6553,Malfunctioning Cleaning Robot,SimpleChar:797D36A5,4,2eb3373b9dba6082,3596.81177,51.744999,788.208923,3596.04639,52.244999,788.707825,0,2
20260722-104809:m14294,20260722-104809,1,2026-07-22T09:53:17.799355Z,92532,spawn,1019,297023,1,1044525,6553,Malfunctioning Cleaning Robot,SimpleChar:797D36A5,4,2cb044179e1c0e0f,3596.81177,51.744999,788.208923,3596.05518,51.744999,788.482483,0.248094,2
20260722-104809:m14296,20260722-104809,1,2026-07-22T09:53:18.047449Z,92547,spawn,1019,297023,1,1044525,6553,Malfunctioning Cleaning Robot,SimpleChar:797D36A5,4,2cb044179e1c0e0f,3596.81177,51.744999,788.208923,3596.05518,51.744999,788.482483,0.189568,2
20260722-104809:m14298,20260722-104809,1,2026-07-22T09:53:18.237017Z,92566,spawn,1019,297023,1,1044525,6553,Malfunctioning Cleaning Robot,SimpleChar:797D36A5,4,2cb044179e1c0e0f,3596.81177,51.744999,788.208923,3596.05518,51.744999,788.482483,0.202071,2
20260722-104809:m14300,20260722-104809,1,2026-07-22T09:53:18.439088Z,92574,spawn,1019,297023,1,1044525,6553,Malfunctioning Cleaning Robot,SimpleChar:797D36A5,4,2cb044179e1c0e0f,3596.81177,51.744999,788.208923,3596.05518,51.744999,788.482483,0.253089,2
20260722-104809:m14302,20260722-104809,1,2026-07-22T09:53:18.692177Z,92582,spawn,1019,297023,1,1044525,6553,Malfunctioning Cleaning Robot,SimpleChar:797D36A5,4,2cb044179e1c0e0f,3596.81177,51.744999,788.208923,3596.05518,51.744999,788.482483,0.186188,2
20260722-104809:m14305,20260722-104809,1,2026-07-22T09:53:18.878365Z,92591,spawn,1019,297023,1,1044525,6553,Malfunctioning Cleaning Robot,SimpleChar:797D36A5,4,2cb044179e1c0e0f,3596.81177,51.744999,788.208923,3596.05518,51.744999,788.482483,0.440671,2
20260722-104809:m14307,20260722-104809,1,2026-07-22T09:53:19.319036Z,92600,spawn,1019,297023,1,1044525,6553,Malfunctioning Cleaning Robot,SimpleChar:797D36A5,4,2cb044179e1c0e0f,3596.81177,51.744999,788.208923,3596.05518,51.744999,788.482483,0.0005,2
20260722-104809:m14310,20260722-104809,1,2026-07-22T09:53:19.319536Z,92608,spawn,1019,297023,1,1044525,6553,Malfunctioning Cleaning Robot,SimpleChar:797D36A5,4,2eb3373b9dba6082,3596.81177,51.744999,788.208923,3596.03247,52.244999,788.734863,0.251596,2
20260722-104809:m14312,20260722-104809,1,2026-07-22T09:53:19.571132Z,92617,spawn,1019,297023,1,1044525,6553,Malfunctioning Cleaning Robot,SimpleChar:797D36A5,4,2cb044179e1c0e0f,3596.81177,51.744999,788.208923,3596.05518,51.744999,788.482483,0.274271,2
20260722-104809:m14314,20260722-104809,1,2026-07-22T09:53:19.845403Z,92630,spawn,1019,297023,1,1044525,6553,Malfunctioning Cleaning Robot,SimpleChar:797D36A5,4,2cb044179e1c0e0f,3596.81177,51.744999,788.208923,3596.05518,51.744999,788.482483,0.169481,2
20260722-104809:m14316,20260722-104809,1,2026-07-22T09:53:20.014884Z,92638,spawn,1019,297023,1,1044525,6553,Malfunctioning Cleaning Robot,SimpleChar:797D36A5,4,2cb044179e1c0e0f,3596.81177,51.744999,788.208923,3596.05518,51.744999,788.482483,0.189566,2
20260722-104809:m14318,20260722-104809,1,2026-07-22T09:53:20.204450Z,92641,spawn,1019,297023,1,1044525,6553,Malfunctioning Cleaning Robot,SimpleChar:797D36A5,4,2cb044179e1c0e0f,3596.81177,51.744999,788.208923,3596.05518,51.744999,788.482483,0.240592,2
20260722-104809:m14320,20260722-104809,1,2026-07-22T09:53:20.445042Z,92644,spawn,1019,297023,1,1044525,6553,Malfunctioning Cleaning Robot,SimpleChar:797D36A5,4,2cb044179e1c0e0f,3596.81177,51.744999,788.208923,3596.05518,51.744999,788.482483,0.200079,2
20260722-104809:m14322,20260722-104809,1,2026-07-22T09:53:20.645121Z,92650,spawn,1019,297023,1,1044525,6553,Malfunctioning Cleaning Robot,SimpleChar:797D36A5,4,2cb044179e1c0e0f,3596.81177,51.744999,788.208923,3596.05518,51.744999,788.482483,0.441288,2
20260722-104809:m14325,20260722-104809,1,2026-07-22T09:53:21.086409Z,92654,spawn,1019,297023,1,1044525,6553,Malfunctioning Cleaning Robot,SimpleChar:797D36A5,4,2eb3373b9dba6082,3596.81177,51.744999,788.208923,3596.05688,52.244999,788.487915,0,2
20260722-104809:m01651,20260722-104809,1,2026-07-22T08:49:35.522381Z,4513,spawn,103,203740,2,1044525,6553,Protester,SimpleChar:797FD582,2,2f92463bc5c797a2,3565.54199,6.91,777.156921,3578.65576,6.91,769.588196,0,2
20260722-104809:m03479,20260722-104809,1,2026-07-22T08:51:23.218646Z,9309,spawn,103,203740,2,1044525,6553,Protester,SimpleChar:797FD582,3,2f92463bc5c797a2,3565.50244,6.91,777.177429,3578.65576,6.91,769.588196,0,2
20260722-104809:m05953,20260722-104809,1,2026-07-22T08:54:58.919746Z,17124,spawn,103,203740,2,1044525,6553,Protester,SimpleChar:797FD582,6,2f92463bc5c797a2,3565.53857,6.91,777.162048,3578.65576,6.91,769.588196,0,2
20260722-104809:m07031,20260722-104809,1,2026-07-22T08:57:27.065118Z,22852,spawn,103,203740,2,1044525,6553,Protester,SimpleChar:797FD582,7,98243a84bff3066c,3592.80029,5.110001,800.283569,3573.72852,5.110001,801.586853,0,2
20260722-104809:m10590,20260722-104809,1,2026-07-22T09:20:50.576142Z,60806,spawn,103,203740,2,1044525,6553,Protester,SimpleChar:797FD582,14,98243a84bff3066c,3592.79028,5.110001,800.317688,3573.72852,5.110001,801.586853,0,2
20260722-104809:m13074,20260722-104809,1,2026-07-22T09:44:31.540287Z,74672,spawn,103,203740,2,1044525,6553,Protester,SimpleChar:797FD582,27,151f9b08ec3b8ce2,3592.68994,5.110001,800.403259,3573.72852,5.110001,801.586853,0,2
20260722-104809:m13571,20260722-104809,1,2026-07-22T09:48:07.740879Z,83722,spawn,103,203740,2,1044525,6553,Protester,SimpleChar:797FD582,29,98243a84bff3066c,3592.78369,5.110001,800.310303,3573.72852,5.110001,801.586853,0,2
20260722-104809:m00899,20260722-104809,1,2026-07-22T08:49:08.826675Z,2931,spawn,103,203740,2,1044525,6553,Protester,SimpleChar:7985C910,1,2a55b64174084910,3565.9939,5.110001,824.999512,3566.38452,5.110001,816.379089,0,2
20260722-104809:m03223,20260722-104809,1,2026-07-22T08:51:04.536595Z,8691,spawn,103,203740,2,1044525,6553,Protester,SimpleChar:7985C910,2,2a55b64174084910,3565.92383,5.110001,824.996887,3566.38452,5.110001,816.379089,0,2
20260722-104809:m04546,20260722-104809,1,2026-07-22T08:52:59.681520Z,13133,spawn,103,203740,2,1044525,6553,Protester,SimpleChar:7985C910,3,2a55b64174084910,3565.86377,5.110001,824.992676,3566.38452,5.110001,816.379089,0,2
20260722-104809:m05910,20260722-104809,1,2026-07-22T08:54:54.959805Z,17014,spawn,103,203740,2,1044525,6553,Protester,SimpleChar:7985C910,5,2a55b64174084910,3565.80151,5.110001,824.98999,3566.38452,5.110001,816.379089,0,2
20260722-104809:m07216,20260722-104809,1,2026-07-22T08:58:51.306442Z,25703,spawn,103,203740,2,1044525,6553,Protester,SimpleChar:7985C910,8,4b94149457c28f46,3566.42505,5.110001,817.759827,3564.1167,5.110001,808.276062,0,2
20260722-104809:m07332,20260722-104809,1,2026-07-22T09:00:07.700097Z,27912,spawn,103,203740,2,1044525,6553,Protester,SimpleChar:7985C910,9,4e0a25abe192510a,3531.98047,5.110001,801.217407,3533.11304,5.110001,811.393555,0,2
20260722-104809:m07535,20260722-104809,1,2026-07-22T09:02:03.135161Z,29619,spawn,103,203740,2,1044525,6553,Protester,SimpleChar:7985C910,10,4e0a25abe192510a,3532.04688,5.110001,801.243042,3533.11304,5.110001,811.393555,0,2
20260722-104809:m08627,20260722-104809,1,2026-07-22T09:03:53.886891Z,33287,spawn,103,203740,2,1044525,6553,Protester,SimpleChar:7985C910,11,4fa66172af2b1b00,3524.84619,5.110001,798.189026,3533.20996,5.110001,801.763245,0,2
20260722-104809:m09277,20260722-104809,1,2026-07-22T09:06:28.368601Z,37243,spawn,103,203740,2,1044525,6553,Protester,SimpleChar:7985C910,12,2a55b64174084910,3565.85938,5.110001,824.992493,3566.38452,5.110001,816.379089,0,2
20260722-104809:m09448,20260722-104809,1,2026-07-22T09:07:49.932774Z,40580,spawn,103,203740,2,1044525,6553,Protester,SimpleChar:7985C910,13,4e0a25abe192510a,3531.90869,5.110001,801.183044,3533.11304,5.110001,811.393555,0,2
20260722-104809:m10622,20260722-104809,1,2026-07-22T09:21:18.276627Z,61506,spawn,103,203740,2,1044525,6553,Protester,SimpleChar:7985C910,14,4e0a25abe192510a,3531.90015,5.110001,801.188843,3533.11304,5.110001,811.393555,0,2
20260722-104809:m10653,20260722-104809,1,2026-07-22T09:21:36.475419Z,62538,spawn,103,203740,2,1044525,6553,Protester,SimpleChar:7985C910,15,0d7d664d8fcba4ce,3541.97998,5.110001,823.34198,3549.47949,5.110001,824.189087,0,2
20260722-104809:m10798,20260722-104809,1,2026-07-22T09:23:14.118027Z,63778,spawn,103,203740,2,1044525,6553,Protester,SimpleChar:7985C910,16,4e0a25abe192510a,3532.00757,5.110001,801.233521,3533.11304,5.110001,811.393555,0,2
20260722-104809:m10976,20260722-104809,1,2026-07-22T09:25:09.592907Z,65009,spawn,103,203740,2,1044525,6553,Protester,SimpleChar:7985C910,17,34d6e39d83df43c5,3532.13647,5.110001,801.295471,3533.11304,5.110001,811.393555,0,2
20260722-104809:m11137,20260722-104809,1,2026-07-22T09:27:04.981787Z,65683,spawn,103,203740,2,1044525,6553,Protester,SimpleChar:7985C910,18,4e0a25abe192510a,3531.9856,5.110001,801.225037,3533.11304,5.110001,811.393555,0,2
20260722-104809:m11333,20260722-104809,1,2026-07-22T09:29:00.625189Z,66340,spawn,103,203740,2,1044525,6553,Protester,SimpleChar:7985C910,19,34d6e39d83df43c5,3532.12305,5.110001,801.280334,3533.11304,5.110001,811.393555,0,2
20260722-104809:m11550,20260722-104809,1,2026-07-22T09:30:56.238192Z,67019,spawn,103,203740,2,1044525,6553,Protester,SimpleChar:7985C910,20,4e0a25abe192510a,3532.03882,5.110001,801.244202,3533.11304,5.110001,811.393555,0,2
20260722-104809:m11786,20260722-104809,1,2026-07-22T09:32:51.811054Z,67707,spawn,103,203740,2,1044525,6553,Protester,SimpleChar:7985C910,21,4e0a25abe192510a,3532.04541,5.110001,801.243713,3533.11304,5.110001,811.393555,0,2
20260722-104809:m12025,20260722-104809,1,2026-07-22T09:35:04.116436Z,68523,spawn,103,203740,2,1044525,6553,Protester,SimpleChar:7985C910,22,4e0a25abe192510a,3531.85229,5.110001,801.171143,3533.11304,5.110001,811.393555,0,2
20260722-104809:m12264,20260722-104809,1,2026-07-22T09:37:01.186242Z,69390,spawn,103,203740,2,1044525,6553,Protester,SimpleChar:7985C910,23,4e0a25abe192510a,3531.90527,5.110001,801.191467,3533.11304,5.110001,811.393555,0,2
20260722-104809:m12468,20260722-104809,1,2026-07-22T09:38:56.777022Z,70145,spawn,103,203740,2,1044525,6553,Protester,SimpleChar:7985C910,24,4e0a25abe192510a,3531.99072,5.110001,801.231201,3533.11304,5.110001,811.393555,0,2
20260722-104809:m12678,20260722-104809,1,2026-07-22T09:40:52.117005Z,71065,spawn,103,203740,2,1044525,6553,Protester,SimpleChar:7985C910,25,4e0a25abe192510a,3531.87964,5.110001,801.167236,3533.11304,5.110001,811.393555,0,2
20260722-104809:m12881,20260722-104809,1,2026-07-22T09:42:47.693885Z,72110,spawn,103,203740,2,1044525,6553,Protester,SimpleChar:7985C910,26,4e0a25abe192510a,3531.95264,5.110001,801.206238,3533.11304,5.110001,811.393555,0,2
20260722-104809:m12956,20260722-104809,1,2026-07-22T09:43:21.856684Z,72706,spawn,103,203740,2,1044525,6553,Protester,SimpleChar:7985C910,27,2a55b64174084910,3565.97217,5.110001,824.999451,3566.38452,5.110001,816.379089,0,2
20260722-104809:m13082,20260722-104809,1,2026-07-22T09:44:43.286440Z,74780,spawn,103,203740,2,1044525,6553,Protester,SimpleChar:7985C910,28,4e0a25abe192510a,3531.97192,5.110001,801.211487,3533.11304,5.110001,811.393555,0,2
20260722-104809:m13400,20260722-104809,1,2026-07-22T09:46:49.679052Z,80299,spawn,103,203740,2,1044525,6553,Protester,SimpleChar:7985C910,29,c331425938eb65ff,3533.24683,5.110001,817.008667,3543.04565,5.110001,824.082031,0,2
20260722-104809:m13645,20260722-104809,1,2026-07-22T09:48:34.339159Z,85203,spawn,103,203740,2,1044525,6553,Protester,SimpleChar:7985C910,30,4e0a25abe192510a,3531.92993,5.110001,801.189819,3533.11304,5.110001,811.393555,0,2
20260722-104809:m13870,20260722-104809,1,2026-07-22T09:50:29.991102Z,87407,spawn,103,203740,2,1044525,6553,Protester,SimpleChar:7985C910,32,34d6e39d83df43c5,3532.1438,5.110001,801.297729,3533.11304,5.110001,811.393555,0,2
20260722-104809:m14280,20260722-104809,1,2026-07-22T09:53:16.484810Z,92458,spawn,103,203740,2,1044525,6553,Protester,SimpleChar:7985C910,35,0dda592efde613e0,3563.16113,5.110001,800.427612,3539.98413,5.110015,796.084534,0,2
20260722-104809:m06948,20260722-104809,1,2026-07-22T08:56:52.685835Z,21388,spawn,25,17657,1,1044525,6553,Garbage Flea,SimpleChar:7987C2DD,1,31897a32865f2ce5,3527.59668,5.826648,931.941467,3520.65869,6.933264,927.031128,0,2
20260722-104809:m07138,20260722-104809,1,2026-07-22T08:58:17.182232Z,24498,spawn,25,17657,1,1044525,6553,Garbage Flea,SimpleChar:7987C2DD,2,c38f1d8f4d01e478,3512.96704,7.68602,930.777588,3520.65869,6.933264,927.031128,0,2
20260722-104809:m09487,20260722-104809,1,2026-07-22T09:08:04.566507Z,41725,spawn,25,17657,1,1044525,6553,Garbage Flea,SimpleChar:7987C2DD,6,31897a32865f2ce5,3527.58887,5.826799,931.948608,3520.65869,6.933264,927.031128,0,2
20260722-104809:m09519,20260722-104809,1,2026-07-22T09:08:15.470864Z,42286,spawn,25,17657,1,1044525,6553,Garbage Flea,SimpleChar:7987C2DD,7,49d4a6580cd84dbe,3515.07178,8.04183,930.983643,3507.80005,8.336768,924.962708,0,2
20260722-104809:m09559,20260722-104809,1,2026-07-22T09:08:41.470269Z,43126,spawn,25,17657,1,1044525,6553,Garbage Flea,SimpleChar:7987C2DD,8,c38f1d8f4d01e478,3513.05347,7.713307,930.841248,3520.65869,6.933264,927.031128,0,2
20260722-104809:m07351,20260722-104809,1,2026-07-22T09:00:15.448597Z,28345,spawn,0,26092,40,1044525,6553,ICC Peacekeeper,SimpleChar:79882D97,1,70689ba02ebccee3,3447.83667,9.135,806.41156,3454.70435,9.075036,811.924438,0,2
20260722-104809:m07539,20260722-104809,1,2026-07-22T09:02:06.090119Z,29642,spawn,0,26092,40,1044525,6553,ICC Peacekeeper,SimpleChar:79882D97,2,d2ae8ca523637ee6,3441.35693,9.165,902.074097,3442.77197,12.493572,901.406616,0.444708,2
20260722-104809:m07540,20260722-104809,1,2026-07-22T09:02:06.534827Z,29645,spawn,0,26092,40,1044525,6553,ICC Peacekeeper,SimpleChar:79882D97,2,ec7ae3a0e36ec0e6,3441.52002,9.165,902.015503,3438.62354,9.066066,901.931274,1.382676,2
20260722-104809:m07544,20260722-104809,1,2026-07-22T09:02:07.917503Z,29672,spawn,0,26092,40,1044525,6553,ICC Peacekeeper,SimpleChar:79882D97,2,bf3bbfc06f239504,3440.04126,9.165,901.908203,3431.64404,9.035402,898.790771,0,2
20260722-104809:m09099,20260722-104809,1,2026-07-22T09:04:45.505495Z,34934,spawn,0,26092,40,1044525,6553,ICC Peacekeeper,SimpleChar:79882D97,3,21857f91390a451f,3451.05298,9.01,913.554443,3444.82666,9.009824,911.847717,0,2
20260722-104809:m09177,20260722-104809,1,2026-07-22T09:05:21.101669Z,35511,spawn,0,26092,40,1044525,6553,ICC Peacekeeper,SimpleChar:79882D97,4,d2ae8ca523637ee6,3441.27222,9.165,902.093201,3442.77197,12.493572,901.406616,0,2
20260722-104809:m09178,20260722-104809,1,2026-07-22T09:05:21.101669Z,35512,spawn,0,26092,40,1044525,6553,ICC Peacekeeper,SimpleChar:79882D97,4,ec7ae3a0e36ec0e6,3441.45752,9.165,902.028076,3438.62354,9.066066,901.931274,1.565666,2
20260722-104809:m09180,20260722-104809,1,2026-07-22T09:05:22.667335Z,35518,spawn,0,26092,40,1044525,6553,ICC Peacekeeper,SimpleChar:79882D97,4,bf3bbfc06f239504,3440.08911,9.165,901.911743,3431.64404,9.035402,898.790771,0,2
20260722-104809:m10309,20260722-104809,1,2026-07-22T09:18:20.781762Z,57288,spawn,0,26092,40,1044525,6553,ICC Peacekeeper,SimpleChar:79882D97,7,d2ae8ca523637ee6,3441.42871,9.165,902.054993,3442.77197,12.493572,901.406616,0,2
20260722-104809:m10311,20260722-104809,1,2026-07-22T09:18:20.781762Z,57290,spawn,0,26092,40,1044525,6553,ICC Peacekeeper,SimpleChar:79882D97,7,ec7ae3a0e36ec0e6,3441.60205,9.165,901.992004,3438.62354,9.066066,901.931274,0,2
20260722-104809:m11149,20260722-104809,1,2026-07-22T09:27:10.427881Z,65718,spawn,0,26092,40,1044525,6553,ICC Peacekeeper,SimpleChar:79882D97,10,d2ae8ca523637ee6,3441.31714,9.165,902.072021,3442.77197,12.493572,901.406616,0.191097,2
20260722-104809:m11151,20260722-104809,1,2026-07-22T09:27:10.618978Z,65720,spawn,0,26092,40,1044525,6553,ICC Peacekeeper,SimpleChar:79882D97,10,ec7ae3a0e36ec0e6,3441.47827,9.165,902.016602,3438.62354,9.066066,901.931274,1.761158,2
20260722-104809:m11155,20260722-104809,1,2026-07-22T09:27:12.380136Z,65731,spawn,0,26092,40,1044525,6553,ICC Peacekeeper,SimpleChar:79882D97,10,bf3bbfc06f239504,3440.10938,9.165,901.907654,3431.64404,9.035402,898.790771,0,2
20260722-104809:m11278,20260722-104809,1,2026-07-22T09:28:29.617848Z,66164,spawn,0,26092,40,1044525,6553,ICC Peacekeeper,SimpleChar:79882D97,11,31cdc3cfe08b9f9c,3440.43408,9.115,805.685303,3449.28516,9.085507,806.557983,0,2
20260722-104809:m11498,20260722-104809,1,2026-07-22T09:30:25.538998Z,66844,spawn,0,26092,40,1044525,6553,ICC Peacekeeper,SimpleChar:79882D97,12,d2ae8ca523637ee6,3441.46045,9.165,902.028442,3442.77197,12.493572,901.406616,0.232624,2
20260722-104809:m11499,20260722-104809,1,2026-07-22T09:30:25.771622Z,66845,spawn,0,26092,40,1044525,6553,ICC Peacekeeper,SimpleChar:79882D97,12,ec7ae3a0e36ec0e6,3441.6311,9.165,901.968445,3438.62354,9.066066,901.931274,0,2
20260722-104809:m11885,20260722-104809,1,2026-07-22T09:33:57.873818Z,68010,spawn,0,26092,40,1044525,6553,ICC Peacekeeper,SimpleChar:79882D97,14,d2ae8ca523637ee6,3441.34253,9.165,902.06366,3442.77197,12.493572,901.406616,0.440603,2
20260722-104809:m11886,20260722-104809,1,2026-07-22T09:33:58.314421Z,68012,spawn,0,26092,40,1044525,6553,ICC Peacekeeper,SimpleChar:79882D97,14,ec7ae3a0e36ec0e6,3441.52368,9.165,902.00061,3438.62354,9.066066,901.931274,0,2
20260722-104809:m12067,20260722-104809,1,2026-07-22T09:35:22.004305Z,68641,spawn,0,26092,40,1044525,6553,ICC Peacekeeper,SimpleChar:79882D97,15,70689ba02ebccee3,3447.85596,9.135,806.40033,3454.70435,9.075036,811.924438,0,2
20260722-104809:m12286,20260722-104809,1,2026-07-22T09:37:15.710093Z,69491,spawn,0,26092,40,1044525,6553,ICC Peacekeeper,SimpleChar:79882D97,16,d2ae8ca523637ee6,3441.27246,9.165,902.089905,3442.77197,12.493572,901.406616,0.200576,2
20260722-104809:m12287,20260722-104809,1,2026-07-22T09:37:15.910669Z,69492,spawn,0,26092,40,1044525,6553,ICC Peacekeeper,SimpleChar:79882D97,16,ec7ae3a0e36ec0e6,3441.43555,9.165,902.033447,3438.62354,9.066066,901.931274,1.53986,2
20260722-104809:m12291,20260722-104809,1,2026-07-22T09:37:17.450529Z,69500,spawn,0,26092,40,1044525,6553,ICC Peacekeeper,SimpleChar:79882D97,16,bf3bbfc06f239504,3440.11206,9.165,901.913513,3431.64404,9.035402,898.790771,0,2
20260722-104809:m12433,20260722-104809,1,2026-07-22T09:38:39.720912Z,70025,spawn,0,26092,40,1044525,6553,ICC Peacekeeper,SimpleChar:79882D97,17,70689ba02ebccee3,3447.94897,9.135,806.422119,3454.70435,9.075036,811.924438,0,2
20260722-104809:m12634,20260722-104809,1,2026-07-22T09:40:30.595718Z,70872,spawn,0,26092,40,1044525,6553,ICC Peacekeeper,SimpleChar:79882D97,18,d2ae8ca523637ee6,3441.46167,9.165,902.02417,3442.77197,12.493572,901.406616,0.64746,2
20260722-104809:m12636,20260722-104809,1,2026-07-22T09:40:31.243178Z,70875,spawn,0,26092,40,1044525,6553,ICC Peacekeeper,SimpleChar:79882D97,18,ec7ae3a0e36ec0e6,3441.63306,9.165,901.964417,3438.62354,9.066066,901.931274,0,2
20260722-104809:m12785,20260722-104809,1,2026-07-22T09:41:54.758791Z,71615,spawn,0,26092,40,1044525,6553,ICC Peacekeeper,SimpleChar:79882D97,19,70689ba02ebccee3,3448.00684,9.135,806.428101,3454.70435,9.075036,811.924438,0,2
20260722-104809:m13422,20260722-104809,1,2026-07-22T09:47:00.643566Z,80635,spawn,0,26092,40,1044525,6553,ICC Peacekeeper,SimpleChar:79882D97,20,d2ae8ca523637ee6,3441.47119,9.165,902.034058,3442.77197,12.493572,901.406616,0.348618,2
20260722-104809:m13425,20260722-104809,1,2026-07-22T09:47:00.992184Z,80678,spawn,0,26092,40,1044525,6553,ICC Peacekeeper,SimpleChar:79882D97,20,ec7ae3a0e36ec0e6,3441.62085,9.165,901.98114,3438.62354,9.066066,901.931274,0,2
20260722-104809:m13854,20260722-104809,1,2026-07-22T09:50:21.580231Z,87329,spawn,0,26092,40,1044525,6553,ICC Peacekeeper,SimpleChar:79882D97,22,d2ae8ca523637ee6,3441.44922,9.165,902.031189,3442.77197,12.493572,901.406616,0.198602,2
20260722-104809:m13855,20260722-104809,1,2026-07-22T09:50:21.778833Z,87330,spawn,0,26092,40,1044525,6553,ICC Peacekeeper,SimpleChar:79882D97,22,ec7ae3a0e36ec0e6,3441.60132,9.165,901.978577,3438.62354,9.066066,901.931274,0,2
20260722-104809:m14246,20260722-104809,1,2026-07-22T09:53:01.290021Z,91978,spawn,0,26092,40,1044525,6553,ICC Peacekeeper,SimpleChar:79882D97,23,21857f91390a451f,3450.96582,9.01,913.616028,3444.82666,9.009824,911.847717,0,2
20260722-104809:m00034,20260722-104809,1,2026-07-22T08:48:11.735226Z,109,spawn,1019,297023,1,1044525,6553,Cleaning Robot,SimpleChar:79882F8E,1,5c01b19edf021920,3624.50513,40.984997,834.809937,3623.54858,39.349735,839.716003,2.389312,2
20260722-104809:m00066,20260722-104809,1,2026-07-22T08:48:14.124538Z,323,spawn,1019,297023,1,1044525,6553,Cleaning Robot,SimpleChar:79882F8E,1,3e1a292b86389b1b,3623.74536,39.576382,838.361084,3622.77295,38.219501,843.380005,0,2
20260722-104809:m00168,20260722-104809,1,2026-07-22T08:48:23.261136Z,780,spawn,1019,297023,1,1044525,6553,Cleaning Robot,SimpleChar:79882F8E,2,86d3fd523f559bbb,3619.95605,39.277752,839.056091,3620.38892,40.86058,829.795898,0,2
20260722-104809:m00802,20260722-104809,1,2026-07-22T08:49:06.446028Z,2814,spawn,1019,297023,1,1044525,6553,Cleaning Robot,SimpleChar:79882F8E,3,e181261ad429909c,3631.08765,40.984997,837.921448,3626.60474,40.876522,834.062866,0,2
20260722-104809:m05223,20260722-104809,1,2026-07-22T08:53:53.408167Z,15049,spawn,1019,297023,1,1044525,6553,Cleaning Robot,SimpleChar:79882F8E,4,6363701b7c08816a,3636.63965,40.984997,828.42688,3632.78101,40.876522,831.530701,0,2
20260722-104809:m06989,20260722-104809,1,2026-07-22T08:57:06.550759Z,21962,spawn,1019,297023,1,1044525,6553,Cleaning Robot,SimpleChar:79882F8E,6,4afc44be1565149b,3638.33643,40.984997,840.832214,3633.1167,40.876511,840.937561,2.660934,2
20260722-104809:m06993,20260722-104809,1,2026-07-22T08:57:09.211693Z,22059,spawn,1019,297023,1,1044525,6553,Cleaning Robot,SimpleChar:79882F8E,6,24e93503b84176f1,3634.40991,40.984997,840.961365,3630.20532,40.876511,836.987854,0,2
20260722-104809:m07009,20260722-104809,1,2026-07-22T08:57:16.055280Z,22487,spawn,1019,297023,1,1044525,6553,Cleaning Robot,SimpleChar:79882F8E,7,199f4b75c66ac154,3627.88208,40.984997,834.168274,3623.53735,40.690689,835.615723,2.110319,2
20260722-104809:m07015,20260722-104809,1,2026-07-22T08:57:18.165599Z,22576,spawn,1019,297023,1,1044525,6553,Cleaning Robot,SimpleChar:79882F8E,7,4ab466b54a06bad8,3624.6853,40.984997,834.661011,3623.54858,39.349735,839.716003,0,2
20260722-104809:m07104,20260722-104809,1,2026-07-22T08:58:07.471955Z,23845,spawn,1019,297023,1,1044525,6553,Cleaning Robot,SimpleChar:79882F8E,8,4afc44be1565149b,3638.31006,40.984997,840.812439,3633.1167,40.876511,840.937561,2.521638,2
20260722-104809:m07112,20260722-104809,1,2026-07-22T08:58:09.993593Z,23952,spawn,1019,297023,1,1044525,6553,Cleaning Robot,SimpleChar:79882F8E,8,24e93503b84176f1,3634.36157,40.984997,840.957581,3630.20532,40.876511,836.987854,0,2
20260722-104809:m07319,20260722-104809,1,2026-07-22T09:00:02.395683Z,27703,spawn,1019,297023,1,1044525,6553,Cleaning Robot,SimpleChar:79882F8E,10,b35a279ea942ba91,3635.86206,40.984997,833.479858,3639.01855,40.876511,838.119812,0,2
20260722-104809:m07754,20260722-104809,1,2026-07-22T09:02:44.046879Z,31025,spawn,1019,297023,1,1044525,6553,Cleaning Robot,SimpleChar:79882F8E,12,7040c6dee9a76498,3624.5354,40.984997,824.100159,3631.14307,40.876522,820.691406,0,2
20260722-104809:m07958,20260722-104809,1,2026-07-22T09:02:59.179238Z,31638,spawn,1019,297023,1,1044525,6553,Cleaning Robot,SimpleChar:79882F8E,13,6363701b7c08816a,3636.74365,40.984997,828.274048,3632.78101,40.876522,831.530701,0,2
20260722-104809:m08684,20260722-104809,1,2026-07-22T09:03:59.702472Z,33448,spawn,1019,297023,1,1044525,6553,Cleaning Robot,SimpleChar:79882F8E,14,1a34911ff6e585f0,3636.79297,40.984997,828.250793,3632.78101,40.876522,831.530701,2.627709,2
20260722-104809:m08712,20260722-104809,1,2026-07-22T09:04:02.330181Z,33534,spawn,1019,297023,1,1044525,6553,Cleaning Robot,SimpleChar:79882F8E,14,79afaf3c6638e8e1,3633.93579,40.984997,830.597534,3636.89868,40.876511,834.522583,0,2
20260722-104809:m09227,20260722-104809,1,2026-07-22T09:05:40.275807Z,36185,spawn,1019,297023,1,1044525,6553,Cleaning Robot,SimpleChar:79882F8E,15,793168dd5e6e69ed,3620.33716,40.984997,831.111511,3623.6228,40.860813,826.366272,0,2
20260722-104809:m09341,20260722-104809,1,2026-07-22T09:07:16.217782Z,38542,spawn,1019,297023,1,1044525,6553,Cleaning Robot,SimpleChar:79882F8E,16,24e93503b84176f1,3634.53613,40.984997,840.960083,3630.20532,40.876511,836.987854,0,2
20260722-104809:m09987,20260722-104809,1,2026-07-22T09:12:34.354593Z,50950,spawn,1019,297023,1,1044525,6553,Cleaning Robot,SimpleChar:79882F8E,17,eaa6e4e46a72157a,3623.00659,37.922298,842.210754,3620.04126,37.771183,844.67572,1.559755,2
20260722-104809:m09990,20260722-104809,1,2026-07-22T09:12:35.914348Z,50967,spawn,1019,297023,1,1044525,6553,Cleaning Robot,SimpleChar:79882F8E,17,a4803ac712cbb417,3621.09985,37.564999,843.910217,3619.41016,39.03149,840.689148,0,2
20260722-104809:m07129,20260722-104809,1,2026-07-22T08:58:15.128650Z,24382,spawn,25,17657,1,1044525,6553,Garbage Flea,SimpleChar:7988C812,1,b7808588353c4b38,3501.69312,5.285141,906.598572,3502.31763,5.110001,903.305664,2.293718,2
20260722-104809:m07140,20260722-104809,1,2026-07-22T08:58:17.422368Z,24506,spawn,25,17657,1,1044525,6553,Garbage Flea,SimpleChar:7988C812,1,817b4615fa0753a1,3502.06274,5.163408,904.683838,3503.10352,5.110001,896.018494,0,2
20260722-104809:m07297,20260722-104809,1,2026-07-22T08:59:49.634636Z,27094,spawn,25,17657,1,1044525,6553,Garbage Flea,SimpleChar:7988C812,2,cb4cb54d634f36a1,3501.65479,5.288015,906.826782,3502.31763,5.110001,903.305664,2.61682,2
20260722-104809:m07304,20260722-104809,1,2026-07-22T08:59:52.251456Z,27278,spawn,25,17657,1,1044525,6553,Garbage Flea,SimpleChar:7988C812,2,817b4615fa0753a1,3502.06616,5.162154,904.667114,3503.10352,5.110001,896.018494,0,2
20260722-104809:m07340,20260722-104809,1,2026-07-22T09:00:10.142256Z,27951,spawn,25,17657,1,1044525,6553,Garbage Flea,SimpleChar:7988C812,3,1857a3c149770fed,3502.43872,5.110001,901.858582,3501.45508,5.765232,908.028992,0,2
20260722-104809:m09093,20260722-104809,1,2026-07-22T09:04:42.500263Z,34831,spawn,25,17657,1,1044525,6553,Garbage Flea,SimpleChar:7988C812,4,3963ed80059bce95,3502.96167,5.110001,897.246704,3502.63647,5.110001,889.204163,0,2
20260722-104809:m09386,20260722-104809,1,2026-07-22T09:07:28.156590Z,39488,spawn,25,17657,1,1044525,6553,Garbage Flea,SimpleChar:7988C812,5,3963ed80059bce95,3502.96704,5.110001,897.171204,3502.63647,5.110001,889.204163,0,2
20260722-104809:m09489,20260722-104809,1,2026-07-22T09:08:04.869177Z,41738,spawn,25,17657,1,1044525,6553,Garbage Flea,SimpleChar:7988C812,6,1857a3c149770fed,3502.43262,5.110001,901.963745,3501.45508,5.765232,908.028992,3.490912,2
20260722-104809:m09497,20260722-104809,1,2026-07-22T09:08:08.360089Z,41871,spawn,25,17657,1,1044525,6553,Garbage Flea,SimpleChar:7988C812,6,cb4cb54d634f36a1,3501.64819,5.28851,906.862671,3502.31763,5.110001,903.305664,0,2
20260722-104809:m09520,20260722-104809,1,2026-07-22T09:08:15.470864Z,42287,spawn,25,17657,1,1044525,6553,Garbage Flea,SimpleChar:7988C812,7,f532a072080c8762,3502.94141,5.110001,897.403992,3502.63647,5.110001,889.204163,0,2
20260722-104809:m09561,20260722-104809,1,2026-07-22T09:08:43.753320Z,43189,spawn,25,17657,1,1044525,6553,Garbage Flea,SimpleChar:7988C812,8,d0b7a926a7f91dea,3502.70166,5.110001,890.63208,3503.10352,5.110001,896.018494,0,2
20260722-104809:m03924,20260722-104809,1,2026-07-22T08:51:58.976387Z,10806,spawn,25,17657,2,1044525,6553,Garbage Flea,SimpleChar:7988C8C4,1,762ac0eafc26a305,3547.89648,6.90524,897.513672,3555.49976,8.110001,901.772339,0,2
20260722-104809:m06921,20260722-104809,1,2026-07-22T08:56:43.835627Z,20764,spawn,25,17657,2,1044525,6553,Garbage Flea,SimpleChar:7988C8C4,2,72117deca9e2532f,3554.32031,8.070271,901.109924,3555.29614,8.110001,906.510925,3.002259,2
20260722-104809:m06931,20260722-104809,1,2026-07-22T08:56:46.837886Z,20989,spawn,25,17657,2,1044525,6553,Garbage Flea,SimpleChar:7988C8C4,2,3618ea08984d8816,3555.15186,8.110001,905.288025,3555.50098,8.035147,910.299805,0,2
20260722-104809:m07025,20260722-104809,1,2026-07-22T08:57:22.135442Z,22774,spawn,25,17657,2,1044525,6553,Garbage Flea,SimpleChar:7988C8C4,3,fd2a90fb79214ba0,3546.41528,6.862659,887.677673,3540.93042,8.435155,888.057068,0,2
20260722-104809:m06937,20260722-104809,1,2026-07-22T08:56:48.527369Z,21116,spawn,25,17657,2,1044525,6553,Garbage Flea,SimpleChar:7988C907,1,bd9c07a94407a927,3523.84424,9.292642,955.742249,3537.52344,8.710001,950.715149,0,2
20260722-104809:m07077,20260722-104809,1,2026-07-22T08:57:53.833084Z,23568,spawn,25,17657,2,1044525,6553,Garbage Flea,SimpleChar:7988C907,3,03d9848b50ce186a,3544.71631,9.435048,944.91095,3549.3313,9.577316,938.108948,0,2
20260722-104809:m09324,20260722-104809,1,2026-07-22T09:07:09.221151Z,38206,spawn,25,17657,2,1044525,6553,Garbage Flea,SimpleChar:7988C907,4,bd9c07a94407a927,3523.85107,9.293668,955.736755,3537.52344,8.710001,950.715149,0,2
20260722-104809:m09471,20260722-104809,1,2026-07-22T09:07:57.105251Z,41305,spawn,25,17657,2,1044525,6553,Garbage Flea,SimpleChar:7988C907,5,bd9c07a94407a927,3524.00195,9.313149,955.682678,3537.52344,8.710001,950.715149,0,2
20260722-104809:m06899,20260722-104809,1,2026-07-22T08:56:35.021632Z,20278,spawn,25,17657,2,1044525,6553,Garbage Flea,SimpleChar:7988C914,2,f2010b412c993b48,3566.2373,8.315409,913.341125,3558.44434,8.229358,916.035767,0,2
20260722-104809:m06946,20260722-104809,1,2026-07-22T08:56:51.213478Z,21313,spawn,25,17657,2,1044525,6553,Garbage Flea,SimpleChar:7988C914,4,84f155954d931a70,3548.08667,7.514871,925.972839,3541.69067,8.657413,930.089355,0,2
20260722-104809:m07006,20260722-104809,1,2026-07-22T08:57:15.697545Z,22473,spawn,25,17657,2,1044525,6553,Garbage Flea,SimpleChar:7988C914,5,2de64c48ba0bcc08,3566.39673,8.30498,913.271606,3558.44434,8.229358,916.035767,0,2
20260722-104809:m07071,20260722-104809,1,2026-07-22T08:57:50.370179Z,23454,spawn,25,17657,2,1044525,6553,Garbage Flea,SimpleChar:7988C914,6,3f9c93efc2798140,3557.48584,8.372675,916.93158,3567.58057,8.631208,912.799316,0,2
20260722-104809:m07242,20260722-104809,1,2026-07-22T08:59:12.030673Z,26053,spawn,25,17657,2,1044525,6553,Garbage Flea,SimpleChar:7988C914,7,3f9c93efc2798140,3557.36987,8.389493,917.039856,3567.58057,8.631208,912.799316,0,2
20260722-104809:m07306,20260722-104809,1,2026-07-22T08:59:52.921268Z,27304,spawn,25,17657,2,1044525,6553,Garbage Flea,SimpleChar:7988C914,8,3f9c93efc2798140,3557.39551,8.385767,917.015808,3567.58057,8.631208,912.799316,0,2
20260722-104809:m07385,20260722-104809,1,2026-07-22T09:00:34.038137Z,28525,spawn,25,17657,2,1044525,6553,Garbage Flea,SimpleChar:7988C914,9,3f9c93efc2798140,3557.45801,8.376735,916.957886,3567.58057,8.631208,912.799316,0,2
20260722-104809:m07447,20260722-104809,1,2026-07-22T09:01:14.770173Z,28794,spawn,25,17657,2,1044525,6553,Garbage Flea,SimpleChar:7988C914,11,3f9c93efc2798140,3557.4646,8.37565,916.950012,3567.58057,8.631208,912.799316,0,2
20260722-104809:m07524,20260722-104809,1,2026-07-22T09:01:55.629665Z,29575,spawn,25,17657,2,1044525,6553,Garbage Flea,SimpleChar:7988C914,13,3f9c93efc2798140,3557.51733,8.368079,916.901794,3567.58057,8.631208,912.799316,0,2
20260722-104809:m09172,20260722-104809,1,2026-07-22T09:05:19.029431Z,35494,spawn,25,17657,2,1044525,6553,Garbage Flea,SimpleChar:7988C914,16,3f9c93efc2798140,3557.35156,8.392135,917.056763,3567.58057,8.631208,912.799316,0,2
20260722-104809:m09204,20260722-104809,1,2026-07-22T09:05:30.712732Z,35786,spawn,25,17657,2,1044525,6553,Garbage Flea,SimpleChar:7988C914,17,6e5b350212676bd7,3559.84326,8.12388,915.544556,3552.79907,7.629861,921.401794,0,2
20260722-104809:m09258,20260722-104809,1,2026-07-22T09:06:05.903019Z,36905,spawn,25,17657,2,1044525,6553,Garbage Flea,SimpleChar:7988C914,18,2de64c48ba0bcc08,3566.35522,8.307627,913.289246,3558.44434,8.229358,916.035767,0,2
20260722-104809:m09298,20260722-104809,1,2026-07-22T09:06:46.864697Z,37568,spawn,25,17657,2,1044525,6553,Garbage Flea,SimpleChar:7988C914,19,b6b59be7d595bafd,3566.45068,8.300641,913.242676,3558.44434,8.229358,916.035767,0,2
20260722-104809:m09326,20260722-104809,1,2026-07-22T09:07:10.881028Z,38373,spawn,25,17657,2,1044525,6553,Garbage Flea,SimpleChar:7988C914,20,3b5154d654891a83,3545.80127,8.29187,927.709229,3552.79907,7.629861,921.401794,0,2
20260722-104809:m09472,20260722-104809,1,2026-07-22T09:07:57.346396Z,41314,spawn,25,17657,2,1044525,6553,Garbage Flea,SimpleChar:7988C914,21,e7639bf09ce6cd2e,3551.82886,7.480503,922.291321,3558.44434,8.229358,916.035767,0,2
20260722-104809:m01835,20260722-104809,1,2026-07-22T08:49:41.940828Z,5006,spawn,25,17657,2,1044525,6553,Garbage Flea,SimpleChar:7988C91C,2,6d44dea0df9fe0b4,3560.65259,5.110001,865.55542,3565.6394,5.499601,862.281555,3.14514,2
20260722-104809:m01899,20260722-104809,1,2026-07-22T08:49:45.085968Z,5186,spawn,25,17657,2,1044525,6553,Garbage Flea,SimpleChar:7988C91C,2,727a9b5add98ee0b,3564.57837,5.110001,863.015381,3561.94482,5.110001,865.349792,0,2
20260722-104809:m02486,20260722-104809,1,2026-07-22T08:50:13.246605Z,6789,spawn,25,17657,2,1044525,6553,Garbage Flea,SimpleChar:7988C91C,3,6d44dea0df9fe0b4,3560.54199,5.110001,865.583313,3565.6394,5.499601,862.281555,3.241286,2
20260722-104809:m02531,20260722-104809,1,2026-07-22T08:50:16.487891Z,6949,spawn,25,17657,2,1044525,6553,Garbage Flea,SimpleChar:7988C91C,3,727a9b5add98ee0b,3564.58887,5.110001,862.997314,3561.94482,5.110001,865.349792,0,2
20260722-104809:m03040,20260722-104809,1,2026-07-22T08:50:48.222594Z,8205,spawn,25,17657,2,1044525,6553,Garbage Flea,SimpleChar:7988C91C,4,727a9b5add98ee0b,3564.55835,5.110001,863.051514,3561.94482,5.110001,865.349792,0,2
20260722-104809:m03410,20260722-104809,1,2026-07-22T08:51:16.640252Z,9123,spawn,25,17657,2,1044525,6553,Garbage Flea,SimpleChar:7988C91C,5,6d44dea0df9fe0b4,3560.7373,5.110001,865.557922,3565.6394,5.499601,862.281555,3.352434,2
20260722-104809:m03442,20260722-104809,1,2026-07-22T08:51:19.992686Z,9219,spawn,25,17657,2,1044525,6553,Garbage Flea,SimpleChar:7988C91C,5,727a9b5add98ee0b,3564.57056,5.110001,863.033936,3561.94482,5.110001,865.349792,0,2
20260722-104809:m03805,20260722-104809,1,2026-07-22T08:51:48.136624Z,10296,spawn,25,17657,2,1044525,6553,Garbage Flea,SimpleChar:7988C91C,6,6d44dea0df9fe0b4,3560.66382,5.110001,865.556335,3565.6394,5.499601,862.281555,3.034278,2
20260722-104809:m03849,20260722-104809,1,2026-07-22T08:51:51.170902Z,10387,spawn,25,17657,2,1044525,6553,Garbage Flea,SimpleChar:7988C91C,6,727a9b5add98ee0b,3564.42749,5.110001,863.122742,3561.94482,5.110001,865.349792,0,2
20260722-104809:m04059,20260722-104809,1,2026-07-22T08:52:19.165830Z,11626,spawn,25,17657,2,1044525,6553,Garbage Flea,SimpleChar:7988C91C,7,6d44dea0df9fe0b4,3560.66016,5.110001,865.569397,3565.6394,5.499601,862.281555,3.057539,2
20260722-104809:m04097,20260722-104809,1,2026-07-22T08:52:22.223369Z,11752,spawn,25,17657,2,1044525,6553,Garbage Flea,SimpleChar:7988C91C,7,727a9b5add98ee0b,3564.47461,5.110001,863.091309,3561.94482,5.110001,865.349792,0,2
20260722-104809:m04434,20260722-104809,1,2026-07-22T08:52:50.515623Z,12799,spawn,25,17657,2,1044525,6553,Garbage Flea,SimpleChar:7988C91C,8,6d44dea0df9fe0b4,3560.69995,5.110001,865.550598,3565.6394,5.499601,862.281555,3.133046,2
20260722-104809:m04478,20260722-104809,1,2026-07-22T08:52:53.648669Z,12901,spawn,25,17657,2,1044525,6553,Garbage Flea,SimpleChar:7988C91C,8,727a9b5add98ee0b,3564.57471,5.110001,863.024597,3561.94482,5.110001,865.349792,0,2
20260722-104809:m04597,20260722-104809,1,2026-07-22T08:53:02.698895Z,13328,spawn,25,17657,2,1044525,6553,Garbage Flea,SimpleChar:7988C91C,9,109d23f9ca7a9f27,3553.67798,5.110001,867.699585,3554.36035,5.110001,874.144592,0,2
20260722-104809:m04975,20260722-104809,1,2026-07-22T08:53:34.005356Z,14427,spawn,25,17657,2,1044525,6553,Garbage Flea,SimpleChar:7988C91C,10,afae82b77f2473b6,3553.87305,5.110001,867.594604,3554.36035,5.110001,874.144592,0,2
20260722-104809:m05598,20260722-104809,1,2026-07-22T08:54:24.170263Z,16041,spawn,25,17657,2,1044525,6553,Garbage Flea,SimpleChar:7988C91C,11,6d44dea0df9fe0b4,3560.72485,5.110001,865.560791,3565.6394,5.499601,862.281555,3.233801,2
20260722-104809:m05630,20260722-104809,1,2026-07-22T08:54:27.404064Z,16134,spawn,25,17657,2,1044525,6553,Garbage Flea,SimpleChar:7988C91C,11,727a9b5add98ee0b,3564.48755,5.110001,863.091309,3561.94482,5.110001,865.349792,0,2
20260722-104809:m05915,20260722-104809,1,2026-07-22T08:54:55.315841Z,17033,spawn,25,17657,2,1044525,6553,Garbage Flea,SimpleChar:7988C91C,12,6d44dea0df9fe0b4,3560.57471,5.110001,865.595459,3565.6394,5.499601,862.281555,2.931853,2
20260722-104809:m05947,20260722-104809,1,2026-07-22T08:54:58.247694Z,17113,spawn,25,17657,2,1044525,6553,Garbage Flea,SimpleChar:7988C91C,12,727a9b5add98ee0b,3564.41772,5.110001,863.121338,3561.94482,5.110001,865.349792,0,2
20260722-104809:m06281,20260722-104809,1,2026-07-22T08:55:26.502144Z,17921,spawn,25,17657,2,1044525,6553,Garbage Flea,SimpleChar:7988C91C,13,6d44dea0df9fe0b4,3560.47412,5.110001,865.593079,3565.6394,5.499601,862.281555,3.283248,2
20260722-104809:m06331,20260722-104809,1,2026-07-22T08:55:29.785392Z,18016,spawn,25,17657,2,1044525,6553,Garbage Flea,SimpleChar:7988C91C,13,727a9b5add98ee0b,3564.6145,5.110001,862.970581,3561.94482,5.110001,865.349792,0,2
20260722-104809:m06693,20260722-104809,1,2026-07-22T08:55:57.871783Z,18827,spawn,25,17657,2,1044525,6553,Garbage Flea,SimpleChar:7988C91C,14,6d44dea0df9fe0b4,3560.67896,5.110001,865.561829,3565.6394,5.499601,862.281555,3.080514,2
20260722-104809:m06734,20260722-104809,1,2026-07-22T08:56:00.952297Z,18912,spawn,25,17657,2,1044525,6553,Garbage Flea,SimpleChar:7988C91C,14,727a9b5add98ee0b,3564.45996,5.110001,863.102844,3561.94482,5.110001,865.349792,0,2
20260722-104809:m06890,20260722-104809,1,2026-07-22T08:56:32.275541Z,20185,spawn,25,17657,2,1044525,6553,Garbage Flea,SimpleChar:7988C91C,15,727a9b5add98ee0b,3564.58667,5.110001,862.992432,3561.94482,5.110001,865.349792,0,2
20260722-104809:m06927,20260722-104809,1,2026-07-22T08:56:44.999671Z,20928,spawn,25,17657,2,1044525,6553,Garbage Flea,SimpleChar:7988C91C,16,34229093c7bc1fef,3554.18604,5.110001,872.950439,3557.99219,5.376914,877.186279,3.065015,2
20260722-104809:m06932,20260722-104809,1,2026-07-22T08:56:48.064686Z,21073,spawn,25,17657,2,1044525,6553,Garbage Flea,SimpleChar:7988C91C,16,0d2d9dabcf231bc3,3557.10474,5.175397,876.26239,3554.36035,5.110001,874.144592,0,2
20260722-104809:m07024,20260722-104809,1,2026-07-22T08:57:21.935365Z,22772,spawn,25,17657,2,1044525,6553,Garbage Flea,SimpleChar:7988C91C,17,41c671c5fc54e784,3555.38745,5.110001,874.982788,3552.54932,5.110001,868.246155,0,2
20260722-104809:m03925,20260722-104809,1,2026-07-22T08:51:59.409060Z,10818,spawn,25,17657,2,1044525,6553,Garbage Flea,SimpleChar:7988C932,2,ab549a0173fce210,3521.81982,5.110001,888.808777,3529.69067,5.110001,890.653748,0,2
20260722-104809:m06926,20260722-104809,1,2026-07-22T08:56:44.158793Z,20780,spawn,25,17657,2,1044525,6553,Garbage Flea,SimpleChar:7988C932,3,48ee15035d6c15f4,3529.86816,5.110001,891.89624,3523.15503,5.110001,888.183289,4.368576,2
20260722-104809:m06936,20260722-104809,1,2026-07-22T08:56:48.527369Z,21115,spawn,25,17657,2,1044525,6553,Garbage Flea,SimpleChar:7988C932,3,2d6146c8df72a8bd,3524.44116,5.110001,888.821716,3518.65234,5.110001,890.214111,0,2
20260722-104809:m06951,20260722-104809,1,2026-07-22T08:56:53.971000Z,21451,spawn,25,17657,2,1044525,6553,Garbage Flea,SimpleChar:7988C932,4,ab549a0173fce210,3521.88208,5.110001,888.785034,3529.69067,5.110001,890.653748,0,2
20260722-104809:m07022,20260722-104809,1,2026-07-22T08:57:20.982399Z,22725,spawn,25,17657,2,1044525,6553,Garbage Flea,SimpleChar:7988C932,5,48ee15035d6c15f4,3529.87158,5.110001,891.918579,3523.15503,5.110001,888.183289,0,2
20260722-104809:m07036,20260722-104809,1,2026-07-22T08:57:31.399948Z,22920,spawn,25,17657,2,1044525,6553,Garbage Flea,SimpleChar:7988C932,6,0a07692eed3b68fe,3522.05981,5.110001,888.688171,3529.69067,5.110001,890.653748,0,2
20260722-104809:m07106,20260722-104809,1,2026-07-22T08:58:07.724597Z,23855,spawn,25,17657,2,1044525,6553,Garbage Flea,SimpleChar:7988C932,7,0a07692eed3b68fe,3521.96191,5.110001,888.745422,3529.69067,5.110001,890.653748,0,2
20260722-104809:m09090,20260722-104809,1,2026-07-22T09:04:41.865850Z,34815,spawn,25,17657,2,1044525,6553,Garbage Flea,SimpleChar:7988C932,8,48ee15035d6c15f4,3529.87671,5.110001,891.962036,3523.15503,5.110001,888.183289,4.400395,2
20260722-104809:m09103,20260722-104809,1,2026-07-22T09:04:46.266245Z,34960,spawn,25,17657,2,1044525,6553,Garbage Flea,SimpleChar:7988C932,8,2d6146c8df72a8bd,3524.2876,5.110001,888.755737,3518.65234,5.110001,890.214111,0,2
20260722-104809:m09312,20260722-104809,1,2026-07-22T09:07:04.380048Z,37911,spawn,25,17657,2,1044525,6553,Garbage Flea,SimpleChar:7988C932,9,748ee260b37d56d7,3530.82227,5.110001,898.663574,3529.69067,5.110001,890.653748,0,2
20260722-104809:m09349,20260722-104809,1,2026-07-22T09:07:18.453524Z,38680,spawn,25,17657,2,1044525,6553,Garbage Flea,SimpleChar:7988C932,10,ab549a0173fce210,3521.90723,5.110001,888.773254,3529.69067,5.110001,890.653748,0,2
20260722-104809:m00039,20260722-104809,1,2026-07-22T08:48:12.059915Z,159,spawn,95,96056,2,1044525,6553,Bureaucrat Worker,SimpleChar:7988C997,1,1bf6c06b5e8e4e62,3612.4751,51.924995,791.866943,3609.99023,52.634998,791.439758,0.604246,2
20260722-104809:m00048,20260722-104809,1,2026-07-22T08:48:12.664161Z,198,spawn,95,96056,2,1044525,6553,Bureaucrat Worker,SimpleChar:7988C997,1,58aeff5ef55826a5,3610.97314,52.134998,791.608765,3607.77319,52.634998,792.216736,0.930509,2
20260722-104809:m00058,20260722-104809,1,2026-07-22T08:48:13.594670Z,276,spawn,95,96056,2,1044525,6553,Bureaucrat Worker,SimpleChar:7988C997,1,24e74625487f86a1,3608.61719,52.134998,792.056335,3605.34497,52.634998,789.063904,0,2
20260722-104809:m09088,20260722-104809,1,2026-07-22T09:04:41.531185Z,34795,spawn,25,17657,6,1044525,6553,Garbage Flea,SimpleChar:7988C9A3,2,29b858d6084523ad,3453.68823,0.01,847.750488,3454.35864,0.892165,841.742859,0,2
20260722-104809:m09805,20260722-104809,1,2026-07-22T09:10:50.711686Z,47176,spawn,25,17657,6,1044525,6553,Garbage Flea,SimpleChar:7988C9A3,3,e6495f7bb0673d03,3451.47534,0.01,853.63324,3454.21289,0.892165,846.437866,0,2
20260722-104809:m10672,20260722-104809,1,2026-07-22T09:21:50.596293Z,63043,spawn,25,17657,6,1044525,6553,Garbage Flea,SimpleChar:7988C9A3,5,17e6695148aa5b4d,3454.22559,0.01,843.114197,3452.00659,1.284509,864.994385,0,2
20260722-104809:m07352,20260722-104809,1,2026-07-22T09:00:15.448597Z,28346,spawn,25,17657,6,1044525,6553,Garbage Flea,SimpleChar:7988C9A6,1,ef7ea2f4caa7210d,3448.78491,1.99604,893.529419,3453.75146,1.025606,873.921082,0,2
20260722-104809:m09703,20260722-104809,1,2026-07-22T09:09:48.454936Z,45569,spawn,25,17657,6,1044525,6553,Garbage Flea,SimpleChar:7988C9A6,4,e8878707afd9e40a,3453.24878,0.01,884.858093,3450.05835,0.636057,889.84906,0,2
20260722-104809:m09729,20260722-104809,1,2026-07-22T09:10:17.301506Z,45956,spawn,25,17657,6,1044525,6553,Garbage Flea,SimpleChar:7988C9A6,5,85fde30ee5037a15,3453.25269,0.01,884.790161,3450.05835,0.636057,889.84906,0,2
20260722-104809:m09789,20260722-104809,1,2026-07-22T09:10:46.198348Z,46968,spawn,25,17657,6,1044525,6553,Garbage Flea,SimpleChar:7988C9A6,6,040880335ff56233,3453.2583,0.01,884.669861,3450.05835,0.636057,889.84906,0,2
20260722-104809:m10270,20260722-104809,1,2026-07-22T09:17:32.403062Z,57003,spawn,25,17657,6,1044525,6553,Garbage Flea,SimpleChar:7988C9A6,8,040880335ff56233,3453.26172,0.01,884.632202,3450.05835,0.636057,889.84906,0,2
20260722-104809:m10294,20260722-104809,1,2026-07-22T09:18:01.746386Z,57198,spawn,25,17657,6,1044525,6553,Garbage Flea,SimpleChar:7988C9A6,9,040880335ff56233,3453.26025,0.01,884.660767,3450.05835,0.636057,889.84906,0,2
20260722-104809:m10319,20260722-104809,1,2026-07-22T09:18:30.838574Z,57330,spawn,25,17657,6,1044525,6553,Garbage Flea,SimpleChar:7988C9A6,10,e8878707afd9e40a,3453.24878,0.01,884.869995,3450.05835,0.636057,889.84906,0,2
20260722-104809:m10371,20260722-104809,1,2026-07-22T09:18:59.975045Z,57885,spawn,25,17657,6,1044525,6553,Garbage Flea,SimpleChar:7988C9A6,11,85fde30ee5037a15,3453.25415,0.01,884.786072,3450.05835,0.636057,889.84906,0,2
20260722-104809:m10420,20260722-104809,1,2026-07-22T09:19:21.773950Z,59018,spawn,25,17657,6,1044525,6553,Garbage Flea,SimpleChar:7988C9A6,12,846867fa2b314dfe,3453.61865,0.01,875.146179,3453.51245,0.636055,879.729492,0,2
20260722-104809:m10484,20260722-104809,1,2026-07-22T09:19:58.396371Z,59343,spawn,25,17657,6,1044525,6553,Garbage Flea,SimpleChar:7988C9A6,13,040880335ff56233,3453.26221,0.01,884.594849,3450.05835,0.636057,889.84906,0,2
20260722-104809:m10670,20260722-104809,1,2026-07-22T09:21:50.596293Z,63041,spawn,25,17657,6,1044525,6553,Garbage Flea,SimpleChar:7988C9A6,14,837b1d9cc718aee1,3453.55615,0.01,878.409363,3453.19116,0.636056,886.086365,0,2
20260722-104809:m00159,20260722-104809,1,2026-07-22T08:48:22.339259Z,759,spawn,1019,297023,1,1044525,6553,Malfunctioning Cleaning Robot,SimpleChar:7988C9BF,1,5912ba65c2bfcff7,3597.79761,51.744999,773.585571,3598.79004,52.5,786.785767,0,2
20260722-104809:m00160,20260722-104809,1,2026-07-22T08:48:22.531852Z,761,spawn,1019,297023,1,1044525,6553,Malfunctioning Cleaning Robot,SimpleChar:7988C9C1,1,0854cd72937e81d5,3609.24878,51.744999,795.035217,3622.71313,52.5,799.087463,0,2
20260722-104809:m07354,20260722-104809,1,2026-07-22T09:00:16.080931Z,28372,spawn,25,17657,6,1044525,6553,Garbage Flea,SimpleChar:7988C9C2,1,370fa6fde4c7ab20,3453.10352,0.01,809.341858,3449.17236,0.484349,812.813599,0,2
20260722-104809:m09086,20260722-104809,1,2026-07-22T09:04:40.749904Z,34760,spawn,25,17657,6,1044525,6553,Garbage Flea,SimpleChar:7988C9C2,2,181059c481fa0f7d,3451.35498,0.01,813.637939,3453.63281,0.48435,808.106934,0,2
20260722-104809:m10675,20260722-104809,1,2026-07-22T09:21:54.103520Z,63111,spawn,25,17657,6,1044525,6553,Garbage Flea,SimpleChar:7988C9C2,3,589983eb6f47540e,3450.16943,0.01,818.624512,3451.69238,0.484349,812.295288,0,2
20260722-104809:m00483,20260722-104809,1,2026-07-22T08:48:50.101439Z,2177,spawn,1019,297023,1,1044525,6553,Cleaning Robot,SimpleChar:7988C9C5,1,9ee4cc142b611d5a,3620.13745,51.744999,780.874268,3614.75854,52.5,795.821838,0,2
20260722-104809:m00462,20260722-104809,1,2026-07-22T08:48:48.330252Z,2138,spawn,1019,297023,1,1044525,6553,Cleaning Robot,SimpleChar:7988C9C6,1,9ee4cc142b611d5a,3620.13745,51.744999,780.874268,3615.16602,52.5,795.750122,0,2
20260722-104809:m00503,20260722-104809,1,2026-07-22T08:48:51.942045Z,2239,spawn,1019,297023,1,1044525,6553,Cleaning Robot,SimpleChar:7988C9C7,1,9ee4cc142b611d5a,3620.13745,51.744999,780.874268,3615.23242,52.5,795.810303,0,2
20260722-104809:m00492,20260722-104809,1,2026-07-22T08:48:51.081665Z,2195,spawn,1019,297023,1,1044525,6553,Cleaning Robot,SimpleChar:7988C9C8,1,b45d0bce7aaa39ea,3620.13745,51.744999,780.874268,3598.28979,52.5,785.921997,0,2
20260722-104809:m00497,20260722-104809,1,2026-07-22T08:48:51.452815Z,2208,spawn,1019,297023,1,1044525,6553,Cleaning Robot,SimpleChar:7988C9C9,1,4161918c7c202d59,3620.13745,51.744999,780.874268,3613.29517,52.5,783.053467,0,2
20260722-104809:m00458,20260722-104809,1,2026-07-22T08:48:48.130123Z,2134,spawn,1019,297023,1,1044525,6553,Cleaning Robot,SimpleChar:7988C9CA,1,b152ef8cc46bc966,3620.13745,51.744999,780.874268,3598.23218,52.5,786.190002,0,2
20260722-104809:m00514,20260722-104809,1,2026-07-22T08:48:52.816557Z,2284,spawn,1019,297023,1,1044525,6553,Cleaning Robot,SimpleChar:7988C9CC,1,b45d0bce7aaa39ea,3620.11499,51.744999,781.074768,3598.2749,52.5,786.120239,0,2
20260722-104809:m00564,20260722-104809,1,2026-07-22T08:48:56.319773Z,2477,spawn,1019,297023,1,1044525,6553,Cleaning Robot,SimpleChar:7988C9CE,1,9ee4cc142b611d5a,3620.12549,51.744999,780.980652,3614.75562,52.5,795.826111,0,2
20260722-104809:m00515,20260722-104809,1,2026-07-22T08:48:52.816557Z,2285,spawn,1019,297023,1,1044525,6553,Cleaning Robot,SimpleChar:7988C9CF,1,95837492ded9c2c7,3620.12549,51.744999,780.980957,3613.17432,52.5,783.244141,0,2
20260722-104809:m00508,20260722-104809,1,2026-07-22T08:48:52.353375Z,2271,spawn,1019,297023,1,1044525,6553,Cleaning Robot,SimpleChar:7988C9D0,1,1236a192e0e1d484,3620.08862,51.744999,781.194824,3613.14844,52.5,783.260681,3.966398,2
20260722-104809:m00560,20260722-104809,1,2026-07-22T08:48:56.319773Z,2473,spawn,1019,297023,1,1044525,6553,Cleaning Robot,SimpleChar:7988C9D0,1,fdf7c105b3d66c91,3614.08569,52.134998,783.019836,3613.27051,52.5,782.870056,0,2
20260722-104809:m00565,20260722-104809,1,2026-07-22T08:48:56.319773Z,2478,spawn,1019,297023,1,1044525,6553,Cleaning Robot,SimpleChar:7988C9D0,1,0714082c60d62d81,3614.08569,52.134998,783.019836,3613.14893,52.5,782.739624,0,2
20260722-104809:m00543,20260722-104809,1,2026-07-22T08:48:54.841039Z,2437,spawn,1019,297023,1,1044525,6553,Cleaning Robot,SimpleChar:7988C9D1,1,4161918c7c202d59,3620.12549,51.744999,780.980957,3613.28223,52.5,783.101807,0,2
20260722-104809:m00584,20260722-104809,1,2026-07-22T08:48:57.151115Z,2505,spawn,1019,297023,1,1044525,6553,Malfunctioning Cleaning Robot,SimpleChar:7988C9D2,1,17e96a99b6cfd1da,3606.71631,51.744999,801.372498,3599.28809,52.5,786.916565,0,2
20260722-104809:m00583,20260722-104809,1,2026-07-22T08:48:56.958036Z,2504,spawn,1019,297023,1,1044525,6553,Malfunctioning Cleaning Robot,SimpleChar:7988C9D3,1,9fc9b73b4105d272,3605.58594,51.744999,774.188354,3599.24316,52.5,786.824341,0,2
20260722-104809:m00591,20260722-104809,1,2026-07-22T08:48:57.151618Z,2512,spawn,1019,297023,1,1044525,6553,Malfunctioning Cleaning Robot,SimpleChar:7988C9D4,1,0bb09694eaebc9b7,3607.83374,52.134998,782.970093,3597.2749,52.5,771.879883,0,2
20260722-104809:m00572,20260722-104809,1,2026-07-22T08:48:56.746434Z,2487,spawn,1019,297023,1,1044525,6553,Cleaning Robot,SimpleChar:7988C9D5,1,d2b63400904691c5,3623.62378,51.744999,787.32019,3598.29639,52.5,786.046021,0,2
20260722-104809:m00619,20260722-104809,1,2026-07-22T08:48:58.448493Z,2547,spawn,1019,297023,1,1044525,6553,Cleaning Robot,SimpleChar:7988C9D6,1,51bfb57ae9e2417d,3623.62378,51.744999,787.32019,3613.16357,52.5,783.251465,0,2
20260722-104809:m00627,20260722-104809,1,2026-07-22T08:48:58.610624Z,2555,spawn,1019,297023,1,1044525,6553,Cleaning Robot,SimpleChar:7988C9D7,1,99e0a2bc83ec009f,3623.62378,51.744999,787.32019,3615.2876,52.5,796.085632,0,2
20260722-104809:m00585,20260722-104809,1,2026-07-22T08:48:57.151115Z,2506,spawn,1019,297023,1,1044525,6553,Cleaning Robot,SimpleChar:7988C9D8,1,4d591420d193423f,3623.62378,51.744999,787.32019,3613.19043,52.5,783.23175,0,2
20260722-104809:m00592,20260722-104809,1,2026-07-22T08:48:57.403860Z,2513,spawn,1019,297023,1,1044525,6553,Cleaning Robot,SimpleChar:7988C9D9,1,e371241bfb7fd58a,3623.62378,51.744999,787.32019,3615.22046,52.5,796.203491,0,2
20260722-104809:m00655,20260722-104809,1,2026-07-22T08:48:59.790667Z,2615,spawn,1019,297023,1,1044525,6553,Cleaning Robot,SimpleChar:7988C9DA,1,d0b8bf55b06792ce,3623.62378,51.744999,787.32019,3613.2981,52.5,782.966309,0,2
20260722-104809:m01223,20260722-104809,1,2026-07-22T08:49:19.419980Z,3594,spawn,1019,297023,1,1044525,6553,Malfunctioning Cleaning Robot,SimpleChar:7988C9DF,1,6f41b104a905f969,3617.75562,51.744999,784.565247,3602.09399,52.5,787.715088,0,2
20260722-104809:m01559,20260722-104809,1,2026-07-22T08:49:32.204371Z,4357,spawn,1019,297023,1,1044525,6553,Malfunctioning Cleaning Robot,SimpleChar:7988C9E2,1,c615fc3f2d839777,3619.90723,51.744999,799.652649,3594.25024,52.5,800.165466,0,2
20260722-104809:m01643,20260722-104809,1,2026-07-22T08:49:35.314804Z,4504,spawn,1019,297023,1,1044525,6553,Cleaning Robot,SimpleChar:7988C9E3,1,0117f1f25cd7d5ed,3620.42285,31.205,877.653076,3615.61719,30.409613,879.195801,2.542329,2
20260722-104809:m01711,20260722-104809,1,2026-07-22T08:49:37.857133Z,4635,spawn,1019,297023,1,1044525,6553,Cleaning Robot,SimpleChar:7988C9E3,1,ce7bb3a6a9d1cebd,3616.9292,30.942089,878.80658,3609.57666,28.225946,878.747559,0,2
20260722-104809:m02935,20260722-104809,1,2026-07-22T08:50:39.159335Z,7934,spawn,1019,297023,1,1044525,6553,Cleaning Robot,SimpleChar:7988C9E3,2,d7f27161c0dc4ff7,3606.54663,27.154249,876.953979,3613.78589,29.743073,875.488525,0,2
20260722-104809:m03887,20260722-104809,1,2026-07-22T08:51:53.865533Z,10463,spawn,1019,297023,1,1044525,6553,Cleaning Robot,SimpleChar:7988C9E3,3,d7f27161c0dc4ff7,3606.47534,27.128241,877.017761,3613.78589,29.743073,875.488525,0,2
20260722-104809:m04677,20260722-104809,1,2026-07-22T08:53:08.881317Z,13535,spawn,1019,297023,1,1044525,6553,Cleaning Robot,SimpleChar:7988C9E3,4,d7f27161c0dc4ff7,3606.38647,27.09582,877.053894,3613.78589,29.743073,875.488525,0,2
20260722-104809:m05594,20260722-104809,1,2026-07-22T08:54:24.169766Z,16036,spawn,1019,297023,1,1044525,6553,Cleaning Robot,SimpleChar:7988C9E3,5,d7f27161c0dc4ff7,3606.38281,27.094484,877.053467,3613.78589,29.743073,875.488525,0,2
20260722-104809:m06451,20260722-104809,1,2026-07-22T08:55:39.474522Z,18296,spawn,1019,297023,1,1044525,6553,Cleaning Robot,SimpleChar:7988C9E3,6,d7f27161c0dc4ff7,3606.53418,27.149706,876.983765,3613.78589,29.743073,875.488525,0,2
20260722-104809:m01788,20260722-104809,1,2026-07-22T08:49:40.624904Z,4881,spawn,1019,297023,1,1044525,6553,Malfunctioning Cleaning Robot,SimpleChar:7988C9E4,1,0f9e181fff2c8e94,3607.76245,51.744999,800.056335,3601.92993,52.5,788.291687,0,2
20260722-104809:m01800,20260722-104809,1,2026-07-22T08:49:40.783957Z,4915,spawn,1019,297023,1,1044525,6553,Malfunctioning Cleaning Robot,SimpleChar:7988C9E8,1,e2d6d13df527de25,3607.83618,51.744999,800.01416,3599.27905,52.5,786.889587,0,2
20260722-104809:m01831,20260722-104809,1,2026-07-22T08:49:41.940828Z,5001,spawn,1019,297023,1,1044525,6553,Malfunctioning Cleaning Robot,SimpleChar:7988C9EA,1,65fa1564c65b5773,3609.12256,51.744999,797.543335,3623.02466,52.5,798.700989,0,2
20260722-104809:m01901,20260722-104809,1,2026-07-22T08:49:45.243042Z,5188,spawn,1019,297023,1,1044525,6553,Malfunctioning Cleaning Robot,SimpleChar:7988C9EB,1,21d4b1714d093975,3609.04688,51.744999,797.80365,3602.177,52.5,788.242188,0,2
20260722-104809:m01882,20260722-104809,1,2026-07-22T08:49:44.429069Z,5154,spawn,1019,297023,1,1044525,6553,Malfunctioning Cleaning Robot,SimpleChar:7988C9EC,1,95fb74f454ab4701,3609.12939,51.744999,797.551331,3599.29883,52.5,786.973877,0,2
20260722-104809:m01902,20260722-104809,1,2026-07-22T08:49:45.243042Z,5189,spawn,1019,297023,1,1044525,6553,Malfunctioning Cleaning Robot,SimpleChar:7988C9F0,1,0f9e181fff2c8e94,3608.05737,51.744999,800.019653,3602.00952,52.5,788.299866,0,2
20260722-104809:m01893,20260722-104809,1,2026-07-22T08:49:44.791836Z,5167,spawn,1019,297023,1,1044525,6553,Malfunctioning Cleaning Robot,SimpleChar:7988C9F2,1,0b34bdd74809f445,3609.08765,51.744999,797.605164,3610.86157,52.5,778.266113,0,2
20260722-104809:m01929,20260722-104809,1,2026-07-22T08:49:47.376255Z,5275,spawn,1019,297023,1,1044525,6553,Malfunctioning Cleaning Robot,SimpleChar:7988C9F3,1,ebe13c82d279c3f3,3607.81519,51.744999,800.033875,3594.1543,52.5,799.742737,0,2
20260722-104809:m02055,20260722-104809,1,2026-07-22T08:49:52.849455Z,5703,spawn,1019,297023,1,1044525,6553,Malfunctioning Cleaning Robot,SimpleChar:7988C9F4,1,90c8aa85af46aa39,3609.39136,51.744999,796.116028,3611.13159,52.5,778.269592,0,2
20260722-104809:m02079,20260722-104809,1,2026-07-22T08:49:53.978423Z,5788,spawn,1019,297023,1,1044525,6553,Malfunctioning Cleaning Robot,SimpleChar:7988C9F6,1,95fb74f454ab4701,3609.11206,51.744999,797.597656,3599.29639,52.5,787.046448,0,2
20260722-104809:m02179,20260722-104809,1,2026-07-22T08:49:59.518203Z,6057,spawn,1019,297023,1,1044525,6553,Malfunctioning Cleaning Robot,SimpleChar:7988C9F7,1,8ad6faf588755bea,3594.17334,51.744999,772.951843,3596.93066,52.5,772.291931,0,2
20260722-104809:m02378,20260722-104809,1,2026-07-22T08:50:07.315076Z,6534,spawn,1019,297023,1,1044525,6553,Malfunctioning Cleaning Robot,SimpleChar:7988C9FA,1,21cee17823d46e81,3594.17627,51.744999,772.966064,3602.22485,52.5,787.801392,0,2
20260722-104809:m02333,20260722-104809,1,2026-07-22T08:50:05.867127Z,6454,spawn,1019,297023,1,1044525,6553,Malfunctioning Cleaning Robot,SimpleChar:7988C9FB,1,21cee17823d46e81,3594.1731,51.744999,772.948059,3602.24341,52.5,787.824463,0,2
20260722-104809:m02414,20260722-104809,1,2026-07-22T08:50:08.800856Z,6602,spawn,1019,297023,1,1044525,6553,Malfunctioning Cleaning Robot,SimpleChar:7988C9FD,1,b96a188345041b3c,3594.17749,51.744999,772.973999,3599.18604,52.5,786.764648,0,2
20260722-104809:m02543,20260722-104809,1,2026-07-22T08:50:17.557912Z,6982,spawn,1019,297023,1,1044525,6553,Malfunctioning Cleaning Robot,SimpleChar:7988C9FE,1,8c959d32e42de9b6,3617.57837,51.744999,785.37262,3602.23804,52.5,788.182556,0,2
20260722-104809:m03961,20260722-104809,1,2026-07-22T08:52:13.580061Z,11288,spawn,1019,297023,1,1044525,6553,Malfunctioning Cleaning Robot,SimpleChar:7988C9FE,2,db415c2f957a92ed,3597.21655,51.744999,773.00354,3597.29224,52.5,772.067627,0.120549,2
20260722-104809:m03964,20260722-104809,1,2026-07-22T08:52:13.700610Z,11330,spawn,1019,297023,1,1044525,6553,Malfunctioning Cleaning Robot,SimpleChar:7988C9FE,2,db415c2f957a92ed,3597.21655,51.744999,773.00354,3597.27222,52.5,772.126343,0.238609,2
20260722-104809:m03970,20260722-104809,1,2026-07-22T08:52:13.939219Z,11360,spawn,1019,297023,1,1044525,6553,Malfunctioning Cleaning Robot,SimpleChar:7988C9FE,2,a684a9619c888921,3597.21655,51.744999,773.00354,3597.15845,52.5,772.2547,0.234116,2
20260722-104809:m03973,20260722-104809,1,2026-07-22T08:52:14.173335Z,11370,spawn,1019,297023,1,1044525,6553,Malfunctioning Cleaning Robot,SimpleChar:7988C9FE,2,ff767ee04c0d5436,3597.21655,51.744999,773.00354,3596.81616,52.5,772.237122,0.283111,2
20260722-104809:m03977,20260722-104809,1,2026-07-22T08:52:14.456446Z,11381,spawn,1019,297023,1,1044525,6553,Malfunctioning Cleaning Robot,SimpleChar:7988C9FE,2,4a22c5dcd24c0a7b,3597.21655,51.744999,773.00354,3596.70703,52.5,772.064087,0,2
20260722-104809:m07555,20260722-104809,1,2026-07-22T09:02:13.381719Z,29711,spawn,25,17657,5,1044525,6553,Garbage Flea,SimpleChar:7988CA06,1,bb08c1d846fd4de6,3447.0542,0.01,806.140869,3449.11646,0.132882,802.361572,0,2
20260722-104809:m09096,20260722-104809,1,2026-07-22T09:04:43.856591Z,34883,spawn,25,17657,5,1044525,6553,Garbage Flea,SimpleChar:7988CA06,2,bb08c1d846fd4de6,3446.84375,0.01,806.143066,3449.11646,0.132882,802.361572,0,2
20260722-104809:m10714,20260722-104809,1,2026-07-22T09:22:18.282432Z,63279,spawn,25,17657,5,1044525,6553,Garbage Flea,SimpleChar:7988CA06,3,bb08c1d846fd4de6,3447.0332,0.01,806.140808,3449.11646,0.132882,802.361572,0,2
20260722-104809:m10944,20260722-104809,1,2026-07-22T09:24:48.575746Z,64808,spawn,25,17657,5,1044525,6553,Garbage Flea,SimpleChar:7988CA06,4,bb08c1d846fd4de6,3446.83667,0.01,806.143005,3449.11646,0.132882,802.361572,0,2
20260722-104809:m11167,20260722-104809,1,2026-07-22T09:27:19.847362Z,65773,spawn,25,17657,5,1044525,6553,Garbage Flea,SimpleChar:7988CA06,5,bb08c1d846fd4de6,3447.07373,0.01,806.139099,3449.11646,0.132882,802.361572,0,2
20260722-104809:m11432,20260722-104809,1,2026-07-22T09:29:50.136995Z,66636,spawn,25,17657,5,1044525,6553,Garbage Flea,SimpleChar:7988CA06,6,bb08c1d846fd4de6,3446.87964,0.01,806.143555,3449.11646,0.132882,802.361572,0,2
20260722-104809:m11722,20260722-104809,1,2026-07-22T09:32:20.880807Z,67522,spawn,25,17657,5,1044525,6553,Garbage Flea,SimpleChar:7988CA06,7,bb08c1d846fd4de6,3446.84375,0.01,806.143677,3449.11646,0.132882,802.361572,0,2
20260722-104809:m12036,20260722-104809,1,2026-07-22T09:35:07.407268Z,68547,spawn,25,17657,5,1044525,6553,Garbage Flea,SimpleChar:7988CA06,8,bb08c1d846fd4de6,3447.09277,0.01,806.139954,3449.11646,0.132882,802.361572,0,2
20260722-104809:m12328,20260722-104809,1,2026-07-22T09:37:37.949696Z,69626,spawn,25,17657,5,1044525,6553,Garbage Flea,SimpleChar:7988CA06,9,bb08c1d846fd4de6,3446.95532,0.01,806.140564,3449.11646,0.132882,802.361572,0,2
20260722-104809:m12600,20260722-104809,1,2026-07-22T09:40:08.536973Z,70699,spawn,25,17657,5,1044525,6553,Garbage Flea,SimpleChar:7988CA06,10,bb08c1d846fd4de6,3446.87085,0.01,806.142639,3449.11646,0.132882,802.361572,0,2
20260722-104809:m12862,20260722-104809,1,2026-07-22T09:42:39.344773Z,72027,spawn,25,17657,5,1044525,6553,Garbage Flea,SimpleChar:7988CA06,11,bb08c1d846fd4de6,3446.94702,0.01,806.141296,3449.11646,0.132882,802.361572,0,2
20260722-104809:m02978,20260722-104809,1,2026-07-22T08:50:42.754797Z,8038,spawn,1019,297023,1,1044525,6553,Malfunctioning Cleaning Robot,SimpleChar:7988CA07,1,54506321ced56174,3606.4104,51.744999,801.061157,3622.80835,52.5,798.769165,0,2
20260722-104809:m03255,20260722-104809,1,2026-07-22T08:51:06.564688Z,8771,spawn,1019,297023,1,1044525,6553,Malfunctioning Cleaning Robot,SimpleChar:7988CA0B,1,e1b624186dfc90ef,3607.63623,52.134998,782.470947,3610.95532,52.5,778.296631,0,2
20260722-104809:m03283,20260722-104809,1,2026-07-22T08:51:08.286345Z,8815,spawn,1019,297023,1,1044525,6553,Malfunctioning Cleaning Robot,SimpleChar:7988CA0E,1,7a3f0b4a5c88bd26,3605.88232,51.744999,773.659302,3593.89526,52.5,799.718811,0,2
20260722-104809:m03594,20260722-104809,1,2026-07-22T08:51:31.972451Z,9623,spawn,1019,297023,1,1044525,6553,Malfunctioning Cleaning Robot,SimpleChar:7988CA12,1,fc90ce4df5a3feaf,3607.01587,51.744999,801.301636,3597.02124,52.5,772.299255,0,2
20260722-104809:m03983,20260722-104809,1,2026-07-22T08:52:14.938127Z,11422,spawn,1019,297023,1,1044525,6553,Malfunctioning Cleaning Robot,SimpleChar:7988CA12,2,aa44dbb687bb7e6d,3600.91772,52.134998,787.43866,3601.78223,52.5,788.206482,0.200578,2
20260722-104809:m03989,20260722-104809,1,2026-07-22T08:52:15.138705Z,11446,spawn,1019,297023,1,1044525,6553,Malfunctioning Cleaning Robot,SimpleChar:7988CA12,2,16fe58e45f1d73a2,3601.0376,52.134998,787.545105,3601.9812,52.5,787.700562,0.251104,2
20260722-104809:m03992,20260722-104809,1,2026-07-22T08:52:15.389809Z,11460,spawn,1019,297023,1,1044525,6553,Malfunctioning Cleaning Robot,SimpleChar:7988CA12,2,a53b955f50481e01,3601.0376,52.134998,787.545105,3601.70239,52.5,788.038635,0.200084,2
20260722-104809:m03999,20260722-104809,1,2026-07-22T08:52:15.589893Z,11467,spawn,1019,297023,1,1044525,6553,Malfunctioning Cleaning Robot,SimpleChar:7988CA12,2,b916a67c7dc7ffdb,3601.0376,52.134998,787.545105,3601.86646,52.5,788.268555,0,2
20260722-104809:m03785,20260722-104809,1,2026-07-22T08:51:46.373039Z,10244,spawn,1019,297023,1,1044525,6553,Malfunctioning Cleaning Robot,SimpleChar:7988CA14,1,db64962dabcd35a3,3598.23486,51.744999,773.597351,3599.12036,52.5,786.72522,0,2
20260722-104809:m04002,20260722-104809,1,2026-07-22T08:52:15.741082Z,11486,spawn,1019,297023,1,1044525,6553,Malfunctioning Cleaning Robot,SimpleChar:7988CA14,2,b509ad96c11cb03d,3597.302,51.744999,773.191956,3597.29932,52.5,772.019653,0.443179,2
20260722-104809:m04007,20260722-104809,1,2026-07-22T08:52:16.184261Z,11495,spawn,1019,297023,1,1044525,6553,Malfunctioning Cleaning Robot,SimpleChar:7988CA14,2,b509ad96c11cb03d,3597.302,51.744999,773.015137,3597.2981,52.5,772.032898,0.203085,2
20260722-104809:m04010,20260722-104809,1,2026-07-22T08:52:16.387346Z,11499,spawn,1019,297023,1,1044525,6553,Malfunctioning Cleaning Robot,SimpleChar:7988CA14,2,b509ad96c11cb03d,3597.302,51.744999,773.015137,3597.25635,52.5,772.155701,0.444222,2
20260722-104809:m04013,20260722-104809,1,2026-07-22T08:52:16.831568Z,11512,spawn,1019,297023,1,1044525,6553,Malfunctioning Cleaning Robot,SimpleChar:7988CA14,2,a93824fe3578eee4,3597.302,51.744999,773.015137,3596.82739,52.5,772.245361,0,2
20260722-104809:m04016,20260722-104809,1,2026-07-22T08:52:16.831568Z,11522,spawn,1019,297023,1,1044525,6553,Malfunctioning Cleaning Robot,SimpleChar:7988CA14,2,a93824fe3578eee4,3597.302,51.744999,773.015137,3597.23999,52.5,772.179932,0.193564,2
20260722-104809:m04021,20260722-104809,1,2026-07-22T08:52:17.025132Z,11527,spawn,1019,297023,1,1044525,6553,Malfunctioning Cleaning Robot,SimpleChar:7988CA14,2,a0bfd456bdd77f35,3597.302,51.744999,773.015137,3597.08081,52.5,772.288879,0.210078,2
20260722-104809:m04025,20260722-104809,1,2026-07-22T08:52:17.235210Z,11532,spawn,1019,297023,1,1044525,6553,Malfunctioning Cleaning Robot,SimpleChar:7988CA14,2,a93824fe3578eee4,3597.302,51.744999,773.015137,3596.78003,52.5,772.203918,0.330114,2
20260722-104809:m04030,20260722-104809,1,2026-07-22T08:52:17.565324Z,11538,spawn,1019,297023,1,1044525,6553,Malfunctioning Cleaning Robot,SimpleChar:7988CA14,2,b509ad96c11cb03d,3597.302,51.744999,773.015137,3597.2998,52.5,772.01355,0.204088,2
20260722-104809:m04033,20260722-104809,1,2026-07-22T08:52:17.769412Z,11551,spawn,1019,297023,1,1044525,6553,Malfunctioning Cleaning Robot,SimpleChar:7988CA14,2,a0bfd456bdd77f35,3597.302,51.744999,773.011902,3597.01855,52.5,772.299438,0.153157,2
20260722-104809:m04036,20260722-104809,1,2026-07-22T08:52:17.922569Z,11555,spawn,1019,297023,1,1044525,6553,Malfunctioning Cleaning Robot,SimpleChar:7988CA14,2,a0bfd456bdd77f35,3597.302,51.744999,773.011902,3597.16064,52.5,772.253418,0,2
20260722-104809:m04482,20260722-104809,1,2026-07-22T08:52:54.001491Z,12909,spawn,1019,297023,1,1044525,6553,Malfunctioning Cleaning Robot,SimpleChar:7988CA24,1,3a52ed32c2a6e297,3607.22314,52.134998,782.99762,3622.95215,52.5,798.703857,0,2
20260722-104809:m04495,20260722-104809,1,2026-07-22T08:52:54.682751Z,12940,spawn,1019,297023,1,1044525,6553,Malfunctioning Cleaning Robot,SimpleChar:7988CA26,1,5050805316f34a57,3606.35352,51.744999,774.177124,3597.07739,52.5,771.710144,0,2
20260722-104809:m04882,20260722-104809,1,2026-07-22T08:53:26.747805Z,14105,spawn,1019,297023,1,1044525,6553,Malfunctioning Cleaning Robot,SimpleChar:7988CA2A,1,b5d8e2f8b66346d7,3608.51709,51.744999,795.008118,3596.86597,52.5,772.268433,0,2
20260722-104809:m04988,20260722-104809,1,2026-07-22T08:53:35.252976Z,14488,spawn,1019,297023,1,1044525,6553,Malfunctioning Cleaning Robot,SimpleChar:7988CA2C,1,854e397ec5f1622f,3617.23413,51.744999,784.463989,3594.15332,52.5,799.742188,0,2
20260722-104809:m05040,20260722-104809,1,2026-07-22T08:53:39.037298Z,14626,spawn,1019,297023,1,1044525,6553,Malfunctioning Cleaning Robot,SimpleChar:7988CA2D,1,8edad101d890a664,3606.58936,53.244999,801.462891,3594.23169,52.5,800.190674,0,2
20260722-104809:m05099,20260722-104809,1,2026-07-22T08:53:44.214018Z,14805,spawn,1019,297023,1,1044525,6553,Malfunctioning Cleaning Robot,SimpleChar:7988CA2E,1,aa674f9158c294f0,3607.48755,52.134998,782.033691,3596.9812,52.5,772.299377,0,2
20260722-104809:m05765,20260722-104809,1,2026-07-22T08:54:40.926156Z,16580,spawn,1019,297023,1,1044525,6553,Malfunctioning Cleaning Robot,SimpleChar:7988CA37,1,ae80388a89932cc9,3619.83643,51.744999,799.837646,3622.7019,52.5,799.034058,1.864099,2
20260722-104809:m05784,20260722-104809,1,2026-07-22T08:54:42.790255Z,16615,spawn,1019,297023,1,1044525,6553,Malfunctioning Cleaning Robot,SimpleChar:7988CA37,1,e687d2609dfde0c0,3621.75952,51.744999,799.298157,3622.78076,52.5,799.204773,0.270106,2
20260722-104809:m05787,20260722-104809,1,2026-07-22T08:54:43.060361Z,16626,spawn,1019,297023,1,1044525,6553,Malfunctioning Cleaning Robot,SimpleChar:7988CA37,1,e687d2609dfde0c0,3621.79932,51.744999,799.294556,3622.78955,52.5,799.213745,0.187577,2
20260722-104809:m05790,20260722-104809,1,2026-07-22T08:54:43.247938Z,16677,spawn,1019,297023,1,1044525,6553,Malfunctioning Cleaning Robot,SimpleChar:7988CA37,1,771722a8445a505c,3621.79932,51.744999,799.294556,3622.70337,52.5,799.044067,0.180583,2
20260722-104809:m05793,20260722-104809,1,2026-07-22T08:54:43.428521Z,16685,spawn,1019,297023,1,1044525,6553,Malfunctioning Cleaning Robot,SimpleChar:7988CA37,1,d0c7ea2a51fe4bfe,3621.79932,51.744999,799.294556,3622.85254,52.5,799.261292,0.242145,2
20260722-104809:m05796,20260722-104809,1,2026-07-22T08:54:43.670666Z,16690,spawn,1019,297023,1,1044525,6553,Malfunctioning Cleaning Robot,SimpleChar:7988CA37,1,d0c7ea2a51fe4bfe,3621.85645,51.744999,799.292725,3622.98535,52.5,799.299622,0.434363,2
20260722-104809:m05801,20260722-104809,1,2026-07-22T08:54:44.105029Z,16712,spawn,1019,297023,1,1044525,6553,Malfunctioning Cleaning Robot,SimpleChar:7988CA37,1,b05594a3df93409c,3621.99878,51.744999,799.293579,3622.83496,52.5,798.749573,0.211151,2
20260722-104809:m05804,20260722-104809,1,2026-07-22T08:54:44.316180Z,16719,spawn,1019,297023,1,1044525,6553,Malfunctioning Cleaning Robot,SimpleChar:7988CA37,1,e687d2609dfde0c0,3621.99878,51.744999,799.293579,3622.78101,52.5,798.794983,0.230653,2
20260722-104809:m05807,20260722-104809,1,2026-07-22T08:54:44.546833Z,16723,spawn,1019,297023,1,1044525,6553,Malfunctioning Cleaning Robot,SimpleChar:7988CA37,1,e687d2609dfde0c0,3621.99878,51.744999,799.293579,3622.77148,52.5,799.194519,0.201075,2
20260722-104809:m05810,20260722-104809,1,2026-07-22T08:54:44.747908Z,16727,spawn,1019,297023,1,1044525,6553,Malfunctioning Cleaning Robot,SimpleChar:7988CA37,1,b05594a3df93409c,3621.99878,51.744999,799.293579,3622.87866,52.5,798.725586,0,2
20260722-104809:m05942,20260722-104809,1,2026-07-22T08:54:58.007099Z,17094,spawn,1019,297023,1,1044525,6553,Malfunctioning Cleaning Robot,SimpleChar:7988CA39,1,8d7c78279e3dc657,3605.88135,51.744999,774.642273,3599.22241,52.5,786.798706,0,2
20260722-104809:m05989,20260722-104809,1,2026-07-22T08:55:02.332988Z,17229,spawn,1019,297023,1,1044525,6553,Malfunctioning Cleaning Robot,SimpleChar:7988CA3A,1,05b394bdd7e69af0,3606.34668,53.244999,801.559448,3610.7002,52.5,777.992065,0,2
20260722-104809:m06046,20260722-104809,1,2026-07-22T08:55:07.774506Z,17376,spawn,1019,297023,1,1044525,6553,Malfunctioning Cleaning Robot,SimpleChar:7988CA3C,1,db64962dabcd35a3,3597.85254,51.744999,773.705505,3599.13232,52.5,786.730713,0,2
20260722-104809:m06031,20260722-104809,1,2026-07-22T08:55:06.697081Z,17340,spawn,1019,297023,1,1044525,6553,Malfunctioning Cleaning Robot,SimpleChar:7988CA3D,1,9f9432cb0fc86393,3608.30151,51.744999,795.006348,3594.11035,52.5,800.278931,0,2
20260722-104809:m06084,20260722-104809,1,2026-07-22T08:55:11.839576Z,17481,spawn,1019,297023,1,1044525,6553,Malfunctioning Cleaning Robot,SimpleChar:7988CA3E,1,01bdbfb551204ad7,3608.11597,52.134998,782.498962,3594.29443,52.5,800.057617,0,2
20260722-104809:m06318,20260722-104809,1,2026-07-22T08:55:28.610148Z,17989,spawn,1019,297023,1,1044525,6553,Malfunctioning Cleaning Robot,SimpleChar:7988CA41,1,6a0ae11ac2c9fdbc,3617.5293,51.744999,784.684021,3611.24341,52.5,778.175293,0,2
20260722-104809:m06866,20260722-104809,1,2026-07-22T08:56:19.810579Z,19761,spawn,1019,297023,1,1044525,6553,Malfunctioning Cleaning Robot,SimpleChar:7988CA48,1,da4c406d45a043b5,3606.22998,53.244999,801.624512,3597.21704,52.5,772.207214,0,2
20260722-104809:m07187,20260722-104809,1,2026-07-22T08:58:43.029112Z,25243,spawn,1019,297023,1,1044525,6553,Cleaning Robot,SimpleChar:7988CA63,1,c18ec1c0bfd94903,3598.87134,25.584999,876.028381,3592.93042,25.529728,876.567505,3.127908,2
20260722-104809:m07198,20260722-104809,1,2026-07-22T08:58:46.157020Z,25375,spawn,1019,297023,1,1044525,6553,Cleaning Robot,SimpleChar:7988CA63,1,ebe9507bde9f581e,3594.12769,25.584999,876.426086,3590.44385,25.529846,879.865356,0,2
20260722-104809:m07310,20260722-104809,1,2026-07-22T08:59:57.904218Z,27421,spawn,1019,297023,1,1044525,6553,Cleaning Robot,SimpleChar:7988CA63,3,c18ec1c0bfd94903,3598.89771,25.584999,876.038574,3592.93042,25.529728,876.567505,3.230761,2
20260722-104809:m07315,20260722-104809,1,2026-07-22T09:00:01.134979Z,27632,spawn,1019,297023,1,1044525,6553,Cleaning Robot,SimpleChar:7988CA63,3,ebe9507bde9f581e,3594.15015,25.584999,876.426208,3590.44385,25.529846,879.865356,0,2
20260722-104809:m07607,20260722-104809,1,2026-07-22T09:02:31.313979Z,30257,spawn,1019,297023,1,1044525,6553,Cleaning Robot,SimpleChar:7988CA63,4,ebe9507bde9f581e,3594.1272,25.584999,876.413025,3590.44385,25.529846,879.865356,2.582862,2
20260722-104809:m07637,20260722-104809,1,2026-07-22T09:02:33.896841Z,30346,spawn,1019,297023,1,1044525,6553,Cleaning Robot,SimpleChar:7988CA63,4,20a285afa3dc7138,3591.43652,25.584999,878.849548,3589.08887,25.051228,882.047974,0,2
20260722-104809:m08168,20260722-104809,1,2026-07-22T09:03:16.223649Z,32222,spawn,1019,297023,1,1044525,6553,Cleaning Robot,SimpleChar:7988CA63,5,d7f27161c0dc4ff7,3606.35278,27.083528,877.072632,3613.78589,29.743073,875.488525,0,2
20260722-104809:m09202,20260722-104809,1,2026-07-22T09:05:30.399095Z,35763,spawn,1019,297023,1,1044525,6553,Cleaning Robot,SimpleChar:7988CA63,7,e16cf65607129f39,3592.27881,22.516724,889.953552,3592.01685,24.795572,883.179443,3.4524,2
20260722-104809:m09212,20260722-104809,1,2026-07-22T09:05:33.851495Z,35816,spawn,1019,297023,1,1044525,6553,Cleaning Robot,SimpleChar:7988CA63,7,73a0a2d5840b4a04,3592.05664,24.48295,884.567078,3593.14648,25.529737,880.030579,0,2
20260722-104809:m09387,20260722-104809,1,2026-07-22T09:07:28.452253Z,39567,spawn,1019,297023,1,1044525,6553,Cleaning Robot,SimpleChar:7988CA63,8,74c9c597230553de,3598.72852,25.584999,875.971802,3592.93042,25.529728,876.567505,3.084676,2
20260722-104809:m09396,20260722-104809,1,2026-07-22T09:07:31.536929Z,39641,spawn,1019,297023,1,1044525,6553,Cleaning Robot,SimpleChar:7988CA63,8,ebe9507bde9f581e,3594.13501,25.584999,876.410339,3590.44385,25.529846,879.865356,0,2
20260722-104809:m09580,20260722-104809,1,2026-07-22T09:08:52.985437Z,43544,spawn,1019,297023,1,1044525,6553,Cleaning Robot,SimpleChar:7988CA63,9,f2a0dd8ba3409046,3589.44897,24.671883,884.0495,3589.26099,22.803989,889.752441,0,2
20260722-104809:m09909,20260722-104809,1,2026-07-22T09:11:33.722069Z,48787,spawn,1019,297023,1,1044525,6553,Cleaning Robot,SimpleChar:7988CA63,10,c750edf3cf312be8,3589.80371,18.889481,899.890381,3593.56519,18.374277,902.00885,0,2
20260722-104809:m09982,20260722-104809,1,2026-07-22T09:12:25.590915Z,50570,spawn,1019,297023,1,1044525,6553,Cleaning Robot,SimpleChar:7988CA63,11,181855574e877d99,3601.78613,25.584999,877.20166,3597.5769,25.52973,875.510132,2.149154,2
20260722-104809:m09984,20260722-104809,1,2026-07-22T09:12:27.740069Z,50611,spawn,1019,297023,1,1044525,6553,Cleaning Robot,SimpleChar:7988CA63,11,c18ec1c0bfd94903,3598.7876,25.584999,875.993286,3592.93042,25.529728,876.567505,0,2
20260722-104809:m07610,20260722-104809,1,2026-07-22T09:02:31.313979Z,30260,spawn,1019,297023,1,1044525,6553,Malfunctioning Cleaning Robot,SimpleChar:7988CA7F,1,cb29a4a3061d2dca,3599.94434,51.924995,787.147644,3593.77856,52.5,799.797546,0,2
20260722-104809:m07625,20260722-104809,1,2026-07-22T09:02:32.953916Z,30330,spawn,1019,297023,1,1044525,6553,Malfunctioning Cleaning Robot,SimpleChar:7988CA8B,1,a93824fe3578eee4,3597.4895,51.744999,773.115845,3597.20483,52.5,772.219299,0.229614,2
20260722-104809:m07629,20260722-104809,1,2026-07-22T09:02:33.183530Z,30334,spawn,1019,297023,1,1044525,6553,Malfunctioning Cleaning Robot,SimpleChar:7988CA8B,1,a93824fe3578eee4,3597.4895,51.744999,773.115845,3597.22412,52.5,772.199402,0.431188,2
20260722-104809:m07632,20260722-104809,1,2026-07-22T09:02:33.614718Z,30341,spawn,1019,297023,1,1044525,6553,Malfunctioning Cleaning Robot,SimpleChar:7988CA8B,1,b509ad96c11cb03d,3597.4895,51.744999,773.115845,3597.27295,52.5,772.12439,0,2
20260722-104809:m07635,20260722-104809,1,2026-07-22T09:02:33.614718Z,30344,spawn,1019,297023,1,1044525,6553,Malfunctioning Cleaning Robot,SimpleChar:7988CA8B,1,a93824fe3578eee4,3597.48511,51.744999,773.09491,3596.81348,52.5,772.235046,0.432207,2
20260722-104809:m07641,20260722-104809,1,2026-07-22T09:02:34.046925Z,30351,spawn,1019,297023,1,1044525,6553,Malfunctioning Cleaning Robot,SimpleChar:7988CA8B,1,b509ad96c11cb03d,3597.41772,51.744999,773.008728,3597.26978,52.5,772.131104,0.241105,2
20260722-104809:m07644,20260722-104809,1,2026-07-22T09:02:34.288030Z,30362,spawn,1019,297023,1,1044525,6553,Malfunctioning Cleaning Robot,SimpleChar:7988CA8B,1,a93824fe3578eee4,3597.41772,51.744999,773.008728,3596.75488,52.5,772.172913,0.440732,2
20260722-104809:m07649,20260722-104809,1,2026-07-22T09:02:34.728762Z,30373,spawn,1019,297023,1,1044525,6553,Malfunctioning Cleaning Robot,SimpleChar:7988CA8B,1,b509ad96c11cb03d,3597.36792,51.744999,772.945923,3597.27441,52.5,772.12146,0.194087,2
20260722-104809:m07653,20260722-104809,1,2026-07-22T09:02:34.922849Z,30380,spawn,1019,297023,1,1044525,6553,Malfunctioning Cleaning Robot,SimpleChar:7988CA8B,1,2850b81d27779d4e,3597.36792,51.744999,772.945923,3596.73486,52.5,772.14032,0,2
20260722-104809:m07707,20260722-104809,1,2026-07-22T09:02:40.246548Z,30640,spawn,1019,297023,1,1044525,6553,Malfunctioning Cleaning Robot,SimpleChar:7988CA90,1,d18e961eee862b67,3617.33838,51.744999,784.427856,3599.1394,52.5,786.734436,0,2
20260722-104809:m07912,20260722-104809,1,2026-07-22T09:02:55.631282Z,31533,spawn,1019,297023,1,1044525,6553,Malfunctioning Cleaning Robot,SimpleChar:7988CA92,1,6525d2e8a3f02a58,3607.10986,51.744999,800.890625,3597.29932,52.5,772.021118,0,2
20260722-104809:m08018,20260722-104809,1,2026-07-22T09:03:03.008264Z,31792,spawn,1019,297023,1,1044525,6553,Malfunctioning Cleaning Robot,SimpleChar:7988CA93,1,02f081b27c40be0e,3607.77124,52.134998,783.308167,3597.09766,52.5,772.283691,0,2
20260722-104809:m08294,20260722-104809,1,2026-07-22T09:03:27.489478Z,32524,spawn,1019,297023,1,1044525,6553,Malfunctioning Cleaning Robot,SimpleChar:7988CA97,1,66c727ee8f422f03,3608.74829,51.744999,795.665161,3602.24951,52.5,788.166565,0,2
20260722-104809:m08564,20260722-104809,1,2026-07-22T09:03:47.172102Z,33108,spawn,1019,297023,1,1044525,6553,Malfunctioning Cleaning Robot,SimpleChar:7988CA98,1,e28fc3498a340c0c,3598.20215,51.744999,774.061584,3597.29077,52.5,771.926208,1.355158,2
20260722-104809:m08577,20260722-104809,1,2026-07-22T09:03:48.527260Z,33142,spawn,1019,297023,1,1044525,6553,Malfunctioning Cleaning Robot,SimpleChar:7988CA98,1,b509ad96c11cb03d,3597.67017,51.744999,772.814392,3597.25317,52.5,771.83905,0,2
20260722-104809:m08689,20260722-104809,1,2026-07-22T09:04:00.103162Z,33455,spawn,1019,297023,1,1044525,6553,Malfunctioning Cleaning Robot,SimpleChar:7988CA9A,1,74133d2402556633,3621.06714,51.744999,799.394226,3622.93579,52.5,799.29303,1.114123,2
20260722-104809:m08700,20260722-104809,1,2026-07-22T09:04:01.217285Z,33491,spawn,1019,297023,1,1044525,6553,Malfunctioning Cleaning Robot,SimpleChar:7988CA9A,1,b05594a3df93409c,3621.98486,51.744999,799.344543,3622.83594,52.5,798.748779,0,2
20260722-104809:m08906,20260722-104809,1,2026-07-22T09:04:20.647241Z,34001,spawn,1019,297023,1,1044525,6553,Malfunctioning Cleaning Robot,SimpleChar:7988CA9D,1,8f5cc79201b06482,3617.90771,51.744999,784.319641,3611.14551,52.5,778.262268,0,2
20260722-104809:m09056,20260722-104809,1,2026-07-22T09:04:34.515020Z,34557,spawn,1019,297023,1,1044525,6553,Malfunctioning Cleaning Robot,SimpleChar:7988CA9F,1,440556689f543e68,3597.78589,51.744999,773.716675,3623.1582,52.5,798.745056,0,2
20260722-104809:m09150,20260722-104809,1,2026-07-22T09:05:03.613049Z,35385,spawn,25,17657,2,1044525,6553,Garbage Flea,SimpleChar:7988CAA5,1,6ace3d903ac37bdd,3558.58765,5.110001,865.42627,3552.54932,5.110001,868.246155,3.945479,2
20260722-104809:m09154,20260722-104809,1,2026-07-22T09:05:07.558528Z,35401,spawn,25,17657,2,1044525,6553,Garbage Flea,SimpleChar:7988CAA5,1,109d23f9ca7a9f27,3553.69287,5.110001,867.69342,3554.36035,5.110001,874.144592,0,2
20260722-104809:m09198,20260722-104809,1,2026-07-22T09:05:29.404107Z,35726,spawn,25,17657,2,1044525,6553,Garbage Flea,SimpleChar:7988CAA5,2,727a9b5add98ee0b,3564.43823,5.110001,863.090515,3561.94482,5.110001,865.349792,2.229112,2
20260722-104809:m09205,20260722-104809,1,2026-07-22T09:05:31.633219Z,35793,spawn,25,17657,2,1044525,6553,Garbage Flea,SimpleChar:7988CAA5,2,2994b71f64d99fc1,3563.07202,5.110001,864.384827,3557.20972,5.110001,865.676331,0,2
20260722-104809:m09253,20260722-104809,1,2026-07-22T09:06:00.986856Z,36832,spawn,25,17657,2,1044525,6553,Garbage Flea,SimpleChar:7988CAA5,3,727a9b5add98ee0b,3564.61768,5.110001,863.005493,3561.94482,5.110001,865.349792,0,2
20260722-104809:m09278,20260722-104809,1,2026-07-22T09:06:29.290078Z,37258,spawn,25,17657,2,1044525,6553,Garbage Flea,SimpleChar:7988CAA5,4,6d44dea0df9fe0b4,3560.49487,5.110001,865.574951,3565.6394,5.499601,862.281555,3.424953,2
20260722-104809:m09282,20260722-104809,1,2026-07-22T09:06:32.715031Z,37306,spawn,25,17657,2,1044525,6553,Garbage Flea,SimpleChar:7988CAA5,4,727a9b5add98ee0b,3564.64453,5.110001,862.951538,3561.94482,5.110001,865.349792,0,2
20260722-104809:m09313,20260722-104809,1,2026-07-22T09:07:04.380048Z,37913,spawn,25,17657,2,1044525,6553,Garbage Flea,SimpleChar:7988CAA5,5,727a9b5add98ee0b,3564.48779,5.110001,863.077209,3561.94482,5.110001,865.349792,0,2
20260722-104809:m09287,20260722-104809,1,2026-07-22T09:06:35.628587Z,37352,spawn,1019,297023,1,1044525,6553,Malfunctioning Cleaning Robot,SimpleChar:7988CAAD,1,0721f51ea82199c9,3608.02612,53.244999,801.701172,3620.8042,52.5,784.227234,0,2
20260722-104809:m09773,20260722-104809,1,2026-07-22T09:10:36.503725Z,46494,spawn,25,17657,1,1044525,6553,Garbage Flea,SimpleChar:7988CAE6,1,65642646986b8c9e,3559.70654,8.134134,915.58728,3552.79907,7.629861,921.401794,0,2
20260722-104809:m09860,20260722-104809,1,2026-07-22T09:11:14.444823Z,47831,spawn,25,17657,2,1044525,6553,Garbage Flea,SimpleChar:7988CAED,1,d78c40bf67e05111,3550.54346,9.777702,937.514465,3545.81934,9.453153,944.089355,0,2
20260722-104809:m10005,20260722-104809,1,2026-07-22T09:13:00.771473Z,51329,spawn,25,17657,1,1044525,6553,Garbage Flea,SimpleChar:7988CB08,1,2994b71f64d99fc1,3563.11841,5.110001,864.515503,3557.20972,5.110001,865.676331,3.140424,2
20260722-104809:m10008,20260722-104809,1,2026-07-22T09:13:03.911897Z,51374,spawn,25,17657,1,1044525,6553,Garbage Flea,SimpleChar:7988CB08,1,6ace3d903ac37bdd,3558.54736,5.110001,865.447388,3552.54932,5.110001,868.246155,0,2
20260722-104809:m10416,20260722-104809,1,2026-07-22T09:19:20.407748Z,58942,spawn,25,17657,1,1044525,6553,Garbage Flea,SimpleChar:7988CB08,2,6ace3d903ac37bdd,3558.47095,5.110001,865.439697,3552.54932,5.110001,868.246155,3.548508,2
20260722-104809:m10421,20260722-104809,1,2026-07-22T09:19:23.956256Z,59044,spawn,25,17657,1,1044525,6553,Garbage Flea,SimpleChar:7988CB08,2,109d23f9ca7a9f27,3553.70264,5.110001,867.680237,3554.36035,5.110001,874.144592,0,2
20260722-104809:m10535,20260722-104809,1,2026-07-22T09:20:19.847700Z,59916,spawn,25,17657,1,1044525,6553,Garbage Flea,SimpleChar:7988CB08,3,2994b71f64d99fc1,3562.87891,5.110001,864.557129,3557.20972,5.110001,865.676331,2.707427,2
20260722-104809:m10544,20260722-104809,1,2026-07-22T09:20:22.555127Z,59981,spawn,25,17657,1,1044525,6553,Garbage Flea,SimpleChar:7988CB08,3,6ace3d903ac37bdd,3558.6521,5.110001,865.436707,3552.54932,5.110001,868.246155,0,2
20260722-104809:m10194,20260722-104809,1,2026-07-22T09:16:50.866566Z,55384,spawn,25,17657,1,1044525,6553,Garbage Flea,SimpleChar:7988CB0F,1,1857a3c149770fed,3502.41577,5.110001,902.139587,3501.45508,5.765232,908.028992,3.111703,2
20260722-104809:m10200,20260722-104809,1,2026-07-22T09:16:53.978269Z,55483,spawn,25,17657,1,1044525,6553,Garbage Flea,SimpleChar:7988CB0F,1,cb4cb54d634f36a1,3501.66675,5.287118,906.773987,3502.31763,5.110001,903.305664,0,2
20260722-104809:m10664,20260722-104809,1,2026-07-22T09:21:45.798742Z,62845,spawn,25,17657,1,1044525,6553,Garbage Flea,SimpleChar:7988CB0F,2,f532a072080c8762,3502.93872,5.110001,897.421875,3502.63647,5.110001,889.204163,0,2
20260722-104809:m13054,20260722-104809,1,2026-07-22T09:44:05.808414Z,74260,spawn,25,17657,1,1044525,6553,Garbage Flea,SimpleChar:7988CB0F,3,817b4615fa0753a1,3502.07446,5.159013,904.625244,3503.10352,5.110001,896.018494,0,2
20260722-104809:m13235,20260722-104809,1,2026-07-22T09:46:02.155362Z,77513,spawn,25,17657,1,1044525,6553,Garbage Flea,SimpleChar:7988CB0F,4,b7808588353c4b38,3501.68774,5.285543,906.608032,3502.31763,5.110001,903.305664,2.321388,2
20260722-104809:m13241,20260722-104809,1,2026-07-22T09:46:04.476750Z,77721,spawn,25,17657,1,1044525,6553,Garbage Flea,SimpleChar:7988CB0F,4,817b4615fa0753a1,3502.05078,5.167789,904.742249,3503.10352,5.110001,896.018494,0,2
20260722-104809:m13560,20260722-104809,1,2026-07-22T09:47:57.687817Z,83183,spawn,25,17657,1,1044525,6553,Garbage Flea,SimpleChar:7988CB0F,5,1857a3c149770fed,3502.42188,5.110001,902.099365,3501.45508,5.765232,908.028992,3.256318,2
20260722-104809:m13565,20260722-104809,1,2026-07-22T09:48:00.944135Z,83376,spawn,25,17657,1,1044525,6553,Garbage Flea,SimpleChar:7988CB0F,5,cb4cb54d634f36a1,3501.66333,5.287375,906.785461,3502.31763,5.110001,903.305664,0,2
20260722-104809:m13660,20260722-104809,1,2026-07-22T09:48:39.957523Z,85662,spawn,25,17657,1,1044525,6553,Garbage Flea,SimpleChar:7988CB0F,7,5ea39d37b39df754,3503.00122,5.110001,894.568665,3502.31763,5.110001,903.305664,0,2
20260722-104809:m14137,20260722-104809,1,2026-07-22T09:52:18.555493Z,90375,spawn,25,17657,1,1044525,6553,Garbage Flea,SimpleChar:7988CB0F,8,1857a3c149770fed,3502.43457,5.110001,901.995483,3501.45508,5.765232,908.028992,0,2
20260722-104809:m10038,20260722-104809,1,2026-07-22T09:13:41.002417Z,52018,spawn,1019,297023,1,1044525,6553,Cleaning Robot,SimpleChar:7988CB13,1,4afc44be1565149b,3638.44019,40.984997,841.152649,3633.1167,40.876511,840.937561,2.701417,2
20260722-104809:m10041,20260722-104809,1,2026-07-22T09:13:43.703834Z,52058,spawn,1019,297023,1,1044525,6553,Cleaning Robot,SimpleChar:7988CB13,1,24e93503b84176f1,3634.42944,40.984997,841.021729,3630.20532,40.876511,836.987854,0,2
20260722-104809:m10064,20260722-104809,1,2026-07-22T09:14:15.417025Z,52461,spawn,1019,297023,1,1044525,6553,Cleaning Robot,SimpleChar:7988CB1E,1,bc387d9a5a73d379,3620.64697,31.205,878.231323,3615.61719,30.409613,879.195801,2.919924,2
20260722-104809:m10067,20260722-104809,1,2026-07-22T09:14:18.336949Z,52499,spawn,1019,297023,1,1044525,6553,Cleaning Robot,SimpleChar:7988CB1E,1,ce7bb3a6a9d1cebd,3616.92969,30.942268,878.94574,3609.57666,28.225946,878.747559,0,2
20260722-104809:m10096,20260722-104809,1,2026-07-22T09:14:49.329790Z,52862,spawn,1019,297023,1,1044525,6553,Cleaning Robot,SimpleChar:7988CB26,1,7285d6107fdeab6a,3638.36841,40.984997,841.679199,3633.1167,40.876511,840.937561,2.630951,2
20260722-104809:m10099,20260722-104809,1,2026-07-22T09:14:51.960741Z,52898,spawn,1019,297023,1,1044525,6553,Cleaning Robot,SimpleChar:7988CB26,1,24e93503b84176f1,3634.47363,40.984997,841.133362,3630.20532,40.876511,836.987854,0,2
20260722-104809:m10110,20260722-104809,1,2026-07-22T09:15:06.325124Z,53079,spawn,1019,297023,1,1044525,6553,Cleaning Robot,SimpleChar:7988CB26,2,eaa6e4e46a72157a,3623.02222,37.955105,842.134399,3620.04126,37.771183,844.67572,1.79179,2
20260722-104809:m10112,20260722-104809,1,2026-07-22T09:15:08.116914Z,53107,spawn,1019,297023,1,1044525,6553,Cleaning Robot,SimpleChar:7988CB26,2,a4803ac712cbb417,3621.10352,37.564999,843.882874,3619.41016,39.03149,840.689148,2.225051,2
20260722-104809:m10116,20260722-104809,1,2026-07-22T09:15:10.341965Z,53140,spawn,1019,297023,1,1044525,6553,Cleaning Robot,SimpleChar:7988CB26,2,418a98f09c7a902d,3619.78149,38.019356,841.984863,3620.0874,40.024876,837.651611,0,2
20260722-104809:m10139,20260722-104809,1,2026-07-22T09:15:50.380871Z,53748,spawn,1019,297023,1,1044525,6553,Cleaning Robot,SimpleChar:7988CB26,3,4afc44be1565149b,3638.28784,40.984997,840.877625,3633.1167,40.876511,840.937561,2.590319,2
20260722-104809:m10143,20260722-104809,1,2026-07-22T09:15:52.971190Z,53778,spawn,1019,297023,1,1044525,6553,Cleaning Robot,SimpleChar:7988CB26,3,24e93503b84176f1,3634.46191,40.984997,840.974304,3630.20532,40.876511,836.987854,0,2
20260722-104809:m10154,20260722-104809,1,2026-07-22T09:16:07.213791Z,53954,spawn,1019,297023,1,1044525,6553,Cleaning Robot,SimpleChar:7988CB26,4,eaa6e4e46a72157a,3623.03467,37.976528,842.084534,3620.04126,37.771183,844.67572,1.851257,2
20260722-104809:m10156,20260722-104809,1,2026-07-22T09:16:09.065048Z,53973,spawn,1019,297023,1,1044525,6553,Cleaning Robot,SimpleChar:7988CB26,4,a4803ac712cbb417,3621.07642,37.564999,843.88739,3619.41016,39.03149,840.689148,0,2
20260722-104809:m10198,20260722-104809,1,2026-07-22T09:16:52.091243Z,55443,spawn,25,17657,2,1044525,6553,Garbage Flea,SimpleChar:7988CB32,3,49d4a6580cd84dbe,3515.07129,8.041776,930.983582,3507.80005,8.336768,924.962708,0,2
20260722-104809:m10318,20260722-104809,1,2026-07-22T09:18:29.418881Z,57323,spawn,25,17657,1,1044525,6553,Garbage Flea,SimpleChar:7988CB5C,1,35f8db96c220795f,3550.87964,6.924393,886.398376,3545.22632,7.250183,888.214722,3.189775,2
20260722-104809:m10321,20260722-104809,1,2026-07-22T09:18:32.608656Z,57335,spawn,25,17657,1,1044525,6553,Garbage Flea,SimpleChar:7988CB5C,1,fd2a90fb79214ba0,3546.53564,6.817519,887.629517,3540.93042,8.435155,888.057068,0,2
20260722-104809:m10326,20260722-104809,1,2026-07-22T09:18:37.741138Z,57357,spawn,25,17657,1,1044525,6553,Garbage Flea,SimpleChar:7988CB5D,1,6e5b350212676bd7,3559.8396,8.124155,915.599487,3552.79907,7.629861,921.401794,0,2
20260722-104809:m10644,20260722-104809,1,2026-07-22T09:21:30.166858Z,62300,spawn,1019,297023,1,1044525,6553,Cleaning Robot,SimpleChar:7988CB5F,2,6363701b7c08816a,3636.59668,40.984997,828.45929,3632.78101,40.876522,831.530701,0,2
20260722-104809:m12986,20260722-104809,1,2026-07-22T09:43:31.904204Z,72986,spawn,1019,297023,1,1044525,6553,Cleaning Robot,SimpleChar:7988CB5F,3,699aa63c8b0d8484,3623.7605,39.529518,838.470154,3622.77295,38.219501,843.380005,0,2
20260722-104809:m13137,20260722-104809,1,2026-07-22T09:45:24.324709Z,75402,spawn,1019,297023,1,1044525,6553,Cleaning Robot,SimpleChar:7988CB5F,4,e181261ad429909c,3631.05566,40.984997,837.875671,3626.60474,40.876522,834.062866,0,2
20260722-104809:m13577,20260722-104809,1,2026-07-22T09:48:09.573133Z,83809,spawn,1019,297023,1,1044525,6553,Cleaning Robot,SimpleChar:7988CB5F,6,6363701b7c08816a,3636.61694,40.984997,828.451965,3632.78101,40.876522,831.530701,2.428157,2
20260722-104809:m13580,20260722-104809,1,2026-07-22T09:48:12.001290Z,83872,spawn,1019,297023,1,1044525,6553,Cleaning Robot,SimpleChar:7988CB5F,6,79afaf3c6638e8e1,3633.76465,40.984997,830.749268,3636.89868,40.876511,834.522583,0,2
20260722-104809:m13646,20260722-104809,1,2026-07-22T09:48:35.372601Z,85298,spawn,1019,297023,1,1044525,6553,Cleaning Robot,SimpleChar:7988CB5F,7,3e1a292b86389b1b,3623.71753,39.522965,838.485413,3622.77295,38.219501,843.380005,0,2
20260722-104809:m14025,20260722-104809,1,2026-07-22T09:51:40.013209Z,88756,spawn,1019,297023,1,1044525,6553,Cleaning Robot,SimpleChar:7988CB5F,8,eaa6e4e46a72157a,3623.02588,37.960323,842.122253,3620.04126,37.771183,844.67572,1.834286,2
20260722-104809:m14030,20260722-104809,1,2026-07-22T09:51:41.847495Z,88802,spawn,1019,297023,1,1044525,6553,Cleaning Robot,SimpleChar:7988CB5F,8,a4803ac712cbb417,3621.14917,37.564999,843.845093,3619.41016,39.03149,840.689148,2.179872,2
20260722-104809:m14038,20260722-104809,1,2026-07-22T09:51:44.027367Z,88864,spawn,1019,297023,1,1044525,6553,Cleaning Robot,SimpleChar:7988CB5F,8,418a98f09c7a902d,3619.81616,38.001549,842.026306,3620.0874,40.024876,837.651611,0,2
20260722-104809:m14048,20260722-104809,1,2026-07-22T09:51:51.400768Z,89166,spawn,1019,297023,1,1044525,6553,Cleaning Robot,SimpleChar:7988CB5F,9,793168dd5e6e69ed,3620.33179,40.984997,831.248108,3623.6228,40.860813,826.366272,0,2
20260722-104809:m14111,20260722-104809,1,2026-07-22T09:52:12.656409Z,90061,spawn,1019,297023,1,1044525,6553,Cleaning Robot,SimpleChar:7988CB5F,10,6363701b7c08816a,3636.64087,40.984997,828.406006,3632.78101,40.876522,831.530701,0,2
20260722-104809:m14460,20260722-104809,1,2026-07-22T09:53:33.568013Z,93075,spawn,1019,297023,1,1044525,6553,Cleaning Robot,SimpleChar:7988CB5F,11,199f4b75c66ac154,3627.88843,40.984997,834.172058,3623.53735,40.690689,835.615723,2.437673,2
20260722-104809:m14481,20260722-104809,1,2026-07-22T09:53:36.005686Z,93136,spawn,1019,297023,1,1044525,6553,Cleaning Robot,SimpleChar:7988CB5F,11,4ab466b54a06bad8,3624.6748,40.984997,834.677002,3623.54858,39.349735,839.716003,0,2
20260722-104809:m10396,20260722-104809,1,2026-07-22T09:19:12.726428Z,58462,spawn,25,17657,1,1044525,6553,Garbage Flea,SimpleChar:7988CB66,1,d78c40bf67e05111,3550.36646,9.782614,937.452881,3545.81934,9.453153,944.089355,0,2
20260722-104809:m13203,20260722-104809,1,2026-07-22T09:45:51.069565Z,76763,spawn,25,17657,1,1044525,6553,Garbage Flea,SimpleChar:7988CB66,2,818ca5dfbb834c52,3546.5791,9.348562,942.94751,3537.52344,8.710001,950.715149,0,2
20260722-104809:m13670,20260722-104809,1,2026-07-22T09:48:42.206519Z,85788,spawn,25,17657,1,1044525,6553,Garbage Flea,SimpleChar:7988CB66,5,472847c870d2f77e,3536.31421,8.710001,951.160889,3545.81934,9.453153,944.089355,0,2
20260722-104809:m13963,20260722-104809,1,2026-07-22T09:51:12.653418Z,88129,spawn,25,17657,1,1044525,6553,Garbage Flea,SimpleChar:7988CB66,6,55692c2e292d1dfd,3544.80054,9.437039,944.853271,3549.3313,9.577316,938.108948,0,2
20260722-104809:m10538,20260722-104809,1,2026-07-22T09:20:20.607533Z,59941,spawn,1019,297023,1,1044525,6553,Cleaning Robot,SimpleChar:7988CB75,1,20a285afa3dc7138,3591.31274,25.584999,879.019165,3589.08887,25.051228,882.047974,1.273709,2
20260722-104809:m10542,20260722-104809,1,2026-07-22T09:20:21.881242Z,59976,spawn,1019,297023,1,1044525,6553,Cleaning Robot,SimpleChar:7988CB75,1,43b09048588be670,3589.90918,25.584999,880.889038,3589.36377,24.033365,885.419739,2.231698,2
20260722-104809:m10549,20260722-104809,1,2026-07-22T09:20:24.112940Z,60024,spawn,1019,297023,1,1044525,6553,Cleaning Robot,SimpleChar:7988CB75,1,f2a0dd8ba3409046,3589.48657,24.708422,883.949402,3589.26099,22.803989,889.752441,0,2
20260722-104809:m10649,20260722-104809,1,2026-07-22T09:21:32.616244Z,62443,spawn,1019,297023,1,1044525,6553,Malfunctioning Cleaning Robot,SimpleChar:7988CB81,1,aec1107f0cbabb54,3608.02661,53.244999,801.701172,3620.70654,52.5,783.937866,0,2
20260722-104809:m10663,20260722-104809,1,2026-07-22T09:21:45.209489Z,62830,spawn,25,17657,1,1044525,6553,Garbage Flea,SimpleChar:7988CB8D,1,b2a161db33d1794d,3531.39966,5.911563,903.232178,3530.66382,5.110001,897.269409,0,2
20260722-104809:m13010,20260722-104809,1,2026-07-22T09:43:45.484129Z,73269,spawn,25,17657,1,1044525,6553,Garbage Flea,SimpleChar:7988CB8D,2,0a07692eed3b68fe,3522.00195,5.110001,888.715149,3529.69067,5.110001,890.653748,0,2
20260722-104809:m13162,20260722-104809,1,2026-07-22T09:45:34.842475Z,75775,spawn,25,17657,1,1044525,6553,Garbage Flea,SimpleChar:7988CB8D,3,ab549a0173fce210,3521.81445,5.110001,888.814575,3529.69067,5.110001,890.653748,0,2
20260722-104809:m12985,20260722-104809,1,2026-07-22T09:43:31.067311Z,72981,spawn,1019,297023,1,1044525,6553,Cleaning Robot,SimpleChar:7988CB8E,1,6bb19335196fb84e,3601.73218,25.584999,877.182983,3597.5769,25.52973,875.510132,2.444594,2
20260722-104809:m12989,20260722-104809,1,2026-07-22T09:43:33.511905Z,73015,spawn,1019,297023,1,1044525,6553,Cleaning Robot,SimpleChar:7988CB8E,1,74c9c597230553de,3598.64624,25.584999,875.937317,3592.93042,25.529728,876.567505,0,2
20260722-104809:m13088,20260722-104809,1,2026-07-22T09:44:48.173947Z,74833,spawn,1019,297023,1,1044525,6553,Cleaning Robot,SimpleChar:7988CB8E,2,74c9c597230553de,3598.71899,25.584999,875.968994,3592.93042,25.529728,876.567505,2.943678,2
20260722-104809:m13092,20260722-104809,1,2026-07-22T09:44:51.117625Z,74867,spawn,1019,297023,1,1044525,6553,Cleaning Robot,SimpleChar:7988CB8E,2,b17ec7fe41a9fc81,3594.3689,25.584999,876.376953,3590.44385,25.529846,879.865356,0,2
20260722-104809:m13238,20260722-104809,1,2026-07-22T09:46:03.394836Z,77646,spawn,1019,297023,1,1044525,6553,Cleaning Robot,SimpleChar:7988CB8E,3,74c9c597230553de,3598.6687,25.584999,875.945129,3592.93042,25.529728,876.567505,2.810118,2
20260722-104809:m13257,20260722-104809,1,2026-07-22T09:46:06.204954Z,77818,spawn,1019,297023,1,1044525,6553,Cleaning Robot,SimpleChar:7988CB8E,3,b17ec7fe41a9fc81,3594.41553,25.584999,876.362793,3590.44385,25.529846,879.865356,0,2
20260722-104809:m13509,20260722-104809,1,2026-07-22T09:47:35.435944Z,81924,spawn,1019,297023,1,1044525,6553,Cleaning Robot,SimpleChar:7988CB8E,4,66edc528ba7c0991,3589.79663,20.767256,894.746216,3589.79492,18.624887,901.320313,0,2
20260722-104809:m13570,20260722-104809,1,2026-07-22T09:48:06.792485Z,83685,spawn,1019,297023,1,1044525,6553,Cleaning Robot,SimpleChar:7988CB8E,5,d7f27161c0dc4ff7,3606.5498,27.155407,876.965515,3613.78589,29.743073,875.488525,0,2
20260722-104809:m13933,20260722-104809,1,2026-07-22T09:51:03.546168Z,87849,spawn,1019,297023,1,1044525,6553,Cleaning Robot,SimpleChar:7988CB8E,6,c18ec1c0bfd94903,3598.91895,25.584999,876.051392,3592.93042,25.529728,876.567505,3.105191,2
20260722-104809:m13947,20260722-104809,1,2026-07-22T09:51:06.651359Z,87964,spawn,1019,297023,1,1044525,6553,Cleaning Robot,SimpleChar:7988CB8E,6,ebe9507bde9f581e,3594.15039,25.584999,876.429871,3590.44385,25.529846,879.865356,0,2
20260722-104809:m14141,20260722-104809,1,2026-07-22T09:52:21.759582Z,90486,spawn,1019,297023,1,1044525,6553,Cleaning Robot,SimpleChar:7988CB8E,7,b17ec7fe41a9fc81,3594.4187,25.584999,876.398804,3590.44385,25.529846,879.865356,0,2
20260722-104809:m14458,20260722-104809,1,2026-07-22T09:53:33.567511Z,93073,spawn,1019,297023,1,1044525,6553,Cleaning Robot,SimpleChar:7988CB8E,8,c18ec1c0bfd94903,3598.95483,25.584999,876.061646,3592.93042,25.529728,876.567505,3.248033,2
20260722-104809:m14491,20260722-104809,1,2026-07-22T09:53:36.815544Z,93162,spawn,1019,297023,1,1044525,6553,Cleaning Robot,SimpleChar:7988CB8E,8,b17ec7fe41a9fc81,3594.36768,25.584999,876.408569,3590.44385,25.529846,879.865356,0,2
20260722-104809:m10770,20260722-104809,1,2026-07-22T09:22:56.991826Z,63630,spawn,25,17657,2,1044525,6553,Garbage Flea,SimpleChar:7988CB9C,2,3f9c93efc2798140,3557.35083,8.392217,917.057129,3567.58057,8.631208,912.799316,0,2
20260722-104809:m10834,20260722-104809,1,2026-07-22T09:23:38.105099Z,63969,spawn,25,17657,2,1044525,6553,Garbage Flea,SimpleChar:7988CB9C,4,3f9c93efc2798140,3557.56299,8.36145,916.85907,3567.58057,8.631208,912.799316,0,2
20260722-104809:m10904,20260722-104809,1,2026-07-22T09:24:19.060908Z,64529,spawn,25,17657,2,1044525,6553,Garbage Flea,SimpleChar:7988CB9C,6,3f9c93efc2798140,3557.4624,8.375989,916.952332,3567.58057,8.631208,912.799316,0,2
20260722-104809:m10963,20260722-104809,1,2026-07-22T09:24:59.973192Z,64925,spawn,25,17657,2,1044525,6553,Garbage Flea,SimpleChar:7988CB9C,8,3f9c93efc2798140,3557.4939,8.371366,916.92218,3567.58057,8.631208,912.799316,0,2
20260722-104809:m11026,20260722-104809,1,2026-07-22T09:25:40.874278Z,65214,spawn,25,17657,2,1044525,6553,Garbage Flea,SimpleChar:7988CB9C,10,3f9c93efc2798140,3557.36108,8.390761,917.047974,3567.58057,8.631208,912.799316,0,2
20260722-104809:m11083,20260722-104809,1,2026-07-22T09:26:21.914826Z,65461,spawn,25,17657,2,1044525,6553,Garbage Flea,SimpleChar:7988CB9C,12,3f9c93efc2798140,3557.5022,8.370368,916.917175,3567.58057,8.631208,912.799316,0,2
20260722-104809:m11100,20260722-104809,1,2026-07-22T09:26:34.166815Z,65523,spawn,25,17657,2,1044525,6553,Garbage Flea,SimpleChar:7988CB9C,13,65642646986b8c9e,3559.68091,8.136057,915.600525,3552.79907,7.629861,921.401794,0,2
20260722-104809:m11132,20260722-104809,1,2026-07-22T09:27:03.152393Z,65673,spawn,25,17657,2,1044525,6553,Garbage Flea,SimpleChar:7988CB9C,14,3f9c93efc2798140,3557.59937,8.356109,916.824219,3567.58057,8.631208,912.799316,0,2
20260722-104809:m11200,20260722-104809,1,2026-07-22T09:27:43.720370Z,65902,spawn,25,17657,2,1044525,6553,Garbage Flea,SimpleChar:7988CB9C,16,3f9c93efc2798140,3557.40234,8.384737,917.008911,3567.58057,8.631208,912.799316,0,2
20260722-104809:m11269,20260722-104809,1,2026-07-22T09:28:24.433779Z,66132,spawn,25,17657,2,1044525,6553,Garbage Flea,SimpleChar:7988CB9C,18,3f9c93efc2798140,3557.41895,8.382421,916.994629,3567.58057,8.631208,912.799316,0,2
20260722-104809:m11290,20260722-104809,1,2026-07-22T09:28:36.654633Z,66205,spawn,25,17657,2,1044525,6553,Garbage Flea,SimpleChar:7988CB9C,19,65642646986b8c9e,3559.59448,8.142538,915.631958,3552.79907,7.629861,921.401794,0,2
20260722-104809:m11341,20260722-104809,1,2026-07-22T09:29:05.292351Z,66367,spawn,25,17657,2,1044525,6553,Garbage Flea,SimpleChar:7988CB9C,20,3f9c93efc2798140,3557.58447,8.358356,916.839294,3567.58057,8.631208,912.799316,0,2
20260722-104809:m11423,20260722-104809,1,2026-07-22T09:29:45.883117Z,66612,spawn,25,17657,2,1044525,6553,Garbage Flea,SimpleChar:7988CB9C,22,3f9c93efc2798140,3557.5437,8.364389,916.878967,3567.58057,8.631208,912.799316,0,2
20260722-104809:m11502,20260722-104809,1,2026-07-22T09:30:26.681256Z,66849,spawn,25,17657,2,1044525,6553,Garbage Flea,SimpleChar:7988CB9C,24,3f9c93efc2798140,3557.48413,8.372945,916.933472,3567.58057,8.631208,912.799316,0,2
20260722-104809:m11568,20260722-104809,1,2026-07-22T09:31:07.501266Z,67079,spawn,25,17657,2,1044525,6553,Garbage Flea,SimpleChar:7988CB9C,26,3f9c93efc2798140,3557.44238,8.378896,916.971069,3567.58057,8.631208,912.799316,0,2
20260722-104809:m11648,20260722-104809,1,2026-07-22T09:31:48.577252Z,67320,spawn,25,17657,2,1044525,6553,Garbage Flea,SimpleChar:7988CB9C,28,3f9c93efc2798140,3557.53979,8.364957,916.882629,3567.58057,8.631208,912.799316,0,2
20260722-104809:m11742,20260722-104809,1,2026-07-22T09:32:29.605273Z,67577,spawn,25,17657,2,1044525,6553,Garbage Flea,SimpleChar:7988CB9C,30,3f9c93efc2798140,3557.46216,8.376099,916.953552,3567.58057,8.631208,912.799316,0,2
20260722-104809:m11827,20260722-104809,1,2026-07-22T09:33:18.805405Z,67821,spawn,25,17657,2,1044525,6553,Garbage Flea,SimpleChar:7988CB9C,32,3f9c93efc2798140,3557.5625,8.361839,916.86377,3567.58057,8.631208,912.799316,0,2
20260722-104809:m11913,20260722-104809,1,2026-07-22T09:34:08.154031Z,68084,spawn,25,17657,2,1044525,6553,Garbage Flea,SimpleChar:7988CB9C,34,3f9c93efc2798140,3557.55518,8.362632,916.867004,3567.58057,8.631208,912.799316,0,2
20260722-104809:m11993,20260722-104809,1,2026-07-22T09:34:48.518856Z,68425,spawn,25,17657,2,1044525,6553,Garbage Flea,SimpleChar:7988CB9C,36,3f9c93efc2798140,3557.40845,8.383936,917.004333,3567.58057,8.631208,912.799316,0,2
20260722-104809:m12079,20260722-104809,1,2026-07-22T09:35:29.373344Z,68687,spawn,25,17657,2,1044525,6553,Garbage Flea,SimpleChar:7988CB9C,38,3f9c93efc2798140,3557.42456,8.381523,916.988281,3567.58057,8.631208,912.799316,0,2
20260722-104809:m13313,20260722-104809,1,2026-07-22T09:46:20.112865Z,78534,spawn,25,17657,2,1044525,6553,Garbage Flea,SimpleChar:7988CBB0,2,11d88970afd7def2,3497.97119,8.35745,924.644043,3507.80005,8.336768,924.962708,0,2
20260722-104809:m13528,20260722-104809,1,2026-07-22T09:47:42.808910Z,82427,spawn,25,17657,2,1044525,6553,Garbage Flea,SimpleChar:7988CBB0,3,49d4a6580cd84dbe,3514.97119,8.046971,931.045715,3507.80005,8.336768,924.962708,0,2
20260722-104809:m13676,20260722-104809,1,2026-07-22T09:48:43.882187Z,85875,spawn,25,17657,2,1044525,6553,Garbage Flea,SimpleChar:7988CBB0,5,11d88970afd7def2,3498.14429,8.37262,924.65863,3507.80005,8.336768,924.962708,0,2
20260722-104809:m11019,20260722-104809,1,2026-07-22T09:25:37.344436Z,65193,spawn,25,17657,2,1044525,6553,Garbage Flea,SimpleChar:7988CBBF,1,0b45ff39d75b1166,3550.71997,6.819876,886.249573,3545.22632,7.250183,888.214722,2.720003,2
20260722-104809:m11024,20260722-104809,1,2026-07-22T09:25:40.064439Z,65211,spawn,25,17657,2,1044525,6553,Garbage Flea,SimpleChar:7988CBBF,1,fd2a90fb79214ba0,3546.51489,6.802939,887.578186,3540.93042,8.435155,888.057068,0,2
20260722-104809:m11130,20260722-104809,1,2026-07-22T09:27:02.641632Z,65669,spawn,25,17657,6,1044525,6553,Garbage Flea,SimpleChar:7988CBCF,1,295565b4a435bbc2,3450.27417,0.01,815.854309,3451.69238,0.484349,812.295288,2.070525,2
20260722-104809:m11135,20260722-104809,1,2026-07-22T09:27:04.712157Z,65680,spawn,25,17657,6,1044525,6553,Garbage Flea,SimpleChar:7988CBCF,1,832ef27f42a93e6d,3451.22559,0.01,813.71637,3453.63281,0.48435,808.106934,0,2
20260722-104809:m13401,20260722-104809,1,2026-07-22T09:46:50.549907Z,80325,spawn,25,17657,6,1044525,6553,Garbage Flea,SimpleChar:7988CBCF,2,589983eb6f47540e,3450.18896,0.01,818.44342,3451.69238,0.484349,812.295288,0,2
20260722-104809:m11235,20260722-104809,1,2026-07-22T09:28:03.858780Z,66017,spawn,25,17657,5,1044525,6553,Garbage Flea,SimpleChar:7988CBDB,1,ce13699b8ffe6b52,3450.99487,0.01,863.230408,3451.15186,0.892165,857.847046,2.894339,2
20260722-104809:m11241,20260722-104809,1,2026-07-22T09:28:06.753119Z,66033,spawn,25,17657,5,1044525,6553,Garbage Flea,SimpleChar:7988CBDB,1,d3f4d4bbf96d1974,3451.07788,0.01,859.144043,3451.56519,0.892165,852.259827,0,2
20260722-104809:m11265,20260722-104809,1,2026-07-22T09:28:21.502299Z,66116,spawn,25,17657,5,1044525,6553,Garbage Flea,SimpleChar:7988CBE0,1,837b1d9cc718aee1,3453.52979,0.01,878.40625,3453.19116,0.636056,886.086365,0,2
20260722-104809:m11622,20260722-104809,1,2026-07-22T09:31:33.875261Z,67235,spawn,25,17657,1,1044525,6553,Garbage Flea,SimpleChar:7988CC09,1,6ace3d903ac37bdd,3558.51465,5.110001,865.482605,3552.54932,5.110001,868.246155,3.57789,2
20260722-104809:m11627,20260722-104809,1,2026-07-22T09:31:37.453151Z,67255,spawn,25,17657,1,1044525,6553,Garbage Flea,SimpleChar:7988CC09,1,109d23f9ca7a9f27,3553.64648,5.110001,867.717224,3554.36035,5.110001,874.144592,0,2
20260722-104809:m11684,20260722-104809,1,2026-07-22T09:32:05.417806Z,67428,spawn,25,17657,1,1044525,6553,Garbage Flea,SimpleChar:7988CC09,2,6ace3d903ac37bdd,3558.36816,5.110001,865.480774,3552.54932,5.110001,868.246155,3.38387,2
20260722-104809:m11692,20260722-104809,1,2026-07-22T09:32:08.801676Z,67448,spawn,25,17657,1,1044525,6553,Garbage Flea,SimpleChar:7988CC09,2,afae82b77f2473b6,3553.80786,5.110001,867.624939,3554.36035,5.110001,874.144592,0,2
20260722-104809:m11751,20260722-104809,1,2026-07-22T09:32:36.670500Z,67616,spawn,25,17657,1,1044525,6553,Garbage Flea,SimpleChar:7988CC09,3,6ace3d903ac37bdd,3558.38037,5.110001,865.478394,3552.54932,5.110001,868.246155,3.299459,2
20260722-104809:m11758,20260722-104809,1,2026-07-22T09:32:39.969959Z,67632,spawn,25,17657,1,1044525,6553,Garbage Flea,SimpleChar:7988CC09,3,afae82b77f2473b6,3553.88574,5.110001,867.587158,3554.36035,5.110001,874.144592,0,2
20260722-104809:m11831,20260722-104809,1,2026-07-22T09:33:20.767090Z,67830,spawn,25,17657,1,1044525,6553,Garbage Flea,SimpleChar:7988CC09,4,109d23f9ca7a9f27,3553.6333,5.110001,867.716675,3554.36035,5.110001,874.144592,0,2
20260722-104809:m11883,20260722-104809,1,2026-07-22T09:33:57.043390Z,68006,spawn,25,17657,1,1044525,6553,Garbage Flea,SimpleChar:7988CC09,5,6ace3d903ac37bdd,3558.52905,5.110001,865.438477,3552.54932,5.110001,868.246155,3.253788,2
20260722-104809:m11891,20260722-104809,1,2026-07-22T09:34:00.297178Z,68029,spawn,25,17657,1,1044525,6553,Garbage Flea,SimpleChar:7988CC09,5,109d23f9ca7a9f27,3553.72656,5.110001,867.673584,3554.36035,5.110001,874.144592,0,2
20260722-104809:m11950,20260722-104809,1,2026-07-22T09:34:28.161391Z,68234,spawn,25,17657,1,1044525,6553,Garbage Flea,SimpleChar:7988CC09,6,6ace3d903ac37bdd,3558.39478,5.110001,865.482056,3552.54932,5.110001,868.246155,3.672195,2
20260722-104809:m11957,20260722-104809,1,2026-07-22T09:34:31.833586Z,68271,spawn,25,17657,1,1044525,6553,Garbage Flea,SimpleChar:7988CC09,6,109d23f9ca7a9f27,3553.62598,5.110001,867.71698,3554.36035,5.110001,874.144592,0,2
20260722-104809:m12016,20260722-104809,1,2026-07-22T09:34:59.490956Z,68494,spawn,25,17657,1,1044525,6553,Garbage Flea,SimpleChar:7988CC09,7,6ace3d903ac37bdd,3558.42847,5.110001,865.453186,3552.54932,5.110001,868.246155,3.515472,2
20260722-104809:m12023,20260722-104809,1,2026-07-22T09:35:03.006428Z,68519,spawn,25,17657,1,1044525,6553,Garbage Flea,SimpleChar:7988CC09,7,109d23f9ca7a9f27,3553.65576,5.110001,867.701233,3554.36035,5.110001,874.144592,0,2
20260722-104809:m12082,20260722-104809,1,2026-07-22T09:35:30.753665Z,68693,spawn,25,17657,1,1044525,6553,Garbage Flea,SimpleChar:7988CC09,8,6ace3d903ac37bdd,3558.49438,5.110001,865.433533,3552.54932,5.110001,868.246155,3.520603,2
20260722-104809:m12088,20260722-104809,1,2026-07-22T09:35:34.274268Z,68714,spawn,25,17657,1,1044525,6553,Garbage Flea,SimpleChar:7988CC09,8,109d23f9ca7a9f27,3553.70874,5.110001,867.67804,3554.36035,5.110001,874.144592,0,2
20260722-104809:m12145,20260722-104809,1,2026-07-22T09:36:01.911925Z,68953,spawn,25,17657,1,1044525,6553,Garbage Flea,SimpleChar:7988CC09,9,6ace3d903ac37bdd,3558.52075,5.110001,865.425049,3552.54932,5.110001,868.246155,3.478841,2
20260722-104809:m12153,20260722-104809,1,2026-07-22T09:36:05.390766Z,68988,spawn,25,17657,1,1044525,6553,Garbage Flea,SimpleChar:7988CC09,9,109d23f9ca7a9f27,3553.64648,5.110001,867.709656,3554.36035,5.110001,874.144592,0,2
20260722-104809:m12211,20260722-104809,1,2026-07-22T09:36:33.701108Z,69170,spawn,25,17657,1,1044525,6553,Garbage Flea,SimpleChar:7988CC09,10,6ace3d903ac37bdd,3558.42529,5.110001,865.455872,3552.54932,5.110001,868.246155,3.459958,2
20260722-104809:m12221,20260722-104809,1,2026-07-22T09:36:37.161066Z,69203,spawn,25,17657,1,1044525,6553,Garbage Flea,SimpleChar:7988CC09,10,109d23f9ca7a9f27,3553.74121,5.110001,867.660706,3554.36035,5.110001,874.144592,0,2
20260722-104809:m12271,20260722-104809,1,2026-07-22T09:37:08.396511Z,69433,spawn,25,17657,1,1044525,6553,Garbage Flea,SimpleChar:7988CC09,11,6ace3d903ac37bdd,3558.68042,5.110001,865.426453,3552.54932,5.110001,868.246155,3.213847,2
20260722-104809:m12277,20260722-104809,1,2026-07-22T09:37:11.610358Z,69455,spawn,25,17657,1,1044525,6553,Garbage Flea,SimpleChar:7988CC09,11,afae82b77f2473b6,3553.85791,5.110001,867.623047,3554.36035,5.110001,874.144592,0,2
20260722-104809:m12329,20260722-104809,1,2026-07-22T09:37:39.271244Z,69633,spawn,25,17657,1,1044525,6553,Garbage Flea,SimpleChar:7988CC09,12,6ace3d903ac37bdd,3558.61206,5.110001,865.407715,3552.54932,5.110001,868.246155,3.540519,2
20260722-104809:m12337,20260722-104809,1,2026-07-22T09:37:42.811763Z,69656,spawn,25,17657,1,1044525,6553,Garbage Flea,SimpleChar:7988CC09,12,afae82b77f2473b6,3553.80273,5.110001,867.639465,3554.36035,5.110001,874.144592,0,2
20260722-104809:m12383,20260722-104809,1,2026-07-22T09:38:10.905502Z,69842,spawn,25,17657,1,1044525,6553,Garbage Flea,SimpleChar:7988CC09,13,6ace3d903ac37bdd,3558.51367,5.110001,865.446655,3552.54932,5.110001,868.246155,3.470546,2
20260722-104809:m12391,20260722-104809,1,2026-07-22T09:38:14.376048Z,69877,spawn,25,17657,1,1044525,6553,Garbage Flea,SimpleChar:7988CC09,13,afae82b77f2473b6,3553.7583,5.110001,867.658508,3554.36035,5.110001,874.144592,0,2
20260722-104809:m12436,20260722-104809,1,2026-07-22T09:38:42.181047Z,70037,spawn,25,17657,1,1044525,6553,Garbage Flea,SimpleChar:7988CC09,14,6ace3d903ac37bdd,3558.64673,5.110001,865.436157,3552.54932,5.110001,868.246155,3.820405,2
20260722-104809:m12443,20260722-104809,1,2026-07-22T09:38:46.001452Z,70059,spawn,25,17657,1,1044525,6553,Garbage Flea,SimpleChar:7988CC09,14,afae82b77f2473b6,3553.75732,5.110001,867.669373,3554.36035,5.110001,874.144592,0,2
20260722-104809:m12499,20260722-104809,1,2026-07-22T09:39:13.829136Z,70297,spawn,25,17657,1,1044525,6553,Garbage Flea,SimpleChar:7988CC09,15,6ace3d903ac37bdd,3558.5564,5.110001,865.447388,3552.54932,5.110001,868.246155,3.780752,2
20260722-104809:m12507,20260722-104809,1,2026-07-22T09:39:17.609888Z,70337,spawn,25,17657,1,1044525,6553,Garbage Flea,SimpleChar:7988CC09,15,afae82b77f2473b6,3553.77368,5.110001,867.654846,3554.36035,5.110001,874.144592,0,2
20260722-104809:m12551,20260722-104809,1,2026-07-22T09:39:45.429379Z,70525,spawn,25,17657,1,1044525,6553,Garbage Flea,SimpleChar:7988CC09,16,6ace3d903ac37bdd,3558.44556,5.110001,865.452637,3552.54932,5.110001,868.246155,3.791131,2
20260722-104809:m12557,20260722-104809,1,2026-07-22T09:39:49.220510Z,70550,spawn,25,17657,1,1044525,6553,Garbage Flea,SimpleChar:7988CC09,16,109d23f9ca7a9f27,3553.62598,5.110001,867.717163,3554.36035,5.110001,874.144592,0,2
20260722-104809:m12613,20260722-104809,1,2026-07-22T09:40:17.414249Z,70759,spawn,25,17657,1,1044525,6553,Garbage Flea,SimpleChar:7988CC09,17,6ace3d903ac37bdd,3558.40308,5.110001,865.45752,3552.54932,5.110001,868.246155,3.329782,2
20260722-104809:m12618,20260722-104809,1,2026-07-22T09:40:20.744031Z,70784,spawn,25,17657,1,1044525,6553,Garbage Flea,SimpleChar:7988CC09,17,109d23f9ca7a9f27,3553.5752,5.110001,867.73938,3554.36035,5.110001,874.144592,0,2
20260722-104809:m12670,20260722-104809,1,2026-07-22T09:40:48.527835Z,71020,spawn,25,17657,1,1044525,6553,Garbage Flea,SimpleChar:7988CC09,18,6ace3d903ac37bdd,3558.52002,5.110001,865.42804,3552.54932,5.110001,868.246155,3.58967,2
20260722-104809:m12679,20260722-104809,1,2026-07-22T09:40:52.117505Z,71066,spawn,25,17657,1,1044525,6553,Garbage Flea,SimpleChar:7988CC09,18,109d23f9ca7a9f27,3553.66528,5.110001,867.700928,3554.36035,5.110001,874.144592,0,2
20260722-104809:m12726,20260722-104809,1,2026-07-22T09:41:19.836645Z,71278,spawn,25,17657,1,1044525,6553,Garbage Flea,SimpleChar:7988CC09,19,6ace3d903ac37bdd,3558.6123,5.110001,865.448853,3552.54932,5.110001,868.246155,3.479979,2
20260722-104809:m12733,20260722-104809,1,2026-07-22T09:41:23.316624Z,71302,spawn,25,17657,1,1044525,6553,Garbage Flea,SimpleChar:7988CC09,19,afae82b77f2473b6,3553.84131,5.110001,867.62793,3554.36035,5.110001,874.144592,0,2
20260722-104809:m12778,20260722-104809,1,2026-07-22T09:41:51.608901Z,71586,spawn,25,17657,1,1044525,6553,Garbage Flea,SimpleChar:7988CC09,20,6ace3d903ac37bdd,3558.37427,5.110001,865.467529,3552.54932,5.110001,868.246155,3.339965,2
20260722-104809:m12786,20260722-104809,1,2026-07-22T09:41:54.948866Z,71616,spawn,25,17657,1,1044525,6553,Garbage Flea,SimpleChar:7988CC09,20,afae82b77f2473b6,3553.85107,5.110001,867.601624,3554.36035,5.110001,874.144592,0,2
20260722-104809:m12837,20260722-104809,1,2026-07-22T09:42:22.825503Z,71889,spawn,25,17657,1,1044525,6553,Garbage Flea,SimpleChar:7988CC09,21,6ace3d903ac37bdd,3558.44238,5.110001,865.466309,3552.54932,5.110001,868.246155,3.510281,2
20260722-104809:m12843,20260722-104809,1,2026-07-22T09:42:26.335784Z,71910,spawn,25,17657,1,1044525,6553,Garbage Flea,SimpleChar:7988CC09,21,109d23f9ca7a9f27,3553.68091,5.110001,867.692139,3554.36035,5.110001,874.144592,0,2
20260722-104809:m12893,20260722-104809,1,2026-07-22T09:42:54.439932Z,72160,spawn,25,17657,1,1044525,6553,Garbage Flea,SimpleChar:7988CC09,22,6ace3d903ac37bdd,3558.42798,5.110001,865.461914,3552.54932,5.110001,868.246155,3.743775,2
20260722-104809:m12898,20260722-104809,1,2026-07-22T09:42:58.183707Z,72191,spawn,25,17657,1,1044525,6553,Garbage Flea,SimpleChar:7988CC09,22,109d23f9ca7a9f27,3553.61743,5.110001,867.721558,3554.36035,5.110001,874.144592,0,2
20260722-104809:m12959,20260722-104809,1,2026-07-22T09:43:22.957147Z,72728,spawn,25,17657,1,1044525,6553,Garbage Flea,SimpleChar:7988CC09,23,2994b71f64d99fc1,3562.96875,5.110001,864.484436,3557.20972,5.110001,865.676331,0,2
20260722-104809:m12418,20260722-104809,1,2026-07-22T09:38:29.131102Z,69961,spawn,25,17657,1,1044525,6553,Garbage Flea,SimpleChar:7988CC50,2,3f9c93efc2798140,3557.45288,8.377541,916.963501,3567.58057,8.631208,912.799316,0,2
20260722-104809:m12434,20260722-104809,1,2026-07-22T09:38:41.071069Z,70030,spawn,25,17657,1,1044525,6553,Garbage Flea,SimpleChar:7988CC50,3,65642646986b8c9e,3559.71973,8.133145,915.58844,3552.79907,7.629861,921.401794,0,2
20260722-104809:m12494,20260722-104809,1,2026-07-22T09:39:09.879530Z,70263,spawn,25,17657,1,1044525,6553,Garbage Flea,SimpleChar:7988CC50,4,3f9c93efc2798140,3557.38428,8.387515,917.027893,3567.58057,8.631208,912.799316,0,2
20260722-104809:m12517,20260722-104809,1,2026-07-22T09:39:22.159794Z,70373,spawn,25,17657,1,1044525,6553,Garbage Flea,SimpleChar:7988CC50,5,65642646986b8c9e,3559.56909,8.144443,915.64093,3552.79907,7.629861,921.401794,0,2
20260722-104809:m12564,20260722-104809,1,2026-07-22T09:39:50.610705Z,70559,spawn,25,17657,1,1044525,6553,Garbage Flea,SimpleChar:7988CC50,6,3f9c93efc2798140,3557.35986,8.390853,917.047974,3567.58057,8.631208,912.799316,0,2
20260722-104809:m12638,20260722-104809,1,2026-07-22T09:40:31.756000Z,70882,spawn,25,17657,1,1044525,6553,Garbage Flea,SimpleChar:7988CC50,8,3f9c93efc2798140,3557.57153,8.360292,916.852173,3567.58057,8.631208,912.799316,0,2
20260722-104809:m12661,20260722-104809,1,2026-07-22T09:40:43.646422Z,70978,spawn,25,17657,1,1044525,6553,Garbage Flea,SimpleChar:7988CC50,9,65642646986b8c9e,3559.68896,8.135452,915.598572,3552.79907,7.629861,921.401794,0,2
20260722-104809:m12711,20260722-104809,1,2026-07-22T09:41:12.295191Z,71219,spawn,25,17657,1,1044525,6553,Garbage Flea,SimpleChar:7988CC50,10,3f9c93efc2798140,3557.46069,8.376373,916.95575,3567.58057,8.631208,912.799316,0,2
20260722-104809:m12783,20260722-104809,1,2026-07-22T09:41:53.458926Z,71601,spawn,25,17657,1,1044525,6553,Garbage Flea,SimpleChar:7988CC50,12,3f9c93efc2798140,3557.46899,8.375124,916.947388,3567.58057,8.631208,912.799316,0,2
20260722-104809:m12855,20260722-104809,1,2026-07-22T09:42:34.197155Z,71983,spawn,25,17657,1,1044525,6553,Garbage Flea,SimpleChar:7988CC50,14,3f9c93efc2798140,3557.42212,8.381972,916.991821,3567.58057,8.631208,912.799316,0,2
20260722-104809:m12941,20260722-104809,1,2026-07-22T09:43:15.120190Z,72360,spawn,25,17657,1,1044525,6553,Garbage Flea,SimpleChar:7988CC50,16,3f9c93efc2798140,3557.52368,8.367136,916.895569,3567.58057,8.631208,912.799316,0,2
20260722-104809:m12957,20260722-104809,1,2026-07-22T09:43:21.856684Z,72708,spawn,25,17657,1,1044525,6553,Garbage Flea,SimpleChar:7988CC50,17,b6b59be7d595bafd,3566.50195,8.298014,913.225159,3558.44434,8.229358,916.035767,0,2
20260722-104809:m13040,20260722-104809,1,2026-07-22T09:43:56.239379Z,73858,spawn,25,17657,1,1044525,6553,Garbage Flea,SimpleChar:7988CC50,18,3f9c93efc2798140,3557.53052,8.366078,916.888306,3567.58057,8.631208,912.799316,0,2
20260722-104809:m13077,20260722-104809,1,2026-07-22T09:44:37.185924Z,74721,spawn,25,17657,1,1044525,6553,Garbage Flea,SimpleChar:7988CC50,19,3f9c93efc2798140,3557.39233,8.386284,917.019531,3567.58057,8.631208,912.799316,0,2
20260722-104809:m13121,20260722-104809,1,2026-07-22T09:45:18.329957Z,75160,spawn,25,17657,1,1044525,6553,Garbage Flea,SimpleChar:7988CC50,20,3f9c93efc2798140,3557.41309,8.383231,916.999573,3567.58057,8.631208,912.799316,0,2
20260722-104809:m13210,20260722-104809,1,2026-07-22T09:45:53.821687Z,76981,spawn,25,17657,1,1044525,6553,Garbage Flea,SimpleChar:7988CC50,21,7ad06effc109bdea,3551.71509,7.454904,922.387512,3558.44434,8.229358,916.035767,0,2
20260722-104809:m13322,20260722-104809,1,2026-07-22T09:46:21.803096Z,78633,spawn,25,17657,1,1044525,6553,Garbage Flea,SimpleChar:7988CC50,22,84f155954d931a70,3548.14697,7.497998,925.925293,3541.69067,8.657413,930.089355,0,2
20260722-104809:m13408,20260722-104809,1,2026-07-22T09:46:52.290642Z,80389,spawn,25,17657,1,1044525,6553,Garbage Flea,SimpleChar:7988CC50,23,65642646986b8c9e,3559.60425,8.141806,915.627136,3552.79907,7.629861,921.401794,0,2
20260722-104809:m13482,20260722-104809,1,2026-07-22T09:47:20.852578Z,81580,spawn,25,17657,1,1044525,6553,Garbage Flea,SimpleChar:7988CC50,24,3f9c93efc2798140,3557.55664,8.362375,916.865051,3567.58057,8.631208,912.799316,0,2
20260722-104809:m13499,20260722-104809,1,2026-07-22T09:47:32.922055Z,81844,spawn,25,17657,1,1044525,6553,Garbage Flea,SimpleChar:7988CC50,25,6e5b350212676bd7,3559.80908,8.126444,915.556335,3552.79907,7.629861,921.401794,0,2
20260722-104809:m13531,20260722-104809,1,2026-07-22T09:47:43.239079Z,82451,spawn,25,17657,1,1044525,6553,Garbage Flea,SimpleChar:7988CC50,26,84f155954d931a70,3547.94678,7.563147,926.089844,3541.69067,8.657413,930.089355,0,2
20260722-104809:m13671,20260722-104809,1,2026-07-22T09:48:42.206519Z,85789,spawn,25,17657,1,1044525,6553,Garbage Flea,SimpleChar:7988CC50,27,3f9c93efc2798140,3557.5647,8.361171,916.857056,3567.58057,8.631208,912.799316,0,2
20260722-104809:m13758,20260722-104809,1,2026-07-22T09:49:22.652869Z,86946,spawn,25,17657,1,1044525,6553,Garbage Flea,SimpleChar:7988CC50,28,3f9c93efc2798140,3557.354,8.391891,917.055969,3567.58057,8.631208,912.799316,0,2
20260722-104809:m13827,20260722-104809,1,2026-07-22T09:50:03.687526Z,87200,spawn,25,17657,1,1044525,6553,Garbage Flea,SimpleChar:7988CC50,30,3f9c93efc2798140,3557.58887,8.357779,916.835999,3567.58057,8.631208,912.799316,0,2
20260722-104809:m13906,20260722-104809,1,2026-07-22T09:50:44.334658Z,87518,spawn,25,17657,1,1044525,6553,Garbage Flea,SimpleChar:7988CC50,32,3f9c93efc2798140,3557.37964,8.388124,917.031372,3567.58057,8.631208,912.799316,0,2
20260722-104809:m13918,20260722-104809,1,2026-07-22T09:50:50.830413Z,87692,spawn,25,17657,1,1044525,6553,Garbage Flea,SimpleChar:7988CC50,33,2de64c48ba0bcc08,3566.33765,8.309155,913.299438,3558.44434,8.229358,916.035767,0,2
20260722-104809:m13961,20260722-104809,1,2026-07-22T09:51:11.396298Z,88126,spawn,25,17657,1,1044525,6553,Garbage Flea,SimpleChar:7988CC50,34,7aaf7afbd8ef870b,3542.63428,8.661038,929.44165,3547.08862,7.951294,926.980652,0,2
20260722-104809:m14090,20260722-104809,1,2026-07-22T09:52:06.485859Z,89756,spawn,25,17657,1,1044525,6553,Garbage Flea,SimpleChar:7988CC50,35,3f9c93efc2798140,3557.53882,8.365003,916.882263,3567.58057,8.631208,912.799316,0,2
20260722-104809:m14171,20260722-104809,1,2026-07-22T09:52:29.263107Z,90846,spawn,25,17657,1,1044525,6553,Garbage Flea,SimpleChar:7988CC50,36,84f155954d931a70,3548.03198,7.532331,926.020752,3541.69067,8.657413,930.089355,0,2
20260722-104809:m13028,20260722-104809,1,2026-07-22T09:43:50.597049Z,73591,spawn,1019,297023,1,1044525,6553,Malfunctioning Cleaning Robot,SimpleChar:7988CC76,1,0721f51ea82199c9,3608.02563,53.244999,801.701111,3621.1958,52.5,784.227295,0,2
20260722-104809:m13239,20260722-104809,1,2026-07-22T09:46:03.837008Z,77707,spawn,1019,297023,1,1044525,6553,Malfunctioning Cleaning Robot,SimpleChar:7988CC95,1,bc256257868a0898,3595.25684,51.744999,800.062195,3594.23291,52.5,799.810913,0.640245,2
20260722-104809:m13242,20260722-104809,1,2026-07-22T09:46:04.477253Z,77735,spawn,1019,297023,1,1044525,6553,Malfunctioning Cleaning Robot,SimpleChar:7988CC95,1,8010dd9541d87d24,3595.19873,51.744999,800.048035,3594.25342,52.5,800.1604,0,2
20260722-104809:m13243,20260722-104809,1,2026-07-22T09:46:04.477253Z,77736,spawn,1019,297023,1,1044525,6553,Malfunctioning Cleaning Robot,SimpleChar:7988CC95,1,2acaf1a34d7e481f,3595.19873,51.744999,800.048035,3594.02393,52.5,800.299072,0.560724,2
20260722-104809:m13246,20260722-104809,1,2026-07-22T09:46:05.037977Z,77746,spawn,1019,297023,1,1044525,6553,Malfunctioning Cleaning Robot,SimpleChar:7988CC95,1,8c7f03fc14c8ced1,3594.99634,51.744999,800.091248,3594.18384,52.5,799.762817,0.120054,2
20260722-104809:m13247,20260722-104809,1,2026-07-22T09:46:05.158031Z,77749,spawn,1019,297023,1,1044525,6553,Malfunctioning Cleaning Robot,SimpleChar:7988CC95,1,8c7f03fc14c8ced1,3594.99634,51.744999,800.091248,3594.22217,52.5,800.20166,0.250107,2
20260722-104809:m13249,20260722-104809,1,2026-07-22T09:46:05.408138Z,77760,spawn,1019,297023,1,1044525,6553,Malfunctioning Cleaning Robot,SimpleChar:7988CC95,1,8c7f03fc14c8ced1,3594.99634,51.744999,800.091248,3594.18506,52.5,799.763916,0.192077,2
20260722-104809:m13251,20260722-104809,1,2026-07-22T09:46:05.600215Z,77798,spawn,1019,297023,1,1044525,6553,Malfunctioning Cleaning Robot,SimpleChar:7988CC95,1,8c7f03fc14c8ced1,3594.99634,51.744999,800.091248,3594.24878,52.5,800.167664,0.324633,2
20260722-104809:m13253,20260722-104809,1,2026-07-22T09:46:05.924848Z,77800,spawn,1019,297023,1,1044525,6553,Malfunctioning Cleaning Robot,SimpleChar:7988CC95,1,d86fd1f139033c3e,3594.99634,51.744999,800.091248,3594.15259,52.5,799.741699,0.15005,2
20260722-104809:m13256,20260722-104809,1,2026-07-22T09:46:06.074898Z,77813,spawn,1019,297023,1,1044525,6553,Malfunctioning Cleaning Robot,SimpleChar:7988CC95,1,8010dd9541d87d24,3594.99634,51.744999,800.091248,3594.26001,52.5,800.149719,0.250098,2
20260722-104809:m13259,20260722-104809,1,2026-07-22T09:46:06.324996Z,77821,spawn,1019,297023,1,1044525,6553,Malfunctioning Cleaning Robot,SimpleChar:7988CC95,1,8c7f03fc14c8ced1,3594.99634,51.744999,800.091248,3594.19849,52.5,800.224915,0.160555,2
20260722-104809:m13262,20260722-104809,1,2026-07-22T09:46:06.485551Z,77884,spawn,1019,297023,1,1044525,6553,Malfunctioning Cleaning Robot,SimpleChar:7988CC95,1,8010dd9541d87d24,3594.99634,51.744999,800.091248,3594.26733,52.5,800.136047,0.304613,2
20260722-104809:m13264,20260722-104809,1,2026-07-22T09:46:06.790164Z,77942,spawn,1019,297023,1,1044525,6553,Malfunctioning Cleaning Robot,SimpleChar:7988CC95,1,8010dd9541d87d24,3594.99634,51.744999,800.091248,3594.26831,52.5,799.865845,0.12005,2
20260722-104809:m13265,20260722-104809,1,2026-07-22T09:46:06.910214Z,77960,spawn,1019,297023,1,1044525,6553,Malfunctioning Cleaning Robot,SimpleChar:7988CC95,1,8010dd9541d87d24,3594.99634,51.744999,800.091248,3594.29419,52.5,800.058411,0.283642,2
20260722-104809:m13266,20260722-104809,1,2026-07-22T09:46:07.193856Z,77981,spawn,1019,297023,1,1044525,6553,Malfunctioning Cleaning Robot,SimpleChar:7988CC95,1,8010dd9541d87d24,3594.99634,51.744999,800.091248,3594.27124,52.5,799.871765,0.152066,2
20260722-104809:m13267,20260722-104809,1,2026-07-22T09:46:07.345922Z,78001,spawn,1019,297023,1,1044525,6553,Malfunctioning Cleaning Robot,SimpleChar:7988CC95,1,d86fd1f139033c3e,3594.99634,51.744999,800.091248,3594.08228,52.5,799.711487,0.16107,2
20260722-104809:m13268,20260722-104809,1,2026-07-22T09:46:07.506992Z,78017,spawn,1019,297023,1,1044525,6553,Malfunctioning Cleaning Robot,SimpleChar:7988CC95,1,8010dd9541d87d24,3594.99634,51.744999,800.091248,3594.27051,52.5,799.870544,0.36219,2
20260722-104809:m13272,20260722-104809,1,2026-07-22T09:46:07.869182Z,78033,spawn,1019,297023,1,1044525,6553,Malfunctioning Cleaning Robot,SimpleChar:7988CC95,1,2acaf1a34d7e481f,3594.99634,51.744999,800.091248,3594.08911,52.5,800.286438,0,2
20260722-104809:m13414,20260722-104809,1,2026-07-22T09:46:56.841024Z,80545,spawn,25,17657,1,1044525,6553,Garbage Flea,SimpleChar:7988CCA5,1,35f8db96c220795f,3550.87476,6.925473,886.408081,3545.22632,7.250183,888.214722,3.26581,2
20260722-104809:m13420,20260722-104809,1,2026-07-22T09:47:00.106834Z,80600,spawn,25,17657,1,1044525,6553,Garbage Flea,SimpleChar:7988CCA5,1,fd2a90fb79214ba0,3546.43286,6.857788,887.675232,3540.93042,8.435155,888.057068,0,2
20260722-104809:m13868,20260722-104809,1,2026-07-22T09:50:29.310186Z,87396,spawn,95,17649,2,1044525,6553,Engineer Automaton I,SimpleChar:7988CCA7,1,5d33dfa0a9893882,3445.70264,9.145,843.861084,3446.37305,9.645,839.74939,0.870512,2
20260722-104809:m13871,20260722-104809,1,2026-07-22T09:50:30.180698Z,87409,spawn,95,17649,2,1044525,6553,Engineer Automaton I,SimpleChar:7988CCA7,1,62993967c6e58e98,3446.22437,9.145,840.660461,3443.83032,9.51,838.05658,0,2
20260722-104809:m13592,20260722-104809,1,2026-07-22T09:48:17.206515Z,84068,spawn,1019,297023,1,1044525,6553,Malfunctioning Cleaning Robot,SimpleChar:7988CCB8,1,35f2c13f25fac2f0,3606.8772,53.244999,801.514221,3599.23828,52.5,787.18219,0,2
20260722-104809:m13739,20260722-104809,1,2026-07-22T09:49:06.266516Z,86851,spawn,25,17657,2,1044525,6553,Garbage Flea,SimpleChar:7988CCC6,2,6ace3d903ac37bdd,3558.55933,5.110001,865.444885,3552.54932,5.110001,868.246155,3.584993,2
20260722-104809:m13742,20260722-104809,1,2026-07-22T09:49:09.851509Z,86869,spawn,25,17657,2,1044525,6553,Garbage Flea,SimpleChar:7988CCC6,2,109d23f9ca7a9f27,3553.69727,5.110001,867.691162,3554.36035,5.110001,874.144592,0,2
20260722-104809:m13780,20260722-104809,1,2026-07-22T09:49:37.786833Z,87037,spawn,25,17657,2,1044525,6553,Garbage Flea,SimpleChar:7988CCC6,3,6ace3d903ac37bdd,3558.54199,5.110001,865.430664,3552.54932,5.110001,868.246155,3.550957,2
20260722-104809:m13784,20260722-104809,1,2026-07-22T09:49:41.337790Z,87056,spawn,25,17657,2,1044525,6553,Garbage Flea,SimpleChar:7988CCC6,3,109d23f9ca7a9f27,3553.70093,5.110001,867.685791,3554.36035,5.110001,874.144592,0,2
20260722-104809:m13834,20260722-104809,1,2026-07-22T09:50:08.830096Z,87230,spawn,25,17657,2,1044525,6553,Garbage Flea,SimpleChar:7988CCC6,4,6ace3d903ac37bdd,3558.5647,5.110001,865.421631,3552.54932,5.110001,868.246155,4.024262,2
20260722-104809:m13839,20260722-104809,1,2026-07-22T09:50:12.854358Z,87252,spawn,25,17657,2,1044525,6553,Garbage Flea,SimpleChar:7988CCC6,4,109d23f9ca7a9f27,3553.68872,5.110001,867.692749,3554.36035,5.110001,874.144592,0,2
20260722-104809:m13896,20260722-104809,1,2026-07-22T09:50:40.356488Z,87487,spawn,25,17657,2,1044525,6553,Garbage Flea,SimpleChar:7988CCC6,5,6ace3d903ac37bdd,3558.51367,5.110001,865.43042,3552.54932,5.110001,868.246155,3.788596,2
20260722-104809:m13904,20260722-104809,1,2026-07-22T09:50:44.145084Z,87515,spawn,25,17657,2,1044525,6553,Garbage Flea,SimpleChar:7988CCC6,5,109d23f9ca7a9f27,3553.72534,5.110001,867.671082,3554.36035,5.110001,874.144592,0,2
20260722-104809:m13770,20260722-104809,1,2026-07-22T09:49:32.111342Z,87004,spawn,25,17657,6,1044525,6553,Garbage Flea,SimpleChar:7988CCCC,1,295565b4a435bbc2,3450.31323,0.01,815.805664,3451.69238,0.484349,812.295288,2.581074,2
20260722-104809:m13772,20260722-104809,1,2026-07-22T09:49:34.692416Z,87015,spawn,25,17657,6,1044525,6553,Garbage Flea,SimpleChar:7988CCCC,1,832ef27f42a93e6d,3451.24072,0.01,813.676941,3453.63281,0.48435,808.106934,0,2
20260722-104809:m14240,20260722-104809,1,2026-07-22T09:52:58.230545Z,91953,spawn,25,17657,6,1044525,6553,Garbage Flea,SimpleChar:7988CCCC,2,370fa6fde4c7ab20,3453.1311,0.01,809.271729,3449.17236,0.484349,812.813599,3.503161,2
20260722-104809:m14250,20260722-104809,1,2026-07-22T09:53:01.733706Z,91985,spawn,25,17657,6,1044525,6553,Garbage Flea,SimpleChar:7988CCCC,2,03fa3d0f318ec29c,3450.22119,0.01,811.769653,3448.83936,0.48435,827.203064,0,2
20260722-104809:m13797,20260722-104809,1,2026-07-22T09:49:46.185359Z,87085,spawn,25,17657,6,1044525,6553,Garbage Flea,SimpleChar:7988CCD4,1,b38c077758d06bc5,3451.18579,0.01,863.337769,3451.15186,0.892165,857.847046,2.898197,2
20260722-104809:m13803,20260722-104809,1,2026-07-22T09:49:49.083556Z,87111,spawn,25,17657,6,1044525,6553,Garbage Flea,SimpleChar:7988CCD4,1,d3f4d4bbf96d1974,3451.11694,0.01,859.249146,3451.56519,0.892165,852.259827,0,2
20260722-104809:m14245,20260722-104809,1,2026-07-22T09:53:00.754815Z,91972,spawn,25,17657,6,1044525,6553,Garbage Flea,SimpleChar:7988CCD4,2,e6495f7bb0673d03,3451.47705,0.01,853.595459,3454.21289,0.892165,846.437866,0,2
20260722-104809:m13826,20260722-104809,1,2026-07-22T09:50:03.167827Z,87199,spawn,25,17657,5,1044525,6553,Garbage Flea,SimpleChar:7988CCD8,1,837b1d9cc718aee1,3453.58813,0.01,878.365295,3453.19116,0.636056,886.086365,0,2
20260722-104809:m14249,20260722-104809,1,2026-07-22T09:53:01.733706Z,91984,spawn,25,17657,5,1044525,6553,Garbage Flea,SimpleChar:7988CCD8,2,e8878707afd9e40a,3453.24854,0.01,884.90625,3450.05835,0.636057,889.84906,0,2
20260722-104809:m14040,20260722-104809,1,2026-07-22T09:51:45.864109Z,88919,spawn,25,17657,2,1044525,6553,Garbage Flea,SimpleChar:7988CCED,1,05074552263c6639,3532.31592,7.307024,907.24469,3531.11914,5.410458,901.882385,3.326078,2
20260722-104809:m14045,20260722-104809,1,2026-07-22T09:51:49.190187Z,89116,spawn,25,17657,2,1044525,6553,Garbage Flea,SimpleChar:7988CCED,1,b2a161db33d1794d,3531.38501,5.859415,903.072998,3530.66382,5.110001,897.269409,0,2
20260722-104809:m14091,20260722-104809,1,2026-07-22T09:52:06.806988Z,89781,spawn,25,17657,2,1044525,6553,Garbage Flea,SimpleChar:7988CCED,2,0a07692eed3b68fe,3522.10034,5.110001,888.679199,3529.69067,5.110001,890.653748,0,2
20260722-104809:m14052,20260722-104809,1,2026-07-22T09:51:52.392228Z,89184,spawn,1019,297023,1,1044525,6553,Malfunctioning Cleaning Robot,SimpleChar:7988CCEF,1,49ebf27cde1e8b61,3606.02417,51.744999,801.273376,3597.28491,52.5,772.093811,0,2
20260722-104809:m14308,20260722-104809,1,2026-07-22T09:53:19.319036Z,92601,spawn,1019,297023,1,1044525,6553,Malfunctioning Cleaning Robot,SimpleChar:7988CCFD,1,49362c8d63a41bff,3598.96436,51.744999,787.96759,3622.79175,52.5,798.784119,0,2
20260722-104809:m14434,20260722-104809,1,2026-07-22T09:53:31.567937Z,93002,spawn,1019,297023,1,1044525,6553,Malfunctioning Cleaning Robot,SimpleChar:7988CD0D,1,58ce28830b06af4b,3597.70508,51.744999,773.855164,3602.27905,52.5,787.889587,0,2
20260722-152454:m01074,20260722-152454,1,2026-07-22T13:26:25.034893Z,3278,spawn,137,26125,10,1044525,6553,Leonora Marty,SimpleChar:78E0FC74,1,e47f471b38533c64,3441.41455,9.01,858.44165,3448.84668,9.050667,862.536926,0,2
20260722-152454:m01916,20260722-152454,1,2026-07-22T13:28:36.632812Z,7991,spawn,137,26125,10,1044525,6553,Leonora Marty,SimpleChar:78E0FC74,2,9775a961dab11288,3447.76514,9.145,861.936646,3450.21484,9.107702,867.728149,0,2
20260722-152454:m01963,20260722-152454,1,2026-07-22T13:29:10.754828Z,9223,spawn,137,26125,10,1044525,6553,Leonora Marty,SimpleChar:78E0FC74,3,02f1e53805738d3e,3442.41699,9.165,889.477478,3447.95923,9.053416,889.979736,2.923228,2
20260722-152454:m01966,20260722-152454,1,2026-07-22T13:29:13.678056Z,9502,spawn,137,26125,10,1044525,6553,Leonora Marty,SimpleChar:78E0FC74,3,d253fd1e01597ca9,3446.64185,9.145,889.85437,3451.55005,9.109654,889.622498,0,2
20260722-152454:m01975,20260722-152454,1,2026-07-22T13:29:23.027275Z,10139,spawn,137,26125,10,1044525,6553,Leonora Marty,SimpleChar:78E0FC74,4,f31773ba46a77157,3460.5376,9.145,889.045593,3466.59814,9.01,889.095337,0,2
20260722-152454:m02102,20260722-152454,1,2026-07-22T13:31:18.086048Z,13176,spawn,137,26125,10,1044525,6553,Leonora Marty,SimpleChar:78E0FC74,5,02f1e53805738d3e,3442.47363,9.165,889.479675,3447.95923,9.053416,889.979736,2.41127,2
20260722-152454:m02107,20260722-152454,1,2026-07-22T13:31:20.497318Z,13293,spawn,137,26125,10,1044525,6553,Leonora Marty,SimpleChar:78E0FC74,5,d253fd1e01597ca9,3446.60718,9.145,889.850281,3451.55005,9.109654,889.622498,0,2
20260722-152454:m02717,20260722-152454,1,2026-07-22T13:39:17.055369Z,24411,spawn,137,26125,10,1044525,6553,Leonora Marty,SimpleChar:78E0FC74,7,e47f471b38533c64,3441.32642,9.01,858.432739,3448.84668,9.050667,862.536926,0,2
20260722-152454:m02834,20260722-152454,1,2026-07-22T13:40:17.101861Z,25775,spawn,137,26125,10,1044525,6553,Leonora Marty,SimpleChar:78E0FC74,8,02f1e53805738d3e,3442.46899,9.165,889.476746,3447.95923,9.053416,889.979736,2.8522,2
20260722-152454:m02838,20260722-152454,1,2026-07-22T13:40:19.954061Z,25915,spawn,137,26125,10,1044525,6553,Leonora Marty,SimpleChar:78E0FC74,8,d253fd1e01597ca9,3446.71606,9.145,889.860229,3451.55005,9.109654,889.622498,0,2
20260722-152454:m03157,20260722-152454,1,2026-07-22T13:42:53.507838Z,29752,spawn,137,26125,10,1044525,6553,Leonora Marty,SimpleChar:78E0FC74,9,dd5fdf951e2b327e,3457.07861,9.145,878.603394,3457.13965,9.107692,869.205444,0,2
20260722-152454:m08257,20260722-152454,1,2026-07-22T14:11:54.349000Z,70189,spawn,137,26125,10,1044525,6553,Leonora Marty,SimpleChar:78E0FC74,10,c4204bd76a3c3469,3437.81567,9.01,876.179199,3439.74292,9.01,880.811157,2.402166,2
20260722-152454:m08263,20260722-152454,1,2026-07-22T14:11:56.751166Z,70245,spawn,137,26125,10,1044525,6553,Leonora Marty,SimpleChar:78E0FC74,10,9c55bd1fa758e4d8,3439.21338,9.01,879.505554,3438.97705,9.01,882.045288,0,2
20260722-152454:m08345,20260722-152454,1,2026-07-22T14:12:38.362968Z,71349,spawn,137,26125,10,1044525,6553,Leonora Marty,SimpleChar:78E0FC74,11,d12bd12ff7d801ad,3458.02417,9.145,881.539673,3456.76294,9.109647,877.424072,2.024593,2
20260722-152454:m08352,20260722-152454,1,2026-07-22T14:12:40.387561Z,71424,spawn,137,26125,10,1044525,6553,Leonora Marty,SimpleChar:78E0FC74,11,55e471cb26a26951,3457.11597,9.145,878.806641,3457.13965,9.107692,869.205444,0,2
20260722-152454:m08615,20260722-152454,1,2026-07-22T14:14:47.166392Z,74917,spawn,137,26125,10,1044525,6553,Leonora Marty,SimpleChar:78E0FC74,12,dd5fdf951e2b327e,3457.0686,9.145,878.668762,3457.13965,9.107692,869.205444,0,2
20260722-152454:m08819,20260722-152454,1,2026-07-22T14:16:47.848929Z,76747,spawn,137,26125,10,1044525,6553,Leonora Marty,SimpleChar:78E0FC74,13,ffcf541a2a6d596b,3462.71826,9.01,885.163269,3457.02905,9.109645,880.685242,0,2
20260722-152454:m08973,20260722-152454,1,2026-07-22T14:18:07.914965Z,78740,spawn,137,26125,10,1044525,6553,Leonora Marty,SimpleChar:78E0FC74,14,f4efd5ca1e5e23c1,3439.32666,9.01,868.814514,3434.72681,9.01,871.857666,2.786459,2
20260722-152454:m08983,20260722-152454,1,2026-07-22T14:18:10.701424Z,78905,spawn,137,26125,10,1044525,6553,Leonora Marty,SimpleChar:78E0FC74,14,c218a2f1867bdcde,3435.89697,9.01,871.037598,3438.51685,9.01,877.417114,0,2
20260722-152454:m09100,20260722-152454,1,2026-07-22T14:19:00.757164Z,80934,spawn,137,26125,10,1044525,6553,Leonora Marty,SimpleChar:78E0FC74,15,55e471cb26a26951,3457.09863,9.145,878.802246,3457.13965,9.107692,869.205444,0,2
20260722-152454:m02893,20260722-152454,1,2026-07-22T13:40:44.515195Z,26652,spawn,103,26090,6,1044525,6553,Janee Forejt,SimpleChar:78E0FD07,1,d3e84819b64b9cfa,3411.39819,9.01,852.495789,3411.34961,9.01,857.35321,0,2
20260722-152454:m03017,20260722-152454,1,2026-07-22T13:41:48.459504Z,28042,spawn,103,26090,6,1044525,6553,Janee Forejt,SimpleChar:78E0FD07,2,ef60a7afca0fdd10,3416.79443,9.145,842.734131,3413.60498,9.01,848.813843,0,2
20260722-152454:m03117,20260722-152454,1,2026-07-22T13:42:24.327145Z,29213,spawn,103,26090,6,1044525,6553,Janee Forejt,SimpleChar:78E0FD07,3,e78f820e8f2e8ab7,3425.29565,9.145,875.232849,3421.68726,9.049099,867.54187,0,2
20260722-152454:m03216,20260722-152454,1,2026-07-22T13:43:36.281416Z,30442,spawn,103,26090,6,1044525,6553,Janee Forejt,SimpleChar:78E0FD07,4,e78f820e8f2e8ab7,3425.31055,9.145,875.110657,3421.68726,9.049099,867.54187,0,2
20260722-152454:m03279,20260722-152454,1,2026-07-22T13:44:03.170018Z,31554,spawn,103,26090,6,1044525,6553,Janee Forejt,SimpleChar:78E0FD07,5,a041aca55eb8fd13,3421.84424,9.145,836.598877,3417.67261,9.009962,833.816833,0,2
20260722-152454:m08254,20260722-152454,1,2026-07-22T14:11:53.252920Z,70171,spawn,103,26090,6,1044525,6553,Janee Forejt,SimpleChar:78E0FD07,6,469cbc7f2049f01d,3411.32373,9.01,856.000244,3412.25122,9.01,860.342712,1.972482,2
20260722-152454:m08259,20260722-152454,1,2026-07-22T14:11:55.225402Z,70208,spawn,103,26090,6,1044525,6553,Janee Forejt,SimpleChar:78E0FD07,6,7abb40351fa1c438,3411.91968,9.01,858.903992,3413.45166,9.01,870.494019,0,2
20260722-152454:m08298,20260722-152454,1,2026-07-22T14:12:19.322872Z,70559,spawn,103,26090,6,1044525,6553,Janee Forejt,SimpleChar:78E0FD07,7,e78f820e8f2e8ab7,3425.28052,9.145,875.194946,3421.68726,9.049099,867.54187,0,2
20260722-152454:m08484,20260722-152454,1,2026-07-22T14:13:31.713833Z,73637,spawn,103,26090,6,1044525,6553,Janee Forejt,SimpleChar:78E0FD07,8,e78f820e8f2e8ab7,3425.31348,9.145,875.130249,3421.68726,9.049099,867.54187,0,2
20260722-152454:m08608,20260722-152454,1,2026-07-22T14:14:43.093257Z,74881,spawn,103,26090,6,1044525,6553,Janee Forejt,SimpleChar:78E0FD07,9,0a592f424fa9f828,3425.28979,9.145,875.305176,3421.68726,9.049099,867.54187,0,2
20260722-152454:m08721,20260722-152454,1,2026-07-22T14:15:54.880963Z,75473,spawn,103,26090,6,1044525,6553,Janee Forejt,SimpleChar:78E0FD07,10,e78f820e8f2e8ab7,3425.26929,9.145,875.20874,3421.68726,9.049099,867.54187,0,2
20260722-152454:m08878,20260722-152454,1,2026-07-22T14:17:36.118648Z,77639,spawn,103,26090,6,1044525,6553,Janee Forejt,SimpleChar:78E0FD07,11,ebd26ba2eca224f6,3418.72925,9.145,834.439819,3416.5708,9.010137,844.010071,0,2
20260722-152454:m08964,20260722-152454,1,2026-07-22T14:18:04.774383Z,78580,spawn,103,26090,6,1044525,6553,Janee Forejt,SimpleChar:78E0FD07,12,8ff184643824a6a2,3414.09326,9.01,874.383118,3421.34766,9.051032,877.839539,0,2
20260722-152454:m09009,20260722-152454,1,2026-07-22T14:18:18.588934Z,79159,spawn,103,26090,6,1044525,6553,Janee Forejt,SimpleChar:78E0FD07,13,e78f820e8f2e8ab7,3425.30225,9.145,875.221619,3421.68726,9.049099,867.54187,0,2
20260722-152454:m09310,20260722-152454,1,2026-07-22T14:20:05.386234Z,83187,spawn,103,26090,6,1044525,6553,Janee Forejt,SimpleChar:78E0FD07,14,ef60a7afca0fdd10,3416.82031,9.145,842.680359,3413.60498,9.01,848.813843,0,2
20260722-152454:m09425,20260722-152454,1,2026-07-22T14:21:17.075374Z,83685,spawn,103,26090,6,1044525,6553,Janee Forejt,SimpleChar:78E0FD07,15,ef60a7afca0fdd10,3416.82349,9.145,842.633667,3413.60498,9.01,848.813843,0,2
20260722-152454:m02046,20260722-152454,1,2026-07-22T13:30:33.786775Z,12288,spawn,103,26149,23,1044525,6553,Janae Seaman,SimpleChar:78E0FD08,6,66b688f7267af6b6,3471.77515,9.01,888.144165,3468.55835,9.01,888.870117,1.402798,2
20260722-152454:m02050,20260722-152454,1,2026-07-22T13:30:35.189573Z,12325,spawn,103,26149,23,1044525,6553,Janae Seaman,SimpleChar:78E0FD08,6,dbf16c3bdd68e19e,3469.94995,9.01,888.644714,3466.68091,9.01,887.826477,1.567462,2
20260722-152454:m02052,20260722-152454,1,2026-07-22T13:30:36.757035Z,12373,spawn,103,26149,23,1044525,6553,Janae Seaman,SimpleChar:78E0FD08,6,00995c88e35ec324,3467.95825,9.01,888.190308,3462.14771,9.01,889.839905,0,2
20260722-152454:m02680,20260722-152454,1,2026-07-22T13:38:51.957994Z,23983,spawn,103,26149,23,1044525,6553,Janae Seaman,SimpleChar:78E0FD08,11,b979bc0890f7070b,3472.78809,9.01,886.813477,3470.88599,9.01,888.954834,1.260701,2
20260722-152454:m02684,20260722-152454,1,2026-07-22T13:38:53.218695Z,24010,spawn,103,26149,23,1044525,6553,Janae Seaman,SimpleChar:78E0FD08,11,66b688f7267af6b6,3471.83472,9.01,888.200684,3468.55835,9.01,888.870117,1.389216,2
20260722-152454:m02686,20260722-152454,1,2026-07-22T13:38:54.607911Z,24033,spawn,103,26149,23,1044525,6553,Janae Seaman,SimpleChar:78E0FD08,11,dbf16c3bdd68e19e,3470.02563,9.01,888.653625,3466.68091,9.01,887.826477,1.360289,2
20260722-152454:m02690,20260722-152454,1,2026-07-22T13:38:55.968200Z,24052,spawn,103,26149,23,1044525,6553,Janae Seaman,SimpleChar:78E0FD08,11,00995c88e35ec324,3467.87964,9.01,888.18042,3462.14771,9.01,889.839905,0,2
20260722-152454:m08378,20260722-152454,1,2026-07-22T14:12:50.644447Z,72135,spawn,103,26149,23,1044525,6553,Janae Seaman,SimpleChar:78E0FD08,16,5246139a6c656f6a,3467.24707,9.01,883.249268,3472.10791,9.01,883.451599,2.664418,2
20260722-152454:m08382,20260722-152454,1,2026-07-22T14:12:53.308865Z,72282,spawn,103,26149,23,1044525,6553,Janae Seaman,SimpleChar:78E0FD08,16,1c91aa099bd3efbb,3470.91479,9.01,883.402771,3472.61182,9.01,885.654236,0,2
20260722-152454:m09002,20260722-152454,1,2026-07-22T14:18:17.046607Z,79120,spawn,103,26149,23,1044525,6553,Janae Seaman,SimpleChar:78E0FD08,18,1b2d3d25792b792e,3439.84375,9.01,887.778625,3437.49146,9.01,885.606445,1.542327,2
20260722-152454:m09010,20260722-152454,1,2026-07-22T14:18:18.588934Z,79160,spawn,103,26149,23,1044525,6553,Janae Seaman,SimpleChar:78E0FD08,18,10df85ab7e64c309,3438.39136,9.01,886.583313,3439.97119,9.01,883.716248,1.456356,2
20260722-152454:m09014,20260722-152454,1,2026-07-22T14:18:20.045290Z,79212,spawn,103,26149,23,1044525,6553,Janae Seaman,SimpleChar:78E0FD08,18,b61dbc79836ebaf6,3439.07739,9.01,884.841064,3461.4646,9.01,882.808167,0,2
20260722-152454:m09122,20260722-152454,1,2026-07-22T14:19:06.617367Z,81062,spawn,103,26149,23,1044525,6553,Janae Seaman,SimpleChar:78E0FD08,20,1b2d3d25792b792e,3440.06079,9.01,887.789795,3437.49146,9.01,885.606445,1.390261,2
20260722-152454:m09126,20260722-152454,1,2026-07-22T14:19:08.007628Z,81112,spawn,103,26149,23,1044525,6553,Janae Seaman,SimpleChar:78E0FD08,20,10df85ab7e64c309,3438.5459,9.01,886.642639,3439.97119,9.01,883.716248,1.417785,2
20260722-152454:m09130,20260722-152454,1,2026-07-22T14:19:09.425413Z,81253,spawn,103,26149,23,1044525,6553,Janae Seaman,SimpleChar:78E0FD08,20,b61dbc79836ebaf6,3439.19165,9.01,884.803101,3461.4646,9.01,882.808167,0,2
20260722-152454:m07785,20260722-152454,1,2026-07-22T14:04:23.211418Z,62010,spawn,15,17662,1,1044525,6553,Minibronto,SimpleChar:78E0FD9A,1,50f874efaf1c6286,3497.04004,8.110001,452.415009,3495.80493,8.110001,449.393219,2.080509,2
20260722-152454:m07790,20260722-152454,1,2026-07-22T14:04:25.291927Z,62059,spawn,15,17662,1,1044525,6553,Minibronto,SimpleChar:78E0FD9A,1,7ffdae7d27166bf6,3496.25659,8.110001,450.498596,3499.64575,8.110001,448.948273,0,2
20260722-152454:m07786,20260722-152454,1,2026-07-22T14:04:23.691609Z,62013,spawn,15,17662,1,1044525,6553,Minibronto,SimpleChar:78E0FD9C,1,0f4dcf8ec9d1d05e,3510.27832,8.403221,446.408752,3510.24609,8.576911,444.02063,1.149928,2
20260722-152454:m07788,20260722-152454,1,2026-07-22T14:04:24.841537Z,62056,spawn,15,17662,1,1044525,6553,Minibronto,SimpleChar:78E0FD9C,1,6e5cd6684625a0d7,3510.47998,8.507312,445.222534,3506.9812,8.333591,443.758362,0,2
20260722-152454:m00016,20260722-152454,1,2026-07-22T13:24:55.722915Z,27,spawn,1019,297023,1,1044525,6553,Malfunctioning Cleaning Robot,SimpleChar:79543CB6,1,52aa3d9899596478,3596.979,51.744999,783.935852,3596.02539,52.244999,783.717224,0.19009,2
20260722-152454:m00018,20260722-152454,1,2026-07-22T13:24:55.913005Z,29,spawn,1019,297023,1,1044525,6553,Malfunctioning Cleaning Robot,SimpleChar:79543CB6,1,8fdb70a3a252296e,3596.979,51.744999,783.935852,3596.06152,52.244999,783.765259,0.250626,2
20260722-152454:m00020,20260722-152454,1,2026-07-22T13:24:56.163631Z,34,spawn,1019,297023,1,1044525,6553,Malfunctioning Cleaning Robot,SimpleChar:79543CB6,1,7740d1949c568006,3596.979,51.744999,783.935852,3596.10522,51.744999,783.924805,0.190108,2
20260722-152454:m00022,20260722-152454,1,2026-07-22T13:24:56.353739Z,45,spawn,1019,297023,1,1044525,6553,Malfunctioning Cleaning Robot,SimpleChar:79543CB6,1,8fdb70a3a252296e,3596.979,51.744999,783.935852,3596.02124,52.244999,784.129211,0.239642,2
20260722-152454:m00024,20260722-152454,1,2026-07-22T13:24:56.593381Z,48,spawn,1019,297023,1,1044525,6553,Malfunctioning Cleaning Robot,SimpleChar:79543CB6,1,8fdb70a3a252296e,3596.979,51.744999,783.935852,3596.04321,52.244999,784.10376,0.200091,2
20260722-152454:m00027,20260722-152454,1,2026-07-22T13:24:56.793472Z,51,spawn,1019,297023,1,1044525,6553,Malfunctioning Cleaning Robot,SimpleChar:79543CB6,1,52aa3d9899596478,3596.979,51.744999,783.935852,3596.02686,52.244999,783.718933,0.200111,2
20260722-152454:m00030,20260722-152454,1,2026-07-22T13:24:56.993583Z,55,spawn,1019,297023,1,1044525,6553,Malfunctioning Cleaning Robot,SimpleChar:79543CB6,1,7740d1949c568006,3596.979,51.744999,783.935852,3596.10522,51.744999,783.924805,0.240628,2
20260722-152454:m00034,20260722-152454,1,2026-07-22T13:24:57.234211Z,63,spawn,1019,297023,1,1044525,6553,Malfunctioning Cleaning Robot,SimpleChar:79543CB6,1,7740d1949c568006,3596.979,51.744999,783.935852,3596.10522,51.744999,783.924805,0.204164,2
20260722-152454:m00037,20260722-152454,1,2026-07-22T13:24:57.438375Z,74,spawn,1019,297023,1,1044525,6553,Malfunctioning Cleaning Robot,SimpleChar:79543CB6,1,7740d1949c568006,3596.979,51.744999,783.935852,3596.10522,51.744999,783.924805,0.190099,2
20260722-152454:m00039,20260722-152454,1,2026-07-22T13:24:57.628474Z,76,spawn,1019,297023,1,1044525,6553,Malfunctioning Cleaning Robot,SimpleChar:79543CB6,1,52aa3d9899596478,3596.979,51.744999,783.935852,3596.0249,52.244999,783.716858,0.239663,2
20260722-152454:m00041,20260722-152454,1,2026-07-22T13:24:57.868137Z,79,spawn,1019,297023,1,1044525,6553,Malfunctioning Cleaning Robot,SimpleChar:79543CB6,1,7740d1949c568006,3596.979,51.744999,783.935852,3596.10522,51.744999,783.924805,0.240131,2
20260722-152454:m00043,20260722-152454,1,2026-07-22T13:24:58.108268Z,81,spawn,1019,297023,1,1044525,6553,Malfunctioning Cleaning Robot,SimpleChar:79543CB6,1,8fdb70a3a252296e,3596.979,51.744999,783.935852,3596.09839,52.244999,783.857422,0.400181,2
20260722-152454:m00045,20260722-152454,1,2026-07-22T13:24:58.508449Z,92,spawn,1019,297023,1,1044525,6553,Malfunctioning Cleaning Robot,SimpleChar:79543CB6,1,8fdb70a3a252296e,3596.979,51.744999,783.935852,3596.06421,52.244999,784.072327,0,2
20260722-152454:m00047,20260722-152454,1,2026-07-22T13:24:58.508449Z,94,spawn,1019,297023,1,1044525,6553,Malfunctioning Cleaning Robot,SimpleChar:79543CB6,1,7740d1949c568006,3596.979,51.744999,783.935852,3596.10522,51.744999,783.924805,0.239618,2
20260722-152454:m00050,20260722-152454,1,2026-07-22T13:24:58.748067Z,98,spawn,1019,297023,1,1044525,6553,Malfunctioning Cleaning Robot,SimpleChar:79543CB6,1,7740d1949c568006,3596.979,51.744999,783.935852,3596.10522,51.744999,783.924805,0.24062,2
20260722-152454:m00053,20260722-152454,1,2026-07-22T13:24:58.988687Z,101,spawn,1019,297023,1,1044525,6553,Malfunctioning Cleaning Robot,SimpleChar:79543CB6,1,8fdb70a3a252296e,3596.979,51.744999,783.935852,3596.08472,52.244999,784.029602,0.199611,2
20260722-152454:m00056,20260722-152454,1,2026-07-22T13:24:59.188298Z,105,spawn,1019,297023,1,1044525,6553,Malfunctioning Cleaning Robot,SimpleChar:79543CB6,1,7740d1949c568006,3596.979,51.744999,783.935852,3596.10522,51.744999,783.924805,0.24015,2
20260722-152454:m00059,20260722-152454,1,2026-07-22T13:24:59.428448Z,115,spawn,1019,297023,1,1044525,6553,Malfunctioning Cleaning Robot,SimpleChar:79543CB6,1,8fdb70a3a252296e,3596.979,51.744999,783.935852,3596.02808,52.244999,784.121765,0.241642,2
20260722-152454:m00061,20260722-152454,1,2026-07-22T13:24:59.670090Z,118,spawn,1019,297023,1,1044525,6553,Malfunctioning Cleaning Robot,SimpleChar:79543CB6,1,8fdb70a3a252296e,3596.979,51.744999,783.935852,3596.0769,52.244999,784.047974,0.200099,2
20260722-152454:m00065,20260722-152454,1,2026-07-22T13:24:59.870189Z,122,spawn,1019,297023,1,1044525,6553,Malfunctioning Cleaning Robot,SimpleChar:79543CB6,1,8fdb70a3a252296e,3596.979,51.744999,783.935852,3596.01025,52.244999,784.140076,0.423716,2
20260722-152454:m00068,20260722-152454,1,2026-07-22T13:25:00.293905Z,130,spawn,1019,297023,1,1044525,6553,Malfunctioning Cleaning Robot,SimpleChar:79543CB6,1,8fdb70a3a252296e,3596.979,51.744999,783.935852,3596.10522,52.244999,783.926453,0.280145,2
20260722-152454:m00071,20260722-152454,1,2026-07-22T13:25:00.574050Z,140,spawn,1019,297023,1,1044525,6553,Malfunctioning Cleaning Robot,SimpleChar:79543CB6,1,7740d1949c568006,3596.979,51.744999,783.935852,3596.10522,51.744999,783.924805,0,2
20260722-152454:m00074,20260722-152454,1,2026-07-22T13:25:00.574050Z,144,spawn,1019,297023,1,1044525,6553,Malfunctioning Cleaning Robot,SimpleChar:79543CB6,1,8fdb70a3a252296e,3596.979,51.744999,783.935852,3596.10229,52.244999,783.96228,0,2
20260722-152454:m01111,20260722-152454,2,2026-07-22T13:27:04.392164Z,3952,spawn,1019,297023,1,1044525,6553,Malfunctioning Cleaning Robot,SimpleChar:79543CB6,2,7740d1949c568006,3596.979,51.744999,783.935852,3596.10522,51.744999,783.924805,0.353672,2
20260722-152454:m01115,20260722-152454,1,2026-07-22T13:27:04.745836Z,3977,spawn,1019,297023,1,1044525,6553,Malfunctioning Cleaning Robot,SimpleChar:79543CB6,2,7740d1949c568006,3596.979,51.744999,783.935852,3596.10522,51.744999,783.924805,0.120057,2
20260722-152454:m01117,20260722-152454,1,2026-07-22T13:27:04.865893Z,3985,spawn,1019,297023,1,1044525,6553,Malfunctioning Cleaning Robot,SimpleChar:79543CB6,2,8fdb70a3a252296e,3596.979,51.744999,783.935852,3596.07202,52.244999,784.058167,0.170091,2
20260722-152454:m01120,20260722-152454,1,2026-07-22T13:27:05.035984Z,4001,spawn,1019,297023,1,1044525,6553,Malfunctioning Cleaning Robot,SimpleChar:79543CB6,2,7740d1949c568006,3596.979,51.744999,783.935852,3596.10522,51.744999,783.924805,0.190092,2
20260722-152454:m01122,20260722-152454,1,2026-07-22T13:27:05.226076Z,4003,spawn,1019,297023,1,1044525,6553,Malfunctioning Cleaning Robot,SimpleChar:79543CB6,2,8fdb70a3a252296e,3596.979,51.744999,783.935852,3596.08643,52.244999,783.816772,0.251135,2
20260722-152454:m01124,20260722-152454,1,2026-07-22T13:27:05.477211Z,4006,spawn,1019,297023,1,1044525,6553,Malfunctioning Cleaning Robot,SimpleChar:79543CB6,2,52aa3d9899596478,3596.979,51.744999,783.935852,3596.04614,52.244999,783.742249,0.194113,2
20260722-152454:m01126,20260722-152454,1,2026-07-22T13:27:05.671324Z,4015,spawn,1019,297023,1,1044525,6553,Malfunctioning Cleaning Robot,SimpleChar:79543CB6,2,8fdb70a3a252296e,3596.979,51.744999,783.935852,3596.06616,52.244999,784.069031,0.327162,2
20260722-152454:m01128,20260722-152454,1,2026-07-22T13:27:05.998486Z,4024,spawn,1019,297023,1,1044525,6553,Malfunctioning Cleaning Robot,SimpleChar:79543CB6,2,7740d1949c568006,3596.979,51.744999,783.935852,3596.10522,51.744999,783.924805,0.26963,2
20260722-152454:m01130,20260722-152454,1,2026-07-22T13:27:06.268116Z,4036,spawn,1019,297023,1,1044525,6553,Malfunctioning Cleaning Robot,SimpleChar:79543CB6,2,8fdb70a3a252296e,3596.979,51.744999,783.935852,3596.03979,52.244999,784.107849,0.114054,2
20260722-152454:m01132,20260722-152454,1,2026-07-22T13:27:06.382170Z,4040,spawn,1019,297023,1,1044525,6553,Malfunctioning Cleaning Robot,SimpleChar:79543CB6,2,7740d1949c568006,3596.979,51.744999,783.935852,3596.10522,51.744999,783.924805,0.413268,2
20260722-152454:m01134,20260722-152454,2,2026-07-22T13:27:06.795438Z,4067,spawn,1019,297023,1,1044525,6553,Malfunctioning Cleaning Robot,SimpleChar:79543CB6,2,7740d1949c568006,3596.979,51.744999,783.935852,3596.10522,51.744999,783.924805,0.191096,2
20260722-152454:m01138,20260722-152454,1,2026-07-22T13:27:06.986534Z,4089,spawn,1019,297023,1,1044525,6553,Malfunctioning Cleaning Robot,SimpleChar:79543CB6,2,8fdb70a3a252296e,3596.979,51.744999,783.935852,3596.05298,52.244999,784.090027,0.240637,2
20260722-152454:m01140,20260722-152454,1,2026-07-22T13:27:07.227171Z,4099,spawn,1019,297023,1,1044525,6553,Malfunctioning Cleaning Robot,SimpleChar:79543CB6,2,7740d1949c568006,3596.979,51.744999,783.935852,3596.10522,51.744999,783.924805,0.237122,2
20260722-152454:m01142,20260722-152454,1,2026-07-22T13:27:07.464293Z,4101,spawn,1019,297023,1,1044525,6553,Malfunctioning Cleaning Robot,SimpleChar:79543CB6,2,7740d1949c568006,3596.979,51.744999,783.935852,3596.10522,51.744999,783.924805,0.199693,2
20260722-152454:m01144,20260722-152454,1,2026-07-22T13:27:07.663986Z,4109,spawn,1019,297023,1,1044525,6553,Malfunctioning Cleaning Robot,SimpleChar:79543CB6,2,7740d1949c568006,3596.979,51.744999,783.935852,3596.10522,51.744999,783.924805,0.260637,2
20260722-152454:m01146,20260722-152454,1,2026-07-22T13:27:07.924623Z,4118,spawn,1019,297023,1,1044525,6553,Malfunctioning Cleaning Robot,SimpleChar:79543CB6,2,8fdb70a3a252296e,3596.979,51.744999,783.935852,3596.06714,52.244999,783.774658,0.180578,2
20260722-152454:m01148,20260722-152454,1,2026-07-22T13:27:08.105201Z,4124,spawn,1019,297023,1,1044525,6553,Malfunctioning Cleaning Robot,SimpleChar:79543CB6,2,8fdb70a3a252296e,3596.979,51.744999,783.935852,3596.10156,52.244999,783.875244,0.240131,2
20260722-152454:m01150,20260722-152454,1,2026-07-22T13:27:08.345332Z,4126,spawn,1019,297023,1,1044525,6553,Malfunctioning Cleaning Robot,SimpleChar:79543CB6,2,7740d1949c568006,3596.979,51.744999,783.935852,3596.10522,51.744999,783.924805,0.433227,2
20260722-152454:m01152,20260722-152454,1,2026-07-22T13:27:08.778559Z,4134,spawn,1019,297023,1,1044525,6553,Malfunctioning Cleaning Robot,SimpleChar:79543CB6,2,7740d1949c568006,3596.979,51.744999,783.935852,3596.10522,51.744999,783.924805,0,2
20260722-152454:m01154,20260722-152454,1,2026-07-22T13:27:08.778559Z,4136,spawn,1019,297023,1,1044525,6553,Malfunctioning Cleaning Robot,SimpleChar:79543CB6,2,52aa3d9899596478,3596.979,51.744999,783.935852,3596.03003,52.244999,783.722473,0.481248,2
20260722-152454:m01156,20260722-152454,1,2026-07-22T13:27:09.259807Z,4144,spawn,1019,297023,1,1044525,6553,Malfunctioning Cleaning Robot,SimpleChar:79543CB6,2,7740d1949c568006,3596.979,51.744999,783.935852,3596.10522,51.744999,783.924805,0,2
20260722-152454:m01158,20260722-152454,1,2026-07-22T13:27:09.259807Z,4156,spawn,1019,297023,1,1044525,6553,Malfunctioning Cleaning Robot,SimpleChar:79543CB6,2,8fdb70a3a252296e,3596.979,51.744999,783.935852,3596.08276,52.244999,784.034973,0,2
20260722-152454:m03701,20260722-152454,1,2026-07-22T13:52:57.704774Z,44385,spawn,1019,297023,1,1044525,6553,Malfunctioning Cleaning Robot,SimpleChar:79543CB6,3,8fdb70a3a252296e,3596.979,51.744999,783.935852,3596.03467,52.244999,784.114319,0.171574,2
20260722-152454:m03704,20260722-152454,1,2026-07-22T13:52:57.876348Z,44388,spawn,1019,297023,1,1044525,6553,Malfunctioning Cleaning Robot,SimpleChar:79543CB6,3,8fdb70a3a252296e,3596.979,51.744999,783.935852,3596.10254,52.244999,783.96051,0.465242,2
20260722-152454:m03706,20260722-152454,1,2026-07-22T13:52:58.341590Z,44395,spawn,1019,297023,1,1044525,6553,Malfunctioning Cleaning Robot,SimpleChar:79543CB6,3,8fdb70a3a252296e,3596.979,51.744999,783.935852,3596.09644,52.244999,783.849548,0.228109,2
20260722-152454:m03708,20260722-152454,1,2026-07-22T13:52:58.569699Z,44402,spawn,1019,297023,1,1044525,6553,Malfunctioning Cleaning Robot,SimpleChar:79543CB6,3,8fdb70a3a252296e,3596.979,51.744999,783.935852,3596.09546,52.244999,783.845276,0,2
20260722-152454:m03711,20260722-152454,1,2026-07-22T13:52:58.569699Z,44405,spawn,1019,297023,1,1044525,6553,Malfunctioning Cleaning Robot,SimpleChar:79543CB6,3,7740d1949c568006,3596.979,51.744999,783.935852,3596.10522,51.744999,783.924805,0.192109,2
20260722-152454:m03714,20260722-152454,1,2026-07-22T13:52:58.761808Z,44408,spawn,1019,297023,1,1044525,6553,Malfunctioning Cleaning Robot,SimpleChar:79543CB6,3,7740d1949c568006,3596.979,51.744999,783.935852,3596.10522,51.744999,783.924805,0.239635,2
20260722-152454:m03716,20260722-152454,1,2026-07-22T13:52:59.001443Z,44410,spawn,1019,297023,1,1044525,6553,Malfunctioning Cleaning Robot,SimpleChar:79543CB6,3,7740d1949c568006,3596.979,51.744999,783.935852,3596.10522,51.744999,783.924805,0.201594,2
20260722-152454:m03718,20260722-152454,1,2026-07-22T13:52:59.203037Z,44412,spawn,1019,297023,1,1044525,6553,Malfunctioning Cleaning Robot,SimpleChar:79543CB6,3,8fdb70a3a252296e,3596.979,51.744999,783.935852,3596.07495,52.244999,784.052368,0.200593,2
20260722-152454:m03720,20260722-152454,1,2026-07-22T13:52:59.403630Z,44422,spawn,1019,297023,1,1044525,6553,Malfunctioning Cleaning Robot,SimpleChar:79543CB6,3,52aa3d9899596478,3596.979,51.744999,783.935852,3596.04858,52.244999,783.745605,0.210122,2
20260722-152454:m03723,20260722-152454,1,2026-07-22T13:52:59.613752Z,44425,spawn,1019,297023,1,1044525,6553,Malfunctioning Cleaning Robot,SimpleChar:79543CB6,3,7740d1949c568006,3596.979,51.744999,783.935852,3596.10522,51.744999,783.924805,0.241619,2
20260722-152454:m03726,20260722-152454,1,2026-07-22T13:52:59.855371Z,44428,spawn,1019,297023,1,1044525,6553,Malfunctioning Cleaning Robot,SimpleChar:79543CB6,3,52aa3d9899596478,3596.979,51.744999,783.935852,3596.021,52.244999,783.712585,0.203108,2
20260722-152454:m03728,20260722-152454,1,2026-07-22T13:53:00.058479Z,44430,spawn,1019,297023,1,1044525,6553,Malfunctioning Cleaning Robot,SimpleChar:79543CB6,3,7740d1949c568006,3596.979,51.744999,783.935852,3596.10522,51.744999,783.924805,0.440725,2
20260722-152454:m03731,20260722-152454,1,2026-07-22T13:53:00.499204Z,44437,spawn,1019,297023,1,1044525,6553,Malfunctioning Cleaning Robot,SimpleChar:79543CB6,3,7740d1949c568006,3596.979,51.744999,783.935852,3596.10522,51.744999,783.924805,0,2
20260722-152454:m03734,20260722-152454,1,2026-07-22T13:53:00.499204Z,44440,spawn,1019,297023,1,1044525,6553,Malfunctioning Cleaning Robot,SimpleChar:79543CB6,3,8fdb70a3a252296e,3596.979,51.744999,783.935852,3596.09058,52.244999,783.828491,0.260119,2
20260722-152454:m03736,20260722-152454,1,2026-07-22T13:53:00.759323Z,44442,spawn,1019,297023,1,1044525,6553,Malfunctioning Cleaning Robot,SimpleChar:79543CB6,3,7740d1949c568006,3596.979,51.744999,783.935852,3596.10522,51.744999,783.924805,0.190095,2
20260722-152454:m03739,20260722-152454,1,2026-07-22T13:53:00.949418Z,44445,spawn,1019,297023,1,1044525,6553,Malfunctioning Cleaning Robot,SimpleChar:79543CB6,3,7740d1949c568006,3596.979,51.744999,783.935852,3596.10522,51.744999,783.924805,0.250115,2
20260722-152454:m03742,20260722-152454,1,2026-07-22T13:53:01.199533Z,44448,spawn,1019,297023,1,1044525,6553,Malfunctioning Cleaning Robot,SimpleChar:79543CB6,3,7740d1949c568006,3596.979,51.744999,783.935852,3596.10522,51.744999,783.924805,0.402207,2
20260722-152454:m03745,20260722-152454,1,2026-07-22T13:53:01.601740Z,44456,spawn,1019,297023,1,1044525,6553,Malfunctioning Cleaning Robot,SimpleChar:79543CB6,3,7740d1949c568006,3596.979,51.744999,783.935852,3596.10522,51.744999,783.924805,0.0005,2
20260722-152454:m03748,20260722-152454,1,2026-07-22T13:53:01.602240Z,44459,spawn,1019,297023,1,1044525,6553,Malfunctioning Cleaning Robot,SimpleChar:79543CB6,3,7740d1949c568006,3596.979,51.744999,783.935852,3596.10522,51.744999,783.924805,0.242135,2
20260722-152454:m03751,20260722-152454,1,2026-07-22T13:53:01.844375Z,44462,spawn,1019,297023,1,1044525,6553,Malfunctioning Cleaning Robot,SimpleChar:79543CB6,3,8fdb70a3a252296e,3596.979,51.744999,783.935852,3596.09644,52.244999,783.992798,0.241618,2
20260722-152454:m03756,20260722-152454,1,2026-07-22T13:53:02.085993Z,44467,spawn,1019,297023,1,1044525,6553,Malfunctioning Cleaning Robot,SimpleChar:79543CB6,3,7740d1949c568006,3596.979,51.744999,783.935852,3596.10522,51.744999,783.924805,0,2
20260722-152454:m07392,20260722-152454,1,2026-07-22T13:59:47.088938Z,54267,spawn,1019,297023,1,1044525,6553,Malfunctioning Cleaning Robot,SimpleChar:79543CB6,4,8fdb70a3a252296e,3596.979,51.744999,783.935852,3596.06616,52.244999,783.773071,0,2
20260722-152454:m07394,20260722-152454,1,2026-07-22T13:59:47.088938Z,54276,spawn,1019,297023,1,1044525,6553,Malfunctioning Cleaning Robot,SimpleChar:79543CB6,4,8fdb70a3a252296e,3596.979,51.744999,783.935852,3596.10376,52.244999,783.949341,0.399688,2
20260722-152454:m07396,20260722-152454,1,2026-07-22T13:59:47.488626Z,54280,spawn,1019,297023,1,1044525,6553,Malfunctioning Cleaning Robot,SimpleChar:79543CB6,4,7740d1949c568006,3596.979,51.744999,783.935852,3596.10522,51.744999,783.924805,0.240081,2
20260722-152454:m07398,20260722-152454,1,2026-07-22T13:59:47.728707Z,54283,spawn,1019,297023,1,1044525,6553,Malfunctioning Cleaning Robot,SimpleChar:79543CB6,4,8fdb70a3a252296e,3596.979,51.744999,783.935852,3596.10498,52.244999,783.934265,0.189649,2
20260722-152454:m07400,20260722-152454,1,2026-07-22T13:59:47.918356Z,54286,spawn,1019,297023,1,1044525,6553,Malfunctioning Cleaning Robot,SimpleChar:79543CB6,4,7740d1949c568006,3596.979,51.744999,783.935852,3596.10522,51.744999,783.924805,0.2901,2
20260722-152454:m07402,20260722-152454,2,2026-07-22T13:59:48.208456Z,54294,spawn,1019,297023,1,1044525,6553,Malfunctioning Cleaning Robot,SimpleChar:79543CB6,4,7740d1949c568006,3596.979,51.744999,783.935852,3596.10522,51.744999,783.924805,0.244094,2
20260722-152454:m07406,20260722-152454,1,2026-07-22T13:59:48.452550Z,54298,spawn,1019,297023,1,1044525,6553,Malfunctioning Cleaning Robot,SimpleChar:79543CB6,4,8fdb70a3a252296e,3596.979,51.744999,783.935852,3596.09766,52.244999,783.987793,0.490177,2
20260722-152454:m07408,20260722-152454,1,2026-07-22T13:59:48.942727Z,54309,spawn,1019,297023,1,1044525,6553,Malfunctioning Cleaning Robot,SimpleChar:79543CB6,4,8fdb70a3a252296e,3596.979,51.744999,783.935852,3596.01465,52.244999,784.135864,0,2
20260722-152454:m07413,20260722-152454,1,2026-07-22T13:59:48.942727Z,54314,spawn,1019,297023,1,1044525,6553,Malfunctioning Cleaning Robot,SimpleChar:79543CB6,4,7740d1949c568006,3596.979,51.744999,783.935852,3596.10522,51.744999,783.924805,0.262641,2
20260722-152454:m07415,20260722-152454,1,2026-07-22T13:59:49.205368Z,54316,spawn,1019,297023,1,1044525,6553,Malfunctioning Cleaning Robot,SimpleChar:79543CB6,4,7740d1949c568006,3596.979,51.744999,783.935852,3596.10522,51.744999,783.924805,0.19007,2
20260722-152454:m07417,20260722-152454,1,2026-07-22T13:59:49.395438Z,54325,spawn,1019,297023,1,1044525,6553,Malfunctioning Cleaning Robot,SimpleChar:79543CB6,4,7740d1949c568006,3596.979,51.744999,783.935852,3596.10522,51.744999,783.924805,0.250088,2
20260722-152454:m07419,20260722-152454,1,2026-07-22T13:59:49.645526Z,54328,spawn,1019,297023,1,1044525,6553,Malfunctioning Cleaning Robot,SimpleChar:79543CB6,4,7740d1949c568006,3596.979,51.744999,783.935852,3596.10522,51.744999,783.924805,0.240081,2
20260722-152454:m07421,20260722-152454,1,2026-07-22T13:59:49.885607Z,54330,spawn,1019,297023,1,1044525,6553,Malfunctioning Cleaning Robot,SimpleChar:79543CB6,4,7740d1949c568006,3596.979,51.744999,783.935852,3596.10522,51.744999,783.924805,0.459842,2
20260722-152454:m07423,20260722-152454,1,2026-07-22T13:59:50.345449Z,54334,spawn,1019,297023,1,1044525,6553,Malfunctioning Cleaning Robot,SimpleChar:79543CB6,4,8fdb70a3a252296e,3596.979,51.744999,783.935852,3596.10083,52.244999,783.870544,0,2
20260722-152454:m07425,20260722-152454,1,2026-07-22T13:59:50.345449Z,54341,spawn,1019,297023,1,1044525,6553,Malfunctioning Cleaning Robot,SimpleChar:79543CB6,4,7740d1949c568006,3596.979,51.744999,783.935852,3596.10522,51.744999,783.924805,0.3887,2
20260722-152454:m07427,20260722-152454,1,2026-07-22T13:59:50.734149Z,54350,spawn,1019,297023,1,1044525,6553,Malfunctioning Cleaning Robot,SimpleChar:79543CB6,4,7740d1949c568006,3596.979,51.744999,783.935852,3596.10522,51.744999,783.924805,0,2
20260722-152454:m07429,20260722-152454,1,2026-07-22T13:59:50.734149Z,54353,spawn,1019,297023,1,1044525,6553,Malfunctioning Cleaning Robot,SimpleChar:79543CB6,4,8fdb70a3a252296e,3596.979,51.744999,783.935852,3596.09106,52.244999,783.829712,0.243592,2
20260722-152454:m07431,20260722-152454,1,2026-07-22T13:59:50.977741Z,54361,spawn,1019,297023,1,1044525,6553,Malfunctioning Cleaning Robot,SimpleChar:79543CB6,4,8fdb70a3a252296e,3596.979,51.744999,783.935852,3596.09741,52.244999,783.988464,0.249648,2
20260722-152454:m07433,20260722-152454,1,2026-07-22T13:59:51.227389Z,54363,spawn,1019,297023,1,1044525,6553,Malfunctioning Cleaning Robot,SimpleChar:79543CB6,4,52aa3d9899596478,3596.979,51.744999,783.935852,3596.03613,52.244999,783.729675,0.200068,2
20260722-152454:m07435,20260722-152454,1,2026-07-22T13:59:51.427457Z,54365,spawn,1019,297023,1,1044525,6553,Malfunctioning Cleaning Robot,SimpleChar:79543CB6,4,8fdb70a3a252296e,3596.979,51.744999,783.935852,3596.10205,52.244999,783.878418,0.240197,2
20260722-152454:m07437,20260722-152454,1,2026-07-22T13:59:51.667654Z,54368,spawn,1019,297023,1,1044525,6553,Malfunctioning Cleaning Robot,SimpleChar:79543CB6,4,8fdb70a3a252296e,3596.979,51.744999,783.935852,3596.10474,52.244999,783.937317,0.239613,2
20260722-152454:m07439,20260722-152454,1,2026-07-22T13:59:51.907267Z,54370,spawn,1019,297023,1,1044525,6553,Malfunctioning Cleaning Robot,SimpleChar:79543CB6,4,7740d1949c568006,3596.979,51.744999,783.935852,3596.10522,51.744999,783.924805,0,2
20260722-152454:m08154,20260722-152454,1,2026-07-22T14:11:22.257544Z,69135,spawn,1019,297023,1,1044525,6553,Malfunctioning Cleaning Robot,SimpleChar:79543CB6,5,8fdb70a3a252296e,3596.979,51.744999,783.935852,3596.09595,52.244999,783.847473,0.474217,2
20260722-152454:m08156,20260722-152454,2,2026-07-22T14:11:22.731761Z,69152,spawn,1019,297023,1,1044525,6553,Malfunctioning Cleaning Robot,SimpleChar:79543CB6,5,7740d1949c568006,3596.979,51.744999,783.935852,3596.10522,51.744999,783.924805,0.192592,2
20260722-152454:m08163,20260722-152454,1,2026-07-22T14:11:22.924353Z,69171,spawn,1019,297023,1,1044525,6553,Malfunctioning Cleaning Robot,SimpleChar:79543CB6,5,7740d1949c568006,3596.979,51.744999,783.935852,3596.10522,51.744999,783.924805,0.398737,2
20260722-152454:m08168,20260722-152454,1,2026-07-22T14:11:23.323090Z,69185,spawn,1019,297023,1,1044525,6553,Malfunctioning Cleaning Robot,SimpleChar:79543CB6,5,8fdb70a3a252296e,3596.979,51.744999,783.935852,3596.03564,52.244999,784.113098,0.236619,2
20260722-152454:m08171,20260722-152454,1,2026-07-22T14:11:23.559709Z,69194,spawn,1019,297023,1,1044525,6553,Malfunctioning Cleaning Robot,SimpleChar:79543CB6,5,7740d1949c568006,3596.979,51.744999,783.935852,3596.10522,51.744999,783.924805,0,2
20260722-152454:m08173,20260722-152454,1,2026-07-22T14:11:23.559709Z,69196,spawn,1019,297023,1,1044525,6553,Malfunctioning Cleaning Robot,SimpleChar:79543CB6,5,8fdb70a3a252296e,3596.979,51.744999,783.935852,3596.10083,52.244999,783.870056,0.240135,2
20260722-152454:m08175,20260722-152454,1,2026-07-22T14:11:23.799844Z,69198,spawn,1019,297023,1,1044525,6553,Malfunctioning Cleaning Robot,SimpleChar:79543CB6,5,7740d1949c568006,3596.979,51.744999,783.935852,3596.10522,51.744999,783.924805,0.238614,2
20260722-152454:m08177,20260722-152454,1,2026-07-22T14:11:24.038458Z,69200,spawn,1019,297023,1,1044525,6553,Malfunctioning Cleaning Robot,SimpleChar:79543CB6,5,7740d1949c568006,3596.979,51.744999,783.935852,3596.10522,51.744999,783.924805,0.196605,2
20260722-152454:m08179,20260722-152454,1,2026-07-22T14:11:24.235063Z,69214,spawn,1019,297023,1,1044525,6553,Malfunctioning Cleaning Robot,SimpleChar:79543CB6,5,7740d1949c568006,3596.979,51.744999,783.935852,3596.10522,51.744999,783.924805,0.248618,2
20260722-152454:m08181,20260722-152454,1,2026-07-22T14:11:24.483681Z,69219,spawn,1019,297023,1,1044525,6553,Malfunctioning Cleaning Robot,SimpleChar:79543CB6,5,7740d1949c568006,3596.979,51.744999,783.935852,3596.10522,51.744999,783.924805,0.196082,2
20260722-152454:m08185,20260722-152454,1,2026-07-22T14:11:24.679763Z,69235,spawn,1019,297023,1,1044525,6553,Malfunctioning Cleaning Robot,SimpleChar:79543CB6,5,7740d1949c568006,3596.979,51.744999,783.935852,3596.10522,51.744999,783.924805,0.238617,2
20260722-152454:m08188,20260722-152454,1,2026-07-22T14:11:24.918380Z,69238,spawn,1019,297023,1,1044525,6553,Malfunctioning Cleaning Robot,SimpleChar:79543CB6,5,8fdb70a3a252296e,3596.979,51.744999,783.935852,3596.03857,52.244999,784.109619,0.242603,2
20260722-152454:m08190,20260722-152454,1,2026-07-22T14:11:25.160983Z,69240,spawn,1019,297023,1,1044525,6553,Malfunctioning Cleaning Robot,SimpleChar:79543CB6,5,7740d1949c568006,3596.979,51.744999,783.935852,3596.10522,51.744999,783.924805,0.438229,2
20260722-152454:m08192,20260722-152454,1,2026-07-22T14:11:25.599212Z,69249,spawn,1019,297023,1,1044525,6553,Malfunctioning Cleaning Robot,SimpleChar:79543CB6,5,8fdb70a3a252296e,3596.979,51.744999,783.935852,3596.10522,52.244999,783.927063,0,2
20260722-152454:m08194,20260722-152454,1,2026-07-22T14:11:25.599212Z,69257,spawn,1019,297023,1,1044525,6553,Malfunctioning Cleaning Robot,SimpleChar:79543CB6,5,7740d1949c568006,3596.979,51.744999,783.935852,3596.10522,51.744999,783.924805,0.316175,2
20260722-152454:m08196,20260722-152454,1,2026-07-22T14:11:25.915387Z,69271,spawn,1019,297023,1,1044525,6553,Malfunctioning Cleaning Robot,SimpleChar:79543CB6,5,7740d1949c568006,3596.979,51.744999,783.935852,3596.10522,51.744999,783.924805,0.164084,2
20260722-152454:m08198,20260722-152454,1,2026-07-22T14:11:26.079471Z,69279,spawn,1019,297023,1,1044525,6553,Malfunctioning Cleaning Robot,SimpleChar:79543CB6,5,7740d1949c568006,3596.979,51.744999,783.935852,3596.10522,51.744999,783.924805,0.286659,2
20260722-152454:m08200,20260722-152454,1,2026-07-22T14:11:26.366130Z,69298,spawn,1019,297023,1,1044525,6553,Malfunctioning Cleaning Robot,SimpleChar:79543CB6,5,7740d1949c568006,3596.979,51.744999,783.935852,3596.10522,51.744999,783.924805,0.148576,2
20260722-152454:m08204,20260722-152454,1,2026-07-22T14:11:26.514706Z,69307,spawn,1019,297023,1,1044525,6553,Malfunctioning Cleaning Robot,SimpleChar:79543CB6,5,7740d1949c568006,3596.979,51.744999,783.935852,3596.10522,51.744999,783.924805,0.251108,2
20260722-152454:m08206,20260722-152454,1,2026-07-22T14:11:26.765814Z,69309,spawn,1019,297023,1,1044525,6553,Malfunctioning Cleaning Robot,SimpleChar:79543CB6,5,7740d1949c568006,3596.979,51.744999,783.935852,3596.10522,51.744999,783.924805,0.320665,2
20260722-152454:m08208,20260722-152454,1,2026-07-22T14:11:27.086479Z,69318,spawn,1019,297023,1,1044525,6553,Malfunctioning Cleaning Robot,SimpleChar:79543CB6,5,8fdb70a3a252296e,3596.979,51.744999,783.935852,3596.06128,52.244999,784.077393,0,2
20260722-152454:m01066,20260722-152454,1,2026-07-22T13:26:20.159803Z,3179,spawn,0,26092,40,1044525,6553,ICC Peacekeeper,SimpleChar:7962A325,1,ce1c9f121859c6dc,3482.37207,7.495514,786.754395,3487.0957,5.110001,785.84668,2.470716,2
20260722-152454:m01068,20260722-152454,1,2026-07-22T13:26:22.630519Z,3235,spawn,0,26092,40,1044525,6553,ICC Peacekeeper,SimpleChar:7962A325,1,42edcb0d4ae1729b,3485.7793,5.717036,786.131409,3487.2959,4.84033,782.97937,0,2
20260722-152454:m01177,20260722-152454,1,2026-07-22T13:27:11.049615Z,4217,spawn,0,26092,40,1044525,6553,ICC Peacekeeper,SimpleChar:7962A325,2,ce1c9f121859c6dc,3482.40845,7.477325,786.767517,3487.0957,5.110001,785.84668,0,2
20260722-152454:m01859,20260722-152454,1,2026-07-22T13:28:05.612253Z,6805,spawn,0,26092,40,1044525,6553,ICC Peacekeeper,SimpleChar:7962A325,3,abc0a9722cbc7075,3486.80444,5.302701,784.395691,3482.7561,4.78062,782.527283,2.367267,2
20260722-152454:m01882,20260722-152454,1,2026-07-22T13:28:07.979520Z,6870,spawn,0,26092,40,1044525,6553,ICC Peacekeeper,SimpleChar:7962A325,3,c2b495baf00c2344,3484.14917,5.197149,782.924194,3476.31519,5.813362,782.197388,0,2
20260722-152454:m03080,20260722-152454,1,2026-07-22T13:42:05.041293Z,28765,spawn,0,26092,40,1044525,6553,ICC Peacekeeper,SimpleChar:7962A325,5,fa532066bc0ed353,3455.00464,3.489869,782.104492,3453.58154,4.776038,785.772034,1.951242,2
20260722-152454:m03086,20260722-152454,1,2026-07-22T13:42:06.992535Z,28828,spawn,0,26092,40,1044525,6553,ICC Peacekeeper,SimpleChar:7962A325,5,c5d44702ce599cd7,3453.98047,3.91,784.370544,3456.63599,4.857699,786.449463,0,2
20260722-152454:m03328,20260722-152454,1,2026-07-22T13:44:33.562105Z,32636,spawn,0,26092,40,1044525,6553,ICC Peacekeeper,SimpleChar:7962A325,6,22df4b54e61280b3,3477.67334,4.758841,782.303528,3468.15625,6.866878,781.229736,0,2
20260722-152454:m07351,20260722-152454,1,2026-07-22T13:59:30.227521Z,53894,spawn,0,26092,40,1044525,6553,ICC Peacekeeper,SimpleChar:7962A325,7,ee492ed9efce8293,3471.58423,9.145,786.733704,3479.02222,8.71745,785.850891,0,2
20260722-152454:m08237,20260722-152454,1,2026-07-22T14:11:31.909146Z,69528,spawn,0,26092,40,1044525,6553,ICC Peacekeeper,SimpleChar:7962A325,8,ce1c9f121859c6dc,3482.45581,7.453644,786.771301,3487.0957,5.110001,785.84668,2.986381,2
20260722-152454:m08238,20260722-152454,1,2026-07-22T14:11:34.895527Z,69621,spawn,0,26092,40,1044525,6553,ICC Peacekeeper,SimpleChar:7962A325,8,42edcb0d4ae1729b,3485.91772,5.647822,786.110779,3487.2959,4.84033,782.97937,0,2
20260722-152454:m08334,20260722-152454,1,2026-07-22T14:12:33.776156Z,70995,spawn,0,26092,40,1044525,6553,ICC Peacekeeper,SimpleChar:7962A325,9,22df4b54e61280b3,3477.62207,4.757742,782.302063,3468.15625,6.866878,781.229736,0,2
20260722-152454:m08364,20260722-152454,1,2026-07-22T14:12:46.024976Z,71871,spawn,0,26092,40,1044525,6553,ICC Peacekeeper,SimpleChar:7962A325,10,2daf2f6755920e85,3461.65869,4.123126,782.09198,3453.56909,4.810082,782.107971,0,2
20260722-152454:m08465,20260722-152454,1,2026-07-22T14:13:24.779043Z,73381,spawn,0,26092,40,1044525,6553,ICC Peacekeeper,SimpleChar:7962A325,11,22df4b54e61280b3,3477.62939,4.758657,782.303284,3468.15625,6.866878,781.229736,0,2
20260722-152454:m08937,20260722-152454,1,2026-07-22T14:17:51.558004Z,78157,spawn,0,26092,40,1044525,6553,ICC Peacekeeper,SimpleChar:7962A325,12,2daf2f6755920e85,3461.6792,4.122421,782.090637,3453.56909,4.810082,782.107971,0,2
20260722-152454:m09032,20260722-152454,1,2026-07-22T14:18:29.970299Z,79576,spawn,0,26092,40,1044525,6553,ICC Peacekeeper,SimpleChar:7962A325,13,84df6037cbc5dd20,3477.79321,4.772024,782.321106,3468.15625,6.866878,781.229736,0,2
20260722-152454:m03084,20260722-152454,1,2026-07-22T13:42:06.376751Z,28807,spawn,0,26092,40,1044525,6553,ICC Peacekeeper,SimpleChar:7962A3F9,1,c5a2db7fcedeeada,3424.37549,3.724208,767.145996,3415.63647,3.01,769.055786,0,2
20260722-152454:m08250,20260722-152454,1,2026-07-22T14:11:51.072697Z,70056,spawn,0,26092,40,1044525,6553,ICC Peacekeeper,SimpleChar:7962A3F9,2,bcd10e312b6ac43d,3411.80322,3.91,772.855164,3409.90723,4.697203,778.801086,0,2
20260722-152454:m08468,20260722-152454,1,2026-07-22T14:13:25.543413Z,73400,spawn,0,26092,40,1044525,6553,ICC Peacekeeper,SimpleChar:7962A3F9,4,b233fba2eac4e032,3439.24097,3.332641,772.618347,3430.72192,3.01,768.149475,0,2
20260722-152454:m08934,20260722-152454,1,2026-07-22T14:17:49.971974Z,78138,spawn,0,26092,40,1044525,6553,ICC Peacekeeper,SimpleChar:7962A3F9,5,44ef94c418d5e630,3425.39355,4.53222,781.156921,3435.73535,5.110001,780.870789,0,2
20260722-152454:m09030,20260722-152454,1,2026-07-22T14:18:28.002289Z,79482,spawn,0,26092,40,1044525,6553,ICC Peacekeeper,SimpleChar:7962A3F9,7,c27990c106f3eaf0,3416.93823,3.064012,768.73822,3410.72266,3.393203,773.750916,0,2
20260722-152454:m03096,20260722-152454,1,2026-07-22T13:42:09.677492Z,28902,spawn,0,26092,40,1044525,6553,ICC Peacekeeper,SimpleChar:797D337E,1,9f954444b1d532a3,3402.27246,9.01,802.63678,3410.12915,9.010248,802.544067,0,2
20260722-152454:m03187,20260722-152454,1,2026-07-22T13:43:19.544217Z,30184,spawn,0,26092,40,1044525,6553,ICC Peacekeeper,SimpleChar:797D337E,2,318976c080b73997,3402.19434,9.01,802.633423,3410.12915,9.010248,802.544067,0,2
20260722-152454:m08321,20260722-152454,1,2026-07-22T14:12:25.278144Z,70881,spawn,0,26092,40,1044525,6553,ICC Peacekeeper,SimpleChar:797D337E,3,e0026092c212c094,3398.13892,10.001938,801.318542,3403.46973,9.010339,803.082397,0,2
20260722-152454:m08494,20260722-152454,1,2026-07-22T14:13:37.512990Z,73821,spawn,0,26092,40,1044525,6553,ICC Peacekeeper,SimpleChar:797D337E,5,318976c080b73997,3402.12817,9.01,802.607849,3410.12915,9.010248,802.544067,0,2
20260722-152454:m08579,20260722-152454,1,2026-07-22T14:14:24.766768Z,74441,spawn,0,26092,40,1044525,6553,ICC Peacekeeper,SimpleChar:797D337E,6,ca77cb89bf1c06d4,3381.01465,16.074356,801.50061,3381.95947,15.052554,793.693848,0,2
20260722-152454:m08616,20260722-152454,1,2026-07-22T14:14:47.359495Z,74918,spawn,0,26092,40,1044525,6553,ICC Peacekeeper,SimpleChar:797D337E,7,318976c080b73997,3402.13281,9.01,802.616577,3410.12915,9.010248,802.544067,0,2
20260722-152454:m08726,20260722-152454,1,2026-07-22T14:15:57.985488Z,75532,spawn,0,26092,40,1044525,6553,ICC Peacekeeper,SimpleChar:797D337E,8,00ea11a00b6de650,3402.73145,9.01,802.828613,3410.12915,9.010248,802.544067,0,2
20260722-152454:m08838,20260722-152454,1,2026-07-22T14:16:55.126415Z,76915,spawn,0,26092,40,1044525,6553,ICC Peacekeeper,SimpleChar:797D337E,11,8d1ec8b2e1576c04,3385.35596,16.014999,801.137634,3389.78027,13.784142,801.334778,0,2
20260722-152454:m08879,20260722-152454,1,2026-07-22T14:17:36.118648Z,77640,spawn,0,26092,40,1044525,6553,ICC Peacekeeper,SimpleChar:797D337E,12,91dad8ce2ff9135a,3387.16479,15.149287,803.301819,3384.12451,15.781097,806.142456,2.222182,2
20260722-152454:m08882,20260722-152454,1,2026-07-22T14:17:38.340830Z,77737,spawn,0,26092,40,1044525,6553,ICC Peacekeeper,SimpleChar:797D337E,12,a1493ece059dfd95,3385.02979,15.945,805.246216,3383.28882,15.781079,809.823364,2.269667,2
20260722-152454:m08885,20260722-152454,1,2026-07-22T14:17:40.610497Z,77776,spawn,0,26092,40,1044525,6553,ICC Peacekeeper,SimpleChar:797D337E,12,364fb84a8a0f7ed3,3383.77368,15.86732,808.419067,3378.24414,17.110001,814.33905,0,2
20260722-152454:m09070,20260722-152454,1,2026-07-22T14:18:46.044375Z,80364,spawn,0,26092,40,1044525,6553,ICC Peacekeeper,SimpleChar:797D337E,13,48c0701fb6d08ea8,3387.27832,15.092524,803.308044,3384.12451,15.781097,806.142456,0,2
20260722-152454:m09147,20260722-152454,1,2026-07-22T14:19:15.206267Z,81398,spawn,0,26092,40,1044525,6553,ICC Peacekeeper,SimpleChar:797D337E,15,61ea37083b7f7246,3385.20728,16.014999,801.172241,3389.78027,13.784142,801.334778,0,2
20260722-152454:m09200,20260722-152454,1,2026-07-22T14:19:31.949084Z,82117,spawn,0,26092,40,1044525,6553,ICC Peacekeeper,SimpleChar:797D337E,16,18dcb8fd5bc1e6d0,3408.69067,9.01,802.588867,3414.69702,9.010464,807.255005,4.370472,2
20260722-152454:m09219,20260722-152454,1,2026-07-22T14:19:36.319556Z,82258,spawn,0,26092,40,1044525,6553,ICC Peacekeeper,SimpleChar:797D337E,16,da216f45c96b99bf,3413.6748,9.01,806.408264,3405.30273,9.01,806.513916,0,2
20260722-152454:m00015,20260722-152454,1,2026-07-22T13:24:55.722915Z,26,spawn,1019,297023,1,1044525,6553,Malfunctioning Cleaning Robot,SimpleChar:797D36A5,1,2cb044179e1c0e0f,3596.81177,51.744999,788.208923,3596.05518,51.744999,788.482483,0.19009,2
20260722-152454:m00017,20260722-152454,1,2026-07-22T13:24:55.913005Z,28,spawn,1019,297023,1,1044525,6553,Malfunctioning Cleaning Robot,SimpleChar:797D36A5,1,2cb044179e1c0e0f,3596.81177,51.744999,788.208923,3596.05518,51.744999,788.482483,0.250626,2
20260722-152454:m00019,20260722-152454,1,2026-07-22T13:24:56.163631Z,33,spawn,1019,297023,1,1044525,6553,Malfunctioning Cleaning Robot,SimpleChar:797D36A5,1,2cb044179e1c0e0f,3596.81177,51.744999,788.208923,3596.05518,51.744999,788.482483,0.189608,2
20260722-152454:m00021,20260722-152454,1,2026-07-22T13:24:56.353239Z,43,spawn,1019,297023,1,1044525,6553,Malfunctioning Cleaning Robot,SimpleChar:797D36A5,1,2eb3373b9dba6082,3596.81177,51.744999,788.208923,3596.05371,52.244999,788.478699,0.240142,2
20260722-152454:m00023,20260722-152454,1,2026-07-22T13:24:56.593381Z,47,spawn,1019,297023,1,1044525,6553,Malfunctioning Cleaning Robot,SimpleChar:797D36A5,1,2eb3373b9dba6082,3596.81177,51.744999,788.208923,3596.05786,52.244999,788.490173,0.200091,2
20260722-152454:m00026,20260722-152454,1,2026-07-22T13:24:56.793472Z,50,spawn,1019,297023,1,1044525,6553,Malfunctioning Cleaning Robot,SimpleChar:797D36A5,1,2cb044179e1c0e0f,3596.81177,51.744999,788.208923,3596.05518,51.744999,788.482483,0.200111,2
20260722-152454:m00029,20260722-152454,1,2026-07-22T13:24:56.993583Z,54,spawn,1019,297023,1,1044525,6553,Malfunctioning Cleaning Robot,SimpleChar:797D36A5,1,2eb3373b9dba6082,3596.81177,51.744999,788.208923,3596.02881,52.244999,788.427734,0.240628,2
20260722-152454:m00033,20260722-152454,1,2026-07-22T13:24:57.234211Z,62,spawn,1019,297023,1,1044525,6553,Malfunctioning Cleaning Robot,SimpleChar:797D36A5,1,2eb3373b9dba6082,3596.81177,51.744999,788.208923,3596.01343,52.244999,788.405151,0.204164,2
20260722-152454:m00035,20260722-152454,1,2026-07-22T13:24:57.438375Z,72,spawn,1019,297023,1,1044525,6553,Malfunctioning Cleaning Robot,SimpleChar:797D36A5,1,2cb044179e1c0e0f,3596.81177,51.744999,788.208923,3596.05518,51.744999,788.482483,0.190099,2
20260722-152454:m00038,20260722-152454,1,2026-07-22T13:24:57.628474Z,75,spawn,1019,297023,1,1044525,6553,Malfunctioning Cleaning Robot,SimpleChar:797D36A5,1,2cb044179e1c0e0f,3596.81177,51.744999,788.208923,3596.05518,51.744999,788.482483,0.239663,2
20260722-152454:m00040,20260722-152454,1,2026-07-22T13:24:57.868137Z,78,spawn,1019,297023,1,1044525,6553,Malfunctioning Cleaning Robot,SimpleChar:797D36A5,1,2cb044179e1c0e0f,3596.81177,51.744999,788.208923,3596.05518,51.744999,788.482483,0.240131,2
20260722-152454:m00042,20260722-152454,1,2026-07-22T13:24:58.108268Z,80,spawn,1019,297023,1,1044525,6553,Malfunctioning Cleaning Robot,SimpleChar:797D36A5,1,2cb044179e1c0e0f,3596.81177,51.744999,788.208923,3596.05518,51.744999,788.482483,0.400181,2
20260722-152454:m00044,20260722-152454,2,2026-07-22T13:24:58.508449Z,91,spawn,1019,297023,1,1044525,6553,Malfunctioning Cleaning Robot,SimpleChar:797D36A5,1,2cb044179e1c0e0f,3596.81177,51.744999,788.208923,3596.05518,51.744999,788.482483,0.239618,2
20260722-152454:m00049,20260722-152454,1,2026-07-22T13:24:58.748067Z,97,spawn,1019,297023,1,1044525,6553,Malfunctioning Cleaning Robot,SimpleChar:797D36A5,1,2eb3373b9dba6082,3596.81177,51.744999,788.208923,3596.07251,52.244999,788.599792,0.24012,2
20260722-152454:m00052,20260722-152454,1,2026-07-22T13:24:58.988187Z,100,spawn,1019,297023,1,1044525,6553,Malfunctioning Cleaning Robot,SimpleChar:797D36A5,1,2cb044179e1c0e0f,3596.81177,51.744999,788.208923,3596.05518,51.744999,788.482483,0.200111,2
20260722-152454:m00055,20260722-152454,1,2026-07-22T13:24:59.188298Z,104,spawn,1019,297023,1,1044525,6553,Malfunctioning Cleaning Robot,SimpleChar:797D36A5,1,2cb044179e1c0e0f,3596.81177,51.744999,788.208923,3596.05518,51.744999,788.482483,0.24015,2
20260722-152454:m00058,20260722-152454,1,2026-07-22T13:24:59.428448Z,114,spawn,1019,297023,1,1044525,6553,Malfunctioning Cleaning Robot,SimpleChar:797D36A5,1,2eb3373b9dba6082,3596.81177,51.744999,788.208923,3596.07104,52.244999,788.550903,0.241642,2
20260722-152454:m00060,20260722-152454,1,2026-07-22T13:24:59.670090Z,117,spawn,1019,297023,1,1044525,6553,Malfunctioning Cleaning Robot,SimpleChar:797D36A5,1,2cb044179e1c0e0f,3596.81177,51.744999,788.208923,3596.05518,51.744999,788.482483,0.200099,2
20260722-152454:m00064,20260722-152454,1,2026-07-22T13:24:59.870189Z,121,spawn,1019,297023,1,1044525,6553,Malfunctioning Cleaning Robot,SimpleChar:797D36A5,1,2eb3373b9dba6082,3596.81177,51.744999,788.208923,3596.00903,52.244999,788.399292,0.423716,2
20260722-152454:m00067,20260722-152454,1,2026-07-22T13:25:00.293905Z,129,spawn,1019,297023,1,1044525,6553,Malfunctioning Cleaning Robot,SimpleChar:797D36A5,1,2cb044179e1c0e0f,3596.81177,51.744999,788.208923,3596.05518,51.744999,788.482483,0.280145,2
20260722-152454:m00070,20260722-152454,1,2026-07-22T13:25:00.574050Z,139,spawn,1019,297023,1,1044525,6553,Malfunctioning Cleaning Robot,SimpleChar:797D36A5,1,2eb3373b9dba6082,3596.81177,51.744999,788.208923,3596.03809,52.244999,788.44397,0,2
20260722-152454:m00073,20260722-152454,1,2026-07-22T13:25:00.574050Z,143,spawn,1019,297023,1,1044525,6553,Malfunctioning Cleaning Robot,SimpleChar:797D36A5,1,2cb044179e1c0e0f,3596.81177,51.744999,788.208923,3596.05518,51.744999,788.482483,0,2
20260722-152454:m01110,20260722-152454,1,2026-07-22T13:27:04.392164Z,3951,spawn,1019,297023,1,1044525,6553,Malfunctioning Cleaning Robot,SimpleChar:797D36A5,2,2eb3373b9dba6082,3596.81177,51.744999,788.208923,3596.07129,52.244999,788.553589,0,2
20260722-152454:m01112,20260722-152454,1,2026-07-22T13:27:04.392164Z,3955,spawn,1019,297023,1,1044525,6553,Malfunctioning Cleaning Robot,SimpleChar:797D36A5,2,2cb044179e1c0e0f,3596.81177,51.744999,788.208923,3596.05518,51.744999,788.482483,0.353672,2
20260722-152454:m01114,20260722-152454,1,2026-07-22T13:27:04.745836Z,3976,spawn,1019,297023,1,1044525,6553,Malfunctioning Cleaning Robot,SimpleChar:797D36A5,2,2cb044179e1c0e0f,3596.81177,51.744999,788.208923,3596.05518,51.744999,788.482483,0.120057,2
20260722-152454:m01116,20260722-152454,1,2026-07-22T13:27:04.865893Z,3984,spawn,1019,297023,1,1044525,6553,Malfunctioning Cleaning Robot,SimpleChar:797D36A5,2,2cb044179e1c0e0f,3596.81177,51.744999,788.208923,3596.05518,51.744999,788.482483,0.170091,2
20260722-152454:m01118,20260722-152454,1,2026-07-22T13:27:05.035984Z,3999,spawn,1019,297023,1,1044525,6553,Malfunctioning Cleaning Robot,SimpleChar:797D36A5,2,2eb3373b9dba6082,3596.81177,51.744999,788.208923,3596.04688,52.244999,788.706543,0.190092,2
20260722-152454:m01121,20260722-152454,1,2026-07-22T13:27:05.226076Z,4002,spawn,1019,297023,1,1044525,6553,Malfunctioning Cleaning Robot,SimpleChar:797D36A5,2,2cb044179e1c0e0f,3596.81177,51.744999,788.208923,3596.05518,51.744999,788.482483,0.251135,2
20260722-152454:m01123,20260722-152454,1,2026-07-22T13:27:05.477211Z,4005,spawn,1019,297023,1,1044525,6553,Malfunctioning Cleaning Robot,SimpleChar:797D36A5,2,2eb3373b9dba6082,3596.81177,51.744999,788.208923,3596.07251,52.244999,788.566528,0.194113,2
20260722-152454:m01125,20260722-152454,1,2026-07-22T13:27:05.671324Z,4014,spawn,1019,297023,1,1044525,6553,Malfunctioning Cleaning Robot,SimpleChar:797D36A5,2,2cb044179e1c0e0f,3596.81177,51.744999,788.208923,3596.05518,51.744999,788.482483,0.327162,2
20260722-152454:m01127,20260722-152454,1,2026-07-22T13:27:05.998486Z,4023,spawn,1019,297023,1,1044525,6553,Malfunctioning Cleaning Robot,SimpleChar:797D36A5,2,902fa87c25bf8293,3596.81177,51.744999,788.208923,3596.01025,52.244999,788.767883,0.26963,2
20260722-152454:m01129,20260722-152454,1,2026-07-22T13:27:06.268116Z,4035,spawn,1019,297023,1,1044525,6553,Malfunctioning Cleaning Robot,SimpleChar:797D36A5,2,2cb044179e1c0e0f,3596.81177,51.744999,788.208923,3596.05518,51.744999,788.482483,0.114054,2
20260722-152454:m01131,20260722-152454,1,2026-07-22T13:27:06.382170Z,4039,spawn,1019,297023,1,1044525,6553,Malfunctioning Cleaning Robot,SimpleChar:797D36A5,2,2eb3373b9dba6082,3596.81177,51.744999,788.208923,3596.04346,52.244999,788.714233,0.413268,2
20260722-152454:m01133,20260722-152454,1,2026-07-22T13:27:06.795438Z,4066,spawn,1019,297023,1,1044525,6553,Malfunctioning Cleaning Robot,SimpleChar:797D36A5,2,2cb044179e1c0e0f,3596.81177,51.744999,788.208923,3596.05518,51.744999,788.482483,0,2
20260722-152454:m01135,20260722-152454,1,2026-07-22T13:27:06.795438Z,4074,spawn,1019,297023,1,1044525,6553,Malfunctioning Cleaning Robot,SimpleChar:797D36A5,2,902fa87c25bf8293,3596.81177,51.744999,788.208923,3596.01563,52.244999,788.760986,0.191096,2
20260722-152454:m01137,20260722-152454,1,2026-07-22T13:27:06.986534Z,4088,spawn,1019,297023,1,1044525,6553,Malfunctioning Cleaning Robot,SimpleChar:797D36A5,2,2eb3373b9dba6082,3596.81177,51.744999,788.208923,3596.07202,52.244999,788.561157,0.240637,2
20260722-152454:m01139,20260722-152454,1,2026-07-22T13:27:07.227171Z,4098,spawn,1019,297023,1,1044525,6553,Malfunctioning Cleaning Robot,SimpleChar:797D36A5,2,2eb3373b9dba6082,3596.81177,51.744999,788.208923,3596.06421,52.244999,788.656494,0.237122,2
20260722-152454:m01141,20260722-152454,1,2026-07-22T13:27:07.464293Z,4100,spawn,1019,297023,1,1044525,6553,Malfunctioning Cleaning Robot,SimpleChar:797D36A5,2,2cb044179e1c0e0f,3596.81177,51.744999,788.208923,3596.05518,51.744999,788.482483,0.199693,2
20260722-152454:m01143,20260722-152454,1,2026-07-22T13:27:07.663986Z,4108,spawn,1019,297023,1,1044525,6553,Malfunctioning Cleaning Robot,SimpleChar:797D36A5,2,2cb044179e1c0e0f,3596.81177,51.744999,788.208923,3596.05518,51.744999,788.482483,0.260637,2
20260722-152454:m01145,20260722-152454,1,2026-07-22T13:27:07.924623Z,4117,spawn,1019,297023,1,1044525,6553,Malfunctioning Cleaning Robot,SimpleChar:797D36A5,2,2eb3373b9dba6082,3596.81177,51.744999,788.208923,3596.073,52.244999,788.586609,0.180578,2
20260722-152454:m01147,20260722-152454,1,2026-07-22T13:27:08.105201Z,4123,spawn,1019,297023,1,1044525,6553,Malfunctioning Cleaning Robot,SimpleChar:797D36A5,2,2eb3373b9dba6082,3596.81177,51.744999,788.208923,3596.0459,52.244999,788.708984,0.240131,2
20260722-152454:m01149,20260722-152454,1,2026-07-22T13:27:08.345332Z,4125,spawn,1019,297023,1,1044525,6553,Malfunctioning Cleaning Robot,SimpleChar:797D36A5,2,2eb3373b9dba6082,3596.81177,51.744999,788.208923,3596.03687,52.244999,788.442017,0.433227,2
20260722-152454:m01151,20260722-152454,2,2026-07-22T13:27:08.778559Z,4133,spawn,1019,297023,1,1044525,6553,Malfunctioning Cleaning Robot,SimpleChar:797D36A5,2,2cb044179e1c0e0f,3596.81177,51.744999,788.208923,3596.05518,51.744999,788.482483,0.480747,2
20260722-152454:m01155,20260722-152454,1,2026-07-22T13:27:09.259306Z,4143,spawn,1019,297023,1,1044525,6553,Malfunctioning Cleaning Robot,SimpleChar:797D36A5,2,2eb3373b9dba6082,3596.81177,51.744999,788.208923,3596.06201,52.244999,788.664673,0.000501,2
20260722-152454:m01157,20260722-152454,1,2026-07-22T13:27:09.259807Z,4155,spawn,1019,297023,1,1044525,6553,Malfunctioning Cleaning Robot,SimpleChar:797D36A5,2,2cb044179e1c0e0f,3596.81177,51.744999,788.208923,3596.05518,51.744999,788.482483,0,2
20260722-152454:m01306,20260722-152454,1,2026-07-22T13:27:22.765050Z,5070,spawn,1019,297023,1,1044525,6553,Malfunctioning Cleaning Robot,SimpleChar:797D36A5,3,2cb044179e1c0e0f,3596.81177,51.744999,788.208923,3596.05518,51.744999,788.482483,0.0005,2
20260722-152454:m01309,20260722-152454,1,2026-07-22T13:27:22.765550Z,5074,spawn,1019,297023,1,1044525,6553,Malfunctioning Cleaning Robot,SimpleChar:797D36A5,3,2cb044179e1c0e0f,3596.81177,51.744999,788.208923,3596.05518,51.744999,788.482483,0.464241,2
20260722-152454:m01312,20260722-152454,1,2026-07-22T13:27:23.229791Z,5083,spawn,1019,297023,1,1044525,6553,Malfunctioning Cleaning Robot,SimpleChar:797D36A5,3,2eb3373b9dba6082,3596.81177,51.744999,788.208923,3596.02881,52.244999,788.741211,0.0005,2
20260722-152454:m01316,20260722-152454,1,2026-07-22T13:27:23.230291Z,5088,spawn,1019,297023,1,1044525,6553,Malfunctioning Cleaning Robot,SimpleChar:797D36A5,3,2eb3373b9dba6082,3596.81177,51.744999,788.208923,3596.02661,52.244999,788.744568,0.347176,2
20260722-152454:m01320,20260722-152454,1,2026-07-22T13:27:23.577467Z,5119,spawn,1019,297023,1,1044525,6553,Malfunctioning Cleaning Robot,SimpleChar:797D36A5,3,2eb3373b9dba6082,3596.81177,51.744999,788.208923,3596.03467,52.244999,788.731018,0.199613,2
20260722-152454:m01323,20260722-152454,1,2026-07-22T13:27:23.777080Z,5129,spawn,1019,297023,1,1044525,6553,Malfunctioning Cleaning Robot,SimpleChar:797D36A5,3,2cb044179e1c0e0f,3596.81177,51.744999,788.208923,3596.05518,51.744999,788.482483,0.304213,2
20260722-152454:m01326,20260722-152454,1,2026-07-22T13:27:24.081293Z,5140,spawn,1019,297023,1,1044525,6553,Malfunctioning Cleaning Robot,SimpleChar:797D36A5,3,2cb044179e1c0e0f,3596.81177,51.744999,788.208923,3596.05518,51.744999,788.482483,0.255659,2
20260722-152454:m01329,20260722-152454,1,2026-07-22T13:27:24.336952Z,5150,spawn,1019,297023,1,1044525,6553,Malfunctioning Cleaning Robot,SimpleChar:797D36A5,3,2cb044179e1c0e0f,3596.81177,51.744999,788.208923,3596.05518,51.744999,788.482483,0,2
20260722-152454:m01332,20260722-152454,1,2026-07-22T13:27:24.336952Z,5153,spawn,1019,297023,1,1044525,6553,Malfunctioning Cleaning Robot,SimpleChar:797D36A5,3,2eb3373b9dba6082,3596.81177,51.744999,788.208923,3596.02539,52.244999,788.422302,0.247136,2
20260722-152454:m01335,20260722-152454,1,2026-07-22T13:27:24.584088Z,5171,spawn,1019,297023,1,1044525,6553,Malfunctioning Cleaning Robot,SimpleChar:797D36A5,3,2cb044179e1c0e0f,3596.81177,51.744999,788.208923,3596.05518,51.744999,788.482483,0.192112,2
20260722-152454:m01340,20260722-152454,1,2026-07-22T13:27:24.776200Z,5182,spawn,1019,297023,1,1044525,6553,Malfunctioning Cleaning Robot,SimpleChar:797D36A5,3,2cb044179e1c0e0f,3596.81177,51.744999,788.208923,3596.05518,51.744999,788.482483,0.476771,2
20260722-152454:m01343,20260722-152454,1,2026-07-22T13:27:25.252971Z,5199,spawn,1019,297023,1,1044525,6553,Malfunctioning Cleaning Robot,SimpleChar:797D36A5,3,2eb3373b9dba6082,3596.81177,51.744999,788.208923,3596.02295,52.244999,788.418701,0,2
20260722-152454:m01345,20260722-152454,1,2026-07-22T13:27:25.252971Z,5205,spawn,1019,297023,1,1044525,6553,Malfunctioning Cleaning Robot,SimpleChar:797D36A5,3,2cb044179e1c0e0f,3596.81177,51.744999,788.208923,3596.05518,51.744999,788.482483,0.360696,2
20260722-152454:m01347,20260722-152454,1,2026-07-22T13:27:25.613667Z,5227,spawn,1019,297023,1,1044525,6553,Malfunctioning Cleaning Robot,SimpleChar:797D36A5,3,2cb044179e1c0e0f,3596.81177,51.744999,788.208923,3596.05518,51.744999,788.482483,0.23714,2
20260722-152454:m01349,20260722-152454,1,2026-07-22T13:27:25.850807Z,5236,spawn,1019,297023,1,1044525,6553,Malfunctioning Cleaning Robot,SimpleChar:797D36A5,3,2cb044179e1c0e0f,3596.81177,51.744999,788.208923,3596.05518,51.744999,788.482483,0.11957,2
20260722-152454:m01352,20260722-152454,1,2026-07-22T13:27:25.970377Z,5241,spawn,1019,297023,1,1044525,6553,Malfunctioning Cleaning Robot,SimpleChar:797D36A5,3,2eb3373b9dba6082,3596.81177,51.744999,788.208923,3596.04053,52.244999,788.449036,0.352432,2
20260722-152454:m01354,20260722-152454,1,2026-07-22T13:27:26.322809Z,5257,spawn,1019,297023,1,1044525,6553,Malfunctioning Cleaning Robot,SimpleChar:797D36A5,3,2cb044179e1c0e0f,3596.81177,51.744999,788.208923,3596.05518,51.744999,788.482483,0.0005,2
20260722-152454:m01357,20260722-152454,1,2026-07-22T13:27:26.323309Z,5261,spawn,1019,297023,1,1044525,6553,Malfunctioning Cleaning Robot,SimpleChar:797D36A5,3,2cb044179e1c0e0f,3596.81177,51.744999,788.208923,3596.05518,51.744999,788.482483,0.200093,2
20260722-152454:m01359,20260722-152454,1,2026-07-22T13:27:26.523402Z,5278,spawn,1019,297023,1,1044525,6553,Malfunctioning Cleaning Robot,SimpleChar:797D36A5,3,2eb3373b9dba6082,3596.81177,51.744999,788.208923,3596.01782,52.244999,788.411194,0.28072,2
20260722-152454:m01362,20260722-152454,1,2026-07-22T13:27:26.804122Z,5283,spawn,1019,297023,1,1044525,6553,Malfunctioning Cleaning Robot,SimpleChar:797D36A5,3,2eb3373b9dba6082,3596.81177,51.744999,788.208923,3596.05737,52.244999,788.488708,0.209606,2
20260722-152454:m01365,20260722-152454,1,2026-07-22T13:27:27.013728Z,5286,spawn,1019,297023,1,1044525,6553,Malfunctioning Cleaning Robot,SimpleChar:797D36A5,3,2cb044179e1c0e0f,3596.81177,51.744999,788.208923,3596.05518,51.744999,788.482483,0.2497,2
20260722-152454:m01368,20260722-152454,1,2026-07-22T13:27:27.263428Z,5291,spawn,1019,297023,1,1044525,6553,Malfunctioning Cleaning Robot,SimpleChar:797D36A5,3,2eb3373b9dba6082,3596.81177,51.744999,788.208923,3596.06348,52.244999,788.509338,0,2
20260722-152454:m03700,20260722-152454,1,2026-07-22T13:52:57.704774Z,44384,spawn,1019,297023,1,1044525,6553,Malfunctioning Cleaning Robot,SimpleChar:797D36A5,4,2eb3373b9dba6082,3596.81177,51.744999,788.208923,3596.03638,52.244999,788.728149,0.171574,2
20260722-152454:m03702,20260722-152454,1,2026-07-22T13:52:57.876348Z,44386,spawn,1019,297023,1,1044525,6553,Malfunctioning Cleaning Robot,SimpleChar:797D36A5,4,2eb3373b9dba6082,3596.81177,51.744999,788.208923,3596.06006,52.244999,788.671509,0.465242,2
20260722-152454:m03705,20260722-152454,1,2026-07-22T13:52:58.341590Z,44394,spawn,1019,297023,1,1044525,6553,Malfunctioning Cleaning Robot,SimpleChar:797D36A5,4,2cb044179e1c0e0f,3596.81177,51.744999,788.208923,3596.05518,51.744999,788.482483,0.228109,2
20260722-152454:m03707,20260722-152454,1,2026-07-22T13:52:58.569699Z,44401,spawn,1019,297023,1,1044525,6553,Malfunctioning Cleaning Robot,SimpleChar:797D36A5,4,2eb3373b9dba6082,3596.81177,51.744999,788.208923,3596.06543,52.244999,788.518066,0,2
20260722-152454:m03710,20260722-152454,1,2026-07-22T13:52:58.569699Z,44404,spawn,1019,297023,1,1044525,6553,Malfunctioning Cleaning Robot,SimpleChar:797D36A5,4,2eb3373b9dba6082,3596.81177,51.744999,788.208923,3596.02368,52.244999,788.419922,0.192109,2
20260722-152454:m03713,20260722-152454,1,2026-07-22T13:52:58.761808Z,44407,spawn,1019,297023,1,1044525,6553,Malfunctioning Cleaning Robot,SimpleChar:797D36A5,4,2eb3373b9dba6082,3596.81177,51.744999,788.208923,3596.04663,52.244999,788.461426,0.239635,2
20260722-152454:m03715,20260722-152454,1,2026-07-22T13:52:59.001443Z,44409,spawn,1019,297023,1,1044525,6553,Malfunctioning Cleaning Robot,SimpleChar:797D36A5,4,2eb3373b9dba6082,3596.81177,51.744999,788.208923,3596.01416,52.244999,788.405945,0.201594,2
20260722-152454:m03717,20260722-152454,1,2026-07-22T13:52:59.203037Z,44411,spawn,1019,297023,1,1044525,6553,Malfunctioning Cleaning Robot,SimpleChar:797D36A5,4,2cb044179e1c0e0f,3596.81177,51.744999,788.208923,3596.05518,51.744999,788.482483,0.200593,2
20260722-152454:m03719,20260722-152454,1,2026-07-22T13:52:59.403630Z,44421,spawn,1019,297023,1,1044525,6553,Malfunctioning Cleaning Robot,SimpleChar:797D36A5,4,2cb044179e1c0e0f,3596.81177,51.744999,788.208923,3596.05518,51.744999,788.482483,0.210122,2
20260722-152454:m03722,20260722-152454,1,2026-07-22T13:52:59.613752Z,44424,spawn,1019,297023,1,1044525,6553,Malfunctioning Cleaning Robot,SimpleChar:797D36A5,4,2cb044179e1c0e0f,3596.81177,51.744999,788.208923,3596.05518,51.744999,788.482483,0.241619,2
20260722-152454:m03725,20260722-152454,1,2026-07-22T13:52:59.855371Z,44427,spawn,1019,297023,1,1044525,6553,Malfunctioning Cleaning Robot,SimpleChar:797D36A5,4,2cb044179e1c0e0f,3596.81177,51.744999,788.208923,3596.05518,51.744999,788.482483,0.203108,2
20260722-152454:m03727,20260722-152454,1,2026-07-22T13:53:00.058479Z,44429,spawn,1019,297023,1,1044525,6553,Malfunctioning Cleaning Robot,SimpleChar:797D36A5,4,2cb044179e1c0e0f,3596.81177,51.744999,788.208923,3596.05518,51.744999,788.482483,0.440725,2
20260722-152454:m03730,20260722-152454,2,2026-07-22T13:53:00.499204Z,44436,spawn,1019,297023,1,1044525,6553,Malfunctioning Cleaning Robot,SimpleChar:797D36A5,4,2cb044179e1c0e0f,3596.81177,51.744999,788.208923,3596.05518,51.744999,788.482483,0.260119,2
20260722-152454:m03735,20260722-152454,1,2026-07-22T13:53:00.759323Z,44441,spawn,1019,297023,1,1044525,6553,Malfunctioning Cleaning Robot,SimpleChar:797D36A5,4,2cb044179e1c0e0f,3596.81177,51.744999,788.208923,3596.05518,51.744999,788.482483,0.190095,2
20260722-152454:m03738,20260722-152454,1,2026-07-22T13:53:00.949418Z,44444,spawn,1019,297023,1,1044525,6553,Malfunctioning Cleaning Robot,SimpleChar:797D36A5,4,2cb044179e1c0e0f,3596.81177,51.744999,788.208923,3596.05518,51.744999,788.482483,0.250115,2
20260722-152454:m03741,20260722-152454,1,2026-07-22T13:53:01.199533Z,44447,spawn,1019,297023,1,1044525,6553,Malfunctioning Cleaning Robot,SimpleChar:797D36A5,4,2cb044179e1c0e0f,3596.81177,51.744999,788.208923,3596.05518,51.744999,788.482483,0.402207,2
20260722-152454:m03744,20260722-152454,1,2026-07-22T13:53:01.601740Z,44455,spawn,1019,297023,1,1044525,6553,Malfunctioning Cleaning Robot,SimpleChar:797D36A5,4,2cb044179e1c0e0f,3596.81177,51.744999,788.208923,3596.05518,51.744999,788.482483,0.0005,2
20260722-152454:m03747,20260722-152454,1,2026-07-22T13:53:01.602240Z,44458,spawn,1019,297023,1,1044525,6553,Malfunctioning Cleaning Robot,SimpleChar:797D36A5,4,2cb044179e1c0e0f,3596.81177,51.744999,788.208923,3596.05518,51.744999,788.482483,0.242135,2
20260722-152454:m03750,20260722-152454,1,2026-07-22T13:53:01.844375Z,44461,spawn,1019,297023,1,1044525,6553,Malfunctioning Cleaning Robot,SimpleChar:797D36A5,4,2cb044179e1c0e0f,3596.81177,51.744999,788.208923,3596.05518,51.744999,788.482483,0.241618,2
20260722-152454:m03754,20260722-152454,1,2026-07-22T13:53:02.085993Z,44465,spawn,1019,297023,1,1044525,6553,Malfunctioning Cleaning Robot,SimpleChar:797D36A5,4,2cb044179e1c0e0f,3596.81177,51.744999,788.208923,3596.05518,51.744999,788.482483,0,2
20260722-152454:m07391,20260722-152454,1,2026-07-22T13:59:47.088938Z,54266,spawn,1019,297023,1,1044525,6553,Malfunctioning Cleaning Robot,SimpleChar:797D36A5,5,2cb044179e1c0e0f,3596.81177,51.744999,788.208923,3596.05518,51.744999,788.482483,0,2
20260722-152454:m07393,20260722-152454,1,2026-07-22T13:59:47.088938Z,54275,spawn,1019,297023,1,1044525,6553,Malfunctioning Cleaning Robot,SimpleChar:797D36A5,5,2eb3373b9dba6082,3596.81177,51.744999,788.208923,3596.04419,52.244999,788.45636,0.399688,2
20260722-152454:m07395,20260722-152454,1,2026-07-22T13:59:47.488626Z,54278,spawn,1019,297023,1,1044525,6553,Malfunctioning Cleaning Robot,SimpleChar:797D36A5,5,2eb3373b9dba6082,3596.81177,51.744999,788.208923,3596.02612,52.244999,788.423523,0.240081,2
20260722-152454:m07397,20260722-152454,1,2026-07-22T13:59:47.728707Z,54282,spawn,1019,297023,1,1044525,6553,Malfunctioning Cleaning Robot,SimpleChar:797D36A5,5,2cb044179e1c0e0f,3596.81177,51.744999,788.208923,3596.05518,51.744999,788.482483,0.189649,2
20260722-152454:m07399,20260722-152454,1,2026-07-22T13:59:47.918356Z,54285,spawn,1019,297023,1,1044525,6553,Malfunctioning Cleaning Robot,SimpleChar:797D36A5,5,2cb044179e1c0e0f,3596.81177,51.744999,788.208923,3596.05518,51.744999,788.482483,0.2901,2
20260722-152454:m07401,20260722-152454,2,2026-07-22T13:59:48.208456Z,54293,spawn,1019,297023,1,1044525,6553,Malfunctioning Cleaning Robot,SimpleChar:797D36A5,5,2cb044179e1c0e0f,3596.81177,51.744999,788.208923,3596.05518,51.744999,788.482483,0.244094,2
20260722-152454:m07405,20260722-152454,1,2026-07-22T13:59:48.452550Z,54297,spawn,1019,297023,1,1044525,6553,Malfunctioning Cleaning Robot,SimpleChar:797D36A5,5,2cb044179e1c0e0f,3596.81177,51.744999,788.208923,3596.05518,51.744999,788.482483,0.490177,2
20260722-152454:m07407,20260722-152454,2,2026-07-22T13:59:48.942727Z,54308,spawn,1019,297023,1,1044525,6553,Malfunctioning Cleaning Robot,SimpleChar:797D36A5,5,2cb044179e1c0e0f,3596.81177,51.744999,788.208923,3596.05518,51.744999,788.482483,0.262641,2
20260722-152454:m07414,20260722-152454,1,2026-07-22T13:59:49.205368Z,54315,spawn,1019,297023,1,1044525,6553,Malfunctioning Cleaning Robot,SimpleChar:797D36A5,5,2cb044179e1c0e0f,3596.81177,51.744999,788.208923,3596.05518,51.744999,788.482483,0.19007,2
20260722-152454:m07416,20260722-152454,1,2026-07-22T13:59:49.395438Z,54323,spawn,1019,297023,1,1044525,6553,Malfunctioning Cleaning Robot,SimpleChar:797D36A5,5,2eb3373b9dba6082,3596.81177,51.744999,788.208923,3596.07202,52.244999,788.608459,0.250088,2
20260722-152454:m07418,20260722-152454,1,2026-07-22T13:59:49.645526Z,54327,spawn,1019,297023,1,1044525,6553,Malfunctioning Cleaning Robot,SimpleChar:797D36A5,5,2cb044179e1c0e0f,3596.81177,51.744999,788.208923,3596.05518,51.744999,788.482483,0.240081,2
20260722-152454:m07420,20260722-152454,1,2026-07-22T13:59:49.885607Z,54329,spawn,1019,297023,1,1044525,6553,Malfunctioning Cleaning Robot,SimpleChar:797D36A5,5,2eb3373b9dba6082,3596.81177,51.744999,788.208923,3596.07251,52.244999,788.569824,0.459842,2
20260722-152454:m07422,20260722-152454,1,2026-07-22T13:59:50.345449Z,54333,spawn,1019,297023,1,1044525,6553,Malfunctioning Cleaning Robot,SimpleChar:797D36A5,5,2cb044179e1c0e0f,3596.81177,51.744999,788.208923,3596.05518,51.744999,788.482483,0,2
20260722-152454:m07424,20260722-152454,1,2026-07-22T13:59:50.345449Z,54340,spawn,1019,297023,1,1044525,6553,Malfunctioning Cleaning Robot,SimpleChar:797D36A5,5,2eb3373b9dba6082,3596.81177,51.744999,788.208923,3596.07275,52.244999,788.573669,0.3887,2
20260722-152454:m07426,20260722-152454,2,2026-07-22T13:59:50.734149Z,54349,spawn,1019,297023,1,1044525,6553,Malfunctioning Cleaning Robot,SimpleChar:797D36A5,5,2cb044179e1c0e0f,3596.81177,51.744999,788.208923,3596.05518,51.744999,788.482483,0.243592,2
20260722-152454:m07430,20260722-152454,1,2026-07-22T13:59:50.977741Z,54360,spawn,1019,297023,1,1044525,6553,Malfunctioning Cleaning Robot,SimpleChar:797D36A5,5,2eb3373b9dba6082,3596.81177,51.744999,788.208923,3596.03662,52.244999,788.727722,0.249648,2
20260722-152454:m07432,20260722-152454,1,2026-07-22T13:59:51.227389Z,54362,spawn,1019,297023,1,1044525,6553,Malfunctioning Cleaning Robot,SimpleChar:797D36A5,5,2eb3373b9dba6082,3596.81177,51.744999,788.208923,3596.06445,52.244999,788.513245,0.200068,2
20260722-152454:m07434,20260722-152454,1,2026-07-22T13:59:51.427457Z,54364,spawn,1019,297023,1,1044525,6553,Malfunctioning Cleaning Robot,SimpleChar:797D36A5,5,2cb044179e1c0e0f,3596.81177,51.744999,788.208923,3596.05518,51.744999,788.482483,0.240197,2
20260722-152454:m07436,20260722-152454,1,2026-07-22T13:59:51.667654Z,54366,spawn,1019,297023,1,1044525,6553,Malfunctioning Cleaning Robot,SimpleChar:797D36A5,5,2eb3373b9dba6082,3596.81177,51.744999,788.208923,3596.073,52.244999,788.583862,0.239613,2
20260722-152454:m07438,20260722-152454,1,2026-07-22T13:59:51.907267Z,54369,spawn,1019,297023,1,1044525,6553,Malfunctioning Cleaning Robot,SimpleChar:797D36A5,5,2cb044179e1c0e0f,3596.81177,51.744999,788.208923,3596.05518,51.744999,788.482483,0,2
20260722-152454:m08153,20260722-152454,1,2026-07-22T14:11:22.257544Z,69134,spawn,1019,297023,1,1044525,6553,Malfunctioning Cleaning Robot,SimpleChar:797D36A5,6,2cb044179e1c0e0f,3596.81177,51.744999,788.208923,3596.05518,51.744999,788.482483,0.474217,2
20260722-152454:m08155,20260722-152454,1,2026-07-22T14:11:22.731761Z,69151,spawn,1019,297023,1,1044525,6553,Malfunctioning Cleaning Robot,SimpleChar:797D36A5,6,2eb3373b9dba6082,3596.81177,51.744999,788.208923,3596.04248,52.244999,788.716187,0,2
20260722-152454:m08157,20260722-152454,1,2026-07-22T14:11:22.731761Z,69153,spawn,1019,297023,1,1044525,6553,Malfunctioning Cleaning Robot,SimpleChar:797D36A5,6,2eb3373b9dba6082,3596.81177,51.744999,788.208923,3596.0354,52.244999,788.439026,0.192592,2
20260722-152454:m08161,20260722-152454,1,2026-07-22T14:11:22.924353Z,69169,spawn,1019,297023,1,1044525,6553,Malfunctioning Cleaning Robot,SimpleChar:797D36A5,6,2cb044179e1c0e0f,3596.81177,51.744999,788.208923,3596.05518,51.744999,788.482483,0.398737,2
20260722-152454:m08167,20260722-152454,1,2026-07-22T14:11:23.323090Z,69184,spawn,1019,297023,1,1044525,6553,Malfunctioning Cleaning Robot,SimpleChar:797D36A5,6,2cb044179e1c0e0f,3596.81177,51.744999,788.208923,3596.05518,51.744999,788.482483,0.236619,2
20260722-152454:m08170,20260722-152454,2,2026-07-22T14:11:23.559709Z,69193,spawn,1019,297023,1,1044525,6553,Malfunctioning Cleaning Robot,SimpleChar:797D36A5,6,2cb044179e1c0e0f,3596.81177,51.744999,788.208923,3596.05518,51.744999,788.482483,0.240135,2
20260722-152454:m08174,20260722-152454,1,2026-07-22T14:11:23.799844Z,69197,spawn,1019,297023,1,1044525,6553,Malfunctioning Cleaning Robot,SimpleChar:797D36A5,6,2eb3373b9dba6082,3596.81177,51.744999,788.208923,3596.04175,52.244999,788.717529,0.238614,2
20260722-152454:m08176,20260722-152454,1,2026-07-22T14:11:24.038458Z,69199,spawn,1019,297023,1,1044525,6553,Malfunctioning Cleaning Robot,SimpleChar:797D36A5,6,2eb3373b9dba6082,3596.81177,51.744999,788.208923,3596.07129,52.244999,788.615356,0.196605,2
20260722-152454:m08178,20260722-152454,1,2026-07-22T14:11:24.235063Z,69213,spawn,1019,297023,1,1044525,6553,Malfunctioning Cleaning Robot,SimpleChar:797D36A5,6,2eb3373b9dba6082,3596.81177,51.744999,788.208923,3596.0415,52.244999,788.71814,0.248618,2
20260722-152454:m08180,20260722-152454,1,2026-07-22T14:11:24.483681Z,69218,spawn,1019,297023,1,1044525,6553,Malfunctioning Cleaning Robot,SimpleChar:797D36A5,6,2eb3373b9dba6082,3596.81177,51.744999,788.208923,3596.05688,52.244999,788.487793,0.196082,2
20260722-152454:m08183,20260722-152454,1,2026-07-22T14:11:24.679763Z,69233,spawn,1019,297023,1,1044525,6553,Malfunctioning Cleaning Robot,SimpleChar:797D36A5,6,2cb044179e1c0e0f,3596.81177,51.744999,788.208923,3596.05518,51.744999,788.482483,0.238617,2
20260722-152454:m08187,20260722-152454,1,2026-07-22T14:11:24.918380Z,69237,spawn,1019,297023,1,1044525,6553,Malfunctioning Cleaning Robot,SimpleChar:797D36A5,6,2eb3373b9dba6082,3596.81177,51.744999,788.208923,3596.06885,52.244999,788.634338,0.242102,2
20260722-152454:m08189,20260722-152454,1,2026-07-22T14:11:25.160482Z,69239,spawn,1019,297023,1,1044525,6553,Malfunctioning Cleaning Robot,SimpleChar:797D36A5,6,2cb044179e1c0e0f,3596.81177,51.744999,788.208923,3596.05518,51.744999,788.482483,0.43873,2
20260722-152454:m08191,20260722-152454,1,2026-07-22T14:11:25.599212Z,69248,spawn,1019,297023,1,1044525,6553,Malfunctioning Cleaning Robot,SimpleChar:797D36A5,6,2eb3373b9dba6082,3596.81177,51.744999,788.208923,3596.073,52.244999,788.589722,0,2
20260722-152454:m08193,20260722-152454,1,2026-07-22T14:11:25.599212Z,69256,spawn,1019,297023,1,1044525,6553,Malfunctioning Cleaning Robot,SimpleChar:797D36A5,6,2eb3373b9dba6082,3596.81177,51.744999,788.208923,3596.01099,52.244999,788.401978,0.316175,2
20260722-152454:m08195,20260722-152454,1,2026-07-22T14:11:25.915387Z,69270,spawn,1019,297023,1,1044525,6553,Malfunctioning Cleaning Robot,SimpleChar:797D36A5,6,2cb044179e1c0e0f,3596.81177,51.744999,788.208923,3596.05518,51.744999,788.482483,0.164084,2
20260722-152454:m08197,20260722-152454,1,2026-07-22T14:11:26.079471Z,69278,spawn,1019,297023,1,1044525,6553,Malfunctioning Cleaning Robot,SimpleChar:797D36A5,6,2cb044179e1c0e0f,3596.81177,51.744999,788.208923,3596.05518,51.744999,788.482483,0.286156,2
20260722-152454:m08199,20260722-152454,1,2026-07-22T14:11:26.365627Z,69297,spawn,1019,297023,1,1044525,6553,Malfunctioning Cleaning Robot,SimpleChar:797D36A5,6,2cb044179e1c0e0f,3596.81177,51.744999,788.208923,3596.05518,51.744999,788.482483,0.149079,2
20260722-152454:m08202,20260722-152454,1,2026-07-22T14:11:26.514706Z,69305,spawn,1019,297023,1,1044525,6553,Malfunctioning Cleaning Robot,SimpleChar:797D36A5,6,2cb044179e1c0e0f,3596.81177,51.744999,788.208923,3596.05518,51.744999,788.482483,0.251108,2
20260722-152454:m08205,20260722-152454,1,2026-07-22T14:11:26.765814Z,69308,spawn,1019,297023,1,1044525,6553,Malfunctioning Cleaning Robot,SimpleChar:797D36A5,6,2cb044179e1c0e0f,3596.81177,51.744999,788.208923,3596.05518,51.744999,788.482483,0.320168,2
20260722-152454:m08207,20260722-152454,1,2026-07-22T14:11:27.085982Z,69317,spawn,1019,297023,1,1044525,6553,Malfunctioning Cleaning Robot,SimpleChar:797D36A5,6,2cb044179e1c0e0f,3596.81177,51.744999,788.208923,3596.05518,51.744999,788.482483,0,2
20260722-152454:m00036,20260722-152454,1,2026-07-22T13:24:57.438375Z,73,spawn,103,203740,2,1044525,6553,Protester,SimpleChar:797FD582,1,4e4c645d0e7ee55d,3540.35986,5.110001,793.475159,3542.98096,6.91,778.708862,0,2
20260722-152454:m01336,20260722-152454,1,2026-07-22T13:27:24.584088Z,5172,spawn,103,203740,2,1044525,6553,Protester,SimpleChar:797FD582,3,155920b0a7cbad86,3585.02173,6.91,770.491821,3592.95728,6.01,771.094788,0,2
20260722-152454:m02283,20260722-152454,1,2026-07-22T13:33:27.587375Z,17501,spawn,103,203740,2,1044525,6553,Protester,SimpleChar:797FD582,6,bca2d79694a35612,3575.19507,5.110001,801.517334,3559.26318,5.110001,801.117615,0,2
20260722-152454:m03703,20260722-152454,1,2026-07-22T13:52:57.876348Z,44387,spawn,103,203740,2,1044525,6553,Protester,SimpleChar:797FD582,11,a4a29d909db55b90,3597.77856,5.110001,794.236023,3591.88379,5.110001,801.318481,0,2
20260722-152454:m04653,20260722-152454,1,2026-07-22T13:54:10.822245Z,45907,spawn,103,203740,2,1044525,6553,Protester,SimpleChar:797FD582,12,2f92463bc5c797a2,3565.39307,6.91,777.201843,3578.65576,6.91,769.588196,0,2
20260722-152454:m05989,20260722-152454,1,2026-07-22T13:55:59.064650Z,48230,spawn,103,203740,2,1044525,6553,Protester,SimpleChar:797FD582,13,2f92463bc5c797a2,3565.47656,6.91,777.18396,3578.65576,6.91,769.588196,0,2
20260722-152454:m07348,20260722-152454,1,2026-07-22T13:59:29.544719Z,53889,spawn,103,203740,2,1044525,6553,Protester,SimpleChar:797FD582,15,77483c27949e5c89,3557.92188,6.91,779.049683,3566.78076,6.91,776.844238,0,2
20260722-152454:m07412,20260722-152454,1,2026-07-22T13:59:48.942727Z,54313,spawn,103,203740,2,1044525,6553,Protester,SimpleChar:797FD582,16,155920b0a7cbad86,3584.86841,6.91,770.471252,3592.95728,6.01,771.094788,0,2
20260722-152454:m00032,20260722-152454,1,2026-07-22T13:24:57.234211Z,61,spawn,103,203740,2,1044525,6553,Protester,SimpleChar:7985C910,1,2a55b64174084910,3566.07837,5.110001,825.004456,3566.38452,5.110001,816.379089,0,2
20260722-152454:m00990,20260722-152454,1,2026-07-22T13:26:13.941291Z,2940,spawn,103,203740,2,1044525,6553,Protester,SimpleChar:7985C910,2,bfb9765ac6b6713a,3525.2041,5.110001,798.257019,3533.20996,5.110001,801.763245,0,2
20260722-152454:m01892,20260722-152454,1,2026-07-22T13:28:14.248643Z,7267,spawn,103,203740,2,1044525,6553,Protester,SimpleChar:7985C910,5,34d6e39d83df43c5,3532.07715,5.110001,801.261841,3533.11304,5.110001,811.393555,0,2
20260722-152454:m02381,20260722-152454,1,2026-07-22T13:34:45.610485Z,20284,spawn,103,203740,2,1044525,6553,Protester,SimpleChar:7985C910,6,f6bb1692a625ebca,3564.44189,5.110001,809.589905,3562.99683,5.110001,799.208618,0,2
20260722-152454:m02465,20260722-152454,1,2026-07-22T13:35:56.226288Z,21327,spawn,103,203740,2,1044525,6553,Protester,SimpleChar:7985C910,7,4e0a25abe192510a,3531.84106,5.110001,801.155457,3533.11304,5.110001,811.393555,0,2
20260722-152454:m02603,20260722-152454,1,2026-07-22T13:37:51.796992Z,23022,spawn,103,203740,2,1044525,6553,Protester,SimpleChar:7985C910,8,4e0a25abe192510a,3532.01001,5.110001,801.229187,3533.11304,5.110001,811.393555,0,2
20260722-152454:m02783,20260722-152454,1,2026-07-22T13:39:47.424902Z,25049,spawn,103,203740,2,1044525,6553,Protester,SimpleChar:7985C910,9,34d6e39d83df43c5,3532.17651,5.110001,801.306824,3533.11304,5.110001,811.393555,0,2
20260722-152454:m04399,20260722-152454,1,2026-07-22T13:53:49.374320Z,45451,spawn,103,203740,2,1044525,6553,Protester,SimpleChar:7985C910,11,2a55b64174084910,3565.98438,5.110001,824.999329,3566.38452,5.110001,816.379089,0,2
20260722-152454:m05830,20260722-152454,1,2026-07-22T13:55:44.878725Z,48000,spawn,103,203740,2,1044525,6553,Protester,SimpleChar:7985C910,12,2a55b64174084910,3565.98633,5.110001,824.999329,3566.38452,5.110001,816.379089,0,2
20260722-152454:m07103,20260722-152454,1,2026-07-22T13:57:40.417914Z,50767,spawn,103,203740,2,1044525,6553,Protester,SimpleChar:7985C910,13,2a55b64174084910,3565.80908,5.110001,824.989258,3566.38452,5.110001,816.379089,0,2
20260722-152454:m07261,20260722-152454,1,2026-07-22T13:59:02.138044Z,52938,spawn,103,203740,2,1044525,6553,Protester,SimpleChar:7985C910,14,34d6e39d83df43c5,3532.12988,5.110001,801.288147,3533.11304,5.110001,811.393555,0,2
20260722-152454:m01955,20260722-152454,1,2026-07-22T13:29:05.491654Z,8949,spawn,0,26092,40,1044525,6553,ICC Peacekeeper,SimpleChar:79882D97,2,70689ba02ebccee3,3447.93506,9.135,806.412415,3454.70435,9.075036,811.924438,0,2
20260722-152454:m02071,20260722-152454,1,2026-07-22T13:30:56.320328Z,12887,spawn,0,26092,40,1044525,6553,ICC Peacekeeper,SimpleChar:79882D97,4,d2ae8ca523637ee6,3441.28027,9.165,902.094971,3442.77197,12.493572,901.406616,0.370186,2
20260722-152454:m02075,20260722-152454,1,2026-07-22T13:30:56.690514Z,12899,spawn,0,26092,40,1044525,6553,ICC Peacekeeper,SimpleChar:79882D97,4,ec7ae3a0e36ec0e6,3441.47485,9.165,902.02533,3438.62354,9.066066,901.931274,0,2
20260722-152454:m02721,20260722-152454,1,2026-07-22T13:39:18.524540Z,24443,spawn,0,26092,40,1044525,6553,ICC Peacekeeper,SimpleChar:79882D97,6,d2ae8ca523637ee6,3441.37915,9.165,902.05542,3442.77197,12.493572,901.406616,0.341125,2
20260722-152454:m02722,20260722-152454,1,2026-07-22T13:39:18.865665Z,24456,spawn,0,26092,40,1044525,6553,ICC Peacekeeper,SimpleChar:79882D97,6,ec7ae3a0e36ec0e6,3441.54224,9.165,901.998535,3438.62354,9.066066,901.931274,0,2
20260722-152454:m07332,20260722-152454,1,2026-07-22T13:59:25.642218Z,53742,spawn,0,26092,40,1044525,6553,ICC Peacekeeper,SimpleChar:79882D97,9,d2ae8ca523637ee6,3441.4165,9.165,902.059326,3442.77197,12.493572,901.406616,0.276104,2
20260722-152454:m07335,20260722-152454,1,2026-07-22T13:59:25.918322Z,53776,spawn,0,26092,40,1044525,6553,ICC Peacekeeper,SimpleChar:79882D97,9,ec7ae3a0e36ec0e6,3441.6416,9.165,901.921204,3438.62354,9.066066,901.931274,0,2
20260722-152454:m08343,20260722-152454,1,2026-07-22T14:12:38.119724Z,71345,spawn,0,26092,40,1044525,6553,ICC Peacekeeper,SimpleChar:79882D97,10,596961ba6aea04e5,3427.19971,9.145,895.033447,3427.16479,9.051052,888.307007,0,2
20260722-152454:m03545,20260722-152454,1,2026-07-22T13:47:41.435632Z,39250,spawn,103,290472,10,1044525,6553,Mario Carles,SimpleChar:7988CF03,1,5b7bc4e6d97bacd7,3414.38281,3.01,755.77124,3397.70874,3.01,738.923157,0,2
20260722-152454:m01067,20260722-152454,1,2026-07-22T13:26:21.687620Z,3198,spawn,25,17657,5,1044525,6553,Garbage Flea,SimpleChar:79891110,1,370fa6fde4c7ab20,3453.07788,0.01,809.419495,3449.17236,0.484349,812.813599,3.347273,2
20260722-152454:m01073,20260722-152454,1,2026-07-22T13:26:25.034893Z,3277,spawn,25,17657,5,1044525,6553,Garbage Flea,SimpleChar:79891110,1,03fa3d0f318ec29c,3450.21118,0.01,811.79657,3448.83936,0.48435,827.203064,0,2
20260722-152454:m01070,20260722-152454,1,2026-07-22T13:26:23.754685Z,3266,spawn,25,17657,5,1044525,6553,Garbage Flea,SimpleChar:79891124,1,754af15e114e792c,3453.73779,0.01,847.621033,3454.35864,0.892165,841.742859,0,2
20260722-152454:m01069,20260722-152454,1,2026-07-22T13:26:23.505051Z,3265,spawn,25,17657,6,1044525,6553,Garbage Flea,SimpleChar:79891129,1,e3763d61ecf71f13,3453.59766,0.01,875.332397,3453.51245,0.636055,879.729492,0,2
20260722-152454:m01103,20260722-152454,1,2026-07-22T13:26:52.668307Z,3666,spawn,25,17657,6,1044525,6553,Garbage Flea,SimpleChar:79891129,2,e3763d61ecf71f13,3453.58887,0.01,875.411438,3453.51245,0.636055,879.729492,0,2
20260722-152454:m08094,20260722-152454,1,2026-07-22T14:10:41.529965Z,68336,spawn,58,17712,13,1044525,6553,Saltworm,SimpleChar:798911D0,4,79759234ce6a9bfd,3483.72681,0.01,638.420532,3500.18018,0,626.89093,0,2
20260722-152454:m00940,20260722-152454,1,2026-07-22T13:26:08.374470Z,2708,spawn,1019,297023,1,1044525,6553,Cleaning Robot,SimpleChar:798912C9,2,6363701b7c08816a,3636.66382,40.984997,828.529175,3632.78101,40.876522,831.530701,2.446758,2
20260722-152454:m00966,20260722-152454,1,2026-07-22T13:26:10.821228Z,2765,spawn,1019,297023,1,1044525,6553,Cleaning Robot,SimpleChar:798912C9,2,504c5065be335701,3633.75464,40.984997,830.779907,3636.89868,40.876511,834.522583,0,2
20260722-152454:m01209,20260722-152454,1,2026-07-22T13:27:14.389020Z,4437,spawn,1019,297023,1,1044525,6553,Cleaning Robot,SimpleChar:798912C9,3,b35a279ea942ba91,3635.80518,40.984997,833.526001,3639.01855,40.876511,838.119812,2.828025,2
20260722-152454:m01238,20260722-152454,1,2026-07-22T13:27:17.217045Z,4579,spawn,1019,297023,1,1044525,6553,Cleaning Robot,SimpleChar:798912C9,3,017c257b74ae3f71,3638.2749,40.984997,837.024048,3639.52148,42.678089,841.124451,0,2
20260722-152454:m03755,20260722-152454,1,2026-07-22T13:53:02.085993Z,44466,spawn,1019,297023,1,1044525,6553,Cleaning Robot,SimpleChar:798912C9,4,86d3fd523f559bbb,3619.97925,39.268417,839.07782,3620.38892,40.86058,829.795898,0,2
20260722-152454:m04353,20260722-152454,1,2026-07-22T13:53:45.697173Z,45384,spawn,1019,297023,1,1044525,6553,Cleaning Robot,SimpleChar:798912C9,5,e181261ad429909c,3631.10474,40.984997,837.900269,3626.60474,40.876522,834.062866,0,2
20260722-152454:m04567,20260722-152454,1,2026-07-22T13:54:03.011457Z,45764,spawn,1019,297023,1,1044525,6553,Cleaning Robot,SimpleChar:798912C9,6,86d3fd523f559bbb,3620.00391,39.351708,838.883972,3620.38892,40.86058,829.795898,0,2
20260722-152454:m05106,20260722-152454,1,2026-07-22T13:54:45.996649Z,46708,spawn,1019,297023,1,1044525,6553,Cleaning Robot,SimpleChar:798912C9,7,e181261ad429909c,3631.24219,40.984997,838.064697,3626.60474,40.876522,834.062866,3.835168,2
20260722-152454:m05160,20260722-152454,1,2026-07-22T13:54:49.831817Z,46800,spawn,1019,297023,1,1044525,6553,Cleaning Robot,SimpleChar:798912C9,7,199f4b75c66ac154,3627.84912,40.984997,834.165405,3623.53735,40.690689,835.615723,0,2
20260722-152454:m05356,20260722-152454,1,2026-07-22T13:55:03.617652Z,47127,spawn,1019,297023,1,1044525,6553,Cleaning Robot,SimpleChar:798912C9,8,86d3fd523f559bbb,3619.99976,39.360649,838.863159,3620.38892,40.86058,829.795898,0,2
20260722-152454:m05854,20260722-152454,1,2026-07-22T13:55:46.825769Z,48034,spawn,1019,297023,1,1044525,6553,Cleaning Robot,SimpleChar:798912C9,9,e181261ad429909c,3631.2124,40.984997,837.994751,3626.60474,40.876522,834.062866,0,2
20260722-152454:m06621,20260722-152454,1,2026-07-22T13:56:47.528111Z,49128,spawn,1019,297023,1,1044525,6553,Cleaning Robot,SimpleChar:798912C9,11,e181261ad429909c,3631.12866,40.984997,837.950439,3626.60474,40.876522,834.062866,0,2
20260722-152454:m07190,20260722-152454,1,2026-07-22T13:58:31.557861Z,52055,spawn,1019,297023,1,1044525,6553,Cleaning Robot,SimpleChar:798912C9,13,6363701b7c08816a,3636.66357,40.984997,828.409973,3632.78101,40.876522,831.530701,0,2
20260722-152454:m07232,20260722-152454,1,2026-07-22T13:58:48.550988Z,52519,spawn,1019,297023,1,1044525,6553,Cleaning Robot,SimpleChar:798912C9,14,e181261ad429909c,3631.1084,40.984997,837.872864,3626.60474,40.876522,834.062866,0,2
20260722-152454:m07288,20260722-152454,1,2026-07-22T13:59:11.418425Z,53349,spawn,1019,297023,1,1044525,6553,Cleaning Robot,SimpleChar:798912C9,15,793168dd5e6e69ed,3620.33154,40.984997,831.249146,3623.6228,40.860813,826.366272,0,2
20260722-152454:m02007,20260722-152454,1,2026-07-22T13:29:56.942152Z,11078,spawn,25,17657,1,1044525,6553,Garbage Flea,SimpleChar:798913E1,1,bd9c07a94407a927,3523.94141,9.307218,955.703369,3537.52344,8.710001,950.715149,0,2
20260722-152454:m07160,20260722-152454,1,2026-07-22T13:58:15.144748Z,51613,spawn,25,17657,1,1044525,6553,Garbage Flea,SimpleChar:798913E1,4,d316df2a6318991b,3550.15381,9.739163,937.597717,3545.81934,9.453153,944.089355,4.084006,2
20260722-152454:m07171,20260722-152454,1,2026-07-22T13:58:19.228754Z,51690,spawn,25,17657,1,1044525,6553,Garbage Flea,SimpleChar:798913E1,4,818ca5dfbb834c52,3546.58057,9.341897,942.902344,3537.52344,8.710001,950.715149,0,2
20260722-152454:m02006,20260722-152454,1,2026-07-22T13:29:56.942152Z,11077,spawn,25,17657,2,1044525,6553,Garbage Flea,SimpleChar:79891452,1,c38f1d8f4d01e478,3513.03638,7.704756,930.814636,3520.65869,6.933264,927.031128,0,2
20260722-152454:m01886,20260722-152454,1,2026-07-22T13:28:11.121069Z,7044,spawn,25,17657,1,1044525,6553,Garbage Flea,SimpleChar:79891482,1,5ea39d37b39df754,3503.01416,5.110001,894.748657,3502.31763,5.110001,903.305664,0,2
20260722-152454:m00062,20260722-152454,1,2026-07-22T13:24:59.670090Z,119,spawn,1019,297023,1,1044525,6553,Cleaning Robot,SimpleChar:798914A2,1,353ccabb52abb491,3611.01392,28.784023,878.782898,3604.42554,26.351088,878.832947,0,2
20260722-152454:m00822,20260722-152454,1,2026-07-22T13:25:56.705955Z,2235,spawn,1019,297023,1,1044525,6553,Cleaning Robot,SimpleChar:798914A2,2,d7f27161c0dc4ff7,3606.54321,27.153002,876.977539,3613.78589,29.743073,875.488525,0,2
20260722-152454:m01230,20260722-152454,1,2026-07-22T13:27:16.175946Z,4540,spawn,1019,297023,1,1044525,6553,Cleaning Robot,SimpleChar:798914A2,3,a90cbd8c19482513,3612.49438,29.324161,875.68866,3621.67065,33.251778,877.428894,0,2
20260722-152454:m01884,20260722-152454,1,2026-07-22T13:28:10.672856Z,7002,spawn,1019,297023,1,1044525,6553,Cleaning Robot,SimpleChar:798914A2,4,e16cf65607129f39,3592.27759,22.532633,889.909973,3592.01685,24.795572,883.179443,0,2
20260722-152454:m01981,20260722-152454,1,2026-07-22T13:29:25.531637Z,10296,spawn,1019,297023,1,1044525,6553,Cleaning Robot,SimpleChar:798914A2,7,e16cf65607129f39,3592.29126,22.483906,890.043457,3592.01685,24.795572,883.179443,0,2
20260722-152454:m02026,20260722-152454,1,2026-07-22T13:30:18.328001Z,11796,spawn,1019,297023,1,1044525,6553,Cleaning Robot,SimpleChar:798914A2,8,f2a0dd8ba3409046,3589.44556,24.67449,884.042358,3589.26099,22.803989,889.752441,0,2
20260722-152454:m02229,20260722-152454,1,2026-07-22T13:32:46.145527Z,15755,spawn,1019,297023,1,1044525,6553,Cleaning Robot,SimpleChar:798914A2,9,43b09048588be670,3589.94189,25.584999,880.83429,3589.36377,24.033365,885.419739,2.37998,2
20260722-152454:m02233,20260722-152454,1,2026-07-22T13:32:48.525507Z,15867,spawn,1019,297023,1,1044525,6553,Cleaning Robot,SimpleChar:798914A2,9,f2a0dd8ba3409046,3589.47876,24.639666,884.137756,3589.26099,22.803989,889.752441,0,2
20260722-152454:m02306,20260722-152454,1,2026-07-22T13:33:54.057008Z,17978,spawn,1019,297023,1,1044525,6553,Cleaning Robot,SimpleChar:798914A2,10,c18ec1c0bfd94903,3598.78784,25.584999,875.992676,3592.93042,25.529728,876.567505,3.129771,2
20260722-152454:m02311,20260722-152454,1,2026-07-22T13:33:57.186779Z,18124,spawn,1019,297023,1,1044525,6553,Cleaning Robot,SimpleChar:798914A2,10,ebe9507bde9f581e,3594.22852,25.584999,876.404053,3590.44385,25.529846,879.865356,0,2
20260722-152454:m02405,20260722-152454,1,2026-07-22T13:35:08.874831Z,20487,spawn,1019,297023,1,1044525,6553,Cleaning Robot,SimpleChar:798914A2,11,c18ec1c0bfd94903,3598.79053,25.584999,875.994263,3592.93042,25.529728,876.567505,3.050315,2
20260722-152454:m02409,20260722-152454,1,2026-07-22T13:35:11.925146Z,20512,spawn,1019,297023,1,1044525,6553,Cleaning Robot,SimpleChar:798914A2,11,b17ec7fe41a9fc81,3594.26172,25.584999,876.399841,3590.44385,25.529846,879.865356,0,2
20260722-152454:m02501,20260722-152454,1,2026-07-22T13:36:27.778844Z,21732,spawn,1019,297023,1,1044525,6553,Cleaning Robot,SimpleChar:798914A2,12,b17ec7fe41a9fc81,3594.33643,25.584999,876.391663,3590.44385,25.529846,879.865356,0,2
20260722-152454:m02588,20260722-152454,1,2026-07-22T13:37:39.877402Z,22765,spawn,1019,297023,1,1044525,6553,Cleaning Robot,SimpleChar:798914A2,13,c18ec1c0bfd94903,3598.82715,25.584999,876.008362,3592.93042,25.529728,876.567505,3.02957,2
20260722-152454:m02593,20260722-152454,1,2026-07-22T13:37:42.906972Z,22805,spawn,1019,297023,1,1044525,6553,Cleaning Robot,SimpleChar:798914A2,13,b17ec7fe41a9fc81,3594.32202,25.584999,876.397278,3590.44385,25.529846,879.865356,0,2
20260722-152454:m07001,20260722-152454,1,2026-07-22T13:57:17.795341Z,50120,spawn,1019,297023,1,1044525,6553,Cleaning Robot,SimpleChar:798914A2,14,a90cbd8c19482513,3612.59253,29.359966,875.667053,3621.67065,33.251778,877.428894,0,2
20260722-152454:m07238,20260722-152454,1,2026-07-22T13:58:50.386957Z,52580,spawn,1019,297023,1,1044525,6553,Cleaning Robot,SimpleChar:798914A2,15,4af421ea829bf167,3605.76587,26.869408,878.819458,3600.63135,25.529739,876.698364,0,2
20260722-152454:m07248,20260722-152454,1,2026-07-22T13:58:55.335189Z,52874,spawn,1019,297023,1,1044525,6553,Cleaning Robot,SimpleChar:798914A2,16,c18ec1c0bfd94903,3598.82397,25.584999,876.009155,3592.93042,25.529728,876.567505,3.187471,2
20260722-152454:m07254,20260722-152454,1,2026-07-22T13:58:58.522660Z,52902,spawn,1019,297023,1,1044525,6553,Cleaning Robot,SimpleChar:798914A2,16,ebe9507bde9f581e,3594.0979,25.584999,876.424988,3590.44385,25.529846,879.865356,0,2
20260722-152454:m01890,20260722-152454,1,2026-07-22T13:28:13.344230Z,7254,spawn,25,17657,2,1044525,6553,Garbage Flea,SimpleChar:798914DF,1,6e5b350212676bd7,3559.75146,8.130765,915.577576,3552.79907,7.629861,921.401794,0,2
20260722-152454:m01924,20260722-152454,1,2026-07-22T13:28:42.002392Z,8077,spawn,25,17657,2,1044525,6553,Garbage Flea,SimpleChar:798914DF,3,3f9c93efc2798140,3557.46069,8.376332,916.9552,3567.58057,8.631208,912.799316,0,2
20260722-152454:m01976,20260722-152454,1,2026-07-22T13:29:23.027275Z,10140,spawn,25,17657,2,1044525,6553,Garbage Flea,SimpleChar:798914DF,5,3f9c93efc2798140,3557.49365,8.371553,916.924438,3567.58057,8.631208,912.799316,0,2
20260722-152454:m02008,20260722-152454,1,2026-07-22T13:29:58.982570Z,11135,spawn,25,17657,2,1044525,6553,Garbage Flea,SimpleChar:798914DF,6,d6f3252855f2cde4,3551.87256,7.490335,922.243591,3558.44434,8.229358,916.035767,0,2
20260722-152454:m02082,20260722-152454,1,2026-07-22T13:31:02.353733Z,12988,spawn,25,17657,2,1044525,6553,Garbage Flea,SimpleChar:798914DF,7,4b675411ee3480b3,3553.7251,7.861426,920.609741,3547.08862,7.951294,926.980652,0,2
20260722-152454:m02143,20260722-152454,1,2026-07-22T13:31:42.933158Z,13839,spawn,25,17657,2,1044525,6553,Garbage Flea,SimpleChar:798914DF,8,780944a9b155908b,3553.84155,7.896903,920.486084,3547.08862,7.951294,926.980652,0,2
20260722-152454:m02206,20260722-152454,1,2026-07-22T13:32:23.544858Z,14998,spawn,25,17657,2,1044525,6553,Garbage Flea,SimpleChar:798914DF,9,780944a9b155908b,3553.85889,7.902506,920.463379,3547.08862,7.951294,926.980652,0,2
20260722-152454:m02284,20260722-152454,1,2026-07-22T13:33:28.206796Z,17516,spawn,25,17657,2,1044525,6553,Garbage Flea,SimpleChar:798914DF,10,3f9c93efc2798140,3557.3501,8.39245,917.059509,3567.58057,8.631208,912.799316,0,2
20260722-152454:m02307,20260722-152454,1,2026-07-22T13:33:55.185634Z,18036,spawn,25,17657,2,1044525,6553,Garbage Flea,SimpleChar:798914DF,11,7aaf7afbd8ef870b,3542.67163,8.662219,929.419373,3547.08862,7.951294,926.980652,0,2
20260722-152454:m02385,20260722-152454,1,2026-07-22T13:34:49.811715Z,20327,spawn,25,17657,2,1044525,6553,Garbage Flea,SimpleChar:798914DF,13,3f9c93efc2798140,3557.42285,8.381807,916.990356,3567.58057,8.631208,912.799316,0,2
20260722-152454:m02435,20260722-152454,1,2026-07-22T13:35:30.934615Z,20677,spawn,25,17657,2,1044525,6553,Garbage Flea,SimpleChar:798914DF,14,3f9c93efc2798140,3557.51025,8.36915,916.908997,3567.58057,8.631208,912.799316,0,2
20260722-152454:m02482,20260722-152454,1,2026-07-22T13:36:11.957280Z,21532,spawn,25,17657,2,1044525,6553,Garbage Flea,SimpleChar:798914DF,15,3f9c93efc2798140,3557.46753,8.37532,916.948547,3567.58057,8.631208,912.799316,0,2
20260722-152454:m02537,20260722-152454,1,2026-07-22T13:36:52.769301Z,22076,spawn,25,17657,2,1044525,6553,Garbage Flea,SimpleChar:798914DF,16,3f9c93efc2798140,3557.42578,8.381317,916.986755,3567.58057,8.631208,912.799316,0,2
20260722-152454:m02581,20260722-152454,1,2026-07-22T13:37:33.865999Z,22673,spawn,25,17657,2,1044525,6553,Garbage Flea,SimpleChar:798914DF,17,3f9c93efc2798140,3557.41821,8.382484,916.994751,3567.58057,8.631208,912.799316,0,2
20260722-152454:m02637,20260722-152454,1,2026-07-22T13:38:15.078209Z,23305,spawn,25,17657,2,1044525,6553,Garbage Flea,SimpleChar:798914DF,18,3f9c93efc2798140,3557.58203,8.358699,916.841431,3567.58057,8.631208,912.799316,0,2
20260722-152454:m02689,20260722-152454,1,2026-07-22T13:38:55.557477Z,24051,spawn,25,17657,2,1044525,6553,Garbage Flea,SimpleChar:798914DF,19,3f9c93efc2798140,3557.52588,8.366816,916.893494,3567.58057,8.631208,912.799316,0,2
20260722-152454:m00048,20260722-152454,1,2026-07-22T13:24:58.508449Z,95,spawn,1019,297023,1,1044525,6553,Malfunctioning Cleaning Robot,SimpleChar:798914EB,1,f482fab43428546d,3598.68604,51.744999,788.191589,3598.8042,52.5,787.227234,0.239618,2
20260722-152454:m00051,20260722-152454,1,2026-07-22T13:24:58.748067Z,99,spawn,1019,297023,1,1044525,6553,Malfunctioning Cleaning Robot,SimpleChar:798914EB,1,f482fab43428546d,3598.68604,51.744999,788.191589,3598.75708,52.5,787.175903,0.24062,2
20260722-152454:m00054,20260722-152454,1,2026-07-22T13:24:58.988687Z,102,spawn,1019,297023,1,1044525,6553,Malfunctioning Cleaning Robot,SimpleChar:798914EB,1,0eaa95bc4f34153e,3598.6875,51.744999,788.168274,3599.03589,52.5,787.297852,0.199611,2
20260722-152454:m00057,20260722-152454,1,2026-07-22T13:24:59.188298Z,106,spawn,1019,297023,1,1044525,6553,Malfunctioning Cleaning Robot,SimpleChar:798914EB,1,9aabf67ed99b9b54,3598.6875,51.744999,788.168274,3599.27759,52.5,787.113708,0.481792,2
20260722-152454:m00063,20260722-152454,1,2026-07-22T13:24:59.670090Z,120,spawn,1019,297023,1,1044525,6553,Malfunctioning Cleaning Robot,SimpleChar:798914EB,1,ab88b37993c5d581,3598.79272,51.744999,787.980225,3598.70313,52.5,787.043335,0.200598,2
20260722-152454:m00066,20260722-152454,1,2026-07-22T13:24:59.870688Z,123,spawn,1019,297023,1,1044525,6553,Malfunctioning Cleaning Robot,SimpleChar:798914EB,1,df3a91a8651e04b6,3598.79272,51.744999,787.980225,3598.77686,52.5,787.200562,0.423217,2
20260722-152454:m00069,20260722-152454,1,2026-07-22T13:25:00.293905Z,131,spawn,1019,297023,1,1044525,6553,Malfunctioning Cleaning Robot,SimpleChar:798914EB,1,ab88b37993c5d581,3598.79272,51.744999,787.980225,3598.70264,52.5,787.039246,0.280145,2
20260722-152454:m00072,20260722-152454,1,2026-07-22T13:25:00.574050Z,141,spawn,1019,297023,1,1044525,6553,Malfunctioning Cleaning Robot,SimpleChar:798914EB,1,df3a91a8651e04b6,3598.79272,51.744999,787.980225,3598.76001,52.5,787.180176,0,2
20260722-152454:m00075,20260722-152454,1,2026-07-22T13:25:00.574050Z,145,spawn,1019,297023,1,1044525,6553,Malfunctioning Cleaning Robot,SimpleChar:798914EB,1,df3a91a8651e04b6,3598.79272,51.744999,787.980225,3598.78638,52.5,787.210754,0,2
20260722-152454:m01223,20260722-152454,1,2026-07-22T13:27:15.619645Z,4502,spawn,1019,297023,1,1044525,6553,Malfunctioning Cleaning Robot,SimpleChar:798914F1,2,0721f51ea82199c9,3608.0332,53.244999,801.701843,3621.17017,52.5,784.24707,0,2
20260722-152454:m01883,20260722-152454,1,2026-07-22T13:28:08.710863Z,6933,spawn,25,17657,1,1044525,6553,Garbage Flea,SimpleChar:798914F3,1,918332247ca87790,3554.21191,8.057898,901.053345,3555.29614,8.110001,906.510925,2.841421,2
20260722-152454:m01887,20260722-152454,1,2026-07-22T13:28:11.552284Z,7080,spawn,25,17657,1,1044525,6553,Garbage Flea,SimpleChar:798914F3,1,a57c12eaa31b749c,3555.10498,8.110001,905.127258,3555.50098,8.035147,910.299805,0,2
20260722-152454:m01958,20260722-152454,1,2026-07-22T13:29:07.744248Z,9073,spawn,25,17657,1,1044525,6553,Garbage Flea,SimpleChar:798914F3,2,3618ea08984d8816,3555.19434,8.110001,905.316772,3555.50098,8.035147,910.299805,2.180686,2
20260722-152454:m01961,20260722-152454,1,2026-07-22T13:29:09.924934Z,9192,spawn,25,17657,1,1044525,6553,Garbage Flea,SimpleChar:798914F3,2,5b23dc3c05dab031,3555.41919,8.028885,908.930298,3555.29614,8.110001,906.510925,1.697384,2
20260722-152454:m01965,20260722-152454,1,2026-07-22T13:29:11.622318Z,9440,spawn,25,17657,1,1044525,6553,Garbage Flea,SimpleChar:798914F3,2,0e1921d0c6831502,3555.37085,8.072382,907.912476,3555.49976,8.110001,901.772339,0,2
20260722-152454:m07189,20260722-152454,1,2026-07-22T13:58:31.335665Z,52046,spawn,25,17657,1,1044525,6553,Garbage Flea,SimpleChar:798914F3,4,5efd0aec2f4189d5,3551.5188,7.303823,886.864197,3549.66699,6.231045,885.653076,1.515529,2
20260722-152454:m07193,20260722-152454,1,2026-07-22T13:58:32.851194Z,52074,spawn,25,17657,1,1044525,6553,Garbage Flea,SimpleChar:798914F3,4,35f8db96c220795f,3550.93579,6.943179,886.390808,3545.22632,7.250183,888.214722,0,2
20260722-152454:m01888,20260722-152454,1,2026-07-22T13:28:11.979513Z,7100,spawn,25,17657,1,1044525,6553,Garbage Flea,SimpleChar:79891502,1,5fb4d4cefe00ec4b,3530.29077,5.110001,895.818237,3531.11914,5.410458,901.882385,0,2
20260722-152454:m01957,20260722-152454,1,2026-07-22T13:29:07.067335Z,9045,spawn,25,17657,1,1044525,6553,Garbage Flea,SimpleChar:79891502,2,48ee15035d6c15f4,3529.86011,5.110001,891.838013,3523.15503,5.110001,888.183289,4.128733,2
20260722-152454:m01964,20260722-152454,1,2026-07-22T13:29:11.196068Z,9237,spawn,25,17657,1,1044525,6553,Garbage Flea,SimpleChar:79891502,2,da6e302447d9ebb0,3524.27271,5.110001,888.728516,3518.65234,5.110001,890.214111,0,2
20260722-152454:m01308,20260722-152454,1,2026-07-22T13:27:22.765050Z,5072,spawn,1019,297023,1,1044525,6553,Malfunctioning Cleaning Robot,SimpleChar:7989150A,2,e432157bed51e514,3620.49585,51.744999,784.909119,3620.81323,52.5,784.23468,0.0005,2
20260722-152454:m01311,20260722-152454,1,2026-07-22T13:27:22.765550Z,5076,spawn,1019,297023,1,1044525,6553,Malfunctioning Cleaning Robot,SimpleChar:7989150A,2,6362d488a88ec42b,3620.49585,51.744999,784.909119,3621.1123,52.5,784.278137,0.464241,2
20260722-152454:m01315,20260722-152454,1,2026-07-22T13:27:23.229791Z,5086,spawn,1019,297023,1,1044525,6553,Malfunctioning Cleaning Robot,SimpleChar:7989150A,2,6362d488a88ec42b,3620.49585,51.744999,784.909119,3620.90112,52.5,784.283264,0.0005,2
20260722-152454:m01319,20260722-152454,1,2026-07-22T13:27:23.230291Z,5091,spawn,1019,297023,1,1044525,6553,Malfunctioning Cleaning Robot,SimpleChar:7989150A,2,e432157bed51e514,3620.49585,51.744999,784.909119,3620.79199,52.5,784.216248,0.347176,2
20260722-152454:m01322,20260722-152454,1,2026-07-22T13:27:23.577467Z,5121,spawn,1019,297023,1,1044525,6553,Malfunctioning Cleaning Robot,SimpleChar:7989150A,2,6362d488a88ec42b,3620.49585,51.744999,784.909119,3620.9751,52.5,784.29895,0.199613,2
20260722-152454:m01325,20260722-152454,1,2026-07-22T13:27:23.777080Z,5131,spawn,1019,297023,1,1044525,6553,Malfunctioning Cleaning Robot,SimpleChar:7989150A,2,e432157bed51e514,3620.49585,51.744999,784.909119,3620.83179,52.5,784.248474,0.304213,2
20260722-152454:m01328,20260722-152454,1,2026-07-22T13:27:24.081293Z,5142,spawn,1019,297023,1,1044525,6553,Malfunctioning Cleaning Robot,SimpleChar:7989150A,2,6362d488a88ec42b,3620.49585,51.744999,784.909119,3621.05005,52.5,784.295776,0.255659,2
20260722-152454:m01331,20260722-152454,1,2026-07-22T13:27:24.336952Z,5152,spawn,1019,297023,1,1044525,6553,Malfunctioning Cleaning Robot,SimpleChar:7989150A,2,e432157bed51e514,3620.49585,51.744999,784.909119,3620.81714,52.5,784.237793,0,2
20260722-152454:m01334,20260722-152454,1,2026-07-22T13:27:24.336952Z,5155,spawn,1019,297023,1,1044525,6553,Malfunctioning Cleaning Robot,SimpleChar:7989150A,2,e432157bed51e514,3620.49585,51.744999,784.909119,3620.79272,52.5,784.216858,0.247636,2
20260722-152454:m01338,20260722-152454,1,2026-07-22T13:27:24.584588Z,5174,spawn,1019,297023,1,1044525,6553,Malfunctioning Cleaning Robot,SimpleChar:7989150A,2,6362d488a88ec42b,3620.49585,51.744999,784.909119,3620.86304,52.5,784.266907,0.191612,2
20260722-152454:m01342,20260722-152454,1,2026-07-22T13:27:24.776200Z,5184,spawn,1019,297023,1,1044525,6553,Malfunctioning Cleaning Robot,SimpleChar:7989150A,2,e432157bed51e514,3620.49585,51.744999,784.909119,3621.24243,52.5,784.176819,2.487228,2
20260722-152454:m01371,20260722-152454,1,2026-07-22T13:27:27.263428Z,5294,spawn,1019,297023,1,1044525,6553,Malfunctioning Cleaning Robot,SimpleChar:7989150A,2,ae0b4b20a5f412e9,3620.53394,51.744999,784.871826,3612.19189,52.5,787.769348,0,2
20260722-152454:m01372,20260722-152454,1,2026-07-22T13:27:27.263930Z,5295,spawn,1019,297023,1,1044525,6553,Malfunctioning Cleaning Robot,SimpleChar:79891510,2,9da9be1723298979,3595.01025,51.744999,799.210571,3593.95313,52.5,799.703674,0,2
20260722-152454:m01244,20260722-152454,1,2026-07-22T13:27:17.613844Z,4608,spawn,1019,297023,1,1044525,6553,Malfunctioning Cleaning Robot,SimpleChar:79891511,1,305f73ed778fbed3,3606.61646,51.744999,801.312256,3602.27026,52.5,788.130371,0,2
20260722-152454:m01361,20260722-152454,1,2026-07-22T13:27:26.523902Z,5280,spawn,1019,297023,1,1044525,6553,Malfunctioning Cleaning Robot,SimpleChar:79891511,2,0906000d11a9794a,3602.56909,52.134998,789.036316,3602.20605,52.5,788.21814,0.28022,2
20260722-152454:m01364,20260722-152454,1,2026-07-22T13:27:26.804122Z,5285,spawn,1019,297023,1,1044525,6553,Malfunctioning Cleaning Robot,SimpleChar:79891511,2,7bb8342dede190ec,3602.56909,52.134998,789.036316,3602.03662,52.5,788.297729,0.209606,2
20260722-152454:m01367,20260722-152454,1,2026-07-22T13:27:27.013728Z,5288,spawn,1019,297023,1,1044525,6553,Malfunctioning Cleaning Robot,SimpleChar:79891511,2,7bb8342dede190ec,3602.56909,52.134998,789.036316,3601.86328,52.5,788.26709,0.2497,2
20260722-152454:m01370,20260722-152454,1,2026-07-22T13:27:27.263428Z,5293,spawn,1019,297023,1,1044525,6553,Malfunctioning Cleaning Robot,SimpleChar:79891511,2,5b5e81594dd4a716,3602.53931,52.134998,789.003906,3602.29468,52.5,787.943115,0,2
20260722-152454:m01706,20260722-152454,1,2026-07-22T13:27:50.551455Z,5966,spawn,1019,297023,1,1044525,6553,Malfunctioning Cleaning Robot,SimpleChar:79891515,1,6dca51a398d7f5bf,3608.82642,51.744999,796.194885,3602.15479,52.5,788.256958,0,2
20260722-152454:m01946,20260722-152454,1,2026-07-22T13:28:58.015295Z,8663,spawn,25,17657,6,1044525,6553,Garbage Flea,SimpleChar:7989151E,1,4b277f617ad379b5,3449.55322,0.01,812.68219,3450.31641,0.873832,817.162231,2.344662,2
20260722-152454:m01950,20260722-152454,1,2026-07-22T13:29:00.359957Z,8730,spawn,25,17657,6,1044525,6553,Garbage Flea,SimpleChar:7989151E,1,cd8d5bb5634e727f,3450.07104,0.01,815.723328,3451.69238,0.484349,812.295288,0,2
20260722-152454:m01978,20260722-152454,1,2026-07-22T13:29:23.027275Z,10142,spawn,25,17657,6,1044525,6553,Garbage Flea,SimpleChar:7989151E,2,491ac9cdf8c546f2,3448.80713,0.01,831.585022,3450.31641,0.873832,817.162231,0,2
20260722-152454:m01977,20260722-152454,1,2026-07-22T13:29:23.027275Z,10141,spawn,25,17657,5,1044525,6553,Garbage Flea,SimpleChar:79891523,1,3c3380cb71ac9389,3451.3645,0.01,863.111023,3451.15186,0.892165,857.847046,0,2
20260722-152454:m02149,20260722-152454,1,2026-07-22T13:31:48.206435Z,14110,spawn,25,17657,5,1044525,6553,Garbage Flea,SimpleChar:79891523,2,a68c21551f3798a8,3451.64722,0.01,863.565308,3450.42603,0.892165,862.10498,0.761875,2
20260722-152454:m02152,20260722-152454,1,2026-07-22T13:31:48.968310Z,14123,spawn,25,17657,5,1044525,6553,Garbage Flea,SimpleChar:79891523,2,b38c077758d06bc5,3451.23584,0.01,863.317078,3451.15186,0.892165,857.847046,0,2
20260722-152454:m02326,20260722-152454,1,2026-07-22T13:34:07.929958Z,18794,spawn,25,17657,5,1044525,6553,Garbage Flea,SimpleChar:79891523,3,17e6695148aa5b4d,3454.22021,0.01,843.221313,3452.00659,1.284509,864.994385,0,2
20260722-152454:m02103,20260722-152454,1,2026-07-22T13:31:19.404276Z,13219,spawn,25,17657,6,1044525,6553,Garbage Flea,SimpleChar:79891526,3,040880335ff56233,3453.25513,0.01,884.723999,3450.05835,0.636057,889.84906,0,2
20260722-152454:m02150,20260722-152454,1,2026-07-22T13:31:48.657138Z,14118,spawn,25,17657,6,1044525,6553,Garbage Flea,SimpleChar:79891526,4,85fde30ee5037a15,3453.25049,0.01,884.825073,3450.05835,0.636057,889.84906,0,2
20260722-152454:m02198,20260722-152454,1,2026-07-22T13:32:19.059379Z,14905,spawn,25,17657,6,1044525,6553,Garbage Flea,SimpleChar:79891526,5,85fde30ee5037a15,3453.2522,0.01,884.809326,3450.05835,0.636057,889.84906,0,2
20260722-152454:m02325,20260722-152454,1,2026-07-22T13:34:07.404677Z,18779,spawn,25,17657,6,1044525,6553,Garbage Flea,SimpleChar:79891526,6,846867fa2b314dfe,3453.61035,0.01,875.211182,3453.51245,0.636055,879.729492,3.246905,2
20260722-152454:m02331,20260722-152454,1,2026-07-22T13:34:10.651582Z,19000,spawn,25,17657,6,1044525,6553,Garbage Flea,SimpleChar:79891526,6,837b1d9cc718aee1,3453.5542,0.01,878.439636,3453.19116,0.636056,886.086365,0,2
20260722-152454:m02074,20260722-152454,1,2026-07-22T13:30:56.320328Z,12890,spawn,25,17657,2,1044525,6553,Garbage Flea,SimpleChar:79891534,1,817b4615fa0753a1,3502.0813,5.165853,904.716431,3503.10352,5.110001,896.018494,0,2
20260722-152454:m02250,20260722-152454,1,2026-07-22T13:33:02.415799Z,16329,spawn,25,17657,1,1044525,6553,Garbage Flea,SimpleChar:79891542,1,41c671c5fc54e784,3555.34814,5.110001,874.950195,3552.54932,5.110001,868.246155,0,2
20260722-152454:m02351,20260722-152454,1,2026-07-22T13:34:24.209129Z,19429,spawn,25,17657,1,1044525,6553,Garbage Flea,SimpleChar:79891542,2,6ace3d903ac37bdd,3558.53223,5.110001,865.435242,3552.54932,5.110001,868.246155,3.462059,2
20260722-152454:m02359,20260722-152454,1,2026-07-22T13:34:27.671188Z,19568,spawn,25,17657,1,1044525,6553,Garbage Flea,SimpleChar:79891542,2,109d23f9ca7a9f27,3553.5979,5.110001,867.735718,3554.36035,5.110001,874.144592,0,2
20260722-152454:m02704,20260722-152454,1,2026-07-22T13:39:07.069736Z,24232,spawn,25,17657,1,1044525,6553,Garbage Flea,SimpleChar:79891542,3,6ace3d903ac37bdd,3558.55469,5.110001,865.42218,3552.54932,5.110001,868.246155,3.300463,2
20260722-152454:m02708,20260722-152454,1,2026-07-22T13:39:10.370199Z,24306,spawn,25,17657,1,1044525,6553,Garbage Flea,SimpleChar:79891542,3,109d23f9ca7a9f27,3553.67822,5.110001,867.696838,3554.36035,5.110001,874.144592,0,2
20260722-152454:m02755,20260722-152454,1,2026-07-22T13:39:38.533127Z,24867,spawn,25,17657,1,1044525,6553,Garbage Flea,SimpleChar:79891542,4,6ace3d903ac37bdd,3558.49536,5.110001,865.457581,3552.54932,5.110001,868.246155,3.255927,2
20260722-152454:m02767,20260722-152454,1,2026-07-22T13:39:41.789054Z,24930,spawn,25,17657,1,1044525,6553,Garbage Flea,SimpleChar:79891542,4,afae82b77f2473b6,3553.89209,5.110001,867.593262,3554.36035,5.110001,874.144592,0,2
20260722-152454:m02824,20260722-152454,1,2026-07-22T13:40:09.778018Z,25463,spawn,25,17657,1,1044525,6553,Garbage Flea,SimpleChar:79891542,5,6ace3d903ac37bdd,3558.46411,5.110001,865.450012,3552.54932,5.110001,868.246155,3.685424,2
20260722-152454:m02829,20260722-152454,1,2026-07-22T13:40:13.463442Z,25592,spawn,25,17657,1,1044525,6553,Garbage Flea,SimpleChar:79891542,5,109d23f9ca7a9f27,3553.69019,5.110001,867.687134,3554.36035,5.110001,874.144592,0,2
20260722-152454:m07008,20260722-152454,1,2026-07-22T13:57:18.407058Z,50181,spawn,25,17657,1,1044525,6553,Garbage Flea,SimpleChar:79891542,6,6d44dea0df9fe0b4,3560.69751,5.110001,865.560303,3565.6394,5.499601,862.281555,3.063751,2
20260722-152454:m07041,20260722-152454,1,2026-07-22T13:57:21.470809Z,50314,spawn,25,17657,1,1044525,6553,Garbage Flea,SimpleChar:79891542,6,727a9b5add98ee0b,3564.43359,5.110001,863.118469,3561.94482,5.110001,865.349792,0,2
20260722-152454:m07112,20260722-152454,1,2026-07-22T13:57:49.615313Z,50902,spawn,25,17657,1,1044525,6553,Garbage Flea,SimpleChar:79891542,7,6d44dea0df9fe0b4,3560.52295,5.110001,865.577576,3565.6394,5.499601,862.281555,3.53279,2
20260722-152454:m07117,20260722-152454,1,2026-07-22T13:57:53.148103Z,50963,spawn,25,17657,1,1044525,6553,Garbage Flea,SimpleChar:79891542,7,727a9b5add98ee0b,3564.58618,5.110001,862.994873,3561.94482,5.110001,865.349792,0,2
20260722-152454:m07159,20260722-152454,1,2026-07-22T13:58:15.144748Z,51612,spawn,25,17657,1,1044525,6553,Garbage Flea,SimpleChar:79891542,8,8b1c835add90dd33,3552.979,5.110001,869.322083,3557.20972,5.110001,865.676331,2.850332,2
20260722-152454:m07165,20260722-152454,1,2026-07-22T13:58:17.995080Z,51667,spawn,25,17657,1,1044525,6553,Garbage Flea,SimpleChar:79891542,8,05338394595b41e2,3556.11597,5.110001,866.460449,3561.94482,5.110001,865.349792,0,2
20260722-152454:m07194,20260722-152454,1,2026-07-22T13:58:33.264837Z,52094,spawn,25,17657,1,1044525,6553,Garbage Flea,SimpleChar:79891542,9,afae82b77f2473b6,3553.79297,5.110001,867.649902,3554.36035,5.110001,874.144592,0,2
20260722-152454:m07356,20260722-152454,1,2026-07-22T13:59:32.462707Z,53914,spawn,25,17657,1,1044525,6553,Garbage Flea,SimpleChar:79891542,10,6ace3d903ac37bdd,3558.55518,5.110001,865.431641,3552.54932,5.110001,868.246155,0,2
20260722-152454:m02393,20260722-152454,1,2026-07-22T13:34:56.244656Z,20382,spawn,25,17657,2,1044525,6553,Garbage Flea,SimpleChar:7989156D,1,817b4615fa0753a1,3502.13721,5.161902,904.663757,3503.10352,5.110001,896.018494,0,2
20260722-152454:m07209,20260722-152454,1,2026-07-22T13:58:40.302299Z,52278,spawn,25,17657,2,1044525,6553,Garbage Flea,SimpleChar:7989156D,2,ee9594c59d925b25,3502.04956,5.168411,904.750549,3503.10352,5.110001,896.018494,0,2
20260722-152454:m07246,20260722-152454,1,2026-07-22T13:58:53.654425Z,52819,spawn,25,17657,2,1044525,6553,Garbage Flea,SimpleChar:7989156D,3,5ea39d37b39df754,3503.00244,5.110001,894.560913,3502.31763,5.110001,903.305664,0,2
20260722-152454:m07293,20260722-152454,1,2026-07-22T13:59:13.873428Z,53507,spawn,25,17657,2,1044525,6553,Garbage Flea,SimpleChar:7989156D,4,d0b7a926a7f91dea,3502.70801,5.110001,890.671692,3503.10352,5.110001,896.018494,3.568684,2
20260722-152454:m07304,20260722-152454,1,2026-07-22T13:59:17.442112Z,53549,spawn,25,17657,2,1044525,6553,Garbage Flea,SimpleChar:7989156D,4,5ea39d37b39df754,3503.01343,5.110001,894.742065,3502.31763,5.110001,903.305664,0,2
20260722-152454:m08385,20260722-152454,1,2026-07-22T14:12:54.665482Z,72315,spawn,25,17657,2,1044525,6553,Garbage Flea,SimpleChar:7989156D,6,cb4cb54d634f36a1,3501.65601,5.287924,906.827698,3502.31763,5.110001,903.305664,2.326256,2
20260722-152454:m08389,20260722-152454,1,2026-07-22T14:12:56.991738Z,72398,spawn,25,17657,2,1044525,6553,Garbage Flea,SimpleChar:7989156D,6,817b4615fa0753a1,3502.06519,5.162804,904.675781,3503.10352,5.110001,896.018494,0,2
20260722-152454:m08813,20260722-152454,1,2026-07-22T14:16:43.508468Z,76518,spawn,25,17657,2,1044525,6553,Garbage Flea,SimpleChar:7989156D,7,7227f35d6f4efde4,3503.01807,5.110001,894.792236,3502.31763,5.110001,903.305664,0,2
20260722-152454:m09114,20260722-152454,1,2026-07-22T14:19:05.399326Z,81024,spawn,25,17657,2,1044525,6553,Garbage Flea,SimpleChar:7989156D,8,5ea39d37b39df754,3503.00513,5.110001,894.610229,3502.31763,5.110001,903.305664,0,2
20260722-152454:m09272,20260722-152454,1,2026-07-22T14:19:48.759969Z,82708,spawn,25,17657,2,1044525,6553,Garbage Flea,SimpleChar:7989156D,9,d0b7a926a7f91dea,3502.69287,5.110001,890.608398,3503.10352,5.110001,896.018494,0,2
20260722-152454:m08998,20260722-152454,1,2026-07-22T14:18:16.205649Z,79109,spawn,25,17657,7,1044525,6553,Mutated Garbage Flea,SimpleChar:79891578,5,5e662181423008ac,3423.19678,0.01,874.223267,3425.43091,0.51,863.692627,1.924527,2
20260722-152454:m09008,20260722-152454,1,2026-07-22T14:18:18.130176Z,79147,spawn,25,17657,7,1044525,6553,Mutated Garbage Flea,SimpleChar:79891578,5,83f69cd1960cc113,3424.91333,0.01,866.135132,3422.21753,0.51,855.070435,0,2
20260722-152454:m02681,20260722-152454,1,2026-07-22T13:38:51.957994Z,23984,spawn,25,17657,5,1044525,6553,Garbage Flea,SimpleChar:79891583,1,ce13699b8ffe6b52,3451.14111,0.01,863.220947,3451.15186,0.892165,857.847046,2.810512,2
20260722-152454:m02688,20260722-152454,1,2026-07-22T13:38:54.768506Z,24038,spawn,25,17657,5,1044525,6553,Garbage Flea,SimpleChar:79891583,1,595b26a0c94a43b9,3451.10205,0.01,859.279968,3451.56519,0.892165,852.259827,0,2
20260722-152454:m02683,20260722-152454,1,2026-07-22T13:38:53.218695Z,24009,spawn,25,17657,5,1044525,6553,Garbage Flea,SimpleChar:7989158A,1,ef7ea2f4caa7210d,3448.78491,2.023588,893.551025,3453.75146,1.025606,873.921082,0,2
20260722-152454:m03131,20260722-152454,1,2026-07-22T13:42:31.038649Z,29349,spawn,25,17657,5,1044525,6553,Garbage Flea,SimpleChar:7989158A,2,846867fa2b314dfe,3453.61597,0.01,875.163635,3453.51245,0.636055,879.729492,0,2
20260722-152454:m02775,20260722-152454,1,2026-07-22T13:39:45.031306Z,25003,spawn,25,17657,5,1044525,6553,Garbage Flea,SimpleChar:79891592,1,bb08c1d846fd4de6,3447.09595,0.01,806.140198,3449.11646,0.132882,802.361572,0,2
20260722-152454:m02890,20260722-152454,1,2026-07-22T13:40:40.953861Z,26574,spawn,25,17657,5,1044525,6553,Garbage Flea,SimpleChar:79891592,2,69cd3a2a742bf2b5,3423.93018,0.01,854.608765,3424.01343,0.01,863.072021,4.700378,2
20260722-152454:m02895,20260722-152454,1,2026-07-22T13:40:45.654239Z,26663,spawn,25,17657,5,1044525,6553,Garbage Flea,SimpleChar:79891592,2,5c0cf6bf5284003b,3424.00146,0.01,861.690002,3422.72876,0.01,875.664856,0,2
20260722-152454:m02739,20260722-152454,1,2026-07-22T13:39:28.632100Z,24630,spawn,97,96195,10,1044525,6553,Pacify,SimpleChar:798915A1,1,97a89e6b3f7ce241,3456.95996,9.145,825.152466,3452.62109,9.645,824.459229,0,2
20260722-152454:m02827,20260722-152454,1,2026-07-22T13:40:12.680932Z,25530,spawn,25,17657,2,1044525,6553,Garbage Flea,SimpleChar:798915AA,1,8cd85d023afb61df,3531.23364,5.863186,903.236938,3530.66382,5.110001,897.269409,0,2
20260722-152454:m07154,20260722-152454,1,2026-07-22T13:58:13.599341Z,51531,spawn,25,17657,2,1044525,6553,Garbage Flea,SimpleChar:798915AA,4,2d6146c8df72a8bd,3524.28857,5.110001,888.783813,3518.65234,5.110001,890.214111,0,2
20260722-152454:m07169,20260722-152454,1,2026-07-22T13:58:19.019165Z,51685,spawn,25,17657,2,1044525,6553,Garbage Flea,SimpleChar:798915AA,5,ab549a0173fce210,3521.91943,5.110001,888.758301,3529.69067,5.110001,890.653748,0,2
20260722-152454:m07186,20260722-152454,1,2026-07-22T13:58:30.721818Z,52040,spawn,25,17657,2,1044525,6553,Garbage Flea,SimpleChar:798915AA,6,a13507e846241c30,3530.94116,5.110001,900.520813,3532.34473,8.035364,907.604248,4.496483,2
20260722-152454:m07197,20260722-152454,1,2026-07-22T13:58:35.218301Z,52144,spawn,25,17657,2,1044525,6553,Garbage Flea,SimpleChar:798915AA,6,a5bc1e2cd3e5d4bd,3531.87524,6.825634,906.404663,3531.11914,5.410458,901.882385,0,2
20260722-152454:m09115,20260722-152454,1,2026-07-22T14:19:05.399326Z,81025,spawn,25,17657,2,1044525,6553,Garbage Flea,SimpleChar:798915AA,8,b61855d3552f8c89,3519.88818,5.110001,889.839172,3523.15503,5.110001,888.183289,0,2
20260722-152454:m02868,20260722-152454,1,2026-07-22T13:40:31.878769Z,26291,spawn,25,17657,1,1044525,6553,Garbage Flea,SimpleChar:798915AB,1,de6dd87d90b2b8b5,3508.70923,7.827771,925.98877,3496.71289,8.238751,924.501892,0,2
20260722-152454:m02943,20260722-152454,1,2026-07-22T13:41:13.637954Z,27160,spawn,25,17657,1,1044525,6553,Garbage Flea,SimpleChar:798915AB,2,49d4a6580cd84dbe,3515.14355,8.031631,930.931702,3507.80005,8.336768,924.962708,0,2
20260722-152454:m08434,20260722-152454,1,2026-07-22T14:13:11.085949Z,72927,spawn,25,17657,1,1044525,6553,Garbage Flea,SimpleChar:798915AB,3,49d4a6580cd84dbe,3515.21265,8.037875,930.935242,3507.80005,8.336768,924.962708,0,2
20260722-152454:m09289,20260722-152454,1,2026-07-22T14:19:53.841510Z,82919,spawn,25,17657,1,1044525,6553,Garbage Flea,SimpleChar:798915AB,4,987467d502ba7fde,3506.39526,8.577735,924.910034,3513.91138,8.024651,931.679749,0,2
20260722-152454:m09336,20260722-152454,1,2026-07-22T14:20:22.008419Z,83272,spawn,25,17657,1,1044525,6553,Garbage Flea,SimpleChar:798915AB,5,49d4a6580cd84dbe,3515.06641,8.051165,931.018188,3507.80005,8.336768,924.962708,0,2
20260722-152454:m09411,20260722-152454,1,2026-07-22T14:21:09.860474Z,83645,spawn,25,17657,1,1044525,6553,Garbage Flea,SimpleChar:798915AB,6,49d4a6580cd84dbe,3515.18237,8.040164,930.950439,3507.80005,8.336768,924.962708,0,2
20260722-152454:m09486,20260722-152454,1,2026-07-22T14:21:58.136608Z,83873,spawn,25,17657,1,1044525,6553,Garbage Flea,SimpleChar:798915AB,7,49d4a6580cd84dbe,3515.05981,8.038168,930.974426,3507.80005,8.336768,924.962708,0,2
20260722-152454:m07115,20260722-152454,1,2026-07-22T13:57:51.377219Z,50933,spawn,97,96195,1,1044525,6553,Anger Manifestation,SimpleChar:798915B3,2,e5546dba8572676f,3631.14746,47.472752,801.81543,3629.92041,42.816788,815.441345,3.401841,2
20260722-152454:m07121,20260722-152454,1,2026-07-22T13:57:54.779060Z,51002,spawn,97,96195,1,1044525,6553,Anger Manifestation,SimpleChar:798915B3,2,f17dd93bd6c18f86,3630.69653,41.395328,818.46698,3624.54199,42.46228,831.226074,0,2
20260722-152454:m02917,20260722-152454,1,2026-07-22T13:40:57.164953Z,26881,spawn,95,96056,2,1044525,6553,Bureaucrat Worker,SimpleChar:798915B6,1,2760a203257f0d4d,3477.07471,6.185631,902.925049,3472.80835,7.989186,903.409424,0,2
20260722-152454:m02960,20260722-152454,1,2026-07-22T13:41:22.300340Z,27318,spawn,95,17649,1,1044525,6553,Engineer Automaton I,SimpleChar:798915BE,1,683aa1c344e60e43,3473.63159,6.38229,903.829529,3470.65112,8.806839,900.907776,0.949444,2
20260722-152454:m02965,20260722-152454,1,2026-07-22T13:41:23.249784Z,27362,spawn,95,17649,1,1044525,6553,Engineer Automaton I,SimpleChar:798915BE,1,105e037593ffba2f,3471.08765,8.111245,901.740173,3465.21387,9.51,904.015137,754.905513,2
20260722-152454:m04508,20260722-152454,1,2026-07-22T13:53:58.155297Z,45665,spawn,95,17649,1,1044525,6553,Engineer Automaton I,SimpleChar:798915BE,1,85081e49a9b3127e,3613.04663,52.134998,785.38916,3610.33423,52.764996,784.232117,0,2
20260722-152454:m03195,20260722-152454,1,2026-07-22T13:43:24.615172Z,30248,spawn,25,17657,5,1044525,6553,Garbage Flea,SimpleChar:798915C2,3,2df25775fe7998d0,3423.28101,0.01,877.182922,3422.85767,0.01,872.497803,1.517727,2
20260722-152454:m03199,20260722-152454,1,2026-07-22T13:43:26.132899Z,30271,spawn,25,17657,5,1044525,6553,Garbage Flea,SimpleChar:798915C2,3,eb06e01c64b61fee,3423.05737,0.01,874.292175,3423.90259,0.01,869.607422,0,2
20260722-152454:m03125,20260722-152454,1,2026-07-22T13:42:28.617761Z,29287,spawn,25,17657,6,1044525,6553,Garbage Flea,SimpleChar:798915D2,1,f1b99c8d362c87bb,3424.0835,0.01,855.956543,3424.01343,0.01,863.072021,3.978819,2
20260722-152454:m03135,20260722-152454,1,2026-07-22T13:42:32.596580Z,29376,spawn,25,17657,6,1044525,6553,Garbage Flea,SimpleChar:798915D2,1,5c0cf6bf5284003b,3424.02734,0.01,861.676819,3422.72876,0.01,875.664856,0,2
20260722-152454:m07119,20260722-152454,1,2026-07-22T13:57:53.358188Z,50970,spawn,25,17657,1,1044525,6553,Garbage Flea,SimpleChar:798915DD,1,f2010b412c993b48,3566.21655,8.316699,913.349731,3558.44434,8.229358,916.035767,0,2
20260722-152454:m07162,20260722-152454,1,2026-07-22T13:58:17.334823Z,51647,spawn,25,17657,1,1044525,6553,Garbage Flea,SimpleChar:798915DD,2,e04f97489ce803ad,3546.02075,8.235977,927.585022,3552.79907,7.629861,921.401794,0,2
20260722-152454:m07196,20260722-152454,1,2026-07-22T13:58:34.126770Z,52115,spawn,25,17657,1,1044525,6553,Garbage Flea,SimpleChar:798915DD,3,b6b59be7d595bafd,3566.49731,8.299085,913.2323,3558.44434,8.229358,916.035767,0,2
20260722-152454:m07282,20260722-152454,1,2026-07-22T13:59:08.661726Z,53190,spawn,25,17657,1,1044525,6553,Garbage Flea,SimpleChar:798915DD,4,3f9c93efc2798140,3557.53833,8.365117,916.883301,3567.58057,8.631208,912.799316,0,2
20260722-152454:m03410,20260722-152454,1,2026-07-22T13:45:26.251174Z,34186,spawn,137,30365,10,1044525,6553,Lolly the Reet,SimpleChar:798915E3,1,5244681b1c48b7e9,3326.74121,0.602007,639.223022,3326.98438,2.073534,629.647522,1.863002,2
20260722-152454:m03413,20260722-152454,1,2026-07-22T13:45:28.114176Z,34269,spawn,137,30365,10,1044525,6553,Lolly the Reet,SimpleChar:798915E3,1,18de6de415c72c5c,3326.89746,3.749531,630.990417,3332.55835,1.434539,625.049622,1.379309,2
20260722-152454:m03415,20260722-152454,1,2026-07-22T13:45:29.493485Z,34353,spawn,137,30365,10,1044525,6553,Lolly the Reet,SimpleChar:798915E3,1,965f25ee797083a9,3331.45898,2.174211,625.973633,3335.0603,0.239523,611.099487,0,2
20260722-152454:m03458,20260722-152454,1,2026-07-22T13:46:01.832874Z,35904,spawn,137,30365,10,1044525,6553,Lolly the Reet,SimpleChar:798915E3,2,62eb6b12fe79f82a,3365.63257,2.11,606.347351,3359.9353,3.574606,620.666016,0,2
20260722-152454:m03471,20260722-152454,1,2026-07-22T13:46:38.740028Z,36943,spawn,137,30365,10,1044525,6553,Lolly the Reet,SimpleChar:79891616,1,a084a020b74bf583,3335.41431,1.347123,611.00354,3335.83032,0.297274,610.44574,0.190092,2
20260722-152454:m03472,20260722-152454,1,2026-07-22T13:46:38.930120Z,36950,spawn,137,30365,10,1044525,6553,Lolly the Reet,SimpleChar:79891616,1,ea75db9008a5093b,3335.55908,1.271354,610.809448,3346.71191,3.3914,606.237671,2.390909,2
20260722-152454:m03474,20260722-152454,1,2026-07-22T13:46:41.321029Z,37131,spawn,137,30365,10,1044525,6553,Lolly the Reet,SimpleChar:79891616,1,f606a2e750e0e88d,3345.29712,3.009803,606.648743,3354.31543,2.11,594.018738,0,2
20260722-152454:m03509,20260722-152454,1,2026-07-22T13:47:08.096265Z,38121,spawn,137,30365,10,1044525,6553,Lolly the Reet,SimpleChar:79891616,2,b002ed385c0124f9,3365.74414,2.11,606.193604,3359.9353,3.574606,620.666016,3.18129,2
20260722-152454:m03515,20260722-152454,1,2026-07-22T13:47:11.277555Z,38283,spawn,137,30365,10,1044525,6553,Lolly the Reet,SimpleChar:79891616,2,13933ea3ed244f3d,3360.41333,3.438123,619.605103,3358.17725,3.61,640.51532,0,2
20260722-152454:m03709,20260722-152454,1,2026-07-22T13:52:58.569699Z,44403,spawn,1019,297023,1,1044525,6553,Malfunctioning Cleaning Robot,SimpleChar:79891618,1,93e0305142e5bab8,3601.61768,52.134998,787.081787,3596.94067,52.5,772.294067,0,2
20260722-152454:m08253,20260722-152454,1,2026-07-22T14:11:52.886725Z,70164,spawn,25,17657,5,1044525,6553,Garbage Flea,SimpleChar:79891625,2,b38c077758d06bc5,3451.17725,0.01,863.277283,3451.15186,0.892165,857.847046,2.786914,2
20260722-152454:m08261,20260722-152454,1,2026-07-22T14:11:55.673639Z,70216,spawn,25,17657,5,1044525,6553,Garbage Flea,SimpleChar:79891625,2,d3f4d4bbf96d1974,3451.11499,0.01,859.19165,3451.56519,0.892165,852.259827,0,2
20260722-152454:m08265,20260722-152454,1,2026-07-22T14:11:59.633139Z,70321,spawn,25,17657,6,1044525,6553,Garbage Flea,SimpleChar:7989162A,2,e3763d61ecf71f13,3453.60303,0.01,875.276184,3453.51245,0.636055,879.729492,0,2
20260722-152454:m08327,20260722-152454,1,2026-07-22T14:12:28.683441Z,70951,spawn,25,17657,6,1044525,6553,Garbage Flea,SimpleChar:7989162A,3,846867fa2b314dfe,3453.61499,0.01,875.174805,3453.51245,0.636055,879.729492,0,2
20260722-152454:m08351,20260722-152454,1,2026-07-22T14:12:39.667094Z,71387,spawn,25,17657,6,1044525,6553,Garbage Flea,SimpleChar:7989162A,4,2d58cf43a5060bea,3450.26343,0.01,888.494263,3448.67407,0.636059,894.832581,0,2
20260722-152454:m08526,20260722-152454,1,2026-07-22T14:13:55.926468Z,73965,spawn,25,17657,6,1044525,6553,Garbage Flea,SimpleChar:7989162A,6,e3763d61ecf71f13,3453.59009,0.01,875.395996,3453.51245,0.636055,879.729492,0,2
20260722-152454:m08581,20260722-152454,1,2026-07-22T14:14:25.002887Z,74470,spawn,25,17657,6,1044525,6553,Garbage Flea,SimpleChar:7989162A,7,e3763d61ecf71f13,3453.59766,0.01,875.33783,3453.51245,0.636055,879.729492,0,2
20260722-152454:m08624,20260722-152454,1,2026-07-22T14:14:53.833275Z,74962,spawn,25,17657,6,1044525,6553,Garbage Flea,SimpleChar:7989162A,8,e3763d61ecf71f13,3453.59595,0.01,875.345032,3453.51245,0.636055,879.729492,0,2
20260722-152454:m08670,20260722-152454,1,2026-07-22T14:15:23.510229Z,75186,spawn,25,17657,6,1044525,6553,Garbage Flea,SimpleChar:7989162A,9,846867fa2b314dfe,3453.62744,0.01,875.054749,3453.51245,0.636055,879.729492,0,2
20260722-152454:m08717,20260722-152454,1,2026-07-22T14:15:52.537592Z,75447,spawn,25,17657,6,1044525,6553,Garbage Flea,SimpleChar:7989162A,10,e3763d61ecf71f13,3453.59961,0.01,875.315552,3453.51245,0.636055,879.729492,0,2
20260722-152454:m07353,20260722-152454,1,2026-07-22T13:59:31.319982Z,53903,spawn,25,17657,6,1044525,6553,Garbage Flea,SimpleChar:7989162E,1,bb08c1d846fd4de6,3446.92407,0.01,806.140625,3449.11646,0.132882,802.361572,0,2
20260722-152454:m08251,20260722-152454,1,2026-07-22T14:11:51.270309Z,70057,spawn,25,17657,6,1044525,6553,Garbage Flea,SimpleChar:7989162E,2,ecd90ce95441bb3b,3426.48657,0.01,807.792358,3430.13721,0.01,805.796265,1.982611,2
20260722-152454:m08255,20260722-152454,1,2026-07-22T14:11:53.252920Z,70172,spawn,25,17657,6,1044525,6553,Garbage Flea,SimpleChar:7989162E,2,ee4cbb363cb8b84b,3428.7561,0.01,806.358276,3441.10229,0.01,806.240662,0,2
20260722-152454:m07323,20260722-152454,1,2026-07-22T13:59:22.776437Z,53702,spawn,25,17657,6,1044525,6553,Garbage Flea,SimpleChar:7989164B,1,491ac9cdf8c546f2,3448.80249,0.01,831.706116,3450.31641,0.873832,817.162231,0,2
20260722-152454:m08240,20260722-152454,1,2026-07-22T14:11:36.051771Z,69647,spawn,25,17657,6,1044525,6553,Garbage Flea,SimpleChar:7989164B,2,59cb9deec803af3c,3448.9231,0.01,825.962219,3448.77759,0.484173,833.061401,0,2
20260722-152454:m08446,20260722-152454,1,2026-07-22T14:13:16.357075Z,73171,spawn,25,17657,6,1044525,6553,Garbage Flea,SimpleChar:7989164B,3,59cb9deec803af3c,3448.92188,0.01,826.003174,3448.77759,0.484173,833.061401,3.629373,2
20260722-152454:m08454,20260722-152454,1,2026-07-22T14:13:19.986448Z,73268,spawn,25,17657,6,1044525,6553,Garbage Flea,SimpleChar:7989164B,3,491ac9cdf8c546f2,3448.80566,0.01,831.567871,3450.31641,0.873832,817.162231,0,2
20260722-152454:m03721,20260722-152454,1,2026-07-22T13:52:59.613752Z,44423,spawn,1019,297023,1,1044525,6553,Malfunctioning Cleaning Robot,SimpleChar:79891652,1,9ebf22894923f5e1,3621.83984,51.744999,798.603821,3622.78076,52.5,798.795105,0.241619,2
20260722-152454:m03724,20260722-152454,1,2026-07-22T13:52:59.855371Z,44426,spawn,1019,297023,1,1044525,6553,Malfunctioning Cleaning Robot,SimpleChar:79891652,1,576ab04f318db6e1,3621.83984,51.744999,798.603821,3622.87939,52.5,798.725281,0.643833,2
20260722-152454:m03729,20260722-152454,1,2026-07-22T13:53:00.499204Z,44435,spawn,1019,297023,1,1044525,6553,Malfunctioning Cleaning Robot,SimpleChar:79891652,1,18063e0202096350,3621.90015,51.744999,798.610901,3622.7002,52.5,799.007019,0,2
20260722-152454:m03732,20260722-152454,1,2026-07-22T13:53:00.499204Z,44438,spawn,1019,297023,1,1044525,6553,Malfunctioning Cleaning Robot,SimpleChar:79891652,1,576ab04f318db6e1,3621.90015,51.744999,798.610901,3622.9856,52.5,798.700378,0.450214,2
20260722-152454:m03737,20260722-152454,1,2026-07-22T13:53:00.949418Z,44443,spawn,1019,297023,1,1044525,6553,Malfunctioning Cleaning Robot,SimpleChar:79891652,1,9ebf22894923f5e1,3622.02783,51.744999,798.621338,3622.78296,52.5,799.207031,0.250115,2
20260722-152454:m03740,20260722-152454,1,2026-07-22T13:53:01.199533Z,44446,spawn,1019,297023,1,1044525,6553,Malfunctioning Cleaning Robot,SimpleChar:79891652,1,576ab04f318db6e1,3622.02783,51.744999,798.621338,3622.84985,52.5,798.740356,0.402207,2
20260722-152454:m03743,20260722-152454,1,2026-07-22T13:53:01.601740Z,44454,spawn,1019,297023,1,1044525,6553,Malfunctioning Cleaning Robot,SimpleChar:79891652,1,9ebf22894923f5e1,3622.02783,51.744999,798.621338,3622.7832,52.5,798.792725,0.0005,2
20260722-152454:m03746,20260722-152454,1,2026-07-22T13:53:01.602240Z,44457,spawn,1019,297023,1,1044525,6553,Malfunctioning Cleaning Robot,SimpleChar:79891652,1,18063e0202096350,3622.02783,51.744999,798.621338,3622.71313,52.5,799.088196,0.242135,2
20260722-152454:m03749,20260722-152454,1,2026-07-22T13:53:01.844375Z,44460,spawn,1019,297023,1,1044525,6553,Malfunctioning Cleaning Robot,SimpleChar:79891652,1,576ab04f318db6e1,3622.02783,51.744999,798.621338,3622.91772,52.5,798.711487,0.241618,2
20260722-152454:m03753,20260722-152454,1,2026-07-22T13:53:02.085993Z,44464,spawn,1019,297023,1,1044525,6553,Malfunctioning Cleaning Robot,SimpleChar:79891652,1,576ab04f318db6e1,3622.02783,51.744999,798.621338,3623.0061,52.5,798.700073,0,2
20260722-152454:m03752,20260722-152454,1,2026-07-22T13:53:02.085993Z,44463,spawn,1019,297023,1,1044525,6553,Malfunctioning Cleaning Robot,SimpleChar:79891653,1,d26b4952c8dd4849,3612.90186,52.134998,787.384033,3612.2417,52.5,788.177734,0,2
20260722-152454:m07514,20260722-152454,1,2026-07-22T14:00:25.047872Z,55275,spawn,55,17687,7,1044525,6553,Gnarl the Roller,SimpleChar:79891671,1,769972e0cda897cc,3544.62939,2.11,691.38324,3522.10767,2.110001,704.126953,0,2
20260722-152454:m09041,20260722-152454,1,2026-07-22T14:18:35.880307Z,79774,spawn,103,290472,10,1044525,6553,Mario Carles,SimpleChar:79891672,4,7cb3dd7513626266,3456.75952,4.255232,761.30603,3434.77051,3.01,760.297363,0,2
20260722-152454:m05780,20260722-152454,1,2026-07-22T13:55:40.989928Z,47935,spawn,1019,297023,1,1044525,6553,Malfunctioning Cleaning Robot,SimpleChar:798916A5,1,11673ce87d1cd248,3605.66113,51.744999,774.131592,3622.94971,52.5,798.704224,0,2
20260722-152454:m05874,20260722-152454,1,2026-07-22T13:55:48.864656Z,48065,spawn,1019,297023,1,1044525,6553,Malfunctioning Cleaning Robot,SimpleChar:798916A8,1,b26df6b4c409f80a,3617.89307,51.744999,784.886475,3622.71094,52.5,799.079895,0,2
20260722-152454:m06001,20260722-152454,1,2026-07-22T13:55:59.958954Z,48248,spawn,1019,297023,1,1044525,6553,Malfunctioning Cleaning Robot,SimpleChar:798916AF,1,b76da9134b23df9b,3606.97144,52.134998,782.732666,3602.19214,52.5,787.769592,0,2
20260722-152454:m06086,20260722-152454,1,2026-07-22T13:56:06.540304Z,48361,spawn,1019,297023,1,1044525,6553,Malfunctioning Cleaning Robot,SimpleChar:798916B2,1,4d5c8737ebccf6d3,3608.72803,51.744999,795.027832,3610.85962,52.5,778.265076,0,2
20260722-152454:m06417,20260722-152454,1,2026-07-22T13:56:32.663712Z,48842,spawn,1019,297023,1,1044525,6553,Malfunctioning Cleaning Robot,SimpleChar:798916B8,1,c1b5ab02ce10902b,3606.52808,51.744999,800.627319,3622.78857,52.5,799.21283,0,2
20260722-152454:m06689,20260722-152454,1,2026-07-22T13:56:51.813310Z,49220,spawn,1019,297023,1,1044525,6553,Malfunctioning Cleaning Robot,SimpleChar:798916C4,1,be87fb3dc6632423,3606.17163,51.744999,774.39679,3602.24829,52.5,787.831665,0,2
20260722-152454:m07615,20260722-152454,1,2026-07-22T14:02:18.715560Z,58581,spawn,137,30365,10,1044525,6553,Lolly the Reet,SimpleChar:79891717,1,21d920f7ab5e6b0d,3366,2.11,605.841248,3359.9353,3.574606,620.666016,2.910725,2
20260722-152454:m07620,20260722-152454,1,2026-07-22T14:02:21.626285Z,58750,spawn,137,30365,10,1044525,6553,Lolly the Reet,SimpleChar:79891717,1,13933ea3ed244f3d,3360.51587,3.383352,619.387512,3358.17725,3.61,640.51532,0,2
20260722-152454:m07682,20260722-152454,1,2026-07-22T14:03:16.103404Z,60171,spawn,137,30365,10,1044525,6553,Lolly the Reet,SimpleChar:79891717,2,51c5e8048aa0587c,3327.08643,0.779144,638.896179,3326.98438,2.073534,629.647522,2.109592,2
20260722-152454:m07688,20260722-152454,1,2026-07-22T14:03:18.212996Z,60338,spawn,137,30365,10,1044525,6553,Lolly the Reet,SimpleChar:79891717,2,a7bba6aaf050d0a6,3326.98047,3.749087,630.682678,3332.55835,1.434539,625.049622,1.209502,2
20260722-152454:m07689,20260722-152454,1,2026-07-22T14:03:19.422498Z,60350,spawn,137,30365,10,1044525,6553,Lolly the Reet,SimpleChar:79891717,2,be4c5b796e58e313,3331.74976,1.959268,625.691223,3335.0603,0.239523,611.099487,0,2
20260722-152454:m08159,20260722-152454,1,2026-07-22T14:11:22.732261Z,69155,spawn,1019,297023,1,1044525,6553,Malfunctioning Cleaning Robot,SimpleChar:79891729,1,9467064ee504993f,3595.0979,51.744999,799.542297,3594.28296,52.5,800.099792,0.192592,2
20260722-152454:m08165,20260722-152454,1,2026-07-22T14:11:22.924853Z,69173,spawn,1019,297023,1,1044525,6553,Malfunctioning Cleaning Robot,SimpleChar:79891729,1,9467064ee504993f,3595.0979,51.744999,799.542297,3594.2981,52.5,800.032715,0.398237,2
20260722-152454:m08169,20260722-152454,1,2026-07-22T14:11:23.323090Z,69186,spawn,1019,297023,1,1044525,6553,Malfunctioning Cleaning Robot,SimpleChar:79891729,1,e4b3c1dcd1a90d6a,3595.0979,51.744999,799.542297,3594.146,52.5,800.262085,0,2
20260722-152454:m08166,20260722-152454,1,2026-07-22T14:11:22.924853Z,69174,spawn,1019,297023,1,1044525,6553,Malfunctioning Cleaning Robot,SimpleChar:79891799,1,116542ae369690a6,3599.94629,51.924995,787.206238,3596.92285,52.5,772.289917,0,2
20260722-152454:m09026,20260722-152454,1,2026-07-22T14:18:25.014977Z,79401,spawn,25,17657,6,1044525,6553,Garbage Flea,SimpleChar:798917F0,1,1d7e1562ff7661ad,3448.80078,0.01,831.829712,3450.31641,0.873832,817.162231,0,2
20260722-152454:m09201,20260722-152454,1,2026-07-22T14:19:32.514944Z,82131,spawn,25,17657,6,1044525,6553,Garbage Flea,SimpleChar:798917F0,2,491ac9cdf8c546f2,3448.80591,0.01,831.644409,3450.31641,0.873832,817.162231,0,2
20260722-152454:m08996,20260722-152454,1,2026-07-22T14:18:15.793431Z,79101,spawn,25,17657,5,1044525,6553,Garbage Flea,SimpleChar:798917F5,1,eabc076c5f4e1c55,3424.75,0.01,876.071594,3422.34326,0.51,867.887634,1.646363,2
20260722-152454:m09003,20260722-152454,1,2026-07-22T14:18:17.439794Z,79136,spawn,25,17657,5,1044525,6553,Garbage Flea,SimpleChar:798917F5,1,e221c74bb34a96cb,3422.69971,0.01,868.664917,3421.38379,0.51,857.542114,2.163225,2
20260722-152454:m09013,20260722-152454,1,2026-07-22T14:18:19.603019Z,79198,spawn,25,17657,5,1044525,6553,Garbage Flea,SimpleChar:798917F5,1,68c1fadde6c1022c,3421.72339,0.01,860.406128,3423.5415,0.01,849.226318,0,2
20260722-152454:m09027,20260722-152454,1,2026-07-22T14:18:25.465218Z,79403,spawn,25,17657,6,1044525,6553,Garbage Flea,SimpleChar:798917F7,1,595b26a0c94a43b9,3451.07568,0.01,859.297241,3451.56519,0.892165,852.259827,0,2
20260722-152454:m09028,20260722-152454,1,2026-07-22T14:18:26.126099Z,79409,spawn,25,17657,5,1044525,6553,Garbage Flea,SimpleChar:798917F8,1,4e69c9d61360ec5e,3423.97021,0.01,861.828369,3422.72876,0.01,875.664856,0,2
20260722-152454:m09059,20260722-152454,1,2026-07-22T14:18:41.096236Z,80140,spawn,25,17657,5,1044525,6553,Garbage Flea,SimpleChar:798917FB,1,837b1d9cc718aee1,3453.68652,0.01,878.428467,3453.19116,0.636056,886.086365,0,2
20260722-152454:m09123,20260722-152454,1,2026-07-22T14:19:07.028568Z,81077,spawn,25,17657,5,1044525,6553,Garbage Flea,SimpleChar:798917FB,2,e3763d61ecf71f13,3453.58984,0.01,875.40033,3453.51245,0.636055,879.729492,0,2
