mission_ql,low_id,high_id,observed_item_ql,unknown,item_name,observation_count
17,23314,23316,17,0,Simple First-Aid Kit,1
17,25812,25811,17,0,Treatment Laboratory,1
17,26207,26207,27,0,Nano Crystal (Enhanced Senses),1
17,26471,26471,14,0,Nano Crystal (Ranged Special Attacks Incompetence),5
17,26489,26489,10,0,Nano Crystal (Nano Skills Incompetence),2
17,26503,26503,14,0,Nano Crystal (Melee Special Attacks Incompetence),4
17,26541,26541,10,0,Nano Crystal (Drain Abilities),7
17,27199,27199,10,0,Nano Crystal (Melee Weapons Incompetence),4
17,27263,27263,10,0,Nano Crystal (Ranged Weapons Incompetence),1
17,27383,27383,1,0,Omni-Med Suit Shirt,1
17,27384,27384,1,0,Omni-Med Suit Skirt,1
17,27387,27387,1,0,Omni-Med Female Suit Shirt,1
17,28754,28754,27,0,Nano Crystal (Biotoxin MK I),1
17,28770,28770,14,0,Nano Crystal (Enhanced First Aid),2
17,28804,28804,10,0,Nano Crystal (Corrosive Spray),1
17,28811,28811,7,0,Nano Crystal (Fire Stream),1
17,28932,28932,7,0,Nano Crystal (Give Energy: 10),1
17,28936,28936,7,0,Nano Crystal (Give Life: 10),3
17,28950,28950,20,0,Nano Crystal (Muscle Stim),2
17,28956,28956,24,0,Nano Crystal (Rubber Skin),1
17,29333,29333,27,0,Nano Crystal (Attack Booster),1
17,29358,29358,24,0,Nano Crystal (Pistol Mastery),6
17,29360,29360,17,0,Nano Crystal (Quickshot),1
17,29804,29804,27,0,Nano Crystal (Glowing Retribution),3
17,29844,29844,10,0,Nano Crystal (Gun Enhancement),1
17,29862,29862,7,0,Nano Crystal (Spike Shield),2
17,30101,30101,27,0,Nano Crystal (Anger Addlement),2
17,30110,30110,10,0,Nano Crystal (Distracted Gaze),1
17,30771,30771,20,0,Nano Crystal (Frequent Customer),2
17,30790,30790,14,0,Nano Crystal (Margin Call),1
17,31420,31420,14,0,Nano Crystal (Cracker's Luck),2
17,31498,31498,1,0,White Cloak,4
17,31499,31499,1,0,Red Cloak,1
17,31500,31500,1,0,Grey Cloak,1
17,31501,31501,1,0,Green Cloak,2
17,31502,31502,1,0,Brown Cloak,1
17,31505,31505,1,0,Black Trenchcoat,2
17,31506,31506,1,0,Black Omni-Tek Commander Cloak,5
17,31516,31516,1,0,Trenchcoat,6
17,31530,31530,1,0,Grey Cloak Hood,2
17,31531,31531,1,0,Green Cloak Hood,1
17,31532,31532,1,0,Brown Cloak Hood,2
17,31533,31533,1,0,Blue Cloak Hood,2
17,32071,32071,17,0,Nano Crystal (False Profession: Adventurer),1
17,32076,32076,14,0,Nano Crystal (False Profession: Martial Artist),1
17,32081,32081,27,0,Nano Crystal (False Profession: Trader),1
17,32103,32103,20,0,Nano Crystal (Shadow Crown),1
17,36779,36778,17,0,2 - 3 NCU Memory,2
17,36783,36782,17,0,Belt Component Platform Ti-100X,2
17,38531,38531,24,0,Nano Crystal (Team Terrain Knowledge),1
17,42545,42545,17,0,Nano Crystal (Deep Slash),1
17,42546,42546,17,0,Nano Crystal (Molecule Lance),1
17,43145,43146,17,0,Attack of the Snake,2
17,43939,43939,20,0,Nano Crystal (Relief From Pain),1
17,43942,43942,27,0,Nano Crystal (Spreading Health),1
17,43963,43963,24,0,Nano Crystal (Lesser Nano Surgery),3
17,43975,43975,14,0,Nano Crystal (Inferior Cleanse Wounds),1
17,43993,43993,10,0,Nano Crystal (Dress Wounds),1
17,44189,44189,7,0,Nano Crystal (Limited Nano Reaper),1
17,44204,44204,20,0,Nano Crystal (Primitive Nano Gorger),1
17,45399,45399,27,0,Nano Crystal (Acidic Conversion),3
17,45956,45956,7,0,Nano Crystal (Open Wound),2
17,45961,45961,17,0,Nano Crystal (Micro Flechette),1
17,45966,45966,10,0,Nano Crystal (Minor Toxic Field),1
17,45973,45973,14,0,Nano Crystal (Lesser RNA Reaper),2
17,46019,46019,17,0,Nano Crystal (Semi-Sentient Automaton),1
17,46052,46052,24,0,Nano Crystal (Inferior Android),1
17,46058,46058,24,0,Nano Crystal (Lesser Android),1
17,46074,46074,7,0,Nano Crystal (Automaton),1
17,46082,46082,14,0,Nano Crystal (Advanced Automaton),2
17,46419,46419,20,0,Nano Crystal (Supervisor-Grade Helper-Droid),1
17,46466,46466,27,0,Nano Crystal (Basic Attendant-Droid),1
17,46468,46468,14,0,Nano Crystal (Basic Helper-Droid),1
17,49813,49813,24,0,Nano Crystal (Mighty Challenger to Cyclops),1
17,49823,49823,14,0,Nano Crystal (Brave Challenger to Cyclops),1
17,55679,55678,17,0,Weapon Smithing Tutoring Device,1
17,55687,55686,17,0,Computer Literacy Tutoring Device,1
17,55690,55689,17,0,Mechanical Engineering Tutoring Device,1
17,55692,55691,17,0,Field Quantum Physics Tutoring Device,1
17,55694,55693,17,0,Electrical Engineering Tutoring Device,1
17,55697,55696,17,0,Boosted Stim,2
17,55759,55759,20,0,Nano Crystal (Field of Sparks),2
17,55761,55761,10,0,Nano Crystal (Bristling Shield),1
17,55775,55775,24,0,Nano Crystal (Electrical Chastiser),1
17,55838,55838,7,0,Nano Crystal (Frost With Snow),1
17,55840,55840,17,0,Nano Crystal (Jacket of Blades),2
17,55842,55842,24,0,Nano Crystal (Enshroud with Barbs),2
17,56241,56241,17,0,Nano Crystal (Lesser Hold Victim),1
17,56251,56251,27,0,Nano Crystal (Lesser Prolong Encounter),1
17,56252,56252,14,0,Nano Crystal (No Escape Possible),1
17,56266,56266,14,0,Nano Crystal (Lesser Embrace of Greed),1
17,70253,70252,17,0,Deflection Shield,1
17,70403,70403,7,0,Nano Crystal (Partial Deflection Shield (Extended)),3
17,70411,70411,10,0,Nano Crystal (Total Mirror Shield Mk I),1
17,70412,70412,27,0,Nano Crystal (Total Mirror Shield Mk II),1
17,70558,85640,17,0,Battered Low-Tech Armor Boots,4
17,70560,85688,17,0,Battered Low-Tech Female Body Armor,1
17,70561,85744,17,0,Battered Low-Tech Armor Sleeves,1
17,70562,85597,17,0,Battered Low-Tech Armor Gloves,4
17,70563,85558,17,0,Battered Low-Tech Armor Helmet,4
17,70564,85515,17,0,Battered Low-Tech Armor Pants,3
17,70565,85514,17,0,Battered Low-Tech Armor Shorts,3
17,70581,70581,14,0,Nano Crystal (Flawed Protective Field),1
17,70582,70582,7,0,Nano Crystal (Flawed Shielding Barrier),1
17,75369,75369,20,0,Nano Crystal (Lesser Wilderness Protection),2
17,75416,75416,14,0,Nano Crystal (Minor Absorption Shield),1
17,81839,81839,27,0,Nano Crystal (Lotus on Water),1
17,81847,81847,20,0,Nano Crystal (Energized Fists),1
17,81848,81848,10,0,Nano Crystal (Crash of Thunder),2
17,81897,81897,24,0,Nano Crystal (Nano Augmentation),1
17,81953,81953,27,0,Nano Crystal (Lesser Mysterious Causes),2
17,82003,82003,20,0,Nano Crystal (Subsonic Blast),2
17,82065,82065,17,0,Nano Crystal (Team Restore Essence),1
17,82071,82071,10,0,Nano Crystal (Lesser Healing Touch),1
17,82187,82187,27,0,Nano Crystal (Mass Illusory Paralysis),1
17,82188,82188,10,0,Nano Crystal (Mass Daze),2
17,82806,82806,20,0,Nano Crystal (Active Micro Entanglement),1
17,82807,82807,14,0,Nano Crystal (Postpone Encounter),1
17,82838,82838,20,0,Nano Crystal (Pronouncement of Greatness),2
17,82839,82839,24,0,Nano Crystal (Sparrow Flight),1
17,83984,83984,7,0,Nano Crystal (Claw Eyes),1
17,85282,85282,17,0,Nano Crystal (Medical Claim),2
17,85320,85320,14,0,Nano Crystal (Lesser Enforced Sloth),2
17,85322,85322,27,0,Nano Crystal (Lesser Delay Pursuers),2
17,85366,85367,17,0,Simple Nano Kit,2
17,85368,85369,17,0,Burst of Speed Stim,1
17,85477,21917,17,0,Worn Cyber Armor Sleeves,4
17,85481,85690,17,0,Battered Leather Vest,1
17,85500,85499,17,0,Inferior Chilled Plasteel Armor Pants,4
17,85501,22343,17,0,Inferior Heated Plasteel Armor Pants,2
17,85502,22339,17,0,Recruit-Issue Omni-Pol Forest Armor Pants,3
17,85504,27394,17,0,Recruit-Issue Omni-Pol Desert Armor Pants,3
17,85507,85506,17,0,Battered Nomad Armor Pants,1
17,85510,85509,17,0,Inferior Nail Armor Pants,5
17,85512,85511,17,0,Worn Metaplast Armor Pants,3
17,85513,22313,17,0,Basic Martial Artist Suit Pants,3
17,85517,27360,17,0,Battered Flak Armor Pants,2
17,85519,85518,17,0,Battered Sid's Leather Armor Pants,1
17,85526,22293,17,0,Inferior Energized Armor Pants,1
17,85530,85529,17,0,Worn Bau Cyber Armor Pants,1
17,85531,22289,17,0,Worn Cyber Armor Pants,3
17,85533,85532,17,0,Battered Light Combat Armor Pants,1
17,85547,85546,17,0,Inferior Chilled Plasteel Armor Helmet,4
17,85548,22258,17,0,Inferior Heated Plasteel Armor Helmet,3
17,85551,27402,17,0,Recruit-Issue Omni-Pol Desert Armor Helmet,2
17,85554,85553,17,0,Battered Nomad Armor Helmet,2
17,85557,85556,17,0,Worn Metaplast Armor Helmet,2
17,85560,85559,17,0,Battered Sid's Leather Armor Helmet,2
17,85562,85561,17,0,Battered Leather Armor Helmet,1
17,85567,22223,17,0,Inferior Energized Armor Helmet,3
17,85572,22219,17,0,Worn Cyber Armor Helmet,4
17,85586,85585,17,0,Inferior Chilled Plasteel Armor Gloves,1
17,85587,22208,17,0,Inferior Heated Plasteel Armor Gloves,2
17,85588,22204,17,0,Recruit-Issue Omni-Pol Forest Armor Gloves,2
17,85590,27396,17,0,Recruit-Issue Omni-Pol Desert Armor Gloves,4
17,85596,85595,17,0,Worn Metaplast Armor Gloves,1
17,85600,85599,17,0,Battered Sid's Leather Armor Gloves,3
17,85602,85601,17,0,Battered Leather Armor Gloves,2
17,85607,22170,17,0,Inferior Energized Armor Gloves,5
17,85611,85610,17,0,Worn Bau Cyber Armor Gloves,2
17,85612,22166,17,0,Worn Cyber Armor Gloves,1
17,85626,85625,17,0,Inferior Chilled Plasteel Armor Boots,4
17,85628,22150,17,0,Recruit-Issue Omni-Pol Forest Armor Boots,3
17,85633,85632,17,0,Battered Nomad Armor Boots,3
17,85636,85635,17,0,Inferior Nail Armor Boots,3
17,85638,85637,17,0,Worn Metaplast Armor Boots,2
17,85639,22124,17,0,Basic Martial Artist Suit Boots,3
17,85643,85642,17,0,Battered Sid's Leather Armor Boots,2
17,85650,22108,17,0,Inferior Energized Armor Boots,2
17,85654,85653,17,0,Worn Bau Cyber Armor Boots,4
17,85655,22104,17,0,Worn Cyber Armor Boots,1
17,85657,85656,17,0,Battered Light Combat Armor Boots,2
17,85674,85673,17,0,Inferior Chilled Plasteel Body Armor,4
17,85675,22076,17,0,Inferior Heated Plasteel Body Armor,2
17,85676,22072,17,0,Recruit-Issue Omni-Pol Forest Body Armor,1
17,85678,27398,17,0,Recruit-Issue Omni-Pol Desert Body Armor,2
17,85681,85680,17,0,Battered Nomad Body Armor,4
17,85684,85683,17,0,Inferior Nail Body Armor,2
17,85686,85685,17,0,Worn Metaplast Body Armor,1
17,85687,22046,17,0,Basic Martial Artist Suit Shirt,2
17,85691,22004,17,0,Inferior Kevlar Vest,4
17,85693,27389,17,0,Battered Flak Body Armor,1
17,85695,85694,17,0,Battered Sid's Leather Body Armor,4
17,85697,85696,17,0,Battered Leather Body Armor,4
17,85702,22018,17,0,Inferior Energized Body Armor,4
17,85708,85707,17,0,Worn Bau Cyber Female Body Armor,4
17,85710,85709,17,0,Worn Bau Cyber Body Armor,3
17,85711,22014,17,0,Worn Cyber Female Body Armor,2
17,85712,22010,17,0,Worn Cyber Body Armor,2
17,85714,85713,17,0,Battered Light Combat Body Armor,2
17,85723,85722,17,0,Worn Nadir Steel-Ribbed Armor Sleeves,1
17,85730,85729,17,0,Inferior Chilled Plasteel Armor Sleeves,3
17,85731,21967,17,0,Inferior Heated Plasteel Armor Sleeves,2
17,85732,21963,17,0,Recruit-Issue Omni-Pol Forest Armor Sleeves,2
17,85734,27400,17,0,Recruit-Issue Omni-Pol Desert Armor Sleeves,3
17,85737,85736,17,0,Battered Nomad Armor Sleeves,3
17,85740,85739,17,0,Inferior Nail Armor Sleeves,1
17,85742,85741,17,0,Worn Metaplast Armor Sleeves,2
17,85743,21937,17,0,Basic Martial Artist Suit Sleeves,5
17,85746,27391,17,0,Battered Flak Armor Sleeves,3
17,85748,85747,17,0,Battered Sid's Leather Armor Sleeves,2
17,85750,85749,17,0,Battered Leather Armor Sleeves,2
17,85755,21921,17,0,Inferior Energized Armor Sleeves,1
17,85759,85758,17,0,Worn Bau Cyber Armor Sleeves,5
17,85873,85873,10,0,Nano Crystal (Ransack Skills (Weak)),3
17,85895,85895,14,0,Nano Crystal (Deprive Skills (Minor)),1
17,86438,86438,1,0,Katara Sunglasses,1
17,86441,86441,1,0,Keelarr Sunglasses,1
17,86443,86443,1,0,Visor,1
17,87471,87471,1,0,Tattoo,1
17,87472,87472,1,0,Tattoo,2
17,87475,87475,1,0,Tattoo,1
17,87477,87477,1,0,Tattoo,1
17,87478,87478,1,0,Tattoo,2
17,87483,87483,1,0,Tattoo,1
17,87893,87936,17,0,Trimmer - Divert Energy to Defense,1
17,88373,88374,17,0,Yatamutchy Movement Predictor -X7B,1
17,88383,88384,17,0,Trimmer - Positive Aggressive-Defensive,2
17,90453,90453,17,0,Nano Crystal (Baton of Authority (Team)),1
17,93140,93140,17,0,Nano Crystal (Limited Grid Jump),1
17,95418,95418,24,0,Nano Crystal (Ease of Execution),2
17,95427,95427,10,0,Nano Crystal (CrunchCom Code Sieve),4
17,95453,95453,20,0,Nano Crystal (Enhance Nano Cohesion),1
17,95514,95515,17,0,NCU Coolant Sink,2
17,95728,95728,14,0,Nano Crystal (Essence of Vitality),4
17,95748,95748,27,0,Nano Crystal (Enhance Constitution),1
17,95749,95749,17,0,Nano Crystal (Health Graft),2
17,97449,97449,14,0,Nano Crystal (Survivability Booster),4
17,99139,99139,14,0,Nano Crystal (Douse Anger),1
17,99212,99212,20,0,Nano Crystal (Temporary Glamor),2
17,99217,99217,27,0,Nano Crystal (Lesser Pheromone Control),2
17,99623,99623,7,0,Nano Crystal (Line of Credit),1
17,100004,100004,1,0,"Body Tattoo, Front",1
17,100009,100009,1,0,"Body Tattoo, Back",3
17,100012,100012,1,0,Tattoo,1
17,100202,100202,17,0,Nano Crystal (Mongo Slam!),1
17,100224,100224,27,0,Nano Crystal (Aggressive Instincts),3
17,101115,101116,17,0,"Eye Implant: Rifle, Shiny",1
17,101121,101122,17,0,"Head Implant: Ranged. Init, Bright",1
17,101183,101184,17,0,"Left-Arm Implant: Chemical AC, Faded",1
17,101205,101206,17,0,"Right-Wrist Implant: Sharp Obj, Shiny",1
17,101209,101210,17,0,"Right-Wrist Implant: Sharp Obj, Shiny",1
17,101211,101212,17,0,"Right-Wrist Implant: Sharp Obj, Shiny",1
17,101219,101220,17,0,"Waist Implant: Melee/Ma AC, Bright",1
17,101255,101256,17,0,"Right-Hand Implant: Martial Arts, Shiny",1
17,101309,101310,17,0,Imp/Proj AC Cluster - Faded (Waist),2
17,101319,101320,17,0,Melee/Ma AC Cluster - Shiny (Chest),1
17,101321,101322,17,0,Energy AC Cluster - Faded (Waist),3
17,101325,101326,17,0,Energy AC Cluster - Shiny (Chest),1
17,101331,101332,17,0,Chemical AC Cluster - Shiny (Waist),1
17,101333,101371,17,0,Radiation AC Cluster - Faded (Right-Arm),1
17,101339,101340,17,0,1h Edged Weapon Cluster - Faded (Right-Hand),1
17,101343,101344,17,0,1h Edged Weapon Cluster - Shiny (Right-Arm),1
17,101347,101348,17,0,Melee Ener Cluster - Bright (Left-Wrist),1
17,101353,101354,17,0,2h Edged Cluster - Bright (Left-Arm),1
17,101355,101356,17,0,2h Edged Cluster - Shiny (Right-Arm),1
17,101357,101358,17,0,Piercing Cluster - Faded (Waist),2
17,101359,101360,17,0,Piercing Cluster - Bright (Left-Arm),2
17,101361,101362,17,0,Piercing Cluster - Shiny (Right-Arm),3
17,101367,101368,17,0,2h Blunt Cluster - Shiny (Right-Arm),1
17,101369,101370,17,0,Sharp Obj Cluster - Faded (Eye),2
17,101376,101377,17,0,Cold AC Cluster - Faded (Left-Hand),1
17,101382,101383,17,0,Nano Resist Cluster - Faded (Left-Wrist),1
17,101386,101387,17,0,Nano Resist Cluster - Shiny (Head),2
17,101392,101393,17,0,Fire AC Cluster - Shiny (Waist),1
17,101396,101397,17,0,Martial Arts Cluster - Bright (Feet),1
17,101398,101399,17,0,Martial Arts Cluster - Shiny (Right-Hand),1
17,101400,101401,17,0,Mult. Melee Cluster - Faded (Right-Wrist),5
17,101402,101403,17,0,Mult. Melee Cluster - Bright (Eye),1
17,101410,101411,17,0,Matter Crea Cluster - Bright (Right-Hand),1
17,101412,101413,17,0,Matter Crea Cluster - Shiny (Head),1
17,101416,101417,17,0,Time & Space Cluster - Bright (Right-Hand),1
17,101418,101419,17,0,Time & Space Cluster - Shiny (Head),1
17,101422,101423,17,0,Nano Pool Cluster - Bright (Head),2
17,101425,101426,17,0,Sharp Obj Cluster - Bright (Right-Hand),2
17,101427,101428,17,0,Sharp Obj Cluster - Shiny (Right-Wrist),3
17,101435,101436,17,0,Heavy Weapons Cluster - Faded (Right-Hand),2
17,101437,101438,17,0,Heavy Weapons Cluster - Bright (Eye),2
17,101439,101440,17,0,Heavy Weapons Cluster - Shiny (Right-Arm),1
17,101443,101444,17,0,Bow Cluster - Bright (Left-Arm),1
17,101449,101450,17,0,Pistol Cluster - Bright (Right-Hand),3
17,101451,101452,17,0,Pistol Cluster - Shiny (Right-Wrist),1
17,101453,101454,17,0,Rifle Cluster - Faded (Left-Wrist),2
17,101457,101458,17,0,Rifle Cluster - Shiny (Eye),1
17,101459,101460,17,0,MG / SMG Cluster - Faded (Chest),2
17,101461,101462,17,0,MG / SMG Cluster - Bright (Right-Hand),1
17,101465,101466,17,0,Shotgun Cluster - Faded (Waist),3
17,101467,101468,17,0,Shotgun Cluster - Bright (Right-Hand),2
17,101475,101476,17,0,Assault Rif Cluster - Shiny (Right-Arm),2
17,101483,101484,17,0,Melee. Init Cluster - Faded (Waist),1
17,101487,101488,17,0,Melee. Init Cluster - Shiny (Feet),1
17,101489,101490,17,0,Ranged. Init Cluster - Faded (Right-Hand),2
17,101491,101492,17,0,Ranged. Init Cluster - Bright (Head),1
17,101495,101496,17,0,Physic. Init Cluster - Faded (Left-Arm),2
17,101499,101500,17,0,Physic. Init Cluster - Shiny (Feet),1
17,101503,101504,17,0,Bow Spc Att Cluster - Bright (Right-Hand),1
17,101505,101506,17,0,Bow Spc Att Cluster - Shiny (Head),3
17,101509,101510,17,0,Sensory Impr Cluster - Bright (Eye),2
17,101511,101512,17,0,Sensory Impr Cluster - Shiny (Head),1
17,101523,101524,17,0,Treatment Cluster - Shiny (Head),1
17,101525,101526,17,0,Mech. Engi Cluster - Faded (Right-Arm),1
17,101529,101530,17,0,Mech. Engi Cluster - Shiny (Head),2
17,101531,101532,17,0,Elec. Engi Cluster - Faded (Right-Hand),1
17,101535,101536,17,0,Elec. Engi Cluster - Shiny (Eye),1
17,101537,101538,17,0,Matt.Metam Cluster - Faded (Left-Arm),1
17,101541,101542,17,0,Matt.Metam Cluster - Shiny (Head),1
17,101543,101544,17,0,Bio.Metamor Cluster - Faded (Waist),1
17,101545,101546,17,0,Bio.Metamor Cluster - Bright (Chest),1
17,101549,101550,17,0,Psycho Modi Cluster - Faded (Ear),1
17,101551,101552,17,0,Psycho Modi Cluster - Bright (Eye),1
17,101553,101407,17,0,Psycho Modi Cluster - Shiny (Head),1
17,101555,101556,17,0,Ranged Ener Cluster - Faded (Left-Hand),3
17,101561,101562,17,0,Multi Ranged Cluster - Faded (Eye),1
17,101569,101570,17,0,Trap Disarm Cluster - Bright (Left-Hand),1
17,101573,101574,17,0,Perception Cluster - Faded (Head),1
17,101575,101576,17,0,Perception Cluster - Bright (Eye),1
17,101577,101578,17,0,Perception Cluster - Shiny (Ear),1
17,101583,101584,17,0,Adventuring Cluster - Shiny (Leg),2
17,101603,101604,17,0,Tutoring Cluster - Faded (Head),1
17,101605,101606,17,0,Tutoring Cluster - Bright (Ear),2
17,101613,101614,17,0,Brawling Cluster - Shiny (Left-Arm),1
17,101615,101616,17,0,Riposte Cluster - Faded (Right-Arm),2
17,101617,101618,17,0,Riposte Cluster - Bright (Left-Wrist),1
17,101621,101622,17,0,Dimach Cluster - Faded (Waist),1
17,101625,101626,17,0,Dimach Cluster - Shiny (Chest),1
17,101627,101628,17,0,Parry Cluster - Faded (Right-Arm),1
17,101629,101630,17,0,Parry Cluster - Bright (Left-Wrist),1
17,101633,101634,17,0,Sneak Atck Cluster - Faded (Eye),2
17,101635,101636,17,0,Sneak Atck Cluster - Bright (Right-Wrist),1
17,101639,101640,17,0,Fast Attack Cluster - Faded (Right-Arm),1
17,101643,101644,17,0,Fast Attack Cluster - Shiny (Left-Hand),1
17,101645,101646,17,0,NanoC. Init Cluster - Faded (Chest),3
17,101647,101648,17,0,NanoC. Init Cluster - Bright (Eye),1
17,101649,101650,17,0,NanoC. Init Cluster - Shiny (Head),1
17,101655,101656,17,0,Fling Shot Cluster - Shiny (Right-Arm),1
17,101659,101660,17,0,Aimed Shot Cluster - Bright (Right-Wrist),1
17,101665,101666,17,0,Body Dev Cluster - Bright (Waist),1
17,101667,101668,17,0,Body Dev Cluster - Shiny (Chest),1
17,101681,101682,17,0,Evade-ClsC Cluster - Faded (Waist),1
17,101683,101684,17,0,Evade-ClsC Cluster - Bright (Leg),3
17,101693,101694,17,0,Weapon Smt Cluster - Faded (Eye),1
17,101695,101696,17,0,Weapon Smt Cluster - Bright (Head),2
17,101697,101698,17,0,Weapon Smt Cluster - Shiny (Right-Hand),1
17,101699,101700,17,0,Pharma Tech Cluster - Faded (Right-Hand),2
17,101701,101702,17,0,Pharma Tech Cluster - Bright (Eye),2
17,101705,101706,17,0,Nano Progra Cluster - Faded (Right-Hand),1
17,101707,101708,17,0,Nano Progra Cluster - Bright (Eye),1
17,101715,101716,17,0,Comp. Liter Cluster - Shiny (Head),3
17,101721,101722,17,0,Psychology Cluster - Shiny (Head),2
17,101723,101724,17,0,Chemistry Cluster - Faded (Right-Hand),1
17,101725,101726,17,0,Chemistry Cluster - Bright (Eye),1
17,101729,101730,17,0,Concealment Cluster - Faded (Eye),1
17,101731,101732,17,0,Concealment Cluster - Bright (Ear),1
17,101733,101734,17,0,Concealment Cluster - Shiny (Feet),2
17,101737,101738,17,0,Break & Entry Cluster - Bright (Left-Arm),1
17,101739,101740,17,0,Break & Entry Cluster - Shiny (Right-Arm),1
17,101741,101742,17,0,Vehicle Grnd Cluster - Faded (Ear),1
17,101747,101748,17,0,Full Auto Cluster - Faded (Waist),2
17,101749,101750,17,0,Full Auto Cluster - Bright (Right-Wrist),1
17,101753,101754,17,0,Burst Cluster - Faded (Right-Hand),1
17,101755,101756,17,0,Burst Cluster - Bright (Right-Wrist),2
17,101757,101758,17,0,Burst Cluster - Shiny (Right-Arm),1
17,101761,101762,17,0,Disease AC Cluster - Bright (Leg),1
17,101763,101764,17,0,Disease AC Cluster - Shiny (Head),2
17,101771,101772,17,0,Strength Cluster - Faded (Chest),3
17,101775,101776,17,0,Strength Cluster - Shiny (Right-Arm),1
17,101777,101778,17,0,Agility Cluster - Faded (Waist),1
17,101783,101784,17,0,Stamina Cluster - Faded (Waist),1
17,101785,101786,17,0,Stamina Cluster - Bright (Leg),1
17,101789,101790,17,0,Intelligence Cluster - Faded (Ear),1
17,101791,101792,17,0,Intelligence Cluster - Bright (Eye),1
17,101803,101804,17,0,Psychic Cluster - Bright (Chest),2
17,101807,101808,17,0,Max Health Cluster - Faded (Leg),1
17,101815,101816,17,0,Max Nano Cluster - Bright (Waist),1
17,101817,101818,17,0,Max Nano Cluster - Shiny (Head),2
17,101827,101828,17,0,"Eye Implant: Vehicle Air, Shiny",1
17,101873,101874,17,0,"Eye Implant: Vehicle Air, Shiny",1
17,101877,101878,17,0,"Eye Implant: Map Navig, Shiny",1
17,101879,101880,17,0,"Eye Implant: Tutoring, Shiny",1
17,101941,101942,17,0,"Eye Implant: Aimed Shot, Shiny",1
17,101967,101968,17,0,"Eye Implant: Aimed Shot, Shiny",1
17,101969,101970,17,0,"Eye Implant: Aimed Shot, Shiny",1
17,101989,101990,17,0,"Eye Implant: Map Navig, Shiny",1
17,102043,102044,17,0,"Eye Implant: Map Navig, Shiny",1
17,102049,102050,17,0,"Eye Implant: Tutoring, Shiny",1
17,102104,102105,17,0,"Eye Implant: Perception, Bright",1
17,102190,102191,17,0,"Eye Implant: Vehicle Air, Shiny",1
17,102236,102237,17,0,"Eye Implant: Rifle, Shiny",1
17,102279,102280,17,0,"Eye Implant: Aimed Shot, Shiny",1
17,102303,102304,17,0,"Eye Implant: Aimed Shot, Shiny",1
17,102317,102318,17,0,"Eye Implant: Elec. Engi, Shiny",1
17,102340,102341,17,0,"Eye Implant: Vehicle Air, Shiny",1
17,102348,102349,17,0,"Eye Implant: Sensory Impr, Bright",1
17,102354,102355,17,0,"Eye Implant: Bow, Faded",1
17,102455,102456,17,0,"Eye Implant: Nano Progra, Bright",1
17,102506,102507,17,0,"Eye Implant: Aimed Shot, Shiny",1
17,102514,102515,17,0,"Eye Implant: Vehicle Air, Shiny",1
17,102547,102548,17,0,"Eye Implant: Vehicle Air, Shiny",1
17,102557,102558,17,0,"Eye Implant: Rifle, Shiny",1
17,102579,102580,17,0,"Eye Implant: Vehicle Air, Shiny",1
17,102601,102602,17,0,"Eye Implant: Tutoring, Shiny",1
17,102605,102606,17,0,"Eye Implant: Heavy Weapons, Bright",1
17,102607,102608,17,0,"Eye Implant: Rifle, Shiny",1
17,102613,102614,17,0,"Eye Implant: Map Navig, Shiny",1
17,102639,102640,17,0,"Eye Implant: Pistol, Faded",1
17,102671,102672,17,0,"Eye Implant: Sensory Impr, Bright",1
17,102757,102758,17,0,"Eye Implant: Rifle, Shiny",1
17,102759,102760,17,0,"Eye Implant: Elec. Engi, Shiny",1
17,102771,102829,17,0,"Eye Implant: Rifle, Shiny",1
17,102819,102820,17,0,"Eye Implant: Vehicle Air, Shiny",1
17,102821,102822,17,0,"Eye Implant: Map Navig, Shiny",1
17,102898,102899,17,0,"Eye Implant: Vehicle Air, Shiny",1
17,102917,102918,17,0,"Eye Implant: Map Navig, Shiny",1
17,102941,102942,17,0,"Eye Implant: Elec. Engi, Shiny",1
17,102954,102955,17,0,"Eye Implant: Map Navig, Shiny",1
17,103033,103034,17,0,"Eye Implant: Vehicle Air, Shiny",1
17,103047,103048,17,0,"Eye Implant: Aimed Shot, Shiny",1
17,103094,103095,17,0,"Eye Implant: Aimed Shot, Shiny",1
17,103146,103147,17,0,"Eye Implant: Map Navig, Shiny",1
17,103161,103162,17,0,"Eye Implant: Grenade, Bright",1
17,103199,103200,17,0,"Eye Implant: Tutoring, Shiny",1
17,103326,103327,17,0,"Eye Implant: Vehicle Air, Shiny",1
17,103390,103391,17,0,"Eye Implant: Elec. Engi, Shiny",2
17,103435,103436,17,0,"Eye Implant: Rifle, Shiny",1
17,103455,103513,17,0,"Eye Implant: Vehicle Hydr, Bright",1
17,103610,103611,17,0,"Eye Implant: NanoC. Init, Bright",1
17,103633,103634,17,0,"Eye Implant: Nano Progra, Bright",1
17,103637,103638,17,0,"Eye Implant: Elec. Engi, Shiny",1
17,103685,103686,17,0,"Eye Implant: Tutoring, Shiny",1
17,103709,103710,17,0,"Eye Implant: Rifle, Shiny",1
17,103733,103734,17,0,"Eye Implant: Aimed Shot, Shiny",1
17,103859,103860,17,0,"Eye Implant: Aimed Shot, Shiny",1
17,103883,103884,17,0,"Eye Implant: Map Navig, Shiny",1
17,103985,103986,17,0,"Eye Implant: Aimed Shot, Shiny",1
17,104033,104034,17,0,"Eye Implant: Elec. Engi, Shiny",1
17,104071,104072,17,0,"Eye Implant: Perception, Bright",1
17,104075,104076,17,0,"Eye Implant: Elec. Engi, Shiny",1
17,104101,104102,17,0,"Eye Implant: Rifle, Shiny",1
17,104444,104445,17,0,"Eye Implant: Vehicle Air, Shiny",1
17,104458,104459,17,0,"Eye Implant: Vehicle Air, Shiny",2
17,104472,104473,17,0,"Eye Implant: Map Navig, Shiny",1
17,104504,104505,17,0,"Eye Implant: Aimed Shot, Shiny",1
17,104510,104511,17,0,"Eye Implant: Elec. Engi, Shiny",1
17,104550,104551,17,0,"Eye Implant: Rifle, Shiny",1
17,104564,104565,17,0,"Eye Implant: Rifle, Shiny",1
17,104760,104761,17,0,"Eye Implant: Vehicle Air, Shiny",1
17,104792,104793,17,0,"Eye Implant: Rifle, Shiny",1
17,104794,104795,17,0,"Eye Implant: Elec. Engi, Shiny",1
17,104832,104833,17,0,"Eye Implant: Tutoring, Shiny",1
17,104854,104855,17,0,"Eye Implant: Elec. Engi, Shiny",1
17,104880,104881,17,0,"Eye Implant: Rifle, Shiny",1
17,104886,104887,17,0,"Eye Implant: Map Navig, Shiny",1
17,104923,104924,17,0,"Eye Implant: Tutoring, Shiny",1
17,104980,104981,17,0,"Eye Implant: Map Navig, Shiny",1
17,104986,104987,17,0,"Eye Implant: Vehicle Grnd, Bright",1
17,105051,105052,17,0,"Head Implant: Bow Spc Att, Shiny",1
17,105191,105192,17,0,"Head Implant: Max Nano, Shiny",1
17,105237,105238,17,0,"Head Implant: Bio.Metamor, Shiny",1
17,105283,105284,17,0,"Head Implant: Vehicle Grnd, Shiny",1
17,105410,105411,17,0,"Head Implant: Vehicle Grnd, Shiny",1
17,105435,105436,17,0,"Head Implant: First Aid, Shiny",1
17,105465,105466,17,0,"Head Implant: Time & Space, Shiny",1
17,105591,105592,17,0,"Head Implant: Nano Progra, Shiny",1
17,105623,105624,17,0,"Head Implant: Max Nano, Shiny",1
17,105635,105636,17,0,"Head Implant: Melee Ener, Shiny",1
17,105659,105660,17,0,"Head Implant: Mech. Engi, Shiny",1
17,105673,105674,17,0,"Head Implant: Psycho Modi, Shiny",1
17,105749,105750,17,0,"Head Implant: Vehicle Hydr, Shiny",1
17,105763,105764,17,0,"Head Implant: Treatment, Shiny",1
17,105773,105774,17,0,"Head Implant: Matt.Metam, Shiny",1
17,105777,105778,17,0,"Head Implant: Bio.Metamor, Shiny",1
17,106017,106018,17,0,"Head Implant: First Aid, Shiny",1
17,106063,106064,17,0,"Head Implant: Psycho Modi, Shiny",1
17,106077,106078,17,0,"Head Implant: Nano Progra, Shiny",1
17,106091,106092,17,0,"Head Implant: Psychic, Shiny",1
17,106136,106137,17,0,"Head Implant: Nano Resist, Shiny",1
17,106144,106145,17,0,"Head Implant: Vehicle Hydr, Shiny",1
17,106293,106294,17,0,"Head Implant: Matt.Metam, Shiny",1
17,106303,106304,17,0,"Head Implant: Ranged Ener, Shiny",1
17,106441,106442,17,0,"Head Implant: Psycho Modi, Shiny",1
17,106572,106573,17,0,"Head Implant: Psychic, Shiny",1
17,106623,106624,17,0,"Head Implant: Matter Crea, Shiny",1
17,106647,106648,17,0,"Head Implant: Intelligence, Shiny",1
17,106681,106682,17,0,"Head Implant: Ranged Ener, Shiny",1
17,106743,106744,17,0,"Head Implant: Nano Progra, Shiny",1
17,106747,106748,17,0,"Head Implant: Melee Ener, Shiny",1
17,106789,106790,17,0,"Head Implant: Ranged Ener, Shiny",1
17,106827,106828,17,0,"Head Implant: First Aid, Shiny",1
17,106839,106840,17,0,"Head Implant: Chemistry, Shiny",1
17,106845,106846,17,0,"Head Implant: Intelligence, Shiny",1
17,106930,106931,17,0,"Head Implant: Psychology, Shiny",1
17,107013,107014,17,0,"Head Implant: Nano Progra, Shiny",1
17,107203,107263,17,0,"Head Implant: Sensory Impr, Shiny",2
17,107205,107206,17,0,"Head Implant: NanoC. Init, Shiny",1
17,107289,107290,17,0,"Ear Implant: Perception, Shiny",1
17,107303,107304,17,0,"Ear Implant: Psychology, Bright",1
17,107331,107332,17,0,"Ear Implant: Intelligence, Faded",1
17,107337,107338,17,0,"Ear Implant: Perception, Shiny",2
17,107365,107366,17,0,"Ear Implant: Perception, Shiny",1
17,107384,107385,17,0,"Right-Arm Implant: Full Auto, Shiny",1
17,107396,107397,17,0,"Right-Arm Implant: 2h Edged, Shiny",1
17,107677,107678,17,0,"Right-Arm Implant: Fling Shot, Shiny",1
17,107705,107706,17,0,"Right-Arm Implant: 1h Edged Weapon, Shiny",1
17,107777,107778,17,0,"Right-Arm Implant: Heavy Weapons, Shiny",1
17,107783,107852,17,0,"Right-Arm Implant: Shotgun, Shiny",1
17,107799,107800,17,0,"Right-Arm Implant: 1h Blunt, Shiny",1
17,107825,107826,17,0,"Right-Arm Implant: Full Auto, Shiny",1
17,107861,107862,17,0,"Right-Arm Implant: Burst, Shiny",1
17,108091,108092,17,0,"Right-Arm Implant: Full Auto, Shiny",1
17,108119,108120,17,0,"Right-Arm Implant: Bow, Shiny",1
17,108184,108185,17,0,"Right-Arm Implant: 2h Edged, Shiny",1
17,108214,108215,17,0,"Right-Arm Implant: Chemical AC, Bright",1
17,108216,108217,17,0,"Right-Arm Implant: 1h Blunt, Shiny",1
17,108230,108231,17,0,"Right-Arm Implant: Piercing, Shiny",1
17,108240,108241,17,0,"Right-Arm Implant: Heavy Weapons, Shiny",1
17,108345,108346,17,0,"Right-Arm Implant: Heavy Weapons, Shiny",1
17,108359,108360,17,0,"Right-Arm Implant: Full Auto, Shiny",1
17,108387,108388,17,0,"Chest Implant: Dimach, Shiny",1
17,108394,108395,17,0,"Right-Arm Implant: Break & Entry, Shiny",1
17,108514,108515,17,0,"Chest Implant: Melee/Ma AC, Shiny",1
17,108598,108599,17,0,"Chest Implant: Max Health, Shiny",1
17,108600,108601,17,0,"Chest Implant: Bio.Metamor, Bright",1
17,108814,108815,17,0,"Chest Implant: Max Health, Shiny",1
17,108842,108843,17,0,"Chest Implant: Stamina, Shiny",1
17,108862,108863,17,0,"Chest Implant: Body Dev, Shiny",1
17,108906,108907,17,0,"Chest Implant: Dimach, Shiny",1
17,108964,108965,17,0,"Chest Implant: Energy AC, Shiny",1
17,108968,108969,17,0,"Chest Implant: Dimach, Shiny",1
17,108976,108977,17,0,"Chest Implant: Max Health, Shiny",1
17,109138,109139,17,0,"Chest Implant: Max Health, Shiny",1
17,109206,109207,17,0,"Chest Implant: Sense, Shiny",2
17,109216,109217,17,0,"Chest Implant: Energy AC, Shiny",1
17,109309,109310,17,0,"Left-Arm Implant: Piercing, Bright",1
17,109317,109318,17,0,"Left-Arm Implant: Bow, Bright",1
17,109345,109346,17,0,"Left-Arm Implant: Brawling, Shiny",1
17,109380,109381,17,0,"Left-Arm Implant: Radiation AC, Bright",1
17,109494,109495,17,0,"Right-Wrist Implant: Riposte, Shiny",1
17,109722,109755,17,0,"Right-Wrist Implant: Riposte, Shiny",1
17,109744,109745,17,0,"Right-Wrist Implant: Pistol, Shiny",1
17,109790,109791,17,0,"Right-Wrist Implant: Ranged. Init, Shiny",1
17,109852,109853,17,0,"Right-Wrist Implant: Riposte, Shiny",1
17,110038,110039,17,0,"Right-Wrist Implant: Sharp Obj, Shiny",1
17,110152,110153,17,0,"Waist Implant: Body Dev, Bright",2
17,110190,110191,17,0,"Waist Implant: Fire AC, Shiny",1
17,110220,110221,17,0,"Waist Implant: Cold AC, Shiny",1
17,110224,110225,17,0,"Waist Implant: Fire AC, Shiny",1
17,110278,110279,17,0,"Waist Implant: Cold AC, Shiny",1
17,110280,110281,17,0,"Waist Implant: Cold AC, Shiny",1
17,110302,110303,17,0,"Waist Implant: Radiation AC, Shiny",1
17,110336,110337,17,0,"Waist Implant: Fire AC, Shiny",1
17,110442,110443,17,0,"Waist Implant: Radiation AC, Shiny",1
17,110484,110485,17,0,"Waist Implant: Cold AC, Shiny",1
17,110496,110497,17,0,"Waist Implant: Fire AC, Shiny",1
17,110526,110527,17,0,"Waist Implant: Cold AC, Shiny",1
17,110606,110607,17,0,"Waist Implant: Radiation AC, Shiny",1
17,110702,110703,17,0,"Waist Implant: Chemical AC, Shiny",1
17,110810,110811,17,0,"Waist Implant: Brawling, Faded",1
17,110870,110871,17,0,"Waist Implant: Fire AC, Shiny",1
17,110914,110915,17,0,"Waist Implant: Radiation AC, Shiny",1
17,110918,110937,17,0,"Waist Implant: Fire AC, Shiny",1
17,111096,111097,17,0,"Waist Implant: Fire AC, Shiny",1
17,111172,111173,17,0,"Waist Implant: Radiation AC, Shiny",1
17,111174,111175,17,0,"Waist Implant: Cold AC, Shiny",1
17,111184,111185,17,0,"Waist Implant: Cold AC, Shiny",2
17,111257,111258,17,0,"Waist Implant: Body Dev, Bright",1
17,111357,111358,17,0,"Waist Implant: Sense, Bright",1
17,111377,111378,17,0,"Waist Implant: Max Nano, Bright",1
17,111480,111481,17,0,"Right-Hand Implant: Martial Arts, Shiny",1
17,111531,111532,17,0,"Right-Hand Implant: Trap Disarm, Shiny",1
17,111570,111571,17,0,"Right-Hand Implant: Weapon Smt, Shiny",1
17,111596,111597,17,0,"Right-Hand Implant: Trap Disarm, Shiny",1
17,111606,111675,17,0,"Right-Hand Implant: Martial Arts, Shiny",1
17,111692,111693,17,0,"Right-Hand Implant: Weapon Smt, Shiny",1
17,111761,111762,17,0,"Right-Hand Implant: Martial Arts, Shiny",1
17,111765,111766,17,0,"Right-Hand Implant: Trap Disarm, Shiny",1
17,111870,111871,17,0,"Right-Hand Implant: Martial Arts, Shiny",1
17,111884,111885,17,0,"Right-Hand Implant: Shotgun, Bright",1
17,111911,111912,17,0,"Right-Hand Implant: Trap Disarm, Shiny",1
17,111945,111946,17,0,"Right-Hand Implant: Weapon Smt, Shiny",1
17,111989,111990,17,0,"Right-Hand Implant: Trap Disarm, Shiny",1
17,112118,112119,17,0,"Right-Hand Implant: First Aid, Bright",1
17,112288,112238,17,0,"Right-Hand Implant: Fling Shot, Bright",1
17,112326,112327,17,0,"Right-Hand Implant: First Aid, Bright",1
17,112500,112501,17,0,"Right-Hand Implant: Weapon Smt, Shiny",1
17,112522,112523,17,0,"Right-Hand Implant: Trap Disarm, Shiny",1
17,112552,112553,17,0,"Right-Hand Implant: Martial Arts, Shiny",1
17,112678,112679,17,0,"Right-Hand Implant: Sharp Obj, Bright",1
17,112707,112708,17,0,"Right-Hand Implant: Trap Disarm, Shiny",1
17,112715,112716,17,0,"Right-Hand Implant: Trap Disarm, Shiny",1
17,112732,112733,17,0,"Right-Hand Implant: Weapon Smt, Shiny",1
17,112750,112751,17,0,"Right-Hand Implant: Fast Attack, Bright",1
17,112807,112808,17,0,"Right-Hand Implant: Trap Disarm, Shiny",2
17,112943,112944,17,0,"Right-Hand Implant: Bow Spc Att, Bright",1
17,112959,112960,17,0,"Right-Hand Implant: Matter Crea, Bright",1
17,113106,113107,17,0,"Right-Hand Implant: Trap Disarm, Shiny",1
17,113129,113130,17,0,"Leg Implant: Agility, Shiny",1
17,113139,113140,17,0,"Leg Implant: Imp/Proj AC, Shiny",1
17,113150,113151,17,0,"Leg Implant: Imp/Proj AC, Shiny",1
17,113287,113288,17,0,"Leg Implant: Agility, Shiny",1
17,113289,113290,17,0,"Leg Implant: Evade-ClsC, Bright",1
17,113408,113409,17,0,"Leg Implant: Swimming, Shiny",1
17,113410,113411,17,0,"Leg Implant: Swimming, Shiny",1
17,113573,113574,17,0,"Left-Hand Implant: Fire AC, Bright",1
17,116800,116800,14,0,Nano Crystal (Quick Fix),1
17,120609,120609,1,0,Omni-Med Cloak,4
17,120628,120628,1,0,Medical Cloak,1
17,121306,121307,17,0,Information Tool - Level,1
17,121348,121348,18,0,Nano Crystal (Team Skill Wrangler (Weak)),1
17,121351,121351,27,0,Nano Crystal (Team Skill Wrangler (Patchy)),1
17,121360,121360,8,0,Nano Crystal (Skill Wrangler (Weak)),1
17,121366,121366,21,0,Nano Crystal (Skill Wrangler (Minor)),1
17,121572,121573,17,0,Useless Triple-Blade,1
17,121591,121592,17,0,Rusty Hand Blade,1
17,121629,121630,17,0,Rusty Spiked Axe,1
17,121665,121666,17,0,Dulled Thagh Whings,3
17,121703,121704,17,0,Dull Whings,1
17,121741,121742,17,0,Unbalanced Right Slice,1
17,121760,121761,17,0,Unbalanced Mini Axe,2
17,121779,121780,17,0,Ill-Treated Subturbine,1
17,121798,121799,17,0,Ill-Treated Disaffiliation Sniper,1
17,121817,121818,17,0,Irreparable Sleekblaster Minor,1
17,121836,121837,17,0,Irreparable Sleekblaster,1
17,121855,121856,17,0,Ill-Treated Chunkprojector,1
17,121893,121894,17,0,Ill-Treated Heavy Grinner,1
17,121912,121913,17,0,Ill-Treated Flamethrower,3
17,121931,121932,17,0,Ill-Treated Gatling Saw 20k,1
17,121950,121951,17,0,Unbalanced Slank Chop,1
17,121969,121970,17,0,Dull Katana,2
17,121988,121989,17,0,Irreparable Blackened Miniblaster,1
17,122007,122008,17,0,Ill-Treated Blackened Blaster,1
17,122083,122084,17,0,Ill-Treated Blackened Blaster Rifle,2
17,122140,122141,17,0,Unbalanced Cutlass,1
17,122197,122198,17,0,Ill-Treated DNA-Locked Blaster Rifle,2
17,122216,122217,17,0,Ill-Treated Stigma Rifle,1
17,122235,122236,17,0,Ill-Treated Electrical Pacifier,1
17,122254,122255,17,0,Ill-Treated Eradicator XCI-52,2
17,122292,122293,17,0,Irreparable Omni-Flamer Mk IV,1
17,122311,122312,17,0,Ill-Treated Stanton Stunner IV,2
17,122463,122464,17,0,Irreparable El Diablo,1
17,122482,122483,17,0,Irreparable Ingram Blaster 23-X,2
17,122539,122540,17,0,Ill-Treated Omni-Pol Standard Flamer,1
17,122577,122578,17,0,Ill-Treated Supernova Mk VI,1
17,122615,122616,17,0,Irreparable Aero Borealis Corona,1
17,122672,122673,17,0,Ill-Treated Heavy Lead Sprayer,1
17,122691,122692,17,0,Unbalanced Advanced Baseballbat,1
17,122748,122749,17,0,Dull Two-Handed Blackjack,2
17,122767,122768,17,0,Ill-Treated Bow-Blaster,2
17,122824,122825,17,0,Worn-Out Chair,2
17,122905,122906,17,0,Dull Support Beam,1
17,122981,122982,17,0,Irreparable Kolt 58 Magnum,2
17,123000,123001,17,0,Dull Notum Spear,1
17,123019,123020,17,0,Ill-Treated Mini-Shotgun,1
17,123076,123077,17,0,Irreparable Sleekblaster Major,1
17,123095,123096,17,0,Irreparable DNA-Targeted Executioner Pistol,1
17,123114,123115,17,0,Unbalanced Bow Split,1
17,123133,123134,17,0,Ill-Treated Heavy Gamma-Beamer,1
17,123267,123268,17,0,Ill-Treated Nova Flow - Mk IV,2
17,123305,123306,17,0,Ill-Treated Enriched Uranium Sprayer,1
17,123343,123344,17,0,Unbalanced Hand Axe,3
17,123362,123363,17,0,Unbalanced Lead Pipe,1
17,123381,123382,17,0,Unbalanced Meat-Cleaver,1
17,123400,123401,17,0,Gluegun,1
17,123419,123420,17,0,Ill-Treated Netgun,2
17,123476,123477,17,0,Irreparable MTI USP 21,1
17,123495,123496,17,0,Irreparable IMI Desert Reet 1000,2
17,123514,123515,17,0,Irreparable Khemo-Tech Model 200,1
17,123552,123553,17,0,Irreparable Knights Inc. Special-Purpose Pistol,1
17,123571,123572,17,0,Ill-Treated OT 0220 22mm Combat Magnum,1
17,123628,123629,17,0,Irreparable BBI Sigma III,3
17,123666,123667,17,0,Irreparable River MV,1
17,123685,123686,17,0,Irreparable Seburo Bobsons,1
17,123725,123726,17,0,Used MTI M-1 Bipower,3
17,123744,123745,17,0,Shortened OT M-10 Flechette Pistol,1
17,123774,123775,17,0,Rusty MTI 95 Match Pistol,1
17,123789,123790,17,0,Leaking MTI VP300 Caseless,2
17,123810,123811,17,0,MTI SW500 ,2
17,123844,123845,17,0,Rusty Freedom Arms Super 90,1
17,123855,123856,17,0,Second-Hand Old English Trading Co.,2
17,123893,123894,17,0,Rusty OT Backup,2
17,123909,123910,17,0,Rusty MTI SOCOM Mk IV,1
17,123928,123929,17,0,Rusty FN 7-7 Pistol,2
17,123933,123934,17,0,Stained MTI USP 1200,2
17,123968,123970,17,0,Rusty OT Boomer M30,4
17,123979,123980,17,0,Rusty Nomad 21.7 BMG Ranger,1
17,123993,123994,17,0,Old English Trading Co. Type 77a,2
17,124004,124005,17,0,Rusty M150 Booster Edition,1
17,124025,124026,17,0,Battered Galahad Inc. 055,3
17,124070,124071,17,0,M52A Pulse Rifle,4
17,124073,124074,17,0,Rusty BBI PS500,1
17,124092,124093,17,0,Rusted AcuTek Cruncher,1
17,124136,124137,17,0,ICC Arms 2Q2B Gun Bag,2
17,124198,124199,17,0,Worn OT-Windchaser RM70 Junior,1
17,124219,124220,17,0,Galahad Inc. Scout,1
17,124232,124233,17,0,Springfield Arms Home Defender,1
17,124263,124264,17,0,Old OT MPS-00 Police Shotgun,1
17,124276,124277,17,0,Rusty Krutt Assault 219,2
17,124285,124286,17,0,Rusty OT-Windchaser SM30 Shotgun,1
17,124313,124314,17,0,Rusty Ithaca Ki-8,2
17,124341,124342,17,0,Tsakachumi PTO-HV Counter-Sniper Rifle,1
17,124364,124365,17,0,Rusty OT Anti-Cyborg Rifle,2
17,124372,124373,17,0,Battered BBI AS-90,1
17,124386,124387,17,0,Rusty MTI G02K,1
17,124409,124410,17,0,MTI G-70,1
17,124431,124432,17,0,Bent BBI Minami-90,1
17,124462,124463,17,0,BBI Ranged Restraint Carbine (Joith gun),2
17,124484,124485,17,0,Ingram Morning Star,1
17,124510,124511,17,0,Rusty Sentinels Personal Edition,1
17,124529,124530,17,0,Prototype Sito-Tech Model 00,1
17,124545,124546,17,0,YES Support 1010,1
17,124557,124558,17,0,Kang Tao Spitting Cobra,2
17,124617,124618,17,0,Used MTI SO1210,1
17,124624,124625,17,0,Ill-Treated MTI UMP22,1
17,124643,124644,17,0,Ill-Treated Kalinkanov ZU-113 Security Weapon,1
17,124681,124682,17,0,Ill-Treated MTI MPK-22 Briefcase Gun,1
17,124730,124731,17,0,Ill-Treated FN P00,2
17,124779,124780,17,0,Ill-Treated Tsunami Raiden MP-Drum,1
17,124817,124818,17,0,Ill-Treated OT M-70 HardRain GPMG,2
17,124836,124837,17,0,Mistreated Vektor M-31 Automatic Grenade Launcher,1
17,124891,124892,17,0,Ill-Treated OT M-00 Crystal,3
17,124929,124930,17,0,Ill-Treated IEC Flashpoint Laser Rifle,1
17,124967,124968,17,0,Ill-Treated GE XM-559 Man-Portable Laser,2
17,124986,124987,17,0,Ill-Treated Reet-Tech Stryker X,1
17,125024,125025,17,0,Ill-Treated Joint Clans Patriot,9
17,125043,125044,17,0,Ill-Treated Reet-Tech Junior Urban Crossbow,1
17,125081,125082,17,0,Ill-Treated Oneida Razor Half-Bow,3
17,125311,125312,17,0,Splintered Merchant Squibber,1
17,125330,125331,17,0,Splintered Large Rider Squibber,2
17,125343,125344,17,0,Splintered Protector Squibber,1
17,125400,125401,17,0,Splintered Protector Executioner,1
17,125438,125439,17,0,Crumbling Paper Hammer,1
17,125459,125460,17,0,5th level Ninja Wakisashi,2
17,125770,125770,17,0,Nano Crystal (Frost Slivers),1
17,128497,128498,17,0,Uncle Bazzit Custom 22mm,1
17,128603,128604,17,0,Fragile D-nort Compact Assault Rifle,1
17,128655,128656,17,0,Ill-treated HSR Arms Tech Assault IV,1
17,128758,128759,17,0,Ill-treated Fabrique Des Armes Bizon 20-19,1
17,128784,128785,17,0,MTI MP903A3D9,1
17,128789,128790,17,0,Battered Old English Trading Co. SPP-502,1
17,128792,128793,17,0,Ill-treated OT Cobra M-33,1
17,128811,128812,17,0,Ill-treated Zastaba M0-2 Assault Weapon (Zero),1
17,128832,128833,17,0,Chipped Freedom Arms Defender,2
17,128890,128891,17,0,Ill-treated Steiner LM-5 Assault Laser,2
17,128916,128917,17,0,Water balloon,1
17,128938,128939,17,0,Obtuse Peasant Warblade,1
17,128995,128996,17,0,Obtuse Protector Warblade,1
17,129014,129015,17,0,Omni-Med Butter Cake,3
17,129017,129018,17,0,Fast Chocolate Surprise,1
17,129045,129046,17,0,10th level Ninja Katana,1
17,129064,129065,17,0,3rd level Ninja Tanto,1
17,129069,129070,17,0,Sparkling Breathing Space,1
17,129638,129639,17,0,Over-tuned Wen-Wen,4
17,130003,130004,17,0,Run Speed Cluster - Faded (Leg),2
17,130007,130008,17,0,Run Speed Cluster - Shiny (Right-Wrist),2
17,130051,130052,17,0,Ancient Featherwood Staff,1
17,130062,130063,17,0,Cracked Heavy Staff,1
17,130106,130107,17,0,Obtuse Notum Lever,1
17,130163,130164,17,0,Loose MTI Sword,1
17,130172,130173,17,0,Bent OT Sword,1
17,130199,130200,17,0,Bent Bloodworm Carapace,1
17,130216,130217,17,0,Bent Light Spear,2
17,130253,130254,17,0,"Right-Wrist Implant: Run Speed, Shiny",1
17,130389,130360,17,0,"Leg Implant: Energy AC, Bright",1
17,130449,130450,17,0,"Leg Implant: Dodge-Rng, Shiny",1
17,136690,136690,14,0,Nano Crystal (Slipshod Bandaging),1
17,142806,142807,17,0,Misshaped SSC Rustling Wakisashi,1
17,142817,142818,17,0,Obtuse Survival Knife,1
17,142855,142856,17,0,Cast-off Eye Wind Onehander,2
17,144065,144066,17,0,Bent Survival Axe,2
17,144084,144085,17,0,Loose Tanto,1
17,144101,144102,17,0,Sparkling Freedom Arms 4200,2
17,150193,150194,17,0,,1
17,150223,150224,17,0,,1
17,151775,151775,17,0,,1
17,151777,151777,21,0,,1
17,151779,151779,21,0,,3
17,152064,152065,17,0,,1
17,152083,152084,17,0,,1
17,152109,152110,17,0,,1
17,152156,152157,17,0,,1
17,152279,152280,17,0,,1
17,152298,154071,17,0,,1
17,152339,152340,17,0,,1
17,152358,152359,17,0,,1
17,152386,152387,17,0,,1
17,152723,152724,17,0,,2
17,152766,152767,17,0,,1
17,154739,154739,17,0,,1
17,155368,155368,24,0,,1
17,155369,155369,8,0,,2
17,155378,155378,21,0,,2
17,155391,155391,21,0,,1
17,156144,156144,17,0,,2
17,156146,156146,11,0,,2
17,158019,158020,17,0,,1
17,158033,158021,17,0,,1
17,158035,158034,17,0,,1
17,158037,158036,17,0,,2
17,158038,158039,17,0,,1
17,158045,158046,17,0,,2
17,158963,158964,17,0,,1
17,159040,159041,17,0,,1
17,159083,159087,17,0,,1
17,159109,159110,17,0,,1
17,160184,160185,17,0,,1
17,160219,160220,17,0,,1
17,160224,160225,17,0,,2
17,160242,160243,17,0,,1
17,160264,160265,17,0,,2
17,160279,160280,17,0,,2
17,160476,160477,17,0,,1
17,160483,160484,17,0,,2
17,172577,172578,17,0,,1
17,172605,172606,17,0,,1
17,178142,178143,17,0,,1
17,190278,190279,17,0,,1
17,202724,202724,8,0,,1
17,202827,202827,8,0,,2
17,203214,203214,20,0,,1
17,203977,203977,21,0,,1
17,204139,204140,17,0,,1
17,204267,204268,17,0,,1
17,205198,205198,16,0,,2
17,205230,205230,15,0,,4
17,209283,209284,17,0,,1
17,210300,210300,20,0,,2
17,210312,210312,27,0,,2
17,210322,210322,14,0,,1
17,210356,210356,17,0,,7
17,210388,210388,21,0,,3
17,210485,210485,20,0,,1
17,210612,210612,8,0,,3
17,210788,210788,22,0,,5
17,210805,210805,14,0,,2
17,211153,211153,19,0,,4
17,218352,218353,17,0,,1
17,218823,218824,17,0,,1
17,227473,227473,30,0,,3
17,233792,233793,17,0,,1
18,23314,23316,18,0,Simple First-Aid Kit,3
18,25820,25821,18,0,Basic Nano Recharger,1
18,26207,26207,27,0,Nano Crystal (Enhanced Senses),2
18,26471,26471,14,0,Nano Crystal (Ranged Special Attacks Incompetence),2
18,26489,26489,10,0,Nano Crystal (Nano Skills Incompetence),2
18,26503,26503,14,0,Nano Crystal (Melee Special Attacks Incompetence),1
18,26541,26541,10,0,Nano Crystal (Drain Abilities),3
18,27199,27199,10,0,Nano Crystal (Melee Weapons Incompetence),2
18,27381,27381,1,0,Omni-Med Suit Gloves,2
18,27382,27382,1,0,Omni-Med Suit Boots,2
18,27385,27385,1,0,Omni-Med Suit Sleeves,1
18,27386,27386,1,0,Omni-Med Suit Trousers,1
18,27387,27387,1,0,Omni-Med Female Suit Shirt,2
18,28804,28804,10,0,Nano Crystal (Corrosive Spray),1
18,28810,28810,27,0,Nano Crystal (Fire Snake),3
18,28814,28814,14,0,Nano Crystal (Hot Feet),1
18,28836,28836,14,0,Nano Crystal (Shockball),1
18,28917,28917,24,0,Nano Crystal (Bad Blood),2
18,28934,28934,14,0,Nano Crystal (Give Energy: 25),3
18,28938,28938,14,0,Nano Crystal (Give Life: 25),1
18,28939,28939,27,0,Nano Crystal (Give Life: 50),1
18,28950,28950,20,0,Nano Crystal (Muscle Stim),1
18,29195,29195,20,0,Nano Crystal (Crowbar Subtlety),1
18,29333,29333,27,0,Nano Crystal (Attack Booster),2
18,29358,29358,24,0,Nano Crystal (Pistol Mastery),5
18,29360,29360,17,0,Nano Crystal (Quickshot),2
18,29804,29804,27,0,Nano Crystal (Glowing Retribution),1
18,29844,29844,10,0,Nano Crystal (Gun Enhancement),2
18,30101,30101,27,0,Nano Crystal (Anger Addlement),2
18,30758,30758,27,0,Nano Crystal (Apprentice: Field Quantum Physics),2
18,30804,30804,24,0,Nano Crystal (Apprentice: Electrical Engineering),2
18,31419,31419,27,0,Nano Crystal (Contact Poison),1
18,31423,31423,20,0,Nano Crystal (Grid Phreak),2
18,31499,31499,1,0,Red Cloak,2
18,31500,31500,1,0,Grey Cloak,5
18,31501,31501,1,0,Green Cloak,1
18,31502,31502,1,0,Brown Cloak,3
18,31503,31503,1,0,Blue Cloak,3
18,31504,31504,1,0,Jean Trenchcoat,1
18,31515,31515,1,0,Red Omni-Tek Commander Cloak,5
18,31516,31516,1,0,Trenchcoat,3
18,31517,31517,1,0,Black Cloak,3
18,31528,31528,1,0,Red Cloak Hood,1
18,31530,31530,1,0,Grey Cloak Hood,2
18,31531,31531,1,0,Green Cloak Hood,1
18,31533,31533,1,0,Blue Cloak Hood,2
18,31534,31534,1,0,Black Cloak Hood,3
18,32071,32071,17,0,Nano Crystal (False Profession: Adventurer),3
18,32075,32075,20,0,Nano Crystal (False Profession: Engineer),2
18,32076,32076,14,0,Nano Crystal (False Profession: Martial Artist),2
18,32080,32080,24,0,Nano Crystal (False Profession: Fixer),1
18,32081,32081,27,0,Nano Crystal (False Profession: Trader),1
18,32082,32082,10,0,Nano Crystal (False Profession: Enforcer),1
18,38531,38531,24,0,Nano Crystal (Team Terrain Knowledge),1
18,42416,42416,14,0,Nano Crystal (Lasting Heal),1
18,42544,42544,20,0,Nano Crystal (Halon Cloud),1
18,42545,42545,17,0,Nano Crystal (Deep Slash),1
18,42546,42546,17,0,Nano Crystal (Molecule Lance),1
18,43780,43780,14,0,Nano Crystal (Summon Fury Externalization),2
18,43962,43962,17,0,Nano Crystal (Lesser Nano Bandage),1
18,43963,43963,24,0,Nano Crystal (Lesser Nano Surgery),1
18,43975,43975,14,0,Nano Crystal (Inferior Cleanse Wounds),1
18,43993,43993,10,0,Nano Crystal (Dress Wounds),1
18,44185,44185,14,0,Nano Crystal (Elementary Nano Contagion),2
18,45396,45396,24,0,Nano Crystal (Chemical Burn),1
18,45397,45397,24,0,Nano Crystal (Accelerated Decay),2
18,45398,45398,24,0,Nano Crystal (Accelerated Titanium Pellet),2
18,45399,45399,27,0,Nano Crystal (Acidic Conversion),1
18,45945,45945,27,0,Nano Crystal (Wind Blade),2
18,45947,45947,24,0,Nano Crystal (Smiting Missile),1
18,45961,45961,17,0,Nano Crystal (Micro Flechette),1
18,45969,45969,14,0,Nano Crystal (Ion Stream),1
18,45973,45973,14,0,Nano Crystal (Lesser RNA Reaper),2
18,46010,46010,10,0,Nano Crystal (Upgraded Automaton),1
18,46019,46019,17,0,Nano Crystal (Semi-Sentient Automaton),2
18,46040,46040,14,0,Nano Crystal (Perfected Automaton),2
18,46052,46052,24,0,Nano Crystal (Inferior Android),2
18,46058,46058,24,0,Nano Crystal (Lesser Android),2
18,46063,46063,20,0,Nano Crystal (Feeble Android),1
18,46068,46068,27,0,Nano Crystal (Flawed Android),2
18,46082,46082,14,0,Nano Crystal (Advanced Automaton),3
18,46427,46427,17,0,Nano Crystal (Limited Helper-bot),2
18,46435,46435,17,0,Nano Crystal (Faithful Helper-Droid),1
18,46444,46444,24,0,Nano Crystal (Executive-Grade Helper-Droid),2
18,46451,46451,27,0,Nano Crystal (Director-Grade Helper-Droid),1
18,49813,49813,24,0,Nano Crystal (Mighty Challenger to Cyclops),1
18,55683,55682,18,0,Pharma Tech Tutoring Device,3
18,55685,55684,18,0,Nano Programming Tutoring Device,2
18,55688,55677,18,0,Chemistry Tutoring Device,1
18,55692,55691,18,0,Field Quantum Physics Tutoring Device,1
18,55759,55759,20,0,Nano Crystal (Field of Sparks),2
18,55761,55761,10,0,Nano Crystal (Bristling Shield),1
18,55775,55775,24,0,Nano Crystal (Electrical Chastiser),1
18,55840,55840,17,0,Nano Crystal (Jacket of Blades),1
18,55842,55842,24,0,Nano Crystal (Enshroud with Barbs),2
18,56178,56178,14,0,Nano Crystal (Feet of Stone),1
18,56241,56241,17,0,Nano Crystal (Lesser Hold Victim),1
18,56266,56266,14,0,Nano Crystal (Lesser Embrace of Greed),3
18,70390,70390,24,0,Nano Crystal (Lesser Deflection Shield),1
18,70397,70397,14,0,Nano Crystal (Minor Deflection Shield),1
18,70411,70411,10,0,Nano Crystal (Total Mirror Shield Mk I),2
18,70412,70412,27,0,Nano Crystal (Total Mirror Shield Mk II),2
18,70558,85640,18,0,Battered Low-Tech Armor Boots,3
18,70559,85689,18,0,Battered Low-Tech Body Armor,3
18,70560,85688,18,0,Battered Low-Tech Female Body Armor,2
18,70561,85744,18,0,Battered Low-Tech Armor Sleeves,2
18,70562,85597,18,0,Battered Low-Tech Armor Gloves,2
18,70563,85558,18,0,Battered Low-Tech Armor Helmet,2
18,70564,85515,18,0,Battered Low-Tech Armor Pants,1
18,75355,75355,14,0,Nano Crystal (Harden Skin),5
18,75369,75369,20,0,Nano Crystal (Lesser Wilderness Protection),1
18,75417,75417,20,0,Nano Crystal (Lesser Combat Barrier),1
18,78420,78420,17,0,Nano Crystal (Lesser Health Funnel),1
18,78421,78421,20,0,Nano Crystal (Health Funnel),1
18,78422,78422,24,0,Nano Crystal (Major Health Funnel),1
18,81839,81839,27,0,Nano Crystal (Lotus on Water),1
18,81847,81847,20,0,Nano Crystal (Energized Fists),1
18,81892,81892,10,0,Nano Crystal (Lesser Nano Boost),1
18,81897,81897,24,0,Nano Crystal (Nano Augmentation),1
18,81953,81953,27,0,Nano Crystal (Lesser Mysterious Causes),2
18,82070,82070,20,0,Nano Crystal (Restore Essence),2
18,82071,82071,10,0,Nano Crystal (Lesser Healing Touch),1
18,82078,82078,17,0,Nano Crystal (Team Rough Stitching),1
18,82188,82188,10,0,Nano Crystal (Mass Daze),1
18,82806,82806,20,0,Nano Crystal (Active Micro Entanglement),2
18,82807,82807,14,0,Nano Crystal (Postpone Encounter),1
18,82811,82811,17,0,Nano Crystal (Weight of the Guilty),1
18,82839,82839,24,0,Nano Crystal (Sparrow Flight),1
18,83920,83919,18,0,Aggression Enhancer,1
18,85282,85282,17,0,Nano Crystal (Medical Claim),1
18,85322,85322,27,0,Nano Crystal (Lesser Delay Pursuers),1
18,85366,85367,18,0,Simple Nano Kit,2
18,85477,21917,18,0,Worn Cyber Armor Sleeves,2
18,85481,85690,18,0,Battered Leather Vest,3
18,85500,85499,18,0,Inferior Chilled Plasteel Armor Pants,2
18,85501,22343,18,0,Inferior Heated Plasteel Armor Pants,4
18,85502,22339,18,0,Recruit-Issue Omni-Pol Forest Armor Pants,6
18,85504,27394,18,0,Recruit-Issue Omni-Pol Desert Armor Pants,1
18,85507,85506,18,0,Battered Nomad Armor Pants,3
18,85510,85509,18,0,Inferior Nail Armor Pants,3
18,85512,85511,18,0,Worn Metaplast Armor Pants,4
18,85513,22313,18,0,Basic Martial Artist Suit Pants,3
18,85517,27360,18,0,Battered Flak Armor Pants,7
18,85519,85518,18,0,Battered Sid's Leather Armor Pants,1
18,85521,85520,18,0,Battered Leather Armor Pants,2
18,85526,22293,18,0,Inferior Energized Armor Pants,2
18,85530,85529,18,0,Worn Bau Cyber Armor Pants,3
18,85531,22289,18,0,Worn Cyber Armor Pants,3
18,85533,85532,18,0,Battered Light Combat Armor Pants,3
18,85551,27402,18,0,Recruit-Issue Omni-Pol Desert Armor Helmet,5
18,85554,85553,18,0,Battered Nomad Armor Helmet,2
18,85557,85556,18,0,Worn Metaplast Armor Helmet,1
18,85560,85559,18,0,Battered Sid's Leather Armor Helmet,6
18,85562,85561,18,0,Battered Leather Armor Helmet,2
18,85567,22223,18,0,Inferior Energized Armor Helmet,1
18,85571,85570,18,0,Worn Bau Cyber Armor Helmet,1
18,85572,22219,18,0,Worn Cyber Armor Helmet,2
18,85586,85585,18,0,Inferior Chilled Plasteel Armor Gloves,1
18,85587,22208,18,0,Inferior Heated Plasteel Armor Gloves,4
18,85588,22204,18,0,Recruit-Issue Omni-Pol Forest Armor Gloves,3
18,85593,85592,18,0,Battered Nomad Armor Gloves,1
18,85596,85595,18,0,Worn Metaplast Armor Gloves,2
18,85600,85599,18,0,Battered Sid's Leather Armor Gloves,1
18,85602,85601,18,0,Battered Leather Armor Gloves,1
18,85612,22166,18,0,Worn Cyber Armor Gloves,1
18,85626,85625,18,0,Inferior Chilled Plasteel Armor Boots,3
18,85628,22150,18,0,Recruit-Issue Omni-Pol Forest Armor Boots,5
18,85630,27392,18,0,Recruit-Issue Omni-Pol Desert Armor Boots,4
18,85633,85632,18,0,Battered Nomad Armor Boots,2
18,85636,85635,18,0,Inferior Nail Armor Boots,2
18,85639,22124,18,0,Basic Martial Artist Suit Boots,3
18,85643,85642,18,0,Battered Sid's Leather Armor Boots,1
18,85645,85644,18,0,Battered Leather Armor Boots,2
18,85650,22108,18,0,Inferior Energized Armor Boots,1
18,85655,22104,18,0,Worn Cyber Armor Boots,2
18,85657,85656,18,0,Battered Light Combat Armor Boots,3
18,85674,85673,18,0,Inferior Chilled Plasteel Body Armor,1
18,85675,22076,18,0,Inferior Heated Plasteel Body Armor,1
18,85678,27398,18,0,Recruit-Issue Omni-Pol Desert Body Armor,3
18,85681,85680,18,0,Battered Nomad Body Armor,3
18,85684,85683,18,0,Inferior Nail Body Armor,1
18,85686,85685,18,0,Worn Metaplast Body Armor,2
18,85691,22004,18,0,Inferior Kevlar Vest,1
18,85693,27389,18,0,Battered Flak Body Armor,2
18,85695,85694,18,0,Battered Sid's Leather Body Armor,4
18,85697,85696,18,0,Battered Leather Body Armor,1
18,85702,22018,18,0,Inferior Energized Body Armor,1
18,85711,22014,18,0,Worn Cyber Female Body Armor,5
18,85712,22010,18,0,Worn Cyber Body Armor,1
18,85714,85713,18,0,Battered Light Combat Body Armor,1
18,85723,85722,18,0,Worn Nadir Steel-Ribbed Armor Sleeves,5
18,85730,85729,18,0,Inferior Chilled Plasteel Armor Sleeves,3
18,85731,21967,18,0,Inferior Heated Plasteel Armor Sleeves,2
18,85732,21963,18,0,Recruit-Issue Omni-Pol Forest Armor Sleeves,1
18,85734,27400,18,0,Recruit-Issue Omni-Pol Desert Armor Sleeves,2
18,85737,85736,18,0,Battered Nomad Armor Sleeves,3
18,85740,85739,18,0,Inferior Nail Armor Sleeves,4
18,85742,85741,18,0,Worn Metaplast Armor Sleeves,2
18,85743,21937,18,0,Basic Martial Artist Suit Sleeves,3
18,85746,27391,18,0,Battered Flak Armor Sleeves,3
18,85748,85747,18,0,Battered Sid's Leather Armor Sleeves,2
18,85750,85749,18,0,Battered Leather Armor Sleeves,4
18,85755,21921,18,0,Inferior Energized Armor Sleeves,5
18,85759,85758,18,0,Worn Bau Cyber Armor Sleeves,4
18,85761,85760,18,0,Battered Light Combat Armor Sleeves,1
18,85895,85895,14,0,Nano Crystal (Deprive Skills (Minor)),1
18,85896,85896,24,0,Nano Crystal (Deprive Skills (Average)),2
18,86441,86441,1,0,Keelarr Sunglasses,1
18,86443,86443,1,0,Visor,1
18,87470,87470,1,0,Tattoo,2
18,87472,87472,1,0,Tattoo,1
18,87475,87475,1,0,Tattoo,1
18,87476,87476,1,0,Tattoo,1
18,87477,87477,1,0,Tattoo,1
18,87478,87478,1,0,Tattoo,2
18,87810,87814,18,0,Hacker Tool,2
18,88373,88374,18,0,Yatamutchy Movement Predictor -X7B,1
18,88379,88380,18,0,Trimmer - Divert Energy to Avoidance,2
18,88383,88384,18,0,Trimmer - Positive Aggressive-Defensive,1
18,90453,90453,17,0,Nano Crystal (Baton of Authority (Team)),1
18,93140,93140,17,0,Nano Crystal (Limited Grid Jump),1
18,95418,95418,24,0,Nano Crystal (Ease of Execution),1
18,95453,95453,20,0,Nano Crystal (Enhance Nano Cohesion),1
18,95514,95515,18,0,NCU Coolant Sink,1
18,95536,95536,14,0,Nano Crystal (Internal Focus),3
18,95727,95727,17,0,Nano Crystal (Boot Camp Toughness),1
18,95728,95728,14,0,Nano Crystal (Essence of Vitality),3
18,95731,95731,24,0,Nano Crystal (Essence of Might),1
18,97449,97449,14,0,Nano Crystal (Survivability Booster),1
18,99212,99212,20,0,Nano Crystal (Temporary Glamor),1
18,99999,99999,1,0,"Body Tattoo, Back",1
18,100004,100004,1,0,"Body Tattoo, Front",1
18,100006,100006,1,0,"Body Tattoo, Back",1
18,100007,100007,1,0,"Body Tattoo, Front",1
18,100009,100009,1,0,"Body Tattoo, Back",1
18,100010,100010,1,0,"Body Tattoo, Back",1
18,100012,100012,1,0,Tattoo,1
18,100202,100202,17,0,Nano Crystal (Mongo Slam!),1
18,100224,100224,27,0,Nano Crystal (Aggressive Instincts),1
18,100228,100228,14,0,Nano Crystal (Draw Attention),3
18,101155,101156,18,0,"Right-Arm Implant: Chemical AC, Bright",1
18,101209,101210,18,0,"Right-Wrist Implant: Sharp Obj, Shiny",2
18,101233,101234,18,0,"Left-Wrist Implant: Melee Ener, Bright",2
18,101309,101310,18,0,Imp/Proj AC Cluster - Faded (Waist),3
18,101311,101312,18,0,Imp/Proj AC Cluster - Bright (Chest),1
18,101313,101314,18,0,Imp/Proj AC Cluster - Shiny (Leg),2
18,101315,101316,18,0,Melee/Ma AC Cluster - Faded (Leg),3
18,101323,101324,18,0,Energy AC Cluster - Bright (Leg),2
18,101325,101326,18,0,Energy AC Cluster - Shiny (Chest),1
18,101329,101330,18,0,Chemical AC Cluster - Bright (Right-Arm),1
18,101333,101371,18,0,Radiation AC Cluster - Faded (Right-Arm),3
18,101335,101336,18,0,1h Blunt Cluster - Bright (Right-Wrist),1
18,101337,101338,18,0,1h Blunt Cluster - Shiny (Right-Arm),1
18,101341,101342,18,0,1h Edged Weapon Cluster - Bright (Right-Wrist),1
18,101345,101346,18,0,Melee Ener Cluster - Faded (Right-Wrist),1
18,101351,101352,18,0,2h Edged Cluster - Faded (Waist),1
18,101353,101354,18,0,2h Edged Cluster - Bright (Left-Arm),1
18,101367,101368,18,0,2h Blunt Cluster - Shiny (Right-Arm),2
18,101369,101370,18,0,Sharp Obj Cluster - Faded (Eye),1
18,101372,101373,18,0,Radiation AC Cluster - Bright (Left-Arm),1
18,101378,101379,18,0,Cold AC Cluster - Bright (Right-Hand),2
18,101386,101387,18,0,Nano Resist Cluster - Shiny (Head),1
18,101394,101395,18,0,Martial Arts Cluster - Faded (Left-Hand),1
18,101396,101397,18,0,Martial Arts Cluster - Bright (Feet),1
18,101400,101401,18,0,Mult. Melee Cluster - Faded (Right-Wrist),1
18,101402,101403,18,0,Mult. Melee Cluster - Bright (Eye),1
18,101404,101405,18,0,Mult. Melee Cluster - Shiny (Left-Wrist),2
18,101406,101334,18,0,1h Blunt Cluster - Faded (Right-Hand),1
18,101414,101415,18,0,Time & Space Cluster - Faded (Eye),1
18,101416,101417,18,0,Time & Space Cluster - Bright (Right-Hand),1
18,101422,101423,18,0,Nano Pool Cluster - Bright (Head),1
18,101424,101554,18,0,Nano Pool Cluster - Shiny (Chest),1
18,101425,101426,18,0,Sharp Obj Cluster - Bright (Right-Hand),1
18,101427,101428,18,0,Sharp Obj Cluster - Shiny (Right-Wrist),2
18,101429,101430,18,0,Grenade Cluster - Faded (Right-Hand),2
18,101431,101432,18,0,Grenade Cluster - Bright (Eye),2
18,101433,101434,18,0,Grenade Cluster - Shiny (Right-Arm),1
18,101435,101436,18,0,Heavy Weapons Cluster - Faded (Right-Hand),1
18,101437,101438,18,0,Heavy Weapons Cluster - Bright (Eye),1
18,101439,101440,18,0,Heavy Weapons Cluster - Shiny (Right-Arm),2
18,101443,101444,18,0,Bow Cluster - Bright (Left-Arm),3
18,101445,101446,18,0,Bow Cluster - Shiny (Right-Arm),1
18,101447,101448,18,0,Pistol Cluster - Faded (Eye),1
18,101449,101450,18,0,Pistol Cluster - Bright (Right-Hand),2
18,101453,101454,18,0,Rifle Cluster - Faded (Left-Wrist),1
18,101461,101462,18,0,MG / SMG Cluster - Bright (Right-Hand),1
18,101463,101464,18,0,MG / SMG Cluster - Shiny (Right-Arm),2
18,101475,101476,18,0,Assault Rif Cluster - Shiny (Right-Arm),1
18,101481,101482,18,0,Vehicle Hydr Cluster - Shiny (Head),1
18,101485,101486,18,0,Melee. Init Cluster - Bright (Leg),1
18,101493,101494,18,0,Ranged. Init Cluster - Shiny (Right-Wrist),1
18,101495,101496,18,0,Physic. Init Cluster - Faded (Left-Arm),2
18,101497,101498,18,0,Physic. Init Cluster - Bright (Right-Arm),1
18,101499,101500,18,0,Physic. Init Cluster - Shiny (Feet),4
18,101503,101504,18,0,Bow Spc Att Cluster - Bright (Right-Hand),1
18,101511,101512,18,0,Sensory Impr Cluster - Shiny (Head),1
18,101513,101514,18,0,First Aid Cluster - Faded (Left-Hand),2
18,101515,101516,18,0,First Aid Cluster - Bright (Right-Hand),1
18,101517,101518,18,0,First Aid Cluster - Shiny (Head),1
18,101521,101522,18,0,Treatment Cluster - Bright (Eye),1
18,101523,101524,18,0,Treatment Cluster - Shiny (Head),2
18,101535,101536,18,0,Elec. Engi Cluster - Shiny (Eye),2
18,101537,101538,18,0,Matt.Metam Cluster - Faded (Left-Arm),1
18,101539,101540,18,0,Matt.Metam Cluster - Bright (Chest),1
18,101541,101542,18,0,Matt.Metam Cluster - Shiny (Head),1
18,101547,101548,18,0,Bio.Metamor Cluster - Shiny (Head),2
18,101551,101552,18,0,Psycho Modi Cluster - Bright (Eye),1
18,101557,101558,18,0,Ranged Ener Cluster - Bright (Eye),2
18,101559,101560,18,0,Ranged Ener Cluster - Shiny (Head),1
18,101561,101562,18,0,Multi Ranged Cluster - Faded (Eye),2
18,101565,101566,18,0,Multi Ranged Cluster - Shiny (Left-Wrist),1
18,101567,101568,18,0,Trap Disarm Cluster - Faded (Head),1
18,101569,101570,18,0,Trap Disarm Cluster - Bright (Left-Hand),1
18,101573,101574,18,0,Perception Cluster - Faded (Head),2
18,101583,101584,18,0,Adventuring Cluster - Shiny (Leg),1
18,101591,101592,18,0,Vehicle Air Cluster - Faded (Head),3
18,101593,101594,18,0,Vehicle Air Cluster - Bright (Ear),1
18,101603,101604,18,0,Tutoring Cluster - Faded (Head),1
18,101605,101606,18,0,Tutoring Cluster - Bright (Ear),1
18,101607,101608,18,0,Tutoring Cluster - Shiny (Eye),1
18,101609,101610,18,0,Brawling Cluster - Faded (Waist),1
18,101613,101614,18,0,Brawling Cluster - Shiny (Left-Arm),1
18,101619,101620,18,0,Riposte Cluster - Shiny (Right-Wrist),2
18,101621,101622,18,0,Dimach Cluster - Faded (Waist),3
18,101629,101630,18,0,Parry Cluster - Bright (Left-Wrist),3
18,101633,101634,18,0,Sneak Atck Cluster - Faded (Eye),1
18,101637,101638,18,0,Sneak Atck Cluster - Shiny (Feet),1
18,101639,101640,18,0,Fast Attack Cluster - Faded (Right-Arm),2
18,101641,101642,18,0,Fast Attack Cluster - Bright (Right-Hand),1
18,101643,101644,18,0,Fast Attack Cluster - Shiny (Left-Hand),1
18,101645,101646,18,0,NanoC. Init Cluster - Faded (Chest),2
18,101653,101654,18,0,Fling Shot Cluster - Bright (Right-Hand),3
18,101655,101656,18,0,Fling Shot Cluster - Shiny (Right-Arm),1
18,101659,101660,18,0,Aimed Shot Cluster - Bright (Right-Wrist),2
18,101663,101664,18,0,Body Dev Cluster - Faded (Leg),2
18,101665,101666,18,0,Body Dev Cluster - Bright (Waist),2
18,101671,101672,18,0,Duck-Exp Cluster - Bright (Waist),3
18,101673,101674,18,0,Duck-Exp Cluster - Shiny (Leg),1
18,101677,101678,18,0,Dodge-Rng Cluster - Bright (Feet),1
18,101681,101682,18,0,Evade-ClsC Cluster - Faded (Waist),2
18,101685,101686,18,0,Evade-ClsC Cluster - Shiny (Feet),1
18,101697,101698,18,0,Weapon Smt Cluster - Shiny (Right-Hand),1
18,101701,101702,18,0,Pharma Tech Cluster - Bright (Eye),2
18,101703,101704,18,0,Pharma Tech Cluster - Shiny (Head),1
18,101707,101708,18,0,Nano Progra Cluster - Bright (Eye),3
18,101715,101716,18,0,Comp. Liter Cluster - Shiny (Head),1
18,101717,101718,18,0,Psychology Cluster - Faded (Eye),1
18,101721,101722,18,0,Psychology Cluster - Shiny (Head),2
18,101725,101726,18,0,Chemistry Cluster - Bright (Eye),2
18,101727,101728,18,0,Chemistry Cluster - Shiny (Head),2
18,101731,101732,18,0,Concealment Cluster - Bright (Ear),1
18,101741,101742,18,0,Vehicle Grnd Cluster - Faded (Ear),1
18,101743,101744,18,0,Vehicle Grnd Cluster - Bright (Eye),1
18,101745,101746,18,0,Vehicle Grnd Cluster - Shiny (Head),1
18,101749,101750,18,0,Full Auto Cluster - Bright (Right-Wrist),2
18,101751,101752,18,0,Full Auto Cluster - Shiny (Right-Arm),2
18,101755,101756,18,0,Burst Cluster - Bright (Right-Wrist),2
18,101761,101762,18,0,Disease AC Cluster - Bright (Leg),1
18,101763,101764,18,0,Disease AC Cluster - Shiny (Head),1
18,101775,101776,18,0,Strength Cluster - Shiny (Right-Arm),1
18,101777,101778,18,0,Agility Cluster - Faded (Waist),4
18,101779,101780,18,0,Agility Cluster - Bright (Feet),1
18,101783,101784,18,0,Stamina Cluster - Faded (Waist),2
18,101789,101790,18,0,Intelligence Cluster - Faded (Ear),1
18,101791,101792,18,0,Intelligence Cluster - Bright (Eye),3
18,101799,101800,18,0,Sense Cluster - Shiny (Chest),2
18,101805,101806,18,0,Psychic Cluster - Shiny (Head),1
18,101807,101808,18,0,Max Health Cluster - Faded (Leg),1
18,101809,101810,18,0,Max Health Cluster - Bright (Waist),1
18,101811,101812,18,0,Max Health Cluster - Shiny (Chest),2
18,101813,101814,18,0,Max Nano Cluster - Faded (Chest),4
18,101815,101816,18,0,Max Nano Cluster - Bright (Waist),1
18,101817,101818,18,0,Max Nano Cluster - Shiny (Head),1
18,101843,101844,18,0,"Eye Implant: Tutoring, Shiny",1
18,101893,101894,18,0,"Eye Implant: Rifle, Shiny",1
18,101941,101942,18,0,"Eye Implant: Aimed Shot, Shiny",1
18,102053,102054,18,0,"Eye Implant: Aimed Shot, Shiny",1
18,102130,102131,18,0,"Eye Implant: NanoC. Init, Bright",1
18,102136,102137,18,0,"Eye Implant: Rifle, Shiny",1
18,102158,102159,18,0,"Eye Implant: Quantum FT, Bright",1
18,102274,102275,18,0,"Eye Implant: Vehicle Air, Shiny",1
18,102346,102347,18,0,"Eye Implant: Aimed Shot, Shiny",1
18,102372,102373,18,0,"Eye Implant: Map Navig, Shiny",1
18,102427,102428,18,0,"Eye Implant: Map Navig, Shiny",1
18,102439,102440,18,0,"Eye Implant: Vehicle Air, Shiny",1
18,102482,102483,18,0,"Eye Implant: Rifle, Shiny",1
18,102508,102509,18,0,"Eye Implant: NanoC. Init, Bright",1
18,102524,102544,18,0,"Eye Implant: Rifle, Shiny",1
18,102599,102600,18,0,"Eye Implant: Map Navig, Shiny",1
18,102695,102810,18,0,"Eye Implant: Tutoring, Shiny",1
18,102774,102775,18,0,"Eye Implant: Vehicle Air, Shiny",1
18,102880,102881,18,0,"Eye Implant: Elec. Engi, Shiny",2
18,102882,102883,18,0,"Eye Implant: Vehicle Air, Shiny",1
18,102948,102949,18,0,"Eye Implant: Rifle, Shiny",1
18,102962,102963,18,0,"Eye Implant: Rifle, Shiny",1
18,103021,103022,18,0,"Eye Implant: Map Navig, Shiny",1
18,103023,103024,18,0,"Eye Implant: Tutoring, Shiny",1
18,103029,103030,18,0,"Eye Implant: Rifle, Shiny",1
18,103037,102943,18,0,"Eye Implant: Tutoring, Shiny",1
18,103039,103040,18,0,"Eye Implant: Elec. Engi, Shiny",1
18,103124,103125,18,0,"Eye Implant: Vehicle Grnd, Bright",1
18,103157,103158,18,0,"Eye Implant: Aimed Shot, Shiny",2
18,103171,103172,18,0,"Eye Implant: Tutoring, Shiny",1
18,103203,103204,18,0,"Eye Implant: Sensory Impr, Bright",1
18,103314,103315,18,0,"Eye Implant: Vehicle Grnd, Bright",1
18,103421,103422,18,0,"Eye Implant: Rifle, Shiny",1
18,103451,103452,18,0,"Eye Implant: Tutoring, Shiny",1
18,103459,103460,18,0,"Eye Implant: Vehicle Air, Shiny",1
18,103578,103579,18,0,"Eye Implant: Tutoring, Shiny",1
18,103631,103632,18,0,"Eye Implant: Aimed Shot, Shiny",1
18,103639,103640,18,0,"Eye Implant: Vehicle Air, Shiny",1
18,103665,103666,18,0,"Eye Implant: Elec. Engi, Shiny",1
18,103703,103704,18,0,"Eye Implant: Multi Ranged, Faded",1
18,103765,103766,18,0,"Eye Implant: Rifle, Shiny",1
18,103789,103790,18,0,"Eye Implant: Aimed Shot, Shiny",1
18,103821,103822,18,0,"Eye Implant: Rifle, Shiny",1
18,103885,103886,18,0,"Eye Implant: Tutoring, Shiny",1
18,103887,103888,18,0,"Eye Implant: Aimed Shot, Shiny",1
18,104135,104136,18,0,"Eye Implant: Map Navig, Shiny",1
18,104228,104229,18,0,"Eye Implant: Vehicle Air, Shiny",1
18,104240,104241,18,0,"Eye Implant: Vehicle Air, Shiny",1
18,104246,104247,18,0,"Eye Implant: Aimed Shot, Shiny",1
18,104270,104271,18,0,"Eye Implant: Map Navig, Shiny",1
18,104392,104393,18,0,"Eye Implant: Elec. Engi, Shiny",1
18,104431,104432,18,0,"Eye Implant: Tutoring, Shiny",1
18,104433,104434,18,0,"Eye Implant: Aimed Shot, Shiny",1
18,104441,104442,18,0,"Eye Implant: Vehicle Air, Shiny",1
18,104446,104447,18,0,"Eye Implant: Map Navig, Shiny",1
18,104458,104459,18,0,"Eye Implant: Vehicle Air, Shiny",1
18,104506,104507,18,0,"Eye Implant: Intelligence, Bright",1
18,104508,104509,18,0,"Eye Implant: Rifle, Shiny",1
18,104520,104521,18,0,"Eye Implant: Psychology, Faded",1
18,104534,104535,18,0,"Eye Implant: Vehicle Air, Shiny",1
18,104603,104604,18,0,"Eye Implant: Elec. Engi, Shiny",1
18,104635,104636,18,0,"Eye Implant: Map Navig, Shiny",1
18,104663,104664,18,0,"Eye Implant: Map Navig, Shiny",1
18,104810,104811,18,0,"Eye Implant: Rifle, Shiny",1
18,104860,104861,18,0,"Eye Implant: Tutoring, Shiny",1
18,104866,104867,18,0,"Eye Implant: Rifle, Shiny",1
18,104892,104893,18,0,"Eye Implant: Pharma Tech, Bright",1
18,104909,104910,18,0,"Head Implant: Sensory Impr, Shiny",1
18,104952,104953,18,0,"Eye Implant: Map Navig, Shiny",1
18,105017,105018,18,0,"Head Implant: Matt.Metam, Shiny",1
18,105129,105130,18,0,"Head Implant: Ranged Ener, Shiny",1
18,105133,105134,18,0,"Head Implant: Ranged Ener, Shiny",1
18,105143,105144,18,0,"Head Implant: NanoC. Init, Shiny",1
18,105233,105234,18,0,"Head Implant: Matt.Metam, Shiny",1
18,105237,105238,18,0,"Head Implant: Bio.Metamor, Shiny",1
18,105307,105308,18,0,"Head Implant: Nano Resist, Shiny",1
18,105319,105320,18,0,"Head Implant: Bow Spc Att, Shiny",1
18,105337,105338,18,0,"Head Implant: Mech. Engi, Shiny",1
18,105343,105344,18,0,"Head Implant: Bio.Metamor, Shiny",1
18,105373,105374,18,0,"Head Implant: Pharma Tech, Shiny",1
18,105388,105389,18,0,"Head Implant: Max Nano, Shiny",1
18,105402,105403,18,0,"Head Implant: Psychology, Shiny",1
18,105499,105500,18,0,"Head Implant: Vehicle Grnd, Shiny",1
18,105563,105564,18,0,"Head Implant: Psycho Modi, Shiny",1
18,105655,105656,18,0,"Head Implant: Treatment, Shiny",1
18,105669,105670,18,0,"Head Implant: Bio.Metamor, Shiny",1
18,105749,105750,18,0,"Head Implant: Vehicle Hydr, Shiny",1
18,105759,105760,18,0,"Head Implant: First Aid, Shiny",1
18,105765,105766,18,0,"Head Implant: Treatment, Shiny",1
18,105813,105814,18,0,"Head Implant: NanoC. Init, Shiny",1
18,105849,105850,18,0,"Head Implant: Intelligence, Shiny",2
18,105858,105859,18,0,"Head Implant: Max Nano, Shiny",1
18,105862,105863,18,0,"Head Implant: Nano Resist, Shiny",1
18,105868,105795,18,0,"Head Implant: Bow Spc Att, Shiny",1
18,105882,105883,18,0,"Head Implant: Psychology, Shiny",1
18,105893,105894,18,0,"Head Implant: Max Nano, Shiny",1
18,105911,105912,18,0,"Head Implant: Treatment, Shiny",1
18,105949,105950,18,0,"Head Implant: Max Nano, Shiny",1
18,105979,105980,18,0,"Head Implant: Ranged Ener, Shiny",1
18,106019,106020,18,0,"Head Implant: Treatment, Shiny",1
18,106021,106022,18,0,"Head Implant: Mech. Engi, Shiny",1
18,106049,106086,18,0,"Head Implant: Vehicle Grnd, Shiny",1
18,106184,106185,18,0,"Head Implant: Vehicle Grnd, Shiny",1
18,106252,106253,18,0,"Head Implant: Psycho Modi, Shiny",1
18,106389,106390,18,0,"Head Implant: Vehicle Hydr, Shiny",1
18,106413,106414,18,0,"Head Implant: NanoC. Init, Shiny",1
18,106471,106472,18,0,"Head Implant: Max Nano, Shiny",1
18,106612,106613,18,0,"Head Implant: Chemistry, Shiny",1
18,106689,106690,18,0,"Head Implant: Nano Progra, Shiny",1
18,106801,106802,18,0,"Head Implant: Psychology, Shiny",1
18,106849,106850,18,0,"Head Implant: Max Nano, Shiny",1
18,106887,106888,18,0,"Head Implant: Bow Spc Att, Shiny",1
18,106930,106931,18,0,"Head Implant: Psychology, Shiny",1
18,106958,106959,18,0,"Head Implant: Mech. Engi, Shiny",1
18,106971,106972,18,0,"Head Implant: Psychic, Shiny",1
18,107107,107108,18,0,"Head Implant: Psycho Modi, Shiny",1
18,107386,107387,18,0,"Right-Arm Implant: Full Auto, Shiny",1
18,107416,107417,18,0,"Right-Arm Implant: 2h Blunt, Shiny",1
18,107498,107499,18,0,"Right-Arm Implant: Grenade, Shiny",1
18,107500,107501,18,0,"Right-Arm Implant: Grenade, Shiny",1
18,107558,107559,18,0,"Right-Arm Implant: Piercing, Shiny",1
18,107597,107598,18,0,"Right-Arm Implant: MG / SMG, Shiny",1
18,107669,107670,18,0,"Right-Arm Implant: Shotgun, Shiny",1
18,107761,107762,18,0,"Right-Arm Implant: Strength, Shiny",1
18,107809,107810,18,0,"Right-Arm Implant: Grenade, Shiny",1
18,107855,107856,18,0,"Right-Arm Implant: Fling Shot, Shiny",1
18,107871,107872,18,0,"Right-Arm Implant: 2h Edged, Shiny",1
18,107999,108000,18,0,"Right-Arm Implant: Bow, Shiny",1
18,108034,108035,18,0,"Right-Arm Implant: Bow, Shiny",1
18,108093,108094,18,0,"Right-Arm Implant: Full Auto, Shiny",1
18,108095,108096,18,0,"Right-Arm Implant: Burst, Shiny",1
18,108164,108165,18,0,"Right-Arm Implant: Shotgun, Shiny",1
18,108234,108235,18,0,"Right-Arm Implant: 2h Blunt, Shiny",1
18,108236,108237,18,0,"Right-Arm Implant: Grenade, Shiny",1
18,108375,108376,18,0,"Chest Implant: Nano Pool, Shiny",1
18,108392,108393,18,0,"Right-Arm Implant: Fling Shot, Shiny",1
18,108398,108399,18,0,"Right-Arm Implant: Burst, Shiny",1
18,108578,108579,18,0,"Chest Implant: Max Health, Shiny",1
18,108772,108773,18,0,"Chest Implant: Body Dev, Shiny",2
18,108812,108813,18,0,"Chest Implant: Sense, Shiny",1
18,108868,108869,18,0,"Chest Implant: Max Health, Shiny",1
18,108880,108881,18,0,"Chest Implant: Body Dev, Shiny",1
18,108890,108891,18,0,"Chest Implant: Imp/Proj AC, Bright",1
18,108920,108921,18,0,"Chest Implant: Sense, Shiny",1
18,108940,108941,18,0,"Chest Implant: Max Health, Shiny",1
18,109120,109121,18,0,"Chest Implant: Max Health, Shiny",1
18,109164,109165,18,0,"Chest Implant: Melee/Ma AC, Shiny",1
18,109220,109221,18,0,"Chest Implant: Dimach, Shiny",1
18,109254,109255,18,0,"Chest Implant: Nano Pool, Shiny",1
18,109305,109306,18,0,"Left-Arm Implant: 2h Edged, Bright",1
18,109319,109320,18,0,"Left-Arm Implant: Brawling, Shiny",1
18,109333,109334,18,0,"Left-Arm Implant: Brawling, Shiny",1
18,109374,109375,18,0,"Left-Arm Implant: Strength, Bright",1
18,109428,109429,18,0,"Right-Wrist Implant: Riposte, Shiny",1
18,109438,109439,18,0,"Right-Wrist Implant: Parry, Shiny",1
18,109465,109467,18,0,"Right-Wrist Implant: Riposte, Shiny",1
18,109490,109491,18,0,"Right-Wrist Implant: Ranged. Init, Shiny",1
18,109532,109533,18,0,"Right-Wrist Implant: Multi Ranged, Bright",1
18,109574,109575,18,0,"Right-Wrist Implant: Riposte, Shiny",1
18,109594,109531,18,0,"Right-Wrist Implant: Multi Ranged, Bright",1
18,109626,109627,18,0,"Right-Wrist Implant: Pistol, Shiny",1
18,109698,109699,18,0,"Right-Wrist Implant: Ranged. Init, Shiny",1
18,109704,109705,18,0,"Right-Wrist Implant: Riposte, Shiny",1
18,109800,109801,18,0,"Right-Wrist Implant: Parry, Shiny",1
18,109820,109821,18,0,"Right-Wrist Implant: Sharp Obj, Shiny",1
18,109852,109853,18,0,"Right-Wrist Implant: Riposte, Shiny",1
18,109902,109903,18,0,"Right-Wrist Implant: Ranged. Init, Shiny",1
18,109924,109925,18,0,"Right-Wrist Implant: Aimed Shot, Bright",1
18,109926,109927,18,0,"Right-Wrist Implant: Sharp Obj, Shiny",1
18,109946,109947,18,0,"Right-Wrist Implant: Riposte, Shiny",1
18,110150,110151,18,0,"Waist Implant: Body Dev, Bright",1
18,110174,110175,18,0,"Waist Implant: Cold AC, Shiny",1
18,110180,110289,18,0,"Waist Implant: Adventuring, Bright",1
18,110212,110213,18,0,"Waist Implant: Chemical AC, Shiny",1
18,110264,110265,18,0,"Waist Implant: Fire AC, Shiny",1
18,110274,110275,18,0,"Waist Implant: Radiation AC, Shiny",1
18,110342,110343,18,0,"Waist Implant: Radiation AC, Shiny",1
18,110366,110367,18,0,"Waist Implant: Fire AC, Shiny",1
18,110374,110375,18,0,"Waist Implant: Cold AC, Shiny",1
18,110432,110451,18,0,"Waist Implant: Chemical AC, Shiny",1
18,110474,110475,18,0,"Waist Implant: Cold AC, Shiny",1
18,110482,110483,18,0,"Waist Implant: Radiation AC, Shiny",1
18,110516,110517,18,0,"Waist Implant: Radiation AC, Shiny",1
18,110554,110555,18,0,"Waist Implant: Radiation AC, Shiny",1
18,110744,110745,18,0,"Waist Implant: Cold AC, Shiny",1
18,110786,110787,18,0,"Waist Implant: Cold AC, Shiny",1
18,110924,110925,18,0,"Waist Implant: Radiation AC, Shiny",1
18,111078,111079,18,0,"Waist Implant: Cold AC, Shiny",1
18,111102,111103,18,0,"Waist Implant: Radiation AC, Shiny",1
18,111203,111204,18,0,"Left-Wrist Implant: Multi Ranged, Shiny",1
18,111211,111212,18,0,"Waist Implant: Radiation AC, Shiny",1
18,111229,111230,18,0,"Waist Implant: Melee/Ma AC, Bright",1
18,111231,111232,18,0,"Waist Implant: Chemical AC, Shiny",1
18,111349,111350,18,0,"Waist Implant: Chemical AC, Shiny",1
18,111351,111352,18,0,"Waist Implant: Radiation AC, Shiny",1
18,111365,111366,18,0,"Waist Implant: Fire AC, Shiny",1
18,111452,111453,18,0,"Right-Hand Implant: Weapon Smt, Shiny",1
18,111504,111505,18,0,"Right-Hand Implant: Weapon Smt, Shiny",1
18,111582,111583,18,0,"Right-Hand Implant: Trap Disarm, Shiny",1
18,111613,111614,18,0,"Right-Hand Implant: Trap Disarm, Shiny",1
18,111664,111665,18,0,"Right-Hand Implant: Weapon Smt, Shiny",1
18,111704,111705,18,0,"Right-Hand Implant: Martial Arts, Shiny",1
18,111809,111810,18,0,"Right-Hand Implant: Weapon Smt, Shiny",1
18,111880,111881,18,0,"Right-Hand Implant: Trap Disarm, Shiny",1
18,111894,111895,18,0,"Right-Hand Implant: Martial Arts, Shiny",1
18,111943,111944,18,0,"Right-Hand Implant: Weapon Smt, Shiny",1
18,111991,111992,18,0,"Right-Hand Implant: Weapon Smt, Shiny",1
18,112061,112062,18,0,"Right-Hand Implant: Fling Shot, Bright",1
18,112071,112072,18,0,"Right-Hand Implant: Cold AC, Bright",1
18,112086,112087,18,0,"Right-Hand Implant: Martial Arts, Shiny",1
18,112092,112093,18,0,"Right-Hand Implant: Weapon Smt, Shiny",1
18,112102,112103,18,0,"Right-Hand Implant: Assault Rif, Bright",1
18,112114,112115,18,0,"Right-Hand Implant: Trap Disarm, Shiny",1
18,112189,112190,18,0,"Right-Hand Implant: Assault Rif, Bright",1
18,112205,112206,18,0,"Right-Hand Implant: First Aid, Bright",1
18,112265,112266,18,0,"Right-Hand Implant: Trap Disarm, Shiny",1
18,112272,112273,18,0,"Right-Hand Implant: Time & Space, Bright",1
18,112418,112419,18,0,"Right-Hand Implant: Trap Disarm, Shiny",1
18,112445,112446,18,0,"Right-Hand Implant: Weapon Smt, Shiny",2
18,112585,112586,18,0,"Right-Hand Implant: Time & Space, Bright",1
18,112652,112653,18,0,"Right-Hand Implant: Weapon Smt, Shiny",1
18,112774,112775,18,0,"Right-Hand Implant: Trap Disarm, Shiny",1
18,112780,112781,18,0,"Right-Hand Implant: Weapon Smt, Shiny",1
18,112903,112904,18,0,"Right-Hand Implant: Sharp Obj, Bright",1
18,112923,112924,18,0,"Right-Hand Implant: Trap Disarm, Shiny",1
18,112963,112964,18,0,"Right-Hand Implant: Trap Disarm, Shiny",1
18,112988,112989,18,0,"Right-Hand Implant: Weapon Smt, Shiny",2
18,112990,112991,18,0,"Right-Hand Implant: Fast Attack, Bright",1
18,113038,113039,18,0,"Right-Hand Implant: MG / SMG, Bright",1
18,113042,113043,18,0,"Right-Hand Implant: Trap Disarm, Shiny",1
18,113119,113120,18,0,"Leg Implant: Dodge-Rng, Shiny",1
18,113139,113140,18,0,"Leg Implant: Imp/Proj AC, Shiny",1
18,113141,113142,18,0,"Leg Implant: Imp/Proj AC, Shiny",1
18,113208,113209,18,0,"Leg Implant: Duck-Exp, Shiny",1
18,113267,113268,18,0,"Leg Implant: Adventuring, Shiny",1
18,113414,113415,18,0,"Leg Implant: Duck-Exp, Shiny",1
18,113458,113459,18,0,"Left-Hand Implant: Trap Disarm, Bright",1
18,113462,113463,18,0,"Left-Hand Implant: First Aid, Faded",1
18,116800,116800,14,0,Nano Crystal (Quick Fix),2
18,116824,116824,21,0,Nano Crystal (Instill With Rage),3
18,118250,118250,21,0,Nano Crystal (Minor Delayed Health Payment),1
18,120609,120609,1,0,Omni-Med Cloak,2
18,120628,120628,1,0,Medical Cloak,2
18,121305,121304,18,0,Information Tool - Aggressive,1
18,121309,121308,18,0,Information Tool - Life and Nano Points,1
18,121348,121348,18,0,Nano Crystal (Team Skill Wrangler (Weak)),1
18,121360,121360,8,0,Nano Crystal (Skill Wrangler (Weak)),2
18,121366,121366,21,0,Nano Crystal (Skill Wrangler (Minor)),1
18,121591,121592,18,0,Rusty Hand Blade,2
18,121629,121630,18,0,Rusty Spiked Axe,1
18,121665,121666,18,0,Dulled Thagh Whings,1
18,121684,121685,18,0,Cracked  Bolter 42mm,1
18,121703,121704,18,0,Dull Whings,1
18,121722,121723,18,0,Dull Haxor 9922,1
18,121741,121742,18,0,Unbalanced Right Slice,2
18,121760,121761,18,0,Unbalanced Mini Axe,1
18,121798,121799,18,0,Ill-Treated Disaffiliation Sniper,1
18,121836,121837,18,0,Irreparable Sleekblaster,1
18,121855,121856,18,0,Ill-Treated Chunkprojector,1
18,121874,121875,18,0,Ill-Treated Plasmaprojector,1
18,121912,121913,18,0,Ill-Treated Flamethrower,2
18,121931,121932,18,0,Ill-Treated Gatling Saw 20k,1
18,121969,121970,18,0,Dull Katana,1
18,121988,121989,18,0,Irreparable Blackened Miniblaster,1
18,122007,122008,18,0,Ill-Treated Blackened Blaster,1
18,122083,122084,18,0,Ill-Treated Blackened Blaster Rifle,1
18,122102,122103,18,0,Unbalanced Stabber,1
18,122121,122122,18,0,Ill-Treated E-Beamer,1
18,122273,122274,18,0,Irreparable Kolt PDW-37,2
18,122292,122293,18,0,Irreparable Omni-Flamer Mk IV,2
18,122311,122312,18,0,Ill-Treated Stanton Stunner IV,1
18,122330,122331,18,0,Irreparable Minigrinner,1
18,122368,122369,18,0,Punctured Energy Shield,1
18,122387,122388,18,0,Punctured Esoteric Energy Buckler,1
18,122463,122464,18,0,Irreparable El Diablo,1
18,122482,122483,18,0,Irreparable Ingram Blaster 23-X,2
18,122501,122502,18,0,Ill-Treated Biogun,1
18,122577,122578,18,0,Ill-Treated Supernova Mk VI,2
18,122596,122597,18,0,Ill-Treated Blackhole Mk IX,1
18,122634,122635,18,0,Irreparable The Original Plasma-Emitter,1
18,122710,122711,18,0,Ill-Treated Kevlar Bow,1
18,122729,122730,18,0,Unbalanced Blackjack,1
18,122767,122768,18,0,Ill-Treated Bow-Blaster,1
18,122824,122825,18,0,Worn-Out Chair,2
18,122829,122830,18,0,Unbalanced Titanium Crowbar,1
18,122848,122849,18,0,Unbalanced Stun-Baton,1
18,122886,122887,18,0,Irreparable Minielectronium,2
18,122905,122906,18,0,Dull Support Beam,2
18,122924,122925,18,0,Dull Blackjohn,2
18,122943,122944,18,0,Unbalanced Mace,1
18,122962,122963,18,0,Dull Notum Staff,1
18,123038,123039,18,0,Ill-Treated Medium Shotgun,2
18,123095,123096,18,0,Irreparable DNA-Targeted Executioner Pistol,2
18,123114,123115,18,0,Unbalanced Bow Split,1
18,123133,123134,18,0,Ill-Treated Heavy Gamma-Beamer,1
18,123328,123328,18,0,Loose Banjo,2
18,123419,123420,18,0,Ill-Treated Netgun,2
18,123438,123439,18,0,Irreparable Ultra-Light Missile Pistol Raid 9-X,1
18,123495,123496,18,0,Irreparable IMI Desert Reet 1000,2
18,123514,123515,18,0,Irreparable Khemo-Tech Model 200,1
18,123533,123534,18,0,Irreparable Khemo-Tech Model 07 (Pocket 20),1
18,123571,123572,18,0,Ill-Treated OT 0220 22mm Combat Magnum,2
18,123590,123591,18,0,Ill-Treated Sentinel 20mm Snub Pistol,1
18,123628,123629,18,0,Irreparable BBI Sigma III,1
18,123647,123648,18,0,Irreparable Sentinels ETE Strike Gun,3
18,123685,123686,18,0,Irreparable Seburo Bobsons,2
18,123704,123705,18,0,Rotting OT Biomag,1
18,123725,123726,18,0,Used MTI M-1 Bipower,1
18,123744,123745,18,0,Shortened OT M-10 Flechette Pistol,2
18,123763,123764,18,0,Polizziotto M202F Light,1
18,123839,123840,18,0,Zastaba Cz-200 Assault Pistol ,1
18,123844,123845,18,0,Rusty Freedom Arms Super 90,2
18,123855,123856,18,0,Second-Hand Old English Trading Co.,3
18,123879,123880,18,0,Worn BigBurger Inc.,2
18,123886,123887,18,0,Sparkling HSR Arms,3
18,123893,123894,18,0,Rusty OT Backup,1
18,123904,123905,18,0,Rusty OT 0120 Machine Pistol,2
18,123909,123910,18,0,Rusty MTI SOCOM Mk IV,1
18,123928,123929,18,0,Rusty FN 7-7 Pistol,2
18,123933,123934,18,0,Stained MTI USP 1200,1
18,123944,123945,18,0,Galahad Inc T70 Service Pistol,1
18,123968,123970,18,0,Rusty OT Boomer M30,1
18,123976,123977,18,0,Gripo-Com AKR 1K20,2
18,123979,123980,18,0,Rusty Nomad 21.7 BMG Ranger,2
18,123984,123985,18,0,Rusty MTI-OT PF55 Flechette System,1
18,124004,124005,18,0,Rusty M150 Booster Edition,1
18,124042,124043,18,0,F.D.A. Insurgent Fly,1
18,124101,124102,18,0,O.E.T. Co. C70 Brigand,2
18,124136,124137,18,0,ICC Arms 2Q2B Gun Bag,1
18,124145,124145,18,0,OT-Windchaser M06 Rifle,1
18,124164,124165,18,0,MTI SL70 Rifle ,1
18,124185,124186,18,0,OT-Windchaser RM70,1
18,124198,124199,18,0,Worn OT-Windchaser RM70 Junior,1
18,124232,124233,18,0,Springfield Arms Home Defender,2
18,124258,124259,18,0,Vektor ND Shotgun,1
18,124285,124286,18,0,Rusty OT-Windchaser SM30 Shotgun,2
18,124330,124331,18,0,Sako J-21 P-96 Response Rifle,1
18,124348,124349,18,0,Battered OT M500 SWAT Rifle,2
18,124372,124373,18,0,Battered BBI AS-90,1
18,124383,124384,18,0,HSR Arms F-59,1
18,124391,124392,18,0,OT Rancho Colonial Carbine,1
18,124409,124410,18,0,MTI G-70,1
18,124431,124432,18,0,Bent BBI Minami-90,4
18,124462,124463,18,0,BBI Ranged Restraint Carbine (Joith gun),2
18,124465,124466,18,0,Rusty G.C. AKMR 1K20,1
18,124487,124488,18,0,Manex SD 4004,1
18,124505,124506,18,0,OT Eskorpio 21,1
18,124529,124530,18,0,Prototype Sito-Tech Model 00,1
18,124560,124561,18,0,Ill-Treated OT Saladin,1
18,124624,124625,18,0,Ill-Treated MTI UMP22,1
18,124662,124663,18,0,Ill-Treated Malorian Arms M25 Goodgun,1
18,124681,124682,18,0,Ill-Treated MTI MPK-22 Briefcase Gun,1
18,124711,124712,18,0,Ill-Treated Nord Armwerk MAX,2
18,124768,124769,18,0,Ill-Treated OT ARL-10 Micromissile Launcher,1
18,124779,124780,18,0,Ill-Treated Tsunami Raiden MP-Drum,1
18,124798,124799,18,0,Ill-Treated OT M-110 Renegade SAW,1
18,124817,124818,18,0,Ill-Treated OT M-70 HardRain GPMG,2
18,124874,124875,18,0,Ill-Treated GE ME30 Mom,1
18,124910,124911,18,0,Ill-Treated Westinghouse IM-50 Plasma Burner,1
18,124929,124930,18,0,Ill-Treated IEC Flashpoint Laser Rifle,1
18,124948,124949,18,0,Ill-Treated Techtronica Neural Disruptor,1
18,124986,124987,18,0,Ill-Treated Reet-Tech Stryker X,2
18,125024,125025,18,0,Ill-Treated Joint Clans Patriot,3
18,125043,125044,18,0,Ill-Treated Reet-Tech Junior Urban Crossbow,1
18,125062,125063,18,0,Ill-Treated Reet-Tech Venom Compound Bow,1
18,125081,125082,18,0,Ill-Treated Oneida Razor Half-Bow,3
18,125296,125297,18,0,Splintered Peasant Squibber,1
18,125311,125312,18,0,Splintered Merchant Squibber,1
18,125330,125331,18,0,Splintered Large Rider Squibber,1
18,125343,125344,18,0,Splintered Protector Squibber,1
18,125381,125382,18,0,Splintered Rider Executioner,3
18,125419,125420,18,0,Splintered Torch,1
18,125456,125457,18,0,Concrete Cushion,1
18,125459,125460,18,0,5th level Ninja Wakisashi,1
18,125751,125751,17,0,Nano Crystal (Calling of Medinos),1
18,128603,128604,18,0,Fragile D-nort Compact Assault Rifle,1
18,128608,128609,18,0,Ill-treated MTI G-36K,1
18,128636,128637,18,0,Ill-treated Seburo C-99a ,1
18,128715,128716,18,0,Ill-treated Galahad Inc. 077 Personal Weapon,1
18,128758,128759,18,0,Ill-treated Fabrique Des Armes Bizon 20-19,1
18,128784,128785,18,0,MTI MP903A3D9,1
18,128811,128812,18,0,Ill-treated Zastaba M0-2 Assault Weapon (Zero),1
18,128839,128840,18,0,Ill-treated OET Co. MP-21 Tactical Machine Pistol,1
18,128858,128859,18,0,Ill-treated MTI MPK-22 ,1
18,128890,128891,18,0,Ill-treated Steiner LM-5 Assault Laser,2
18,128909,128910,18,0,Outdated Fett j-8 Flammable,1
18,128916,128917,18,0,Water balloon,1
18,128919,128920,18,0,Splintered Peasant Executioner,1
18,128938,128939,18,0,Obtuse Peasant Warblade,2
18,128957,128958,18,0,Obtuse Merchant Warblade,1
18,128995,128996,18,0,Obtuse Protector Warblade,2
18,129014,129015,18,0,Omni-Med Butter Cake,1
18,129045,129046,18,0,10th level Ninja Katana,1
18,129064,129065,18,0,3rd level Ninja Tanto,1
18,129638,129639,18,0,Over-tuned Wen-Wen,1
18,129715,129715,10,0,Nano Crystal (Restock Ammo (Level OP-I)),2
18,130003,130004,18,0,Run Speed Cluster - Faded (Leg),1
18,130082,130083,18,0,Faded Magical Stave of Inferno,2
18,130087,130088,18,0,Splintered Native Alloy Staff,2
18,130125,130126,18,0,Splintered Denunciatory Spear,1
18,130144,130145,18,0,Rusty Hayfork,1
18,130163,130164,18,0,Loose MTI Sword,1
18,130172,130173,18,0,Bent OT Sword,1
18,130199,130200,18,0,Bent Bloodworm Carapace,2
18,130257,130258,18,0,"Right-Wrist Implant: Run Speed, Shiny",1
18,130344,130345,18,0,"Left-Wrist Implant: Run Speed, Bright",1
18,130419,130420,18,0,"Leg Implant: Duck-Exp, Shiny",1
18,136690,136690,14,0,Nano Crystal (Slipshod Bandaging),2
18,142838,142839,18,0,Bent Metaplast Mace,1
18,142855,142856,18,0,Cast-off Eye Wind Onehander,2
18,143833,143845,18,0,Ill-Treated Sunburst Mk IV,3
18,144065,144066,18,0,Bent Survival Axe,1
18,144101,144102,18,0,Sparkling Freedom Arms 4200,1
18,150254,150255,18,0,,1
18,150633,150633,14,0,,1
18,151775,151775,17,0,,2
18,151778,151778,21,0,,1
18,152064,152065,18,0,,1
18,152122,152123,18,0,,1
18,152187,152187,18,0,,1
18,152298,154071,18,0,,1
18,152339,152340,18,0,,1
18,152358,152359,18,0,,2
18,152386,152387,18,0,,1
18,152723,152724,18,0,,2
18,152747,152748,18,0,,1
18,152766,152767,18,0,,1
18,153083,153084,18,0,,1
18,154739,154739,17,0,,1
18,155369,155369,8,0,,2
18,155378,155378,21,0,,2
18,155379,155379,8,0,,1
18,156133,156133,24,0,,1
18,157549,157549,21,0,,1
18,158033,158021,18,0,,1
18,158035,158034,18,0,,1
18,158037,158036,18,0,,1
18,158038,158039,18,0,,3
18,159021,159022,18,0,,1
18,159040,159041,18,0,,1
18,159083,159087,18,0,,1
18,159196,159197,18,0,,1
18,160219,160220,18,0,,3
18,160224,160225,18,0,,1
18,160233,160234,18,0,,1
18,160236,160237,18,0,,2
18,160239,160240,18,0,,1
18,160279,160280,18,0,,1
18,160476,160477,18,0,,1
18,160483,160484,18,0,,1
18,162996,162996,20,0,,1
18,166253,166254,18,0,,1
18,171256,171257,18,0,,1
18,178138,178139,18,0,,1
18,191255,191256,18,0,,1
18,191707,191708,18,0,,1
18,202724,202724,8,0,,2
18,202871,202871,10,0,,1
18,203214,203214,20,0,,1
18,203658,203658,22,0,,1
18,204103,204104,18,0,,1
18,204262,204263,18,0,,1
18,205224,205225,18,0,,2
18,206289,206290,18,0,,1
18,209283,209284,18,0,,2
18,210300,210300,20,0,,4
18,210312,210312,27,0,,5
18,210322,210322,14,0,,3
18,210356,210356,17,0,,6
18,210388,210388,21,0,,4
18,210485,210485,20,0,,6
18,210612,210612,8,0,,3
18,210788,210788,22,0,,3
18,210805,210805,14,0,,4
18,211153,211153,19,0,,1
18,218352,218353,18,0,,3
18,227473,227473,30,0,,2
20,23314,23316,20,0,Simple First-Aid Kit,1
20,26207,26207,27,0,Nano Crystal (Enhanced Senses),1
20,26471,26471,14,0,Nano Crystal (Ranged Special Attacks Incompetence),3
20,26489,26489,10,0,Nano Crystal (Nano Skills Incompetence),5
20,26503,26503,14,0,Nano Crystal (Melee Special Attacks Incompetence),7
20,26541,26541,10,0,Nano Crystal (Drain Abilities),1
20,27199,27199,10,0,Nano Crystal (Melee Weapons Incompetence),1
20,27263,27263,10,0,Nano Crystal (Ranged Weapons Incompetence),1
20,27381,27381,1,0,Omni-Med Suit Gloves,2
20,27386,27386,1,0,Omni-Med Suit Trousers,2
20,28752,28752,10,0,Nano Crystal (Terrain Knowledge),3
20,28804,28804,10,0,Nano Crystal (Corrosive Spray),1
20,28833,28833,30,0,Nano Crystal (Poison Missile),1
20,28934,28934,14,0,Nano Crystal (Give Energy: 25),1
20,28935,28935,27,0,Nano Crystal (Give Energy: 50),1
20,28945,28945,17,0,Nano Crystal (Limbo Mastery),1
20,28950,28950,20,0,Nano Crystal (Muscle Stim),1
20,28956,28956,24,0,Nano Crystal (Rubber Skin),1
20,29192,29192,10,0,Nano Crystal (Symbol Helper),3
20,29356,29356,17,0,Nano Crystal (Persistent Damage Multiplier),1
20,29358,29358,24,0,Nano Crystal (Pistol Mastery),3
20,29360,29360,17,0,Nano Crystal (Quickshot),1
20,29806,29806,30,0,Nano Crystal (Headcracker),3
20,29844,29844,10,0,Nano Crystal (Gun Enhancement),3
20,30101,30101,27,0,Nano Crystal (Anger Addlement),1
20,31420,31420,14,0,Nano Crystal (Cracker's Luck),1
20,31422,31422,27,0,Nano Crystal (Embrace of Shadows),1
20,31498,31498,1,0,White Cloak,1
20,31499,31499,1,0,Red Cloak,2
20,31500,31500,1,0,Grey Cloak,1
20,31501,31501,1,0,Green Cloak,2
20,31502,31502,1,0,Brown Cloak,3
20,31503,31503,1,0,Blue Cloak,3
20,31505,31505,1,0,Black Trenchcoat,1
20,31506,31506,1,0,Black Omni-Tek Commander Cloak,2
20,31515,31515,1,0,Red Omni-Tek Commander Cloak,2
20,31516,31516,1,0,Trenchcoat,2
20,31517,31517,1,0,Black Cloak,2
20,31528,31528,1,0,Red Cloak Hood,4
20,31530,31530,1,0,Grey Cloak Hood,2
20,31531,31531,1,0,Green Cloak Hood,4
20,31532,31532,1,0,Brown Cloak Hood,1
20,31533,31533,1,0,Blue Cloak Hood,3
20,31534,31534,1,0,Black Cloak Hood,2
20,32071,32071,17,0,Nano Crystal (False Profession: Adventurer),1
20,32074,32074,30,0,Nano Crystal (False Profession: Doctor),3
20,32075,32075,20,0,Nano Crystal (False Profession: Engineer),1
20,32076,32076,14,0,Nano Crystal (False Profession: Martial Artist),1
20,32082,32082,10,0,Nano Crystal (False Profession: Enforcer),2
20,36778,36778,20,0,4 - 7 NCU Memory,1
20,38531,38531,24,0,Nano Crystal (Team Terrain Knowledge),1
20,43145,43146,20,0,Attack of the Snake,1
20,43780,43780,14,0,Nano Crystal (Summon Fury Externalization),1
20,43942,43942,27,0,Nano Crystal (Spreading Health),2
20,43963,43963,24,0,Nano Crystal (Lesser Nano Surgery),1
20,43987,43987,30,0,Nano Crystal (Cursory Examination),1
20,44188,44188,30,0,Nano Crystal (Infected Wounds),1
20,44195,44195,17,0,Nano Crystal (Protein Breakdown),1
20,44204,44204,20,0,Nano Crystal (Primitive Nano Gorger),2
20,45399,45399,27,0,Nano Crystal (Acidic Conversion),1
20,45947,45947,24,0,Nano Crystal (Smiting Missile),1
20,45961,45961,17,0,Nano Crystal (Micro Flechette),1
20,45966,45966,10,0,Nano Crystal (Minor Toxic Field),1
20,45969,45969,14,0,Nano Crystal (Ion Stream),1
20,45973,45973,14,0,Nano Crystal (Lesser RNA Reaper),1
20,45998,45998,30,0,Nano Crystal (Condensed Halon Jet),1
20,46007,46007,24,0,Nano Crystal (Brief Poison Fog),2
20,46010,46010,10,0,Nano Crystal (Upgraded Automaton),1
20,46019,46019,17,0,Nano Crystal (Semi-Sentient Automaton),3
20,46052,46052,24,0,Nano Crystal (Inferior Android),1
20,46068,46068,27,0,Nano Crystal (Flawed Android),1
20,46425,46425,30,0,Nano Crystal (Limited Attendant-Droid),2
20,46468,46468,14,0,Nano Crystal (Basic Helper-Droid),4
20,46475,46475,20,0,Nano Crystal (Advanced Helper),2
20,49823,49823,14,0,Nano Crystal (Brave Challenger to Cyclops),1
20,55679,55678,20,0,Weapon Smithing Tutoring Device,2
20,55681,55680,20,0,Psychology Tutoring Device,1
20,55683,55682,20,0,Pharma Tech Tutoring Device,3
20,55685,55684,20,0,Nano Programming Tutoring Device,1
20,55687,55686,20,0,Computer Literacy Tutoring Device,2
20,55690,55689,20,0,Mechanical Engineering Tutoring Device,1
20,55692,55691,20,0,Field Quantum Physics Tutoring Device,1
20,55697,55696,20,0,Boosted Stim,2
20,55759,55759,20,0,Nano Crystal (Field of Sparks),2
20,55775,55775,24,0,Nano Crystal (Electrical Chastiser),1
20,55840,55840,17,0,Nano Crystal (Jacket of Blades),2
20,55841,55841,30,0,Nano Crystal (Firefly's Fury),1
20,56178,56178,14,0,Nano Crystal (Feet of Stone),1
20,56241,56241,17,0,Nano Crystal (Lesser Hold Victim),1
20,56251,56251,27,0,Nano Crystal (Lesser Prolong Encounter),1
20,56252,56252,14,0,Nano Crystal (No Escape Possible),1
20,70253,70252,20,0,Deflection Shield,2
20,70389,70389,30,0,Nano Crystal (Lesser Deflection Shield (Extended)),1
20,70397,70397,14,0,Nano Crystal (Minor Deflection Shield),1
20,70398,70398,17,0,Nano Crystal (Minor Deflection Shield (Extended)),2
20,70412,70412,27,0,Nano Crystal (Total Mirror Shield Mk II),1
20,70558,85640,20,0,Battered Low-Tech Armor Boots,2
20,70559,85689,20,0,Battered Low-Tech Body Armor,1
20,70560,85688,20,0,Battered Low-Tech Female Body Armor,2
20,70561,85744,20,0,Battered Low-Tech Armor Sleeves,5
20,70562,85597,20,0,Battered Low-Tech Armor Gloves,4
20,70563,85558,20,0,Battered Low-Tech Armor Helmet,3
20,70564,85515,20,0,Battered Low-Tech Armor Pants,4
20,70565,85514,20,0,Battered Low-Tech Armor Shorts,4
20,70584,70584,27,0,Nano Crystal (Basic Shielding Barrier),2
20,75355,75355,14,0,Nano Crystal (Harden Skin),3
20,75416,75416,14,0,Nano Crystal (Minor Absorption Shield),1
20,78418,78418,10,0,Nano Crystal (Lossy Health Funnel),1
20,78421,78421,20,0,Nano Crystal (Health Funnel),1
20,78424,78424,30,0,Nano Crystal (Advanced Health Funnel),1
20,81839,81839,27,0,Nano Crystal (Lotus on Water),1
20,81847,81847,20,0,Nano Crystal (Energized Fists),3
20,81848,81848,10,0,Nano Crystal (Crash of Thunder),1
20,81892,81892,10,0,Nano Crystal (Lesser Nano Boost),1
20,81929,81929,30,0,Nano Crystal (Hired Hands),1
20,81953,81953,27,0,Nano Crystal (Lesser Mysterious Causes),1
20,82003,82003,20,0,Nano Crystal (Subsonic Blast),1
20,82065,82065,17,0,Nano Crystal (Team Restore Essence),1
20,82071,82071,10,0,Nano Crystal (Lesser Healing Touch),1
20,82078,82078,17,0,Nano Crystal (Team Rough Stitching),1
20,82080,82080,27,0,Nano Crystal (Survival Technique),1
20,82188,82188,10,0,Nano Crystal (Mass Daze),1
20,82806,82806,20,0,Nano Crystal (Active Micro Entanglement),1
20,82807,82807,14,0,Nano Crystal (Postpone Encounter),2
20,82838,82838,20,0,Nano Crystal (Pronouncement of Greatness),3
20,82839,82839,24,0,Nano Crystal (Sparrow Flight),2
20,83920,83919,20,0,Aggression Enhancer,2
20,83968,83968,20,0,Nano Crystal (Mass Claw Eyes),1
20,83978,83978,27,0,Nano Crystal (Gouge Eyes),1
20,85477,21917,20,0,Worn Cyber Armor Sleeves,4
20,85481,85690,20,0,Battered Leather Vest,3
20,85500,85499,20,0,Inferior Chilled Plasteel Armor Pants,2
20,85502,22339,20,0,Recruit-Issue Omni-Pol Forest Armor Pants,1
20,85504,27394,20,0,Recruit-Issue Omni-Pol Desert Armor Pants,3
20,85510,85509,20,0,Inferior Nail Armor Pants,4
20,85512,85511,20,0,Worn Metaplast Armor Pants,2
20,85516,22301,20,0,Inferior Kevlar Armor Pants,1
20,85517,27360,20,0,Battered Flak Armor Pants,3
20,85519,85518,20,0,Battered Sid's Leather Armor Pants,4
20,85521,85520,20,0,Battered Leather Armor Pants,2
20,85525,85524,20,0,Inferior Raven's Energized Armor Pants,4
20,85526,22293,20,0,Inferior Energized Armor Pants,4
20,85530,85529,20,0,Worn Bau Cyber Armor Pants,1
20,85531,22289,20,0,Worn Cyber Armor Pants,3
20,85533,85532,20,0,Battered Light Combat Armor Pants,1
20,85547,85546,20,0,Inferior Chilled Plasteel Armor Helmet,2
20,85548,22258,20,0,Inferior Heated Plasteel Armor Helmet,1
20,85549,22254,20,0,Recruit-Issue Omni-Pol Forest Armor Helmet,1
20,85551,27402,20,0,Recruit-Issue Omni-Pol Desert Armor Helmet,3
20,85557,85556,20,0,Worn Metaplast Armor Helmet,1
20,85560,85559,20,0,Battered Sid's Leather Armor Helmet,1
20,85562,85561,20,0,Battered Leather Armor Helmet,2
20,85566,85565,20,0,Inferior Raven's Energized Armor Helmet,2
20,85567,22223,20,0,Inferior Energized Armor Helmet,1
20,85571,85570,20,0,Worn Bau Cyber Armor Helmet,2
20,85572,22219,20,0,Worn Cyber Armor Helmet,1
20,85586,85585,20,0,Inferior Chilled Plasteel Armor Gloves,2
20,85587,22208,20,0,Inferior Heated Plasteel Armor Gloves,2
20,85588,22204,20,0,Recruit-Issue Omni-Pol Forest Armor Gloves,1
20,85590,27396,20,0,Recruit-Issue Omni-Pol Desert Armor Gloves,1
20,85593,85592,20,0,Battered Nomad Armor Gloves,1
20,85596,85595,20,0,Worn Metaplast Armor Gloves,2
20,85598,22178,20,0,Inferior Kevlar Armor Gloves,3
20,85600,85599,20,0,Battered Sid's Leather Armor Gloves,1
20,85602,85601,20,0,Battered Leather Armor Gloves,1
20,85606,85605,20,0,Inferior Raven's Energized Armor Gloves,3
20,85607,22170,20,0,Inferior Energized Armor Gloves,2
20,85611,85610,20,0,Worn Bau Cyber Armor Gloves,2
20,85626,85625,20,0,Inferior Chilled Plasteel Armor Boots,4
20,85627,22154,20,0,Inferior Heated Plasteel Armor Boots,2
20,85628,22150,20,0,Recruit-Issue Omni-Pol Forest Armor Boots,1
20,85630,27392,20,0,Recruit-Issue Omni-Pol Desert Armor Boots,2
20,85633,85632,20,0,Battered Nomad Armor Boots,1
20,85636,85635,20,0,Inferior Nail Armor Boots,1
20,85638,85637,20,0,Worn Metaplast Armor Boots,1
20,85639,22124,20,0,Basic Martial Artist Suit Boots,2
20,85641,22116,20,0,Inferior Kevlar Armor Boots,3
20,85643,85642,20,0,Battered Sid's Leather Armor Boots,3
20,85645,85644,20,0,Battered Leather Armor Boots,5
20,85649,85648,20,0,Inferior Raven's Energized Armor Boots,1
20,85650,22108,20,0,Inferior Energized Armor Boots,1
20,85655,22104,20,0,Worn Cyber Armor Boots,1
20,85657,85656,20,0,Battered Light Combat Armor Boots,4
20,85674,85673,20,0,Inferior Chilled Plasteel Body Armor,1
20,85675,22076,20,0,Inferior Heated Plasteel Body Armor,2
20,85676,22072,20,0,Recruit-Issue Omni-Pol Forest Body Armor,4
20,85678,27398,20,0,Recruit-Issue Omni-Pol Desert Body Armor,2
20,85681,85680,20,0,Battered Nomad Body Armor,3
20,85684,85683,20,0,Inferior Nail Body Armor,4
20,85687,22046,20,0,Basic Martial Artist Suit Shirt,1
20,85691,22004,20,0,Inferior Kevlar Vest,2
20,85692,22026,20,0,Inferior Kevlar Body Armor,1
20,85693,27389,20,0,Battered Flak Body Armor,1
20,85697,85696,20,0,Battered Leather Body Armor,4
20,85701,85700,20,0,Inferior Raven's Energized Body Armor,1
20,85702,22018,20,0,Inferior Energized Body Armor,3
20,85708,85707,20,0,Worn Bau Cyber Female Body Armor,1
20,85710,85709,20,0,Worn Bau Cyber Body Armor,2
20,85711,22014,20,0,Worn Cyber Female Body Armor,3
20,85712,22010,20,0,Worn Cyber Body Armor,1
20,85714,85713,20,0,Battered Light Combat Body Armor,2
20,85723,85722,20,0,Worn Nadir Steel-Ribbed Armor Sleeves,1
20,85730,85729,20,0,Inferior Chilled Plasteel Armor Sleeves,1
20,85732,21963,20,0,Recruit-Issue Omni-Pol Forest Armor Sleeves,5
20,85734,27400,20,0,Recruit-Issue Omni-Pol Desert Armor Sleeves,1
20,85737,85736,20,0,Battered Nomad Armor Sleeves,3
20,85740,85739,20,0,Inferior Nail Armor Sleeves,2
20,85742,85741,20,0,Worn Metaplast Armor Sleeves,2
20,85743,21937,20,0,Basic Martial Artist Suit Sleeves,1
20,85745,21929,20,0,Inferior Kevlar Armor Sleeves,1
20,85746,27391,20,0,Battered Flak Armor Sleeves,2
20,85748,85747,20,0,Battered Sid's Leather Armor Sleeves,2
20,85750,85749,20,0,Battered Leather Armor Sleeves,2
20,85755,21921,20,0,Inferior Energized Armor Sleeves,2
20,85759,85758,20,0,Worn Bau Cyber Armor Sleeves,3
20,85761,85760,20,0,Battered Light Combat Armor Sleeves,2
20,85873,85873,10,0,Nano Crystal (Ransack Skills (Weak)),1
20,85896,85896,24,0,Nano Crystal (Deprive Skills (Average)),1
20,87473,87473,1,0,Tattoo,1
20,87476,87476,1,0,Tattoo,6
20,87477,87477,1,0,Tattoo,1
20,87478,87478,1,0,Tattoo,1
20,87479,87479,1,0,Tattoo,2
20,87483,87483,1,0,Tattoo,1
20,87810,87814,20,0,Hacker Tool,2
20,87893,87936,20,0,Trimmer - Divert Energy to Defense,1
20,88379,88380,20,0,Trimmer - Divert Energy to Avoidance,1
20,88381,88382,20,0,Trimmer - Divert Energy to Hitpoints,1
20,90453,90453,17,0,Nano Crystal (Baton of Authority (Team)),1
20,93136,93136,30,0,Nano Crystal (Hack Grid Vector),1
20,93140,93140,17,0,Nano Crystal (Limited Grid Jump),1
20,95418,95418,24,0,Nano Crystal (Ease of Execution),1
20,95427,95427,10,0,Nano Crystal (CrunchCom Code Sieve),3
20,95453,95453,20,0,Nano Crystal (Enhance Nano Cohesion),1
20,95518,95518,20,0,Nano Formula Recompiler,2
20,95532,95532,30,0,Nano Crystal (Subconscious Guidance),3
20,95536,95536,14,0,Nano Crystal (Internal Focus),1
20,95727,95727,17,0,Nano Crystal (Boot Camp Toughness),1
20,95728,95728,14,0,Nano Crystal (Essence of Vitality),1
20,95749,95749,17,0,Nano Crystal (Health Graft),2
20,99139,99139,14,0,Nano Crystal (Douse Anger),1
20,99212,99212,20,0,Nano Crystal (Temporary Glamor),1
20,99618,99618,17,0,Nano Crystal (Unfriendly Merger),1
20,99999,99999,1,0,"Body Tattoo, Back",1
20,100004,100004,1,0,"Body Tattoo, Front",1
20,100005,100005,1,0,"Body Tattoo, Front",2
20,100011,100011,1,0,"Body Tattoo, Front",1
20,100012,100012,1,0,Tattoo,4
20,100013,100013,1,0,Tattoo,1
20,100202,100202,17,0,Nano Crystal (Mongo Slam!),1
20,100228,100228,14,0,Nano Crystal (Draw Attention),1
20,100229,100229,30,0,Nano Crystal (Enraged Mind),2
20,100447,100447,30,0,Nano Crystal (Bewilder),2
20,101139,101140,20,0,"Ear Implant: Vehicle Air, Bright",1
20,101279,101280,20,0,"Left-Hand Implant: Cold AC, Faded",1
20,101311,101312,20,0,Imp/Proj AC Cluster - Bright (Chest),1
20,101313,101314,20,0,Imp/Proj AC Cluster - Shiny (Leg),1
20,101315,101316,20,0,Melee/Ma AC Cluster - Faded (Leg),1
20,101319,101320,20,0,Melee/Ma AC Cluster - Shiny (Chest),2
20,101321,101322,20,0,Energy AC Cluster - Faded (Waist),2
20,101323,101324,20,0,Energy AC Cluster - Bright (Leg),1
20,101325,101326,20,0,Energy AC Cluster - Shiny (Chest),1
20,101329,101330,20,0,Chemical AC Cluster - Bright (Right-Arm),2
20,101333,101371,20,0,Radiation AC Cluster - Faded (Right-Arm),2
20,101335,101336,20,0,1h Blunt Cluster - Bright (Right-Wrist),1
20,101343,101344,20,0,1h Edged Weapon Cluster - Shiny (Right-Arm),3
20,101349,101350,20,0,Melee Ener Cluster - Shiny (Head),2
20,101351,101352,20,0,2h Edged Cluster - Faded (Waist),2
20,101355,101356,20,0,2h Edged Cluster - Shiny (Right-Arm),3
20,101357,101358,20,0,Piercing Cluster - Faded (Waist),2
20,101365,101366,20,0,2h Blunt Cluster - Bright (Left-Arm),1
20,101367,101368,20,0,2h Blunt Cluster - Shiny (Right-Arm),1
20,101372,101373,20,0,Radiation AC Cluster - Bright (Left-Arm),1
20,101374,101375,20,0,Radiation AC Cluster - Shiny (Waist),1
20,101378,101379,20,0,Cold AC Cluster - Bright (Right-Hand),1
20,101384,101385,20,0,Nano Resist Cluster - Bright (Right-Wrist),2
20,101386,101387,20,0,Nano Resist Cluster - Shiny (Head),1
20,101388,101389,20,0,Fire AC Cluster - Faded (Right-Hand),3
20,101396,101397,20,0,Martial Arts Cluster - Bright (Feet),1
20,101402,101403,20,0,Mult. Melee Cluster - Bright (Eye),1
20,101404,101405,20,0,Mult. Melee Cluster - Shiny (Left-Wrist),1
20,101406,101334,20,0,1h Blunt Cluster - Faded (Right-Hand),2
20,101408,101409,20,0,Matter Crea Cluster - Faded (Eye),1
20,101410,101411,20,0,Matter Crea Cluster - Bright (Right-Hand),1
20,101416,101417,20,0,Time & Space Cluster - Bright (Right-Hand),1
20,101418,101419,20,0,Time & Space Cluster - Shiny (Head),2
20,101422,101423,20,0,Nano Pool Cluster - Bright (Head),1
20,101424,101554,20,0,Nano Pool Cluster - Shiny (Chest),1
20,101425,101426,20,0,Sharp Obj Cluster - Bright (Right-Hand),1
20,101427,101428,20,0,Sharp Obj Cluster - Shiny (Right-Wrist),1
20,101429,101430,20,0,Grenade Cluster - Faded (Right-Hand),1
20,101431,101432,20,0,Grenade Cluster - Bright (Eye),1
20,101439,101440,20,0,Heavy Weapons Cluster - Shiny (Right-Arm),1
20,101441,101442,20,0,Bow Cluster - Faded (Eye),2
20,101447,101448,20,0,Pistol Cluster - Faded (Eye),2
20,101453,101454,20,0,Rifle Cluster - Faded (Left-Wrist),2
20,101457,101458,20,0,Rifle Cluster - Shiny (Eye),1
20,101459,101460,20,0,MG / SMG Cluster - Faded (Chest),1
20,101461,101462,20,0,MG / SMG Cluster - Bright (Right-Hand),1
20,101469,101470,20,0,Shotgun Cluster - Shiny (Right-Arm),2
20,101471,101472,20,0,Assault Rif Cluster - Faded (Eye),1
20,101477,101478,20,0,Vehicle Hydr Cluster - Faded (Ear),1
20,101483,101484,20,0,Melee. Init Cluster - Faded (Waist),1
20,101487,101488,20,0,Melee. Init Cluster - Shiny (Feet),1
20,101493,101494,20,0,Ranged. Init Cluster - Shiny (Right-Wrist),1
20,101495,101496,20,0,Physic. Init Cluster - Faded (Left-Arm),2
20,101497,101498,20,0,Physic. Init Cluster - Bright (Right-Arm),1
20,101499,101500,20,0,Physic. Init Cluster - Shiny (Feet),1
20,101501,101502,20,0,Bow Spc Att Cluster - Faded (Right-Wrist),1
20,101503,101504,20,0,Bow Spc Att Cluster - Bright (Right-Hand),1
20,101505,101506,20,0,Bow Spc Att Cluster - Shiny (Head),1
20,101507,101508,20,0,Sensory Impr Cluster - Faded (Chest),1
20,101521,101522,20,0,Treatment Cluster - Bright (Eye),1
20,101523,101524,20,0,Treatment Cluster - Shiny (Head),1
20,101525,101526,20,0,Mech. Engi Cluster - Faded (Right-Arm),1
20,101535,101536,20,0,Elec. Engi Cluster - Shiny (Eye),2
20,101537,101538,20,0,Matt.Metam Cluster - Faded (Left-Arm),1
20,101539,101540,20,0,Matt.Metam Cluster - Bright (Chest),3
20,101541,101542,20,0,Matt.Metam Cluster - Shiny (Head),1
20,101549,101550,20,0,Psycho Modi Cluster - Faded (Ear),3
20,101551,101552,20,0,Psycho Modi Cluster - Bright (Eye),1
20,101553,101407,20,0,Psycho Modi Cluster - Shiny (Head),1
20,101555,101556,20,0,Ranged Ener Cluster - Faded (Left-Hand),1
20,101559,101560,20,0,Ranged Ener Cluster - Shiny (Head),1
20,101563,101564,20,0,Multi Ranged Cluster - Bright (Right-Wrist),1
20,101565,101566,20,0,Multi Ranged Cluster - Shiny (Left-Wrist),1
20,101571,101572,20,0,Trap Disarm Cluster - Shiny (Right-Hand),2
20,101573,101574,20,0,Perception Cluster - Faded (Head),2
20,101575,101576,20,0,Perception Cluster - Bright (Eye),3
20,101581,101582,20,0,Adventuring Cluster - Bright (Waist),1
20,101591,101592,20,0,Vehicle Air Cluster - Faded (Head),1
20,101595,101596,20,0,Vehicle Air Cluster - Shiny (Eye),1
20,101603,101604,20,0,Tutoring Cluster - Faded (Head),1
20,101605,101606,20,0,Tutoring Cluster - Bright (Ear),1
20,101607,101608,20,0,Tutoring Cluster - Shiny (Eye),1
20,101609,101610,20,0,Brawling Cluster - Faded (Waist),5
20,101613,101614,20,0,Brawling Cluster - Shiny (Left-Arm),2
20,101615,101616,20,0,Riposte Cluster - Faded (Right-Arm),1
20,101619,101620,20,0,Riposte Cluster - Shiny (Right-Wrist),1
20,101623,101624,20,0,Dimach Cluster - Bright (Head),1
20,101625,101626,20,0,Dimach Cluster - Shiny (Chest),1
20,101629,101630,20,0,Parry Cluster - Bright (Left-Wrist),1
20,101631,101632,20,0,Parry Cluster - Shiny (Right-Wrist),1
20,101633,101634,20,0,Sneak Atck Cluster - Faded (Eye),1
20,101639,101640,20,0,Fast Attack Cluster - Faded (Right-Arm),1
20,101643,101644,20,0,Fast Attack Cluster - Shiny (Left-Hand),1
20,101647,101648,20,0,NanoC. Init Cluster - Bright (Eye),1
20,101649,101650,20,0,NanoC. Init Cluster - Shiny (Head),1
20,101661,101662,20,0,Aimed Shot Cluster - Shiny (Eye),1
20,101663,101664,20,0,Body Dev Cluster - Faded (Leg),2
20,101665,101666,20,0,Body Dev Cluster - Bright (Waist),2
20,101667,101668,20,0,Body Dev Cluster - Shiny (Chest),2
20,101677,101678,20,0,Dodge-Rng Cluster - Bright (Feet),1
20,101679,101680,20,0,Dodge-Rng Cluster - Shiny (Leg),1
20,101685,101686,20,0,Evade-ClsC Cluster - Shiny (Feet),2
20,101687,101688,20,0,Quantum FT Cluster - Faded (Right-Hand),1
20,101689,101690,20,0,Quantum FT Cluster - Bright (Eye),2
20,101691,101692,20,0,Quantum FT Cluster - Shiny (Head),2
20,101693,101694,20,0,Weapon Smt Cluster - Faded (Eye),1
20,101695,101696,20,0,Weapon Smt Cluster - Bright (Head),1
20,101697,101698,20,0,Weapon Smt Cluster - Shiny (Right-Hand),2
20,101699,101700,20,0,Pharma Tech Cluster - Faded (Right-Hand),2
20,101703,101704,20,0,Pharma Tech Cluster - Shiny (Head),4
20,101709,101710,20,0,Nano Progra Cluster - Shiny (Head),1
20,101715,101716,20,0,Comp. Liter Cluster - Shiny (Head),1
20,101725,101726,20,0,Chemistry Cluster - Bright (Eye),1
20,101727,101728,20,0,Chemistry Cluster - Shiny (Head),3
20,101729,101730,20,0,Concealment Cluster - Faded (Eye),3
20,101731,101732,20,0,Concealment Cluster - Bright (Ear),2
20,101735,101736,20,0,Break & Entry Cluster - Faded (Chest),1
20,101737,101738,20,0,Break & Entry Cluster - Bright (Left-Arm),2
20,101739,101740,20,0,Break & Entry Cluster - Shiny (Right-Arm),1
20,101741,101742,20,0,Vehicle Grnd Cluster - Faded (Ear),1
20,101747,101748,20,0,Full Auto Cluster - Faded (Waist),2
20,101749,101750,20,0,Full Auto Cluster - Bright (Right-Wrist),1
20,101753,101754,20,0,Burst Cluster - Faded (Right-Hand),1
20,101755,101756,20,0,Burst Cluster - Bright (Right-Wrist),1
20,101757,101758,20,0,Burst Cluster - Shiny (Right-Arm),3
20,101759,101760,20,0,Disease AC Cluster - Faded (Chest),2
20,101761,101762,20,0,Disease AC Cluster - Bright (Leg),1
20,101763,101764,20,0,Disease AC Cluster - Shiny (Head),2
20,101773,101774,20,0,Strength Cluster - Bright (Left-Arm),2
20,101775,101776,20,0,Strength Cluster - Shiny (Right-Arm),2
20,101781,101782,20,0,Agility Cluster - Shiny (Leg),1
20,101785,101786,20,0,Stamina Cluster - Bright (Leg),1
20,101789,101790,20,0,Intelligence Cluster - Faded (Ear),1
20,101791,101792,20,0,Intelligence Cluster - Bright (Eye),1
20,101793,101794,20,0,Intelligence Cluster - Shiny (Head),1
20,101795,101796,20,0,Sense Cluster - Faded (Head),1
20,101799,101800,20,0,Sense Cluster - Shiny (Chest),2
20,101805,101806,20,0,Psychic Cluster - Shiny (Head),2
20,101807,101808,20,0,Max Health Cluster - Faded (Leg),2
20,101813,101814,20,0,Max Nano Cluster - Faded (Chest),1
20,101821,101822,20,0,"Eye Implant: Elec. Engi, Shiny",1
20,102061,102062,20,0,"Eye Implant: Rifle, Shiny",1
20,102098,102099,20,0,"Eye Implant: Aimed Shot, Shiny",1
20,102116,102117,20,0,"Eye Implant: Vehicle Air, Shiny",1
20,102178,102179,20,0,"Eye Implant: Nano Progra, Bright",1
20,102194,102195,20,0,"Eye Implant: Map Navig, Shiny",1
20,102382,102383,20,0,"Eye Implant: Grenade, Bright",1
20,102451,102452,20,0,"Eye Implant: Tutoring, Shiny",1
20,102467,102525,20,0,"Eye Implant: Aimed Shot, Shiny",2
20,102601,102602,20,0,"Eye Implant: Tutoring, Shiny",1
20,102659,102660,20,0,"Eye Implant: Rifle, Shiny",2
20,102698,102699,20,0,"Eye Implant: Elec. Engi, Shiny",1
20,102739,102740,20,0,"Eye Implant: Elec. Engi, Shiny",1
20,102767,102768,20,0,"Eye Implant: Aimed Shot, Shiny",1
20,102882,102883,20,0,"Eye Implant: Vehicle Air, Shiny",1
20,102884,102885,20,0,"Eye Implant: Map Navig, Shiny",1
20,102913,102914,20,0,"Eye Implant: Elec. Engi, Shiny",1
20,102931,102932,20,0,"Eye Implant: Map Navig, Shiny",1
20,103031,103032,20,0,"Eye Implant: Elec. Engi, Shiny",1
20,103078,103079,20,0,"Eye Implant: Tutoring, Shiny",1
20,103094,103095,20,0,"Eye Implant: Aimed Shot, Shiny",1
20,103248,103249,20,0,"Eye Implant: Map Navig, Shiny",1
20,103272,103273,20,0,"Eye Implant: Elec. Engi, Shiny",1
20,103386,103387,20,0,"Eye Implant: Rifle, Shiny",1
20,103461,103462,20,0,"Eye Implant: Map Navig, Shiny",1
20,103496,103497,20,0,"Eye Implant: Aimed Shot, Shiny",1
20,103612,103613,20,0,"Eye Implant: Rifle, Shiny",1
20,103629,103630,20,0,"Eye Implant: Tutoring, Shiny",1
20,103639,103640,20,0,"Eye Implant: Vehicle Air, Shiny",1
20,103689,103690,20,0,"Eye Implant: Intelligence, Bright",1
20,103777,103778,20,0,"Eye Implant: Psycho Modi, Bright",1
20,103961,103962,20,0,"Eye Implant: Rifle, Shiny",1
20,103997,103998,20,0,"Eye Implant: Tutoring, Shiny",1
20,103999,104000,20,0,"Eye Implant: Aimed Shot, Shiny",1
20,104011,104012,20,0,"Eye Implant: Tutoring, Shiny",1
20,104097,104098,20,0,"Eye Implant: Aimed Shot, Shiny",1
20,104135,104136,20,0,"Eye Implant: Map Navig, Shiny",1
20,104315,104316,20,0,"Eye Implant: Vehicle Air, Shiny",1
20,104337,104338,20,0,"Eye Implant: Perception, Bright",1
20,104400,104401,20,0,"Eye Implant: Aimed Shot, Shiny",1
20,104410,104411,20,0,"Eye Implant: Rifle, Shiny",1
20,104431,104432,20,0,"Eye Implant: Tutoring, Shiny",1
20,104510,104511,20,0,"Eye Implant: Elec. Engi, Shiny",1
20,104588,104589,20,0,"Eye Implant: Aimed Shot, Shiny",1
20,104617,104618,20,0,"Eye Implant: Elec. Engi, Shiny",1
20,104629,104630,20,0,"Eye Implant: Rifle, Shiny",1
20,104714,104715,20,0,"Eye Implant: Map Navig, Shiny",1
20,104746,104747,20,0,"Eye Implant: Aimed Shot, Shiny",2
20,104927,104928,20,0,"Eye Implant: Treatment, Bright",1
20,104935,104936,20,0,"Eye Implant: Map Navig, Shiny",1
20,104937,104805,20,0,"Eye Implant: Tutoring, Shiny",1
20,104950,104951,20,0,"Eye Implant: Vehicle Air, Shiny",1
20,104988,104989,20,0,"Eye Implant: Rifle, Shiny",1
20,105017,105018,20,0,"Head Implant: Matt.Metam, Shiny",1
20,105023,105024,20,0,"Head Implant: Bio.Metamor, Shiny",1
20,105045,105046,20,0,"Head Implant: Vehicle Hydr, Shiny",1
20,105249,105250,20,0,"Head Implant: Time & Space, Shiny",1
20,105267,105268,20,0,"Head Implant: Nano Progra, Shiny",1
20,105271,105272,20,0,"Head Implant: Comp. Liter, Shiny",1
20,105331,105332,20,0,"Head Implant: Treatment, Shiny",1
20,105341,105342,20,0,"Head Implant: Matt.Metam, Shiny",1
20,105375,105376,20,0,"Head Implant: Nano Progra, Shiny",1
20,105487,105488,20,0,"Head Implant: Comp. Liter, Shiny",1
20,105561,105562,20,0,"Head Implant: Bio.Metamor, Shiny",1
20,105591,105592,20,0,"Head Implant: Nano Progra, Shiny",1
20,105657,105658,20,0,"Head Implant: Treatment, Shiny",1
20,105713,105714,20,0,"Head Implant: Chemistry, Shiny",1
20,105777,105778,20,0,"Head Implant: Bio.Metamor, Shiny",1
20,105779,105780,20,0,"Head Implant: Psycho Modi, Shiny",1
20,105862,105863,20,0,"Head Implant: Nano Resist, Shiny",1
20,105878,105879,20,0,"Head Implant: Nano Progra, Shiny",1
20,105880,105881,20,0,"Head Implant: Comp. Liter, Shiny",1
20,105891,105892,20,0,"Head Implant: Psychic, Shiny",1
20,105951,105952,20,0,"Head Implant: Map Navig, Bright",1
20,105981,105982,20,0,"Head Implant: NanoC. Init, Shiny",1
20,106023,106024,20,0,"Head Implant: Matt.Metam, Shiny",1
20,106067,106068,20,0,"Head Implant: Time & Space, Shiny",1
20,106303,106304,20,0,"Head Implant: Ranged Ener, Shiny",1
20,106371,106372,20,0,"Head Implant: Chemistry, Shiny",1
20,106487,106488,20,0,"Head Implant: Vehicle Hydr, Shiny",1
20,106491,106492,20,0,"Head Implant: Bow Spc Att, Shiny",1
20,106520,106521,20,0,"Head Implant: Quantum FT, Shiny",1
20,106542,106543,20,0,"Head Implant: First Aid, Shiny",1
20,106548,106549,20,0,"Head Implant: Matt.Metam, Shiny",1
20,106556,106557,20,0,"Head Implant: Psycho Modi, Shiny",1
20,106623,106624,20,0,"Head Implant: Matter Crea, Shiny",1
20,106653,106654,20,0,"Head Implant: Nano Pool, Bright",1
20,106711,106712,20,0,"Head Implant: Melee Ener, Shiny",1
20,106717,106718,20,0,"Head Implant: Sensory Impr, Shiny",1
20,106719,106720,20,0,"Head Implant: First Aid, Shiny",1
20,106721,106722,20,0,"Head Implant: Treatment, Shiny",2
20,106731,106732,20,0,"Head Implant: Matter Crea, Shiny",1
20,106783,106784,20,0,"Head Implant: Psycho Modi, Shiny",1
20,106906,106907,20,0,"Head Implant: Ranged Ener, Shiny",1
20,107015,107016,20,0,"Head Implant: Comp. Liter, Shiny",1
20,107073,107074,20,0,"Head Implant: Chemistry, Shiny",1
20,107139,107140,20,0,"Head Implant: Nano Progra, Shiny",1
20,107165,107166,20,0,"Head Implant: Bow Spc Att, Shiny",1
20,107179,107180,20,0,"Head Implant: Psycho Modi, Shiny",1
20,107189,107190,20,0,"Head Implant: Psychic, Shiny",1
20,107251,107252,20,0,"Ear Implant: Perception, Shiny",1
20,107289,107290,20,0,"Ear Implant: Perception, Shiny",1
20,107347,107348,20,0,"Ear Implant: Concealment, Bright",1
20,107361,107362,20,0,"Ear Implant: Perception, Shiny",1
20,107363,107364,20,0,"Ear Implant: Psychology, Bright",1
20,107479,107480,20,0,"Right-Arm Implant: Burst, Shiny",1
20,107485,107486,20,0,"Right-Arm Implant: Strength, Shiny",1
20,107586,107587,20,0,"Right-Arm Implant: 1h Edged Weapon, Shiny",1
20,107637,107638,20,0,"Right-Arm Implant: 1h Edged Weapon, Shiny",1
20,107661,107662,20,0,"Right-Arm Implant: Bow, Shiny",1
20,107673,107674,20,0,"Right-Arm Implant: Assault Rif, Shiny",1
20,107705,107706,20,0,"Right-Arm Implant: 1h Edged Weapon, Shiny",1
20,107771,107772,20,0,"Right-Arm Implant: Piercing, Shiny",1
20,107897,107898,20,0,"Right-Arm Implant: Bow, Shiny",1
20,107901,107902,20,0,"Right-Arm Implant: MG / SMG, Shiny",1
20,107949,107950,20,0,"Right-Arm Implant: Bow, Shiny",2
20,107999,108000,20,0,"Right-Arm Implant: Bow, Shiny",1
20,108022,108023,20,0,"Right-Arm Implant: 1h Edged Weapon, Shiny",1
20,108038,108039,20,0,"Right-Arm Implant: Shotgun, Shiny",1
20,108048,108049,20,0,"Right-Arm Implant: Burst, Shiny",1
20,108064,108065,20,0,"Right-Arm Implant: 2h Edged, Shiny",1
20,108070,108071,20,0,"Right-Arm Implant: Piercing, Shiny",1
20,108148,108149,20,0,"Right-Arm Implant: 1h Edged Weapon, Shiny",1
20,108152,108153,20,0,"Right-Arm Implant: Piercing, Shiny",1
20,108158,108159,20,0,"Right-Arm Implant: Heavy Weapons, Shiny",1
20,108242,108243,20,0,"Right-Arm Implant: Heavy Weapons, Shiny",1
20,108246,108247,20,0,"Right-Arm Implant: Bow, Shiny",1
20,108290,108291,20,0,"Right-Arm Implant: 2h Blunt, Shiny",1
20,108304,108305,20,0,"Right-Arm Implant: Fling Shot, Shiny",1
20,108337,108338,20,0,"Right-Arm Implant: 2h Edged, Shiny",1
20,108375,108376,20,0,"Chest Implant: Nano Pool, Shiny",1
20,108432,108433,20,0,"Chest Implant: Sense, Shiny",1
20,108446,108447,20,0,"Chest Implant: Energy AC, Shiny",1
20,108456,108457,20,0,"Chest Implant: Dimach, Shiny",1
20,108594,108595,20,0,"Chest Implant: Stamina, Shiny",1
20,108740,108741,20,0,"Chest Implant: Nano Pool, Shiny",1
20,108856,108857,20,0,"Chest Implant: Energy AC, Shiny",1
20,108894,108895,20,0,"Chest Implant: Melee/Ma AC, Shiny",1
20,108906,108907,20,0,"Chest Implant: Dimach, Shiny",1
20,108936,108937,20,0,"Chest Implant: Sense, Shiny",1
20,109078,109079,20,0,"Chest Implant: Body Dev, Shiny",1
20,109086,109087,20,0,"Chest Implant: Psychic, Bright",1
20,109092,109093,20,0,"Chest Implant: Melee/Ma AC, Shiny",2
20,109126,109127,20,0,"Chest Implant: Energy AC, Shiny",1
20,109178,109179,20,0,"Chest Implant: Body Dev, Shiny",1
20,109204,109205,20,0,"Chest Implant: Sense, Shiny",1
20,109214,109215,20,0,"Chest Implant: Melee/Ma AC, Shiny",1
20,109220,109221,20,0,"Chest Implant: Dimach, Shiny",1
20,109248,109249,20,0,"Chest Implant: Psychic, Bright",1
20,109297,109298,20,0,"Left-Arm Implant: Brawling, Shiny",1
20,109345,109346,20,0,"Left-Arm Implant: Brawling, Shiny",1
20,109390,109391,20,0,"Left-Arm Implant: Piercing, Bright",1
20,109426,109427,20,0,"Right-Wrist Implant: Riposte, Shiny",1
20,109476,109477,20,0,"Right-Wrist Implant: Sharp Obj, Shiny",1
20,109542,109543,20,0,"Right-Wrist Implant: Ranged. Init, Shiny",1
20,109834,109835,20,0,"Right-Wrist Implant: Sharp Obj, Shiny",1
20,109940,109941,20,0,"Right-Wrist Implant: Sharp Obj, Shiny",1
20,109956,109957,20,0,"Right-Wrist Implant: Pistol, Shiny",1
20,109980,109981,20,0,"Right-Wrist Implant: Sharp Obj, Shiny",1
20,110066,110067,20,0,"Right-Wrist Implant: Pistol, Shiny",1
20,110068,110069,20,0,"Right-Wrist Implant: Ranged. Init, Shiny",1
20,110070,110071,20,0,"Right-Wrist Implant: Riposte, Shiny",1
20,110190,110191,20,0,"Waist Implant: Fire AC, Shiny",1
20,110250,110251,20,0,"Waist Implant: Chemical AC, Shiny",1
20,110260,110261,20,0,"Waist Implant: Cold AC, Shiny",1
20,110276,110277,20,0,"Waist Implant: Radiation AC, Shiny",1
20,110280,110281,20,0,"Waist Implant: Cold AC, Shiny",1
20,110358,110359,20,0,"Waist Implant: Radiation AC, Shiny",1
20,110378,110379,20,0,"Waist Implant: Body Dev, Bright",1
20,110540,110541,20,0,"Waist Implant: Sense, Bright",1
20,110576,110577,20,0,"Waist Implant: Radiation AC, Shiny",1
20,110660,110661,20,0,"Waist Implant: Radiation AC, Shiny",1
20,110674,110675,20,0,"Waist Implant: Radiation AC, Shiny",1
20,110766,110767,20,0,"Waist Implant: Cold AC, Shiny",1
20,110772,110773,20,0,"Waist Implant: Chemical AC, Shiny",1
20,110774,110775,20,0,"Waist Implant: Radiation AC, Shiny",1
20,110896,110897,20,0,"Waist Implant: Fire AC, Shiny",1
20,110898,110899,20,0,"Waist Implant: Max Nano, Bright",1
20,110902,110903,20,0,"Waist Implant: Cold AC, Shiny",1
20,110904,110905,20,0,"Waist Implant: Cold AC, Shiny",1
20,110920,110921,20,0,"Waist Implant: Chemical AC, Shiny",1
20,111098,111099,20,0,"Waist Implant: Body Dev, Bright",1
20,111247,111248,20,0,"Waist Implant: Adventuring, Bright",1
20,111275,111276,20,0,"Waist Implant: Fire AC, Shiny",1
20,111398,111399,20,0,"Left-Wrist Implant: Rifle, Faded",1
20,111400,111401,20,0,"Left-Wrist Implant: Melee Ener, Bright",2
20,111402,111403,20,0,"Left-Wrist Implant: Mult. Melee, Shiny",1
20,111404,111405,20,0,"Left-Wrist Implant: Mult. Melee, Shiny",1
20,111492,111493,20,0,"Right-Hand Implant: MG / SMG, Bright",1
20,111527,111528,20,0,"Right-Hand Implant: Martial Arts, Shiny",1
20,111586,111587,20,0,"Right-Hand Implant: Weapon Smt, Shiny",1
20,111639,111640,20,0,"Right-Hand Implant: Fling Shot, Bright",1
20,111736,111737,20,0,"Right-Hand Implant: First Aid, Bright",1
20,111791,111792,20,0,"Right-Hand Implant: Martial Arts, Shiny",1
20,111793,111811,20,0,"Right-Hand Implant: Trap Disarm, Shiny",1
20,111834,111835,20,0,"Right-Hand Implant: Weapon Smt, Shiny",1
20,111909,111910,20,0,"Right-Hand Implant: Martial Arts, Shiny",1
20,111945,111946,20,0,"Right-Hand Implant: Weapon Smt, Shiny",1
20,112011,112012,20,0,"Right-Hand Implant: Weapon Smt, Shiny",1
20,112088,112090,20,0,"Right-Hand Implant: Trap Disarm, Shiny",1
20,112108,112109,20,0,"Right-Hand Implant: Weapon Smt, Shiny",1
20,112156,112157,20,0,"Right-Hand Implant: Weapon Smt, Shiny",1
20,112187,112188,20,0,"Right-Hand Implant: Weapon Smt, Shiny",1
20,112288,112238,20,0,"Right-Hand Implant: Fling Shot, Bright",1
20,112322,112323,20,0,"Right-Hand Implant: Trap Disarm, Shiny",1
20,112445,112446,20,0,"Right-Hand Implant: Weapon Smt, Shiny",1
20,112471,112472,20,0,"Right-Hand Implant: Quantum FT, Faded",1
20,112500,112501,20,0,"Right-Hand Implant: Weapon Smt, Shiny",1
20,112508,112509,20,0,"Right-Hand Implant: Weapon Smt, Shiny",1
20,112522,112523,20,0,"Right-Hand Implant: Trap Disarm, Shiny",1
20,112823,112824,20,0,"Right-Hand Implant: Shotgun, Bright",1
20,112875,112876,20,0,"Right-Hand Implant: Trap Disarm, Shiny",1
20,112893,112894,20,0,"Right-Hand Implant: Martial Arts, Shiny",1
20,112929,112930,20,0,"Right-Hand Implant: Martial Arts, Shiny",1
20,112945,112946,20,0,"Right-Hand Implant: Martial Arts, Shiny",1
20,113003,113004,20,0,"Right-Hand Implant: Weapon Smt, Shiny",1
20,113019,113020,20,0,"Right-Hand Implant: Trap Disarm, Shiny",1
20,113078,113079,20,0,"Right-Hand Implant: Matter Crea, Bright",1
20,113148,113149,20,0,"Leg Implant: Imp/Proj AC, Shiny",1
20,113222,113223,20,0,"Leg Implant: Adventuring, Shiny",1
20,113277,113278,20,0,"Leg Implant: Dodge-Rng, Shiny",1
20,113281,113282,20,0,"Leg Implant: Swimming, Shiny",1
20,113396,113397,20,0,"Leg Implant: Max Health, Faded",1
20,113408,113409,20,0,"Leg Implant: Swimming, Shiny",1
20,113448,113449,20,0,"Left-Hand Implant: Fast Attack, Shiny",1
20,113458,113459,20,0,"Left-Hand Implant: Trap Disarm, Bright",1
20,113505,113506,20,0,"Leg Implant: Agility, Shiny",1
20,113523,113524,20,0,"Leg Implant: Imp/Proj AC, Shiny",1
20,113569,113570,20,0,"Left-Hand Implant: Fast Attack, Shiny",1
20,113607,113608,20,0,"Feet Implant: Physic. Init, Shiny",1
20,113621,113622,20,0,"Feet Implant: Concealment, Shiny",1
20,116824,116824,21,0,Nano Crystal (Instill With Rage),2
20,118250,118250,21,0,Nano Crystal (Minor Delayed Health Payment),1
20,120609,120609,1,0,Omni-Med Cloak,6
20,121351,121351,27,0,Nano Crystal (Team Skill Wrangler (Patchy)),2
20,121366,121366,21,0,Nano Crystal (Skill Wrangler (Minor)),1
20,121367,121367,14,0,Nano Crystal (Skill Wrangler (Patchy)),1
20,121511,121511,27,0,Nano Crystal (Practiced Health Haggler),1
20,121515,121515,11,0,Nano Crystal (Novice Health Haggler),1
20,121519,121519,17,0,Nano Crystal (Apprentice Health Haggler),1
20,121572,121573,20,0,Useless Triple-Blade,2
20,121629,121630,20,0,Rusty Spiked Axe,2
20,121648,121649,20,0,Chipped Polearm,1
20,121704,121704,20,0,Dull Whings,2
20,121723,121723,20,0,Dull Haxor 9922,1
20,121742,121742,20,0,Unbalanced Right Slice,1
20,121761,121761,20,0,Unbalanced Mini Axe,1
20,121799,121799,20,0,Ill-Treated Disaffiliation Sniper,3
20,121856,121856,20,0,Ill-Treated Chunkprojector,1
20,121875,121875,20,0,Ill-Treated Plasmaprojector,1
20,121913,121913,20,0,Ill-Treated Flamethrower,2
20,121989,121989,20,0,Irreparable Blackened Miniblaster,2
20,122008,122008,20,0,Ill-Treated Blackened Blaster,4
20,122065,122065,20,0,Unbalanced Clean Slay Axe,1
20,122236,122236,20,0,Ill-Treated Electrical Pacifier,1
20,122255,122255,20,0,Ill-Treated Eradicator XCI-52,2
20,122293,122293,20,0,Irreparable Omni-Flamer Mk IV,2
20,122312,122312,20,0,Ill-Treated Stanton Stunner IV,1
20,122331,122331,20,0,Irreparable Minigrinner,1
20,122369,122369,20,0,Punctured Energy Shield,4
20,122388,122388,20,0,Punctured Esoteric Energy Buckler,1
20,122426,122426,20,0,Ill-Treated Mausser Particle Streamer,2
20,122483,122483,20,0,Irreparable Ingram Blaster 23-X,1
20,122502,122502,20,0,Ill-Treated Biogun,1
20,122540,122540,20,0,Ill-Treated Omni-Pol Standard Flamer,3
20,122578,122578,20,0,Ill-Treated Supernova Mk VI,2
20,122597,122597,20,0,Ill-Treated Blackhole Mk IX,3
20,122616,122616,20,0,Irreparable Aero Borealis Corona,1
20,122654,122654,20,0,Irreparable Silver Miniblaster,1
20,122730,122730,20,0,Unbalanced Blackjack,1
20,122749,122749,20,0,Dull Two-Handed Blackjack,1
20,122768,122768,20,0,Ill-Treated Bow-Blaster,1
20,122787,122787,20,0,Dull Sword of Sir Galahad,1
20,122806,122806,20,0,Dull Gofle-Prod,1
20,122868,122868,20,0,Ill-Treated Grenade-Thrower,1
20,122906,122906,20,0,Dull Support Beam,1
20,122925,122925,20,0,Dull Blackjohn,2
20,122944,122944,20,0,Unbalanced Mace,1
20,122982,122982,20,0,Irreparable Kolt 58 Magnum,1
20,123077,123077,20,0,Irreparable Sleekblaster Major,1
20,123115,123115,20,0,Unbalanced Bow Split,1
20,123172,123172,20,0,Irreparable Electron-Charged Pistol,2
20,123344,123344,20,0,Unbalanced Hand Axe,1
20,123382,123382,20,0,Unbalanced Meat-Cleaver,1
20,123400,123401,20,0,Gluegun,1
20,123439,123439,20,0,Irreparable Ultra-Light Missile Pistol Raid 9-X,2
20,123477,123477,20,0,Irreparable MTI USP 21,3
20,123496,123496,20,0,Irreparable IMI Desert Reet 1000,1
20,123552,123553,20,0,Irreparable Knights Inc. Special-Purpose Pistol,1
20,123610,123610,20,0,Irreparable PNG M1007A1 Tactical Revolver,1
20,123648,123648,20,0,Irreparable Sentinels ETE Strike Gun,1
20,123667,123667,20,0,Irreparable River MV,1
20,123686,123686,20,0,Irreparable Seburo Bobsons,2
20,123704,123705,20,0,Rotting OT Biomag,2
20,123725,123726,20,0,Used MTI M-1 Bipower,1
20,123744,123745,20,0,Shortened OT M-10 Flechette Pistol,1
20,123763,123764,20,0,Polizziotto M202F Light,1
20,123775,123775,20,0,Rusty MTI 95 Match Pistol,1
20,123791,123791,20,0,MTI VP300 Proto Pink,1
20,123810,123811,20,0,MTI SW500 ,2
20,123839,123840,20,0,Zastaba Cz-200 Assault Pistol ,2
20,123846,123846,20,0,Freedom Arms Super 90 ,2
20,123855,123856,20,0,Second-Hand Old English Trading Co.,1
20,123868,123869,20,0,Old Atlas Bern C.V.,1
20,123879,123880,20,0,Worn BigBurger Inc.,3
20,123893,123894,20,0,Rusty OT Backup,1
20,123904,123905,20,0,Rusty OT 0120 Machine Pistol,1
20,123928,123929,20,0,Rusty FN 7-7 Pistol,1
20,123944,123945,20,0,Galahad Inc T70 Service Pistol,1
20,123968,123970,20,0,Rusty OT Boomer M30,3
20,123976,123977,20,0,Gripo-Com AKR 1K20,2
20,123980,123980,20,0,Rusty Nomad 21.7 BMG Ranger,1
20,124025,124026,20,0,Battered Galahad Inc. 055,1
20,124070,124071,20,0,M52A Pulse Rifle,1
20,124101,124102,20,0,O.E.T. Co. C70 Brigand,1
20,124145,124146,20,0,OT-Windchaser M06 Rifle,1
20,124164,124165,20,0,MTI SL70 Rifle ,2
20,124198,124199,20,0,Worn OT-Windchaser RM70 Junior,2
20,124241,124242,20,0,Rusty OT M50 Shotgun,1
20,124263,124264,20,0,Old OT MPS-00 Police Shotgun,1
20,124276,124277,20,0,Rusty Krutt Assault 219,1
20,124313,124314,20,0,Rusty Ithaca Ki-8,2
20,124341,124342,20,0,Tsakachumi PTO-HV Counter-Sniper Rifle,1
20,124357,124358,20,0,Flawed MTI G-90A3,1
20,124372,124373,20,0,Battered BBI AS-90,1
20,124383,124384,20,0,HSR Arms F-59,1
20,124400,124401,20,0,Vektor V.21 Flechette Rifle,1
20,124422,124423,20,0,MTI B-94,1
20,124431,124432,20,0,Bent BBI Minami-90,1
20,124446,124447,20,0,Kalinkalov Mz-99,1
20,124453,124454,20,0,Rusty EN-RAL,1
20,124505,124506,20,0,OT Eskorpio 21,1
20,124511,124511,20,0,Rusty Sentinels Personal Edition,2
20,124529,124530,20,0,Prototype Sito-Tech Model 00,2
20,124557,124558,20,0,Kang Tao Spitting Cobra,1
20,124617,124618,20,0,Used MTI SO1210,1
20,124644,124644,20,0,Ill-Treated Kalinkanov ZU-113 Security Weapon,2
20,124663,124663,20,0,Ill-Treated Malorian Arms M25 Goodgun,1
20,124682,124682,20,0,Ill-Treated MTI MPK-22 Briefcase Gun,1
20,124712,124712,20,0,Ill-Treated Nord Armwerk MAX,1
20,124780,124780,20,0,Ill-Treated Tsunami Raiden MP-Drum,2
20,124818,124818,20,0,Ill-Treated OT M-70 HardRain GPMG,1
20,124837,124837,20,0,Mistreated Vektor M-31 Automatic Grenade Launcher,2
20,124856,124856,20,0,Ill-Treated Planet Gripon Arms Hard-Boomer,2
20,124911,124911,20,0,Ill-Treated Westinghouse IM-50 Plasma Burner,1
20,124930,124930,20,0,Ill-Treated IEC Flashpoint Laser Rifle,1
20,124949,124949,20,0,Ill-Treated Techtronica Neural Disruptor,1
20,124968,124968,20,0,Ill-Treated GE XM-559 Man-Portable Laser,1
20,124987,124987,20,0,Ill-Treated Reet-Tech Stryker X,1
20,125025,125025,20,0,Ill-Treated Joint Clans Patriot,3
20,125044,125044,20,0,Ill-Treated Reet-Tech Junior Urban Crossbow,5
20,125082,125082,20,0,Ill-Treated Oneida Razor Half-Bow,1
20,125330,125331,20,0,Splintered Large Rider Squibber,1
20,125344,125344,20,0,Splintered Protector Squibber,2
20,125401,125401,20,0,Splintered Protector Executioner,1
20,125420,125420,20,0,Splintered Torch,1
20,125439,125439,20,0,Crumbling Paper Hammer,2
20,125770,125770,17,0,Nano Crystal (Frost Slivers),2
20,128627,128628,20,0,Rusty Ares Arms AR-90 Jet Rifle,3
20,128710,128711,20,0,Rusty River Series 6,1
20,128734,128735,20,0,1st edition Pistola Di Macchina Mini Automatico 2,2
20,128759,128759,20,0,Ill-treated Fabrique Des Armes Bizon 20-19,1
20,128789,128790,20,0,Battered Old English Trading Co. SPP-502,1
20,128793,128793,20,0,Ill-treated OT Cobra M-33,1
20,128840,128840,20,0,Ill-treated OET Co. MP-21 Tactical Machine Pistol,1
20,128891,128891,20,0,Ill-treated Steiner LM-5 Assault Laser,1
20,128920,128920,20,0,Splintered Peasant Executioner,1
20,128939,128939,20,0,Obtuse Peasant Warblade,1
20,129046,129046,20,0,10th level Ninja Katana,1
20,129069,129070,20,0,Sparkling Breathing Space,1
20,129639,129639,20,0,Over-tuned Wen-Wen,1
20,129715,129715,10,0,Nano Crystal (Restock Ammo (Level OP-I)),1
20,130003,130004,20,0,Run Speed Cluster - Faded (Leg),1
20,130007,130008,20,0,Run Speed Cluster - Shiny (Right-Wrist),1
20,130009,130010,20,0,"Right-Wrist Implant: Run Speed, Shiny",1
20,130052,130052,20,0,Ancient Featherwood Staff,1
20,130062,130063,20,0,Cracked Heavy Staff,1
20,130088,130088,20,0,Splintered Native Alloy Staff,1
20,130107,130107,20,0,Obtuse Notum Lever,1
20,130126,130126,20,0,Splintered Denunciatory Spear,2
20,130145,130145,20,0,Rusty Hayfork,1
20,130172,130173,20,0,Bent OT Sword,1
20,130216,130217,20,0,Bent Light Spear,1
20,130327,130328,20,0,"Right-Wrist Implant: Run Speed, Shiny",1
20,130354,130355,20,0,"Left-Wrist Implant: Run Speed, Bright",1
20,130447,130448,20,0,"Leg Implant: Duck-Exp, Shiny",1
20,136690,136690,14,0,Nano Crystal (Slipshod Bandaging),2
20,136701,136701,21,0,Nano Crystal (Lesser Restore to Health),1
20,142856,142856,20,0,Cast-off Eye Wind Onehander,3
20,143845,143845,20,0,Ill-Treated Sunburst Mk IV,1
20,144085,144085,20,0,Loose Tanto,2
20,144102,144102,20,0,Sparkling Freedom Arms 4200,1
20,144147,144147,20,0,Obtuse Burning Copper Katana,1
20,150223,150224,20,0,,1
20,150241,150242,20,0,,1
20,150255,150255,20,0,,2
20,150306,150307,20,0,,1
20,151776,151776,24,0,,2
20,151777,151777,21,0,,1
20,151834,151834,14,0,,1
20,152083,152084,20,0,,1
20,152109,152110,20,0,,1
20,152157,152157,20,0,,1
20,152187,152187,18,0,,1
20,152280,152280,20,0,,1
20,152327,152327,20,0,,1
20,152733,152733,20,0,,2
20,152748,152748,20,0,,1
20,153083,153084,20,0,,3
20,154069,150213,20,0,,3
20,154070,150196,20,0,,1
20,155368,155368,24,0,,1
20,155378,155378,21,0,,1
20,155391,155391,21,0,,1
20,156133,156133,24,0,,1
20,158033,158021,20,0,,1
20,158037,158036,20,0,,1
20,159007,159008,20,0,,2
20,159040,159041,20,0,,2
20,159109,159110,20,0,,3
20,160095,160095,20,0,,1
20,160216,160217,20,0,,3
20,160224,160225,20,0,,1
20,160233,160234,20,0,,1
20,160236,160237,20,0,,1
20,160264,160265,20,0,,2
20,160476,160477,20,0,,1
20,160484,160484,20,0,,1
20,163389,163389,24,0,,2
20,166253,166254,20,0,,1
20,166257,166258,20,0,,3
20,171321,171322,20,0,,1
20,190290,191153,20,0,,1
20,191156,191157,20,0,,1
20,191707,191708,20,0,,1
20,202740,202740,30,0,,2
20,202829,202829,30,0,,1
20,203122,203122,30,0,,1
20,203594,203594,10,0,,2
20,203977,203977,21,0,,1
20,204267,204268,20,0,,3
20,204270,204271,20,0,,1
20,205198,205198,16,0,,1
20,205230,205230,15,0,,1
20,209283,209284,20,0,,2
20,210300,210300,20,0,,5
20,210312,210312,27,0,,4
20,210322,210322,14,0,,8
20,210356,210356,17,0,,1
20,210388,210388,21,0,,4
20,210485,210485,20,0,,7
20,210735,210735,29,0,,4
20,210788,210788,22,0,,2
20,210805,210805,14,0,,7
20,211153,211153,19,0,,1
20,218824,218824,20,0,,3
20,227473,227473,30,0,,1
21,23314,23316,21,0,Simple First-Aid Kit,2
21,25812,25811,21,0,Treatment Laboratory,1
21,25820,25821,21,0,Basic Nano Recharger,1
21,26471,26471,14,0,Nano Crystal (Ranged Special Attacks Incompetence),10
21,26503,26503,14,0,Nano Crystal (Melee Special Attacks Incompetence),5
21,27381,27381,1,0,Omni-Med Suit Gloves,2
21,27382,27382,1,0,Omni-Med Suit Boots,2
21,27383,27383,1,0,Omni-Med Suit Shirt,1
21,28754,28754,27,0,Nano Crystal (Biotoxin MK I),1
21,28770,28770,14,0,Nano Crystal (Enhanced First Aid),3
21,28789,28789,30,0,Nano Crystal (Superior Healing),2
21,28810,28810,27,0,Nano Crystal (Fire Snake),2
21,28814,28814,14,0,Nano Crystal (Hot Feet),2
21,28917,28917,24,0,Nano Crystal (Bad Blood),2
21,28934,28934,14,0,Nano Crystal (Give Energy: 25),2
21,28938,28938,14,0,Nano Crystal (Give Life: 25),1
21,28945,28945,17,0,Nano Crystal (Limbo Mastery),1
21,29333,29333,27,0,Nano Crystal (Attack Booster),1
21,29356,29356,17,0,Nano Crystal (Persistent Damage Multiplier),4
21,29358,29358,24,0,Nano Crystal (Pistol Mastery),2
21,29804,29804,27,0,Nano Crystal (Glowing Retribution),2
21,29806,29806,30,0,Nano Crystal (Headcracker),1
21,30758,30758,27,0,Nano Crystal (Apprentice: Field Quantum Physics),1
21,30771,30771,20,0,Nano Crystal (Frequent Customer),1
21,30790,30790,14,0,Nano Crystal (Margin Call),1
21,30804,30804,24,0,Nano Crystal (Apprentice: Electrical Engineering),2
21,31419,31419,27,0,Nano Crystal (Contact Poison),2
21,31420,31420,14,0,Nano Crystal (Cracker's Luck),3
21,31498,31498,1,0,White Cloak,2
21,31499,31499,1,0,Red Cloak,2
21,31500,31500,1,0,Grey Cloak,3
21,31501,31501,1,0,Green Cloak,3
21,31502,31502,1,0,Brown Cloak,5
21,31505,31505,1,0,Black Trenchcoat,3
21,31506,31506,1,0,Black Omni-Tek Commander Cloak,2
21,31515,31515,1,0,Red Omni-Tek Commander Cloak,1
21,31516,31516,1,0,Trenchcoat,3
21,31517,31517,1,0,Black Cloak,3
21,31528,31528,1,0,Red Cloak Hood,2
21,31530,31530,1,0,Grey Cloak Hood,2
21,31531,31531,1,0,Green Cloak Hood,3
21,31532,31532,1,0,Brown Cloak Hood,2
21,31533,31533,1,0,Blue Cloak Hood,3
21,31534,31534,1,0,Black Cloak Hood,2
21,32071,32071,17,0,Nano Crystal (False Profession: Adventurer),1
21,32074,32074,30,0,Nano Crystal (False Profession: Doctor),3
21,32075,32075,20,0,Nano Crystal (False Profession: Engineer),1
21,32076,32076,14,0,Nano Crystal (False Profession: Martial Artist),1
21,32081,32081,27,0,Nano Crystal (False Profession: Trader),1
21,32103,32103,20,0,Nano Crystal (Shadow Crown),2
21,36782,36777,21,0,Belt Component Platform Ti-200X,1
21,38531,38531,24,0,Nano Crystal (Team Terrain Knowledge),2
21,42416,42416,14,0,Nano Crystal (Lasting Heal),2
21,42544,42544,20,0,Nano Crystal (Halon Cloud),1
21,43780,43780,14,0,Nano Crystal (Summon Fury Externalization),1
21,43930,43930,20,0,Nano Crystal (Team Field Dressings),1
21,43954,43954,27,0,Nano Crystal (Periodic Checkup),1
21,43962,43962,17,0,Nano Crystal (Lesser Nano Bandage),2
21,43975,43975,14,0,Nano Crystal (Inferior Cleanse Wounds),1
21,44188,44188,30,0,Nano Crystal (Infected Wounds),1
21,44204,44204,20,0,Nano Crystal (Primitive Nano Gorger),1
21,45396,45396,24,0,Nano Crystal (Chemical Burn),1
21,45398,45398,24,0,Nano Crystal (Accelerated Titanium Pellet),1
21,45399,45399,27,0,Nano Crystal (Acidic Conversion),1
21,45400,45400,30,0,Nano Crystal (Aggressive Mutagen),1
21,45951,45951,24,0,Nano Crystal (Sudden Chill),1
21,45973,45973,14,0,Nano Crystal (Lesser RNA Reaper),1
21,45998,45998,30,0,Nano Crystal (Condensed Halon Jet),1
21,46019,46019,17,0,Nano Crystal (Semi-Sentient Automaton),1
21,46033,46033,20,0,Nano Crystal (Patchwork Android),1
21,46040,46040,14,0,Nano Crystal (Perfected Automaton),1
21,46052,46052,24,0,Nano Crystal (Inferior Android),1
21,46058,46058,24,0,Nano Crystal (Lesser Android),1
21,46063,46063,20,0,Nano Crystal (Feeble Android),3
21,46068,46068,27,0,Nano Crystal (Flawed Android),1
21,46075,46075,30,0,Nano Crystal (Common Android),1
21,46082,46082,14,0,Nano Crystal (Advanced Automaton),2
21,46419,46419,20,0,Nano Crystal (Supervisor-Grade Helper-Droid),2
21,46425,46425,30,0,Nano Crystal (Limited Attendant-Droid),1
21,46444,46444,24,0,Nano Crystal (Executive-Grade Helper-Droid),1
21,46466,46466,27,0,Nano Crystal (Basic Attendant-Droid),1
21,49813,49813,24,0,Nano Crystal (Mighty Challenger to Cyclops),1
21,55679,55678,21,0,Weapon Smithing Tutoring Device,1
21,55681,55680,21,0,Psychology Tutoring Device,2
21,55685,55684,21,0,Nano Programming Tutoring Device,1
21,55688,55677,21,0,Chemistry Tutoring Device,2
21,55694,55693,21,0,Electrical Engineering Tutoring Device,1
21,55759,55759,20,0,Nano Crystal (Field of Sparks),1
21,55775,55775,24,0,Nano Crystal (Electrical Chastiser),3
21,55840,55840,17,0,Nano Crystal (Jacket of Blades),1
21,55841,55841,30,0,Nano Crystal (Firefly's Fury),1
21,55842,55842,24,0,Nano Crystal (Enshroud with Barbs),1
21,56005,56005,24,0,Nano Crystal (Restrict Movement),1
21,56178,56178,14,0,Nano Crystal (Feet of Stone),1
21,56241,56241,17,0,Nano Crystal (Lesser Hold Victim),1
21,56252,56252,14,0,Nano Crystal (No Escape Possible),3
21,56266,56266,14,0,Nano Crystal (Lesser Embrace of Greed),1
21,70254,70251,21,0,Damage Shield Projector,1
21,70389,70389,30,0,Nano Crystal (Lesser Deflection Shield (Extended)),2
21,70390,70390,24,0,Nano Crystal (Lesser Deflection Shield),1
21,70397,70397,14,0,Nano Crystal (Minor Deflection Shield),2
21,70398,70398,17,0,Nano Crystal (Minor Deflection Shield (Extended)),3
21,70558,85640,21,0,Battered Low-Tech Armor Boots,1
21,70559,85689,21,0,Battered Low-Tech Body Armor,1
21,70560,85688,21,0,Battered Low-Tech Female Body Armor,8
21,70561,85744,21,0,Battered Low-Tech Armor Sleeves,2
21,70562,85597,21,0,Battered Low-Tech Armor Gloves,1
21,70563,85558,21,0,Battered Low-Tech Armor Helmet,4
21,70564,85515,21,0,Battered Low-Tech Armor Pants,2
21,70565,85514,21,0,Battered Low-Tech Armor Shorts,4
21,70581,70581,14,0,Nano Crystal (Flawed Protective Field),2
21,70585,70585,20,0,Nano Crystal (Flawed Defensive Screen),2
21,70610,70609,21,0,Bird of Prey,1
21,75416,75416,14,0,Nano Crystal (Minor Absorption Shield),2
21,75417,75417,20,0,Nano Crystal (Lesser Combat Barrier),1
21,78420,78420,17,0,Nano Crystal (Lesser Health Funnel),1
21,78424,78424,30,0,Nano Crystal (Advanced Health Funnel),2
21,81839,81839,27,0,Nano Crystal (Lotus on Water),1
21,81847,81847,20,0,Nano Crystal (Energized Fists),2
21,81897,81897,24,0,Nano Crystal (Nano Augmentation),2
21,81953,81953,27,0,Nano Crystal (Lesser Mysterious Causes),1
21,81956,81956,14,0,Nano Crystal (Inject Poison),2
21,82003,82003,20,0,Nano Crystal (Subsonic Blast),1
21,82065,82065,17,0,Nano Crystal (Team Restore Essence),1
21,82070,82070,20,0,Nano Crystal (Restore Essence),1
21,82080,82080,27,0,Nano Crystal (Survival Technique),2
21,82187,82187,27,0,Nano Crystal (Mass Illusory Paralysis),1
21,82807,82807,14,0,Nano Crystal (Postpone Encounter),1
21,82838,82838,20,0,Nano Crystal (Pronouncement of Greatness),1
21,82839,82839,24,0,Nano Crystal (Sparrow Flight),1
21,83920,83919,21,0,Aggression Enhancer,1
21,83968,83968,20,0,Nano Crystal (Mass Claw Eyes),2
21,83978,83978,27,0,Nano Crystal (Gouge Eyes),1
21,85320,85320,14,0,Nano Crystal (Lesser Enforced Sloth),2
21,85368,85369,21,0,Burst of Speed Stim,1
21,85477,21917,21,0,Worn Cyber Armor Sleeves,2
21,85481,85690,21,0,Battered Leather Vest,2
21,85500,85499,21,0,Inferior Chilled Plasteel Armor Pants,1
21,85501,22343,21,0,Inferior Heated Plasteel Armor Pants,2
21,85502,22339,21,0,Recruit-Issue Omni-Pol Forest Armor Pants,3
21,85504,27394,21,0,Recruit-Issue Omni-Pol Desert Armor Pants,3
21,85507,85506,21,0,Battered Nomad Armor Pants,2
21,85513,22313,21,0,Basic Martial Artist Suit Pants,2
21,85516,22301,21,0,Inferior Kevlar Armor Pants,3
21,85517,27360,21,0,Battered Flak Armor Pants,3
21,85525,85524,21,0,Inferior Raven's Energized Armor Pants,2
21,85526,22293,21,0,Inferior Energized Armor Pants,5
21,85530,85529,21,0,Worn Bau Cyber Armor Pants,5
21,85531,22289,21,0,Worn Cyber Armor Pants,4
21,85533,85532,21,0,Battered Light Combat Armor Pants,3
21,85547,85546,21,0,Inferior Chilled Plasteel Armor Helmet,2
21,85548,22258,21,0,Inferior Heated Plasteel Armor Helmet,3
21,85549,22254,21,0,Recruit-Issue Omni-Pol Forest Armor Helmet,2
21,85551,27402,21,0,Recruit-Issue Omni-Pol Desert Armor Helmet,2
21,85557,85556,21,0,Worn Metaplast Armor Helmet,2
21,85560,85559,21,0,Battered Sid's Leather Armor Helmet,1
21,85562,85561,21,0,Battered Leather Armor Helmet,3
21,85566,85565,21,0,Inferior Raven's Energized Armor Helmet,4
21,85567,22223,21,0,Inferior Energized Armor Helmet,1
21,85571,85570,21,0,Worn Bau Cyber Armor Helmet,2
21,85572,22219,21,0,Worn Cyber Armor Helmet,1
21,85586,85585,21,0,Inferior Chilled Plasteel Armor Gloves,1
21,85587,22208,21,0,Inferior Heated Plasteel Armor Gloves,1
21,85590,27396,21,0,Recruit-Issue Omni-Pol Desert Armor Gloves,1
21,85593,85592,21,0,Battered Nomad Armor Gloves,1
21,85598,22178,21,0,Inferior Kevlar Armor Gloves,1
21,85600,85599,21,0,Battered Sid's Leather Armor Gloves,4
21,85602,85601,21,0,Battered Leather Armor Gloves,3
21,85606,85605,21,0,Inferior Raven's Energized Armor Gloves,4
21,85607,22170,21,0,Inferior Energized Armor Gloves,2
21,85611,85610,21,0,Worn Bau Cyber Armor Gloves,2
21,85612,22166,21,0,Worn Cyber Armor Gloves,4
21,85626,85625,21,0,Inferior Chilled Plasteel Armor Boots,2
21,85627,22154,21,0,Inferior Heated Plasteel Armor Boots,1
21,85633,85632,21,0,Battered Nomad Armor Boots,1
21,85636,85635,21,0,Inferior Nail Armor Boots,3
21,85638,85637,21,0,Worn Metaplast Armor Boots,2
21,85639,22124,21,0,Basic Martial Artist Suit Boots,1
21,85641,22116,21,0,Inferior Kevlar Armor Boots,3
21,85643,85642,21,0,Battered Sid's Leather Armor Boots,2
21,85649,85648,21,0,Inferior Raven's Energized Armor Boots,1
21,85650,22108,21,0,Inferior Energized Armor Boots,3
21,85654,85653,21,0,Worn Bau Cyber Armor Boots,4
21,85655,22104,21,0,Worn Cyber Armor Boots,1
21,85657,85656,21,0,Battered Light Combat Armor Boots,2
21,85674,85673,21,0,Inferior Chilled Plasteel Body Armor,3
21,85675,22076,21,0,Inferior Heated Plasteel Body Armor,2
21,85676,22072,21,0,Recruit-Issue Omni-Pol Forest Body Armor,5
21,85681,85680,21,0,Battered Nomad Body Armor,2
21,85684,85683,21,0,Inferior Nail Body Armor,3
21,85686,85685,21,0,Worn Metaplast Body Armor,2
21,85687,22046,21,0,Basic Martial Artist Suit Shirt,1
21,85691,22004,21,0,Inferior Kevlar Vest,1
21,85692,22026,21,0,Inferior Kevlar Body Armor,2
21,85693,27389,21,0,Battered Flak Body Armor,2
21,85695,85694,21,0,Battered Sid's Leather Body Armor,3
21,85697,85696,21,0,Battered Leather Body Armor,6
21,85701,85700,21,0,Inferior Raven's Energized Body Armor,2
21,85708,85707,21,0,Worn Bau Cyber Female Body Armor,4
21,85710,85709,21,0,Worn Bau Cyber Body Armor,4
21,85711,22014,21,0,Worn Cyber Female Body Armor,1
21,85712,22010,21,0,Worn Cyber Body Armor,2
21,85714,85713,21,0,Battered Light Combat Body Armor,3
21,85723,85722,21,0,Worn Nadir Steel-Ribbed Armor Sleeves,2
21,85730,85729,21,0,Inferior Chilled Plasteel Armor Sleeves,3
21,85731,21967,21,0,Inferior Heated Plasteel Armor Sleeves,2
21,85732,21963,21,0,Recruit-Issue Omni-Pol Forest Armor Sleeves,3
21,85734,27400,21,0,Recruit-Issue Omni-Pol Desert Armor Sleeves,2
21,85737,85736,21,0,Battered Nomad Armor Sleeves,3
21,85740,85739,21,0,Inferior Nail Armor Sleeves,3
21,85742,85741,21,0,Worn Metaplast Armor Sleeves,1
21,85743,21937,21,0,Basic Martial Artist Suit Sleeves,2
21,85745,21929,21,0,Inferior Kevlar Armor Sleeves,3
21,85746,27391,21,0,Battered Flak Armor Sleeves,3
21,85748,85747,21,0,Battered Sid's Leather Armor Sleeves,2
21,85750,85749,21,0,Battered Leather Armor Sleeves,3
21,85754,85753,21,0,Inferior Raven's Energized Armor Sleeves,1
21,85755,21921,21,0,Inferior Energized Armor Sleeves,3
21,85759,85758,21,0,Worn Bau Cyber Armor Sleeves,1
21,85761,85760,21,0,Battered Light Combat Armor Sleeves,1
21,85895,85895,14,0,Nano Crystal (Deprive Skills (Minor)),1
21,85896,85896,24,0,Nano Crystal (Deprive Skills (Average)),1
21,87470,87470,1,0,Tattoo,1
21,87471,87471,1,0,Tattoo,1
21,87472,87472,1,0,Tattoo,1
21,87476,87476,1,0,Tattoo,1
21,87483,87483,1,0,Tattoo,1
21,88373,88374,21,0,Yatamutchy Movement Predictor -X7B,1
21,88377,88378,21,0,Trimmer - Divert Energy to Offense,1
21,88385,88386,21,0,Trimmer - Negative Aggressive-Defensive,2
21,90453,90453,17,0,Nano Crystal (Baton of Authority (Team)),1
21,95453,95453,20,0,Nano Crystal (Enhance Nano Cohesion),1
21,95518,95519,21,0,Nano Formula Recompiler,1
21,95727,95727,17,0,Nano Crystal (Boot Camp Toughness),1
21,95728,95728,14,0,Nano Crystal (Essence of Vitality),1
21,95748,95748,27,0,Nano Crystal (Enhance Constitution),2
21,95749,95749,17,0,Nano Crystal (Health Graft),2
21,99139,99139,14,0,Nano Crystal (Douse Anger),2
21,100006,100006,1,0,"Body Tattoo, Back",1
21,100010,100010,1,0,"Body Tattoo, Back",1
21,100012,100012,1,0,Tattoo,1
21,100013,100013,1,0,Tattoo,1
21,100202,100202,17,0,Nano Crystal (Mongo Slam!),2
21,100264,100264,30,0,Nano Crystal (Berserk Rage),1
21,100452,100452,20,0,Nano Crystal (Distract with Trinkets),1
21,101153,101154,21,0,"Right-Arm Implant: Chemical AC, Bright",1
21,101205,101206,21,0,"Right-Wrist Implant: Sharp Obj, Shiny",1
21,101209,101210,21,0,"Right-Wrist Implant: Sharp Obj, Shiny",1
21,101215,101216,21,0,"Waist Implant: Imp/Proj AC, Faded",1
21,101229,101230,21,0,Basic Left Wrist Implant,1
21,101255,101256,21,0,"Right-Hand Implant: Martial Arts, Shiny",1
21,101277,101278,21,0,Basic Left Hand Implant,1
21,101311,101312,21,0,Imp/Proj AC Cluster - Bright (Chest),1
21,101313,101314,21,0,Imp/Proj AC Cluster - Shiny (Leg),1
21,101319,101320,21,0,Melee/Ma AC Cluster - Shiny (Chest),2
21,101327,101328,21,0,Chemical AC Cluster - Faded (Left-Arm),2
21,101329,101330,21,0,Chemical AC Cluster - Bright (Right-Arm),1
21,101333,101371,21,0,Radiation AC Cluster - Faded (Right-Arm),1
21,101337,101338,21,0,1h Blunt Cluster - Shiny (Right-Arm),1
21,101339,101340,21,0,1h Edged Weapon Cluster - Faded (Right-Hand),1
21,101343,101344,21,0,1h Edged Weapon Cluster - Shiny (Right-Arm),1
21,101347,101348,21,0,Melee Ener Cluster - Bright (Left-Wrist),1
21,101351,101352,21,0,2h Edged Cluster - Faded (Waist),1
21,101353,101354,21,0,2h Edged Cluster - Bright (Left-Arm),1
21,101359,101360,21,0,Piercing Cluster - Bright (Left-Arm),1
21,101367,101368,21,0,2h Blunt Cluster - Shiny (Right-Arm),1
21,101374,101375,21,0,Radiation AC Cluster - Shiny (Waist),1
21,101376,101377,21,0,Cold AC Cluster - Faded (Left-Hand),1
21,101380,101381,21,0,Cold AC Cluster - Shiny (Waist),3
21,101384,101385,21,0,Nano Resist Cluster - Bright (Right-Wrist),1
21,101386,101387,21,0,Nano Resist Cluster - Shiny (Head),1
21,101392,101393,21,0,Fire AC Cluster - Shiny (Waist),1
21,101394,101395,21,0,Martial Arts Cluster - Faded (Left-Hand),1
21,101396,101397,21,0,Martial Arts Cluster - Bright (Feet),1
21,101400,101401,21,0,Mult. Melee Cluster - Faded (Right-Wrist),1
21,101402,101403,21,0,Mult. Melee Cluster - Bright (Eye),1
21,101406,101334,21,0,1h Blunt Cluster - Faded (Right-Hand),1
21,101408,101409,21,0,Matter Crea Cluster - Faded (Eye),1
21,101410,101411,21,0,Matter Crea Cluster - Bright (Right-Hand),2
21,101412,101413,21,0,Matter Crea Cluster - Shiny (Head),3
21,101414,101415,21,0,Time & Space Cluster - Faded (Eye),1
21,101416,101417,21,0,Time & Space Cluster - Bright (Right-Hand),1
21,101418,101419,21,0,Time & Space Cluster - Shiny (Head),1
21,101422,101423,21,0,Nano Pool Cluster - Bright (Head),1
21,101427,101428,21,0,Sharp Obj Cluster - Shiny (Right-Wrist),2
21,101429,101430,21,0,Grenade Cluster - Faded (Right-Hand),2
21,101431,101432,21,0,Grenade Cluster - Bright (Eye),1
21,101437,101438,21,0,Heavy Weapons Cluster - Bright (Eye),1
21,101439,101440,21,0,Heavy Weapons Cluster - Shiny (Right-Arm),1
21,101441,101442,21,0,Bow Cluster - Faded (Eye),1
21,101443,101444,21,0,Bow Cluster - Bright (Left-Arm),1
21,101451,101452,21,0,Pistol Cluster - Shiny (Right-Wrist),1
21,101461,101462,21,0,MG / SMG Cluster - Bright (Right-Hand),1
21,101467,101468,21,0,Shotgun Cluster - Bright (Right-Hand),1
21,101469,101470,21,0,Shotgun Cluster - Shiny (Right-Arm),1
21,101473,101474,21,0,Assault Rif Cluster - Bright (Right-Hand),2
21,101475,101476,21,0,Assault Rif Cluster - Shiny (Right-Arm),2
21,101477,101478,21,0,Vehicle Hydr Cluster - Faded (Ear),3
21,101483,101484,21,0,Melee. Init Cluster - Faded (Waist),2
21,101485,101486,21,0,Melee. Init Cluster - Bright (Leg),1
21,101487,101488,21,0,Melee. Init Cluster - Shiny (Feet),1
21,101489,101490,21,0,Ranged. Init Cluster - Faded (Right-Hand),2
21,101495,101496,21,0,Physic. Init Cluster - Faded (Left-Arm),1
21,101499,101500,21,0,Physic. Init Cluster - Shiny (Feet),2
21,101501,101502,21,0,Bow Spc Att Cluster - Faded (Right-Wrist),1
21,101505,101506,21,0,Bow Spc Att Cluster - Shiny (Head),2
21,101509,101510,21,0,Sensory Impr Cluster - Bright (Eye),4
21,101511,101512,21,0,Sensory Impr Cluster - Shiny (Head),1
21,101517,101518,21,0,First Aid Cluster - Shiny (Head),2
21,101529,101530,21,0,Mech. Engi Cluster - Shiny (Head),1
21,101533,101534,21,0,Elec. Engi Cluster - Bright (Head),1
21,101537,101538,21,0,Matt.Metam Cluster - Faded (Left-Arm),1
21,101539,101540,21,0,Matt.Metam Cluster - Bright (Chest),1
21,101541,101542,21,0,Matt.Metam Cluster - Shiny (Head),1
21,101543,101544,21,0,Bio.Metamor Cluster - Faded (Waist),1
21,101545,101546,21,0,Bio.Metamor Cluster - Bright (Chest),3
21,101551,101552,21,0,Psycho Modi Cluster - Bright (Eye),1
21,101561,101562,21,0,Multi Ranged Cluster - Faded (Eye),1
21,101565,101566,21,0,Multi Ranged Cluster - Shiny (Left-Wrist),1
21,101571,101572,21,0,Trap Disarm Cluster - Shiny (Right-Hand),2
21,101573,101574,21,0,Perception Cluster - Faded (Head),1
21,101577,101578,21,0,Perception Cluster - Shiny (Ear),1
21,101579,101580,21,0,Adventuring Cluster - Faded (Chest),2
21,101591,101592,21,0,Vehicle Air Cluster - Faded (Head),2
21,101595,101596,21,0,Vehicle Air Cluster - Shiny (Eye),1
21,101613,101614,21,0,Brawling Cluster - Shiny (Left-Arm),1
21,101617,101618,21,0,Riposte Cluster - Bright (Left-Wrist),1
21,101619,101620,21,0,Riposte Cluster - Shiny (Right-Wrist),1
21,101623,101624,21,0,Dimach Cluster - Bright (Head),2
21,101629,101630,21,0,Parry Cluster - Bright (Left-Wrist),3
21,101631,101632,21,0,Parry Cluster - Shiny (Right-Wrist),2
21,101633,101634,21,0,Sneak Atck Cluster - Faded (Eye),2
21,101637,101638,21,0,Sneak Atck Cluster - Shiny (Feet),2
21,101639,101640,21,0,Fast Attack Cluster - Faded (Right-Arm),1
21,101641,101642,21,0,Fast Attack Cluster - Bright (Right-Hand),1
21,101657,101658,21,0,Aimed Shot Cluster - Faded (Right-Hand),1
21,101661,101662,21,0,Aimed Shot Cluster - Shiny (Eye),1
21,101663,101664,21,0,Body Dev Cluster - Faded (Leg),2
21,101673,101674,21,0,Duck-Exp Cluster - Shiny (Leg),1
21,101677,101678,21,0,Dodge-Rng Cluster - Bright (Feet),1
21,101679,101680,21,0,Dodge-Rng Cluster - Shiny (Leg),1
21,101683,101684,21,0,Evade-ClsC Cluster - Bright (Leg),1
21,101685,101686,21,0,Evade-ClsC Cluster - Shiny (Feet),2
21,101689,101690,21,0,Quantum FT Cluster - Bright (Eye),2
21,101695,101696,21,0,Weapon Smt Cluster - Bright (Head),1
21,101697,101698,21,0,Weapon Smt Cluster - Shiny (Right-Hand),1
21,101703,101704,21,0,Pharma Tech Cluster - Shiny (Head),4
21,101707,101708,21,0,Nano Progra Cluster - Bright (Eye),1
21,101711,101712,21,0,Comp. Liter Cluster - Faded (Right-Hand),1
21,101715,101716,21,0,Comp. Liter Cluster - Shiny (Head),1
21,101725,101726,21,0,Chemistry Cluster - Bright (Eye),1
21,101727,101728,21,0,Chemistry Cluster - Shiny (Head),2
21,101731,101732,21,0,Concealment Cluster - Bright (Ear),2
21,101733,101734,21,0,Concealment Cluster - Shiny (Feet),1
21,101735,101736,21,0,Break & Entry Cluster - Faded (Chest),2
21,101737,101738,21,0,Break & Entry Cluster - Bright (Left-Arm),1
21,101743,101744,21,0,Vehicle Grnd Cluster - Bright (Eye),4
21,101745,101746,21,0,Vehicle Grnd Cluster - Shiny (Head),1
21,101749,101750,21,0,Full Auto Cluster - Bright (Right-Wrist),2
21,101753,101754,21,0,Burst Cluster - Faded (Right-Hand),1
21,101755,101756,21,0,Burst Cluster - Bright (Right-Wrist),3
21,101759,101760,21,0,Disease AC Cluster - Faded (Chest),2
21,101771,101772,21,0,Strength Cluster - Faded (Chest),2
21,101775,101776,21,0,Strength Cluster - Shiny (Right-Arm),1
21,101779,101780,21,0,Agility Cluster - Bright (Feet),2
21,101781,101782,21,0,Agility Cluster - Shiny (Leg),2
21,101791,101792,21,0,Intelligence Cluster - Bright (Eye),1
21,101795,101796,21,0,Sense Cluster - Faded (Head),1
21,101799,101800,21,0,Sense Cluster - Shiny (Chest),3
21,101801,101802,21,0,Psychic Cluster - Faded (Ear),1
21,101805,101806,21,0,Psychic Cluster - Shiny (Head),1
21,101807,101808,21,0,Max Health Cluster - Faded (Leg),1
21,101809,101810,21,0,Max Health Cluster - Bright (Waist),2
21,101815,101816,21,0,Max Nano Cluster - Bright (Waist),1
21,101823,101824,21,0,"Eye Implant: Elec. Engi, Shiny",1
21,101855,101856,21,0,"Eye Implant: Aimed Shot, Shiny",1
21,101859,101860,21,0,"Eye Implant: Grenade, Bright",1
21,101891,101892,21,0,"Eye Implant: Rifle, Shiny",1
21,101979,101980,21,0,"Eye Implant: Elec. Engi, Shiny",1
21,102001,102002,21,0,"Eye Implant: Mech. Engi, Bright",1
21,102077,102078,21,0,"Eye Implant: Vehicle Air, Shiny",1
21,102088,102089,21,0,"Eye Implant: Vehicle Air, Shiny",1
21,102094,102095,21,0,"Eye Implant: Tutoring, Shiny",1
21,102116,102117,21,0,"Eye Implant: Vehicle Air, Shiny",1
21,102126,102127,21,0,"Eye Implant: Aimed Shot, Shiny",1
21,102299,102300,21,0,"Eye Implant: Tutoring, Shiny",1
21,102325,102326,21,0,"Eye Implant: Map Navig, Shiny",1
21,102374,102375,21,0,"Eye Implant: Tutoring, Shiny",1
21,102394,102395,21,0,"Eye Implant: Aimed Shot, Shiny",1
21,102429,102430,21,0,"Eye Implant: Tutoring, Shiny",1
21,102484,102485,21,0,"Eye Implant: Elec. Engi, Shiny",1
21,102488,102489,21,0,"Eye Implant: Map Navig, Shiny",1
21,102508,102509,21,0,"Eye Implant: NanoC. Init, Bright",1
21,102518,102519,21,0,"Eye Implant: Tutoring, Shiny",1
21,102545,102546,21,0,"Eye Implant: Elec. Engi, Shiny",1
21,102751,102752,21,0,"Eye Implant: Rifle, Shiny",1
21,102774,102775,21,0,"Eye Implant: Vehicle Air, Shiny",1
21,102832,102833,21,0,"Eye Implant: Vehicle Air, Shiny",1
21,102894,102895,21,0,"Eye Implant: Rifle, Shiny",1
21,102968,102969,21,0,"Eye Implant: Map Navig, Shiny",1
21,102992,102993,21,0,"Eye Implant: Elec. Engi, Shiny",1
21,103010,103011,21,0,"Eye Implant: Map Navig, Shiny",1
21,103075,103152,21,0,"Eye Implant: Map Navig, Shiny",1
21,103175,103176,21,0,"Eye Implant: Heavy Weapons, Bright",1
21,103284,103323,21,0,"Eye Implant: Rifle, Shiny",1
21,103326,103327,21,0,"Eye Implant: Vehicle Air, Shiny",1
21,103352,103353,21,0,"Eye Implant: Elec. Engi, Shiny",1
21,103380,103381,21,0,"Eye Implant: Time & Space, Faded",1
21,103526,103527,21,0,"Eye Implant: Sensory Impr, Bright",1
21,103534,103535,21,0,"Eye Implant: Map Navig, Shiny",1
21,103546,103547,21,0,"Eye Implant: Vehicle Air, Shiny",1
21,103552,103553,21,0,"Eye Implant: Aimed Shot, Shiny",1
21,103570,103571,21,0,"Eye Implant: Rifle, Shiny",1
21,103663,103664,21,0,"Eye Implant: Rifle, Shiny",1
21,103733,103734,21,0,"Eye Implant: Aimed Shot, Shiny",1
21,103805,103806,21,0,"Eye Implant: Perception, Bright",1
21,103809,103810,21,0,"Eye Implant: Elec. Engi, Shiny",1
21,103857,103858,21,0,"Eye Implant: Tutoring, Shiny",1
21,103949,103950,21,0,"Eye Implant: Map Navig, Shiny",1
21,103987,103988,21,0,"Eye Implant: Vehicle Hydr, Bright",2
21,104037,104038,21,0,"Eye Implant: Map Navig, Shiny",1
21,104043,104044,21,0,"Eye Implant: Psycho Modi, Bright",1
21,104045,104046,21,0,"Eye Implant: Rifle, Shiny",1
21,104107,104108,21,0,"Eye Implant: Map Navig, Shiny",1
21,104115,104116,21,0,"Eye Implant: Rifle, Shiny",1
21,104212,104213,21,0,"Eye Implant: Tutoring, Shiny",1
21,104366,104367,21,0,"Eye Implant: Vehicle Air, Shiny",1
21,104374,104375,21,0,"Eye Implant: Nano Progra, Bright",1
21,104476,104477,21,0,"Eye Implant: Aimed Shot, Shiny",1
21,104524,104525,21,0,"Eye Implant: Rifle, Shiny",1
21,104558,104559,21,0,"Eye Implant: Tutoring, Shiny",1
21,104641,104642,21,0,"Eye Implant: Perception, Bright",1
21,104657,104658,21,0,"Eye Implant: Rifle, Shiny",1
21,104732,104733,21,0,"Eye Implant: Aimed Shot, Shiny",1
21,104762,104763,21,0,"Eye Implant: Vehicle Air, Shiny",1
21,104808,104809,21,0,"Eye Implant: Mech. Engi, Bright",1
21,104929,104930,21,0,"Eye Implant: Rifle, Shiny",1
21,104942,104943,21,0,"Eye Implant: Aimed Shot, Shiny",1
21,104988,104989,21,0,"Eye Implant: Rifle, Shiny",1
21,105033,105034,21,0,"Head Implant: Psycho Modi, Shiny",1
21,105068,105069,21,0,"Head Implant: Mech. Engi, Shiny",1
21,105104,105105,21,0,"Head Implant: Vehicle Grnd, Shiny",1
21,105313,105314,21,0,"Head Implant: Melee Ener, Shiny",1
21,105317,105318,21,0,"Head Implant: Vehicle Hydr, Shiny",1
21,105386,105387,21,0,"Head Implant: Psychic, Shiny",1
21,105519,105520,21,0,"Head Implant: Dimach, Bright",1
21,105547,105548,21,0,"Head Implant: Treatment, Shiny",1
21,105571,105572,21,0,"Head Implant: Time & Space, Shiny",1
21,105579,105580,21,0,"Head Implant: NanoC. Init, Shiny",1
21,105627,105628,21,0,"Head Implant: Weapon Smt, Bright",1
21,105657,105658,21,0,"Head Implant: Treatment, Shiny",1
21,105713,105714,21,0,"Head Implant: Chemistry, Shiny",1
21,105715,105716,21,0,"Head Implant: Vehicle Grnd, Shiny",1
21,105821,105822,21,0,"Head Implant: Pharma Tech, Shiny",1
21,105825,105826,21,0,"Head Implant: Nano Progra, Shiny",1
21,105854,105855,21,0,"Head Implant: Intelligence, Shiny",1
21,105893,105894,21,0,"Head Implant: Max Nano, Shiny",1
21,105915,105916,21,0,"Head Implant: Matt.Metam, Shiny",1
21,105941,105851,21,0,"Head Implant: Vehicle Grnd, Shiny",1
21,105981,105982,21,0,"Head Implant: NanoC. Init, Shiny",1
21,106065,106066,21,0,"Head Implant: Matter Crea, Shiny",1
21,106103,106050,21,0,"Head Implant: Bow Spc Att, Shiny",1
21,106128,106129,21,0,"Head Implant: Psychic, Shiny",1
21,106199,106200,21,0,"Head Implant: Mech. Engi, Shiny",1
21,106231,106232,21,0,"Head Implant: Intelligence, Shiny",1
21,106267,106268,21,0,"Head Implant: Sensory Impr, Shiny",1
21,106303,106304,21,0,"Head Implant: Ranged Ener, Shiny",1
21,106307,106308,21,0,"Head Implant: Quantum FT, Shiny",1
21,106347,106348,21,0,"Head Implant: Matt.Metam, Shiny",1
21,106355,106356,21,0,"Head Implant: Time & Space, Shiny",1
21,106433,106434,21,0,"Head Implant: Psychic, Shiny",1
21,106461,106462,21,0,"Head Implant: Chemistry, Shiny",1
21,106497,106498,21,0,"Head Implant: First Aid, Shiny",1
21,106534,106535,21,0,"Head Implant: Melee Ener, Shiny",1
21,106600,106601,21,0,"Head Implant: Bio.Metamor, Shiny",1
21,106643,106644,21,0,"Head Implant: Vehicle Grnd, Shiny",1
21,106669,106670,21,0,"Head Implant: Mech. Engi, Shiny",1
21,106827,106828,21,0,"Head Implant: First Aid, Shiny",1
21,106829,106830,21,0,"Head Implant: Treatment, Shiny",1
21,106855,106856,21,0,"Head Implant: Psychology, Shiny",1
21,106873,106874,21,0,"Head Implant: Nano Resist, Shiny",1
21,106999,107000,21,0,"Head Implant: Psycho Modi, Shiny",1
21,107187,107188,21,0,"Head Implant: Intelligence, Shiny",1
21,107268,107269,21,0,"Head Implant: Mech. Engi, Shiny",1
21,107466,107467,21,0,"Right-Arm Implant: Assault Rif, Shiny",1
21,107498,107499,21,0,"Right-Arm Implant: Grenade, Shiny",1
21,107504,107505,21,0,"Right-Arm Implant: Heavy Weapons, Shiny",1
21,107552,107553,21,0,"Right-Arm Implant: 1h Edged Weapon, Shiny",1
21,107564,107565,21,0,"Right-Arm Implant: 2h Blunt, Shiny",1
21,107681,107682,21,0,"Right-Arm Implant: Break & Entry, Shiny",1
21,107683,107684,21,0,"Right-Arm Implant: Full Auto, Shiny",1
21,107717,107718,21,0,"Right-Arm Implant: 2h Blunt, Shiny",1
21,107743,107744,21,0,"Right-Arm Implant: Fling Shot, Shiny",1
21,107795,107796,21,0,"Right-Arm Implant: Strength, Shiny",1
21,107805,107806,21,0,"Right-Arm Implant: Piercing, Shiny",1
21,107823,107824,21,0,"Right-Arm Implant: Break & Entry, Shiny",1
21,107843,107844,21,0,"Right-Arm Implant: 2h Edged, Shiny",1
21,107927,107928,21,0,"Right-Arm Implant: Burst, Shiny",1
21,107951,107952,21,0,"Right-Arm Implant: MG / SMG, Shiny",1
21,107991,107992,21,0,"Right-Arm Implant: Grenade, Shiny",1
21,108014,108015,21,0,"Right-Arm Implant: Burst, Shiny",1
21,108097,108098,21,0,"Right-Arm Implant: Burst, Shiny",1
21,108113,108114,21,0,"Right-Arm Implant: 2h Blunt, Shiny",1
21,108204,108205,21,0,"Right-Arm Implant: Break & Entry, Shiny",1
21,108290,108291,21,0,"Right-Arm Implant: 2h Blunt, Shiny",1
21,108318,108319,21,0,"Right-Arm Implant: 1h Edged Weapon, Shiny",1
21,108322,108323,21,0,"Right-Arm Implant: Piercing, Shiny",1
21,108369,108370,21,0,"Chest Implant: Energy AC, Shiny",1
21,108432,108433,21,0,"Chest Implant: Sense, Shiny",1
21,108436,108437,21,0,"Chest Implant: Max Health, Shiny",1
21,108460,108461,21,0,"Chest Implant: Sense, Shiny",1
21,108572,108573,21,0,"Chest Implant: Stamina, Shiny",1
21,108744,108745,21,0,"Chest Implant: Dimach, Shiny",1
21,108796,108797,21,0,"Chest Implant: Max Health, Shiny",1
21,108864,108865,21,0,"Chest Implant: Stamina, Shiny",1
21,108866,108867,21,0,"Chest Implant: Sense, Shiny",1
21,108892,108893,21,0,"Chest Implant: Melee/Ma AC, Shiny",1
21,108894,108895,21,0,"Chest Implant: Melee/Ma AC, Shiny",1
21,109080,109081,21,0,"Chest Implant: Stamina, Shiny",1
21,109164,109165,21,0,"Chest Implant: Melee/Ma AC, Shiny",1
21,109166,109167,21,0,"Chest Implant: Energy AC, Shiny",1
21,109182,109183,21,0,"Chest Implant: Stamina, Shiny",1
21,109417,109418,21,0,"Right-Wrist Implant: Ranged. Init, Shiny",1
21,109430,109431,21,0,"Right-Wrist Implant: Riposte, Shiny",1
21,109459,109460,21,0,"Right-Wrist Implant: Ranged. Init, Shiny",1
21,109646,109647,21,0,"Right-Wrist Implant: Riposte, Shiny",1
21,109664,109665,21,0,"Right-Wrist Implant: Sharp Obj, Shiny",1
21,109700,109701,21,0,"Right-Wrist Implant: Ranged. Init, Shiny",1
21,109740,109741,21,0,"Right-Wrist Implant: Multi Ranged, Bright",1
21,109870,109871,21,0,"Right-Wrist Implant: Sharp Obj, Shiny",1
21,110014,110015,21,0,"Right-Wrist Implant: Fling Shot, Faded",2
21,110130,110131,21,0,"Waist Implant: Adventuring, Bright",1
21,110162,110199,21,0,"Waist Implant: Cold AC, Shiny",2
21,110196,110197,21,0,"Waist Implant: Radiation AC, Shiny",1
21,110210,110211,21,0,"Waist Implant: Chemical AC, Shiny",1
21,110334,110335,21,0,"Waist Implant: Cold AC, Shiny",1
21,110402,110403,21,0,"Waist Implant: Chemical AC, Shiny",1
21,110444,110445,21,0,"Waist Implant: Cold AC, Shiny",1
21,110502,110503,21,0,"Waist Implant: Radiation AC, Shiny",1
21,110538,110539,21,0,"Waist Implant: Fire AC, Shiny",1
21,110560,110561,21,0,"Waist Implant: Radiation AC, Shiny",1
21,110598,110599,21,0,"Waist Implant: Cold AC, Shiny",1
21,110630,110559,21,0,"Waist Implant: Chemical AC, Shiny",1
21,110676,110677,21,0,"Waist Implant: Cold AC, Shiny",1
21,110712,110713,21,0,"Waist Implant: Chemical AC, Shiny",1
21,110826,110827,21,0,"Waist Implant: Fire AC, Shiny",1
21,110890,110891,21,0,"Waist Implant: Chemical AC, Shiny",1
21,110958,110959,21,0,"Waist Implant: Sense, Bright",1
21,110978,110979,21,0,"Waist Implant: Cold AC, Shiny",1
21,110992,110993,21,0,"Waist Implant: Duck-Exp, Bright",1
21,111070,111071,21,0,"Waist Implant: Fire AC, Shiny",1
21,111104,111105,21,0,"Waist Implant: Cold AC, Shiny",1
21,111128,111129,21,0,"Waist Implant: Max Health, Bright",1
21,111132,111133,21,0,"Waist Implant: Radiation AC, Shiny",1
21,111150,111151,21,0,"Waist Implant: Melee/Ma AC, Bright",1
21,111193,111194,21,0,"Left-Wrist Implant: Parry, Bright",1
21,111227,111228,21,0,"Waist Implant: Agility, Faded",1
21,111279,111280,21,0,"Waist Implant: Chemical AC, Shiny",1
21,111287,111288,21,0,"Waist Implant: Max Health, Bright",1
21,111309,111310,21,0,"Waist Implant: Melee/Ma AC, Bright",1
21,111341,111342,21,0,"Waist Implant: Radiation AC, Shiny",3
21,111343,111344,21,0,"Waist Implant: Cold AC, Shiny",1
21,111355,111356,21,0,"Waist Implant: Fire AC, Shiny",1
21,111363,111364,21,0,"Waist Implant: Cold AC, Shiny",1
21,111371,111372,21,0,"Waist Implant: Radiation AC, Shiny",1
21,111375,111376,21,0,"Waist Implant: Fire AC, Shiny",1
21,111414,111415,21,0,"Left-Wrist Implant: Multi Ranged, Shiny",2
21,111484,111485,21,0,"Right-Hand Implant: Trap Disarm, Shiny",1
21,111529,111530,21,0,"Right-Hand Implant: Martial Arts, Shiny",1
21,111743,111744,21,0,"Right-Hand Implant: Martial Arts, Shiny",1
21,111765,111766,21,0,"Right-Hand Implant: Trap Disarm, Shiny",1
21,111809,111810,21,0,"Right-Hand Implant: Weapon Smt, Shiny",1
21,111822,111823,21,0,"Right-Hand Implant: Assault Rif, Bright",1
21,111826,111827,21,0,"Right-Hand Implant: Trap Disarm, Shiny",1
21,111862,111863,21,0,"Right-Hand Implant: Martial Arts, Shiny",1
21,111966,111967,21,0,"Right-Hand Implant: Trap Disarm, Shiny",1
21,112102,112103,21,0,"Right-Hand Implant: Assault Rif, Bright",1
21,112104,112105,21,0,"Right-Hand Implant: Martial Arts, Shiny",1
21,112197,112198,21,0,"Right-Hand Implant: Bow Spc Att, Bright",1
21,112245,112246,21,0,"Right-Hand Implant: Elec. Engi, Faded",1
21,112288,112238,21,0,"Right-Hand Implant: Fling Shot, Bright",1
21,112314,112315,21,0,"Right-Hand Implant: Trap Disarm, Shiny",1
21,112322,112323,21,0,"Right-Hand Implant: Trap Disarm, Shiny",1
21,112374,112375,21,0,"Right-Hand Implant: Trap Disarm, Shiny",1
21,112404,112405,21,0,"Right-Hand Implant: Weapon Smt, Shiny",1
21,112531,112532,21,0,"Right-Hand Implant: Martial Arts, Shiny",1
21,112591,112592,21,0,"Right-Hand Implant: Weapon Smt, Shiny",1
21,112618,112619,21,0,"Right-Hand Implant: Martial Arts, Shiny",1
21,112689,112690,21,0,"Right-Hand Implant: Time & Space, Bright",1
21,112715,112716,21,0,"Right-Hand Implant: Trap Disarm, Shiny",1
21,112731,112800,21,0,"Right-Hand Implant: Trap Disarm, Shiny",1
21,112819,112820,21,0,"Right-Hand Implant: Trap Disarm, Shiny",1
21,112899,112900,21,0,"Right-Hand Implant: Weapon Smt, Shiny",1
21,113013,113014,21,0,"Right-Hand Implant: Pistol, Bright",1
21,113021,113022,21,0,"Right-Hand Implant: Weapon Smt, Shiny",1
21,113068,113069,21,0,"Right-Hand Implant: Weapon Smt, Shiny",1
21,113070,113071,21,0,"Right-Hand Implant: First Aid, Bright",1
21,113285,113286,21,0,"Leg Implant: Dodge-Rng, Shiny",1
21,113293,113294,21,0,"Leg Implant: Adventuring, Shiny",1
21,113462,113463,21,0,"Left-Hand Implant: First Aid, Faded",1
21,113562,113563,21,0,"Feet Implant: Melee. Init, Shiny",1
21,113603,113604,21,0,"Feet Implant: Melee. Init, Shiny",1
21,116800,116800,14,0,Nano Crystal (Quick Fix),1
21,118255,118255,31,0,Nano Crystal (Elementary Delayed Health Payment),1
21,120609,120609,1,0,Omni-Med Cloak,3
21,121306,121307,21,0,Information Tool - Level,1
21,121309,121308,21,0,Information Tool - Life and Nano Points,2
21,121572,121573,21,0,Useless Triple-Blade,1
21,121610,121611,21,0,Refitted Polearm,2
21,121629,121630,21,0,Rusty Spiked Axe,1
21,121648,121649,21,0,Chipped Polearm,1
21,121665,121666,21,0,Dulled Thagh Whings,1
21,121684,121685,21,0,Cracked  Bolter 42mm,1
21,121705,121705,21,0,Edge-Less Whings,1
21,121724,121724,21,0,Edge-Less Haxor 9922,1
21,121762,121762,21,0,Cast-Off Mini Axe,1
21,121800,121800,21,0,Cast-Off Disaffiliation Sniper,1
21,121819,121819,21,0,Cast-Off Sleekblaster Minor,1
21,121857,121857,21,0,Cast-Off Chunkprojector,3
21,121895,121895,21,0,Cast-Off Heavy Grinner,2
21,121952,121952,21,0,Cast-Off Slank Chop,1
21,121990,121990,21,0,Cast-Off Blackened Miniblaster,4
21,122009,122009,21,0,Cast-Off Blackened Blaster,1
21,122028,122028,21,0,Cast-Off Triplejolt,1
21,122047,122047,21,0,Edge-Less Longmoon,1
21,122066,122066,21,0,Cast-Off Clean Slay Axe,2
21,122085,122085,21,0,Cast-Off Blackened Blaster Rifle,1
21,122104,122104,21,0,Cast-Off Stabber,2
21,122161,122161,21,0,Edge-Less E-Blade,1
21,122197,122198,21,0,Ill-Treated DNA-Locked Blaster Rifle,2
21,122218,122218,21,0,Cast-Off Stigma Rifle,1
21,122237,122237,21,0,Cast-Off Electrical Pacifier,3
21,122275,122275,21,0,Cast-Off Kolt PDW-37,2
21,122332,122332,21,0,Cast-Off Minigrinner,2
21,122370,122370,21,0,Cast-Off Energy Shield,2
21,122389,122389,21,0,Cast-Off Esoteric Energy Buckler,1
21,122408,122408,21,0,Cast-Off Energy Buckler,1
21,122427,122427,21,0,Cast-Off Mausser Particle Streamer,2
21,122446,122446,21,0,Cast-Off El Dieu,1
21,122465,122465,21,0,Cast-Off El Diablo,1
21,122484,122484,21,0,Cast-Off Ingram Blaster 23-X,1
21,122503,122503,21,0,Cast-Off Biogun,2
21,122617,122617,21,0,Cast-Off Aero Borealis Corona,2
21,122693,122693,21,0,Cast-Off Advanced Baseballbat,1
21,122712,122712,21,0,Cast-Off Kevlar Bow,1
21,122731,122731,21,0,Cast-Off Blackjack,1
21,122769,122769,21,0,Cast-Off Bow-Blaster,3
21,122807,122807,21,0,Edge-Less Gofle-Prod,1
21,122850,122850,21,0,Cast-Off Stun-Baton,2
21,122907,122907,21,0,Edge-Less Support Beam,1
21,122926,122926,21,0,Edge-Less Blackjohn,2
21,122983,122983,21,0,Cast-Off Kolt 58 Magnum,1
21,123040,123040,21,0,Cast-Off Medium Shotgun,1
21,123133,123134,21,0,Ill-Treated Heavy Gamma-Beamer,1
21,123173,123173,21,0,Cast-Off Electron-Charged Pistol,3
21,123192,123192,21,0,Cast-Off Suppressor,2
21,123307,123307,21,0,Cast-Off Enriched Uranium Sprayer,1
21,123364,123364,21,0,Cast-Off Lead Pipe,1
21,123400,123401,21,0,Gluegun,1
21,123611,123611,21,0,Cast-Off PNG M1007A1 Tactical Revolver,1
21,123630,123630,21,0,Cast-Off BBI Sigma III,1
21,123687,123687,21,0,Cast-Off Seburo Bobsons,1
21,123704,123705,21,0,Rotting OT Biomag,2
21,123745,123745,21,0,Shortened OT M-10 Flechette Pistol,2
21,123763,123764,21,0,Polizziotto M202F Light,1
21,123776,123776,21,0,MTI 95 Match Pistol ,1
21,123810,123811,21,0,MTI SW500 ,2
21,123839,123840,21,0,Zastaba Cz-200 Assault Pistol ,2
21,123855,123856,21,0,Second-Hand Old English Trading Co.,2
21,123868,123869,21,0,Old Atlas Bern C.V.,1
21,123888,123888,21,0,HSR Arms,1
21,123893,123894,21,0,Rusty OT Backup,1
21,123904,123905,21,0,Rusty OT 0120 Machine Pistol,2
21,123911,123911,21,0,MTI SOCOM Mk IV,1
21,123928,123929,21,0,Rusty FN 7-7 Pistol,1
21,123934,123934,21,0,Stained MTI USP 1200,1
21,123944,123945,21,0,Galahad Inc T70 Service Pistol,2
21,123968,123970,21,0,Rusty OT Boomer M30,2
21,123976,123977,21,0,Gripo-Com AKR 1K20,1
21,123981,123981,21,0,Nomad 21.7 BMG Ranger,1
21,123984,123985,21,0,Rusty MTI-OT PF55 Flechette System,2
21,124004,124005,21,0,Rusty M150 Booster Edition,1
21,124073,124074,21,0,Rusty BBI PS500,2
21,124092,124093,21,0,Rusted AcuTek Cruncher,1
21,124101,124102,21,0,O.E.T. Co. C70 Brigand,1
21,124109,124109,21,0,Kalo-BBI Model 55,1
21,124136,124137,21,0,ICC Arms 2Q2B Gun Bag,2
21,124185,124186,21,0,OT-Windchaser RM70,2
21,124285,124286,21,0,Rusty OT-Windchaser SM30 Shotgun,1
21,124313,124314,21,0,Rusty Ithaca Ki-8,1
21,124330,124331,21,0,Sako J-21 P-96 Response Rifle,1
21,124348,124349,21,0,Battered OT M500 SWAT Rifle,2
21,124357,124358,21,0,Flawed MTI G-90A3,1
21,124373,124373,21,0,Battered BBI AS-90,1
21,124386,124387,21,0,Rusty MTI G02K,1
21,124411,124412,21,0,MTI G-70 Zaman,1
21,124423,124423,21,0,MTI B-94,1
21,124431,124432,21,0,Bent BBI Minami-90,1
21,124484,124485,21,0,Ingram Morning Star,1
21,124487,124488,21,0,Manex SD 4004,1
21,124494,124495,21,0,Old Manex STR 77,1
21,124512,124512,21,0,Sentinels Personal Edition,1
21,124529,124530,21,0,Prototype Sito-Tech Model 00,1
21,124534,124535,21,0,Sooted YES Assault 1007 Model 5,1
21,124562,124562,21,0,Cast-Off OT Saladin,1
21,124581,124581,21,0,Cast-Off OT Viper IX,1
21,124600,124600,21,0,Cast-Off MTI MP200,1
21,124617,124618,21,0,Used MTI SO1210,1
21,124626,124626,21,0,Cast-Off MTI UMP22,1
21,124645,124645,21,0,Cast-Off Kalinkanov ZU-113 Security Weapon,1
21,124664,124664,21,0,Cast-Off Malorian Arms M25 Goodgun,2
21,124683,124683,21,0,Cast-Off MTI MPK-22 Briefcase Gun,2
21,124704,124705,21,0,Over-Tuned Seburo C-19a,1
21,124713,124713,21,0,Cast-Off Nord Armwerk MAX,1
21,124751,124751,21,0,Cast-Off BBI WMMA CAW,1
21,124770,124770,21,0,Cast-Off OT ARL-10 Micromissile Launcher,1
21,124819,124819,21,0,Cast-Off OT M-70 HardRain GPMG,1
21,124857,124857,21,0,Cast-Off Planet Gripon Arms Hard-Boomer,1
21,124876,124876,21,0,Cast-Off GE ME30 Mom,1
21,124893,124893,21,0,Cast-Off OT M-00 Crystal,1
21,124950,124950,21,0,Cast-Off Techtronica Neural Disruptor,1
21,124969,124969,21,0,Cast-Off GE XM-559 Man-Portable Laser,1
21,125007,125007,21,0,Cast-Off Joint Clans Exocet II,2
21,125026,125026,21,0,Cast-Off Joint Clans Patriot,1
21,125045,125045,21,0,Cast-Off Reet-Tech Junior Urban Crossbow,3
21,125064,125064,21,0,Cast-Off Reet-Tech Venom Compound Bow,1
21,125083,125083,21,0,Cast-Off Oneida Razor Half-Bow,4
21,125345,125345,21,0,Bent Protector Squibber,1
21,125364,125364,21,0,Bent Merchant Executioner,1
21,125383,125383,21,0,Bent Rider Executioner,2
21,125402,125402,21,0,Bent Protector Executioner,2
21,125421,125421,21,0,Bent Torch,1
21,125445,125446,21,0,Tear-soaked Pillow with Important Stripes,3
21,125456,125457,21,0,Concrete Cushion,1
21,125459,125460,21,0,5th level Ninja Wakisashi,2
21,128497,128498,21,0,Uncle Bazzit Custom 22mm,2
21,128610,128610,21,0,Cast-off MTI G-36K,2
21,128627,128628,21,0,Rusty Ares Arms AR-90 Jet Rifle,1
21,128638,128638,21,0,Cast-off Seburo C-99a ,1
21,128657,128657,21,0,Cast-off HSR Arms Tech Assault IV,1
21,128676,128676,21,0,Cast-off HSR Arms Tech Assault V,1
21,128710,128711,21,0,Rusty River Series 6,1
21,128760,128760,21,0,Cast-off Fabrique Des Armes Bizon 20-19,1
21,128784,128785,21,0,MTI MP903A3D9,1
21,128794,128794,21,0,Cast-off OT Cobra M-33,1
21,128834,128834,21,0,Battered Freedom Arms Defender,1
21,128921,128921,21,0,Bent Peasant Executioner,1
21,128940,128940,21,0,Edge-less Peasant Warblade,1
21,128959,128959,21,0,Edge-less Merchant Warblade,5
21,129014,129015,21,0,Omni-Med Butter Cake,1
21,129064,129065,21,0,3rd level Ninja Tanto,1
21,129640,129640,21,0,Junior Wen-Wen,1
21,130003,130004,21,0,Run Speed Cluster - Faded (Leg),1
21,130005,130006,21,0,Run Speed Cluster - Bright (Left-Wrist),1
21,130053,130053,21,0,Cracked Featherwood Staff,1
21,130062,130063,21,0,Cracked Heavy Staff,2
21,130073,130074,21,0,Bent Light Staff,1
21,130108,130108,21,0,Edge-less Notum Lever,1
21,130163,130164,21,0,Loose MTI Sword,1
21,130172,130173,21,0,Bent OT Sword,1
21,130201,130201,21,0,Loose Bloodworm Carapace,2
21,130217,130217,21,0,Bent Light Spear,1
21,130293,130294,21,0,"Right-Wrist Implant: Run Speed, Shiny",1
21,130327,130328,21,0,"Right-Wrist Implant: Run Speed, Shiny",1
21,130397,130398,21,0,"Leg Implant: Melee. Init, Bright",1
21,136690,136690,14,0,Nano Crystal (Slipshod Bandaging),1
21,136701,136701,21,0,Nano Crystal (Lesser Restore to Health),1
21,142840,142840,21,0,Loose Metaplast Mace,2
21,144067,144067,21,0,Loose Survival Axe,1
21,144086,144086,21,0,Blunt Tanto,1
21,144103,144103,21,0,Cast-off Freedom Arms 4200,2
21,144148,144148,21,0,Edge-less Burning Copper Katana,3
21,150176,150176,21,0,,1
21,150223,150224,21,0,,1
21,150256,150256,21,0,,1
21,151775,151775,17,0,,2
21,151776,151776,24,0,,1
21,151778,151778,21,0,,1
21,151780,151780,18,0,,1
21,152066,152066,21,0,,2
21,152083,152084,21,0,,3
21,152096,152097,21,0,,2
21,152137,152137,21,0,,2
21,152158,152158,21,0,,1
21,152281,152281,21,0,,1
21,152298,154071,21,0,,1
21,152311,152312,21,0,,1
21,152328,152328,21,0,,2
21,152341,152341,21,0,,1
21,152388,152388,21,0,,2
21,152749,152749,21,0,,3
21,153083,153084,21,0,,1
21,154069,150213,21,0,,2
21,154739,154739,17,0,,1
21,155368,155368,24,0,,2
21,155378,155378,21,0,,1
21,156133,156133,24,0,,1
21,156144,156144,17,0,,1
21,158033,158021,21,0,,2
21,158035,158034,21,0,,1
21,158037,158036,21,0,,2
21,158038,158039,21,0,,1
21,159007,159008,21,0,,1
21,159021,159022,21,0,,1
21,159035,159036,21,0,,2
21,159083,159087,21,0,,1
21,159196,159197,21,0,,1
21,160096,160096,21,0,,1
21,160219,160220,21,0,,1
21,160236,160237,21,0,,1
21,160239,160240,21,0,,1
21,160242,160243,21,0,,1
21,160264,160265,21,0,,1
21,160279,160280,21,0,,1
21,160485,160485,21,0,,1
21,163389,163389,24,0,,1
21,166253,166254,21,0,,1
21,166257,166258,21,0,,1
21,171386,171387,21,0,,1
21,177595,177596,21,0,,1
21,178142,178143,21,0,,1
21,178178,178179,21,0,,1
21,190290,191153,21,0,,1
21,202740,202740,30,0,,4
21,202829,202829,30,0,,2
21,203122,203122,30,0,,2
21,203214,203214,20,0,,3
21,203833,203833,24,0,,1
21,203977,203977,21,0,,1
21,204103,204104,21,0,,2
21,204267,204268,21,0,,1
21,204270,204271,21,0,,1
21,205198,205198,16,0,,1
21,205230,205230,15,0,,1
21,205288,205288,30,0,,1
21,210300,210300,20,0,,5
21,210312,210312,27,0,,3
21,210322,210322,14,0,,5
21,210356,210356,17,0,,2
21,210388,210388,21,0,,2
21,210485,210485,20,0,,4
21,210672,210672,31,0,,1
21,210735,210735,29,0,,4
21,210788,210788,22,0,,3
21,210805,210805,14,0,,6
21,211153,211153,19,0,,2
21,218353,218354,21,0,,1
21,218824,218825,21,0,,1
21,227473,227473,30,0,,3
21,233794,233794,21,0,,1
22,25812,25811,22,0,Treatment Laboratory,1
22,26207,26207,27,0,Nano Crystal (Enhanced Senses),1
22,26471,26471,14,0,Nano Crystal (Ranged Special Attacks Incompetence),6
22,26503,26503,14,0,Nano Crystal (Melee Special Attacks Incompetence),6
22,27381,27381,1,0,Omni-Med Suit Gloves,3
22,27382,27382,1,0,Omni-Med Suit Boots,1
22,27384,27384,1,0,Omni-Med Suit Skirt,3
22,27805,27805,24,0,Nano Crystal (Blood Circle),1
22,28753,28753,24,0,Nano Crystal (Bind Wounds),2
22,28754,28754,27,0,Nano Crystal (Biotoxin MK I),1
22,28770,28770,14,0,Nano Crystal (Enhanced First Aid),1
22,28789,28789,30,0,Nano Crystal (Superior Healing),1
22,28833,28833,30,0,Nano Crystal (Poison Missile),1
22,28917,28917,24,0,Nano Crystal (Bad Blood),1
22,28934,28934,14,0,Nano Crystal (Give Energy: 25),2
22,28939,28939,27,0,Nano Crystal (Give Life: 50),2
22,28950,28950,20,0,Nano Crystal (Muscle Stim),1
22,28956,28956,24,0,Nano Crystal (Rubber Skin),1
22,29195,29195,20,0,Nano Crystal (Crowbar Subtlety),2
22,29356,29356,17,0,Nano Crystal (Persistent Damage Multiplier),2
22,29358,29358,24,0,Nano Crystal (Pistol Mastery),5
22,30101,30101,27,0,Nano Crystal (Anger Addlement),1
22,30122,30122,14,0,Nano Crystal (Gunslinger),1
22,30759,30759,30,0,Nano Crystal (Apprentice: Mechanical Engineering),1
22,30771,30771,20,0,Nano Crystal (Frequent Customer),1
22,30790,30790,14,0,Nano Crystal (Margin Call),1
22,30799,30799,24,0,Nano Crystal (Sticky Ground),1
22,31419,31419,27,0,Nano Crystal (Contact Poison),1
22,31420,31420,14,0,Nano Crystal (Cracker's Luck),2
22,31498,31498,1,0,White Cloak,2
22,31499,31499,1,0,Red Cloak,3
22,31500,31500,1,0,Grey Cloak,2
22,31501,31501,1,0,Green Cloak,1
22,31502,31502,1,0,Brown Cloak,4
22,31503,31503,1,0,Blue Cloak,1
22,31505,31505,1,0,Black Trenchcoat,3
22,31506,31506,1,0,Black Omni-Tek Commander Cloak,4
22,31515,31515,1,0,Red Omni-Tek Commander Cloak,2
22,31516,31516,1,0,Trenchcoat,2
22,31517,31517,1,0,Black Cloak,3
22,31528,31528,1,0,Red Cloak Hood,3
22,31530,31530,1,0,Grey Cloak Hood,2
22,31532,31532,1,0,Brown Cloak Hood,3
22,31533,31533,1,0,Blue Cloak Hood,1
22,31534,31534,1,0,Black Cloak Hood,1
22,32071,32071,17,0,Nano Crystal (False Profession: Adventurer),1
22,32074,32074,30,0,Nano Crystal (False Profession: Doctor),1
22,32076,32076,14,0,Nano Crystal (False Profession: Martial Artist),1
22,32079,32079,14,0,Nano Crystal (False Profession: Soldier),1
22,32080,32080,24,0,Nano Crystal (False Profession: Fixer),1
22,36778,36786,22,0,4 - 7 NCU Memory,2
22,38531,38531,24,0,Nano Crystal (Team Terrain Knowledge),1
22,42416,42416,14,0,Nano Crystal (Lasting Heal),2
22,42545,42545,17,0,Nano Crystal (Deep Slash),2
22,43942,43942,27,0,Nano Crystal (Spreading Health),1
22,43954,43954,27,0,Nano Crystal (Periodic Checkup),1
22,43962,43962,17,0,Nano Crystal (Lesser Nano Bandage),1
22,43963,43963,24,0,Nano Crystal (Lesser Nano Surgery),1
22,43975,43975,14,0,Nano Crystal (Inferior Cleanse Wounds),1
22,43987,43987,30,0,Nano Crystal (Cursory Examination),2
22,44195,44195,17,0,Nano Crystal (Protein Breakdown),1
22,45366,45366,30,0,Nano Crystal (Entropy Beam),1
22,45396,45396,24,0,Nano Crystal (Chemical Burn),1
22,45400,45400,30,0,Nano Crystal (Aggressive Mutagen),1
22,45947,45947,24,0,Nano Crystal (Smiting Missile),2
22,45951,45951,24,0,Nano Crystal (Sudden Chill),1
22,45961,45961,17,0,Nano Crystal (Micro Flechette),1
22,45969,45969,14,0,Nano Crystal (Ion Stream),2
22,46019,46019,17,0,Nano Crystal (Semi-Sentient Automaton),1
22,46033,46033,20,0,Nano Crystal (Patchwork Android),1
22,46040,46040,14,0,Nano Crystal (Perfected Automaton),2
22,46052,46052,24,0,Nano Crystal (Inferior Android),1
22,46058,46058,24,0,Nano Crystal (Lesser Android),3
22,46063,46063,20,0,Nano Crystal (Feeble Android),1
22,46075,46075,30,0,Nano Crystal (Common Android),2
22,46451,46451,27,0,Nano Crystal (Director-Grade Helper-Droid),1
22,46454,46454,14,0,Nano Crystal (Director-Grade Worker-Droid),1
22,46466,46466,27,0,Nano Crystal (Basic Attendant-Droid),1
22,46468,46468,14,0,Nano Crystal (Basic Helper-Droid),1
22,46475,46475,20,0,Nano Crystal (Advanced Helper),1
22,49823,49823,14,0,Nano Crystal (Brave Challenger to Cyclops),2
22,55679,55678,22,0,Weapon Smithing Tutoring Device,3
22,55681,55680,22,0,Psychology Tutoring Device,1
22,55687,55686,22,0,Computer Literacy Tutoring Device,2
22,55690,55689,22,0,Mechanical Engineering Tutoring Device,1
22,55694,55693,22,0,Electrical Engineering Tutoring Device,1
22,55697,55696,22,0,Boosted Stim,1
22,55759,55759,20,0,Nano Crystal (Field of Sparks),2
22,55775,55775,24,0,Nano Crystal (Electrical Chastiser),1
22,56005,56005,24,0,Nano Crystal (Restrict Movement),1
22,56241,56241,17,0,Nano Crystal (Lesser Hold Victim),1
22,56251,56251,27,0,Nano Crystal (Lesser Prolong Encounter),1
22,56266,56266,14,0,Nano Crystal (Lesser Embrace of Greed),2
22,70390,70390,24,0,Nano Crystal (Lesser Deflection Shield),1
22,70397,70397,14,0,Nano Crystal (Minor Deflection Shield),2
22,70558,85640,22,0,Battered Low-Tech Armor Boots,3
22,70559,85689,22,0,Battered Low-Tech Body Armor,2
22,70560,85688,22,0,Battered Low-Tech Female Body Armor,1
22,70561,85744,22,0,Battered Low-Tech Armor Sleeves,5
22,70563,85558,22,0,Battered Low-Tech Armor Helmet,3
22,70564,85515,22,0,Battered Low-Tech Armor Pants,2
22,70565,85514,22,0,Battered Low-Tech Armor Shorts,3
22,70581,70581,14,0,Nano Crystal (Flawed Protective Field),1
22,70584,70584,27,0,Nano Crystal (Basic Shielding Barrier),2
22,70585,70585,20,0,Nano Crystal (Flawed Defensive Screen),1
22,75355,75355,14,0,Nano Crystal (Harden Skin),2
22,75369,75369,20,0,Nano Crystal (Lesser Wilderness Protection),3
22,75416,75416,14,0,Nano Crystal (Minor Absorption Shield),2
22,78420,78420,17,0,Nano Crystal (Lesser Health Funnel),1
22,78421,78421,20,0,Nano Crystal (Health Funnel),2
22,78424,78424,30,0,Nano Crystal (Advanced Health Funnel),2
22,81839,81839,27,0,Nano Crystal (Lotus on Water),2
22,81847,81847,20,0,Nano Crystal (Energized Fists),1
22,81929,81929,30,0,Nano Crystal (Hired Hands),1
22,81953,81953,27,0,Nano Crystal (Lesser Mysterious Causes),2
22,82065,82065,17,0,Nano Crystal (Team Restore Essence),2
22,82806,82806,20,0,Nano Crystal (Active Micro Entanglement),1
22,82807,82807,14,0,Nano Crystal (Postpone Encounter),1
22,82811,82811,17,0,Nano Crystal (Weight of the Guilty),1
22,82838,82838,20,0,Nano Crystal (Pronouncement of Greatness),1
22,82839,82839,24,0,Nano Crystal (Sparrow Flight),1
22,83968,83968,20,0,Nano Crystal (Mass Claw Eyes),1
22,83978,83978,27,0,Nano Crystal (Gouge Eyes),1
22,85264,85264,20,0,Nano Crystal (Lesser Net Cast Wide),2
22,85270,85270,30,0,Nano Crystal (Falsify Medical Records),1
22,85282,85282,17,0,Nano Crystal (Medical Claim),1
22,85322,85322,27,0,Nano Crystal (Lesser Delay Pursuers),1
22,85366,85367,22,0,Simple Nano Kit,1
22,85368,85369,22,0,Burst of Speed Stim,1
22,85477,21917,22,0,Worn Cyber Armor Sleeves,3
22,85481,85690,22,0,Battered Leather Vest,1
22,85500,85499,22,0,Inferior Chilled Plasteel Armor Pants,4
22,85501,22343,22,0,Inferior Heated Plasteel Armor Pants,1
22,85502,22339,22,0,Recruit-Issue Omni-Pol Forest Armor Pants,1
22,85507,85506,22,0,Battered Nomad Armor Pants,1
22,85510,85509,22,0,Inferior Nail Armor Pants,4
22,85513,22313,22,0,Basic Martial Artist Suit Pants,2
22,85519,85518,22,0,Battered Sid's Leather Armor Pants,2
22,85521,85520,22,0,Battered Leather Armor Pants,4
22,85526,22293,22,0,Inferior Energized Armor Pants,1
22,85531,22289,22,0,Worn Cyber Armor Pants,6
22,85547,85546,22,0,Inferior Chilled Plasteel Armor Helmet,2
22,85548,22258,22,0,Inferior Heated Plasteel Armor Helmet,3
22,85549,22254,22,0,Recruit-Issue Omni-Pol Forest Armor Helmet,3
22,85551,27402,22,0,Recruit-Issue Omni-Pol Desert Armor Helmet,3
22,85554,85553,22,0,Battered Nomad Armor Helmet,1
22,85557,85556,22,0,Worn Metaplast Armor Helmet,3
22,85560,85559,22,0,Battered Sid's Leather Armor Helmet,2
22,85562,85561,22,0,Battered Leather Armor Helmet,1
22,85567,22223,22,0,Inferior Energized Armor Helmet,1
22,85571,85570,22,0,Worn Bau Cyber Armor Helmet,2
22,85572,22219,22,0,Worn Cyber Armor Helmet,3
22,85586,85585,22,0,Inferior Chilled Plasteel Armor Gloves,2
22,85587,22208,22,0,Inferior Heated Plasteel Armor Gloves,2
22,85588,22204,22,0,Recruit-Issue Omni-Pol Forest Armor Gloves,1
22,85590,27396,22,0,Recruit-Issue Omni-Pol Desert Armor Gloves,2
22,85596,85595,22,0,Worn Metaplast Armor Gloves,1
22,85598,22178,22,0,Inferior Kevlar Armor Gloves,2
22,85600,85599,22,0,Battered Sid's Leather Armor Gloves,3
22,85602,85601,22,0,Battered Leather Armor Gloves,2
22,85606,85605,22,0,Inferior Raven's Energized Armor Gloves,1
22,85607,22170,22,0,Inferior Energized Armor Gloves,4
22,85611,85610,22,0,Worn Bau Cyber Armor Gloves,4
22,85612,22166,22,0,Worn Cyber Armor Gloves,2
22,85626,85625,22,0,Inferior Chilled Plasteel Armor Boots,1
22,85627,22154,22,0,Inferior Heated Plasteel Armor Boots,1
22,85628,22150,22,0,Recruit-Issue Omni-Pol Forest Armor Boots,1
22,85630,27392,22,0,Recruit-Issue Omni-Pol Desert Armor Boots,1
22,85633,85632,22,0,Battered Nomad Armor Boots,2
22,85636,85635,22,0,Inferior Nail Armor Boots,2
22,85639,22124,22,0,Basic Martial Artist Suit Boots,3
22,85641,22116,22,0,Inferior Kevlar Armor Boots,2
22,85643,85642,22,0,Battered Sid's Leather Armor Boots,1
22,85645,85644,22,0,Battered Leather Armor Boots,3
22,85649,85648,22,0,Inferior Raven's Energized Armor Boots,2
22,85650,22108,22,0,Inferior Energized Armor Boots,2
22,85654,85653,22,0,Worn Bau Cyber Armor Boots,3
22,85655,22104,22,0,Worn Cyber Armor Boots,3
22,85657,85656,22,0,Battered Light Combat Armor Boots,2
22,85675,22076,22,0,Inferior Heated Plasteel Body Armor,3
22,85676,22072,22,0,Recruit-Issue Omni-Pol Forest Body Armor,3
22,85678,27398,22,0,Recruit-Issue Omni-Pol Desert Body Armor,1
22,85681,85680,22,0,Battered Nomad Body Armor,1
22,85684,85683,22,0,Inferior Nail Body Armor,1
22,85686,85685,22,0,Worn Metaplast Body Armor,1
22,85687,22046,22,0,Basic Martial Artist Suit Shirt,3
22,85691,22004,22,0,Inferior Kevlar Vest,1
22,85692,22026,22,0,Inferior Kevlar Body Armor,3
22,85693,27389,22,0,Battered Flak Body Armor,5
22,85695,85694,22,0,Battered Sid's Leather Body Armor,4
22,85701,85700,22,0,Inferior Raven's Energized Body Armor,1
22,85702,22018,22,0,Inferior Energized Body Armor,3
22,85708,85707,22,0,Worn Bau Cyber Female Body Armor,6
22,85710,85709,22,0,Worn Bau Cyber Body Armor,6
22,85711,22014,22,0,Worn Cyber Female Body Armor,3
22,85712,22010,22,0,Worn Cyber Body Armor,3
22,85714,85713,22,0,Battered Light Combat Body Armor,2
22,85723,85722,22,0,Worn Nadir Steel-Ribbed Armor Sleeves,1
22,85730,85729,22,0,Inferior Chilled Plasteel Armor Sleeves,1
22,85731,21967,22,0,Inferior Heated Plasteel Armor Sleeves,3
22,85732,21963,22,0,Recruit-Issue Omni-Pol Forest Armor Sleeves,2
22,85734,27400,22,0,Recruit-Issue Omni-Pol Desert Armor Sleeves,4
22,85737,85736,22,0,Battered Nomad Armor Sleeves,2
22,85740,85739,22,0,Inferior Nail Armor Sleeves,1
22,85742,85741,22,0,Worn Metaplast Armor Sleeves,2
22,85743,21937,22,0,Basic Martial Artist Suit Sleeves,1
22,85745,21929,22,0,Inferior Kevlar Armor Sleeves,3
22,85746,27391,22,0,Battered Flak Armor Sleeves,1
22,85748,85747,22,0,Battered Sid's Leather Armor Sleeves,5
22,85750,85749,22,0,Battered Leather Armor Sleeves,1
22,85754,85753,22,0,Inferior Raven's Energized Armor Sleeves,3
22,85755,21921,22,0,Inferior Energized Armor Sleeves,3
22,85759,85758,22,0,Worn Bau Cyber Armor Sleeves,5
22,85761,85760,22,0,Battered Light Combat Armor Sleeves,4
22,85874,85874,20,0,Nano Crystal (Ransack Skills (Minor)),1
22,85875,85875,30,0,Nano Crystal (Ransack Skills (Average)),2
22,85895,85895,14,0,Nano Crystal (Deprive Skills (Minor)),3
22,85896,85896,24,0,Nano Crystal (Deprive Skills (Average)),2
22,86443,86443,1,0,Visor,1
22,87470,87470,1,0,Tattoo,1
22,87476,87476,1,0,Tattoo,2
22,87478,87478,1,0,Tattoo,1
22,87483,87483,1,0,Tattoo,1
22,87893,87936,22,0,Trimmer - Divert Energy to Defense,1
22,88379,88380,22,0,Trimmer - Divert Energy to Avoidance,1
22,88381,88382,22,0,Trimmer - Divert Energy to Hitpoints,2
22,88385,88386,22,0,Trimmer - Negative Aggressive-Defensive,1
22,90407,90407,17,0,Nano Crystal (Basic Humidity Extractor),1
22,95418,95418,24,0,Nano Crystal (Ease of Execution),2
22,95453,95453,20,0,Nano Crystal (Enhance Nano Cohesion),1
22,95532,95532,30,0,Nano Crystal (Subconscious Guidance),2
22,95536,95536,14,0,Nano Crystal (Internal Focus),1
22,95728,95728,14,0,Nano Crystal (Essence of Vitality),1
22,95731,95731,24,0,Nano Crystal (Essence of Might),1
22,97458,97458,30,0,Nano Crystal (Health Surge),2
22,99139,99139,14,0,Nano Crystal (Douse Anger),1
22,99217,99217,27,0,Nano Crystal (Lesser Pheromone Control),1
22,99594,99594,17,0,Nano Crystal (Muscle Atrophy),1
22,99622,99622,24,0,Nano Crystal (Overdraught),2
22,100004,100004,1,0,"Body Tattoo, Front",1
22,100005,100005,1,0,"Body Tattoo, Front",1
22,100013,100013,1,0,Tattoo,1
22,100202,100202,17,0,Nano Crystal (Mongo Slam!),2
22,100224,100224,27,0,Nano Crystal (Aggressive Instincts),2
22,100228,100228,14,0,Nano Crystal (Draw Attention),1
22,100264,100264,30,0,Nano Crystal (Berserk Rage),1
22,100447,100447,30,0,Nano Crystal (Bewilder),2
22,100452,100452,20,0,Nano Crystal (Distract with Trinkets),1
22,101101,101102,22,0,Basic Eye Implant,1
22,101125,101126,22,0,"Head Implant: Nano Resist, Shiny",1
22,101127,101128,22,0,"Head Implant: Nano Resist, Shiny",1
22,101131,101132,22,0,"Head Implant: Nano Resist, Shiny",1
22,101157,101158,22,0,"Right-Arm Implant: 1h Blunt, Shiny",1
22,101225,101226,22,0,"Waist Implant: Chemical AC, Shiny",1
22,101261,101262,22,0,Basic Leg Implant,1
22,101277,101278,22,0,Basic Left Hand Implant,1
22,101301,101302,22,0,"Feet Implant: Melee. Init, Shiny",1
22,101309,101310,22,0,Imp/Proj AC Cluster - Faded (Waist),1
22,101313,101314,22,0,Imp/Proj AC Cluster - Shiny (Leg),3
22,101325,101326,22,0,Energy AC Cluster - Shiny (Chest),2
22,101329,101330,22,0,Chemical AC Cluster - Bright (Right-Arm),1
22,101337,101338,22,0,1h Blunt Cluster - Shiny (Right-Arm),2
22,101339,101340,22,0,1h Edged Weapon Cluster - Faded (Right-Hand),2
22,101341,101342,22,0,1h Edged Weapon Cluster - Bright (Right-Wrist),1
22,101343,101344,22,0,1h Edged Weapon Cluster - Shiny (Right-Arm),1
22,101345,101346,22,0,Melee Ener Cluster - Faded (Right-Wrist),2
22,101349,101350,22,0,Melee Ener Cluster - Shiny (Head),2
22,101355,101356,22,0,2h Edged Cluster - Shiny (Right-Arm),1
22,101357,101358,22,0,Piercing Cluster - Faded (Waist),1
22,101359,101360,22,0,Piercing Cluster - Bright (Left-Arm),1
22,101363,101364,22,0,2h Blunt Cluster - Faded (Chest),2
22,101367,101368,22,0,2h Blunt Cluster - Shiny (Right-Arm),1
22,101369,101370,22,0,Sharp Obj Cluster - Faded (Eye),2
22,101372,101373,22,0,Radiation AC Cluster - Bright (Left-Arm),1
22,101374,101375,22,0,Radiation AC Cluster - Shiny (Waist),2
22,101378,101379,22,0,Cold AC Cluster - Bright (Right-Hand),1
22,101382,101383,22,0,Nano Resist Cluster - Faded (Left-Wrist),1
22,101384,101385,22,0,Nano Resist Cluster - Bright (Right-Wrist),1
22,101386,101387,22,0,Nano Resist Cluster - Shiny (Head),2
22,101392,101393,22,0,Fire AC Cluster - Shiny (Waist),2
22,101394,101395,22,0,Martial Arts Cluster - Faded (Left-Hand),2
22,101398,101399,22,0,Martial Arts Cluster - Shiny (Right-Hand),1
22,101402,101403,22,0,Mult. Melee Cluster - Bright (Eye),1
22,101404,101405,22,0,Mult. Melee Cluster - Shiny (Left-Wrist),2
22,101408,101409,22,0,Matter Crea Cluster - Faded (Eye),1
22,101414,101415,22,0,Time & Space Cluster - Faded (Eye),1
22,101416,101417,22,0,Time & Space Cluster - Bright (Right-Hand),1
22,101427,101428,22,0,Sharp Obj Cluster - Shiny (Right-Wrist),2
22,101429,101430,22,0,Grenade Cluster - Faded (Right-Hand),2
22,101433,101434,22,0,Grenade Cluster - Shiny (Right-Arm),1
22,101435,101436,22,0,Heavy Weapons Cluster - Faded (Right-Hand),1
22,101443,101444,22,0,Bow Cluster - Bright (Left-Arm),2
22,101449,101450,22,0,Pistol Cluster - Bright (Right-Hand),2
22,101453,101454,22,0,Rifle Cluster - Faded (Left-Wrist),1
22,101457,101458,22,0,Rifle Cluster - Shiny (Eye),1
22,101459,101460,22,0,MG / SMG Cluster - Faded (Chest),1
22,101461,101462,22,0,MG / SMG Cluster - Bright (Right-Hand),1
22,101465,101466,22,0,Shotgun Cluster - Faded (Waist),1
22,101469,101470,22,0,Shotgun Cluster - Shiny (Right-Arm),1
22,101471,101472,22,0,Assault Rif Cluster - Faded (Eye),1
22,101473,101474,22,0,Assault Rif Cluster - Bright (Right-Hand),1
22,101477,101478,22,0,Vehicle Hydr Cluster - Faded (Ear),1
22,101483,101484,22,0,Melee. Init Cluster - Faded (Waist),2
22,101487,101488,22,0,Melee. Init Cluster - Shiny (Feet),1
22,101491,101492,22,0,Ranged. Init Cluster - Bright (Head),1
22,101499,101500,22,0,Physic. Init Cluster - Shiny (Feet),1
22,101501,101502,22,0,Bow Spc Att Cluster - Faded (Right-Wrist),1
22,101511,101512,22,0,Sensory Impr Cluster - Shiny (Head),1
22,101513,101514,22,0,First Aid Cluster - Faded (Left-Hand),1
22,101543,101544,22,0,Bio.Metamor Cluster - Faded (Waist),4
22,101545,101546,22,0,Bio.Metamor Cluster - Bright (Chest),3
22,101549,101550,22,0,Psycho Modi Cluster - Faded (Ear),2
22,101553,101407,22,0,Psycho Modi Cluster - Shiny (Head),1
22,101555,101556,22,0,Ranged Ener Cluster - Faded (Left-Hand),2
22,101559,101560,22,0,Ranged Ener Cluster - Shiny (Head),1
22,101561,101562,22,0,Multi Ranged Cluster - Faded (Eye),1
22,101563,101564,22,0,Multi Ranged Cluster - Bright (Right-Wrist),1
22,101567,101568,22,0,Trap Disarm Cluster - Faded (Head),2
22,101571,101572,22,0,Trap Disarm Cluster - Shiny (Right-Hand),1
22,101579,101580,22,0,Adventuring Cluster - Faded (Chest),1
22,101581,101582,22,0,Adventuring Cluster - Bright (Waist),1
22,101583,101584,22,0,Adventuring Cluster - Shiny (Leg),1
22,101591,101592,22,0,Vehicle Air Cluster - Faded (Head),1
22,101595,101596,22,0,Vehicle Air Cluster - Shiny (Eye),1
22,101605,101606,22,0,Tutoring Cluster - Bright (Ear),1
22,101607,101608,22,0,Tutoring Cluster - Shiny (Eye),1
22,101609,101610,22,0,Brawling Cluster - Faded (Waist),2
22,101611,101612,22,0,Brawling Cluster - Bright (Right-Arm),2
22,101621,101622,22,0,Dimach Cluster - Faded (Waist),1
22,101623,101624,22,0,Dimach Cluster - Bright (Head),1
22,101629,101630,22,0,Parry Cluster - Bright (Left-Wrist),1
22,101631,101632,22,0,Parry Cluster - Shiny (Right-Wrist),1
22,101633,101634,22,0,Sneak Atck Cluster - Faded (Eye),2
22,101637,101638,22,0,Sneak Atck Cluster - Shiny (Feet),3
22,101639,101640,22,0,Fast Attack Cluster - Faded (Right-Arm),1
22,101641,101642,22,0,Fast Attack Cluster - Bright (Right-Hand),1
22,101643,101644,22,0,Fast Attack Cluster - Shiny (Left-Hand),1
22,101647,101648,22,0,NanoC. Init Cluster - Bright (Eye),1
22,101649,101650,22,0,NanoC. Init Cluster - Shiny (Head),1
22,101655,101656,22,0,Fling Shot Cluster - Shiny (Right-Arm),1
22,101665,101666,22,0,Body Dev Cluster - Bright (Waist),1
22,101671,101672,22,0,Duck-Exp Cluster - Bright (Waist),1
22,101673,101674,22,0,Duck-Exp Cluster - Shiny (Leg),1
22,101677,101678,22,0,Dodge-Rng Cluster - Bright (Feet),1
22,101683,101684,22,0,Evade-ClsC Cluster - Bright (Leg),1
22,101685,101686,22,0,Evade-ClsC Cluster - Shiny (Feet),2
22,101693,101694,22,0,Weapon Smt Cluster - Faded (Eye),2
22,101699,101700,22,0,Pharma Tech Cluster - Faded (Right-Hand),1
22,101701,101702,22,0,Pharma Tech Cluster - Bright (Eye),2
22,101707,101708,22,0,Nano Progra Cluster - Bright (Eye),1
22,101709,101710,22,0,Nano Progra Cluster - Shiny (Head),1
22,101711,101712,22,0,Comp. Liter Cluster - Faded (Right-Hand),1
22,101715,101716,22,0,Comp. Liter Cluster - Shiny (Head),1
22,101717,101718,22,0,Psychology Cluster - Faded (Eye),1
22,101719,101720,22,0,Psychology Cluster - Bright (Ear),1
22,101721,101722,22,0,Psychology Cluster - Shiny (Head),2
22,101723,101724,22,0,Chemistry Cluster - Faded (Right-Hand),1
22,101739,101740,22,0,Break & Entry Cluster - Shiny (Right-Arm),1
22,101741,101742,22,0,Vehicle Grnd Cluster - Faded (Ear),3
22,101749,101750,22,0,Full Auto Cluster - Bright (Right-Wrist),2
22,101751,101752,22,0,Full Auto Cluster - Shiny (Right-Arm),1
22,101753,101754,22,0,Burst Cluster - Faded (Right-Hand),2
22,101755,101756,22,0,Burst Cluster - Bright (Right-Wrist),1
22,101757,101758,22,0,Burst Cluster - Shiny (Right-Arm),1
22,101759,101760,22,0,Disease AC Cluster - Faded (Chest),1
22,101761,101762,22,0,Disease AC Cluster - Bright (Leg),3
22,101771,101772,22,0,Strength Cluster - Faded (Chest),1
22,101773,101774,22,0,Strength Cluster - Bright (Left-Arm),2
22,101775,101776,22,0,Strength Cluster - Shiny (Right-Arm),1
22,101777,101778,22,0,Agility Cluster - Faded (Waist),1
22,101779,101780,22,0,Agility Cluster - Bright (Feet),1
22,101781,101782,22,0,Agility Cluster - Shiny (Leg),3
22,101783,101784,22,0,Stamina Cluster - Faded (Waist),2
22,101785,101786,22,0,Stamina Cluster - Bright (Leg),2
22,101787,101788,22,0,Stamina Cluster - Shiny (Chest),1
22,101789,101790,22,0,Intelligence Cluster - Faded (Ear),1
22,101791,101792,22,0,Intelligence Cluster - Bright (Eye),2
22,101795,101796,22,0,Sense Cluster - Faded (Head),1
22,101803,101804,22,0,Psychic Cluster - Bright (Chest),2
22,101805,101806,22,0,Psychic Cluster - Shiny (Head),1
22,101811,101812,22,0,Max Health Cluster - Shiny (Chest),1
22,101813,101814,22,0,Max Nano Cluster - Faded (Chest),2
22,101815,101816,22,0,Max Nano Cluster - Bright (Waist),1
22,101817,101818,22,0,Max Nano Cluster - Shiny (Head),1
22,101861,101862,22,0,"Eye Implant: Grenade, Bright",1
22,101925,101926,22,0,"Eye Implant: Elec. Engi, Shiny",1
22,101965,101966,22,0,"Eye Implant: Tutoring, Shiny",1
22,101987,101988,22,0,"Eye Implant: Map Navig, Shiny",1
22,102230,102231,22,0,"Eye Implant: Aimed Shot, Shiny",1
22,102333,102334,22,0,"Eye Implant: Aimed Shot, Shiny",1
22,102388,102389,22,0,"Eye Implant: Vehicle Air, Shiny",1
22,102526,102527,22,0,"Eye Implant: Comp. Liter, Bright",1
22,102530,102531,22,0,"Eye Implant: Elec. Engi, Shiny",1
22,102545,102546,22,0,"Eye Implant: Elec. Engi, Shiny",1
22,102547,102548,22,0,"Eye Implant: Vehicle Air, Shiny",1
22,102573,102574,22,0,"Eye Implant: Vehicle Grnd, Bright",1
22,102589,102590,22,0,"Eye Implant: Aimed Shot, Shiny",1
22,102597,102598,22,0,"Eye Implant: Vehicle Air, Shiny",1
22,102607,102608,22,0,"Eye Implant: Rifle, Shiny",1
22,102657,102582,22,0,"Eye Implant: Map Navig, Shiny",1
22,102702,102703,22,0,"Eye Implant: Map Navig, Shiny",1
22,102720,102721,22,0,"Eye Implant: Aimed Shot, Shiny",1
22,102722,102723,22,0,"Eye Implant: Perception, Bright",1
22,102728,102729,22,0,"Eye Implant: Vehicle Air, Shiny",1
22,102759,102760,22,0,"Eye Implant: Elec. Engi, Shiny",1
22,102842,102843,22,0,"Eye Implant: Rifle, Shiny",1
22,102890,102891,22,0,"Eye Implant: Aimed Shot, Shiny",1
22,103051,103052,22,0,"Eye Implant: Rifle, Shiny",1
22,103110,103111,22,0,"Eye Implant: Chemistry, Bright",1
22,103120,103121,22,0,"Eye Implant: Tutoring, Shiny",2
22,103148,103149,22,0,"Eye Implant: Tutoring, Shiny",1
22,103207,103208,22,0,"Eye Implant: Elec. Engi, Shiny",1
22,103209,103210,22,0,"Eye Implant: Vehicle Air, Shiny",1
22,103276,103277,22,0,"Eye Implant: Map Navig, Shiny",1
22,103306,103307,22,0,"Eye Implant: Vehicle Air, Shiny",1
22,103348,103349,22,0,"Eye Implant: Nano Progra, Bright",1
22,103461,103462,22,0,"Eye Implant: Map Navig, Shiny",1
22,103530,103531,22,0,"Eye Implant: Elec. Engi, Shiny",1
22,103558,103559,22,0,"Eye Implant: Elec. Engi, Shiny",1
22,103576,103577,22,0,"Eye Implant: Map Navig, Shiny",1
22,103608,103609,22,0,"Eye Implant: Aimed Shot, Shiny",1
22,103631,103632,22,0,"Eye Implant: Aimed Shot, Shiny",1
22,103665,103666,22,0,"Eye Implant: Elec. Engi, Shiny",1
22,103689,103690,22,0,"Eye Implant: Intelligence, Bright",1
22,103741,103742,22,0,"Eye Implant: Vehicle Air, Shiny",1
22,103763,103764,22,0,"Eye Implant: Mech. Engi, Bright",1
22,103765,103766,22,0,"Eye Implant: Rifle, Shiny",1
22,103805,103806,22,0,"Eye Implant: Perception, Bright",1
22,103920,103921,22,0,"Eye Implant: Aimed Shot, Shiny",1
22,103939,103940,22,0,"Eye Implant: Elec. Engi, Shiny",1
22,104077,104078,22,0,"Eye Implant: Vehicle Air, Shiny",1
22,104089,104090,22,0,"Eye Implant: Elec. Engi, Shiny",2
22,104103,104104,22,0,"Eye Implant: Elec. Engi, Shiny",1
22,104246,104247,22,0,"Eye Implant: Aimed Shot, Shiny",1
22,104468,104469,22,0,"Eye Implant: Elec. Engi, Shiny",1
22,104574,104575,22,0,"Eye Implant: Aimed Shot, Shiny",1
22,104590,104591,22,0,"Eye Implant: Sensory Impr, Bright",1
22,104647,104648,22,0,"Eye Implant: Vehicle Air, Shiny",1
22,104732,104733,22,0,"Eye Implant: Aimed Shot, Shiny",1
22,104796,104797,22,0,"Eye Implant: Vehicle Air, Shiny",1
22,104860,104861,22,0,"Eye Implant: Tutoring, Shiny",1
22,104935,104936,22,0,"Eye Implant: Map Navig, Shiny",1
22,104950,104951,22,0,"Eye Implant: Vehicle Air, Shiny",1
22,104974,104975,22,0,"Eye Implant: Rifle, Shiny",1
22,104986,104987,22,0,"Eye Implant: Vehicle Grnd, Bright",1
22,104996,104997,22,0,"Eye Implant: Tutoring, Shiny",1
22,105004,105005,22,0,"Eye Implant: Elec. Engi, Shiny",1
22,105019,105020,22,0,"Head Implant: Matt.Metam, Shiny",1
22,105062,105063,22,0,"Head Implant: Mech. Engi, Shiny",1
22,105092,105093,22,0,"Head Implant: Chemistry, Shiny",1
22,105209,105210,22,0,"Head Implant: Vehicle Hydr, Shiny",1
22,105213,105214,22,0,"Head Implant: Bow Spc Att, Shiny",1
22,105221,105222,22,0,"Head Implant: First Aid, Shiny",1
22,105243,105244,22,0,"Head Implant: Matter Crea, Shiny",1
22,105335,105336,22,0,"Head Implant: Mech. Engi, Shiny",1
22,105386,105387,22,0,"Head Implant: Psychic, Shiny",1
22,105473,105474,22,0,"Head Implant: NanoC. Init, Shiny",1
22,105565,105566,22,0,"Head Implant: Psycho Modi, Shiny",1
22,105577,105578,22,0,"Head Implant: Ranged Ener, Shiny",1
22,105667,105668,22,0,"Head Implant: Bio.Metamor, Shiny",1
22,105679,105680,22,0,"Head Implant: Time & Space, Shiny",1
22,105749,105750,22,0,"Head Implant: Vehicle Hydr, Shiny",1
22,105755,105756,22,0,"Head Implant: Sensory Impr, Shiny",1
22,105823,105824,22,0,"Head Implant: Pharma Tech, Shiny",1
22,105989,105990,22,0,"Head Implant: Comp. Liter, Shiny",1
22,105995,105996,22,0,"Head Implant: Vehicle Grnd, Shiny",1
22,106021,106022,22,0,"Head Implant: Mech. Engi, Shiny",1
22,106059,106060,22,0,"Head Implant: Matt.Metam, Shiny",1
22,106198,106254,22,0,"Head Implant: Max Nano, Shiny",1
22,106207,106208,22,0,"Head Implant: Matter Crea, Shiny",1
22,106351,106352,22,0,"Head Implant: Psycho Modi, Shiny",1
22,106359,106360,22,0,"Head Implant: NanoC. Init, Shiny",1
22,106421,106422,22,0,"Head Implant: Comp. Liter, Shiny",1
22,106485,106486,22,0,"Head Implant: Vehicle Hydr, Shiny",1
22,106703,106704,22,0,"Head Implant: Psychic, Shiny",1
22,106737,106738,22,0,"Head Implant: NanoC. Init, Shiny",1
22,106763,106764,22,0,"Head Implant: Bio.Metamor, Shiny",1
22,106813,106814,22,0,"Head Implant: Max Nano, Shiny",1
22,106841,106842,22,0,"Head Implant: Vehicle Grnd, Shiny",1
22,106883,106884,22,0,"Head Implant: Vehicle Hydr, Shiny",1
22,106891,106892,22,0,"Head Implant: Sensory Impr, Shiny",1
22,106900,106901,22,0,"Head Implant: Matter Crea, Shiny",1
22,106940,106941,22,0,"Head Implant: Vehicle Grnd, Shiny",1
22,106956,106957,22,0,"Head Implant: Treatment, Shiny",1
22,106981,106982,22,0,"Head Implant: Melee Ener, Shiny",1
22,107107,107108,22,0,"Head Implant: Psycho Modi, Shiny",1
22,107215,107216,22,0,"Head Implant: Psychology, Shiny",1
22,107249,107250,22,0,"Ear Implant: Perception, Shiny",1
22,107251,107252,22,0,"Ear Implant: Perception, Shiny",1
22,107307,107308,22,0,"Ear Implant: Concealment, Bright",1
22,107420,107421,22,0,"Right-Arm Implant: Grenade, Shiny",1
22,107448,107449,22,0,"Right-Arm Implant: MG / SMG, Shiny",1
22,107464,107465,22,0,"Right-Arm Implant: Assault Rif, Shiny",1
22,107483,107484,22,0,"Right-Arm Implant: Strength, Shiny",1
22,107526,107527,22,0,"Right-Arm Implant: Break & Entry, Shiny",1
22,107534,107535,22,0,"Right-Arm Implant: Burst, Shiny",1
22,107621,107622,22,0,"Right-Arm Implant: Burst, Shiny",1
22,107719,107720,22,0,"Right-Arm Implant: Grenade, Shiny",1
22,107729,107730,22,0,"Right-Arm Implant: Bow, Shiny",1
22,107733,107734,22,0,"Right-Arm Implant: MG / SMG, Shiny",1
22,107741,107742,22,0,"Right-Arm Implant: Assault Rif, Shiny",1
22,107939,107940,22,0,"Right-Arm Implant: 2h Edged, Shiny",1
22,107963,107964,22,0,"Right-Arm Implant: Burst, Shiny",1
22,108020,108021,22,0,"Right-Arm Implant: 1h Blunt, Shiny",1
22,108042,108043,22,0,"Right-Arm Implant: Fling Shot, Shiny",1
22,108072,107988,22,0,"Right-Arm Implant: 2h Blunt, Shiny",1
22,108146,108147,22,0,"Right-Arm Implant: 1h Blunt, Shiny",1
22,108182,108183,22,0,"Right-Arm Implant: 1h Edged Weapon, Shiny",1
22,108204,108205,22,0,"Right-Arm Implant: Break & Entry, Shiny",1
22,108326,108327,22,0,"Right-Arm Implant: Grenade, Shiny",1
22,108369,108370,22,0,"Chest Implant: Energy AC, Shiny",1
22,108387,108388,22,0,"Chest Implant: Dimach, Shiny",1
22,108438,108439,22,0,"Chest Implant: Bio.Metamor, Bright",1
22,108514,108515,22,0,"Chest Implant: Melee/Ma AC, Shiny",1
22,108592,108593,22,0,"Chest Implant: Body Dev, Shiny",1
22,108632,108633,22,0,"Chest Implant: Sense, Shiny",1
22,108638,108639,22,0,"Chest Implant: Imp/Proj AC, Bright",1
22,108650,108651,22,0,"Chest Implant: Nano Pool, Shiny",1
22,108662,108663,22,0,"Chest Implant: Dimach, Shiny",1
22,108688,108689,22,0,"Chest Implant: Max Health, Shiny",1
22,108866,108867,22,0,"Chest Implant: Sense, Shiny",1
22,108906,108907,22,0,"Chest Implant: Dimach, Shiny",1
22,108942,108943,22,0,"Chest Implant: Matt.Metam, Bright",1
22,108974,108975,22,0,"Chest Implant: Sense, Shiny",1
22,109078,109079,22,0,"Chest Implant: Body Dev, Shiny",1
22,109120,109121,22,0,"Chest Implant: Max Health, Shiny",1
22,109188,109189,22,0,"Chest Implant: Sense, Shiny",1
22,109230,109231,22,0,"Chest Implant: Bio.Metamor, Bright",1
22,109287,109288,22,0,"Left-Arm Implant: Brawling, Shiny",1
22,109384,109385,22,0,"Left-Arm Implant: Brawling, Shiny",1
22,109402,109403,22,0,"Left-Arm Implant: Break & Entry, Bright",1
22,109421,109422,22,0,"Left-Arm Implant: Brawling, Shiny",1
22,109532,109533,22,0,"Right-Wrist Implant: Multi Ranged, Bright",1
22,109550,109551,22,0,"Right-Wrist Implant: Parry, Shiny",1
22,109568,109569,22,0,"Right-Wrist Implant: Pistol, Shiny",1
22,109594,109531,22,0,"Right-Wrist Implant: Multi Ranged, Bright",1
22,109640,109641,22,0,"Right-Wrist Implant: Parry, Shiny",1
22,109676,109677,22,0,"Right-Wrist Implant: Riposte, Shiny",2
22,109688,109689,22,0,"Right-Wrist Implant: Nano Resist, Bright",1
22,109730,109731,22,0,"Right-Wrist Implant: Pistol, Shiny",1
22,109782,109783,22,0,"Right-Wrist Implant: Sharp Obj, Shiny",1
22,109800,109801,22,0,"Right-Wrist Implant: Parry, Shiny",1
22,109978,109979,22,0,"Right-Wrist Implant: 1h Blunt, Bright",1
22,110044,110045,22,0,"Right-Wrist Implant: Riposte, Shiny",1
22,110052,110053,22,0,"Right-Wrist Implant: Sharp Obj, Shiny",1
22,110108,110109,22,0,"Waist Implant: Fire AC, Shiny",1
22,110118,110119,22,0,"Right-Wrist Implant: Sharp Obj, Shiny",1
22,110158,110159,22,0,"Waist Implant: Radiation AC, Shiny",1
22,110266,110267,22,0,"Waist Implant: Max Nano, Bright",1
22,110378,110379,22,0,"Waist Implant: Body Dev, Bright",1
22,110436,110437,22,0,"Waist Implant: Fire AC, Shiny",1
22,110554,110555,22,0,"Waist Implant: Radiation AC, Shiny",1
22,110570,110571,22,0,"Waist Implant: Fire AC, Shiny",1
22,110608,110609,22,0,"Waist Implant: Cold AC, Shiny",1
22,110674,110675,22,0,"Waist Implant: Radiation AC, Shiny",1
22,110678,110679,22,0,"Waist Implant: Fire AC, Shiny",1
22,110696,110697,22,0,"Waist Implant: Cold AC, Shiny",1
22,110698,110699,22,0,"Waist Implant: Fire AC, Shiny",1
22,110748,110749,22,0,"Waist Implant: Fire AC, Shiny",1
22,110792,110793,22,0,"Waist Implant: Chemical AC, Shiny",1
22,110864,110883,22,0,"Waist Implant: Radiation AC, Shiny",1
22,110950,110951,22,0,"Waist Implant: Chemical AC, Shiny",1
22,111002,111003,22,0,"Waist Implant: Sense, Bright",1
22,111110,111111,22,0,"Waist Implant: Chemical AC, Shiny",1
22,111178,111179,22,0,"Waist Implant: Body Dev, Bright",1
22,111287,111288,22,0,"Waist Implant: Max Health, Bright",1
22,111446,111447,22,0,"Right-Hand Implant: Trap Disarm, Shiny",1
22,111462,111463,22,0,"Right-Hand Implant: Sharp Obj, Bright",1
22,111484,111485,22,0,"Right-Hand Implant: Trap Disarm, Shiny",1
22,111539,111540,22,0,"Right-Hand Implant: Weapon Smt, Shiny",1
22,111547,111548,22,0,"Right-Hand Implant: Martial Arts, Shiny",2
22,111631,111632,22,0,"Right-Hand Implant: Trap Disarm, Shiny",1
22,111668,111669,22,0,"Right-Hand Implant: Martial Arts, Shiny",1
22,111702,111703,22,0,"Right-Hand Implant: MG / SMG, Bright",1
22,111726,111727,22,0,"Right-Hand Implant: Weapon Smt, Shiny",1
22,111743,111744,22,0,"Right-Hand Implant: Martial Arts, Shiny",1
22,111751,111752,22,0,"Right-Hand Implant: Martial Arts, Shiny",1
22,111832,111833,22,0,"Right-Hand Implant: Trap Disarm, Shiny",1
22,111987,111988,22,0,"Right-Hand Implant: Martial Arts, Shiny",1
22,112025,112026,22,0,"Right-Hand Implant: Pistol, Bright",1
22,112029,112030,22,0,"Right-Hand Implant: Trap Disarm, Shiny",1
22,112077,112078,22,0,"Right-Hand Implant: Trap Disarm, Shiny",1
22,112128,112129,22,0,"Right-Hand Implant: Martial Arts, Shiny",1
22,112162,112163,22,0,"Right-Hand Implant: Martial Arts, Shiny",1
22,112186,112221,22,0,"Right-Hand Implant: Trap Disarm, Shiny",1
22,112187,112188,22,0,"Right-Hand Implant: Weapon Smt, Shiny",1
22,112226,112227,22,0,"Right-Hand Implant: Martial Arts, Shiny",1
22,112276,112277,22,0,"Right-Hand Implant: Trap Disarm, Shiny",1
22,112350,112351,22,0,"Right-Hand Implant: Fast Attack, Bright",1
22,112352,112353,22,0,"Right-Hand Implant: Martial Arts, Shiny",1
22,112420,112421,22,0,"Right-Hand Implant: Weapon Smt, Shiny",1
22,112445,112446,22,0,"Right-Hand Implant: Weapon Smt, Shiny",1
22,112463,112464,22,0,"Right-Hand Implant: Fling Shot, Bright",1
22,112543,112544,22,0,"Right-Hand Implant: Weapon Smt, Shiny",1
22,112572,112573,22,0,"Right-Hand Implant: Weapon Smt, Shiny",1
22,112583,112584,22,0,"Right-Hand Implant: Weapon Smt, Shiny",1
22,112593,112594,22,0,"Right-Hand Implant: Fast Attack, Bright",1
22,112607,112608,22,0,"Right-Hand Implant: Martial Arts, Shiny",1
22,112746,112747,22,0,"Right-Hand Implant: Trap Disarm, Shiny",1
22,112817,112818,22,0,"Right-Hand Implant: Martial Arts, Shiny",1
22,112895,112896,22,0,"Right-Hand Implant: Trap Disarm, Shiny",1
22,112903,112904,22,0,"Right-Hand Implant: Sharp Obj, Bright",1
22,112988,112989,22,0,"Right-Hand Implant: Weapon Smt, Shiny",1
22,112992,112993,22,0,"Right-Hand Implant: Martial Arts, Shiny",1
22,113072,113073,22,0,"Right-Hand Implant: Martial Arts, Shiny",1
22,113088,113089,22,0,"Right-Hand Implant: Martial Arts, Shiny",1
22,113102,113103,22,0,"Right-Hand Implant: Fling Shot, Bright",1
22,113108,113109,22,0,"Right-Hand Implant: Weapon Smt, Shiny",1
22,113127,113128,22,0,"Leg Implant: Agility, Shiny",1
22,113269,113270,22,0,"Leg Implant: Swimming, Shiny",1
22,113271,113272,22,0,"Leg Implant: Swimming, Shiny",1
22,113400,113401,22,0,"Leg Implant: Imp/Proj AC, Shiny",1
22,113414,113415,22,0,"Leg Implant: Duck-Exp, Shiny",1
22,113454,113455,22,0,"Left-Hand Implant: Fast Attack, Shiny",1
22,113581,113582,22,0,"Left-Hand Implant: Fast Attack, Shiny",1
22,113595,113596,22,0,"Feet Implant: Concealment, Shiny",1
22,116800,116800,14,0,Nano Crystal (Quick Fix),1
22,116824,116824,21,0,Nano Crystal (Instill With Rage),1
22,120609,120609,1,0,Omni-Med Cloak,4
22,120628,120628,1,0,Medical Cloak,2
22,121305,121304,22,0,Information Tool - Aggressive,1
22,121306,121307,22,0,Information Tool - Level,1
22,121309,121308,22,0,Information Tool - Life and Nano Points,1
22,121348,121348,18,0,Nano Crystal (Team Skill Wrangler (Weak)),1
22,121366,121366,21,0,Nano Crystal (Skill Wrangler (Minor)),1
22,121367,121367,14,0,Nano Crystal (Skill Wrangler (Patchy)),1
22,121519,121519,17,0,Nano Crystal (Apprentice Health Haggler),1
22,121572,121573,22,0,Useless Triple-Blade,1
22,121610,121611,22,0,Refitted Polearm,1
22,121629,121630,22,0,Rusty Spiked Axe,1
22,121724,121725,22,0,Edge-Less Haxor 9922,3
22,121743,121744,22,0,Cast-Off Right Slice,2
22,121762,121763,22,0,Cast-Off Mini Axe,2
22,121876,121877,22,0,Cast-Off Plasmaprojector,4
22,121914,121915,22,0,Cast-Off Flamethrower,1
22,121933,121934,22,0,Cast-Off Gatling Saw 20k,2
22,121952,121953,22,0,Cast-Off Slank Chop,1
22,121971,121972,22,0,Edge-Less Katana,1
22,121990,121991,22,0,Cast-Off Blackened Miniblaster,1
22,122066,122067,22,0,Cast-Off Clean Slay Axe,2
22,122104,122105,22,0,Cast-Off Stabber,2
22,122180,122181,22,0,Cast-Off Megajolt,1
22,122197,122198,22,0,Ill-Treated DNA-Locked Blaster Rifle,1
22,122218,122219,22,0,Cast-Off Stigma Rifle,1
22,122256,122257,22,0,Cast-Off Eradicator XCI-52,2
22,122294,122295,22,0,Cast-Off Omni-Flamer Mk IV,1
22,122313,122314,22,0,Cast-Off Stanton Stunner IV,1
22,122332,122333,22,0,Cast-Off Minigrinner,2
22,122351,122352,22,0,Cast-Off Metaphysic Energy Shield,1
22,122370,122371,22,0,Cast-Off Energy Shield,1
22,122408,122409,22,0,Cast-Off Energy Buckler,1
22,122446,122447,22,0,Cast-Off El Dieu,1
22,122465,122466,22,0,Cast-Off El Diablo,2
22,122484,122485,22,0,Cast-Off Ingram Blaster 23-X,2
22,122503,122504,22,0,Cast-Off Biogun,2
22,122598,122599,22,0,Cast-Off Blackhole Mk IX,1
22,122617,122618,22,0,Cast-Off Aero Borealis Corona,2
22,122674,122675,22,0,Cast-Off Heavy Lead Sprayer,2
22,122712,122713,22,0,Cast-Off Kevlar Bow,1
22,122750,122751,22,0,Edge-Less Two-Handed Blackjack,1
22,122788,122789,22,0,Edge-Less Sword of Sir Galahad,1
22,122807,122808,22,0,Edge-Less Gofle-Prod,2
22,122850,122851,22,0,Cast-Off Stun-Baton,1
22,122888,122889,22,0,Cast-Off Minielectronium,1
22,122945,122946,22,0,Cast-Off Mace,3
22,122964,122965,22,0,Edge-Less Notum Staff,1
22,122983,122984,22,0,Cast-Off Kolt 58 Magnum,1
22,123002,123003,22,0,Edge-Less Notum Spear,2
22,123021,123022,22,0,Cast-Off Mini-Shotgun,2
22,123078,123079,22,0,Cast-Off Sleekblaster Major,1
22,123097,123098,22,0,Cast-Off DNA-Targeted Executioner Pistol,1
22,123133,123134,22,0,Ill-Treated Heavy Gamma-Beamer,1
22,123192,123193,22,0,Cast-Off Suppressor,1
22,123307,123308,22,0,Cast-Off Enriched Uranium Sprayer,2
22,123345,123346,22,0,Cast-Off Hand Axe,1
22,123364,123365,22,0,Cast-Off Lead Pipe,1
22,123421,123422,22,0,Cast-Off Netgun,1
22,123440,123441,22,0,Cast-Off Ultra-Light Missile Pistol Raid 9-X,1
22,123497,123498,22,0,Cast-Off IMI Desert Reet 1000,1
22,123552,123553,22,0,Irreparable Knights Inc. Special-Purpose Pistol,1
22,123571,123572,22,0,Ill-Treated OT 0220 22mm Combat Magnum,1
22,123611,123612,22,0,Cast-Off PNG M1007A1 Tactical Revolver,1
22,123630,123631,22,0,Cast-Off BBI Sigma III,1
22,123649,123650,22,0,Cast-Off Sentinels ETE Strike Gun,1
22,123668,123669,22,0,Cast-Off River MV,2
22,123687,123688,22,0,Cast-Off Seburo Bobsons,2
22,123704,123705,22,0,Rotting OT Biomag,1
22,123725,123726,22,0,Used MTI M-1 Bipower,1
22,123810,123811,22,0,MTI SW500 ,1
22,123839,123840,22,0,Zastaba Cz-200 Assault Pistol ,1
22,123846,123847,22,0,Freedom Arms Super 90 ,2
22,123868,123869,22,0,Old Atlas Bern C.V.,1
22,123879,123880,22,0,Worn BigBurger Inc.,2
22,123888,123889,22,0,HSR Arms,1
22,123893,123894,22,0,Rusty OT Backup,1
22,123904,123905,22,0,Rusty OT 0120 Machine Pistol,1
22,123911,123912,22,0,MTI SOCOM Mk IV,1
22,123928,123929,22,0,Rusty FN 7-7 Pistol,2
22,123935,123935,22,0,MTI USP 1200,1
22,123968,123970,22,0,Rusty OT Boomer M30,5
22,123976,123977,22,0,Gripo-Com AKR 1K20,2
22,123981,123982,22,0,Nomad 21.7 BMG Ranger,2
22,123984,123985,22,0,Rusty MTI-OT PF55 Flechette System,1
22,124004,124005,22,0,Rusty M150 Booster Edition,1
22,124025,124026,22,0,Battered Galahad Inc. 055,2
22,124044,124045,22,0,F.D.A. Insurgent Moth,1
22,124092,124093,22,0,Rusted AcuTek Cruncher,1
22,124110,124110,22,0,Kalo-BBI Model 56,1
22,124123,124124,22,0,ICC Arms SB21 Assault Shotgun,1
22,124185,124186,22,0,OT-Windchaser RM70,1
22,124198,124199,22,0,Worn OT-Windchaser RM70 Junior,1
22,124241,124242,22,0,Rusty OT M50 Shotgun,1
22,124258,124259,22,0,Vektor ND Shotgun,1
22,124285,124286,22,0,Rusty OT-Windchaser SM30 Shotgun,2
22,124313,124314,22,0,Rusty Ithaca Ki-8,2
22,124330,124331,22,0,Sako J-21 P-96 Response Rifle,1
22,124348,124349,22,0,Battered OT M500 SWAT Rifle,3
22,124357,124358,22,0,Flawed MTI G-90A3,1
22,124364,124365,22,0,Rusty OT Anti-Cyborg Rifle,1
22,124369,124370,22,0,Barret M-00 Anti-Material Rifle,1
22,124374,124374,22,0,BBI AS-90,1
22,124383,124384,22,0,HSR Arms F-59,1
22,124391,124392,22,0,OT Rancho Colonial Carbine,1
22,124411,124412,22,0,MTI G-70 Zaman,1
22,124424,124424,22,0,MTI B-94,1
22,124453,124454,22,0,Rusty EN-RAL,1
22,124467,124468,22,0,Gripo-Com AKMR 1K20,1
22,124484,124485,22,0,Ingram Morning Star,1
22,124512,124513,22,0,Sentinels Personal Edition,1
22,124534,124535,22,0,Sooted YES Assault 1007 Model 5,2
22,124683,124684,22,0,Cast-Off MTI MPK-22 Briefcase Gun,1
22,124704,124705,22,0,Over-Tuned Seburo C-19a,2
22,124713,124714,22,0,Cast-Off Nord Armwerk MAX,1
22,124751,124752,22,0,Cast-Off BBI WMMA CAW,1
22,124770,124771,22,0,Cast-Off OT ARL-10 Micromissile Launcher,2
22,124781,124782,22,0,Cast-Off Tsunami Raiden MP-Drum,1
22,124800,124801,22,0,Cast-Off OT M-110 Renegade SAW,1
22,124819,124820,22,0,Cast-Off OT M-70 HardRain GPMG,1
22,124893,124894,22,0,Cast-Off OT M-00 Crystal,1
22,124912,124913,22,0,Cast-Off Westinghouse IM-50 Plasma Burner,1
22,124931,124932,22,0,Cast-Off IEC Flashpoint Laser Rifle,1
22,124969,124970,22,0,Cast-Off GE XM-559 Man-Portable Laser,1
22,124988,124989,22,0,Cast-Off Reet-Tech Stryker X,1
22,125007,125008,22,0,Cast-Off Joint Clans Exocet II,2
22,125026,125027,22,0,Cast-Off Joint Clans Patriot,1
22,125045,125046,22,0,Cast-Off Reet-Tech Junior Urban Crossbow,2
22,125345,125346,22,0,Bent Protector Squibber,1
22,125402,125403,22,0,Bent Protector Executioner,1
22,125421,125422,22,0,Bent Torch,2
22,125445,125446,22,0,Tear-soaked Pillow with Important Stripes,3
22,125751,125751,17,0,Nano Crystal (Calling of Medinos),1
22,128497,128498,22,0,Uncle Bazzit Custom 22mm,1
22,128603,128604,22,0,Fragile D-nort Compact Assault Rifle,1
22,128627,128628,22,0,Rusty Ares Arms AR-90 Jet Rifle,1
22,128657,128658,22,0,Cast-off HSR Arms Tech Assault IV,1
22,128717,128718,22,0,Cast-off Galahad Inc. 077 Personal Weapon,2
22,128734,128735,22,0,1st edition Pistola Di Macchina Mini Automatico 2,1
22,128741,128742,22,0,Cast-off Galahad Inc. Tactical Machine Pistol 102,2
22,128760,128761,22,0,Cast-off Fabrique Des Armes Bizon 20-19,3
22,128784,128785,22,0,MTI MP903A3D9,1
22,128794,128795,22,0,Cast-off OT Cobra M-33,3
22,128834,128835,22,0,Battered Freedom Arms Defender,1
22,128841,128842,22,0,Cast-off OET Co. MP-21 Tactical Machine Pistol,2
22,128860,128860,22,0,Cast-off MTI MPK-22 ,1
22,128892,128893,22,0,Cast-off Steiner LM-5 Assault Laser,1
22,128916,128917,22,0,Water balloon,1
22,128921,128922,22,0,Bent Peasant Executioner,2
22,128959,128960,22,0,Edge-less Merchant Warblade,1
22,128997,128998,22,0,Edge-less Protector Warblade,1
22,129017,129018,22,0,Fast Chocolate Surprise,1
22,129028,129029,22,0,Unbalanced Sledgehammer,1
22,129047,129048,22,0,9th level Ninja Katana,1
22,129069,129070,22,0,Sparkling Breathing Space,2
22,129640,129641,22,0,Junior Wen-Wen,1
22,130003,130004,22,0,Run Speed Cluster - Faded (Leg),1
22,130053,130054,22,0,Cracked Featherwood Staff,1
22,130062,130063,22,0,Cracked Heavy Staff,1
22,130084,130085,22,0,Magical Stave of Inferno,1
22,130089,130090,22,0,Unbalanced Native Alloy Staff,1
22,130108,130109,22,0,Edge-less Notum Lever,1
22,130163,130164,22,0,Loose MTI Sword,2
22,130172,130173,22,0,Bent OT Sword,1
22,130183,130184,22,0,Whistling Hot Air Stick,1
22,130201,130202,22,0,Loose Bloodworm Carapace,1
22,130218,130218,22,0,Loose Light Spear,1
22,130247,130248,22,0,"Right-Wrist Implant: Run Speed, Shiny",1
22,130313,130314,22,0,"Right-Wrist Implant: Run Speed, Shiny",1
22,130327,130328,22,0,"Right-Wrist Implant: Run Speed, Shiny",1
22,130443,130444,22,0,"Leg Implant: Adventuring, Shiny",1
22,130447,130448,22,0,"Leg Implant: Duck-Exp, Shiny",1
22,136690,136690,14,0,Nano Crystal (Slipshod Bandaging),3
22,136701,136701,21,0,Nano Crystal (Lesser Restore to Health),4
22,142819,142820,22,0,Yadol Co Survival Knife,1
22,144067,144068,22,0,Loose Survival Axe,1
22,144103,144104,22,0,Cast-off Freedom Arms 4200,1
22,150241,150242,22,0,,2
22,150256,150257,22,0,,1
22,150306,150307,22,0,,1
22,151777,151777,21,0,,2
22,151778,151778,21,0,,3
22,151779,151779,21,0,,1
22,151780,151780,18,0,,1
22,151834,151834,14,0,,1
22,152109,152110,22,0,,1
22,152122,152123,22,0,,1
22,152187,152187,18,0,,1
22,152281,152282,22,0,,1
22,152298,154071,22,0,,2
22,152328,152329,22,0,,2
22,152388,152389,22,0,,1
22,152749,152750,22,0,,2
22,152766,152767,22,0,,2
22,153083,153084,22,0,,1
22,154069,150213,22,0,,2
22,154070,150196,22,0,,2
22,154739,154739,17,0,,1
22,155368,155368,24,0,,1
22,155391,155391,21,0,,2
22,156144,156144,17,0,,2
22,158033,158021,22,0,,2
22,158035,158034,22,0,,1
22,158045,158046,22,0,,1
22,159035,159036,22,0,,1
22,159040,159041,22,0,,1
22,159196,159197,22,0,,1
22,160216,160217,22,0,,1
22,160219,160220,22,0,,1
22,160233,160234,22,0,,1
22,160239,160240,22,0,,1
22,160242,160243,22,0,,1
22,160247,160248,22,0,,1
22,160264,160265,22,0,,3
22,160476,160477,22,0,,1
22,160485,160486,22,0,,3
22,163389,163389,24,0,,3
22,166253,166254,22,0,,1
22,166257,166258,22,0,,2
22,178182,178183,22,0,,1
22,191156,191157,22,0,,1
22,202740,202740,30,0,,2
22,202829,202829,30,0,,1
22,203122,203122,30,0,,1
22,203150,203150,31,0,,1
22,203214,203214,20,0,,2
22,203870,203870,14,0,,2
22,203977,203977,21,0,,1
22,204262,204263,22,0,,1
22,204270,204271,22,0,,1
22,205198,205198,16,0,,1
22,205224,205225,22,0,,1
22,205230,205230,15,0,,1
22,205288,205288,30,0,,1
22,206289,206290,22,0,,1
22,209283,209284,22,0,,1
22,210300,210300,20,0,,3
22,210312,210312,27,0,,1
22,210322,210322,14,0,,6
22,210356,210356,17,0,,1
22,210388,210388,21,0,,1
22,210485,210485,20,0,,3
22,210672,210672,31,0,,4
22,210735,210735,29,0,,2
22,210788,210788,22,0,,1
22,210805,210805,14,0,,4
22,211153,211153,19,0,,2
22,218744,218745,22,0,,4
22,218824,218825,22,0,,1
22,227473,227473,30,0,,6
25,23314,23316,25,0,Simple First-Aid Kit,1
25,25812,25811,25,0,Treatment Laboratory,1
25,26207,26207,27,0,Nano Crystal (Enhanced Senses),2
25,27381,27381,1,0,Omni-Med Suit Gloves,1
25,27385,27385,1,0,Omni-Med Suit Sleeves,1
25,27805,27805,24,0,Nano Crystal (Blood Circle),1
25,28744,28744,33,0,Nano Crystal (Survival Aid),2
25,28753,28753,24,0,Nano Crystal (Bind Wounds),1
25,28754,28754,27,0,Nano Crystal (Biotoxin MK I),2
25,28789,28789,30,0,Nano Crystal (Superior Healing),1
25,28795,28795,33,0,Nano Crystal (Abyssal Flames),1
25,28798,28798,33,0,Nano Crystal (Blight),1
25,28810,28810,27,0,Nano Crystal (Fire Snake),2
25,28935,28935,27,0,Nano Crystal (Give Energy: 50),3
25,28939,28939,27,0,Nano Crystal (Give Life: 50),2
25,28945,28945,17,0,Nano Crystal (Limbo Mastery),2
25,28950,28950,20,0,Nano Crystal (Muscle Stim),3
25,29333,29333,27,0,Nano Crystal (Attack Booster),2
25,29356,29356,17,0,Nano Crystal (Persistent Damage Multiplier),1
25,29358,29358,24,0,Nano Crystal (Pistol Mastery),1
25,29804,29804,27,0,Nano Crystal (Glowing Retribution),2
25,29806,29806,30,0,Nano Crystal (Headcracker),1
25,30101,30101,27,0,Nano Crystal (Anger Addlement),2
25,30759,30759,30,0,Nano Crystal (Apprentice: Mechanical Engineering),2
25,30799,30799,24,0,Nano Crystal (Sticky Ground),1
25,31422,31422,27,0,Nano Crystal (Embrace of Shadows),1
25,31499,31499,1,0,Red Cloak,1
25,31500,31500,1,0,Grey Cloak,1
25,31502,31502,1,0,Brown Cloak,2
25,31503,31503,1,0,Blue Cloak,1
25,31505,31505,1,0,Black Trenchcoat,2
25,31506,31506,1,0,Black Omni-Tek Commander Cloak,1
25,31515,31515,1,0,Red Omni-Tek Commander Cloak,3
25,31516,31516,1,0,Trenchcoat,1
25,31528,31528,1,0,Red Cloak Hood,2
25,31531,31531,1,0,Green Cloak Hood,4
25,31532,31532,1,0,Brown Cloak Hood,2
25,31533,31533,1,0,Blue Cloak Hood,2
25,31534,31534,1,0,Black Cloak Hood,1
25,32071,32071,17,0,Nano Crystal (False Profession: Adventurer),1
25,32074,32074,30,0,Nano Crystal (False Profession: Doctor),1
25,32075,32075,20,0,Nano Crystal (False Profession: Engineer),1
25,32080,32080,24,0,Nano Crystal (False Profession: Fixer),4
25,32081,32081,27,0,Nano Crystal (False Profession: Trader),1
25,32103,32103,20,0,Nano Crystal (Shadow Crown),3
25,36778,36786,25,0,4 - 7 NCU Memory,2
25,36782,36777,25,0,Belt Component Platform Ti-200X,2
25,42545,42545,17,0,Nano Crystal (Deep Slash),1
25,42546,42546,17,0,Nano Crystal (Molecule Lance),1
25,43780,43780,14,0,Nano Crystal (Summon Fury Externalization),1
25,43930,43930,20,0,Nano Crystal (Team Field Dressings),1
25,43962,43962,17,0,Nano Crystal (Lesser Nano Bandage),2
25,43963,43963,24,0,Nano Crystal (Lesser Nano Surgery),2
25,44198,44198,33,0,Nano Crystal (Cancerous Burrower),1
25,45396,45396,24,0,Nano Crystal (Chemical Burn),2
25,45398,45398,24,0,Nano Crystal (Accelerated Titanium Pellet),1
25,45399,45399,27,0,Nano Crystal (Acidic Conversion),1
25,45400,45400,30,0,Nano Crystal (Aggressive Mutagen),1
25,45951,45951,24,0,Nano Crystal (Sudden Chill),1
25,45998,45998,30,0,Nano Crystal (Condensed Halon Jet),1
25,46007,46007,24,0,Nano Crystal (Brief Poison Fog),3
25,46033,46033,20,0,Nano Crystal (Patchwork Android),1
25,46052,46052,24,0,Nano Crystal (Inferior Android),1
25,46058,46058,24,0,Nano Crystal (Lesser Android),1
25,46063,46063,20,0,Nano Crystal (Feeble Android),1
25,46425,46425,30,0,Nano Crystal (Limited Attendant-Droid),3
25,46427,46427,17,0,Nano Crystal (Limited Helper-bot),1
25,46433,46433,33,0,Nano Crystal (Faithful Attendant-Droid),2
25,46451,46451,27,0,Nano Crystal (Director-Grade Helper-Droid),1
25,46466,46466,27,0,Nano Crystal (Basic Attendant-Droid),2
25,46475,46475,20,0,Nano Crystal (Advanced Helper),2
25,49813,49813,24,0,Nano Crystal (Mighty Challenger to Cyclops),4
25,49819,49819,33,0,Nano Crystal (Challenger to Titan),1
25,55679,55678,25,0,Weapon Smithing Tutoring Device,2
25,55683,55682,25,0,Pharma Tech Tutoring Device,1
25,55692,55691,25,0,Field Quantum Physics Tutoring Device,1
25,55697,55696,25,0,Boosted Stim,1
25,55759,55759,20,0,Nano Crystal (Field of Sparks),1
25,55840,55840,17,0,Nano Crystal (Jacket of Blades),2
25,55842,55842,24,0,Nano Crystal (Enshroud with Barbs),2
25,56241,56241,17,0,Nano Crystal (Lesser Hold Victim),1
25,70253,70252,25,0,Deflection Shield,1
25,70383,70383,33,0,Nano Crystal (Deflection Shield),1
25,70389,70389,30,0,Nano Crystal (Lesser Deflection Shield (Extended)),2
25,70390,70390,24,0,Nano Crystal (Lesser Deflection Shield),1
25,70412,70412,27,0,Nano Crystal (Total Mirror Shield Mk II),3
25,70426,70426,30,0,Nano Crystal (Partial Harmonic Cocoon),1
25,70558,85640,25,0,Battered Low-Tech Armor Boots,2
25,70559,85689,25,0,Battered Low-Tech Body Armor,2
25,70560,85688,25,0,Battered Low-Tech Female Body Armor,3
25,70562,85597,25,0,Battered Low-Tech Armor Gloves,2
25,70563,85558,25,0,Battered Low-Tech Armor Helmet,2
25,70564,85515,25,0,Battered Low-Tech Armor Pants,2
25,70565,85514,25,0,Battered Low-Tech Armor Shorts,2
25,70583,70583,33,0,Nano Crystal (Basic Protective Field),1
25,70584,70584,27,0,Nano Crystal (Basic Shielding Barrier),1
25,70585,70585,20,0,Nano Crystal (Flawed Defensive Screen),1
25,70610,70609,25,0,Bird of Prey,4
25,75356,75356,33,0,Nano Crystal (Lesser Shen Protection),5
25,75369,75369,20,0,Nano Crystal (Lesser Wilderness Protection),3
25,75417,75417,20,0,Nano Crystal (Lesser Combat Barrier),1
25,78420,78420,17,0,Nano Crystal (Lesser Health Funnel),1
25,78424,78424,30,0,Nano Crystal (Advanced Health Funnel),1
25,81847,81847,20,0,Nano Crystal (Energized Fists),2
25,82065,82065,17,0,Nano Crystal (Team Restore Essence),3
25,82070,82070,20,0,Nano Crystal (Restore Essence),1
25,82077,82077,33,0,Nano Crystal (Team Survival Technique),2
25,82078,82078,17,0,Nano Crystal (Team Rough Stitching),1
25,82080,82080,27,0,Nano Crystal (Survival Technique),1
25,82838,82838,20,0,Nano Crystal (Pronouncement of Greatness),1
25,83920,83919,25,0,Aggression Enhancer,1
25,83978,83978,27,0,Nano Crystal (Gouge Eyes),1
25,85264,85264,20,0,Nano Crystal (Lesser Net Cast Wide),1
25,85274,85274,33,0,Nano Crystal (Active Distributed Entanglement),1
25,85322,85322,27,0,Nano Crystal (Lesser Delay Pursuers),1
25,85366,85367,25,0,Simple Nano Kit,1
25,85368,85369,25,0,Burst of Speed Stim,2
25,85481,85690,25,0,Battered Leather Vest,1
25,85496,85495,25,0,Inferior Titan Plasteel Armor Pants,2
25,85498,85497,25,0,Inferior Vito's Plasteel Armor Pants,1
25,85501,22343,25,0,Inferior Heated Plasteel Armor Pants,2
25,85502,22339,25,0,Recruit-Issue Omni-Pol Forest Armor Pants,2
25,85507,85506,25,0,Battered Nomad Armor Pants,4
25,85513,22313,25,0,Basic Martial Artist Suit Pants,2
25,85516,22301,25,0,Inferior Kevlar Armor Pants,3
25,85519,85518,25,0,Battered Sid's Leather Armor Pants,1
25,85521,85520,25,0,Battered Leather Armor Pants,3
25,85525,85524,25,0,Inferior Raven's Energized Armor Pants,1
25,85526,22293,25,0,Inferior Energized Armor Pants,1
25,85530,85529,25,0,Worn Bau Cyber Armor Pants,3
25,85533,85532,25,0,Battered Light Combat Armor Pants,2
25,85541,22262,25,0,Worn Steel-Ribbed Armor Helmet,2
25,85543,85542,25,0,Inferior Titan Plasteel Armor Helmet,1
25,85545,85544,25,0,Inferior Vito's Plasteel Armor Helmet,2
25,85548,22258,25,0,Inferior Heated Plasteel Armor Helmet,3
25,85549,22254,25,0,Recruit-Issue Omni-Pol Forest Armor Helmet,3
25,85551,27402,25,0,Recruit-Issue Omni-Pol Desert Armor Helmet,3
25,85557,85556,25,0,Worn Metaplast Armor Helmet,2
25,85560,85559,25,0,Battered Sid's Leather Armor Helmet,2
25,85562,85561,25,0,Battered Leather Armor Helmet,2
25,85566,85565,25,0,Inferior Raven's Energized Armor Helmet,2
25,85567,22223,25,0,Inferior Energized Armor Helmet,3
25,85571,85570,25,0,Worn Bau Cyber Armor Helmet,3
25,85572,22219,25,0,Worn Cyber Armor Helmet,1
25,85580,22212,25,0,Worn Steel-Ribbed Armor Gloves,2
25,85582,85581,25,0,Inferior Titan Plasteel Armor Gloves,4
25,85586,85585,25,0,Inferior Chilled Plasteel Armor Gloves,3
25,85587,22208,25,0,Inferior Heated Plasteel Armor Gloves,3
25,85588,22204,25,0,Recruit-Issue Omni-Pol Forest Armor Gloves,1
25,85590,27396,25,0,Recruit-Issue Omni-Pol Desert Armor Gloves,1
25,85593,85592,25,0,Battered Nomad Armor Gloves,3
25,85596,85595,25,0,Worn Metaplast Armor Gloves,1
25,85600,85599,25,0,Battered Sid's Leather Armor Gloves,3
25,85602,85601,25,0,Battered Leather Armor Gloves,3
25,85606,85605,25,0,Inferior Raven's Energized Armor Gloves,3
25,85607,22170,25,0,Inferior Energized Armor Gloves,4
25,85611,85610,25,0,Worn Bau Cyber Armor Gloves,4
25,85612,22166,25,0,Worn Cyber Armor Gloves,3
25,85620,22158,25,0,Worn Steel-Ribbed Armor Boots,1
25,85624,85623,25,0,Inferior Vito's Plasteel Armor Boots,1
25,85626,85625,25,0,Inferior Chilled Plasteel Armor Boots,2
25,85627,22154,25,0,Inferior Heated Plasteel Armor Boots,5
25,85628,22150,25,0,Recruit-Issue Omni-Pol Forest Armor Boots,2
25,85633,85632,25,0,Battered Nomad Armor Boots,3
25,85636,85635,25,0,Inferior Nail Armor Boots,1
25,85638,85637,25,0,Worn Metaplast Armor Boots,3
25,85639,22124,25,0,Basic Martial Artist Suit Boots,2
25,85643,85642,25,0,Battered Sid's Leather Armor Boots,1
25,85645,85644,25,0,Battered Leather Armor Boots,1
25,85649,85648,25,0,Inferior Raven's Energized Armor Boots,1
25,85654,85653,25,0,Worn Bau Cyber Armor Boots,2
25,85655,22104,25,0,Worn Cyber Armor Boots,1
25,85668,22080,25,0,Worn Steel-Ribbed Body Armor,3
25,85670,85669,25,0,Inferior Titan Plasteel Body Armor,2
25,85674,85673,25,0,Inferior Chilled Plasteel Body Armor,1
25,85675,22076,25,0,Inferior Heated Plasteel Body Armor,1
25,85676,22072,25,0,Recruit-Issue Omni-Pol Forest Body Armor,1
25,85678,27398,25,0,Recruit-Issue Omni-Pol Desert Body Armor,2
25,85684,85683,25,0,Inferior Nail Body Armor,3
25,85686,85685,25,0,Worn Metaplast Body Armor,2
25,85687,22046,25,0,Basic Martial Artist Suit Shirt,1
25,85691,22004,25,0,Inferior Kevlar Vest,2
25,85692,22026,25,0,Inferior Kevlar Body Armor,3
25,85693,27389,25,0,Battered Flak Body Armor,1
25,85697,85696,25,0,Battered Leather Body Armor,3
25,85701,85700,25,0,Inferior Raven's Energized Body Armor,1
25,85702,22018,25,0,Inferior Energized Body Armor,4
25,85708,85707,25,0,Worn Bau Cyber Female Body Armor,3
25,85710,85709,25,0,Worn Bau Cyber Body Armor,1
25,85711,22014,25,0,Worn Cyber Female Body Armor,1
25,85712,22010,25,0,Worn Cyber Body Armor,1
25,85714,85713,25,0,Battered Light Combat Body Armor,5
25,85723,85722,25,0,Worn Nadir Steel-Ribbed Armor Sleeves,1
25,85724,21971,25,0,Worn Steel-Ribbed Armor Sleeves,1
25,85726,85725,25,0,Inferior Titan Plasteel Armor Sleeves,5
25,85728,85727,25,0,Inferior Vito's Plasteel Armor Sleeves,2
25,85732,21963,25,0,Recruit-Issue Omni-Pol Forest Armor Sleeves,4
25,85734,27400,25,0,Recruit-Issue Omni-Pol Desert Armor Sleeves,2
25,85740,85739,25,0,Inferior Nail Armor Sleeves,1
25,85742,85741,25,0,Worn Metaplast Armor Sleeves,2
25,85743,21937,25,0,Basic Martial Artist Suit Sleeves,2
25,85745,21929,25,0,Inferior Kevlar Armor Sleeves,2
25,85746,27391,25,0,Battered Flak Armor Sleeves,2
25,85748,85747,25,0,Battered Sid's Leather Armor Sleeves,2
25,85750,85749,25,0,Battered Leather Armor Sleeves,3
25,85755,21921,25,0,Inferior Energized Armor Sleeves,1
25,85759,85758,25,0,Worn Bau Cyber Armor Sleeves,1
25,85761,85760,25,0,Battered Light Combat Armor Sleeves,4
25,85874,85874,20,0,Nano Crystal (Ransack Skills (Minor)),2
25,85907,85907,25,0,Flurry of Blows,1
25,86443,86443,1,0,Visor,1
25,87470,87470,1,0,Tattoo,1
25,87471,87471,1,0,Tattoo,2
25,87472,87472,1,0,Tattoo,1
25,87475,87475,1,0,Tattoo,2
25,87477,87477,1,0,Tattoo,2
25,87479,87479,1,0,Tattoo,1
25,88373,88374,25,0,Yatamutchy Movement Predictor -X7B,2
25,88383,88384,25,0,Trimmer - Positive Aggressive-Defensive,1
25,90407,90407,17,0,Nano Crystal (Basic Humidity Extractor),2
25,93140,93140,17,0,Nano Crystal (Limited Grid Jump),1
25,95418,95418,24,0,Nano Crystal (Ease of Execution),1
25,95453,95453,20,0,Nano Crystal (Enhance Nano Cohesion),1
25,95532,95532,30,0,Nano Crystal (Subconscious Guidance),4
25,95731,95731,24,0,Nano Crystal (Essence of Might),2
25,95737,95737,33,0,Nano Crystal (Essence of Boundless Health),2
25,95742,95742,33,0,Nano Crystal (Metabolism Booster),1
25,95748,95748,27,0,Nano Crystal (Enhance Constitution),2
25,99138,99138,30,0,Nano Crystal (Quell Anger),1
25,99217,99217,27,0,Nano Crystal (Lesser Pheromone Control),2
25,99226,99226,33,0,Nano Crystal (Bend Will),1
25,99618,99618,17,0,Nano Crystal (Unfriendly Merger),1
25,99619,99619,33,0,Nano Crystal (Strip Assets),1
25,100004,100004,1,0,"Body Tattoo, Front",2
25,100006,100006,1,0,"Body Tattoo, Back",1
25,100007,100007,1,0,"Body Tattoo, Front",1
25,100009,100009,1,0,"Body Tattoo, Back",2
25,100010,100010,1,0,"Body Tattoo, Back",1
25,100011,100011,1,0,"Body Tattoo, Front",1
25,100012,100012,1,0,Tattoo,1
25,100013,100013,1,0,Tattoo,2
25,100202,100202,17,0,Nano Crystal (Mongo Slam!),3
25,100224,100224,27,0,Nano Crystal (Aggressive Instincts),1
25,100229,100229,30,0,Nano Crystal (Enraged Mind),1
25,100452,100452,20,0,Nano Crystal (Distract with Trinkets),1
25,101125,101126,25,0,"Head Implant: Nano Resist, Shiny",1
25,101199,101200,25,0,"Right-Wrist Implant: Mult. Melee, Faded",1
25,101271,101272,25,0,"Leg Implant: Imp/Proj AC, Shiny",1
25,101311,101312,25,0,Imp/Proj AC Cluster - Bright (Chest),1
25,101313,101314,25,0,Imp/Proj AC Cluster - Shiny (Leg),1
25,101319,101320,25,0,Melee/Ma AC Cluster - Shiny (Chest),2
25,101321,101322,25,0,Energy AC Cluster - Faded (Waist),2
25,101331,101332,25,0,Chemical AC Cluster - Shiny (Waist),1
25,101335,101336,25,0,1h Blunt Cluster - Bright (Right-Wrist),3
25,101337,101338,25,0,1h Blunt Cluster - Shiny (Right-Arm),1
25,101343,101344,25,0,1h Edged Weapon Cluster - Shiny (Right-Arm),1
25,101347,101348,25,0,Melee Ener Cluster - Bright (Left-Wrist),1
25,101353,101354,25,0,2h Edged Cluster - Bright (Left-Arm),1
25,101357,101358,25,0,Piercing Cluster - Faded (Waist),2
25,101359,101360,25,0,Piercing Cluster - Bright (Left-Arm),1
25,101361,101362,25,0,Piercing Cluster - Shiny (Right-Arm),1
25,101363,101364,25,0,2h Blunt Cluster - Faded (Chest),3
25,101365,101366,25,0,2h Blunt Cluster - Bright (Left-Arm),1
25,101369,101370,25,0,Sharp Obj Cluster - Faded (Eye),1
25,101374,101375,25,0,Radiation AC Cluster - Shiny (Waist),3
25,101384,101385,25,0,Nano Resist Cluster - Bright (Right-Wrist),1
25,101386,101387,25,0,Nano Resist Cluster - Shiny (Head),2
25,101390,101391,25,0,Fire AC Cluster - Bright (Left-Hand),1
25,101392,101393,25,0,Fire AC Cluster - Shiny (Waist),1
25,101396,101397,25,0,Martial Arts Cluster - Bright (Feet),1
25,101400,101401,25,0,Mult. Melee Cluster - Faded (Right-Wrist),1
25,101408,101409,25,0,Matter Crea Cluster - Faded (Eye),1
25,101412,101413,25,0,Matter Crea Cluster - Shiny (Head),1
25,101416,101417,25,0,Time & Space Cluster - Bright (Right-Hand),1
25,101420,101421,25,0,Nano Pool Cluster - Faded (Waist),2
25,101425,101426,25,0,Sharp Obj Cluster - Bright (Right-Hand),1
25,101429,101430,25,0,Grenade Cluster - Faded (Right-Hand),2
25,101433,101434,25,0,Grenade Cluster - Shiny (Right-Arm),1
25,101437,101438,25,0,Heavy Weapons Cluster - Bright (Eye),3
25,101439,101440,25,0,Heavy Weapons Cluster - Shiny (Right-Arm),1
25,101441,101442,25,0,Bow Cluster - Faded (Eye),2
25,101443,101444,25,0,Bow Cluster - Bright (Left-Arm),2
25,101445,101446,25,0,Bow Cluster - Shiny (Right-Arm),1
25,101447,101448,25,0,Pistol Cluster - Faded (Eye),1
25,101459,101460,25,0,MG / SMG Cluster - Faded (Chest),1
25,101473,101474,25,0,Assault Rif Cluster - Bright (Right-Hand),1
25,101477,101478,25,0,Vehicle Hydr Cluster - Faded (Ear),4
25,101479,101480,25,0,Vehicle Hydr Cluster - Bright (Eye),1
25,101485,101486,25,0,Melee. Init Cluster - Bright (Leg),1
25,101489,101490,25,0,Ranged. Init Cluster - Faded (Right-Hand),1
25,101503,101504,25,0,Bow Spc Att Cluster - Bright (Right-Hand),2
25,101505,101506,25,0,Bow Spc Att Cluster - Shiny (Head),2
25,101507,101508,25,0,Sensory Impr Cluster - Faded (Chest),1
25,101511,101512,25,0,Sensory Impr Cluster - Shiny (Head),1
25,101513,101514,25,0,First Aid Cluster - Faded (Left-Hand),1
25,101517,101518,25,0,First Aid Cluster - Shiny (Head),1
25,101519,101520,25,0,Treatment Cluster - Faded (Right-Hand),1
25,101529,101530,25,0,Mech. Engi Cluster - Shiny (Head),1
25,101531,101532,25,0,Elec. Engi Cluster - Faded (Right-Hand),1
25,101535,101536,25,0,Elec. Engi Cluster - Shiny (Eye),3
25,101541,101542,25,0,Matt.Metam Cluster - Shiny (Head),1
25,101543,101544,25,0,Bio.Metamor Cluster - Faded (Waist),1
25,101545,101546,25,0,Bio.Metamor Cluster - Bright (Chest),1
25,101553,101407,25,0,Psycho Modi Cluster - Shiny (Head),2
25,101555,101556,25,0,Ranged Ener Cluster - Faded (Left-Hand),1
25,101557,101558,25,0,Ranged Ener Cluster - Bright (Eye),1
25,101561,101562,25,0,Multi Ranged Cluster - Faded (Eye),1
25,101565,101566,25,0,Multi Ranged Cluster - Shiny (Left-Wrist),2
25,101567,101568,25,0,Trap Disarm Cluster - Faded (Head),1
25,101569,101570,25,0,Trap Disarm Cluster - Bright (Left-Hand),2
25,101579,101580,25,0,Adventuring Cluster - Faded (Chest),1
25,101583,101584,25,0,Adventuring Cluster - Shiny (Leg),1
25,101593,101594,25,0,Vehicle Air Cluster - Bright (Ear),1
25,101605,101606,25,0,Tutoring Cluster - Bright (Ear),1
25,101607,101608,25,0,Tutoring Cluster - Shiny (Eye),1
25,101613,101614,25,0,Brawling Cluster - Shiny (Left-Arm),1
25,101619,101620,25,0,Riposte Cluster - Shiny (Right-Wrist),1
25,101623,101624,25,0,Dimach Cluster - Bright (Head),1
25,101629,101630,25,0,Parry Cluster - Bright (Left-Wrist),1
25,101631,101632,25,0,Parry Cluster - Shiny (Right-Wrist),2
25,101633,101634,25,0,Sneak Atck Cluster - Faded (Eye),1
25,101635,101636,25,0,Sneak Atck Cluster - Bright (Right-Wrist),1
25,101643,101644,25,0,Fast Attack Cluster - Shiny (Left-Hand),1
25,101647,101648,25,0,NanoC. Init Cluster - Bright (Eye),1
25,101649,101650,25,0,NanoC. Init Cluster - Shiny (Head),1
25,101651,101652,25,0,Fling Shot Cluster - Faded (Right-Wrist),1
25,101653,101654,25,0,Fling Shot Cluster - Bright (Right-Hand),2
25,101671,101672,25,0,Duck-Exp Cluster - Bright (Waist),1
25,101675,101676,25,0,Dodge-Rng Cluster - Faded (Waist),1
25,101677,101678,25,0,Dodge-Rng Cluster - Bright (Feet),2
25,101679,101680,25,0,Dodge-Rng Cluster - Shiny (Leg),1
25,101683,101684,25,0,Evade-ClsC Cluster - Bright (Leg),2
25,101691,101692,25,0,Quantum FT Cluster - Shiny (Head),1
25,101705,101706,25,0,Nano Progra Cluster - Faded (Right-Hand),1
25,101709,101710,25,0,Nano Progra Cluster - Shiny (Head),1
25,101711,101712,25,0,Comp. Liter Cluster - Faded (Right-Hand),1
25,101715,101716,25,0,Comp. Liter Cluster - Shiny (Head),1
25,101717,101718,25,0,Psychology Cluster - Faded (Eye),1
25,101719,101720,25,0,Psychology Cluster - Bright (Ear),1
25,101729,101730,25,0,Concealment Cluster - Faded (Eye),1
25,101731,101732,25,0,Concealment Cluster - Bright (Ear),2
25,101733,101734,25,0,Concealment Cluster - Shiny (Feet),2
25,101737,101738,25,0,Break & Entry Cluster - Bright (Left-Arm),1
25,101743,101744,25,0,Vehicle Grnd Cluster - Bright (Eye),1
25,101749,101750,25,0,Full Auto Cluster - Bright (Right-Wrist),2
25,101753,101754,25,0,Burst Cluster - Faded (Right-Hand),1
25,101755,101756,25,0,Burst Cluster - Bright (Right-Wrist),1
25,101757,101758,25,0,Burst Cluster - Shiny (Right-Arm),1
25,101771,101772,25,0,Strength Cluster - Faded (Chest),2
25,101773,101774,25,0,Strength Cluster - Bright (Left-Arm),1
25,101777,101778,25,0,Agility Cluster - Faded (Waist),1
25,101783,101784,25,0,Stamina Cluster - Faded (Waist),1
25,101785,101786,25,0,Stamina Cluster - Bright (Leg),1
25,101787,101788,25,0,Stamina Cluster - Shiny (Chest),1
25,101789,101790,25,0,Intelligence Cluster - Faded (Ear),2
25,101791,101792,25,0,Intelligence Cluster - Bright (Eye),2
25,101793,101794,25,0,Intelligence Cluster - Shiny (Head),1
25,101797,101798,25,0,Sense Cluster - Bright (Waist),2
25,101799,101800,25,0,Sense Cluster - Shiny (Chest),1
25,101801,101802,25,0,Psychic Cluster - Faded (Ear),2
25,101803,101804,25,0,Psychic Cluster - Bright (Chest),1
25,101807,101808,25,0,Max Health Cluster - Faded (Leg),1
25,101811,101812,25,0,Max Health Cluster - Shiny (Chest),1
25,101815,101816,25,0,Max Nano Cluster - Bright (Waist),2
25,101847,101848,25,0,"Eye Implant: Tutoring, Shiny",2
25,102110,102111,25,0,"Eye Implant: Elec. Engi, Shiny",1
25,102210,102211,25,0,"Eye Implant: Rifle, Shiny",1
25,102220,102221,25,0,"Eye Implant: Map Navig, Shiny",1
25,102336,102337,25,0,"Eye Implant: Rifle, Shiny",1
25,102512,102513,25,0,"Eye Implant: Elec. Engi, Shiny",1
25,102549,102550,25,0,"Eye Implant: Map Navig, Shiny",1
25,102569,102570,25,0,"Eye Implant: Tutoring, Shiny",1
25,102623,102624,25,0,"Eye Implant: Aimed Shot, Shiny",1
25,102669,102670,25,0,"Eye Implant: Aimed Shot, Shiny",1
25,102681,102682,25,0,"Eye Implant: Tutoring, Shiny",1
25,102761,102762,25,0,"Eye Implant: Vehicle Air, Shiny",1
25,102765,102766,25,0,"Eye Implant: Tutoring, Shiny",1
25,102769,102770,25,0,"Eye Implant: Quantum FT, Bright",1
25,102844,102845,25,0,"Eye Implant: Elec. Engi, Shiny",1
25,102852,102853,25,0,"Eye Implant: Rifle, Shiny",1
25,102854,102855,25,0,"Eye Implant: Rifle, Shiny",1
25,102931,102932,25,0,"Eye Implant: Map Navig, Shiny",1
25,102941,102942,25,0,"Eye Implant: Elec. Engi, Shiny",1
25,102984,102985,25,0,"Eye Implant: Tutoring, Shiny",1
25,102992,102993,25,0,"Eye Implant: Elec. Engi, Shiny",1
25,103075,103152,25,0,"Eye Implant: Map Navig, Shiny",1
25,103084,103085,25,0,"Eye Implant: Rifle, Shiny",1
25,103229,103230,25,0,"Eye Implant: Aimed Shot, Shiny",1
25,103316,103317,25,0,"Eye Implant: Rifle, Shiny",1
25,103332,103333,25,0,"Eye Implant: Aimed Shot, Shiny",1
25,103334,103335,25,0,"Eye Implant: Pharma Tech, Bright",1
25,103419,103420,25,0,"Eye Implant: Comp. Liter, Bright",1
25,103455,103513,25,0,"Eye Implant: Vehicle Hydr, Bright",1
25,103500,103501,25,0,"Eye Implant: Rifle, Shiny",1
25,103508,103509,25,0,"Eye Implant: Tutoring, Shiny",1
25,103512,103722,25,0,"Eye Implant: Vehicle Hydr, Bright",1
25,103540,103541,25,0,"Eye Implant: Treatment, Bright",1
25,103554,103555,25,0,"Eye Implant: Mech. Engi, Bright",1
25,103570,103571,25,0,"Eye Implant: Rifle, Shiny",1
25,103600,103601,25,0,"Eye Implant: Elec. Engi, Shiny",2
25,103631,103632,25,0,"Eye Implant: Aimed Shot, Shiny",1
25,103671,103672,25,0,"Eye Implant: Tutoring, Shiny",1
25,103689,103690,25,0,"Eye Implant: Intelligence, Bright",1
25,103709,103710,25,0,"Eye Implant: Rifle, Shiny",1
25,103797,103798,25,0,"Eye Implant: Vehicle Air, Shiny",1
25,103809,103810,25,0,"Eye Implant: Elec. Engi, Shiny",1
25,103863,103864,25,0,"Eye Implant: Rifle, Shiny",1
25,103902,103903,25,0,"Eye Implant: Elec. Engi, Shiny",1
25,103930,103893,25,0,"Eye Implant: Map Navig, Shiny",1
25,104117,104118,25,0,"Eye Implant: Elec. Engi, Shiny",1
25,104119,104120,25,0,"Eye Implant: Vehicle Air, Shiny",1
25,104157,104158,25,0,"Eye Implant: Rifle, Shiny",1
25,104295,104296,25,0,"Eye Implant: Mech. Engi, Bright",1
25,104311,104312,25,0,"Eye Implant: Rifle, Shiny",1
25,104358,104359,25,0,"Eye Implant: Aimed Shot, Shiny",1
25,104360,104361,25,0,"Eye Implant: Pharma Tech, Bright",1
25,104506,104507,25,0,"Eye Implant: Intelligence, Bright",1
25,104514,104515,25,0,"Eye Implant: Map Navig, Shiny",1
25,104689,104690,25,0,"Eye Implant: Vehicle Air, Shiny",1
25,104822,104823,25,0,"Eye Implant: Psycho Modi, Bright",1
25,104832,104833,25,0,"Eye Implant: Tutoring, Shiny",1
25,104836,104837,25,0,"Eye Implant: Ranged Ener, Bright",1
25,104888,104889,25,0,"Eye Implant: Tutoring, Shiny",1
25,104948,104949,25,0,"Eye Implant: Elec. Engi, Shiny",1
25,104962,104963,25,0,"Eye Implant: Elec. Engi, Shiny",1
25,105019,105020,25,0,"Head Implant: Matt.Metam, Shiny",1
25,105023,105024,25,0,"Head Implant: Bio.Metamor, Shiny",1
25,105027,105028,25,0,"Head Implant: Bio.Metamor, Shiny",1
25,105045,105046,25,0,"Head Implant: Vehicle Hydr, Shiny",2
25,105054,105055,25,0,"Head Implant: Treatment, Shiny",1
25,105066,105067,25,0,"Head Implant: Mech. Engi, Shiny",1
25,105094,105095,25,0,"Head Implant: Chemistry, Shiny",1
25,105123,105124,25,0,"Head Implant: Time & Space, Shiny",1
25,105139,105140,25,0,"Head Implant: NanoC. Init, Shiny",1
25,105211,105212,25,0,"Head Implant: Bow Spc Att, Shiny",1
25,105255,105256,25,0,"Head Implant: NanoC. Init, Shiny",1
25,105323,105324,25,0,"Head Implant: Sensory Impr, Shiny",1
25,105327,105328,25,0,"Head Implant: First Aid, Shiny",1
25,105345,105346,25,0,"Head Implant: Bio.Metamor, Shiny",1
25,105386,105387,25,0,"Head Implant: Psychic, Shiny",1
25,105388,105389,25,0,"Head Implant: Max Nano, Shiny",1
25,105441,105442,25,0,"Head Implant: Treatment, Shiny",1
25,105547,105548,25,0,"Head Implant: Treatment, Shiny",1
25,105633,105634,25,0,"Head Implant: Nano Resist, Shiny",1
25,105669,105670,25,0,"Head Implant: Bio.Metamor, Shiny",1
25,105705,105706,25,0,"Head Implant: Comp. Liter, Shiny",1
25,105793,105794,25,0,"Head Implant: Ranged Ener, Shiny",1
25,105843,105844,25,0,"Head Implant: Vehicle Grnd, Shiny",2
25,105937,105938,25,0,"Head Implant: Psychology, Shiny",1
25,105951,105952,25,0,"Head Implant: Map Navig, Bright",1
25,105957,105958,25,0,"Head Implant: Vehicle Hydr, Shiny",1
25,106007,106008,25,0,"Head Implant: Nano Resist, Shiny",1
25,106011,106012,25,0,"Head Implant: Vehicle Hydr, Shiny",1
25,106242,106243,25,0,"Head Implant: Matt.Metam, Shiny",1
25,106248,106249,25,0,"Head Implant: Bio.Metamor, Shiny",1
25,106250,106251,25,0,"Head Implant: Psycho Modi, Shiny",1
25,106285,106286,25,0,"Head Implant: Sensory Impr, Shiny",1
25,106293,106294,25,0,"Head Implant: Matt.Metam, Shiny",1
25,106323,106324,25,0,"Head Implant: First Aid, Shiny",1
25,106347,106348,25,0,"Head Implant: Matt.Metam, Shiny",2
25,106395,106396,25,0,"Head Implant: First Aid, Shiny",1
25,106423,106424,25,0,"Head Implant: Psychology, Shiny",1
25,106507,106508,25,0,"Head Implant: Mech. Engi, Shiny",1
25,106560,106561,25,0,"Head Implant: Matter Crea, Shiny",2
25,106580,106581,25,0,"Head Implant: Elec. Engi, Bright",1
25,106641,106642,25,0,"Head Implant: Chemistry, Shiny",1
25,106675,106676,25,0,"Head Implant: Psycho Modi, Shiny",1
25,106759,106760,25,0,"Head Implant: Mech. Engi, Shiny",1
25,106797,106798,25,0,"Head Implant: Nano Progra, Shiny",1
25,106803,106804,25,0,"Head Implant: Chemistry, Shiny",1
25,106924,106925,25,0,"Head Implant: Nano Progra, Shiny",1
25,107027,107028,25,0,"Head Implant: Psychic, Shiny",1
25,107043,107044,25,0,"Head Implant: First Aid, Shiny",1
25,107147,107148,25,0,"Head Implant: Vehicle Grnd, Shiny",1
25,107181,107182,25,0,"Head Implant: Matter Crea, Shiny",1
25,107203,107263,25,0,"Head Implant: Sensory Impr, Shiny",1
25,107359,107360,25,0,"Ear Implant: Tutoring, Bright",1
25,107564,107565,25,0,"Right-Arm Implant: 2h Blunt, Shiny",1
25,107639,107640,25,0,"Right-Arm Implant: 2h Edged, Shiny",1
25,107941,107942,25,0,"Right-Arm Implant: Piercing, Shiny",1
25,107943,107944,25,0,"Right-Arm Implant: 2h Blunt, Shiny",1
25,107987,108005,25,0,"Right-Arm Implant: Shotgun, Shiny",2
25,107993,107994,25,0,"Right-Arm Implant: Grenade, Shiny",1
25,108024,108025,25,0,"Right-Arm Implant: 2h Edged, Shiny",1
25,108046,108047,25,0,"Right-Arm Implant: Full Auto, Shiny",1
25,108066,108067,25,0,"Right-Arm Implant: 2h Edged, Shiny",1
25,108085,108086,25,0,"Right-Arm Implant: Fling Shot, Shiny",1
25,108089,108090,25,0,"Right-Arm Implant: Break & Entry, Shiny",1
25,108210,108211,25,0,"Right-Arm Implant: Strength, Shiny",1
25,108222,108223,25,0,"Right-Arm Implant: 1h Edged Weapon, Shiny",1
25,108228,108229,25,0,"Right-Arm Implant: Piercing, Shiny",1
25,108298,108299,25,0,"Right-Arm Implant: MG / SMG, Shiny",1
25,108320,108321,25,0,"Right-Arm Implant: 2h Edged, Shiny",1
25,108438,108439,25,0,"Chest Implant: Bio.Metamor, Bright",1
25,108444,108445,25,0,"Chest Implant: Melee/Ma AC, Shiny",1
25,108532,108533,25,0,"Chest Implant: Body Dev, Shiny",1
25,108550,108551,25,0,"Chest Implant: Melee/Ma AC, Shiny",1
25,108644,108645,25,0,"Chest Implant: Energy AC, Shiny",1
25,108728,108729,25,0,"Chest Implant: Imp/Proj AC, Bright",1
25,108768,108769,25,0,"Chest Implant: Nano Pool, Shiny",1
25,108948,108949,25,0,"Chest Implant: Nano Pool, Shiny",1
25,108954,108955,25,0,"Chest Implant: Stamina, Shiny",1
25,108956,108957,25,0,"Chest Implant: Sense, Shiny",1
25,109132,109133,25,0,"Chest Implant: Body Dev, Shiny",1
25,109148,109149,25,0,"Chest Implant: Dimach, Shiny",1
25,109182,109183,25,0,"Chest Implant: Stamina, Shiny",1
25,109230,109231,25,0,"Chest Implant: Bio.Metamor, Bright",1
25,109289,109290,25,0,"Left-Arm Implant: Brawling, Shiny",1
25,109337,109338,25,0,"Left-Arm Implant: 2h Edged, Bright",1
25,109380,109381,25,0,"Left-Arm Implant: Radiation AC, Bright",1
25,109413,109414,25,0,"Right-Wrist Implant: Pistol, Shiny",1
25,109421,109422,25,0,"Left-Arm Implant: Brawling, Shiny",1
25,109434,109435,25,0,"Right-Wrist Implant: Parry, Shiny",1
25,109457,109458,25,0,"Right-Wrist Implant: Pistol, Shiny",1
25,109500,109501,25,0,"Right-Wrist Implant: Parry, Shiny",1
25,109510,109511,25,0,"Right-Wrist Implant: Sharp Obj, Shiny",1
25,109532,109533,25,0,"Right-Wrist Implant: Multi Ranged, Bright",1
25,109602,109603,25,0,"Right-Wrist Implant: Sharp Obj, Shiny",1
25,109652,109653,25,0,"Right-Wrist Implant: Parry, Shiny",2
25,109740,109741,25,0,"Right-Wrist Implant: Multi Ranged, Bright",1
25,109772,109773,25,0,"Right-Wrist Implant: Ranged. Init, Shiny",1
25,109838,109839,25,0,"Right-Wrist Implant: Ranged. Init, Shiny",1
25,110040,110041,25,0,"Right-Wrist Implant: Pistol, Shiny",1
25,110084,110085,25,0,"Right-Wrist Implant: Riposte, Shiny",1
25,110150,110151,25,0,"Waist Implant: Body Dev, Bright",1
25,110158,110159,25,0,"Waist Implant: Radiation AC, Shiny",1
25,110288,110163,25,0,"Waist Implant: Melee/Ma AC, Bright",1
25,110298,110299,25,0,"Waist Implant: Body Dev, Bright",1
25,110302,110303,25,0,"Waist Implant: Radiation AC, Shiny",1
25,110314,110315,25,0,"Waist Implant: Cold AC, Shiny",1
25,110458,110459,25,0,"Waist Implant: Body Dev, Bright",1
25,110590,110591,25,0,"Waist Implant: Fire AC, Shiny",1
25,110626,110627,25,0,"Waist Implant: Melee/Ma AC, Bright",1
25,110630,110559,25,0,"Waist Implant: Chemical AC, Shiny",1
25,110804,110805,25,0,"Waist Implant: Radiation AC, Shiny",1
25,110838,110839,25,0,"Waist Implant: Fire AC, Shiny",1
25,110842,110843,25,0,"Waist Implant: Chemical AC, Shiny",1
25,110850,110851,25,0,"Waist Implant: Duck-Exp, Bright",1
25,110886,110887,25,0,"Waist Implant: Fire AC, Shiny",1
25,110896,110897,25,0,"Waist Implant: Fire AC, Shiny",1
25,110912,110913,25,0,"Waist Implant: Chemical AC, Shiny",1
25,110958,110959,25,0,"Waist Implant: Sense, Bright",1
25,110988,110989,25,0,"Waist Implant: Cold AC, Shiny",1
25,111042,111043,25,0,"Waist Implant: Dodge-Rng, Faded",1
25,111078,111079,25,0,"Waist Implant: Cold AC, Shiny",1
25,111158,111159,25,0,"Waist Implant: Radiation AC, Shiny",1
25,111211,111212,25,0,"Waist Implant: Radiation AC, Shiny",1
25,111215,111216,25,0,"Waist Implant: Fire AC, Shiny",1
25,111323,111324,25,0,"Waist Implant: Fire AC, Shiny",1
25,111333,111334,25,0,"Waist Implant: Cold AC, Shiny",1
25,111343,111344,25,0,"Waist Implant: Cold AC, Shiny",1
25,111416,111417,25,0,"Left-Wrist Implant: Parry, Bright",1
25,111539,111540,25,0,"Right-Hand Implant: Weapon Smt, Shiny",1
25,111600,111601,25,0,"Right-Hand Implant: Weapon Smt, Shiny",1
25,111611,111612,25,0,"Right-Hand Implant: Martial Arts, Shiny",1
25,111736,111737,25,0,"Right-Hand Implant: First Aid, Bright",1
25,111738,111739,25,0,"Right-Hand Implant: Martial Arts, Shiny",1
25,111761,111762,25,0,"Right-Hand Implant: Martial Arts, Shiny",1
25,111826,111827,25,0,"Right-Hand Implant: Trap Disarm, Shiny",1
25,111945,111946,25,0,"Right-Hand Implant: Weapon Smt, Shiny",1
25,111978,111979,25,0,"Right-Hand Implant: First Aid, Bright",1
25,112162,112163,25,0,"Right-Hand Implant: Martial Arts, Shiny",1
25,112209,112210,25,0,"Right-Hand Implant: Trap Disarm, Shiny",1
25,112234,112235,25,0,"Right-Hand Implant: Martial Arts, Shiny",1
25,112388,112389,25,0,"Right-Hand Implant: Weapon Smt, Shiny",1
25,112410,112411,25,0,"Right-Hand Implant: Trap Disarm, Shiny",1
25,112416,112417,25,0,"Right-Hand Implant: Martial Arts, Shiny",1
25,112467,112468,25,0,"Right-Hand Implant: Trap Disarm, Shiny",1
25,112481,112482,25,0,"Right-Hand Implant: Trap Disarm, Shiny",1
25,112491,112492,25,0,"Right-Hand Implant: Trap Disarm, Shiny",1
25,112522,112523,25,0,"Right-Hand Implant: Trap Disarm, Shiny",1
25,112531,112532,25,0,"Right-Hand Implant: Martial Arts, Shiny",1
25,112550,112551,25,0,"Right-Hand Implant: Fling Shot, Bright",1
25,112597,112598,25,0,"Right-Hand Implant: Bow Spc Att, Bright",1
25,112636,112637,25,0,"Right-Hand Implant: Trap Disarm, Shiny",1
25,112738,112739,25,0,"Right-Hand Implant: Trap Disarm, Shiny",1
25,112821,112822,25,0,"Right-Hand Implant: Weapon Smt, Shiny",1
25,112833,112834,25,0,"Right-Hand Implant: Martial Arts, Shiny",1
25,112849,112850,25,0,"Right-Hand Implant: Martial Arts, Shiny",1
25,112970,112971,25,0,"Leg Implant: Adventuring, Shiny",1
25,113066,113067,25,0,"Right-Hand Implant: Trap Disarm, Shiny",1
25,113070,113071,25,0,"Right-Hand Implant: First Aid, Bright",1
25,113214,113215,25,0,"Leg Implant: Agility, Shiny",1
25,113218,113219,25,0,"Leg Implant: Melee. Init, Bright",1
25,113225,113226,25,0,"Leg Implant: Agility, Shiny",1
25,113291,113292,25,0,"Leg Implant: Imp/Proj AC, Shiny",1
25,113321,113322,25,0,"Leg Implant: Adventuring, Shiny",1
25,113329,113330,25,0,"Leg Implant: Agility, Shiny",1
25,113489,113490,25,0,"Leg Implant: Dodge-Rng, Shiny",1
25,113591,113592,25,0,"Feet Implant: Evade-ClsC, Shiny",1
25,118255,118255,31,0,Nano Crystal (Elementary Delayed Health Payment),1
25,120573,142656,25,0,Senpai Tertius Decus Armor Helmet,3
25,120609,120609,1,0,Omni-Med Cloak,2
25,121305,121304,25,0,Information Tool - Aggressive,3
25,121306,121307,25,0,Information Tool - Level,1
25,121348,121348,18,0,Nano Crystal (Team Skill Wrangler (Weak)),1
25,121351,121351,27,0,Nano Crystal (Team Skill Wrangler (Patchy)),2
25,121511,121511,27,0,Nano Crystal (Practiced Health Haggler),2
25,121519,121519,17,0,Nano Crystal (Apprentice Health Haggler),1
25,121520,121520,34,0,Nano Crystal (Capable Health Haggler),1
25,121574,121575,25,0,Rusty Tripler,1
25,121612,121613,25,0,Training Bladestaff,1
25,121650,121651,25,0,Long-Axe Hyper 200x,1
25,121686,121687,25,0,Rusty Bolter 42mm,1
25,121724,121725,25,0,Edge-Less Haxor 9922,1
25,121743,121744,25,0,Cast-Off Right Slice,3
25,121762,121763,25,0,Cast-Off Mini Axe,5
25,121819,121820,25,0,Cast-Off Sleekblaster Minor,1
25,121838,121839,25,0,Cast-Off Sleekblaster,1
25,121857,121858,25,0,Cast-Off Chunkprojector,1
25,121876,121877,25,0,Cast-Off Plasmaprojector,1
25,121895,121896,25,0,Cast-Off Heavy Grinner,1
25,122009,122010,25,0,Cast-Off Blackened Blaster,1
25,122028,122029,25,0,Cast-Off Triplejolt,1
25,122123,122124,25,0,Cast-Off E-Beamer,1
25,122142,122143,25,0,Cast-Off Cutlass,1
25,122161,122162,25,0,Edge-Less E-Blade,1
25,122180,122181,25,0,Cast-Off Megajolt,2
25,122218,122219,25,0,Cast-Off Stigma Rifle,1
25,122256,122257,25,0,Cast-Off Eradicator XCI-52,1
25,122313,122314,25,0,Cast-Off Stanton Stunner IV,2
25,122332,122333,25,0,Cast-Off Minigrinner,1
25,122351,122352,25,0,Cast-Off Metaphysic Energy Shield,2
25,122389,122390,25,0,Cast-Off Esoteric Energy Buckler,1
25,122408,122409,25,0,Cast-Off Energy Buckler,1
25,122427,122428,25,0,Cast-Off Mausser Particle Streamer,1
25,122446,122447,25,0,Cast-Off El Dieu,1
25,122465,122466,25,0,Cast-Off El Diablo,1
25,122484,122485,25,0,Cast-Off Ingram Blaster 23-X,1
25,122503,122504,25,0,Cast-Off Biogun,1
25,122598,122599,25,0,Cast-Off Blackhole Mk IX,2
25,122617,122618,25,0,Cast-Off Aero Borealis Corona,4
25,122655,122656,25,0,Cast-Off Silver Miniblaster,1
25,122731,122732,25,0,Cast-Off Blackjack,2
25,122750,122751,25,0,Edge-Less Two-Handed Blackjack,1
25,122769,122770,25,0,Cast-Off Bow-Blaster,2
25,122788,122789,25,0,Edge-Less Sword of Sir Galahad,2
25,122807,122808,25,0,Edge-Less Gofle-Prod,1
25,122826,122827,25,0,Chair,2
25,122831,122832,25,0,Cast-Off Titanium Crowbar,1
25,122907,122908,25,0,Edge-Less Support Beam,1
25,122926,122927,25,0,Edge-Less Blackjohn,1
25,122945,122946,25,0,Cast-Off Mace,1
25,122983,122984,25,0,Cast-Off Kolt 58 Magnum,1
25,123040,123041,25,0,Cast-Off Medium Shotgun,1
25,123078,123079,25,0,Cast-Off Sleekblaster Major,1
25,123097,123098,25,0,Cast-Off DNA-Targeted Executioner Pistol,1
25,123173,123174,25,0,Cast-Off Electron-Charged Pistol,2
25,123267,123268,25,0,Ill-Treated Nova Flow - Mk IV,1
25,123307,123308,25,0,Cast-Off Enriched Uranium Sprayer,1
25,123345,123346,25,0,Cast-Off Hand Axe,3
25,123364,123365,25,0,Cast-Off Lead Pipe,1
25,123440,123441,25,0,Cast-Off Ultra-Light Missile Pistol Raid 9-X,1
25,123459,123460,25,0,Cast-Off OT Boomer+.90AE,1
25,123478,123479,25,0,Cast-Off MTI USP 21,2
25,123497,123498,25,0,Cast-Off IMI Desert Reet 1000,2
25,123590,123591,25,0,Ill-Treated Sentinel 20mm Snub Pistol,1
25,123611,123612,25,0,Cast-Off PNG M1007A1 Tactical Revolver,2
25,123630,123631,25,0,Cast-Off BBI Sigma III,3
25,123649,123650,25,0,Cast-Off Sentinels ETE Strike Gun,2
25,123668,123669,25,0,Cast-Off River MV,1
25,123687,123688,25,0,Cast-Off Seburo Bobsons,3
25,123704,123705,25,0,Rotting OT Biomag,4
25,123746,123747,25,0,OT M-10 Flechette Pistol,3
25,123765,123765,25,0,Polizziotto M201,2
25,123839,123840,25,0,Zastaba Cz-200 Assault Pistol ,2
25,123855,123856,25,0,Second-Hand Old English Trading Co.,4
25,123868,123869,25,0,Old Atlas Bern C.V.,1
25,123879,123880,25,0,Worn BigBurger Inc.,1
25,123895,123896,25,0,Shortened OT Backup,1
25,123911,123912,25,0,MTI SOCOM Mk IV,2
25,123928,123929,25,0,Rusty FN 7-7 Pistol,1
25,123935,123936,25,0,MTI USP 1200,1
25,123946,123947,25,0,Galahad Inc T70 Salamanca,1
25,123968,123970,25,0,Rusty OT Boomer M30,3
25,123976,123977,25,0,Gripo-Com AKR 1K20,1
25,123981,123982,25,0,Nomad 21.7 BMG Ranger,1
25,124004,124005,25,0,Rusty M150 Booster Edition,1
25,124018,124019,25,0,Sig SG 992 SWAT Edition 2,1
25,124070,124071,25,0,M52A Pulse Rifle,1
25,124074,124074,25,0,Rusty BBI PS500,1
25,124101,124102,25,0,O.E.T. Co. C70 Brigand,1
25,124110,124111,25,0,Kalo-BBI Model 56,1
25,124123,124124,25,0,ICC Arms SB21 Assault Shotgun,1
25,124185,124186,25,0,OT-Windchaser RM70,1
25,124198,124199,25,0,Worn OT-Windchaser RM70 Junior,2
25,124219,124220,25,0,Galahad Inc. Scout,1
25,124258,124259,25,0,Vektor ND Shotgun,2
25,124263,124264,25,0,Old OT MPS-00 Police Shotgun,1
25,124313,124314,25,0,Rusty Ithaca Ki-8,1
25,124330,124331,25,0,Sako J-21 P-96 Response Rifle,1
25,124341,124342,25,0,Tsakachumi PTO-HV Counter-Sniper Rifle,1
25,124350,124350,25,0,OT M500 SWAT Rifle,1
25,124359,124360,25,0,MTI G-90A3,1
25,124364,124365,25,0,Rusty OT Anti-Cyborg Rifle,1
25,124383,124384,25,0,HSR Arms F-59,2
25,124386,124387,25,0,Rusty MTI G02K,2
25,124391,124392,25,0,OT Rancho Colonial Carbine,1
25,124411,124412,25,0,MTI G-70 Zaman,1
25,124446,124447,25,0,Kalinkalov Mz-99,1
25,124494,124495,25,0,Old Manex STR 77,1
25,124505,124506,25,0,OT Eskorpio 21,1
25,124529,124530,25,0,Prototype Sito-Tech Model 00,1
25,124545,124546,25,0,YES Support 1010,1
25,124550,124551,25,0,Seburo M35,1
25,124557,124558,25,0,Kang Tao Spitting Cobra,2
25,124562,124563,25,0,Cast-Off OT Saladin,1
25,124581,124582,25,0,Cast-Off OT Viper IX,3
25,124600,124601,25,0,Cast-Off MTI MP200,2
25,124617,124618,25,0,Used MTI SO1210,1
25,124626,124627,25,0,Cast-Off MTI UMP22,1
25,124645,124646,25,0,Cast-Off Kalinkanov ZU-113 Security Weapon,2
25,124704,124705,25,0,Over-Tuned Seburo C-19a,1
25,124713,124714,25,0,Cast-Off Nord Armwerk MAX,1
25,124751,124752,25,0,Cast-Off BBI WMMA CAW,2
25,124770,124771,25,0,Cast-Off OT ARL-10 Micromissile Launcher,2
25,124781,124782,25,0,Cast-Off Tsunami Raiden MP-Drum,2
25,124800,124801,25,0,Cast-Off OT M-110 Renegade SAW,1
25,124819,124820,25,0,Cast-Off OT M-70 HardRain GPMG,2
25,124969,124970,25,0,Cast-Off GE XM-559 Man-Portable Laser,2
25,125007,125008,25,0,Cast-Off Joint Clans Exocet II,1
25,125026,125027,25,0,Cast-Off Joint Clans Patriot,2
25,125064,125065,25,0,Cast-Off Reet-Tech Venom Compound Bow,1
25,125083,125084,25,0,Cast-Off Oneida Razor Half-Bow,2
25,125298,125299,25,0,Bent Peasant Squibber,1
25,125313,125314,25,0,Bent Merchant Squibber,2
25,125383,125384,25,0,Bent Rider Executioner,1
25,125402,125403,25,0,Bent Protector Executioner,1
25,125440,125441,25,0,Paper Hammer,2
25,125456,125457,25,0,Concrete Cushion,1
25,125459,125460,25,0,5th level Ninja Wakisashi,2
25,125751,125751,17,0,Nano Crystal (Calling of Medinos),3
25,125770,125770,17,0,Nano Crystal (Frost Slivers),1
25,128603,128604,25,0,Fragile D-nort Compact Assault Rifle,1
25,128610,128611,25,0,Cast-off MTI G-36K,1
25,128638,128639,25,0,Cast-off Seburo C-99a ,2
25,128676,128677,25,0,Cast-off HSR Arms Tech Assault V,1
25,128717,128718,25,0,Cast-off Galahad Inc. 077 Personal Weapon,1
25,128784,128785,25,0,MTI MP903A3D9,1
25,128794,128795,25,0,Cast-off OT Cobra M-33,1
25,128916,128917,25,0,Water balloon,2
25,128959,128960,25,0,Edge-less Merchant Warblade,2
25,128997,128998,25,0,Edge-less Protector Warblade,1
25,129028,129029,25,0,Unbalanced Sledgehammer,2
25,129047,129048,25,0,9th level Ninja Katana,2
25,129064,129065,25,0,3rd level Ninja Tanto,1
25,129069,129070,25,0,Sparkling Breathing Space,1
25,129640,129641,25,0,Junior Wen-Wen,5
25,130005,130006,25,0,Run Speed Cluster - Bright (Left-Wrist),1
25,130007,130008,25,0,Run Speed Cluster - Shiny (Right-Wrist),2
25,130062,130063,25,0,Cracked Heavy Staff,1
25,130073,130074,25,0,Bent Light Staff,1
25,130089,130090,25,0,Unbalanced Native Alloy Staff,3
25,130127,130128,25,0,Bent Denunciatory Spear,1
25,130183,130184,25,0,Whistling Hot Air Stick,1
25,130201,130202,25,0,Loose Bloodworm Carapace,1
25,130253,130254,25,0,"Right-Wrist Implant: Run Speed, Shiny",1
25,130401,130402,25,0,"Leg Implant: Adventuring, Shiny",1
25,130405,130406,25,0,"Leg Implant: Duck-Exp, Shiny",1
25,130439,130440,25,0,"Leg Implant: Stamina, Bright",2
25,136699,136699,34,0,Nano Crystal (Natural Cure),2
25,136701,136701,21,0,Nano Crystal (Lesser Restore to Health),1
25,142655,142654,25,0,Senpai Tertius Decus Armor Pants,1
25,142658,142657,25,0,Senpai Tertius Decus Armor Gloves,3
25,142660,142659,25,0,Senpai Tertius Decus Armor Boots,2
25,142665,142664,25,0,Senpai Tertius Decus Armor Sleeves,4
25,142806,142807,25,0,Misshaped SSC Rustling Wakisashi,1
25,142840,142841,25,0,Loose Metaplast Mace,1
25,143846,143847,25,0,Cast-Off Sunburst Mk IV,1
25,144067,144068,25,0,Loose Survival Axe,1
25,144086,144087,25,0,Blunt Tanto,2
25,144103,144104,25,0,Cast-off Freedom Arms 4200,1
25,144148,144149,25,0,Edge-less Burning Copper Katana,1
25,150176,150177,25,0,,2
25,150223,150224,25,0,,2
25,150241,150242,25,0,,1
25,151775,151775,17,0,,2
25,151777,151777,21,0,,2
25,151778,151778,21,0,,1
25,151779,151779,21,0,,1
25,151780,151780,18,0,,1
25,152066,152067,25,0,,1
25,152122,152123,25,0,,1
25,152137,152138,25,0,,2
25,152158,152159,25,0,,1
25,152298,154071,25,0,,1
25,152328,152329,25,0,,1
25,152734,152735,25,0,,2
25,152749,152750,25,0,,2
25,154070,150196,25,0,,1
25,154587,154587,34,0,,1
25,155368,155368,24,0,,1
25,155377,155377,34,0,,1
25,155378,155378,21,0,,3
25,155390,155390,34,0,,2
25,156133,156133,24,0,,1
25,156143,156143,34,0,,1
25,156144,156144,17,0,,2
25,157549,157549,21,0,,3
25,158019,158020,25,0,,1
25,158037,158036,25,0,,1
25,158045,158046,25,0,,1
25,158963,158964,25,0,,1
25,159007,159008,25,0,,1
25,159109,159110,25,0,,1
25,159196,159197,25,0,,1
25,160186,160187,25,0,,1
25,160219,160220,25,0,,1
25,160247,160248,25,0,,2
25,160264,160265,25,0,,1
25,162996,162996,20,0,,1
25,166253,166254,25,0,,1
25,172015,172016,25,0,,1
25,172413,172414,25,0,,1
25,189669,189670,25,0,,1
25,191255,191256,25,0,,1
25,202740,202740,30,0,,1
25,202829,202829,30,0,,2
25,203122,203122,30,0,,4
25,203136,203136,33,0,,1
25,203150,203150,31,0,,1
25,203977,203977,21,0,,1
25,204103,204104,25,0,,1
25,204267,204268,25,0,,1
25,204270,204271,25,0,,2
25,205196,205196,34,0,,1
25,205230,205230,15,0,,1
25,205288,205288,30,0,,1
25,209285,209285,25,0,,1
25,210300,210300,20,0,,4
25,210312,210312,27,0,,2
25,210356,210356,17,0,,4
25,210388,210388,21,0,,3
25,210485,210485,20,0,,7
25,210614,210614,35,0,,4
25,210672,210672,31,0,,3
25,210735,210735,29,0,,6
25,210788,210788,22,0,,7
25,211153,211153,19,0,,3
25,218780,218781,25,0,,4
25,218824,218825,25,0,,1
25,227473,227473,30,0,,21
27,25812,25811,27,0,Treatment Laboratory,1
27,26207,26207,27,0,Nano Crystal (Enhanced Senses),4
27,27381,27381,1,0,Omni-Med Suit Gloves,2
27,28753,28753,24,0,Nano Crystal (Bind Wounds),1
27,28754,28754,27,0,Nano Crystal (Biotoxin MK I),1
27,28785,28785,37,0,Nano Crystal (Premium Cover),1
27,28787,28787,33,0,Nano Crystal (Specialist Treatment),1
27,28789,28789,30,0,Nano Crystal (Superior Healing),1
27,28798,28798,33,0,Nano Crystal (Blight),1
27,28833,28833,30,0,Nano Crystal (Poison Missile),2
27,28917,28917,24,0,Nano Crystal (Bad Blood),1
27,28923,28923,37,0,Nano Crystal (Elusive Target),1
27,28935,28935,27,0,Nano Crystal (Give Energy: 50),2
27,28945,28945,17,0,Nano Crystal (Limbo Mastery),1
27,28956,28956,24,0,Nano Crystal (Rubber Skin),1
27,29103,29103,33,0,Nano Crystal (Apprentice: Pharmaceuticals),1
27,29195,29195,20,0,Nano Crystal (Crowbar Subtlety),2
27,29202,29202,37,0,Nano Crystal (Nano Growth),2
27,29358,29358,24,0,Nano Crystal (Pistol Mastery),5
27,29360,29360,17,0,Nano Crystal (Quickshot),1
27,29372,29372,37,0,Nano Crystal (BioMet Mastery),1
27,29804,29804,27,0,Nano Crystal (Glowing Retribution),2
27,29806,29806,30,0,Nano Crystal (Headcracker),2
27,30113,30113,37,0,Nano Crystal (Drill Missile),1
27,30266,30266,24,0,Nano Crystal (Lend Nano: 100),2
27,30759,30759,30,0,Nano Crystal (Apprentice: Mechanical Engineering),1
27,30771,30771,20,0,Nano Crystal (Frequent Customer),1
27,30804,30804,24,0,Nano Crystal (Apprentice: Electrical Engineering),2
27,31498,31498,1,0,White Cloak,3
27,31501,31501,1,0,Green Cloak,3
27,31503,31503,1,0,Blue Cloak,3
27,31504,31504,1,0,Jean Trenchcoat,2
27,31505,31505,1,0,Black Trenchcoat,2
27,31515,31515,1,0,Red Omni-Tek Commander Cloak,2
27,31516,31516,1,0,Trenchcoat,1
27,31530,31530,1,0,Grey Cloak Hood,2
27,31531,31531,1,0,Green Cloak Hood,5
27,31532,31532,1,0,Brown Cloak Hood,1
27,31533,31533,1,0,Blue Cloak Hood,1
27,32073,32073,33,0,Nano Crystal (False Profession: Bureaucrat),1
27,32074,32074,30,0,Nano Crystal (False Profession: Doctor),1
27,32077,32077,37,0,Nano Crystal (False Profession: Meta-Physicist),1
27,32080,32080,24,0,Nano Crystal (False Profession: Fixer),3
27,32103,32103,20,0,Nano Crystal (Shadow Crown),2
27,36782,36777,27,0,Belt Component Platform Ti-200X,2
27,38531,38531,24,0,Nano Crystal (Team Terrain Knowledge),2
27,42545,42545,17,0,Nano Crystal (Deep Slash),1
27,42546,42546,17,0,Nano Crystal (Molecule Lance),1
27,43939,43939,20,0,Nano Crystal (Relief From Pain),1
27,43942,43942,27,0,Nano Crystal (Spreading Health),2
27,43950,43950,33,0,Nano Crystal (Minor Team Purification),1
27,43999,43999,37,0,Nano Crystal (Company Policy),1
27,44198,44198,33,0,Nano Crystal (Cancerous Burrower),1
27,44203,44203,37,0,Nano Crystal (Minor Consuming Toxin),1
27,45327,45327,33,0,Nano Crystal (Weak Gravity Collapse),2
27,45396,45396,24,0,Nano Crystal (Chemical Burn),1
27,45399,45399,27,0,Nano Crystal (Acidic Conversion),1
27,45400,45400,30,0,Nano Crystal (Aggressive Mutagen),1
27,45945,45945,27,0,Nano Crystal (Wind Blade),1
27,45952,45952,37,0,Nano Crystal (Toxic Field),1
27,46009,46009,37,0,Nano Crystal (Upgraded Android),1
27,46019,46019,17,0,Nano Crystal (Semi-Sentient Automaton),1
27,46073,46073,33,0,Nano Crystal (Android),1
27,46075,46075,30,0,Nano Crystal (Common Android),2
27,46417,46417,37,0,Nano Crystal (Supervisor-Grade Attendant-Droid),1
27,46427,46427,17,0,Nano Crystal (Limited Helper-bot),3
27,46433,46433,33,0,Nano Crystal (Faithful Attendant-Droid),1
27,46435,46435,17,0,Nano Crystal (Faithful Helper-Droid),1
27,46444,46444,24,0,Nano Crystal (Executive-Grade Helper-Droid),1
27,46451,46451,27,0,Nano Crystal (Director-Grade Helper-Droid),1
27,46473,46473,37,0,Nano Crystal (Advanced Attendant-Droid),1
27,46475,46475,20,0,Nano Crystal (Advanced Helper),1
27,49813,49813,24,0,Nano Crystal (Mighty Challenger to Cyclops),1
27,55679,55678,27,0,Weapon Smithing Tutoring Device,1
27,55685,55684,27,0,Nano Programming Tutoring Device,1
27,55688,55677,27,0,Chemistry Tutoring Device,1
27,55759,55759,20,0,Nano Crystal (Field of Sparks),2
27,55760,55760,37,0,Nano Crystal (Arctic Cloak),2
27,55775,55775,24,0,Nano Crystal (Electrical Chastiser),2
27,55776,55776,37,0,Nano Crystal (Lesser Retaliatory Barrier),1
27,55840,55840,17,0,Nano Crystal (Jacket of Blades),1
27,55841,55841,30,0,Nano Crystal (Firefly's Fury),4
27,55843,55843,37,0,Nano Crystal (Cloak of Fire),4
27,56005,56005,24,0,Nano Crystal (Restrict Movement),1
27,56239,56239,33,0,Nano Crystal (Lesser Paralyze with Indecision),2
27,56251,56251,27,0,Nano Crystal (Lesser Prolong Encounter),2
27,56260,56260,37,0,Nano Crystal (Profiteer's Grip),1
27,70253,70252,27,0,Deflection Shield,1
27,70254,70251,27,0,Damage Shield Projector,1
27,70389,70389,30,0,Nano Crystal (Lesser Deflection Shield (Extended)),3
27,70390,70390,24,0,Nano Crystal (Lesser Deflection Shield),1
27,70412,70412,27,0,Nano Crystal (Total Mirror Shield Mk II),3
27,70558,85640,27,0,Battered Low-Tech Armor Boots,2
27,70560,85688,27,0,Battered Low-Tech Female Body Armor,1
27,70561,85744,27,0,Battered Low-Tech Armor Sleeves,2
27,70562,85597,27,0,Battered Low-Tech Armor Gloves,1
27,70563,85558,27,0,Battered Low-Tech Armor Helmet,4
27,70564,85515,27,0,Battered Low-Tech Armor Pants,1
27,70583,70583,33,0,Nano Crystal (Basic Protective Field),1
27,70584,70584,27,0,Nano Crystal (Basic Shielding Barrier),2
27,70585,70585,20,0,Nano Crystal (Flawed Defensive Screen),3
27,75356,75356,33,0,Nano Crystal (Lesser Shen Protection),1
27,75417,75417,20,0,Nano Crystal (Lesser Combat Barrier),1
27,78422,78422,24,0,Nano Crystal (Major Health Funnel),1
27,78423,78423,33,0,Nano Crystal (Greater Health Funnel),1
27,81847,81847,20,0,Nano Crystal (Energized Fists),1
27,81849,81849,37,0,Nano Crystal (Corrosive Fists),1
27,81953,81953,27,0,Nano Crystal (Lesser Mysterious Causes),2
27,82003,82003,20,0,Nano Crystal (Subsonic Blast),1
27,82065,82065,17,0,Nano Crystal (Team Restore Essence),3
27,82078,82078,17,0,Nano Crystal (Team Rough Stitching),1
27,82080,82080,27,0,Nano Crystal (Survival Technique),3
27,82187,82187,27,0,Nano Crystal (Mass Illusory Paralysis),1
27,82806,82806,20,0,Nano Crystal (Active Micro Entanglement),2
27,82808,82808,37,0,Nano Crystal (Lesser Delay the Inevitable),3
27,82839,82839,24,0,Nano Crystal (Sparrow Flight),2
27,83920,83919,27,0,Aggression Enhancer,2
27,83965,83965,37,0,Nano Crystal (Wild Eye Gouger),2
27,83978,83978,27,0,Nano Crystal (Gouge Eyes),1
27,85264,85264,20,0,Nano Crystal (Lesser Net Cast Wide),1
27,85270,85270,30,0,Nano Crystal (Falsify Medical Records),2
27,85282,85282,17,0,Nano Crystal (Medical Claim),2
27,85322,85322,27,0,Nano Crystal (Lesser Delay Pursuers),1
27,85366,85367,27,0,Simple Nano Kit,2
27,85477,21917,27,0,Worn Cyber Armor Sleeves,2
27,85481,85690,27,0,Battered Leather Vest,4
27,85494,22347,27,0,Worn Steel-Ribbed Armor Pants,2
27,85496,85495,27,0,Inferior Titan Plasteel Armor Pants,1
27,85498,85497,27,0,Inferior Vito's Plasteel Armor Pants,4
27,85502,22339,27,0,Recruit-Issue Omni-Pol Forest Armor Pants,3
27,85504,27394,27,0,Recruit-Issue Omni-Pol Desert Armor Pants,5
27,85510,85509,27,0,Inferior Nail Armor Pants,2
27,85512,85511,27,0,Worn Metaplast Armor Pants,1
27,85516,22301,27,0,Inferior Kevlar Armor Pants,4
27,85517,27360,27,0,Battered Flak Armor Pants,2
27,85519,85518,27,0,Battered Sid's Leather Armor Pants,1
27,85521,85520,27,0,Battered Leather Armor Pants,2
27,85525,85524,27,0,Inferior Raven's Energized Armor Pants,2
27,85526,22293,27,0,Inferior Energized Armor Pants,1
27,85530,85529,27,0,Worn Bau Cyber Armor Pants,3
27,85531,22289,27,0,Worn Cyber Armor Pants,1
27,85533,85532,27,0,Battered Light Combat Armor Pants,3
27,85541,22262,27,0,Worn Steel-Ribbed Armor Helmet,3
27,85545,85544,27,0,Inferior Vito's Plasteel Armor Helmet,1
27,85551,27402,27,0,Recruit-Issue Omni-Pol Desert Armor Helmet,4
27,85554,85553,27,0,Battered Nomad Armor Helmet,4
27,85557,85556,27,0,Worn Metaplast Armor Helmet,2
27,85560,85559,27,0,Battered Sid's Leather Armor Helmet,2
27,85562,85561,27,0,Battered Leather Armor Helmet,2
27,85566,85565,27,0,Inferior Raven's Energized Armor Helmet,1
27,85567,22223,27,0,Inferior Energized Armor Helmet,2
27,85571,85570,27,0,Worn Bau Cyber Armor Helmet,2
27,85572,22219,27,0,Worn Cyber Armor Helmet,1
27,85580,22212,27,0,Worn Steel-Ribbed Armor Gloves,2
27,85582,85581,27,0,Inferior Titan Plasteel Armor Gloves,3
27,85584,85583,27,0,Inferior Vito's Plasteel Armor Gloves,4
27,85590,27396,27,0,Recruit-Issue Omni-Pol Desert Armor Gloves,2
27,85593,85592,27,0,Battered Nomad Armor Gloves,1
27,85600,85599,27,0,Battered Sid's Leather Armor Gloves,1
27,85606,85605,27,0,Inferior Raven's Energized Armor Gloves,1
27,85611,85610,27,0,Worn Bau Cyber Armor Gloves,1
27,85612,22166,27,0,Worn Cyber Armor Gloves,4
27,85620,22158,27,0,Worn Steel-Ribbed Armor Boots,2
27,85622,85621,27,0,Inferior Titan Plasteel Armor Boots,2
27,85624,85623,27,0,Inferior Vito's Plasteel Armor Boots,2
27,85626,85625,27,0,Inferior Chilled Plasteel Armor Boots,2
27,85627,22154,27,0,Inferior Heated Plasteel Armor Boots,3
27,85628,22150,27,0,Recruit-Issue Omni-Pol Forest Armor Boots,1
27,85630,27392,27,0,Recruit-Issue Omni-Pol Desert Armor Boots,3
27,85633,85632,27,0,Battered Nomad Armor Boots,4
27,85636,85635,27,0,Inferior Nail Armor Boots,3
27,85638,85637,27,0,Worn Metaplast Armor Boots,2
27,85639,22124,27,0,Basic Martial Artist Suit Boots,1
27,85641,22116,27,0,Inferior Kevlar Armor Boots,1
27,85643,85642,27,0,Battered Sid's Leather Armor Boots,1
27,85645,85644,27,0,Battered Leather Armor Boots,3
27,85649,85648,27,0,Inferior Raven's Energized Armor Boots,1
27,85650,22108,27,0,Inferior Energized Armor Boots,1
27,85654,85653,27,0,Worn Bau Cyber Armor Boots,2
27,85655,22104,27,0,Worn Cyber Armor Boots,1
27,85657,85656,27,0,Battered Light Combat Armor Boots,1
27,85668,22080,27,0,Worn Steel-Ribbed Body Armor,3
27,85672,85671,27,0,Inferior Vito's Plasteel Body Armor,2
27,85674,85673,27,0,Inferior Chilled Plasteel Body Armor,1
27,85675,22076,27,0,Inferior Heated Plasteel Body Armor,1
27,85676,22072,27,0,Recruit-Issue Omni-Pol Forest Body Armor,3
27,85681,85680,27,0,Battered Nomad Body Armor,1
27,85684,85683,27,0,Inferior Nail Body Armor,1
27,85691,22004,27,0,Inferior Kevlar Vest,3
27,85693,27389,27,0,Battered Flak Body Armor,1
27,85695,85694,27,0,Battered Sid's Leather Body Armor,2
27,85697,85696,27,0,Battered Leather Body Armor,3
27,85701,85700,27,0,Inferior Raven's Energized Body Armor,1
27,85702,22018,27,0,Inferior Energized Body Armor,3
27,85708,85707,27,0,Worn Bau Cyber Female Body Armor,3
27,85710,85709,27,0,Worn Bau Cyber Body Armor,2
27,85711,22014,27,0,Worn Cyber Female Body Armor,1
27,85712,22010,27,0,Worn Cyber Body Armor,3
27,85714,85713,27,0,Battered Light Combat Body Armor,1
27,85723,85722,27,0,Worn Nadir Steel-Ribbed Armor Sleeves,1
27,85724,21971,27,0,Worn Steel-Ribbed Armor Sleeves,1
27,85726,85725,27,0,Inferior Titan Plasteel Armor Sleeves,1
27,85728,85727,27,0,Inferior Vito's Plasteel Armor Sleeves,2
27,85731,21967,27,0,Inferior Heated Plasteel Armor Sleeves,2
27,85732,21963,27,0,Recruit-Issue Omni-Pol Forest Armor Sleeves,1
27,85734,27400,27,0,Recruit-Issue Omni-Pol Desert Armor Sleeves,1
27,85740,85739,27,0,Inferior Nail Armor Sleeves,1
27,85742,85741,27,0,Worn Metaplast Armor Sleeves,6
27,85743,21937,27,0,Basic Martial Artist Suit Sleeves,1
27,85745,21929,27,0,Inferior Kevlar Armor Sleeves,1
27,85746,27391,27,0,Battered Flak Armor Sleeves,3
27,85748,85747,27,0,Battered Sid's Leather Armor Sleeves,2
27,85754,85753,27,0,Inferior Raven's Energized Armor Sleeves,2
27,85755,21921,27,0,Inferior Energized Armor Sleeves,3
27,85759,85758,27,0,Worn Bau Cyber Armor Sleeves,3
27,85761,85760,27,0,Battered Light Combat Armor Sleeves,4
27,85874,85874,20,0,Nano Crystal (Ransack Skills (Minor)),1
27,85907,85908,27,0,Flurry of Blows,1
27,87470,87470,1,0,Tattoo,1
27,87471,87471,1,0,Tattoo,1
27,87476,87476,1,0,Tattoo,3
27,87477,87477,1,0,Tattoo,1
27,87810,87814,27,0,Hacker Tool,1
27,88381,88382,27,0,Trimmer - Divert Energy to Hitpoints,1
27,88383,88384,27,0,Trimmer - Positive Aggressive-Defensive,1
27,88385,88386,27,0,Trimmer - Negative Aggressive-Defensive,1
27,90453,90453,17,0,Nano Crystal (Baton of Authority (Team)),1
27,95418,95418,24,0,Nano Crystal (Ease of Execution),2
27,95532,95532,30,0,Nano Crystal (Subconscious Guidance),2
27,95723,95723,33,0,Nano Crystal (Combat Hardening),2
27,95727,95727,17,0,Nano Crystal (Boot Camp Toughness),1
27,97458,97458,30,0,Nano Crystal (Health Surge),1
27,99138,99138,30,0,Nano Crystal (Quell Anger),1
27,99594,99594,17,0,Nano Crystal (Muscle Atrophy),1
27,99618,99618,17,0,Nano Crystal (Unfriendly Merger),1
27,99619,99619,33,0,Nano Crystal (Strip Assets),1
27,99622,99622,24,0,Nano Crystal (Overdraught),1
27,99999,99999,1,0,"Body Tattoo, Back",1
27,100007,100007,1,0,"Body Tattoo, Front",3
27,100010,100010,1,0,"Body Tattoo, Back",1
27,100011,100011,1,0,"Body Tattoo, Front",1
27,100012,100012,1,0,Tattoo,1
27,100013,100013,1,0,Tattoo,2
27,100202,100202,17,0,Nano Crystal (Mongo Slam!),1
27,100224,100224,27,0,Nano Crystal (Aggressive Instincts),2
27,100447,100447,30,0,Nano Crystal (Bewilder),1
27,100454,100454,33,0,Nano Crystal (Bright Shiny Sparkling Thing),1
27,101129,101130,27,0,"Head Implant: Nano Resist, Shiny",1
27,101135,101136,27,0,"Ear Implant: Vehicle Hydr, Faded",1
27,101181,101182,27,0,Basic Left Arm Implant,1
27,101319,101320,27,0,Melee/Ma AC Cluster - Shiny (Chest),2
27,101321,101322,27,0,Energy AC Cluster - Faded (Waist),2
27,101323,101324,27,0,Energy AC Cluster - Bright (Leg),1
27,101329,101330,27,0,Chemical AC Cluster - Bright (Right-Arm),1
27,101331,101332,27,0,Chemical AC Cluster - Shiny (Waist),1
27,101335,101336,27,0,1h Blunt Cluster - Bright (Right-Wrist),1
27,101337,101338,27,0,1h Blunt Cluster - Shiny (Right-Arm),1
27,101341,101342,27,0,1h Edged Weapon Cluster - Bright (Right-Wrist),3
27,101345,101346,27,0,Melee Ener Cluster - Faded (Right-Wrist),1
27,101347,101348,27,0,Melee Ener Cluster - Bright (Left-Wrist),2
27,101349,101350,27,0,Melee Ener Cluster - Shiny (Head),1
27,101357,101358,27,0,Piercing Cluster - Faded (Waist),1
27,101365,101366,27,0,2h Blunt Cluster - Bright (Left-Arm),2
27,101369,101370,27,0,Sharp Obj Cluster - Faded (Eye),1
27,101372,101373,27,0,Radiation AC Cluster - Bright (Left-Arm),4
27,101374,101375,27,0,Radiation AC Cluster - Shiny (Waist),1
27,101380,101381,27,0,Cold AC Cluster - Shiny (Waist),2
27,101382,101383,27,0,Nano Resist Cluster - Faded (Left-Wrist),2
27,101384,101385,27,0,Nano Resist Cluster - Bright (Right-Wrist),1
27,101394,101395,27,0,Martial Arts Cluster - Faded (Left-Hand),2
27,101396,101397,27,0,Martial Arts Cluster - Bright (Feet),1
27,101404,101405,27,0,Mult. Melee Cluster - Shiny (Left-Wrist),2
27,101408,101409,27,0,Matter Crea Cluster - Faded (Eye),2
27,101410,101411,27,0,Matter Crea Cluster - Bright (Right-Hand),1
27,101412,101413,27,0,Matter Crea Cluster - Shiny (Head),1
27,101416,101417,27,0,Time & Space Cluster - Bright (Right-Hand),1
27,101424,101554,27,0,Nano Pool Cluster - Shiny (Chest),2
27,101427,101428,27,0,Sharp Obj Cluster - Shiny (Right-Wrist),1
27,101431,101432,27,0,Grenade Cluster - Bright (Eye),1
27,101435,101436,27,0,Heavy Weapons Cluster - Faded (Right-Hand),1
27,101437,101438,27,0,Heavy Weapons Cluster - Bright (Eye),1
27,101441,101442,27,0,Bow Cluster - Faded (Eye),1
27,101443,101444,27,0,Bow Cluster - Bright (Left-Arm),1
27,101445,101446,27,0,Bow Cluster - Shiny (Right-Arm),2
27,101447,101448,27,0,Pistol Cluster - Faded (Eye),1
27,101451,101452,27,0,Pistol Cluster - Shiny (Right-Wrist),1
27,101455,101456,27,0,Rifle Cluster - Bright (Right-Wrist),2
27,101457,101458,27,0,Rifle Cluster - Shiny (Eye),1
27,101461,101462,27,0,MG / SMG Cluster - Bright (Right-Hand),1
27,101463,101464,27,0,MG / SMG Cluster - Shiny (Right-Arm),1
27,101465,101466,27,0,Shotgun Cluster - Faded (Waist),1
27,101469,101470,27,0,Shotgun Cluster - Shiny (Right-Arm),1
27,101471,101472,27,0,Assault Rif Cluster - Faded (Eye),2
27,101473,101474,27,0,Assault Rif Cluster - Bright (Right-Hand),2
27,101475,101476,27,0,Assault Rif Cluster - Shiny (Right-Arm),1
27,101483,101484,27,0,Melee. Init Cluster - Faded (Waist),1
27,101489,101490,27,0,Ranged. Init Cluster - Faded (Right-Hand),2
27,101491,101492,27,0,Ranged. Init Cluster - Bright (Head),1
27,101493,101494,27,0,Ranged. Init Cluster - Shiny (Right-Wrist),1
27,101495,101496,27,0,Physic. Init Cluster - Faded (Left-Arm),2
27,101507,101508,27,0,Sensory Impr Cluster - Faded (Chest),1
27,101509,101510,27,0,Sensory Impr Cluster - Bright (Eye),1
27,101513,101514,27,0,First Aid Cluster - Faded (Left-Hand),1
27,101517,101518,27,0,First Aid Cluster - Shiny (Head),1
27,101521,101522,27,0,Treatment Cluster - Bright (Eye),3
27,101523,101524,27,0,Treatment Cluster - Shiny (Head),1
27,101525,101526,27,0,Mech. Engi Cluster - Faded (Right-Arm),1
27,101527,101528,27,0,Mech. Engi Cluster - Bright (Eye),1
27,101537,101538,27,0,Matt.Metam Cluster - Faded (Left-Arm),2
27,101543,101544,27,0,Bio.Metamor Cluster - Faded (Waist),1
27,101547,101548,27,0,Bio.Metamor Cluster - Shiny (Head),1
27,101555,101556,27,0,Ranged Ener Cluster - Faded (Left-Hand),4
27,101557,101558,27,0,Ranged Ener Cluster - Bright (Eye),1
27,101559,101560,27,0,Ranged Ener Cluster - Shiny (Head),1
27,101561,101562,27,0,Multi Ranged Cluster - Faded (Eye),2
27,101567,101568,27,0,Trap Disarm Cluster - Faded (Head),2
27,101569,101570,27,0,Trap Disarm Cluster - Bright (Left-Hand),2
27,101571,101572,27,0,Trap Disarm Cluster - Shiny (Right-Hand),1
27,101575,101576,27,0,Perception Cluster - Bright (Eye),1
27,101579,101580,27,0,Adventuring Cluster - Faded (Chest),1
27,101605,101606,27,0,Tutoring Cluster - Bright (Ear),2
27,101609,101610,27,0,Brawling Cluster - Faded (Waist),1
27,101611,101612,27,0,Brawling Cluster - Bright (Right-Arm),1
27,101613,101614,27,0,Brawling Cluster - Shiny (Left-Arm),1
27,101621,101622,27,0,Dimach Cluster - Faded (Waist),2
27,101625,101626,27,0,Dimach Cluster - Shiny (Chest),1
27,101631,101632,27,0,Parry Cluster - Shiny (Right-Wrist),1
27,101635,101636,27,0,Sneak Atck Cluster - Bright (Right-Wrist),1
27,101639,101640,27,0,Fast Attack Cluster - Faded (Right-Arm),1
27,101645,101646,27,0,NanoC. Init Cluster - Faded (Chest),1
27,101647,101648,27,0,NanoC. Init Cluster - Bright (Eye),2
27,101649,101650,27,0,NanoC. Init Cluster - Shiny (Head),3
27,101653,101654,27,0,Fling Shot Cluster - Bright (Right-Hand),3
27,101655,101656,27,0,Fling Shot Cluster - Shiny (Right-Arm),1
27,101663,101664,27,0,Body Dev Cluster - Faded (Leg),1
27,101665,101666,27,0,Body Dev Cluster - Bright (Waist),4
27,101667,101668,27,0,Body Dev Cluster - Shiny (Chest),1
27,101669,101670,27,0,Duck-Exp Cluster - Faded (Feet),1
27,101685,101686,27,0,Evade-ClsC Cluster - Shiny (Feet),1
27,101693,101694,27,0,Weapon Smt Cluster - Faded (Eye),1
27,101697,101698,27,0,Weapon Smt Cluster - Shiny (Right-Hand),1
27,101709,101710,27,0,Nano Progra Cluster - Shiny (Head),1
27,101711,101712,27,0,Comp. Liter Cluster - Faded (Right-Hand),1
27,101713,101714,27,0,Comp. Liter Cluster - Bright (Eye),1
27,101717,101718,27,0,Psychology Cluster - Faded (Eye),3
27,101721,101722,27,0,Psychology Cluster - Shiny (Head),2
27,101731,101732,27,0,Concealment Cluster - Bright (Ear),1
27,101739,101740,27,0,Break & Entry Cluster - Shiny (Right-Arm),1
27,101743,101744,27,0,Vehicle Grnd Cluster - Bright (Eye),1
27,101745,101746,27,0,Vehicle Grnd Cluster - Shiny (Head),1
27,101755,101756,27,0,Burst Cluster - Bright (Right-Wrist),1
27,101759,101760,27,0,Disease AC Cluster - Faded (Chest),2
27,101761,101762,27,0,Disease AC Cluster - Bright (Leg),1
27,101763,101764,27,0,Disease AC Cluster - Shiny (Head),1
27,101771,101772,27,0,Strength Cluster - Faded (Chest),1
27,101773,101774,27,0,Strength Cluster - Bright (Left-Arm),1
27,101779,101780,27,0,Agility Cluster - Bright (Feet),1
27,101785,101786,27,0,Stamina Cluster - Bright (Leg),2
27,101789,101790,27,0,Intelligence Cluster - Faded (Ear),2
27,101791,101792,27,0,Intelligence Cluster - Bright (Eye),1
27,101795,101796,27,0,Sense Cluster - Faded (Head),1
27,101803,101804,27,0,Psychic Cluster - Bright (Chest),3
27,101805,101806,27,0,Psychic Cluster - Shiny (Head),1
27,101807,101808,27,0,Max Health Cluster - Faded (Leg),1
27,101809,101810,27,0,Max Health Cluster - Bright (Waist),1
27,101811,101812,27,0,Max Health Cluster - Shiny (Chest),2
27,101813,101814,27,0,Max Nano Cluster - Faded (Chest),1
27,101817,101818,27,0,Max Nano Cluster - Shiny (Head),1
27,101863,101864,27,0,"Eye Implant: Rifle, Shiny",1
27,101887,101888,27,0,"Eye Implant: Heavy Weapons, Bright",1
27,101901,101902,27,0,"Eye Implant: Vehicle Air, Shiny",1
27,101909,101910,27,0,"Eye Implant: Tutoring, Shiny",1
27,101919,101920,27,0,"Eye Implant: Rifle, Shiny",1
27,101957,101958,27,0,"Eye Implant: Vehicle Air, Shiny",1
27,102005,102006,27,0,"Eye Implant: Rifle, Shiny",1
27,102100,102101,27,0,"Eye Implant: Aimed Shot, Shiny",1
27,102132,102133,27,0,"Eye Implant: NanoC. Init, Bright",1
27,102188,102189,27,0,"Eye Implant: Vehicle Air, Shiny",1
27,102218,102219,27,0,"Eye Implant: Vehicle Air, Shiny",1
27,102220,102221,27,0,"Eye Implant: Map Navig, Shiny",1
27,102252,102253,27,0,"Eye Implant: Tutoring, Shiny",1
27,102270,102271,27,0,"Eye Implant: Elec. Engi, Shiny",1
27,102331,102332,27,0,"Eye Implant: Aimed Shot, Shiny",1
27,102352,102353,27,0,"Eye Implant: Elec. Engi, Shiny",1
27,102370,102371,27,0,"Eye Implant: Map Navig, Shiny",1
27,102435,102436,27,0,"Eye Implant: Rifle, Shiny",1
27,102453,102454,27,0,"Eye Implant: Aimed Shot, Shiny",1
27,102508,102509,27,0,"Eye Implant: NanoC. Init, Bright",1
27,102579,102580,27,0,"Eye Implant: Vehicle Air, Shiny",1
27,102609,102610,27,0,"Eye Implant: Elec. Engi, Shiny",1
27,102615,102616,27,0,"Eye Implant: Tutoring, Shiny",1
27,102631,102632,27,0,"Eye Implant: Vehicle Air, Shiny",1
27,102635,102636,27,0,"Eye Implant: Tutoring, Shiny",1
27,102685,102686,27,0,"Eye Implant: Treatment, Bright",1
27,102741,102742,27,0,"Eye Implant: Vehicle Air, Shiny",1
27,102755,102756,27,0,"Eye Implant: NanoC. Init, Bright",1
27,102763,102764,27,0,"Eye Implant: Map Navig, Shiny",1
27,102780,102781,27,0,"Eye Implant: Aimed Shot, Shiny",1
27,102796,102797,27,0,"Eye Implant: Intelligence, Bright",1
27,102854,102855,27,0,"Eye Implant: Rifle, Shiny",1
27,102890,102891,27,0,"Eye Implant: Aimed Shot, Shiny",1
27,102894,102895,27,0,"Eye Implant: Rifle, Shiny",1
27,102915,102916,27,0,"Eye Implant: Vehicle Air, Shiny",1
27,103031,103032,27,0,"Eye Implant: Elec. Engi, Shiny",1
27,103055,103056,27,0,"Eye Implant: Vehicle Air, Shiny",1
27,103065,103066,27,0,"Eye Implant: Elec. Engi, Shiny",1
27,103102,103103,27,0,"Eye Implant: Vehicle Air, Shiny",1
27,103136,103137,27,0,"Eye Implant: Aimed Shot, Shiny",1
27,103161,103162,27,0,"Eye Implant: Grenade, Bright",1
27,103268,103269,27,0,"Eye Implant: NanoC. Init, Bright",1
27,103285,103286,27,0,"Eye Implant: Rifle, Shiny",1
27,103308,103309,27,0,"Eye Implant: Map Navig, Shiny",1
27,103310,103311,27,0,"Eye Implant: Tutoring, Shiny",1
27,103480,103481,27,0,"Eye Implant: Aimed Shot, Shiny",1
27,103504,103505,27,0,"Eye Implant: Vehicle Air, Shiny",1
27,103701,103702,27,0,"Eye Implant: Aimed Shot, Shiny",1
27,103779,103780,27,0,"Eye Implant: Rifle, Shiny",1
27,103819,103820,27,0,"Eye Implant: NanoC. Init, Bright",1
27,103908,103909,27,0,"Eye Implant: Tutoring, Shiny",1
27,103967,103968,27,0,"Eye Implant: Map Navig, Shiny",1
27,103987,103988,27,0,"Eye Implant: Vehicle Hydr, Bright",1
27,104001,104002,27,0,"Eye Implant: Sensory Impr, Bright",1
27,104085,104086,27,0,"Eye Implant: NanoC. Init, Bright",1
27,104095,104096,27,0,"Eye Implant: Tutoring, Shiny",1
27,104119,104120,27,0,"Eye Implant: Vehicle Air, Shiny",1
27,104153,104154,27,0,"Eye Implant: Aimed Shot, Shiny",1
27,104178,104179,27,0,"Eye Implant: Elec. Engi, Shiny",1
27,104210,104211,27,0,"Eye Implant: Map Navig, Shiny",1
27,104268,104269,27,0,"Eye Implant: Vehicle Air, Shiny",1
27,104388,104389,27,0,"Eye Implant: Comp. Liter, Bright",1
27,104460,104461,27,0,"Eye Implant: Map Navig, Shiny",1
27,104536,104537,27,0,"Eye Implant: Map Navig, Shiny",1
27,104665,104666,27,0,"Eye Implant: Tutoring, Shiny",1
27,104673,104674,27,0,"Eye Implant: Elec. Engi, Shiny",1
27,104681,104682,27,0,"Eye Implant: Aimed Shot, Shiny",1
27,104911,104912,27,0,"Head Implant: First Aid, Shiny",2
27,104917,104918,27,0,"Head Implant: First Aid, Shiny",1
27,105115,105116,27,0,"Head Implant: Matter Crea, Shiny",1
27,105131,105132,27,0,"Head Implant: Ranged Ener, Shiny",1
27,105133,105134,27,0,"Head Implant: Ranged Ener, Shiny",1
27,105141,105142,27,0,"Head Implant: NanoC. Init, Shiny",1
27,105143,105144,27,0,"Head Implant: NanoC. Init, Shiny",1
27,105173,105174,27,0,"Head Implant: Intelligence, Shiny",1
27,105283,105284,27,0,"Head Implant: Vehicle Grnd, Shiny",1
27,105339,105340,27,0,"Head Implant: Matt.Metam, Shiny",1
27,105388,105389,27,0,"Head Implant: Max Nano, Shiny",1
27,105423,105424,27,0,"Head Implant: Vehicle Hydr, Shiny",1
27,105545,105546,27,0,"Head Implant: First Aid, Shiny",1
27,105587,105588,27,0,"Head Implant: Pharma Tech, Shiny",1
27,105601,105602,27,0,"Head Implant: Psychology, Shiny",1
27,105747,105748,27,0,"Head Implant: Vehicle Hydr, Shiny",1
27,105887,105888,27,0,"Head Implant: Intelligence, Shiny",1
27,105967,105968,27,0,"Head Implant: Mech. Engi, Shiny",1
27,106007,106008,27,0,"Head Implant: Nano Resist, Shiny",1
27,106061,106062,27,0,"Head Implant: Bio.Metamor, Shiny",1
27,106275,106276,27,0,"Head Implant: Nano Pool, Bright",1
27,106333,106334,27,0,"Head Implant: Psychology, Shiny",1
27,106347,106348,27,0,"Head Implant: Matt.Metam, Shiny",1
27,106639,106640,27,0,"Head Implant: Psychology, Shiny",1
27,106651,106652,27,0,"Head Implant: Max Nano, Shiny",1
27,106659,106660,27,0,"Head Implant: Vehicle Hydr, Shiny",1
27,106681,106682,27,0,"Head Implant: Ranged Ener, Shiny",1
27,106821,106822,27,0,"Head Implant: Vehicle Hydr, Shiny",1
27,106885,106886,27,0,"Head Implant: Bow Spc Att, Shiny",1
27,107033,107034,27,0,"Head Implant: Nano Resist, Shiny",1
27,107089,107090,27,0,"Head Implant: Melee Ener, Shiny",1
27,107153,107154,27,0,"Head Implant: Psychic, Shiny",1
27,107167,107168,27,0,"Head Implant: Sensory Impr, Shiny",1
27,107189,107190,27,0,"Head Implant: Psychic, Shiny",1
27,107191,107192,27,0,"Head Implant: Max Nano, Shiny",1
27,107201,107202,27,0,"Head Implant: Bow Spc Att, Shiny",1
27,107227,107228,27,0,"Head Implant: Max Nano, Shiny",1
27,107237,107238,27,0,"Ear Implant: Psychology, Bright",2
27,107264,107265,27,0,"Head Implant: First Aid, Shiny",1
27,107339,107340,27,0,"Ear Implant: Tutoring, Bright",1
27,107345,107346,27,0,"Ear Implant: Perception, Shiny",1
27,107462,107463,27,0,"Right-Arm Implant: Assault Rif, Shiny",1
27,107474,107475,27,0,"Right-Arm Implant: Fling Shot, Shiny",1
27,107631,107632,27,0,"Right-Arm Implant: 1h Blunt, Shiny",2
27,107633,107634,27,0,"Right-Arm Implant: 1h Blunt, Shiny",1
27,107663,107664,27,0,"Right-Arm Implant: MG / SMG, Shiny",2
27,107781,107782,27,0,"Right-Arm Implant: MG / SMG, Shiny",1
27,107801,107802,27,0,"Right-Arm Implant: 1h Edged Weapon, Shiny",1
27,107847,107848,27,0,"Right-Arm Implant: Piercing, Shiny",1
27,107873,107874,27,0,"Right-Arm Implant: Piercing, Shiny",1
27,107875,107876,27,0,"Right-Arm Implant: 2h Blunt, Shiny",1
27,108131,108132,27,0,"Right-Arm Implant: Full Auto, Shiny",1
27,108148,108149,27,0,"Right-Arm Implant: 1h Edged Weapon, Shiny",1
27,108208,108209,27,0,"Right-Arm Implant: Burst, Shiny",1
27,108345,108346,27,0,"Right-Arm Implant: Heavy Weapons, Shiny",1
27,108502,108503,27,0,"Chest Implant: Sense, Shiny",1
27,108522,108523,27,0,"Chest Implant: Nano Pool, Shiny",1
27,108532,108533,27,0,"Chest Implant: Body Dev, Shiny",1
27,108542,108543,27,0,"Chest Implant: Max Health, Shiny",1
27,108622,108623,27,0,"Chest Implant: Energy AC, Shiny",2
27,108860,108861,27,0,"Chest Implant: Dimach, Shiny",1
27,108892,108893,27,0,"Chest Implant: Melee/Ma AC, Shiny",1
27,108940,108941,27,0,"Chest Implant: Max Health, Shiny",1
27,108972,108973,27,0,"Chest Implant: Stamina, Shiny",1
27,109102,109103,27,0,"Chest Implant: Dimach, Shiny",1
27,109198,109199,27,0,"Chest Implant: Body Dev, Shiny",1
27,109250,109251,27,0,"Chest Implant: Melee/Ma AC, Shiny",1
27,109252,109253,27,0,"Chest Implant: Energy AC, Shiny",1
27,109260,109261,27,0,"Chest Implant: Stamina, Shiny",1
27,109279,109280,27,0,"Left-Arm Implant: Brawling, Shiny",1
27,109355,109266,27,0,"Left-Arm Implant: Brawling, Shiny",1
27,109362,109363,27,0,"Left-Arm Implant: 2h Blunt, Bright",1
27,109370,109371,27,0,"Left-Arm Implant: Break & Entry, Bright",1
27,109413,109414,27,0,"Right-Wrist Implant: Pistol, Shiny",1
27,109417,109418,27,0,"Right-Wrist Implant: Ranged. Init, Shiny",1
27,109481,109482,27,0,"Right-Wrist Implant: Pistol, Shiny",1
27,109494,109495,27,0,"Right-Wrist Implant: Riposte, Shiny",1
27,109544,109545,27,0,"Right-Wrist Implant: Ranged. Init, Shiny",1
27,109622,109623,27,0,"Right-Wrist Implant: Sharp Obj, Shiny",1
27,109658,109659,27,0,"Right-Wrist Implant: Burst, Bright",1
27,109770,109723,27,0,"Right-Wrist Implant: Parry, Shiny",1
27,109846,109847,27,0,"Right-Wrist Implant: Full Auto, Bright",1
27,110068,110069,27,0,"Right-Wrist Implant: Ranged. Init, Shiny",1
27,110144,110145,27,0,"Waist Implant: Cold AC, Shiny",2
27,110204,110205,27,0,"Waist Implant: Fire AC, Shiny",1
27,110302,110303,27,0,"Waist Implant: Radiation AC, Shiny",1
27,110318,110319,27,0,"Waist Implant: Sense, Bright",1
27,110364,110365,27,0,"Waist Implant: Fire AC, Shiny",1
27,110578,110579,27,0,"Waist Implant: Cold AC, Shiny",2
27,110604,110605,27,0,"Waist Implant: Chemical AC, Shiny",1
27,110640,110641,27,0,"Waist Implant: Max Nano, Bright",1
27,110736,110737,27,0,"Waist Implant: Chemical AC, Shiny",1
27,110856,110857,27,0,"Waist Implant: Cold AC, Shiny",1
27,110882,110901,27,0,"Waist Implant: Radiation AC, Shiny",1
27,110918,110937,27,0,"Waist Implant: Fire AC, Shiny",1
27,110940,110941,27,0,"Waist Implant: Chemical AC, Shiny",1
27,110950,110951,27,0,"Waist Implant: Chemical AC, Shiny",1
27,110958,110959,27,0,"Waist Implant: Sense, Bright",1
27,111028,111029,27,0,"Waist Implant: Cold AC, Shiny",1
27,111341,111342,27,0,"Waist Implant: Radiation AC, Shiny",1
27,111365,111366,27,0,"Waist Implant: Fire AC, Shiny",1
27,111369,111370,27,0,"Waist Implant: Chemical AC, Shiny",1
27,111460,111461,27,0,"Right-Hand Implant: Sharp Obj, Bright",1
27,111498,111499,27,0,"Right-Hand Implant: Martial Arts, Shiny",1
27,111529,111530,27,0,"Right-Hand Implant: Martial Arts, Shiny",1
27,111592,111593,27,0,"Right-Hand Implant: Martial Arts, Shiny",1
27,111606,111675,27,0,"Right-Hand Implant: Martial Arts, Shiny",1
27,111742,111794,27,0,"Right-Hand Implant: Weapon Smt, Shiny",1
27,111755,111756,27,0,"Right-Hand Implant: Weapon Smt, Shiny",1
27,111838,111839,27,0,"Right-Hand Implant: Martial Arts, Shiny",1
27,112118,112119,27,0,"Right-Hand Implant: First Aid, Bright",1
27,112222,112223,27,0,"Right-Hand Implant: Weapon Smt, Shiny",1
27,112232,112233,27,0,"Right-Hand Implant: Shotgun, Bright",1
27,112282,112283,27,0,"Right-Hand Implant: Martial Arts, Shiny",1
27,112324,112325,27,0,"Right-Hand Implant: Weapon Smt, Shiny",1
27,112340,112341,27,0,"Right-Hand Implant: Weapon Smt, Shiny",1
27,112346,112347,27,0,"Right-Hand Implant: Trap Disarm, Shiny",1
27,112508,112509,27,0,"Right-Hand Implant: Weapon Smt, Shiny",1
27,112672,112673,27,0,"Right-Hand Implant: Trap Disarm, Shiny",1
27,112678,112679,27,0,"Right-Hand Implant: Sharp Obj, Bright",1
27,112903,112904,27,0,"Right-Hand Implant: Sharp Obj, Bright",1
27,112976,112977,27,0,"Leg Implant: Adventuring, Shiny",1
27,113017,113018,27,0,"Right-Hand Implant: Trap Disarm, Shiny",1
27,113029,113030,27,0,"Right-Hand Implant: Martial Arts, Shiny",1
27,113048,113049,27,0,"Right-Hand Implant: Martial Arts, Shiny",1
27,113090,113091,27,0,"Right-Hand Implant: Trap Disarm, Shiny",1
27,113329,113330,27,0,"Leg Implant: Agility, Shiny",2
27,113497,113498,27,0,"Leg Implant: Adventuring, Shiny",1
27,113560,113561,27,0,"Feet Implant: Dodge-Rng, Bright",1
27,113597,113598,27,0,"Feet Implant: Concealment, Shiny",1
27,113605,113606,27,0,"Feet Implant: Melee. Init, Shiny",1
27,116801,116801,34,0,Nano Crystal (Patchy Repairs),1
27,118117,118117,37,0,Nano Crystal (Thicken Skin),1
27,118255,118255,31,0,Nano Crystal (Elementary Delayed Health Payment),1
27,120573,142656,27,0,Senpai Tertius Decus Armor Helmet,2
27,120609,120609,1,0,Omni-Med Cloak,4
27,121151,121151,37,0,Nano Crystal (Fearsome Shout),1
27,121305,121304,27,0,Information Tool - Aggressive,1
27,121306,121307,27,0,Information Tool - Level,1
27,121309,121308,27,0,Information Tool - Life and Nano Points,1
27,121348,121348,18,0,Nano Crystal (Team Skill Wrangler (Weak)),1
27,121351,121351,27,0,Nano Crystal (Team Skill Wrangler (Patchy)),1
27,121366,121366,21,0,Nano Crystal (Skill Wrangler (Minor)),2
27,121375,121375,34,0,Nano Crystal (Skill Wrangler (Commonplace)),1
27,121519,121519,17,0,Nano Crystal (Apprentice Health Haggler),1
27,121520,121520,34,0,Nano Crystal (Capable Health Haggler),1
27,121650,121651,27,0,Long-Axe Hyper 200x,1
27,121667,121668,27,0,Second-Hand Thagh Whings,1
27,121705,121706,27,0,Edge-Less Whings,1
27,121724,121725,27,0,Edge-Less Haxor 9922,1
27,121743,121744,27,0,Cast-Off Right Slice,1
27,121762,121763,27,0,Cast-Off Mini Axe,2
27,121781,121782,27,0,Cast-Off Subturbine,2
27,121857,121858,27,0,Cast-Off Chunkprojector,1
27,121876,121877,27,0,Cast-Off Plasmaprojector,1
27,121895,121896,27,0,Cast-Off Heavy Grinner,2
27,121933,121934,27,0,Cast-Off Gatling Saw 20k,2
27,121971,121972,27,0,Edge-Less Katana,1
27,121990,121991,27,0,Cast-Off Blackened Miniblaster,2
27,122009,122010,27,0,Cast-Off Blackened Blaster,2
27,122028,122029,27,0,Cast-Off Triplejolt,1
27,122085,122086,27,0,Cast-Off Blackened Blaster Rifle,3
27,122142,122143,27,0,Cast-Off Cutlass,1
27,122161,122162,27,0,Edge-Less E-Blade,1
27,122180,122181,27,0,Cast-Off Megajolt,1
27,122237,122238,27,0,Cast-Off Electrical Pacifier,1
27,122275,122276,27,0,Cast-Off Kolt PDW-37,1
27,122313,122314,27,0,Cast-Off Stanton Stunner IV,1
27,122351,122352,27,0,Cast-Off Metaphysic Energy Shield,2
27,122389,122390,27,0,Cast-Off Esoteric Energy Buckler,1
27,122408,122409,27,0,Cast-Off Energy Buckler,2
27,122427,122428,27,0,Cast-Off Mausser Particle Streamer,1
27,122446,122447,27,0,Cast-Off El Dieu,1
27,122465,122466,27,0,Cast-Off El Diablo,2
27,122484,122485,27,0,Cast-Off Ingram Blaster 23-X,6
27,122522,122523,27,0,Cast-Off Omni-Flamer Strategic,1
27,122598,122599,27,0,Cast-Off Blackhole Mk IX,1
27,122617,122618,27,0,Cast-Off Aero Borealis Corona,4
27,122636,122637,27,0,Cast-Off The Original Plasma-Emitter,1
27,122655,122656,27,0,Cast-Off Silver Miniblaster,1
27,122674,122675,27,0,Cast-Off Heavy Lead Sprayer,1
27,122693,122694,27,0,Cast-Off Advanced Baseballbat,2
27,122731,122732,27,0,Cast-Off Blackjack,1
27,122750,122751,27,0,Edge-Less Two-Handed Blackjack,2
27,122769,122770,27,0,Cast-Off Bow-Blaster,4
27,122826,122827,27,0,Chair,1
27,122831,122832,27,0,Cast-Off Titanium Crowbar,1
27,122869,122870,27,0,Cast-Off Grenade-Thrower,1
27,122888,122889,27,0,Cast-Off Minielectronium,2
27,122907,122908,27,0,Edge-Less Support Beam,2
27,122926,122927,27,0,Edge-Less Blackjohn,3
27,122945,122946,27,0,Cast-Off Mace,1
27,122964,122965,27,0,Edge-Less Notum Staff,1
27,123021,123022,27,0,Cast-Off Mini-Shotgun,1
27,123097,123098,27,0,Cast-Off DNA-Targeted Executioner Pistol,1
27,123116,123117,27,0,Cast-Off Bow Split,1
27,123133,123134,27,0,Ill-Treated Heavy Gamma-Beamer,1
27,123173,123174,27,0,Cast-Off Electron-Charged Pistol,1
27,123192,123193,27,0,Cast-Off Suppressor,2
27,123267,123268,27,0,Ill-Treated Nova Flow - Mk IV,1
27,123332,123333,27,0,Chipped Banjo,1
27,123345,123346,27,0,Cast-Off Hand Axe,1
27,123440,123441,27,0,Cast-Off Ultra-Light Missile Pistol Raid 9-X,1
27,123497,123498,27,0,Cast-Off IMI Desert Reet 1000,3
27,123516,123517,27,0,Cast-Off Khemo-Tech Model 200,1
27,123571,123572,27,0,Ill-Treated OT 0220 22mm Combat Magnum,1
27,123649,123650,27,0,Cast-Off Sentinels ETE Strike Gun,2
27,123687,123688,27,0,Cast-Off Seburo Bobsons,2
27,123704,123705,27,0,Rotting OT Biomag,2
27,123791,123792,27,0,MTI VP300 Proto Pink,1
27,123839,123840,27,0,Zastaba Cz-200 Assault Pistol ,2
27,123846,123847,27,0,Freedom Arms Super 90 ,1
27,123855,123856,27,0,Second-Hand Old English Trading Co.,3
27,123868,123869,27,0,Old Atlas Bern C.V.,1
27,123879,123880,27,0,Worn BigBurger Inc.,3
27,123888,123889,27,0,HSR Arms,1
27,123895,123896,27,0,Shortened OT Backup,1
27,123911,123912,27,0,MTI SOCOM Mk IV,1
27,123928,123929,27,0,Rusty FN 7-7 Pistol,1
27,123935,123936,27,0,MTI USP 1200,1
27,123946,123947,27,0,Galahad Inc T70 Salamanca,2
27,123968,123970,27,0,Rusty OT Boomer M30,1
27,123976,123977,27,0,Gripo-Com AKR 1K20,1
27,123985,123985,27,0,Rusty MTI-OT PF55 Flechette System,1
27,124044,124045,27,0,F.D.A. Insurgent Moth,1
27,124070,124071,27,0,M52A Pulse Rifle,1
27,124136,124137,27,0,ICC Arms 2Q2B Gun Bag,2
27,124164,124165,27,0,MTI SL70 Rifle ,1
27,124185,124186,27,0,OT-Windchaser RM70,1
27,124258,124259,27,0,Vektor ND Shotgun,1
27,124286,124286,27,0,Rusty OT-Windchaser SM30 Shotgun,1
27,124304,124305,27,0,Old English Trading Co. Urban Sniper,1
27,124341,124342,27,0,Tsakachumi PTO-HV Counter-Sniper Rifle,2
27,124350,124351,27,0,OT M500 SWAT Rifle,1
27,124359,124360,27,0,MTI G-90A3,1
27,124369,124370,27,0,Barret M-00 Anti-Material Rifle,5
27,124386,124387,27,0,Rusty MTI G02K,1
27,124400,124401,27,0,Vektor V.21 Flechette Rifle,1
27,124411,124412,27,0,MTI G-70 Zaman,1
27,124424,124425,27,0,MTI B-94,2
27,124431,124432,27,0,Bent BBI Minami-90,3
27,124467,124468,27,0,Gripo-Com AKMR 1K20,2
27,124484,124485,27,0,Ingram Morning Star,1
27,124487,124488,27,0,Manex SD 4004,1
27,124494,124495,27,0,Old Manex STR 77,2
27,124512,124513,27,0,Sentinels Personal Edition,1
27,124545,124546,27,0,YES Support 1010,1
27,124581,124582,27,0,Cast-Off OT Viper IX,3
27,124626,124627,27,0,Cast-Off MTI UMP22,1
27,124664,124665,27,0,Cast-Off Malorian Arms M25 Goodgun,3
27,124683,124684,27,0,Cast-Off MTI MPK-22 Briefcase Gun,1
27,124704,124705,27,0,Over-Tuned Seburo C-19a,1
27,124732,124733,27,0,Cast-Off FN P00,1
27,124751,124752,27,0,Cast-Off BBI WMMA CAW,1
27,124819,124820,27,0,Cast-Off OT M-70 HardRain GPMG,1
27,124857,124858,27,0,Cast-Off Planet Gripon Arms Hard-Boomer,1
27,124876,124877,27,0,Cast-Off GE ME30 Mom,2
27,124893,124894,27,0,Cast-Off OT M-00 Crystal,1
27,124931,124932,27,0,Cast-Off IEC Flashpoint Laser Rifle,2
27,125026,125027,27,0,Cast-Off Joint Clans Patriot,4
27,125045,125046,27,0,Cast-Off Reet-Tech Junior Urban Crossbow,5
27,125064,125065,27,0,Cast-Off Reet-Tech Venom Compound Bow,1
27,125083,125084,27,0,Cast-Off Oneida Razor Half-Bow,1
27,125298,125299,27,0,Bent Peasant Squibber,1
27,125313,125314,27,0,Bent Merchant Squibber,2
27,125330,125331,27,0,Splintered Large Rider Squibber,1
27,125345,125346,27,0,Bent Protector Squibber,2
27,125402,125403,27,0,Bent Protector Executioner,3
27,125459,125460,27,0,5th level Ninja Wakisashi,1
27,128627,128628,27,0,Rusty Ares Arms AR-90 Jet Rifle,2
27,128676,128677,27,0,Cast-off HSR Arms Tech Assault V,1
27,128710,128711,27,0,Rusty River Series 6,1
27,128717,128718,27,0,Cast-off Galahad Inc. 077 Personal Weapon,5
27,128741,128742,27,0,Cast-off Galahad Inc. Tactical Machine Pistol 102,1
27,128760,128761,27,0,Cast-off Fabrique Des Armes Bizon 20-19,2
27,128789,128790,27,0,Battered Old English Trading Co. SPP-502,2
27,128794,128795,27,0,Cast-off OT Cobra M-33,2
27,128813,128814,27,0,Cast-off Zastaba M0-2 Assault Weapon (Zero),2
27,128860,128861,27,0,Cast-off MTI MPK-22 ,2
27,128873,128874,27,0,Cast-off Arwen MM-50 Grenade Launcher,1
27,128916,128917,27,0,Water balloon,1
27,128940,128941,27,0,Edge-less Peasant Warblade,1
27,128978,128979,27,0,Edge-less Rider Warblade,1
27,128997,128998,27,0,Edge-less Protector Warblade,1
27,129047,129048,27,0,9th level Ninja Katana,1
27,129069,129070,27,0,Sparkling Breathing Space,1
27,129640,129641,27,0,Junior Wen-Wen,1
27,130007,130008,27,0,Run Speed Cluster - Shiny (Right-Wrist),1
27,130053,130054,27,0,Cracked Featherwood Staff,1
27,130062,130063,27,0,Cracked Heavy Staff,1
27,130074,130074,27,0,Bent Light Staff,1
27,130163,130164,27,0,Loose MTI Sword,3
27,130183,130184,27,0,Whistling Hot Air Stick,2
27,130201,130202,27,0,Loose Bloodworm Carapace,1
27,130333,130343,27,0,"Left-Wrist Implant: Run Speed, Bright",1
27,130397,130398,27,0,"Leg Implant: Melee. Init, Bright",1
27,136699,136699,34,0,Nano Crystal (Natural Cure),1
27,142655,142654,27,0,Senpai Tertius Decus Armor Pants,4
27,142660,142659,27,0,Senpai Tertius Decus Armor Boots,2
27,142662,142661,27,0,Senpai Tertius Decus Body Armor,4
27,142665,142664,27,0,Senpai Tertius Decus Armor Sleeves,3
27,142857,142858,27,0,Over-tuned Eye Wind Onehander,2
27,143846,143847,27,0,Cast-Off Sunburst Mk IV,1
27,144103,144104,27,0,Cast-off Freedom Arms 4200,2
27,144148,144149,27,0,Edge-less Burning Copper Katana,2
27,150176,150177,27,0,,1
27,150223,150224,27,0,,2
27,150241,150242,27,0,,1
27,150256,150257,27,0,,3
27,150306,150307,27,0,,2
27,150637,150637,24,0,,1
27,151775,151775,17,0,,2
27,151776,151776,24,0,,2
27,151778,151778,21,0,,2
27,151779,151779,21,0,,1
27,152066,152067,27,0,,3
27,152122,152123,27,0,,3
27,152137,152138,27,0,,4
27,152158,152159,27,0,,1
27,152187,152187,18,0,,1
27,152281,152282,27,0,,2
27,152341,152342,27,0,,3
27,152358,152359,27,0,,1
27,152371,152372,27,0,,2
27,152388,152389,27,0,,1
27,152734,152735,27,0,,1
27,152749,152750,27,0,,1
27,153083,153084,27,0,,1
27,154069,150213,27,0,,1
27,154739,154739,17,0,,2
27,155367,155367,34,0,,2
27,155378,155378,21,0,,1
27,156133,156133,24,0,,1
27,156144,156144,17,0,,1
27,157549,157549,21,0,,1
27,157550,157550,34,0,,1
27,158035,158034,27,0,,1
27,158038,158039,27,0,,1
27,158045,158046,27,0,,2
27,159021,159022,27,0,,1
27,159040,159041,27,0,,1
27,159083,159087,27,0,,1
27,160096,160097,27,0,,2
27,160216,160217,27,0,,3
27,160236,160237,27,0,,3
27,160247,160248,27,0,,3
27,160264,160265,27,0,,2
27,160279,160280,27,0,,2
27,160476,160477,27,0,,1
27,160485,160486,27,0,,1
27,163389,163389,24,0,,2
27,166253,166254,27,0,,2
27,171923,171924,27,0,,1
27,178130,178131,27,0,,1
27,178166,178167,27,0,,1
27,190730,190275,27,0,,1
27,191131,191132,27,0,,1
27,191259,191260,27,0,,1
27,191612,191170,27,0,,1
27,202740,202740,30,0,,1
27,202829,202829,30,0,,2
27,202869,202869,35,0,,1
27,203122,203122,30,0,,3
27,203124,203124,36,0,,2
27,203136,203136,33,0,,1
27,203150,203150,31,0,,1
27,203214,203214,20,0,,1
27,203658,203658,22,0,,2
27,203977,203977,21,0,,2
27,204103,204104,27,0,,1
27,204267,204268,27,0,,1
27,205196,205196,34,0,,2
27,205224,205225,27,0,,1
27,205232,205232,37,0,,1
27,205288,205288,30,0,,1
27,206289,206290,27,0,,1
27,210300,210300,20,0,,3
27,210312,210312,27,0,,3
27,210356,210356,17,0,,4
27,210388,210388,21,0,,2
27,210485,210485,20,0,,2
27,210614,210614,35,0,,3
27,210672,210672,31,0,,2
27,210735,210735,29,0,,6
27,210747,210747,36,0,,3
27,210788,210788,22,0,,2
27,211153,211153,19,0,,6
27,218744,218745,27,0,,3
27,218824,218825,27,0,,1
27,227473,227473,30,0,,19
30,23314,23316,30,0,Simple First-Aid Kit,1
30,27383,27383,1,0,Omni-Med Suit Shirt,1
30,27385,27385,1,0,Omni-Med Suit Sleeves,1
30,27386,27386,1,0,Omni-Med Suit Trousers,1
30,27805,27805,24,0,Nano Crystal (Blood Circle),1
30,28744,28744,33,0,Nano Crystal (Survival Aid),1
30,28785,28785,37,0,Nano Crystal (Premium Cover),3
30,28787,28787,33,0,Nano Crystal (Specialist Treatment),1
30,28789,28789,30,0,Nano Crystal (Superior Healing),2
30,28798,28798,33,0,Nano Crystal (Blight),1
30,28923,28923,37,0,Nano Crystal (Elusive Target),1
30,28935,28935,27,0,Nano Crystal (Give Energy: 50),2
30,28956,28956,24,0,Nano Crystal (Rubber Skin),2
30,29102,29102,33,0,Nano Crystal (Apprentice: Weapon Smithing),1
30,29337,29337,40,0,Nano Crystal (Damage Amplifier),2
30,29358,29358,24,0,Nano Crystal (Pistol Mastery),5
30,29372,29372,37,0,Nano Crystal (BioMet Mastery),1
30,29804,29804,27,0,Nano Crystal (Glowing Retribution),1
30,29806,29806,30,0,Nano Crystal (Headcracker),1
30,29858,29858,40,0,Nano Crystal (Quick Weapon),1
30,30758,30758,27,0,Nano Crystal (Apprentice: Field Quantum Physics),1
30,30771,30771,20,0,Nano Crystal (Frequent Customer),1
30,31419,31419,27,0,Nano Crystal (Contact Poison),1
30,31422,31422,27,0,Nano Crystal (Embrace of Shadows),1
30,31500,31500,1,0,Grey Cloak,2
30,31501,31501,1,0,Green Cloak,3
30,31502,31502,1,0,Brown Cloak,2
30,31503,31503,1,0,Blue Cloak,4
30,31504,31504,1,0,Jean Trenchcoat,1
30,31505,31505,1,0,Black Trenchcoat,2
30,31506,31506,1,0,Black Omni-Tek Commander Cloak,1
30,31516,31516,1,0,Trenchcoat,2
30,31517,31517,1,0,Black Cloak,1
30,31528,31528,1,0,Red Cloak Hood,1
30,31530,31530,1,0,Grey Cloak Hood,2
30,31532,31532,1,0,Brown Cloak Hood,3
30,31533,31533,1,0,Blue Cloak Hood,2
30,31534,31534,1,0,Black Cloak Hood,2
30,32073,32073,33,0,Nano Crystal (False Profession: Bureaucrat),1
30,32078,32078,40,0,Nano Crystal (False Profession: Nanotechnician),1
30,32100,32100,40,0,Nano Crystal (Ruse of Taren - Phase 1),1
30,32103,32103,20,0,Nano Crystal (Shadow Crown),3
30,36778,36786,30,0,4 - 7 NCU Memory,1
30,36782,36777,30,0,Belt Component Platform Ti-200X,2
30,38531,38531,24,0,Nano Crystal (Team Terrain Knowledge),1
30,43145,43146,30,0,Attack of the Snake,2
30,43552,43551,30,0,Portable Surgery Clinic,1
30,43777,43777,37,0,Nano Crystal (Summon Rage Materialization),1
30,43780,43780,14,0,Nano Crystal (Summon Fury Externalization),4
30,43930,43930,20,0,Nano Crystal (Team Field Dressings),1
30,43938,43938,40,0,Nano Crystal (Recurrent Remedy),1
30,43941,43941,40,0,Nano Crystal (Restorative Boost),1
30,43954,43954,27,0,Nano Crystal (Periodic Checkup),1
30,44198,44198,33,0,Nano Crystal (Cancerous Burrower),2
30,44203,44203,37,0,Nano Crystal (Minor Consuming Toxin),3
30,44204,44204,20,0,Nano Crystal (Primitive Nano Gorger),1
30,45394,45394,40,0,Nano Crystal (Cellular Decay),1
30,45396,45396,24,0,Nano Crystal (Chemical Burn),1
30,45397,45397,24,0,Nano Crystal (Accelerated Decay),1
30,45400,45400,30,0,Nano Crystal (Aggressive Mutagen),1
30,45945,45945,27,0,Nano Crystal (Wind Blade),1
30,45947,45947,24,0,Nano Crystal (Smiting Missile),1
30,45987,45987,20,0,Nano Crystal (Dual Energized Beams),1
30,46033,46033,20,0,Nano Crystal (Patchwork Android),1
30,46075,46075,30,0,Nano Crystal (Common Android),1
30,46417,46417,37,0,Nano Crystal (Supervisor-Grade Attendant-Droid),2
30,46419,46419,20,0,Nano Crystal (Supervisor-Grade Helper-Droid),1
30,46425,46425,30,0,Nano Crystal (Limited Attendant-Droid),2
30,46466,46466,27,0,Nano Crystal (Basic Attendant-Droid),1
30,49819,49819,33,0,Nano Crystal (Challenger to Titan),2
30,49827,49827,40,0,Nano Crystal (Brave Challenger to Titan),1
30,55679,55678,30,0,Weapon Smithing Tutoring Device,2
30,55681,55680,30,0,Psychology Tutoring Device,1
30,55683,55682,30,0,Pharma Tech Tutoring Device,1
30,55687,55686,30,0,Computer Literacy Tutoring Device,3
30,55688,55677,30,0,Chemistry Tutoring Device,1
30,55690,55689,30,0,Mechanical Engineering Tutoring Device,1
30,55692,55691,30,0,Field Quantum Physics Tutoring Device,1
30,55759,55759,20,0,Nano Crystal (Field of Sparks),1
30,55775,55775,24,0,Nano Crystal (Electrical Chastiser),1
30,55842,55842,24,0,Nano Crystal (Enshroud with Barbs),2
30,55843,55843,37,0,Nano Crystal (Cloak of Fire),5
30,56177,56177,40,0,Nano Crystal (Weak Gravity Pull),1
30,56239,56239,33,0,Nano Crystal (Lesser Paralyze with Indecision),2
30,56251,56251,27,0,Nano Crystal (Lesser Prolong Encounter),5
30,56260,56260,37,0,Nano Crystal (Profiteer's Grip),2
30,70253,70252,30,0,Deflection Shield,1
30,70254,70251,30,0,Damage Shield Projector,1
30,70384,70384,37,0,Nano Crystal (Deflection Shield (Extended)),3
30,70389,70389,30,0,Nano Crystal (Lesser Deflection Shield (Extended)),2
30,70390,70390,24,0,Nano Crystal (Lesser Deflection Shield),2
30,70558,85640,30,0,Battered Low-Tech Armor Boots,4
30,70559,85689,30,0,Battered Low-Tech Body Armor,2
30,70560,85688,30,0,Battered Low-Tech Female Body Armor,1
30,70561,85744,30,0,Battered Low-Tech Armor Sleeves,2
30,70562,85597,30,0,Battered Low-Tech Armor Gloves,1
30,70563,85558,30,0,Battered Low-Tech Armor Helmet,2
30,70564,85515,30,0,Battered Low-Tech Armor Pants,1
30,70565,85514,30,0,Battered Low-Tech Armor Shorts,2
30,70583,70583,33,0,Nano Crystal (Basic Protective Field),1
30,70584,70584,27,0,Nano Crystal (Basic Shielding Barrier),1
30,70585,70585,20,0,Nano Crystal (Flawed Defensive Screen),1
30,70586,70586,37,0,Nano Crystal (Basic Defensive Screen),1
30,70611,70611,30,0,"Bright, Blue, Cloudless Sky",1
30,75369,75369,20,0,Nano Crystal (Lesser Wilderness Protection),1
30,75417,75417,20,0,Nano Crystal (Lesser Combat Barrier),1
30,75419,75419,37,0,Nano Crystal (Lesser Absorption Shield),2
30,78421,78421,20,0,Nano Crystal (Health Funnel),3
30,78427,78427,40,0,Nano Crystal (Sophisticated Health Funnel),1
30,81838,81838,40,0,Nano Crystal (Meditate on an Autumn Leaf),1
30,81839,81839,27,0,Nano Crystal (Lotus on Water),2
30,81847,81847,20,0,Nano Crystal (Energized Fists),1
30,81897,81897,24,0,Nano Crystal (Nano Augmentation),4
30,81929,81929,30,0,Nano Crystal (Hired Hands),2
30,81953,81953,27,0,Nano Crystal (Lesser Mysterious Causes),1
30,82066,82066,40,0,Nano Crystal (Team Healing Touch),1
30,82070,82070,20,0,Nano Crystal (Restore Essence),2
30,82077,82077,33,0,Nano Crystal (Team Survival Technique),2
30,82193,82193,40,0,Nano Crystal (Capture Attention),1
30,82806,82806,20,0,Nano Crystal (Active Micro Entanglement),1
30,82808,82808,37,0,Nano Crystal (Lesser Delay the Inevitable),2
30,82812,82812,30,0,Nano Crystal (Stumbling Steps),1
30,82838,82838,20,0,Nano Crystal (Pronouncement of Greatness),2
30,82839,82839,24,0,Nano Crystal (Sparrow Flight),2
30,83965,83965,37,0,Nano Crystal (Wild Eye Gouger),1
30,83968,83968,20,0,Nano Crystal (Mass Claw Eyes),1
30,84160,84160,30,0,Cloaking Device,1
30,85319,85319,37,0,Nano Crystal (Lesser Weighty Announcement),1
30,85322,85322,27,0,Nano Crystal (Lesser Delay Pursuers),2
30,85366,85367,30,0,Simple Nano Kit,1
30,85477,21917,30,0,Worn Cyber Armor Sleeves,1
30,85481,85690,30,0,Battered Leather Vest,7
30,85494,22347,30,0,Worn Steel-Ribbed Armor Pants,4
30,85496,85495,30,0,Inferior Titan Plasteel Armor Pants,1
30,85498,85497,30,0,Inferior Vito's Plasteel Armor Pants,4
30,85500,85499,30,0,Inferior Chilled Plasteel Armor Pants,1
30,85502,22339,30,0,Recruit-Issue Omni-Pol Forest Armor Pants,2
30,85504,27394,30,0,Recruit-Issue Omni-Pol Desert Armor Pants,2
30,85510,85509,30,0,Inferior Nail Armor Pants,1
30,85512,85511,30,0,Worn Metaplast Armor Pants,1
30,85513,22313,30,0,Basic Martial Artist Suit Pants,1
30,85517,27360,30,0,Battered Flak Armor Pants,1
30,85519,85518,30,0,Battered Sid's Leather Armor Pants,2
30,85521,85520,30,0,Battered Leather Armor Pants,4
30,85525,85524,30,0,Inferior Raven's Energized Armor Pants,2
30,85526,22293,30,0,Inferior Energized Armor Pants,4
30,85530,85529,30,0,Worn Bau Cyber Armor Pants,1
30,85531,22289,30,0,Worn Cyber Armor Pants,1
30,85533,85532,30,0,Battered Light Combat Armor Pants,1
30,85541,22262,30,0,Worn Steel-Ribbed Armor Helmet,1
30,85543,85542,30,0,Inferior Titan Plasteel Armor Helmet,1
30,85545,85544,30,0,Inferior Vito's Plasteel Armor Helmet,1
30,85547,85546,30,0,Inferior Chilled Plasteel Armor Helmet,2
30,85548,22258,30,0,Inferior Heated Plasteel Armor Helmet,1
30,85549,22254,30,0,Recruit-Issue Omni-Pol Forest Armor Helmet,2
30,85551,27402,30,0,Recruit-Issue Omni-Pol Desert Armor Helmet,2
30,85554,85553,30,0,Battered Nomad Armor Helmet,3
30,85557,85556,30,0,Worn Metaplast Armor Helmet,1
30,85567,22223,30,0,Inferior Energized Armor Helmet,2
30,85571,85570,30,0,Worn Bau Cyber Armor Helmet,3
30,85572,22219,30,0,Worn Cyber Armor Helmet,5
30,85580,22212,30,0,Worn Steel-Ribbed Armor Gloves,2
30,85582,85581,30,0,Inferior Titan Plasteel Armor Gloves,1
30,85584,85583,30,0,Inferior Vito's Plasteel Armor Gloves,2
30,85586,85585,30,0,Inferior Chilled Plasteel Armor Gloves,4
30,85587,22208,30,0,Inferior Heated Plasteel Armor Gloves,2
30,85588,22204,30,0,Recruit-Issue Omni-Pol Forest Armor Gloves,1
30,85593,85592,30,0,Battered Nomad Armor Gloves,1
30,85596,85595,30,0,Worn Metaplast Armor Gloves,2
30,85600,85599,30,0,Battered Sid's Leather Armor Gloves,2
30,85602,85601,30,0,Battered Leather Armor Gloves,1
30,85606,85605,30,0,Inferior Raven's Energized Armor Gloves,4
30,85607,22170,30,0,Inferior Energized Armor Gloves,2
30,85611,85610,30,0,Worn Bau Cyber Armor Gloves,2
30,85612,22166,30,0,Worn Cyber Armor Gloves,5
30,85620,22158,30,0,Worn Steel-Ribbed Armor Boots,2
30,85622,85621,30,0,Inferior Titan Plasteel Armor Boots,1
30,85624,85623,30,0,Inferior Vito's Plasteel Armor Boots,1
30,85626,85625,30,0,Inferior Chilled Plasteel Armor Boots,4
30,85627,22154,30,0,Inferior Heated Plasteel Armor Boots,1
30,85633,85632,30,0,Battered Nomad Armor Boots,2
30,85636,85635,30,0,Inferior Nail Armor Boots,1
30,85638,85637,30,0,Worn Metaplast Armor Boots,1
30,85641,22116,30,0,Inferior Kevlar Armor Boots,1
30,85643,85642,30,0,Battered Sid's Leather Armor Boots,2
30,85649,85648,30,0,Inferior Raven's Energized Armor Boots,5
30,85650,22108,30,0,Inferior Energized Armor Boots,2
30,85654,85653,30,0,Worn Bau Cyber Armor Boots,2
30,85655,22104,30,0,Worn Cyber Armor Boots,2
30,85657,85656,30,0,Battered Light Combat Armor Boots,3
30,85668,22080,30,0,Worn Steel-Ribbed Body Armor,3
30,85672,85671,30,0,Inferior Vito's Plasteel Body Armor,1
30,85674,85673,30,0,Inferior Chilled Plasteel Body Armor,4
30,85675,22076,30,0,Inferior Heated Plasteel Body Armor,1
30,85676,22072,30,0,Recruit-Issue Omni-Pol Forest Body Armor,2
30,85678,27398,30,0,Recruit-Issue Omni-Pol Desert Body Armor,1
30,85681,85680,30,0,Battered Nomad Body Armor,1
30,85684,85683,30,0,Inferior Nail Body Armor,3
30,85686,85685,30,0,Worn Metaplast Body Armor,1
30,85687,22046,30,0,Basic Martial Artist Suit Shirt,2
30,85691,22004,30,0,Inferior Kevlar Vest,2
30,85692,22026,30,0,Inferior Kevlar Body Armor,1
30,85693,27389,30,0,Battered Flak Body Armor,2
30,85695,85694,30,0,Battered Sid's Leather Body Armor,2
30,85697,85696,30,0,Battered Leather Body Armor,2
30,85701,85700,30,0,Inferior Raven's Energized Body Armor,1
30,85708,85707,30,0,Worn Bau Cyber Female Body Armor,1
30,85710,85709,30,0,Worn Bau Cyber Body Armor,3
30,85712,22010,30,0,Worn Cyber Body Armor,1
30,85724,21971,30,0,Worn Steel-Ribbed Armor Sleeves,4
30,85726,85725,30,0,Inferior Titan Plasteel Armor Sleeves,2
30,85728,85727,30,0,Inferior Vito's Plasteel Armor Sleeves,3
30,85730,85729,30,0,Inferior Chilled Plasteel Armor Sleeves,3
30,85731,21967,30,0,Inferior Heated Plasteel Armor Sleeves,1
30,85732,21963,30,0,Recruit-Issue Omni-Pol Forest Armor Sleeves,2
30,85734,27400,30,0,Recruit-Issue Omni-Pol Desert Armor Sleeves,1
30,85737,85736,30,0,Battered Nomad Armor Sleeves,2
30,85740,85739,30,0,Inferior Nail Armor Sleeves,2
30,85742,85741,30,0,Worn Metaplast Armor Sleeves,2
30,85745,21929,30,0,Inferior Kevlar Armor Sleeves,3
30,85746,27391,30,0,Battered Flak Armor Sleeves,1
30,85748,85747,30,0,Battered Sid's Leather Armor Sleeves,1
30,85750,85749,30,0,Battered Leather Armor Sleeves,1
30,85754,85753,30,0,Inferior Raven's Energized Armor Sleeves,3
30,85759,85758,30,0,Worn Bau Cyber Armor Sleeves,1
30,85761,85760,30,0,Battered Light Combat Armor Sleeves,3
30,86438,86438,1,0,Katara Sunglasses,1
30,87471,87471,1,0,Tattoo,1
30,87472,87472,1,0,Tattoo,1
30,87473,87473,1,0,Tattoo,1
30,87474,87474,1,0,Tattoo,1
30,87475,87475,1,0,Tattoo,1
30,87476,87476,1,0,Tattoo,2
30,87477,87477,1,0,Tattoo,3
30,87478,87478,1,0,Tattoo,1
30,87479,87479,1,0,Tattoo,1
30,87810,87814,30,0,Hacker Tool,2
30,88377,88378,30,0,Trimmer - Divert Energy to Offense,1
30,88379,88380,30,0,Trimmer - Divert Energy to Avoidance,1
30,88383,88384,30,0,Trimmer - Positive Aggressive-Defensive,1
30,88385,88386,30,0,Trimmer - Negative Aggressive-Defensive,1
30,95418,95418,24,0,Nano Crystal (Ease of Execution),2
30,95421,95421,33,0,Nano Crystal (Run-Time Recompiler),1
30,95454,95454,40,0,Nano Crystal (Coherent Nano Pathway),1
30,95518,95519,30,0,Nano Formula Recompiler,1
30,95723,95723,33,0,Nano Crystal (Combat Hardening),1
30,95737,95737,33,0,Nano Crystal (Essence of Boundless Health),2
30,95742,95742,33,0,Nano Crystal (Metabolism Booster),1
30,95748,95748,27,0,Nano Crystal (Enhance Constitution),2
30,97458,97458,30,0,Nano Crystal (Health Surge),1
30,99137,99137,40,0,Nano Crystal (Quench Anger),3
30,99138,99138,30,0,Nano Crystal (Quell Anger),1
30,99212,99212,20,0,Nano Crystal (Temporary Glamor),1
30,99214,99214,40,0,Nano Crystal (Soft Siren Call),1
30,99999,99999,1,0,"Body Tattoo, Back",2
30,100004,100004,1,0,"Body Tattoo, Front",1
30,100005,100005,1,0,"Body Tattoo, Front",2
30,100006,100006,1,0,"Body Tattoo, Back",1
30,100009,100009,1,0,"Body Tattoo, Back",1
30,100224,100224,27,0,Nano Crystal (Aggressive Instincts),2
30,100447,100447,30,0,Nano Crystal (Bewilder),1
30,101107,101108,30,0,"Eye Implant: Mult. Melee, Bright",1
30,101167,101168,30,0,"Chest Implant: 2h Blunt, Faded",2
30,101181,101182,30,0,Basic Left Arm Implant,1
30,101189,101190,30,0,"Left-Arm Implant: Brawling, Shiny",1
30,101275,101276,30,0,"Leg Implant: Imp/Proj AC, Shiny",1
30,101311,101312,30,0,Imp/Proj AC Cluster - Bright (Chest),1
30,101313,101314,30,0,Imp/Proj AC Cluster - Shiny (Leg),2
30,101315,101316,30,0,Melee/Ma AC Cluster - Faded (Leg),1
30,101319,101320,30,0,Melee/Ma AC Cluster - Shiny (Chest),1
30,101321,101322,30,0,Energy AC Cluster - Faded (Waist),2
30,101323,101324,30,0,Energy AC Cluster - Bright (Leg),1
30,101325,101326,30,0,Energy AC Cluster - Shiny (Chest),1
30,101327,101328,30,0,Chemical AC Cluster - Faded (Left-Arm),1
30,101329,101330,30,0,Chemical AC Cluster - Bright (Right-Arm),1
30,101331,101332,30,0,Chemical AC Cluster - Shiny (Waist),1
30,101333,101371,30,0,Radiation AC Cluster - Faded (Right-Arm),1
30,101337,101338,30,0,1h Blunt Cluster - Shiny (Right-Arm),1
30,101339,101340,30,0,1h Edged Weapon Cluster - Faded (Right-Hand),2
30,101341,101342,30,0,1h Edged Weapon Cluster - Bright (Right-Wrist),2
30,101345,101346,30,0,Melee Ener Cluster - Faded (Right-Wrist),1
30,101351,101352,30,0,2h Edged Cluster - Faded (Waist),3
30,101355,101356,30,0,2h Edged Cluster - Shiny (Right-Arm),1
30,101359,101360,30,0,Piercing Cluster - Bright (Left-Arm),2
30,101365,101366,30,0,2h Blunt Cluster - Bright (Left-Arm),1
30,101367,101368,30,0,2h Blunt Cluster - Shiny (Right-Arm),2
30,101372,101373,30,0,Radiation AC Cluster - Bright (Left-Arm),1
30,101374,101375,30,0,Radiation AC Cluster - Shiny (Waist),1
30,101390,101391,30,0,Fire AC Cluster - Bright (Left-Hand),2
30,101394,101395,30,0,Martial Arts Cluster - Faded (Left-Hand),2
30,101396,101397,30,0,Martial Arts Cluster - Bright (Feet),1
30,101400,101401,30,0,Mult. Melee Cluster - Faded (Right-Wrist),2
30,101402,101403,30,0,Mult. Melee Cluster - Bright (Eye),1
30,101404,101405,30,0,Mult. Melee Cluster - Shiny (Left-Wrist),1
30,101408,101409,30,0,Matter Crea Cluster - Faded (Eye),1
30,101410,101411,30,0,Matter Crea Cluster - Bright (Right-Hand),1
30,101412,101413,30,0,Matter Crea Cluster - Shiny (Head),2
30,101414,101415,30,0,Time & Space Cluster - Faded (Eye),1
30,101433,101434,30,0,Grenade Cluster - Shiny (Right-Arm),2
30,101437,101438,30,0,Heavy Weapons Cluster - Bright (Eye),1
30,101439,101440,30,0,Heavy Weapons Cluster - Shiny (Right-Arm),1
30,101443,101444,30,0,Bow Cluster - Bright (Left-Arm),1
30,101455,101456,30,0,Rifle Cluster - Bright (Right-Wrist),1
30,101457,101458,30,0,Rifle Cluster - Shiny (Eye),1
30,101459,101460,30,0,MG / SMG Cluster - Faded (Chest),2
30,101467,101468,30,0,Shotgun Cluster - Bright (Right-Hand),2
30,101469,101470,30,0,Shotgun Cluster - Shiny (Right-Arm),1
30,101473,101474,30,0,Assault Rif Cluster - Bright (Right-Hand),2
30,101477,101478,30,0,Vehicle Hydr Cluster - Faded (Ear),4
30,101485,101486,30,0,Melee. Init Cluster - Bright (Leg),2
30,101487,101488,30,0,Melee. Init Cluster - Shiny (Feet),4
30,101491,101492,30,0,Ranged. Init Cluster - Bright (Head),1
30,101493,101494,30,0,Ranged. Init Cluster - Shiny (Right-Wrist),2
30,101499,101500,30,0,Physic. Init Cluster - Shiny (Feet),2
30,101501,101502,30,0,Bow Spc Att Cluster - Faded (Right-Wrist),1
30,101507,101508,30,0,Sensory Impr Cluster - Faded (Chest),1
30,101513,101514,30,0,First Aid Cluster - Faded (Left-Hand),1
30,101517,101518,30,0,First Aid Cluster - Shiny (Head),3
30,101519,101520,30,0,Treatment Cluster - Faded (Right-Hand),2
30,101525,101526,30,0,Mech. Engi Cluster - Faded (Right-Arm),1
30,101527,101528,30,0,Mech. Engi Cluster - Bright (Eye),1
30,101529,101530,30,0,Mech. Engi Cluster - Shiny (Head),1
30,101531,101532,30,0,Elec. Engi Cluster - Faded (Right-Hand),1
30,101533,101534,30,0,Elec. Engi Cluster - Bright (Head),1
30,101547,101548,30,0,Bio.Metamor Cluster - Shiny (Head),2
30,101555,101556,30,0,Ranged Ener Cluster - Faded (Left-Hand),1
30,101557,101558,30,0,Ranged Ener Cluster - Bright (Eye),1
30,101561,101562,30,0,Multi Ranged Cluster - Faded (Eye),3
30,101569,101570,30,0,Trap Disarm Cluster - Bright (Left-Hand),1
30,101571,101572,30,0,Trap Disarm Cluster - Shiny (Right-Hand),2
30,101573,101574,30,0,Perception Cluster - Faded (Head),1
30,101577,101578,30,0,Perception Cluster - Shiny (Ear),1
30,101579,101580,30,0,Adventuring Cluster - Faded (Chest),1
30,101583,101584,30,0,Adventuring Cluster - Shiny (Leg),1
30,101593,101594,30,0,Vehicle Air Cluster - Bright (Ear),1
30,101607,101608,30,0,Tutoring Cluster - Shiny (Eye),1
30,101615,101616,30,0,Riposte Cluster - Faded (Right-Arm),2
30,101617,101618,30,0,Riposte Cluster - Bright (Left-Wrist),1
30,101625,101626,30,0,Dimach Cluster - Shiny (Chest),3
30,101627,101628,30,0,Parry Cluster - Faded (Right-Arm),1
30,101629,101630,30,0,Parry Cluster - Bright (Left-Wrist),1
30,101631,101632,30,0,Parry Cluster - Shiny (Right-Wrist),1
30,101633,101634,30,0,Sneak Atck Cluster - Faded (Eye),2
30,101637,101638,30,0,Sneak Atck Cluster - Shiny (Feet),1
30,101639,101640,30,0,Fast Attack Cluster - Faded (Right-Arm),1
30,101641,101642,30,0,Fast Attack Cluster - Bright (Right-Hand),1
30,101643,101644,30,0,Fast Attack Cluster - Shiny (Left-Hand),2
30,101645,101646,30,0,NanoC. Init Cluster - Faded (Chest),1
30,101647,101648,30,0,NanoC. Init Cluster - Bright (Eye),1
30,101649,101650,30,0,NanoC. Init Cluster - Shiny (Head),1
30,101651,101652,30,0,Fling Shot Cluster - Faded (Right-Wrist),1
30,101653,101654,30,0,Fling Shot Cluster - Bright (Right-Hand),1
30,101657,101658,30,0,Aimed Shot Cluster - Faded (Right-Hand),1
30,101659,101660,30,0,Aimed Shot Cluster - Bright (Right-Wrist),1
30,101665,101666,30,0,Body Dev Cluster - Bright (Waist),1
30,101667,101668,30,0,Body Dev Cluster - Shiny (Chest),1
30,101669,101670,30,0,Duck-Exp Cluster - Faded (Feet),2
30,101673,101674,30,0,Duck-Exp Cluster - Shiny (Leg),2
30,101677,101678,30,0,Dodge-Rng Cluster - Bright (Feet),1
30,101683,101684,30,0,Evade-ClsC Cluster - Bright (Leg),1
30,101685,101686,30,0,Evade-ClsC Cluster - Shiny (Feet),1
30,101687,101688,30,0,Quantum FT Cluster - Faded (Right-Hand),1
30,101691,101692,30,0,Quantum FT Cluster - Shiny (Head),1
30,101693,101694,30,0,Weapon Smt Cluster - Faded (Eye),1
30,101701,101702,30,0,Pharma Tech Cluster - Bright (Eye),1
30,101705,101706,30,0,Nano Progra Cluster - Faded (Right-Hand),2
30,101709,101710,30,0,Nano Progra Cluster - Shiny (Head),2
30,101711,101712,30,0,Comp. Liter Cluster - Faded (Right-Hand),1
30,101715,101716,30,0,Comp. Liter Cluster - Shiny (Head),3
30,101717,101718,30,0,Psychology Cluster - Faded (Eye),1
30,101719,101720,30,0,Psychology Cluster - Bright (Ear),1
30,101727,101728,30,0,Chemistry Cluster - Shiny (Head),1
30,101729,101730,30,0,Concealment Cluster - Faded (Eye),1
30,101731,101732,30,0,Concealment Cluster - Bright (Ear),2
30,101745,101746,30,0,Vehicle Grnd Cluster - Shiny (Head),1
30,101747,101748,30,0,Full Auto Cluster - Faded (Waist),1
30,101749,101750,30,0,Full Auto Cluster - Bright (Right-Wrist),1
30,101755,101756,30,0,Burst Cluster - Bright (Right-Wrist),3
30,101757,101758,30,0,Burst Cluster - Shiny (Right-Arm),1
30,101759,101760,30,0,Disease AC Cluster - Faded (Chest),3
30,101761,101762,30,0,Disease AC Cluster - Bright (Leg),1
30,101763,101764,30,0,Disease AC Cluster - Shiny (Head),2
30,101775,101776,30,0,Strength Cluster - Shiny (Right-Arm),2
30,101779,101780,30,0,Agility Cluster - Bright (Feet),2
30,101781,101782,30,0,Agility Cluster - Shiny (Leg),1
30,101789,101790,30,0,Intelligence Cluster - Faded (Ear),1
30,101791,101792,30,0,Intelligence Cluster - Bright (Eye),2
30,101793,101794,30,0,Intelligence Cluster - Shiny (Head),2
30,101799,101800,30,0,Sense Cluster - Shiny (Chest),1
30,101801,101802,30,0,Psychic Cluster - Faded (Ear),1
30,101803,101804,30,0,Psychic Cluster - Bright (Chest),1
30,101921,101922,30,0,"Eye Implant: Rifle, Shiny",1
30,101951,101952,30,0,"Eye Implant: Elec. Engi, Shiny",1
30,101963,101964,30,0,"Eye Implant: Tutoring, Shiny",1
30,102015,102016,30,0,"Eye Implant: Map Navig, Shiny",1
30,102148,102149,30,0,"Eye Implant: Map Navig, Shiny",1
30,102162,102163,30,0,"Eye Implant: Rifle, Shiny",1
30,102194,102195,30,0,"Eye Implant: Map Navig, Shiny",1
30,102250,102251,30,0,"Eye Implant: Map Navig, Shiny",1
30,102262,102263,30,0,"Eye Implant: Vehicle Grnd, Bright",1
30,102272,102273,30,0,"Eye Implant: Vehicle Air, Shiny",1
30,102346,102347,30,0,"Eye Implant: Aimed Shot, Shiny",1
30,102415,102416,30,0,"Eye Implant: Tutoring, Shiny",1
30,102433,102434,30,0,"Eye Implant: Mech. Engi, Bright",1
30,102463,102464,30,0,"Eye Implant: Map Navig, Shiny",1
30,102498,102499,30,0,"Eye Implant: Elec. Engi, Shiny",1
30,102545,102546,30,0,"Eye Implant: Elec. Engi, Shiny",1
30,102591,102592,30,0,"Eye Implant: Grenade, Bright",1
30,102609,102610,30,0,"Eye Implant: Elec. Engi, Shiny",1
30,102645,102646,30,0,"Eye Implant: Rifle, Shiny",1
30,102647,102648,30,0,"Eye Implant: Elec. Engi, Shiny",1
30,102698,102699,30,0,"Eye Implant: Elec. Engi, Shiny",1
30,102700,102701,30,0,"Eye Implant: Vehicle Air, Shiny",1
30,102702,102703,30,0,"Eye Implant: Map Navig, Shiny",1
30,102718,102719,30,0,"Eye Implant: Tutoring, Shiny",1
30,102724,102725,30,0,"Eye Implant: Rifle, Shiny",1
30,102832,102833,30,0,"Eye Implant: Vehicle Air, Shiny",1
30,102860,102861,30,0,"Eye Implant: Vehicle Air, Shiny",1
30,102929,102930,30,0,"Eye Implant: Vehicle Air, Shiny",1
30,102978,102979,30,0,"Eye Implant: Elec. Engi, Shiny",1
30,103021,103022,30,0,"Eye Implant: Map Navig, Shiny",1
30,103059,103060,30,0,"Eye Implant: Mult. Melee, Bright",1
30,103061,103062,30,0,"Eye Implant: Rifle, Shiny",1
30,103073,103074,30,0,"Eye Implant: Map Navig, Shiny",1
30,103102,103103,30,0,"Eye Implant: Vehicle Air, Shiny",1
30,103146,103147,30,0,"Eye Implant: Map Navig, Shiny",1
30,103153,103154,30,0,"Eye Implant: Tutoring, Shiny",1
30,103179,103180,30,0,"Eye Implant: Elec. Engi, Shiny",1
30,103183,103184,30,0,"Eye Implant: Map Navig, Shiny",1
30,103231,103232,30,0,"Eye Implant: Mech. Engi, Bright",1
30,103239,103240,30,0,"Eye Implant: Map Navig, Shiny",1
30,103258,103259,30,0,"Eye Implant: Elec. Engi, Shiny",1
30,103282,103283,30,0,"Eye Implant: Quantum FT, Bright",1
30,103318,103319,30,0,"Eye Implant: Elec. Engi, Shiny",1
30,103328,103329,30,0,"Eye Implant: Map Navig, Shiny",1
30,103352,103353,30,0,"Eye Implant: Elec. Engi, Shiny",2
30,103384,103385,30,0,"Eye Implant: Rifle, Shiny",1
30,103396,103397,30,0,"Eye Implant: Map Navig, Shiny",1
30,103451,103452,30,0,"Eye Implant: Tutoring, Shiny",1
30,103480,103481,30,0,"Eye Implant: Aimed Shot, Shiny",1
30,103494,103495,30,0,"Eye Implant: Tutoring, Shiny",1
30,103663,103664,30,0,"Eye Implant: Rifle, Shiny",1
30,103681,103682,30,0,"Eye Implant: Vehicle Air, Shiny",1
30,103779,103780,30,0,"Eye Implant: Rifle, Shiny",1
30,103803,103804,30,0,"Eye Implant: Aimed Shot, Shiny",1
30,103833,103834,30,0,"Eye Implant: Quantum FT, Bright",1
30,103841,103842,30,0,"Eye Implant: Map Navig, Shiny",1
30,103869,103870,30,0,"Eye Implant: Map Navig, Shiny",1
30,103924,103925,30,0,"Eye Implant: Rifle, Shiny",1
30,104013,104014,30,0,"Eye Implant: Aimed Shot, Shiny",1
30,104037,104038,30,0,"Eye Implant: Map Navig, Shiny",1
30,104095,104096,30,0,"Eye Implant: Tutoring, Shiny",1
30,104246,104247,30,0,"Eye Implant: Aimed Shot, Shiny",2
30,104303,104304,30,0,"Eye Implant: Map Navig, Shiny",1
30,104305,104306,30,0,"Eye Implant: Tutoring, Shiny",2
30,104360,104361,30,0,"Eye Implant: Pharma Tech, Bright",1
30,104489,104490,30,0,"Eye Implant: Map Navig, Shiny",1
30,104542,104543,30,0,"Eye Implant: Tutoring, Shiny",1
30,104590,104591,30,0,"Eye Implant: Sensory Impr, Bright",1
30,104617,104618,30,0,"Eye Implant: Elec. Engi, Shiny",1
30,104693,104694,30,0,"Eye Implant: Tutoring, Shiny",1
30,104726,104727,30,0,"Eye Implant: Vehicle Air, Shiny",1
30,104758,104759,30,0,"Eye Implant: Elec. Engi, Shiny",1
30,104764,104765,30,0,"Eye Implant: Map Navig, Shiny",1
30,104822,104823,30,0,"Eye Implant: Psycho Modi, Bright",1
30,104830,104831,30,0,"Eye Implant: Map Navig, Shiny",1
30,104842,104843,30,0,"Eye Implant: Vehicle Air, Shiny",1
30,104923,104924,30,0,"Eye Implant: Tutoring, Shiny",1
30,104960,104961,30,0,"Eye Implant: Rifle, Shiny",1
30,105058,105059,30,0,"Head Implant: Treatment, Shiny",1
30,105062,105063,30,0,"Head Implant: Mech. Engi, Shiny",1
30,105084,105085,30,0,"Head Implant: Psychology, Shiny",1
30,105221,105222,30,0,"Head Implant: First Aid, Shiny",1
30,105251,105252,30,0,"Head Implant: Ranged Ener, Shiny",1
30,105265,105266,30,0,"Head Implant: Pharma Tech, Shiny",1
30,105408,105409,30,0,"Head Implant: Chemistry, Shiny",1
30,105425,105426,30,0,"Head Implant: Vehicle Hydr, Shiny",1
30,105449,105450,30,0,"Head Implant: Matt.Metam, Shiny",1
30,105555,105556,30,0,"Head Implant: Matt.Metam, Shiny",1
30,105567,105568,30,0,"Head Implant: Matter Crea, Shiny",1
30,105631,105632,30,0,"Head Implant: Nano Resist, Shiny",1
30,105667,105668,30,0,"Head Implant: Bio.Metamor, Shiny",1
30,105755,105756,30,0,"Head Implant: Sensory Impr, Shiny",1
30,105862,105863,30,0,"Head Implant: Nano Resist, Shiny",1
30,105872,105873,30,0,"Head Implant: NanoC. Init, Shiny",1
30,106003,106004,30,0,"Head Implant: Max Nano, Shiny",2
30,106077,106078,30,0,"Head Implant: Nano Progra, Shiny",1
30,106101,106102,30,0,"Head Implant: Vehicle Hydr, Shiny",1
30,106201,106202,30,0,"Head Implant: Matt.Metam, Shiny",1
30,106265,106266,30,0,"Head Implant: Bow Spc Att, Shiny",1
30,106273,106274,30,0,"Head Implant: Max Nano, Shiny",1
30,106305,106306,30,0,"Head Implant: NanoC. Init, Shiny",1
30,106313,106314,30,0,"Head Implant: Nano Resist, Shiny",1
30,106373,106374,30,0,"Head Implant: Vehicle Grnd, Shiny",1
30,106449,106450,30,0,"Head Implant: NanoC. Init, Shiny",1
30,106683,106684,30,0,"Head Implant: NanoC. Init, Shiny",1
30,106741,106742,30,0,"Head Implant: Pharma Tech, Shiny",1
30,106793,106794,30,0,"Head Implant: Quantum FT, Shiny",1
30,106904,106905,30,0,"Head Implant: Time & Space, Shiny",1
30,106930,106931,30,0,"Head Implant: Psychology, Shiny",1
30,107039,107040,30,0,"Head Implant: Bow Spc Att, Shiny",1
30,107083,107084,30,0,"Head Implant: Max Nano, Shiny",1
30,107153,107154,30,0,"Head Implant: Psychic, Shiny",1
30,107272,107273,30,0,"Head Implant: Bio.Metamor, Shiny",1
30,107396,107397,30,0,"Right-Arm Implant: 2h Edged, Shiny",1
30,107400,107401,30,0,"Right-Arm Implant: 2h Edged, Shiny",1
30,107474,107475,30,0,"Right-Arm Implant: Fling Shot, Shiny",1
30,107483,107484,30,0,"Right-Arm Implant: Strength, Shiny",1
30,107508,107509,30,0,"Right-Arm Implant: Bow, Shiny",1
30,107558,107559,30,0,"Right-Arm Implant: Piercing, Shiny",1
30,107578,107579,30,0,"Right-Arm Implant: MG / SMG, Shiny",1
30,107609,107610,30,0,"Right-Arm Implant: Fling Shot, Shiny",1
30,107677,107678,30,0,"Right-Arm Implant: Fling Shot, Shiny",1
30,107709,107710,30,0,"Right-Arm Implant: 2h Edged, Shiny",1
30,107731,107732,30,0,"Right-Arm Implant: MG / SMG, Shiny",1
30,107737,107738,30,0,"Right-Arm Implant: Shotgun, Shiny",1
30,107781,107782,30,0,"Right-Arm Implant: MG / SMG, Shiny",1
30,107813,107814,30,0,"Right-Arm Implant: Bow, Shiny",1
30,107843,107844,30,0,"Right-Arm Implant: 2h Edged, Shiny",1
30,107859,107860,30,0,"Right-Arm Implant: Full Auto, Shiny",1
30,107935,107936,30,0,"Right-Arm Implant: 1h Blunt, Shiny",1
30,108089,108090,30,0,"Right-Arm Implant: Break & Entry, Shiny",1
30,108150,108151,30,0,"Right-Arm Implant: 2h Edged, Shiny",2
30,108202,108203,30,0,"Right-Arm Implant: Fling Shot, Shiny",1
30,108288,108289,30,0,"Right-Arm Implant: Piercing, Shiny",1
30,108320,108321,30,0,"Right-Arm Implant: 2h Edged, Shiny",1
30,108322,108323,30,0,"Right-Arm Implant: Piercing, Shiny",1
30,108408,108409,30,0,"Chest Implant: Body Dev, Shiny",1
30,108478,108479,30,0,"Chest Implant: Melee/Ma AC, Shiny",1
30,108720,108721,30,0,"Chest Implant: Stamina, Shiny",1
30,108744,108745,30,0,"Chest Implant: Dimach, Shiny",1
30,108746,108747,30,0,"Chest Implant: Body Dev, Shiny",1
30,108754,108755,30,0,"Chest Implant: Sense, Shiny",1
30,108774,108775,30,0,"Chest Implant: Stamina, Shiny",1
30,108828,108829,30,0,"Chest Implant: Nano Pool, Shiny",1
30,108836,108837,30,0,"Chest Implant: Body Dev, Shiny",1
30,108936,108937,30,0,"Chest Implant: Sense, Shiny",1
30,109140,109141,30,0,"Chest Implant: Psychic, Bright",2
30,109325,109326,30,0,"Left-Arm Implant: Strength, Bright",1
30,109329,109330,30,0,"Left-Arm Implant: Matt.Metam, Faded",1
30,109339,109340,30,0,"Left-Arm Implant: Brawling, Shiny",1
30,109347,109348,30,0,"Left-Arm Implant: Brawling, Shiny",1
30,109396,109397,30,0,"Left-Arm Implant: Brawling, Shiny",1
30,109452,109453,30,0,"Right-Wrist Implant: 1h Blunt, Bright",1
30,109582,109583,30,0,"Right-Wrist Implant: Riposte, Shiny",1
30,109676,109677,30,0,"Right-Wrist Implant: Riposte, Shiny",1
30,109702,109703,30,0,"Right-Wrist Implant: Riposte, Shiny",1
30,109746,109747,30,0,"Right-Wrist Implant: Ranged. Init, Shiny",1
30,109774,109775,30,0,"Right-Wrist Implant: Riposte, Shiny",1
30,109956,109957,30,0,"Right-Wrist Implant: Pistol, Shiny",1
30,109966,109967,30,0,"Right-Wrist Implant: Riposte, Shiny",1
30,110248,110249,30,0,"Waist Implant: Max Health, Bright",1
30,110308,110309,30,0,"Waist Implant: Duck-Exp, Bright",1
30,110316,110317,30,0,"Waist Implant: Fire AC, Shiny",1
30,110326,110327,30,0,"Waist Implant: Fire AC, Shiny",1
30,110372,110373,30,0,"Waist Implant: Radiation AC, Shiny",1
30,110486,110487,30,0,"Waist Implant: Fire AC, Shiny",2
30,110554,110555,30,0,"Waist Implant: Radiation AC, Shiny",1
30,110570,110571,30,0,"Waist Implant: Fire AC, Shiny",1
30,110732,110733,30,0,"Waist Implant: Melee/Ma AC, Bright",1
30,110734,110735,30,0,"Waist Implant: Chemical AC, Shiny",1
30,110738,110739,30,0,"Waist Implant: Radiation AC, Shiny",1
30,110744,110745,30,0,"Waist Implant: Cold AC, Shiny",1
30,110880,110881,30,0,"Waist Implant: Radiation AC, Shiny",1
30,111004,111005,30,0,"Waist Implant: Chemical AC, Shiny",1
30,111030,111031,30,0,"Waist Implant: Fire AC, Shiny",1
30,111104,111105,30,0,"Waist Implant: Cold AC, Shiny",1
30,111128,111129,30,0,"Waist Implant: Max Health, Bright",1
30,111182,111183,30,0,"Waist Implant: Radiation AC, Shiny",1
30,111289,111290,30,0,"Waist Implant: Chemical AC, Shiny",1
30,111343,111344,30,0,"Waist Implant: Cold AC, Shiny",1
30,111420,111437,30,0,"Left-Wrist Implant: Multi Ranged, Shiny",1
30,111462,111463,30,0,"Right-Hand Implant: Sharp Obj, Bright",1
30,111492,111493,30,0,"Right-Hand Implant: MG / SMG, Bright",1
30,111578,111579,30,0,"Right-Hand Implant: Martial Arts, Shiny",1
30,111862,111863,30,0,"Right-Hand Implant: Martial Arts, Shiny",1
30,111892,111893,30,0,"Right-Hand Implant: Assault Rif, Bright",1
30,111929,111930,30,0,"Right-Hand Implant: Weapon Smt, Shiny",1
30,111937,111938,30,0,"Right-Hand Implant: Martial Arts, Shiny",1
30,111953,111954,30,0,"Right-Hand Implant: Weapon Smt, Shiny",1
30,111970,111971,30,0,"Right-Hand Implant: Bow Spc Att, Bright",1
30,112023,112024,30,0,"Right-Hand Implant: Weapon Smt, Shiny",1
30,112037,112038,30,0,"Right-Hand Implant: Matter Crea, Bright",1
30,112047,112048,30,0,"Right-Hand Implant: Martial Arts, Shiny",1
30,112142,112143,30,0,"Right-Hand Implant: Fast Attack, Bright",1
30,112170,112171,30,0,"Right-Hand Implant: Weapon Smt, Shiny",1
30,112197,112198,30,0,"Right-Hand Implant: Bow Spc Att, Bright",1
30,112203,112204,30,0,"Right-Hand Implant: Weapon Smt, Shiny",1
30,112243,112244,30,0,"Right-Hand Implant: Weapon Smt, Shiny",1
30,112280,112281,30,0,"Right-Hand Implant: Fast Attack, Bright",1
30,112362,112363,30,0,"Right-Hand Implant: Trap Disarm, Shiny",1
30,112370,112371,30,0,"Right-Hand Implant: Martial Arts, Shiny",1
30,112440,112442,30,0,"Right-Hand Implant: Martial Arts, Shiny",1
30,112496,112497,30,0,"Right-Hand Implant: Martial Arts, Shiny",1
30,112508,112509,30,0,"Right-Hand Implant: Weapon Smt, Shiny",1
30,112642,112643,30,0,"Right-Hand Implant: Martial Arts, Shiny",1
30,112662,112663,30,0,"Right-Hand Implant: Nano Progra, Faded",2
30,112736,112737,30,0,"Right-Hand Implant: Martial Arts, Shiny",1
30,112750,112751,30,0,"Right-Hand Implant: Fast Attack, Bright",1
30,112887,112888,30,0,"Right-Hand Implant: Chemistry, Faded",1
30,113025,113026,30,0,"Right-Hand Implant: Cold AC, Bright",1
30,113064,113065,30,0,"Right-Hand Implant: Martial Arts, Shiny",1
30,113074,113075,30,0,"Right-Hand Implant: Trap Disarm, Shiny",1
30,113094,113095,30,0,"Right-Hand Implant: Fast Attack, Bright",1
30,113129,113130,30,0,"Leg Implant: Agility, Shiny",1
30,113133,113134,30,0,"Leg Implant: Agility, Shiny",1
30,113178,113179,30,0,"Leg Implant: Agility, Shiny",1
30,113206,113207,30,0,"Leg Implant: Duck-Exp, Shiny",1
30,113257,113258,30,0,"Leg Implant: Stamina, Bright",1
30,113426,113427,30,0,"Leg Implant: Imp/Proj AC, Shiny",1
30,113501,113502,30,0,"Leg Implant: Duck-Exp, Shiny",1
30,113613,113614,30,0,"Feet Implant: Sneak Atck, Shiny",1
30,116801,116801,34,0,Nano Crystal (Patchy Repairs),3
30,116824,116824,21,0,Nano Crystal (Instill With Rage),1
30,120573,142656,30,0,Senpai Tertius Decus Armor Helmet,1
30,120609,120609,1,0,Omni-Med Cloak,1
30,121151,121151,37,0,Nano Crystal (Fearsome Shout),1
30,121305,121304,30,0,Information Tool - Aggressive,1
30,121306,121307,30,0,Information Tool - Level,1
30,121353,121353,37,0,Nano Crystal (Team Skill Wrangler (Minor)),1
30,121366,121366,21,0,Nano Crystal (Skill Wrangler (Minor)),1
30,121511,121511,27,0,Nano Crystal (Practiced Health Haggler),1
30,121520,121520,34,0,Nano Crystal (Capable Health Haggler),2
30,121574,121575,30,0,Rusty Tripler,1
30,121650,121651,30,0,Long-Axe Hyper 200x,1
30,121667,121668,30,0,Second-Hand Thagh Whings,1
30,121686,121687,30,0,Rusty Bolter 42mm,1
30,121743,121744,30,0,Cast-Off Right Slice,3
30,121762,121763,30,0,Cast-Off Mini Axe,1
30,121819,121820,30,0,Cast-Off Sleekblaster Minor,1
30,121876,121877,30,0,Cast-Off Plasmaprojector,1
30,121895,121896,30,0,Cast-Off Heavy Grinner,1
30,121914,121915,30,0,Cast-Off Flamethrower,1
30,121933,121934,30,0,Cast-Off Gatling Saw 20k,1
30,121952,121953,30,0,Cast-Off Slank Chop,1
30,122009,122010,30,0,Cast-Off Blackened Blaster,1
30,122028,122029,30,0,Cast-Off Triplejolt,1
30,122047,122048,30,0,Edge-Less Longmoon,1
30,122085,122086,30,0,Cast-Off Blackened Blaster Rifle,1
30,122180,122181,30,0,Cast-Off Megajolt,2
30,122197,122198,30,0,Ill-Treated DNA-Locked Blaster Rifle,2
30,122218,122219,30,0,Cast-Off Stigma Rifle,2
30,122237,122238,30,0,Cast-Off Electrical Pacifier,1
30,122294,122295,30,0,Cast-Off Omni-Flamer Mk IV,3
30,122313,122314,30,0,Cast-Off Stanton Stunner IV,1
30,122351,122352,30,0,Cast-Off Metaphysic Energy Shield,1
30,122389,122390,30,0,Cast-Off Esoteric Energy Buckler,1
30,122408,122409,30,0,Cast-Off Energy Buckler,1
30,122427,122428,30,0,Cast-Off Mausser Particle Streamer,1
30,122446,122447,30,0,Cast-Off El Dieu,2
30,122465,122466,30,0,Cast-Off El Diablo,3
30,122484,122485,30,0,Cast-Off Ingram Blaster 23-X,3
30,122503,122504,30,0,Cast-Off Biogun,1
30,122541,122542,30,0,Cast-Off Omni-Pol Standard Flamer,1
30,122617,122618,30,0,Cast-Off Aero Borealis Corona,3
30,122655,122656,30,0,Cast-Off Silver Miniblaster,3
30,122750,122751,30,0,Edge-Less Two-Handed Blackjack,1
30,122769,122770,30,0,Cast-Off Bow-Blaster,1
30,122788,122789,30,0,Edge-Less Sword of Sir Galahad,1
30,122850,122851,30,0,Cast-Off Stun-Baton,2
30,122869,122870,30,0,Cast-Off Grenade-Thrower,1
30,122888,122889,30,0,Cast-Off Minielectronium,2
30,122945,122946,30,0,Cast-Off Mace,1
30,122964,122965,30,0,Edge-Less Notum Staff,1
30,122983,122984,30,0,Cast-Off Kolt 58 Magnum,1
30,123021,123022,30,0,Cast-Off Mini-Shotgun,2
30,123040,123041,30,0,Cast-Off Medium Shotgun,2
30,123078,123079,30,0,Cast-Off Sleekblaster Major,2
30,123097,123098,30,0,Cast-Off DNA-Targeted Executioner Pistol,1
30,123173,123174,30,0,Cast-Off Electron-Charged Pistol,1
30,123421,123422,30,0,Cast-Off Netgun,1
30,123459,123460,30,0,Cast-Off OT Boomer+.90AE,1
30,123478,123479,30,0,Cast-Off MTI USP 21,3
30,123497,123498,30,0,Cast-Off IMI Desert Reet 1000,2
30,123552,123553,30,0,Irreparable Knights Inc. Special-Purpose Pistol,3
30,123611,123612,30,0,Cast-Off PNG M1007A1 Tactical Revolver,1
30,123630,123631,30,0,Cast-Off BBI Sigma III,1
30,123649,123650,30,0,Cast-Off Sentinels ETE Strike Gun,2
30,123668,123669,30,0,Cast-Off River MV,2
30,123687,123688,30,0,Cast-Off Seburo Bobsons,1
30,123727,123728,30,0,MTI M-1 Bipower A,2
30,123765,123766,30,0,Polizziotto M201,1
30,123776,123777,30,0,MTI 95 Match Pistol ,2
30,123793,123793,30,0,MTI VP300.f Proto Caseless,2
30,123839,123840,30,0,Zastaba Cz-200 Assault Pistol ,1
30,123846,123847,30,0,Freedom Arms Super 90 ,1
30,123870,123870,30,0,Atlas Bern C.V.,1
30,123879,123880,30,0,Worn BigBurger Inc.,2
30,123888,123889,30,0,HSR Arms,1
30,123895,123896,30,0,Shortened OT Backup,1
30,123935,123936,30,0,MTI USP 1200,1
30,123971,123971,30,0,OT Boomer M30,1
30,123976,123977,30,0,Gripo-Com AKR 1K20,1
30,123993,123994,30,0,Old English Trading Co. Type 77a,2
30,124027,124028,30,0,Galahad Inc. 055 Police Edition,1
30,124044,124045,30,0,F.D.A. Insurgent Moth,1
30,124092,124093,30,0,Rusted AcuTek Cruncher,1
30,124110,124111,30,0,Kalo-BBI Model 56,1
30,124138,124138,30,0,ICC Arms 2Q2C Gun Bag,1
30,124151,124151,30,0,OT-Windchaser M06 Onyx,1
30,124164,124165,30,0,MTI SL70 Rifle ,1
30,124185,124186,30,0,OT-Windchaser RM70,1
30,124198,124199,30,0,Worn OT-Windchaser RM70 Junior,1
30,124219,124220,30,0,Galahad Inc. Scout,1
30,124243,124243,30,0,OT M50 Shotgun,1
30,124258,124259,30,0,Vektor ND Shotgun,1
30,124265,124265,30,0,OT MPS-00 Police Shotgun,1
30,124287,124288,30,0,OT-Windchaser SM30 Shotgun,1
30,124330,124331,30,0,Sako J-21 P-96 Response Rifle,1
30,124359,124360,30,0,MTI G-90A3,1
30,124383,124384,30,0,HSR Arms F-59,1
30,124400,124401,30,0,Vektor V.21 Flechette Rifle,2
30,124411,124412,30,0,MTI G-70 Zaman,1
30,124424,124425,30,0,MTI B-94,2
30,124455,124456,30,0,EN-RAL,1
30,124467,124468,30,0,Gripo-Com AKMR 1K20,1
30,124494,124495,30,0,Old Manex STR 77,1
30,124507,124507,30,0,OT Eskorpio 21 Hru,1
30,124512,124513,30,0,Sentinels Personal Edition,1
30,124529,124530,30,0,Prototype Sito-Tech Model 00,1
30,124534,124535,30,0,Sooted YES Assault 1007 Model 5,2
30,124550,124551,30,0,Seburo M35,1
30,124562,124563,30,0,Cast-Off OT Saladin,1
30,124601,124601,30,0,Cast-Off MTI MP200,1
30,124617,124618,30,0,Used MTI SO1210,1
30,124626,124627,30,0,Cast-Off MTI UMP22,1
30,124645,124646,30,0,Cast-Off Kalinkanov ZU-113 Security Weapon,1
30,124664,124665,30,0,Cast-Off Malorian Arms M25 Goodgun,2
30,124683,124684,30,0,Cast-Off MTI MPK-22 Briefcase Gun,1
30,124704,124705,30,0,Over-Tuned Seburo C-19a,2
30,124732,124733,30,0,Cast-Off FN P00,1
30,124751,124752,30,0,Cast-Off BBI WMMA CAW,1
30,124770,124771,30,0,Cast-Off OT ARL-10 Micromissile Launcher,1
30,124819,124820,30,0,Cast-Off OT M-70 HardRain GPMG,1
30,124857,124858,30,0,Cast-Off Planet Gripon Arms Hard-Boomer,1
30,124931,124932,30,0,Cast-Off IEC Flashpoint Laser Rifle,2
30,124950,124951,30,0,Cast-Off Techtronica Neural Disruptor,1
30,124988,124989,30,0,Cast-Off Reet-Tech Stryker X,2
30,125026,125027,30,0,Cast-Off Joint Clans Patriot,3
30,125045,125046,30,0,Cast-Off Reet-Tech Junior Urban Crossbow,3
30,125064,125065,30,0,Cast-Off Reet-Tech Venom Compound Bow,1
30,125083,125084,30,0,Cast-Off Oneida Razor Half-Bow,2
30,125364,125365,30,0,Bent Merchant Executioner,1
30,125383,125384,30,0,Bent Rider Executioner,2
30,125402,125403,30,0,Bent Protector Executioner,2
30,125445,125446,30,0,Tear-soaked Pillow with Important Stripes,1
30,125456,125457,30,0,Concrete Cushion,1
30,125748,125748,37,0,Nano Crystal (Calling of Salvinous),1
30,128627,128628,30,0,Rusty Ares Arms AR-90 Jet Rifle,1
30,128638,128639,30,0,Cast-off Seburo C-99a ,3
30,128676,128677,30,0,Cast-off HSR Arms Tech Assault V,1
30,128710,128711,30,0,Rusty River Series 6,1
30,128784,128785,30,0,MTI MP903A3D9,1
30,128789,128790,30,0,Battered Old English Trading Co. SPP-502,2
30,128794,128795,30,0,Cast-off OT Cobra M-33,2
30,128860,128861,30,0,Cast-off MTI MPK-22 ,2
30,128916,128917,30,0,Water balloon,1
30,128940,128941,30,0,Edge-less Peasant Warblade,1
30,128978,128979,30,0,Edge-less Rider Warblade,2
30,128997,128998,30,0,Edge-less Protector Warblade,4
30,129028,129029,30,0,Unbalanced Sledgehammer,1
30,129071,129071,30,0,Breathing Space,1
30,129640,129641,30,0,Junior Wen-Wen,2
30,130003,130004,30,0,Run Speed Cluster - Faded (Leg),1
30,130075,130076,30,0,Light Staff,1
30,130089,130090,30,0,Unbalanced Native Alloy Staff,2
30,130127,130128,30,0,Bent Denunciatory Spear,1
30,130146,130147,30,0,Unbalanced Hayfork,1
30,130163,130164,30,0,Loose MTI Sword,1
30,130218,130219,30,0,Loose Light Spear,1
30,130241,130242,30,0,"Right-Wrist Implant: Run Speed, Shiny",1
30,130261,130262,30,0,"Right-Wrist Implant: Run Speed, Shiny",1
30,130275,130276,30,0,"Right-Wrist Implant: Run Speed, Shiny",1
30,130313,130314,30,0,"Right-Wrist Implant: Run Speed, Shiny",1
30,130423,130424,30,0,"Leg Implant: Agility, Shiny",1
30,131605,131606,30,0,Rough Club,2
30,136699,136699,34,0,Nano Crystal (Natural Cure),2
30,142655,142654,30,0,Senpai Tertius Decus Armor Pants,1
30,142658,142657,30,0,Senpai Tertius Decus Armor Gloves,3
30,142660,142659,30,0,Senpai Tertius Decus Armor Boots,2
30,142662,142661,30,0,Senpai Tertius Decus Body Armor,6
30,142665,142664,30,0,Senpai Tertius Decus Armor Sleeves,3
30,142841,142841,30,0,Loose Metaplast Mace,1
30,144087,144087,30,0,Blunt Tanto,1
30,144104,144104,30,0,Cast-off Freedom Arms 4200,1
30,150177,150177,30,0,,2
30,150223,150224,30,0,,1
30,150242,150242,30,0,,1
30,150639,150639,37,0,,1
30,151777,151777,21,0,,1
30,151778,151778,21,0,,2
30,152066,152067,30,0,,1
30,152084,152084,30,0,,1
30,152123,152123,30,0,,1
30,152137,152138,30,0,,2
30,152158,152159,30,0,,1
30,152281,152282,30,0,,1
30,152298,154071,30,0,,2
30,152358,152359,30,0,,1
30,152372,152372,30,0,,2
30,152749,152750,30,0,,1
30,152766,152767,30,0,,1
30,153083,153084,30,0,,2
30,154069,150213,30,0,,1
30,155368,155368,24,0,,1
30,155378,155378,21,0,,2
30,155390,155390,34,0,,2
30,155391,155391,21,0,,1
30,155811,155811,37,0,,1
30,156133,156133,24,0,,1
30,157549,157549,21,0,,1
30,158019,158020,30,0,,2
30,158035,158034,30,0,,1
30,158037,158036,30,0,,1
30,158038,158039,30,0,,2
30,158045,158046,30,0,,1
30,159007,159008,30,0,,1
30,159035,159036,30,0,,1
30,159040,159041,30,0,,1
30,159196,159197,30,0,,1
30,160096,160097,30,0,,1
30,160224,160225,30,0,,1
30,160236,160237,30,0,,2
30,160239,160240,30,0,,1
30,160279,160280,30,0,,1
30,160476,160477,30,0,,1
30,163389,163389,24,0,,2
30,166257,166258,30,0,,4
30,170870,170871,30,0,,1
30,191270,191280,30,0,,1
30,202740,202740,30,0,,4
30,202829,202829,30,0,,2
30,203124,203124,36,0,,1
30,203150,203150,31,0,,1
30,203214,203214,20,0,,2
30,203658,203658,22,0,,1
30,203977,203977,21,0,,1
30,204103,204104,30,0,,3
30,204139,204140,30,0,,1
30,204267,204268,30,0,,1
30,205196,205196,34,0,,1
30,205224,205225,30,0,,1
30,205232,205232,37,0,,1
30,205288,205288,30,0,,2
30,206289,206290,30,0,,3
30,210300,210300,20,0,,3
30,210312,210312,27,0,,4
30,210388,210388,21,0,,5
30,210485,210485,20,0,,3
30,210614,210614,35,0,,3
30,210672,210672,31,0,,1
30,210735,210735,29,0,,3
30,210747,210747,36,0,,9
30,210788,210788,22,0,,4
30,211165,211165,40,0,,3
30,218780,218781,30,0,,2
30,218825,218825,30,0,,1
30,227473,227473,30,0,,17
32,23314,23316,32,0,Simple First-Aid Kit,1
32,25812,25811,32,0,Treatment Laboratory,2
32,26207,26207,27,0,Nano Crystal (Enhanced Senses),1
32,27381,27381,1,0,Omni-Med Suit Gloves,1
32,27382,27382,1,0,Omni-Med Suit Boots,1
32,27383,27383,1,0,Omni-Med Suit Shirt,3
32,27385,27385,1,0,Omni-Med Suit Sleeves,1
32,27387,27387,1,0,Omni-Med Female Suit Shirt,1
32,28744,28744,33,0,Nano Crystal (Survival Aid),2
32,28787,28787,33,0,Nano Crystal (Specialist Treatment),3
32,28789,28789,30,0,Nano Crystal (Superior Healing),2
32,28795,28795,33,0,Nano Crystal (Abyssal Flames),1
32,28798,28798,33,0,Nano Crystal (Blight),1
32,28810,28810,27,0,Nano Crystal (Fire Snake),1
32,28830,28830,37,0,Nano Crystal (Phoenix Swarm),2
32,28917,28917,24,0,Nano Crystal (Bad Blood),3
32,28923,28923,37,0,Nano Crystal (Elusive Target),2
32,28935,28935,27,0,Nano Crystal (Give Energy: 50),1
32,28939,28939,27,0,Nano Crystal (Give Life: 50),1
32,29103,29103,33,0,Nano Crystal (Apprentice: Pharmaceuticals),1
32,29333,29333,27,0,Nano Crystal (Attack Booster),1
32,29337,29337,40,0,Nano Crystal (Damage Amplifier),1
32,29358,29358,24,0,Nano Crystal (Pistol Mastery),7
32,29362,29362,37,0,Nano Crystal (Rifle Mastery),1
32,29392,29392,40,0,Nano Crystal (SpaceTime Mastery),2
32,29804,29804,27,0,Nano Crystal (Glowing Retribution),2
32,29806,29806,30,0,Nano Crystal (Headcracker),1
32,29838,29838,37,0,Nano Crystal (Energy Spike),1
32,29858,29858,40,0,Nano Crystal (Quick Weapon),1
32,30113,30113,37,0,Nano Crystal (Drill Missile),1
32,30758,30758,27,0,Nano Crystal (Apprentice: Field Quantum Physics),2
32,30759,30759,30,0,Nano Crystal (Apprentice: Mechanical Engineering),1
32,30804,30804,24,0,Nano Crystal (Apprentice: Electrical Engineering),1
32,31422,31422,27,0,Nano Crystal (Embrace of Shadows),2
32,31499,31499,1,0,Red Cloak,2
32,31500,31500,1,0,Grey Cloak,2
32,31501,31501,1,0,Green Cloak,2
32,31502,31502,1,0,Brown Cloak,3
32,31503,31503,1,0,Blue Cloak,1
32,31505,31505,1,0,Black Trenchcoat,5
32,31506,31506,1,0,Black Omni-Tek Commander Cloak,2
32,31515,31515,1,0,Red Omni-Tek Commander Cloak,1
32,31516,31516,1,0,Trenchcoat,2
32,31517,31517,1,0,Black Cloak,3
32,31528,31528,1,0,Red Cloak Hood,2
32,31530,31530,1,0,Grey Cloak Hood,1
32,31532,31532,1,0,Brown Cloak Hood,1
32,31534,31534,1,0,Black Cloak Hood,1
32,32077,32077,37,0,Nano Crystal (False Profession: Meta-Physicist),1
32,32078,32078,40,0,Nano Crystal (False Profession: Nanotechnician),2
32,32080,32080,24,0,Nano Crystal (False Profession: Fixer),1
32,32081,32081,27,0,Nano Crystal (False Profession: Trader),5
32,36778,36786,32,0,4 - 7 NCU Memory,3
32,42420,42420,40,0,Nano Crystal (Team Healing),1
32,43145,43146,32,0,Attack of the Snake,2
32,43777,43777,37,0,Nano Crystal (Summon Rage Materialization),2
32,43780,43780,14,0,Nano Crystal (Summon Fury Externalization),1
32,43942,43942,27,0,Nano Crystal (Spreading Health),1
32,43987,43987,30,0,Nano Crystal (Cursory Examination),1
32,44198,44198,33,0,Nano Crystal (Cancerous Burrower),1
32,44203,44203,37,0,Nano Crystal (Minor Consuming Toxin),2
32,45327,45327,33,0,Nano Crystal (Weak Gravity Collapse),1
32,45371,45371,37,0,Nano Crystal (Gaping Puncture),1
32,45399,45399,27,0,Nano Crystal (Acidic Conversion),1
32,45946,45946,40,0,Nano Crystal (Shower With Sludge),1
32,45951,45951,24,0,Nano Crystal (Sudden Chill),1
32,45971,45971,40,0,Nano Crystal (Lesser Bane of the Living),1
32,46039,46039,40,0,Nano Crystal (Perfect Android),1
32,46058,46058,24,0,Nano Crystal (Lesser Android),1
32,46081,46081,40,0,Nano Crystal (Advanced Android),2
32,46417,46417,37,0,Nano Crystal (Supervisor-Grade Attendant-Droid),1
32,46433,46433,33,0,Nano Crystal (Faithful Attendant-Droid),2
32,46442,46442,40,0,Nano Crystal (Executive-Grade Attendant-Droid),2
32,46466,46466,27,0,Nano Crystal (Basic Attendant-Droid),1
32,46473,46473,37,0,Nano Crystal (Advanced Attendant-Droid),2
32,49813,49813,24,0,Nano Crystal (Mighty Challenger to Cyclops),1
32,49819,49819,33,0,Nano Crystal (Challenger to Titan),1
32,55683,55682,32,0,Pharma Tech Tutoring Device,1
32,55685,55684,32,0,Nano Programming Tutoring Device,2
32,55687,55686,32,0,Computer Literacy Tutoring Device,1
32,55688,55677,32,0,Chemistry Tutoring Device,1
32,55692,55691,32,0,Field Quantum Physics Tutoring Device,2
32,55694,55693,32,0,Electrical Engineering Tutoring Device,4
32,55697,55696,32,0,Boosted Stim,2
32,55760,55760,37,0,Nano Crystal (Arctic Cloak),2
32,55775,55775,24,0,Nano Crystal (Electrical Chastiser),1
32,55776,55776,37,0,Nano Crystal (Lesser Retaliatory Barrier),2
32,55841,55841,30,0,Nano Crystal (Firefly's Fury),1
32,55842,55842,24,0,Nano Crystal (Enshroud with Barbs),1
32,55843,55843,37,0,Nano Crystal (Cloak of Fire),1
32,56005,56005,24,0,Nano Crystal (Restrict Movement),1
32,56239,56239,33,0,Nano Crystal (Lesser Paralyze with Indecision),1
32,56260,56260,37,0,Nano Crystal (Profiteer's Grip),2
32,70253,70252,32,0,Deflection Shield,2
32,70254,70251,32,0,Damage Shield Projector,2
32,70383,70383,33,0,Nano Crystal (Deflection Shield),2
32,70384,70384,37,0,Nano Crystal (Deflection Shield (Extended)),2
32,70390,70390,24,0,Nano Crystal (Lesser Deflection Shield),1
32,70412,70412,27,0,Nano Crystal (Total Mirror Shield Mk II),2
32,70426,70426,30,0,Nano Crystal (Partial Harmonic Cocoon),1
32,70558,85640,32,0,Battered Low-Tech Armor Boots,4
32,70559,85689,32,0,Battered Low-Tech Body Armor,1
32,70560,85688,32,0,Battered Low-Tech Female Body Armor,3
32,70561,85744,32,0,Battered Low-Tech Armor Sleeves,2
32,70562,85597,32,0,Battered Low-Tech Armor Gloves,1
32,70563,85558,32,0,Battered Low-Tech Armor Helmet,2
32,70564,85515,32,0,Battered Low-Tech Armor Pants,1
32,70565,85514,32,0,Battered Low-Tech Armor Shorts,2
32,70610,70609,32,0,Bird of Prey,2
32,75356,75356,33,0,Nano Crystal (Lesser Shen Protection),3
32,75419,75419,37,0,Nano Crystal (Lesser Absorption Shield),2
32,78422,78422,24,0,Nano Crystal (Major Health Funnel),1
32,81839,81839,27,0,Nano Crystal (Lotus on Water),2
32,81849,81849,37,0,Nano Crystal (Corrosive Fists),1
32,81897,81897,24,0,Nano Crystal (Nano Augmentation),1
32,81902,81902,40,0,Nano Crystal (Anatomy Lesson),1
32,81929,81929,30,0,Nano Crystal (Hired Hands),1
32,81957,81957,40,0,Nano Crystal (Hidden Killer),1
32,82011,82011,37,0,Nano Crystal (Shatter Bone),1
32,82066,82066,40,0,Nano Crystal (Team Healing Touch),2
32,82080,82080,27,0,Nano Crystal (Survival Technique),3
32,82193,82193,40,0,Nano Crystal (Capture Attention),2
32,82801,82801,37,0,Nano Crystal (Nano Net),1
32,82808,82808,37,0,Nano Crystal (Lesser Delay the Inevitable),3
32,82812,82812,30,0,Nano Crystal (Stumbling Steps),1
32,82839,82839,24,0,Nano Crystal (Sparrow Flight),4
32,84160,84159,32,0,Cloaking Device,4
32,85270,85270,30,0,Nano Crystal (Falsify Medical Records),1
32,85274,85274,33,0,Nano Crystal (Active Distributed Entanglement),1
32,85319,85319,37,0,Nano Crystal (Lesser Weighty Announcement),2
32,85366,85367,32,0,Simple Nano Kit,2
32,85477,21917,32,0,Worn Cyber Armor Sleeves,1
32,85481,85690,32,0,Battered Leather Vest,2
32,85494,22347,32,0,Worn Steel-Ribbed Armor Pants,1
32,85496,85495,32,0,Inferior Titan Plasteel Armor Pants,5
32,85500,85499,32,0,Inferior Chilled Plasteel Armor Pants,1
32,85501,22343,32,0,Inferior Heated Plasteel Armor Pants,2
32,85502,22339,32,0,Recruit-Issue Omni-Pol Forest Armor Pants,2
32,85504,27394,32,0,Recruit-Issue Omni-Pol Desert Armor Pants,1
32,85507,85506,32,0,Battered Nomad Armor Pants,1
32,85510,85509,32,0,Inferior Nail Armor Pants,3
32,85512,85511,32,0,Worn Metaplast Armor Pants,3
32,85513,22313,32,0,Basic Martial Artist Suit Pants,2
32,85516,22301,32,0,Inferior Kevlar Armor Pants,2
32,85517,27360,32,0,Battered Flak Armor Pants,3
32,85521,85520,32,0,Battered Leather Armor Pants,2
32,85525,85524,32,0,Inferior Raven's Energized Armor Pants,2
32,85526,22293,32,0,Inferior Energized Armor Pants,3
32,85530,85529,32,0,Worn Bau Cyber Armor Pants,2
32,85531,22289,32,0,Worn Cyber Armor Pants,1
32,85533,85532,32,0,Battered Light Combat Armor Pants,4
32,85541,22262,32,0,Worn Steel-Ribbed Armor Helmet,5
32,85543,85542,32,0,Inferior Titan Plasteel Armor Helmet,3
32,85545,85544,32,0,Inferior Vito's Plasteel Armor Helmet,1
32,85547,85546,32,0,Inferior Chilled Plasteel Armor Helmet,1
32,85548,22258,32,0,Inferior Heated Plasteel Armor Helmet,4
32,85549,22254,32,0,Recruit-Issue Omni-Pol Forest Armor Helmet,2
32,85551,27402,32,0,Recruit-Issue Omni-Pol Desert Armor Helmet,2
32,85554,85553,32,0,Battered Nomad Armor Helmet,1
32,85557,85556,32,0,Worn Metaplast Armor Helmet,1
32,85560,85559,32,0,Battered Sid's Leather Armor Helmet,1
32,85562,85561,32,0,Battered Leather Armor Helmet,3
32,85566,85565,32,0,Inferior Raven's Energized Armor Helmet,2
32,85567,22223,32,0,Inferior Energized Armor Helmet,1
32,85571,85570,32,0,Worn Bau Cyber Armor Helmet,6
32,85572,22219,32,0,Worn Cyber Armor Helmet,1
32,85580,22212,32,0,Worn Steel-Ribbed Armor Gloves,3
32,85582,85581,32,0,Inferior Titan Plasteel Armor Gloves,1
32,85586,85585,32,0,Inferior Chilled Plasteel Armor Gloves,3
32,85587,22208,32,0,Inferior Heated Plasteel Armor Gloves,1
32,85588,22204,32,0,Recruit-Issue Omni-Pol Forest Armor Gloves,1
32,85590,27396,32,0,Recruit-Issue Omni-Pol Desert Armor Gloves,1
32,85593,85592,32,0,Battered Nomad Armor Gloves,1
32,85596,85595,32,0,Worn Metaplast Armor Gloves,3
32,85598,22178,32,0,Inferior Kevlar Armor Gloves,2
32,85600,85599,32,0,Battered Sid's Leather Armor Gloves,2
32,85602,85601,32,0,Battered Leather Armor Gloves,4
32,85606,85605,32,0,Inferior Raven's Energized Armor Gloves,1
32,85607,22170,32,0,Inferior Energized Armor Gloves,1
32,85611,85610,32,0,Worn Bau Cyber Armor Gloves,4
32,85612,22166,32,0,Worn Cyber Armor Gloves,1
32,85622,85621,32,0,Inferior Titan Plasteel Armor Boots,1
32,85626,85625,32,0,Inferior Chilled Plasteel Armor Boots,1
32,85627,22154,32,0,Inferior Heated Plasteel Armor Boots,2
32,85628,22150,32,0,Recruit-Issue Omni-Pol Forest Armor Boots,2
32,85630,27392,32,0,Recruit-Issue Omni-Pol Desert Armor Boots,3
32,85636,85635,32,0,Inferior Nail Armor Boots,1
32,85639,22124,32,0,Basic Martial Artist Suit Boots,1
32,85641,22116,32,0,Inferior Kevlar Armor Boots,1
32,85643,85642,32,0,Battered Sid's Leather Armor Boots,2
32,85645,85644,32,0,Battered Leather Armor Boots,1
32,85649,85648,32,0,Inferior Raven's Energized Armor Boots,1
32,85650,22108,32,0,Inferior Energized Armor Boots,2
32,85654,85653,32,0,Worn Bau Cyber Armor Boots,2
32,85670,85669,32,0,Inferior Titan Plasteel Body Armor,6
32,85672,85671,32,0,Inferior Vito's Plasteel Body Armor,1
32,85674,85673,32,0,Inferior Chilled Plasteel Body Armor,1
32,85675,22076,32,0,Inferior Heated Plasteel Body Armor,2
32,85678,27398,32,0,Recruit-Issue Omni-Pol Desert Body Armor,2
32,85681,85680,32,0,Battered Nomad Body Armor,2
32,85686,85685,32,0,Worn Metaplast Body Armor,3
32,85691,22004,32,0,Inferior Kevlar Vest,1
32,85692,22026,32,0,Inferior Kevlar Body Armor,3
32,85693,27389,32,0,Battered Flak Body Armor,3
32,85697,85696,32,0,Battered Leather Body Armor,3
32,85701,85700,32,0,Inferior Raven's Energized Body Armor,3
32,85708,85707,32,0,Worn Bau Cyber Female Body Armor,1
32,85710,85709,32,0,Worn Bau Cyber Body Armor,2
32,85711,22014,32,0,Worn Cyber Female Body Armor,3
32,85712,22010,32,0,Worn Cyber Body Armor,2
32,85714,85713,32,0,Battered Light Combat Body Armor,3
32,85726,85725,32,0,Inferior Titan Plasteel Armor Sleeves,1
32,85728,85727,32,0,Inferior Vito's Plasteel Armor Sleeves,1
32,85730,85729,32,0,Inferior Chilled Plasteel Armor Sleeves,1
32,85732,21963,32,0,Recruit-Issue Omni-Pol Forest Armor Sleeves,1
32,85734,27400,32,0,Recruit-Issue Omni-Pol Desert Armor Sleeves,3
32,85737,85736,32,0,Battered Nomad Armor Sleeves,3
32,85740,85739,32,0,Inferior Nail Armor Sleeves,2
32,85742,85741,32,0,Worn Metaplast Armor Sleeves,4
32,85743,21937,32,0,Basic Martial Artist Suit Sleeves,1
32,85745,21929,32,0,Inferior Kevlar Armor Sleeves,2
32,85746,27391,32,0,Battered Flak Armor Sleeves,2
32,85748,85747,32,0,Battered Sid's Leather Armor Sleeves,4
32,85755,21921,32,0,Inferior Energized Armor Sleeves,1
32,85759,85758,32,0,Worn Bau Cyber Armor Sleeves,2
32,85761,85760,32,0,Battered Light Combat Armor Sleeves,3
32,85877,85877,40,0,Nano Crystal (Ransack Skills (Lesser)),1
32,85896,85896,24,0,Nano Crystal (Deprive Skills (Average)),1
32,87471,87471,1,0,Tattoo,1
32,87472,87472,1,0,Tattoo,1
32,87473,87473,1,0,Tattoo,2
32,87475,87475,1,0,Tattoo,1
32,87476,87476,1,0,Tattoo,1
32,87477,87477,1,0,Tattoo,1
32,87483,87483,1,0,Tattoo,1
32,87893,87936,32,0,Trimmer - Divert Energy to Defense,1
32,88377,88378,32,0,Trimmer - Divert Energy to Offense,1
32,88381,88382,32,0,Trimmer - Divert Energy to Hitpoints,2
32,93136,93136,30,0,Nano Crystal (Hack Grid Vector),2
32,95418,95418,24,0,Nano Crystal (Ease of Execution),2
32,95514,95515,32,0,NCU Coolant Sink,2
32,95532,95532,30,0,Nano Crystal (Subconscious Guidance),2
32,95731,95731,24,0,Nano Crystal (Essence of Might),2
32,95737,95737,33,0,Nano Crystal (Essence of Boundless Health),2
32,95748,95748,27,0,Nano Crystal (Enhance Constitution),1
32,99137,99137,40,0,Nano Crystal (Quench Anger),1
32,99138,99138,30,0,Nano Crystal (Quell Anger),2
32,99214,99214,40,0,Nano Crystal (Soft Siren Call),1
32,99217,99217,27,0,Nano Crystal (Lesser Pheromone Control),1
32,99619,99619,33,0,Nano Crystal (Strip Assets),1
32,99622,99622,24,0,Nano Crystal (Overdraught),1
32,100004,100004,1,0,"Body Tattoo, Front",2
32,100006,100006,1,0,"Body Tattoo, Back",1
32,100007,100007,1,0,"Body Tattoo, Front",1
32,100012,100012,1,0,Tattoo,1
32,100224,100224,27,0,Nano Crystal (Aggressive Instincts),1
32,101213,101214,32,0,Basic Waist Implant,1
32,101311,101312,32,0,Imp/Proj AC Cluster - Bright (Chest),2
32,101323,101324,32,0,Energy AC Cluster - Bright (Leg),1
32,101325,101326,32,0,Energy AC Cluster - Shiny (Chest),4
32,101327,101328,32,0,Chemical AC Cluster - Faded (Left-Arm),1
32,101329,101330,32,0,Chemical AC Cluster - Bright (Right-Arm),1
32,101343,101344,32,0,1h Edged Weapon Cluster - Shiny (Right-Arm),1
32,101347,101348,32,0,Melee Ener Cluster - Bright (Left-Wrist),1
32,101349,101350,32,0,Melee Ener Cluster - Shiny (Head),1
32,101351,101352,32,0,2h Edged Cluster - Faded (Waist),1
32,101353,101354,32,0,2h Edged Cluster - Bright (Left-Arm),1
32,101361,101362,32,0,Piercing Cluster - Shiny (Right-Arm),1
32,101367,101368,32,0,2h Blunt Cluster - Shiny (Right-Arm),1
32,101369,101370,32,0,Sharp Obj Cluster - Faded (Eye),2
32,101372,101373,32,0,Radiation AC Cluster - Bright (Left-Arm),1
32,101374,101375,32,0,Radiation AC Cluster - Shiny (Waist),1
32,101376,101377,32,0,Cold AC Cluster - Faded (Left-Hand),3
32,101378,101379,32,0,Cold AC Cluster - Bright (Right-Hand),1
32,101380,101381,32,0,Cold AC Cluster - Shiny (Waist),1
32,101384,101385,32,0,Nano Resist Cluster - Bright (Right-Wrist),2
32,101386,101387,32,0,Nano Resist Cluster - Shiny (Head),1
32,101398,101399,32,0,Martial Arts Cluster - Shiny (Right-Hand),1
32,101406,101334,32,0,1h Blunt Cluster - Faded (Right-Hand),1
32,101410,101411,32,0,Matter Crea Cluster - Bright (Right-Hand),1
32,101425,101426,32,0,Sharp Obj Cluster - Bright (Right-Hand),1
32,101433,101434,32,0,Grenade Cluster - Shiny (Right-Arm),1
32,101435,101436,32,0,Heavy Weapons Cluster - Faded (Right-Hand),2
32,101441,101442,32,0,Bow Cluster - Faded (Eye),1
32,101447,101448,32,0,Pistol Cluster - Faded (Eye),1
32,101451,101452,32,0,Pistol Cluster - Shiny (Right-Wrist),1
32,101457,101458,32,0,Rifle Cluster - Shiny (Eye),2
32,101459,101460,32,0,MG / SMG Cluster - Faded (Chest),1
32,101461,101462,32,0,MG / SMG Cluster - Bright (Right-Hand),1
32,101465,101466,32,0,Shotgun Cluster - Faded (Waist),2
32,101467,101468,32,0,Shotgun Cluster - Bright (Right-Hand),1
32,101469,101470,32,0,Shotgun Cluster - Shiny (Right-Arm),2
32,101471,101472,32,0,Assault Rif Cluster - Faded (Eye),1
32,101475,101476,32,0,Assault Rif Cluster - Shiny (Right-Arm),1
32,101485,101486,32,0,Melee. Init Cluster - Bright (Leg),2
32,101487,101488,32,0,Melee. Init Cluster - Shiny (Feet),1
32,101491,101492,32,0,Ranged. Init Cluster - Bright (Head),1
32,101493,101494,32,0,Ranged. Init Cluster - Shiny (Right-Wrist),1
32,101495,101496,32,0,Physic. Init Cluster - Faded (Left-Arm),1
32,101497,101498,32,0,Physic. Init Cluster - Bright (Right-Arm),2
32,101503,101504,32,0,Bow Spc Att Cluster - Bright (Right-Hand),2
32,101509,101510,32,0,Sensory Impr Cluster - Bright (Eye),1
32,101515,101516,32,0,First Aid Cluster - Bright (Right-Hand),4
32,101533,101534,32,0,Elec. Engi Cluster - Bright (Head),4
32,101535,101536,32,0,Elec. Engi Cluster - Shiny (Eye),1
32,101541,101542,32,0,Matt.Metam Cluster - Shiny (Head),2
32,101543,101544,32,0,Bio.Metamor Cluster - Faded (Waist),1
32,101555,101556,32,0,Ranged Ener Cluster - Faded (Left-Hand),1
32,101563,101564,32,0,Multi Ranged Cluster - Bright (Right-Wrist),1
32,101565,101566,32,0,Multi Ranged Cluster - Shiny (Left-Wrist),1
32,101569,101570,32,0,Trap Disarm Cluster - Bright (Left-Hand),1
32,101571,101572,32,0,Trap Disarm Cluster - Shiny (Right-Hand),1
32,101577,101578,32,0,Perception Cluster - Shiny (Ear),1
32,101579,101580,32,0,Adventuring Cluster - Faded (Chest),1
32,101581,101582,32,0,Adventuring Cluster - Bright (Waist),1
32,101591,101592,32,0,Vehicle Air Cluster - Faded (Head),1
32,101593,101594,32,0,Vehicle Air Cluster - Bright (Ear),1
32,101603,101604,32,0,Tutoring Cluster - Faded (Head),1
32,101605,101606,32,0,Tutoring Cluster - Bright (Ear),1
32,101607,101608,32,0,Tutoring Cluster - Shiny (Eye),2
32,101609,101610,32,0,Brawling Cluster - Faded (Waist),1
32,101613,101614,32,0,Brawling Cluster - Shiny (Left-Arm),1
32,101615,101616,32,0,Riposte Cluster - Faded (Right-Arm),3
32,101617,101618,32,0,Riposte Cluster - Bright (Left-Wrist),1
32,101619,101620,32,0,Riposte Cluster - Shiny (Right-Wrist),2
32,101621,101622,32,0,Dimach Cluster - Faded (Waist),1
32,101625,101626,32,0,Dimach Cluster - Shiny (Chest),1
32,101631,101632,32,0,Parry Cluster - Shiny (Right-Wrist),1
32,101635,101636,32,0,Sneak Atck Cluster - Bright (Right-Wrist),1
32,101641,101642,32,0,Fast Attack Cluster - Bright (Right-Hand),1
32,101645,101646,32,0,NanoC. Init Cluster - Faded (Chest),1
32,101647,101648,32,0,NanoC. Init Cluster - Bright (Eye),1
32,101651,101652,32,0,Fling Shot Cluster - Faded (Right-Wrist),1
32,101653,101654,32,0,Fling Shot Cluster - Bright (Right-Hand),1
32,101663,101664,32,0,Body Dev Cluster - Faded (Leg),1
32,101673,101674,32,0,Duck-Exp Cluster - Shiny (Leg),1
32,101675,101676,32,0,Dodge-Rng Cluster - Faded (Waist),2
32,101679,101680,32,0,Dodge-Rng Cluster - Shiny (Leg),1
32,101683,101684,32,0,Evade-ClsC Cluster - Bright (Leg),1
32,101691,101692,32,0,Quantum FT Cluster - Shiny (Head),4
32,101699,101700,32,0,Pharma Tech Cluster - Faded (Right-Hand),1
32,101707,101708,32,0,Nano Progra Cluster - Bright (Eye),1
32,101715,101716,32,0,Comp. Liter Cluster - Shiny (Head),1
32,101717,101718,32,0,Psychology Cluster - Faded (Eye),1
32,101721,101722,32,0,Psychology Cluster - Shiny (Head),1
32,101723,101724,32,0,Chemistry Cluster - Faded (Right-Hand),1
32,101727,101728,32,0,Chemistry Cluster - Shiny (Head),1
32,101735,101736,32,0,Break & Entry Cluster - Faded (Chest),1
32,101739,101740,32,0,Break & Entry Cluster - Shiny (Right-Arm),1
32,101743,101744,32,0,Vehicle Grnd Cluster - Bright (Eye),3
32,101747,101748,32,0,Full Auto Cluster - Faded (Waist),3
32,101749,101750,32,0,Full Auto Cluster - Bright (Right-Wrist),1
32,101753,101754,32,0,Burst Cluster - Faded (Right-Hand),1
32,101757,101758,32,0,Burst Cluster - Shiny (Right-Arm),3
32,101763,101764,32,0,Disease AC Cluster - Shiny (Head),1
32,101773,101774,32,0,Strength Cluster - Bright (Left-Arm),1
32,101777,101778,32,0,Agility Cluster - Faded (Waist),1
32,101779,101780,32,0,Agility Cluster - Bright (Feet),1
32,101783,101784,32,0,Stamina Cluster - Faded (Waist),2
32,101785,101786,32,0,Stamina Cluster - Bright (Leg),1
32,101787,101788,32,0,Stamina Cluster - Shiny (Chest),1
32,101789,101790,32,0,Intelligence Cluster - Faded (Ear),1
32,101791,101792,32,0,Intelligence Cluster - Bright (Eye),3
32,101793,101794,32,0,Intelligence Cluster - Shiny (Head),2
32,101795,101796,32,0,Sense Cluster - Faded (Head),1
32,101807,101808,32,0,Max Health Cluster - Faded (Leg),2
32,101813,101814,32,0,Max Nano Cluster - Faded (Chest),1
32,101841,101842,32,0,"Eye Implant: Map Navig, Shiny",1
32,102003,102004,32,0,"Eye Implant: Rifle, Shiny",1
32,102033,102034,32,0,"Eye Implant: Rifle, Shiny",1
32,102053,102054,32,0,"Eye Implant: Aimed Shot, Shiny",1
32,102059,102060,32,0,"Eye Implant: Rifle, Shiny",1
32,102100,102101,32,0,"Eye Implant: Aimed Shot, Shiny",1
32,102114,102115,32,0,"Eye Implant: Vehicle Air, Shiny",1
32,102120,102121,32,0,"Eye Implant: Map Navig, Shiny",1
32,102192,102193,32,0,"Eye Implant: Map Navig, Shiny",1
32,102254,102255,32,0,"Eye Implant: Tutoring, Shiny",1
32,102262,102263,32,0,"Eye Implant: Vehicle Grnd, Bright",1
32,102333,102334,32,0,"Eye Implant: Aimed Shot, Shiny",1
32,102406,102407,32,0,"Eye Implant: Tutoring, Shiny",1
32,102470,102471,32,0,"Eye Implant: Elec. Engi, Shiny",1
32,102603,102604,32,0,"Eye Implant: Aimed Shot, Shiny",1
32,102653,102654,32,0,"Eye Implant: Vehicle Air, Shiny",1
32,102759,102760,32,0,"Eye Implant: Elec. Engi, Shiny",1
32,102864,102865,32,0,"Eye Implant: Map Navig, Shiny",1
32,102878,102879,32,0,"Eye Implant: Rifle, Shiny",1
32,102925,102926,32,0,"Eye Implant: Rifle, Shiny",1
32,103031,103032,32,0,"Eye Implant: Elec. Engi, Shiny",1
32,103153,103154,32,0,"Eye Implant: Tutoring, Shiny",1
32,103181,103182,32,0,"Eye Implant: Vehicle Air, Shiny",1
32,103189,103190,32,0,"Eye Implant: Vehicle Hydr, Bright",1
32,103219,103220,32,0,"Eye Implant: Rifle, Shiny",1
32,103248,103249,32,0,"Eye Implant: Map Navig, Shiny",1
32,103297,103298,32,0,"Eye Implant: Ranged Ener, Bright",1
32,103332,103333,32,0,"Eye Implant: Aimed Shot, Shiny",1
32,103368,103369,32,0,"Eye Implant: Rifle, Shiny",1
32,103370,103371,32,0,"Eye Implant: Elec. Engi, Shiny",1
32,103400,103401,32,0,"Eye Implant: Tutoring, Shiny",1
32,103404,103405,32,0,"Eye Implant: Aimed Shot, Shiny",1
32,103514,103515,32,0,"Eye Implant: Rifle, Shiny",1
32,103542,103543,32,0,"Eye Implant: Rifle, Shiny",1
32,103572,103573,32,0,"Eye Implant: Elec. Engi, Shiny",1
32,103578,103579,32,0,"Eye Implant: Tutoring, Shiny",1
32,103588,103589,32,0,"Eye Implant: Vehicle Air, Shiny",1
32,103608,103609,32,0,"Eye Implant: Aimed Shot, Shiny",1
32,103693,103694,32,0,"Eye Implant: Elec. Engi, Shiny",1
32,103745,103746,32,0,"Eye Implant: Tutoring, Shiny",1
32,103753,103754,32,0,"Eye Implant: Elec. Engi, Shiny",1
32,103755,103756,32,0,"Eye Implant: Vehicle Air, Shiny",1
32,103805,103806,32,0,"Eye Implant: Perception, Bright",2
32,103855,103856,32,0,"Eye Implant: Map Navig, Shiny",1
32,103894,103895,32,0,"Eye Implant: Tutoring, Shiny",1
32,103898,103899,32,0,"Eye Implant: Intelligence, Bright",1
32,103912,103913,32,0,"Eye Implant: Elec. Engi, Shiny",1
32,103945,103946,32,0,"Eye Implant: Vehicle Air, Shiny",1
32,103985,103986,32,0,"Eye Implant: Aimed Shot, Shiny",1
32,104019,104020,32,0,"Eye Implant: Elec. Engi, Shiny",1
32,104059,104060,32,0,"Eye Implant: Rifle, Shiny",1
32,104087,104088,32,0,"Eye Implant: Rifle, Shiny",1
32,104097,104098,32,0,"Eye Implant: Aimed Shot, Shiny",1
32,104139,104140,32,0,"Eye Implant: Aimed Shot, Shiny",1
32,104157,104158,32,0,"Eye Implant: Rifle, Shiny",1
32,104214,104215,32,0,"Eye Implant: Aimed Shot, Shiny",1
32,104220,104221,32,0,"Eye Implant: Rifle, Shiny",1
32,104226,104227,32,0,"Eye Implant: Elec. Engi, Shiny",1
32,104272,104292,32,0,"Eye Implant: Tutoring, Shiny",1
32,104309,104310,32,0,"Eye Implant: Psycho Modi, Bright",2
32,104327,104328,32,0,"Eye Implant: Elec. Engi, Shiny",1
32,104354,104355,32,0,"Eye Implant: Map Navig, Shiny",1
32,104362,104363,32,0,"Eye Implant: Rifle, Shiny",1
32,104466,104467,32,0,"Eye Implant: Rifle, Shiny",1
32,104544,104545,32,0,"Eye Implant: Aimed Shot, Shiny",1
32,104546,104547,32,0,"Eye Implant: Aimed Shot, Shiny",1
32,104550,104551,32,0,"Eye Implant: Rifle, Shiny",1
32,104560,104561,32,0,"Eye Implant: Aimed Shot, Shiny",1
32,104582,104583,32,0,"Eye Implant: Vehicle Air, Shiny",2
32,104625,104626,32,0,"Eye Implant: Aimed Shot, Shiny",1
32,104697,104698,32,0,"Eye Implant: Nano Progra, Bright",1
32,104716,104717,32,0,"Eye Implant: Tutoring, Shiny",1
32,104718,104719,32,0,"Eye Implant: Aimed Shot, Shiny",1
32,104750,104751,32,0,"Eye Implant: Mult. Melee, Bright",1
32,104758,104759,32,0,"Eye Implant: Elec. Engi, Shiny",1
32,104770,104771,32,0,"Eye Implant: Tutoring, Shiny",1
32,104778,104779,32,0,"Eye Implant: Rifle, Shiny",1
32,104820,104821,32,0,"Eye Implant: Aimed Shot, Shiny",1
32,104882,104883,32,0,"Eye Implant: Elec. Engi, Shiny",1
32,104925,104926,32,0,"Eye Implant: Aimed Shot, Shiny",1
32,105014,105015,32,0,"Head Implant: Melee Ener, Shiny",1
32,105153,105154,32,0,"Head Implant: Pharma Tech, Shiny",1
32,105189,105190,32,0,"Head Implant: Max Nano, Shiny",1
32,105229,105230,32,0,"Head Implant: Mech. Engi, Shiny",1
32,105237,105238,32,0,"Head Implant: Bio.Metamor, Shiny",1
32,105281,105282,32,0,"Head Implant: Chemistry, Shiny",1
32,105349,105350,32,0,"Head Implant: Psycho Modi, Shiny",1
32,105459,105460,32,0,"Head Implant: Matter Crea, Shiny",1
32,105483,105484,32,0,"Head Implant: Nano Progra, Shiny",1
32,105575,105576,32,0,"Head Implant: Ranged Ener, Shiny",1
32,105585,105586,32,0,"Head Implant: Quantum FT, Shiny",1
32,105625,105626,32,0,"Head Implant: Max Nano, Shiny",1
32,105653,105654,32,0,"Head Implant: First Aid, Shiny",1
32,105693,105694,32,0,"Head Implant: Quantum FT, Shiny",1
32,105789,105790,32,0,"Head Implant: Time & Space, Shiny",1
32,105925,105926,32,0,"Head Implant: Ranged Ener, Shiny",1
32,105945,105946,32,0,"Head Implant: Intelligence, Shiny",1
32,105951,105952,32,0,"Head Implant: Map Navig, Bright",1
32,105967,105968,32,0,"Head Implant: Mech. Engi, Shiny",1
32,105973,105974,32,0,"Head Implant: Psycho Modi, Shiny",1
32,106063,106064,32,0,"Head Implant: Psycho Modi, Shiny",1
32,106156,106157,32,0,"Head Implant: First Aid, Shiny",1
32,106164,106165,32,0,"Head Implant: Pharma Tech, Shiny",1
32,106205,106206,32,0,"Head Implant: Psycho Modi, Shiny",1
32,106319,106320,32,0,"Head Implant: Bow Spc Att, Shiny",1
32,106321,106322,32,0,"Head Implant: Sensory Impr, Shiny",1
32,106349,106350,32,0,"Head Implant: Bio.Metamor, Shiny",1
32,106399,106400,32,0,"Head Implant: Mech. Engi, Shiny",2
32,106401,106402,32,0,"Head Implant: Matt.Metam, Shiny",1
32,106437,106438,32,0,"Head Implant: Matt.Metam, Shiny",1
32,106584,106585,32,0,"Head Implant: Melee Ener, Shiny",1
32,106588,106589,32,0,"Head Implant: Bow Spc Att, Shiny",1
32,106671,106672,32,0,"Head Implant: Matt.Metam, Shiny",1
32,106811,106812,32,0,"Head Implant: Psychic, Shiny",1
32,106865,106866,32,0,"Head Implant: Psychic, Shiny",1
32,106920,106921,32,0,"Head Implant: Pharma Tech, Shiny",1
32,106954,106955,32,0,"Head Implant: Treatment, Shiny",1
32,106969,106970,32,0,"Head Implant: Psychic, Shiny",1
32,107063,107064,32,0,"Head Implant: Quantum FT, Shiny",1
32,107091,107092,32,0,"Head Implant: Vehicle Hydr, Shiny",1
32,107135,107136,32,0,"Head Implant: Quantum FT, Shiny",1
32,107161,107162,32,0,"Head Implant: Melee Ener, Shiny",1
32,107239,107240,32,0,"Ear Implant: Psychology, Bright",1
32,107345,107346,32,0,"Ear Implant: Perception, Shiny",1
32,107347,107348,32,0,"Ear Implant: Concealment, Bright",1
32,107355,107356,32,0,"Ear Implant: Perception, Shiny",1
32,107373,107374,32,0,"Right-Arm Implant: 1h Edged Weapon, Shiny",1
32,107380,107381,32,0,"Right-Arm Implant: Break & Entry, Shiny",1
32,107498,107499,32,0,"Right-Arm Implant: Grenade, Shiny",1
32,107554,107555,32,0,"Right-Arm Implant: 2h Edged, Shiny",1
32,107584,107585,32,0,"Right-Arm Implant: 1h Edged Weapon, Shiny",1
32,107653,107654,32,0,"Right-Arm Implant: Grenade, Shiny",1
32,107691,107692,32,0,"Right-Arm Implant: Strength, Shiny",1
32,107737,107738,32,0,"Right-Arm Implant: Shotgun, Shiny",1
32,107743,107744,32,0,"Right-Arm Implant: Fling Shot, Shiny",1
32,107785,107786,32,0,"Right-Arm Implant: Assault Rif, Shiny",1
32,107847,107848,32,0,"Right-Arm Implant: Piercing, Shiny",1
32,107867,107868,32,0,"Right-Arm Implant: 1h Blunt, Shiny",1
32,107883,107884,32,0,"Right-Arm Implant: MG / SMG, Shiny",1
32,107923,107924,32,0,"Right-Arm Implant: Full Auto, Shiny",1
32,107967,107968,32,0,"Right-Arm Implant: Swimming, Bright",1
32,107981,107982,32,0,"Right-Arm Implant: Heavy Weapons, Shiny",1
32,107985,107986,32,0,"Right-Arm Implant: MG / SMG, Shiny",1
32,107997,107998,32,0,"Right-Arm Implant: Heavy Weapons, Shiny",1
32,108003,108004,32,0,"Right-Arm Implant: MG / SMG, Shiny",1
32,108038,108039,32,0,"Right-Arm Implant: Shotgun, Shiny",1
32,108146,108147,32,0,"Right-Arm Implant: 1h Blunt, Shiny",1
32,108246,108247,32,0,"Right-Arm Implant: Bow, Shiny",1
32,108254,108255,32,0,"Right-Arm Implant: Shotgun, Shiny",1
32,108278,108279,32,0,"Right-Arm Implant: Strength, Shiny",1
32,108404,108405,32,0,"Right-Arm Implant: 1h Blunt, Shiny",1
32,108492,108493,32,0,"Chest Implant: Dimach, Shiny",1
32,108594,108595,32,0,"Chest Implant: Stamina, Shiny",1
32,108628,108629,32,0,"Chest Implant: Body Dev, Shiny",1
32,108666,108667,32,0,"Chest Implant: Stamina, Shiny",1
32,108680,108681,32,0,"Chest Implant: Dimach, Shiny",1
32,108746,108747,32,0,"Chest Implant: Body Dev, Shiny",1
32,108794,108795,32,0,"Chest Implant: Sense, Shiny",1
32,108854,108855,32,0,"Chest Implant: Melee/Ma AC, Shiny",1
32,108878,108879,32,0,"Chest Implant: Dimach, Shiny",1
32,108886,108887,32,0,"Chest Implant: Max Health, Shiny",1
32,108930,108931,32,0,"Chest Implant: Stamina, Shiny",1
32,108958,108959,32,0,"Chest Implant: Max Health, Shiny",1
32,109072,109073,32,0,"Chest Implant: Energy AC, Shiny",1
32,109076,109077,32,0,"Chest Implant: Dimach, Shiny",1
32,109078,109079,32,0,"Chest Implant: Body Dev, Shiny",1
32,109084,109085,32,0,"Chest Implant: Max Health, Shiny",1
32,109096,109097,32,0,"Chest Implant: Energy AC, Shiny",1
32,109202,109203,32,0,"Chest Implant: Stamina, Shiny",1
32,109309,109310,32,0,"Left-Arm Implant: Piercing, Bright",1
32,109325,109326,32,0,"Left-Arm Implant: Strength, Bright",1
32,109424,109425,32,0,"Right-Wrist Implant: Ranged. Init, Shiny",1
32,109506,109507,32,0,"Right-Wrist Implant: 1h Edged Weapon, Bright",1
32,109526,109527,32,0,"Right-Wrist Implant: Pistol, Shiny",1
32,109562,109563,32,0,"Right-Wrist Implant: Sharp Obj, Shiny",1
32,109570,109571,32,0,"Right-Wrist Implant: Ranged. Init, Shiny",1
32,109582,109583,32,0,"Right-Wrist Implant: Riposte, Shiny",1
32,109626,109627,32,0,"Right-Wrist Implant: Pistol, Shiny",1
32,109648,109649,32,0,"Right-Wrist Implant: Riposte, Shiny",1
32,109742,109743,32,0,"Right-Wrist Implant: Sharp Obj, Shiny",1
32,109834,109835,32,0,"Right-Wrist Implant: Sharp Obj, Shiny",1
32,110082,110083,32,0,"Right-Wrist Implant: Ranged. Init, Shiny",1
32,110102,110103,32,0,"Waist Implant: Cold AC, Shiny",1
32,110188,110189,32,0,"Waist Implant: Cold AC, Shiny",1
32,110286,110287,32,0,"Waist Implant: Energy AC, Faded",1
32,110294,110295,32,0,"Waist Implant: Cold AC, Shiny",1
32,110334,110335,32,0,"Waist Implant: Cold AC, Shiny",1
32,110338,110339,32,0,"Waist Implant: Max Nano, Bright",1
32,110352,110353,32,0,"Waist Implant: Chemical AC, Shiny",1
32,110470,110471,32,0,"Waist Implant: Chemical AC, Shiny",1
32,110484,110485,32,0,"Waist Implant: Cold AC, Shiny",1
32,110520,110521,32,0,"Waist Implant: Cold AC, Shiny",1
32,110556,110557,32,0,"Waist Implant: Cold AC, Shiny",1
32,110562,110563,32,0,"Waist Implant: Radiation AC, Shiny",1
32,110568,110569,32,0,"Waist Implant: Fire AC, Shiny",1
32,110648,110649,32,0,"Waist Implant: Fire AC, Shiny",1
32,110700,110701,32,0,"Waist Implant: Sense, Bright",1
32,110718,110719,32,0,"Waist Implant: Fire AC, Shiny",1
32,110774,110775,32,0,"Waist Implant: Radiation AC, Shiny",1
32,110898,110899,32,0,"Waist Implant: Max Nano, Bright",1
32,110996,110997,32,0,"Waist Implant: Radiation AC, Shiny",1
32,111000,111001,32,0,"Waist Implant: Fire AC, Shiny",1
32,111062,111081,32,0,"Waist Implant: Cold AC, Shiny",1
32,111066,111067,32,0,"Waist Implant: Radiation AC, Shiny",1
32,111094,111095,32,0,"Waist Implant: Cold AC, Shiny",1
32,111277,111278,32,0,"Waist Implant: Sense, Bright",1
32,111383,111384,32,0,"Waist Implant: Cold AC, Shiny",3
32,111414,111415,32,0,"Left-Wrist Implant: Multi Ranged, Shiny",1
32,111429,111430,32,0,"Left-Wrist Implant: Riposte, Bright",1
32,111720,111721,32,0,"Right-Hand Implant: Trap Disarm, Shiny",1
32,111734,111735,32,0,"Right-Hand Implant: Weapon Smt, Shiny",1
32,111757,111758,32,0,"Right-Hand Implant: 1h Edged Weapon, Faded",1
32,111789,111790,32,0,"Right-Hand Implant: MG / SMG, Bright",1
32,111846,111847,32,0,"Right-Hand Implant: Cold AC, Bright",1
32,111850,111851,32,0,"Right-Hand Implant: Martial Arts, Shiny",1
32,111860,111861,32,0,"Right-Hand Implant: Sharp Obj, Bright",1
32,111995,111996,32,0,"Right-Hand Implant: Martial Arts, Shiny",1
32,112015,112016,32,0,"Right-Hand Implant: Weapon Smt, Shiny",1
32,112057,112058,32,0,"Right-Hand Implant: Trap Disarm, Shiny",1
32,112136,112137,32,0,"Right-Hand Implant: Martial Arts, Shiny",1
32,112160,112161,32,0,"Right-Hand Implant: Cold AC, Bright",1
32,112265,112266,32,0,"Right-Hand Implant: Trap Disarm, Shiny",1
32,112286,112287,32,0,"Right-Hand Implant: Weapon Smt, Shiny",1
32,112354,112355,32,0,"Right-Hand Implant: Trap Disarm, Shiny",1
32,112366,112367,32,0,"Right-Hand Implant: Aimed Shot, Faded",1
32,112638,112639,32,0,"Right-Hand Implant: Weapon Smt, Shiny",1
32,112697,112647,32,0,"Right-Hand Implant: Fast Attack, Bright",1
32,112738,112739,32,0,"Right-Hand Implant: Trap Disarm, Shiny",1
32,112758,112759,32,0,"Right-Hand Implant: Fling Shot, Bright",1
32,112782,112783,32,0,"Right-Hand Implant: Sharp Obj, Bright",1
32,112869,112870,32,0,"Right-Hand Implant: Weapon Smt, Shiny",1
32,112901,112902,32,0,"Right-Hand Implant: Weapon Smt, Shiny",1
32,112923,112924,32,0,"Right-Hand Implant: Trap Disarm, Shiny",1
32,113033,113034,32,0,"Right-Hand Implant: Trap Disarm, Shiny",1
32,113108,113109,32,0,"Right-Hand Implant: Weapon Smt, Shiny",1
32,113152,113153,32,0,"Leg Implant: Adventuring, Shiny",1
32,113497,113498,32,0,"Leg Implant: Adventuring, Shiny",1
32,113583,113584,32,0,"Feet Implant: Physic. Init, Shiny",1
32,113595,113596,32,0,"Feet Implant: Concealment, Shiny",1
32,116826,116826,41,0,Nano Crystal (Instill With Fury),1
32,118117,118117,37,0,Nano Crystal (Thicken Skin),2
32,118255,118255,31,0,Nano Crystal (Elementary Delayed Health Payment),1
32,120573,142656,32,0,Senpai Tertius Decus Armor Helmet,4
32,120609,120609,1,0,Omni-Med Cloak,1
32,120628,120628,1,0,Medical Cloak,1
32,121143,121143,37,0,Nano Crystal (Sudden Scare),1
32,121305,121304,32,0,Information Tool - Aggressive,1
32,121306,121307,32,0,Information Tool - Level,1
32,121520,121520,34,0,Nano Crystal (Capable Health Haggler),2
32,121612,121613,32,0,Training Bladestaff,1
32,121667,121668,32,0,Second-Hand Thagh Whings,1
32,121724,121725,32,0,Edge-Less Haxor 9922,1
32,121743,121744,32,0,Cast-Off Right Slice,3
32,121800,121801,32,0,Cast-Off Disaffiliation Sniper,1
32,121838,121839,32,0,Cast-Off Sleekblaster,1
32,121857,121858,32,0,Cast-Off Chunkprojector,1
32,121971,121972,32,0,Edge-Less Katana,1
32,121990,121991,32,0,Cast-Off Blackened Miniblaster,2
32,122047,122048,32,0,Edge-Less Longmoon,1
32,122066,122067,32,0,Cast-Off Clean Slay Axe,1
32,122104,122105,32,0,Cast-Off Stabber,1
32,122161,122162,32,0,Edge-Less E-Blade,2
32,122180,122181,32,0,Cast-Off Megajolt,1
32,122197,122198,32,0,Ill-Treated DNA-Locked Blaster Rifle,1
32,122218,122219,32,0,Cast-Off Stigma Rifle,1
32,122256,122257,32,0,Cast-Off Eradicator XCI-52,1
32,122275,122276,32,0,Cast-Off Kolt PDW-37,2
32,122294,122295,32,0,Cast-Off Omni-Flamer Mk IV,2
32,122332,122333,32,0,Cast-Off Minigrinner,1
32,122370,122371,32,0,Cast-Off Energy Shield,1
32,122408,122409,32,0,Cast-Off Energy Buckler,2
32,122541,122542,32,0,Cast-Off Omni-Pol Standard Flamer,1
32,122598,122599,32,0,Cast-Off Blackhole Mk IX,3
32,122617,122618,32,0,Cast-Off Aero Borealis Corona,1
32,122636,122637,32,0,Cast-Off The Original Plasma-Emitter,1
32,122674,122675,32,0,Cast-Off Heavy Lead Sprayer,1
32,122693,122694,32,0,Cast-Off Advanced Baseballbat,1
32,122750,122751,32,0,Edge-Less Two-Handed Blackjack,1
32,122769,122770,32,0,Cast-Off Bow-Blaster,3
32,122869,122870,32,0,Cast-Off Grenade-Thrower,1
32,122907,122908,32,0,Edge-Less Support Beam,1
32,122926,122927,32,0,Edge-Less Blackjohn,1
32,123002,123003,32,0,Edge-Less Notum Spear,1
32,123021,123022,32,0,Cast-Off Mini-Shotgun,1
32,123040,123041,32,0,Cast-Off Medium Shotgun,1
32,123097,123098,32,0,Cast-Off DNA-Targeted Executioner Pistol,1
32,123116,123117,32,0,Cast-Off Bow Split,1
32,123173,123174,32,0,Cast-Off Electron-Charged Pistol,1
32,123192,123193,32,0,Cast-Off Suppressor,2
32,123459,123460,32,0,Cast-Off OT Boomer+.90AE,1
32,123516,123517,32,0,Cast-Off Khemo-Tech Model 200,1
32,123553,123553,32,0,Irreparable Knights Inc. Special-Purpose Pistol,1
32,123572,123572,32,0,Ill-Treated OT 0220 22mm Combat Magnum,1
32,123591,123591,32,0,Ill-Treated Sentinel 20mm Snub Pistol,1
32,123611,123612,32,0,Cast-Off PNG M1007A1 Tactical Revolver,2
32,123630,123631,32,0,Cast-Off BBI Sigma III,1
32,123649,123650,32,0,Cast-Off Sentinels ETE Strike Gun,1
32,123687,123688,32,0,Cast-Off Seburo Bobsons,1
32,123706,123707,32,0,Faded OT Biomag,4
32,123727,123728,32,0,MTI M-1 Bipower A,2
32,123746,123747,32,0,OT M-10 Flechette Pistol,1
32,123765,123766,32,0,Polizziotto M201,1
32,123776,123777,32,0,MTI 95 Match Pistol ,1
32,123793,123794,32,0,MTI VP300.f Proto Caseless,1
32,123810,123811,32,0,MTI SW500 ,1
32,123839,123840,32,0,Zastaba Cz-200 Assault Pistol ,2
32,123846,123847,32,0,Freedom Arms Super 90 ,1
32,123870,123871,32,0,Atlas Bern C.V.,1
32,123879,123880,32,0,Worn BigBurger Inc.,1
32,123895,123896,32,0,Shortened OT Backup,2
32,123905,123905,32,0,Rusty OT 0120 Machine Pistol,2
32,123928,123929,32,0,Rusty FN 7-7 Pistol,1
32,123937,123937,32,0,MTI USP 1200 T,5
32,123947,123947,32,0,Galahad Inc T70 Salamanca,1
32,123976,123977,32,0,Gripo-Com AKR 1K20,1
32,123986,123987,32,0,MTI-OT PF55 Flechette System,3
32,123993,123994,32,0,Old English Trading Co. Type 77a,1
32,124044,124045,32,0,F.D.A. Insurgent Moth,3
32,124075,124076,32,0,BBI PS500,1
32,124110,124111,32,0,Kalo-BBI Model 56,1
32,124123,124124,32,0,ICC Arms SB21 Assault Shotgun,1
32,124138,124139,32,0,ICC Arms 2Q2C Gun Bag,1
32,124151,124152,32,0,OT-Windchaser M06 Onyx,2
32,124185,124186,32,0,OT-Windchaser RM70,1
32,124199,124199,32,0,Worn OT-Windchaser RM70 Junior,1
32,124219,124220,32,0,Galahad Inc. Scout,3
32,124243,124244,32,0,OT M50 Shotgun,2
32,124258,124259,32,0,Vektor ND Shotgun,1
32,124265,124266,32,0,OT MPS-00 Police Shotgun,4
32,124287,124288,32,0,OT-Windchaser SM30 Shotgun,2
32,124359,124360,32,0,MTI G-90A3,2
32,124374,124375,32,0,BBI AS-90,2
32,124383,124384,32,0,HSR Arms F-59,1
32,124411,124412,32,0,MTI G-70 Zaman,2
32,124424,124425,32,0,MTI B-94,1
32,124446,124447,32,0,Kalinkalov Mz-99,2
32,124455,124456,32,0,EN-RAL,2
32,124484,124485,32,0,Ingram Morning Star,2
32,124487,124488,32,0,Manex SD 4004,2
32,124512,124513,32,0,Sentinels Personal Edition,1
32,124529,124530,32,0,Prototype Sito-Tech Model 00,1
32,124545,124546,32,0,YES Support 1010,2
32,124557,124558,32,0,Kang Tao Spitting Cobra,1
32,124562,124563,32,0,Cast-Off OT Saladin,2
32,124617,124618,32,0,Used MTI SO1210,1
32,124626,124627,32,0,Cast-Off MTI UMP22,1
32,124664,124665,32,0,Cast-Off Malorian Arms M25 Goodgun,1
32,124704,124705,32,0,Over-Tuned Seburo C-19a,1
32,124751,124752,32,0,Cast-Off BBI WMMA CAW,3
32,124770,124771,32,0,Cast-Off OT ARL-10 Micromissile Launcher,1
32,124857,124858,32,0,Cast-Off Planet Gripon Arms Hard-Boomer,1
32,124876,124877,32,0,Cast-Off GE ME30 Mom,2
32,124912,124913,32,0,Cast-Off Westinghouse IM-50 Plasma Burner,1
32,124969,124970,32,0,Cast-Off GE XM-559 Man-Portable Laser,2
32,124988,124989,32,0,Cast-Off Reet-Tech Stryker X,2
32,125007,125008,32,0,Cast-Off Joint Clans Exocet II,1
32,125026,125027,32,0,Cast-Off Joint Clans Patriot,4
32,125045,125046,32,0,Cast-Off Reet-Tech Junior Urban Crossbow,1
32,125083,125084,32,0,Cast-Off Oneida Razor Half-Bow,2
32,125402,125403,32,0,Bent Protector Executioner,1
32,125421,125422,32,0,Bent Torch,1
32,125445,125446,32,0,Tear-soaked Pillow with Important Stripes,1
32,125748,125748,37,0,Nano Crystal (Calling of Salvinous),1
32,128603,128604,32,0,Fragile D-nort Compact Assault Rifle,2
32,128627,128628,32,0,Rusty Ares Arms AR-90 Jet Rifle,2
32,128710,128711,32,0,Rusty River Series 6,2
32,128717,128718,32,0,Cast-off Galahad Inc. 077 Personal Weapon,1
32,128734,128735,32,0,1st edition Pistola Di Macchina Mini Automatico 2,1
32,128789,128790,32,0,Battered Old English Trading Co. SPP-502,2
32,128813,128814,32,0,Cast-off Zastaba M0-2 Assault Weapon (Zero),1
32,128861,128861,32,0,Cast-off MTI MPK-22 ,4
32,128873,128874,32,0,Cast-off Arwen MM-50 Grenade Launcher,1
32,128909,128910,32,0,Outdated Fett j-8 Flammable,1
32,128916,128917,32,0,Water balloon,1
32,128921,128922,32,0,Bent Peasant Executioner,1
32,128940,128941,32,0,Edge-less Peasant Warblade,2
32,128959,128960,32,0,Edge-less Merchant Warblade,1
32,129014,129015,32,0,Omni-Med Butter Cake,1
32,129017,129018,32,0,Fast Chocolate Surprise,2
32,129028,129029,32,0,Unbalanced Sledgehammer,1
32,129071,129072,32,0,Breathing Space,1
32,129640,129641,32,0,Junior Wen-Wen,2
32,130003,130004,32,0,Run Speed Cluster - Faded (Leg),2
32,130005,130006,32,0,Run Speed Cluster - Bright (Left-Wrist),1
32,130007,130008,32,0,Run Speed Cluster - Shiny (Right-Wrist),1
32,130064,130065,32,0,Heavy Staff,1
32,130075,130076,32,0,Light Staff,1
32,130084,130085,32,0,Magical Stave of Inferno,2
32,130089,130090,32,0,Unbalanced Native Alloy Staff,2
32,130146,130147,32,0,Unbalanced Hayfork,1
32,130163,130164,32,0,Loose MTI Sword,2
32,130183,130184,32,0,Whistling Hot Air Stick,1
32,130203,130204,32,0,Stale Bloodworm Carapace,1
32,130259,130260,32,0,"Right-Wrist Implant: Run Speed, Shiny",1
32,130331,130332,32,0,"Right-Wrist Implant: Run Speed, Shiny",1
32,130449,130450,32,0,"Leg Implant: Dodge-Rng, Shiny",1
32,136699,136699,34,0,Nano Crystal (Natural Cure),1
32,142655,142654,32,0,Senpai Tertius Decus Armor Pants,5
32,142658,142657,32,0,Senpai Tertius Decus Armor Gloves,3
32,142660,142659,32,0,Senpai Tertius Decus Armor Boots,1
32,142665,142664,32,0,Senpai Tertius Decus Armor Sleeves,2
32,142807,142807,32,0,Misshaped SSC Rustling Wakisashi,1
32,143846,143847,32,0,Cast-Off Sunburst Mk IV,1
32,144088,144089,32,0,Chipped Tanto,1
32,144148,144149,32,0,Edge-less Burning Copper Katana,1
32,150223,150224,32,0,,1
32,150243,150244,32,0,,1
32,150306,150307,32,0,,1
32,150637,150637,24,0,,1
32,152066,152067,32,0,,1
32,152085,152086,32,0,,1
32,152111,152112,32,0,,2
32,152124,152125,32,0,,1
32,152137,152138,32,0,,1
32,152158,152159,32,0,,1
32,152281,152282,32,0,,1
32,152313,152314,32,0,,1
32,152373,152374,32,0,,1
32,152390,152391,32,0,,1
32,153083,153084,32,0,,2
32,154069,150213,32,0,,1
32,154070,150196,32,0,,1
32,154735,154735,41,0,,2
32,154740,154740,41,0,,1
32,155367,155367,34,0,,2
32,155377,155377,34,0,,5
32,155390,155390,34,0,,2
32,156132,156132,41,0,,2
32,156133,156133,24,0,,1
32,156143,156143,34,0,,1
32,158019,158020,32,0,,1
32,158033,158021,32,0,,1
32,158035,158034,32,0,,2
32,158038,158039,32,0,,1
32,158045,158046,32,0,,4
32,158963,158964,32,0,,1
32,159035,159036,32,0,,1
32,159040,159041,32,0,,1
32,159109,159110,32,0,,2
32,160096,160097,32,0,,2
32,160216,160217,32,0,,1
32,160219,160220,32,0,,1
32,160224,160225,32,0,,2
32,160233,160234,32,0,,2
32,160242,160243,32,0,,1
32,160247,160248,32,0,,1
32,160264,160265,32,0,,2
32,160487,160488,32,0,,1
32,163389,163389,24,0,,3
32,166257,166258,32,0,,1
32,171429,171431,32,0,,1
32,171665,172757,32,0,,1
32,173105,173106,32,0,,1
32,178122,178123,32,0,,1
32,202740,202740,30,0,,2
32,202829,202829,30,0,,3
32,202869,202869,35,0,,1
32,203124,203124,36,0,,1
32,203134,203134,38,0,,1
32,203959,203959,42,0,,1
32,204262,204263,32,0,,1
32,205224,205225,32,0,,3
32,205232,205232,37,0,,1
32,206289,206290,32,0,,3
32,210312,210312,27,0,,6
32,210614,210614,35,0,,2
32,210672,210672,31,0,,2
32,210708,210708,41,0,,2
32,210735,210735,29,0,,5
32,210747,210747,36,0,,7
32,210788,210788,22,0,,7
32,211165,211165,40,0,,8
32,218744,218745,32,0,,4
32,218780,218781,32,0,,1
32,227473,227473,30,0,,16
32,233794,233795,32,0,,1
37,26207,26207,27,0,Nano Crystal (Enhanced Senses),2
37,26245,26245,43,0,Nano Crystal (Free Movement),2
37,27383,27383,1,0,Omni-Med Suit Shirt,1
37,27384,27384,1,0,Omni-Med Suit Skirt,1
37,27387,27387,1,0,Omni-Med Female Suit Shirt,1
37,28744,28744,33,0,Nano Crystal (Survival Aid),4
37,28795,28795,33,0,Nano Crystal (Abyssal Flames),1
37,28798,28798,33,0,Nano Crystal (Blight),1
37,28830,28830,37,0,Nano Crystal (Phoenix Swarm),1
37,28921,28921,33,0,Nano Crystal (Dirty Fighter),3
37,28935,28935,27,0,Nano Crystal (Give Energy: 50),3
37,28939,28939,27,0,Nano Crystal (Give Life: 50),1
37,29333,29333,27,0,Nano Crystal (Attack Booster),1
37,29359,29359,43,0,Nano Crystal (Precognition),1
37,29372,29372,37,0,Nano Crystal (BioMet Mastery),2
37,29391,29391,43,0,Nano Crystal (MatCrea Mastery),3
37,29392,29392,40,0,Nano Crystal (SpaceTime Mastery),2
37,29412,29412,43,0,Nano Crystal (Sense Imp Mastery),1
37,29804,29804,27,0,Nano Crystal (Glowing Retribution),1
37,29806,29806,30,0,Nano Crystal (Headcracker),1
37,29858,29858,40,0,Nano Crystal (Quick Weapon),1
37,30101,30101,27,0,Nano Crystal (Anger Addlement),1
37,30102,30102,43,0,Nano Crystal (Authority Figure),2
37,30138,30138,43,0,Nano Crystal (Sleep),1
37,30758,30758,27,0,Nano Crystal (Apprentice: Field Quantum Physics),1
37,30759,30759,30,0,Nano Crystal (Apprentice: Mechanical Engineering),1
37,31419,31419,27,0,Nano Crystal (Contact Poison),2
37,31498,31498,1,0,White Cloak,3
37,31499,31499,1,0,Red Cloak,3
37,31500,31500,1,0,Grey Cloak,1
37,31502,31502,1,0,Brown Cloak,1
37,31503,31503,1,0,Blue Cloak,4
37,31504,31504,1,0,Jean Trenchcoat,2
37,31505,31505,1,0,Black Trenchcoat,4
37,31516,31516,1,0,Trenchcoat,3
37,31517,31517,1,0,Black Cloak,3
37,31528,31528,1,0,Red Cloak Hood,2
37,31530,31530,1,0,Grey Cloak Hood,2
37,31531,31531,1,0,Green Cloak Hood,1
37,31533,31533,1,0,Blue Cloak Hood,1
37,31534,31534,1,0,Black Cloak Hood,1
37,32073,32073,33,0,Nano Crystal (False Profession: Bureaucrat),1
37,32074,32074,30,0,Nano Crystal (False Profession: Doctor),3
37,32077,32077,37,0,Nano Crystal (False Profession: Meta-Physicist),1
37,32078,32078,40,0,Nano Crystal (False Profession: Nanotechnician),1
37,32081,32081,27,0,Nano Crystal (False Profession: Trader),1
37,32100,32100,40,0,Nano Crystal (Ruse of Taren - Phase 1),1
37,36778,36786,37,0,4 - 7 NCU Memory,1
37,36782,36777,37,0,Belt Component Platform Ti-200X,1
37,43145,43146,37,0,Attack of the Snake,1
37,43552,43551,37,0,Portable Surgery Clinic,1
37,43777,43777,37,0,Nano Crystal (Summon Rage Materialization),1
37,43780,43780,14,0,Nano Crystal (Summon Fury Externalization),1
37,43954,43954,27,0,Nano Crystal (Periodic Checkup),2
37,44004,44004,33,0,Nano Crystal (Active Remedy),1
37,44198,44198,33,0,Nano Crystal (Cancerous Burrower),1
37,44201,44201,47,0,Nano Crystal (Dark Venom),1
37,44203,44203,37,0,Nano Crystal (Minor Consuming Toxin),1
37,45327,45327,33,0,Nano Crystal (Weak Gravity Collapse),1
37,45369,45369,43,0,Nano Crystal (Frosty Welcome),1
37,45400,45400,30,0,Nano Crystal (Aggressive Mutagen),1
37,45952,45952,37,0,Nano Crystal (Toxic Field),2
37,45971,45971,40,0,Nano Crystal (Lesser Bane of the Living),1
37,45996,45996,33,0,Nano Crystal (Chilling Stream),1
37,46009,46009,37,0,Nano Crystal (Upgraded Android),1
37,46073,46073,33,0,Nano Crystal (Android),2
37,46075,46075,30,0,Nano Crystal (Common Android),2
37,46081,46081,40,0,Nano Crystal (Advanced Android),1
37,46442,46442,40,0,Nano Crystal (Executive-Grade Attendant-Droid),3
37,46449,46449,43,0,Nano Crystal (Director-Grade Attendant-Droid),2
37,49819,49819,33,0,Nano Crystal (Challenger to Titan),1
37,49827,49827,40,0,Nano Crystal (Brave Challenger to Titan),1
37,55679,55678,37,0,Weapon Smithing Tutoring Device,1
37,55681,55680,37,0,Psychology Tutoring Device,2
37,55688,55677,37,0,Chemistry Tutoring Device,2
37,55694,55693,37,0,Electrical Engineering Tutoring Device,1
37,55757,55757,47,0,Nano Crystal (Poison Stingers),2
37,55760,55760,37,0,Nano Crystal (Arctic Cloak),1
37,55776,55776,37,0,Nano Crystal (Lesser Retaliatory Barrier),1
37,55841,55841,30,0,Nano Crystal (Firefly's Fury),2
37,55844,55844,47,0,Nano Crystal (Sparking Touch),2
37,56239,56239,33,0,Nano Crystal (Lesser Paralyze with Indecision),3
37,56240,56240,47,0,Nano Crystal (Brief Interrogation),1
37,56251,56251,27,0,Nano Crystal (Lesser Prolong Encounter),2
37,70253,70252,37,0,Deflection Shield,1
37,70413,70413,47,0,Nano Crystal (Total Mirror Shield Mk III),1
37,70558,85640,37,0,Battered Low-Tech Armor Boots,3
37,70559,85689,37,0,Battered Low-Tech Body Armor,2
37,70560,85688,37,0,Battered Low-Tech Female Body Armor,1
37,70561,85744,37,0,Battered Low-Tech Armor Sleeves,2
37,70563,85558,37,0,Battered Low-Tech Armor Helmet,1
37,70564,85515,37,0,Battered Low-Tech Armor Pants,5
37,70565,85514,37,0,Battered Low-Tech Armor Shorts,2
37,70583,70583,33,0,Nano Crystal (Basic Protective Field),2
37,70584,70584,27,0,Nano Crystal (Basic Shielding Barrier),1
37,70608,70607,37,0,Angel of Night,1
37,70611,70617,37,0,"Bright, Blue, Cloudless Sky",1
37,75370,75370,43,0,Nano Crystal (Wilderness Protection),2
37,75419,75419,37,0,Nano Crystal (Lesser Absorption Shield),1
37,78423,78423,33,0,Nano Crystal (Greater Health Funnel),1
37,78424,78424,30,0,Nano Crystal (Advanced Health Funnel),1
37,78425,78425,47,0,Nano Crystal (Weak Health Freeloader),2
37,81838,81838,40,0,Nano Crystal (Meditate on an Autumn Leaf),2
37,81846,81846,47,0,Nano Crystal (Fists of Shocking Touch),1
37,81849,81849,37,0,Nano Crystal (Corrosive Fists),1
37,81953,81953,27,0,Nano Crystal (Lesser Mysterious Causes),2
37,82066,82066,40,0,Nano Crystal (Team Healing Touch),4
37,82072,82072,43,0,Nano Crystal (Healing Touch),2
37,82080,82080,27,0,Nano Crystal (Survival Technique),2
37,82087,82087,43,0,Nano Crystal (Greater Quick Heal),1
37,82801,82801,37,0,Nano Crystal (Nano Net),2
37,82808,82808,37,0,Nano Crystal (Lesser Delay the Inevitable),2
37,82812,82812,30,0,Nano Crystal (Stumbling Steps),1
37,83920,83919,37,0,Aggression Enhancer,1
37,83965,83965,37,0,Nano Crystal (Wild Eye Gouger),1
37,83978,83978,27,0,Nano Crystal (Gouge Eyes),1
37,83982,83982,47,0,Nano Crystal (Curtain of Darkness),1
37,84160,84159,37,0,Cloaking Device,1
37,85145,85145,47,0,Nano Crystal (Playful Cub),1
37,85277,85277,43,0,Nano Crystal (Net Cast Wide),1
37,85319,85319,37,0,Nano Crystal (Lesser Weighty Announcement),1
37,85477,21917,37,0,Worn Cyber Armor Sleeves,3
37,85481,85690,37,0,Battered Leather Vest,1
37,85489,22351,37,0,Basic Tech Armor Pants,3
37,85494,22347,37,0,Worn Steel-Ribbed Armor Pants,1
37,85496,85495,37,0,Inferior Titan Plasteel Armor Pants,3
37,85500,85499,37,0,Inferior Chilled Plasteel Armor Pants,1
37,85501,22343,37,0,Inferior Heated Plasteel Armor Pants,2
37,85502,22339,37,0,Recruit-Issue Omni-Pol Forest Armor Pants,2
37,85504,27394,37,0,Recruit-Issue Omni-Pol Desert Armor Pants,2
37,85505,22331,37,0,Recruit-Issue Omni-Pol Armor Pants,3
37,85507,85506,37,0,Battered Nomad Armor Pants,1
37,85510,85509,37,0,Inferior Nail Armor Pants,1
37,85512,85511,37,0,Worn Metaplast Armor Pants,1
37,85516,22301,37,0,Inferior Kevlar Armor Pants,2
37,85517,27360,37,0,Battered Flak Armor Pants,3
37,85519,85518,37,0,Battered Sid's Leather Armor Pants,2
37,85521,85520,37,0,Battered Leather Armor Pants,1
37,85526,22293,37,0,Inferior Energized Armor Pants,1
37,85528,85527,37,0,Worn Waitt Cyber Armor Pants,2
37,85536,22266,37,0,Basic Tech Armor Helmet,2
37,85541,22262,37,0,Worn Steel-Ribbed Armor Helmet,2
37,85547,85546,37,0,Inferior Chilled Plasteel Armor Helmet,1
37,85548,22258,37,0,Inferior Heated Plasteel Armor Helmet,1
37,85549,22254,37,0,Recruit-Issue Omni-Pol Forest Armor Helmet,2
37,85551,27402,37,0,Recruit-Issue Omni-Pol Desert Armor Helmet,2
37,85552,22246,37,0,Recruit-Issue Omni-Pol Armor Helmet,2
37,85557,85556,37,0,Worn Metaplast Armor Helmet,3
37,85560,85559,37,0,Battered Sid's Leather Armor Helmet,4
37,85567,22223,37,0,Inferior Energized Armor Helmet,1
37,85569,85568,37,0,Worn Waitt Cyber Armor Helmet,2
37,85571,85570,37,0,Worn Bau Cyber Armor Helmet,3
37,85575,22216,37,0,Basic Tech Armor Gloves,4
37,85580,22212,37,0,Worn Steel-Ribbed Armor Gloves,1
37,85584,85583,37,0,Inferior Vito's Plasteel Armor Gloves,2
37,85586,85585,37,0,Inferior Chilled Plasteel Armor Gloves,1
37,85587,22208,37,0,Inferior Heated Plasteel Armor Gloves,3
37,85588,22204,37,0,Recruit-Issue Omni-Pol Forest Armor Gloves,1
37,85590,27396,37,0,Recruit-Issue Omni-Pol Desert Armor Gloves,2
37,85591,22196,37,0,Recruit-Issue Omni-Pol Armor Gloves,1
37,85593,85592,37,0,Battered Nomad Armor Gloves,2
37,85600,85599,37,0,Battered Sid's Leather Armor Gloves,2
37,85602,85601,37,0,Battered Leather Armor Gloves,1
37,85606,85605,37,0,Inferior Raven's Energized Armor Gloves,1
37,85607,22170,37,0,Inferior Energized Armor Gloves,1
37,85609,85608,37,0,Worn Waitt Cyber Armor Gloves,2
37,85611,85610,37,0,Worn Bau Cyber Armor Gloves,1
37,85612,22166,37,0,Worn Cyber Armor Gloves,3
37,85624,85623,37,0,Inferior Vito's Plasteel Armor Boots,1
37,85626,85625,37,0,Inferior Chilled Plasteel Armor Boots,2
37,85627,22154,37,0,Inferior Heated Plasteel Armor Boots,1
37,85628,22150,37,0,Recruit-Issue Omni-Pol Forest Armor Boots,3
37,85633,85632,37,0,Battered Nomad Armor Boots,2
37,85636,85635,37,0,Inferior Nail Armor Boots,1
37,85639,22124,37,0,Basic Martial Artist Suit Boots,1
37,85641,22116,37,0,Inferior Kevlar Armor Boots,4
37,85649,85648,37,0,Inferior Raven's Energized Armor Boots,1
37,85650,22108,37,0,Inferior Energized Armor Boots,1
37,85654,85653,37,0,Worn Bau Cyber Armor Boots,2
37,85655,22104,37,0,Worn Cyber Armor Boots,2
37,85657,85656,37,0,Battered Light Combat Armor Boots,1
37,85662,22088,37,0,Basic Tech Female Body Armor,3
37,85663,22084,37,0,Basic Tech Body Armor,1
37,85668,22080,37,0,Worn Steel-Ribbed Body Armor,2
37,85670,85669,37,0,Inferior Titan Plasteel Body Armor,1
37,85672,85671,37,0,Inferior Vito's Plasteel Body Armor,3
37,85674,85673,37,0,Inferior Chilled Plasteel Body Armor,2
37,85675,22076,37,0,Inferior Heated Plasteel Body Armor,3
37,85676,22072,37,0,Recruit-Issue Omni-Pol Forest Body Armor,2
37,85678,27398,37,0,Recruit-Issue Omni-Pol Desert Body Armor,1
37,85679,22064,37,0,Recruit-Issue Omni-Pol Body Armor,1
37,85681,85680,37,0,Battered Nomad Body Armor,1
37,85684,85683,37,0,Inferior Nail Body Armor,2
37,85686,85685,37,0,Worn Metaplast Body Armor,4
37,85687,22046,37,0,Basic Martial Artist Suit Shirt,1
37,85691,22004,37,0,Inferior Kevlar Vest,1
37,85692,22026,37,0,Inferior Kevlar Body Armor,4
37,85693,27389,37,0,Battered Flak Body Armor,2
37,85697,85696,37,0,Battered Leather Body Armor,4
37,85701,85700,37,0,Inferior Raven's Energized Body Armor,1
37,85702,22018,37,0,Inferior Energized Body Armor,4
37,85704,85703,37,0,Worn Waitt Cyber Female Body Armor,2
37,85706,85705,37,0,Worn Waitt Cyber Body Armor,5
37,85708,85707,37,0,Worn Bau Cyber Female Body Armor,3
37,85711,22014,37,0,Worn Cyber Female Body Armor,3
37,85712,22010,37,0,Worn Cyber Body Armor,2
37,85714,85713,37,0,Battered Light Combat Body Armor,2
37,85719,21975,37,0,Basic Tech Armor Sleeves,2
37,85723,85722,37,0,Worn Nadir Steel-Ribbed Armor Sleeves,2
37,85724,21971,37,0,Worn Steel-Ribbed Armor Sleeves,2
37,85726,85725,37,0,Inferior Titan Plasteel Armor Sleeves,1
37,85728,85727,37,0,Inferior Vito's Plasteel Armor Sleeves,1
37,85731,21967,37,0,Inferior Heated Plasteel Armor Sleeves,2
37,85732,21963,37,0,Recruit-Issue Omni-Pol Forest Armor Sleeves,1
37,85734,27400,37,0,Recruit-Issue Omni-Pol Desert Armor Sleeves,5
37,85737,85736,37,0,Battered Nomad Armor Sleeves,4
37,85740,85739,37,0,Inferior Nail Armor Sleeves,1
37,85742,85741,37,0,Worn Metaplast Armor Sleeves,2
37,85743,21937,37,0,Basic Martial Artist Suit Sleeves,1
37,85745,21929,37,0,Inferior Kevlar Armor Sleeves,1
37,85746,27391,37,0,Battered Flak Armor Sleeves,1
37,85748,85747,37,0,Battered Sid's Leather Armor Sleeves,1
37,85750,85749,37,0,Battered Leather Armor Sleeves,2
37,85754,85753,37,0,Inferior Raven's Energized Armor Sleeves,1
37,85755,21921,37,0,Inferior Energized Armor Sleeves,1
37,85757,85756,37,0,Worn Waitt Cyber Armor Sleeves,1
37,85759,85758,37,0,Worn Bau Cyber Armor Sleeves,3
37,85761,85760,37,0,Battered Light Combat Armor Sleeves,4
37,85875,85875,30,0,Nano Crystal (Ransack Skills (Average)),1
37,86438,86438,1,0,Katara Sunglasses,2
37,86443,86443,1,0,Visor,1
37,87470,87470,1,0,Tattoo,2
37,87472,87472,1,0,Tattoo,1
37,87473,87473,1,0,Tattoo,1
37,87475,87475,1,0,Tattoo,1
37,87476,87476,1,0,Tattoo,2
37,87479,87479,1,0,Tattoo,1
37,87483,87483,1,0,Tattoo,1
37,88377,88378,37,0,Trimmer - Divert Energy to Offense,2
37,88381,88382,37,0,Trimmer - Divert Energy to Hitpoints,3
37,90410,90410,40,0,Nano Crystal (Humidity Extractor),2
37,95518,95519,37,0,Nano Formula Recompiler,1
37,95532,95532,30,0,Nano Crystal (Subconscious Guidance),2
37,95537,95537,47,0,Nano Crystal (Engrossing Activity),2
37,95723,95723,33,0,Nano Crystal (Combat Hardening),1
37,95737,95737,33,0,Nano Crystal (Essence of Boundless Health),2
37,95746,95746,47,0,Nano Crystal (Medic's Respite),1
37,95748,95748,27,0,Nano Crystal (Enhance Constitution),2
37,97464,97464,43,0,Nano Crystal (Bodily Amplification),1
37,99137,99137,40,0,Nano Crystal (Quench Anger),1
37,99999,99999,1,0,"Body Tattoo, Back",1
37,100013,100013,1,0,Tattoo,2
37,100229,100229,30,0,Nano Crystal (Enraged Mind),1
37,100264,100264,30,0,Nano Crystal (Berserk Rage),2
37,100447,100447,30,0,Nano Crystal (Bewilder),1
37,100453,100453,47,0,Nano Crystal (Distracting Baubles),2
37,101105,101106,37,0,"Eye Implant: Mult. Melee, Bright",1
37,101173,101174,37,0,"Chest Implant: Melee/Ma AC, Shiny",1
37,101237,101238,37,0,"Left-Wrist Implant: Mult. Melee, Shiny",1
37,101301,101302,37,0,"Feet Implant: Melee. Init, Shiny",1
37,101309,101310,37,0,Imp/Proj AC Cluster - Faded (Waist),1
37,101311,101312,37,0,Imp/Proj AC Cluster - Bright (Chest),1
37,101315,101316,37,0,Melee/Ma AC Cluster - Faded (Leg),2
37,101317,101318,37,0,Melee/Ma AC Cluster - Bright (Waist),1
37,101323,101324,37,0,Energy AC Cluster - Bright (Leg),2
37,101327,101328,37,0,Chemical AC Cluster - Faded (Left-Arm),2
37,101329,101330,37,0,Chemical AC Cluster - Bright (Right-Arm),2
37,101331,101332,37,0,Chemical AC Cluster - Shiny (Waist),1
37,101333,101371,37,0,Radiation AC Cluster - Faded (Right-Arm),1
37,101335,101336,37,0,1h Blunt Cluster - Bright (Right-Wrist),1
37,101341,101342,37,0,1h Edged Weapon Cluster - Bright (Right-Wrist),2
37,101345,101346,37,0,Melee Ener Cluster - Faded (Right-Wrist),1
37,101347,101348,37,0,Melee Ener Cluster - Bright (Left-Wrist),2
37,101349,101350,37,0,Melee Ener Cluster - Shiny (Head),1
37,101351,101352,37,0,2h Edged Cluster - Faded (Waist),1
37,101355,101356,37,0,2h Edged Cluster - Shiny (Right-Arm),1
37,101357,101358,37,0,Piercing Cluster - Faded (Waist),5
37,101359,101360,37,0,Piercing Cluster - Bright (Left-Arm),1
37,101361,101362,37,0,Piercing Cluster - Shiny (Right-Arm),1
37,101369,101370,37,0,Sharp Obj Cluster - Faded (Eye),1
37,101376,101377,37,0,Cold AC Cluster - Faded (Left-Hand),1
37,101378,101379,37,0,Cold AC Cluster - Bright (Right-Hand),1
37,101380,101381,37,0,Cold AC Cluster - Shiny (Waist),1
37,101386,101387,37,0,Nano Resist Cluster - Shiny (Head),1
37,101394,101395,37,0,Martial Arts Cluster - Faded (Left-Hand),1
37,101396,101397,37,0,Martial Arts Cluster - Bright (Feet),1
37,101398,101399,37,0,Martial Arts Cluster - Shiny (Right-Hand),1
37,101400,101401,37,0,Mult. Melee Cluster - Faded (Right-Wrist),1
37,101406,101334,37,0,1h Blunt Cluster - Faded (Right-Hand),2
37,101414,101415,37,0,Time & Space Cluster - Faded (Eye),2
37,101416,101417,37,0,Time & Space Cluster - Bright (Right-Hand),1
37,101418,101419,37,0,Time & Space Cluster - Shiny (Head),1
37,101422,101423,37,0,Nano Pool Cluster - Bright (Head),3
37,101427,101428,37,0,Sharp Obj Cluster - Shiny (Right-Wrist),2
37,101429,101430,37,0,Grenade Cluster - Faded (Right-Hand),1
37,101433,101434,37,0,Grenade Cluster - Shiny (Right-Arm),1
37,101437,101438,37,0,Heavy Weapons Cluster - Bright (Eye),1
37,101439,101440,37,0,Heavy Weapons Cluster - Shiny (Right-Arm),1
37,101443,101444,37,0,Bow Cluster - Bright (Left-Arm),1
37,101445,101446,37,0,Bow Cluster - Shiny (Right-Arm),1
37,101451,101452,37,0,Pistol Cluster - Shiny (Right-Wrist),2
37,101453,101454,37,0,Rifle Cluster - Faded (Left-Wrist),1
37,101459,101460,37,0,MG / SMG Cluster - Faded (Chest),1
37,101463,101464,37,0,MG / SMG Cluster - Shiny (Right-Arm),1
37,101465,101466,37,0,Shotgun Cluster - Faded (Waist),1
37,101467,101468,37,0,Shotgun Cluster - Bright (Right-Hand),1
37,101469,101470,37,0,Shotgun Cluster - Shiny (Right-Arm),1
37,101475,101476,37,0,Assault Rif Cluster - Shiny (Right-Arm),1
37,101477,101478,37,0,Vehicle Hydr Cluster - Faded (Ear),2
37,101493,101494,37,0,Ranged. Init Cluster - Shiny (Right-Wrist),1
37,101495,101496,37,0,Physic. Init Cluster - Faded (Left-Arm),1
37,101503,101504,37,0,Bow Spc Att Cluster - Bright (Right-Hand),1
37,101505,101506,37,0,Bow Spc Att Cluster - Shiny (Head),1
37,101507,101508,37,0,Sensory Impr Cluster - Faded (Chest),1
37,101511,101512,37,0,Sensory Impr Cluster - Shiny (Head),1
37,101519,101520,37,0,Treatment Cluster - Faded (Right-Hand),1
37,101523,101524,37,0,Treatment Cluster - Shiny (Head),1
37,101525,101526,37,0,Mech. Engi Cluster - Faded (Right-Arm),2
37,101527,101528,37,0,Mech. Engi Cluster - Bright (Eye),1
37,101531,101532,37,0,Elec. Engi Cluster - Faded (Right-Hand),1
37,101533,101534,37,0,Elec. Engi Cluster - Bright (Head),2
37,101535,101536,37,0,Elec. Engi Cluster - Shiny (Eye),2
37,101537,101538,37,0,Matt.Metam Cluster - Faded (Left-Arm),1
37,101547,101548,37,0,Bio.Metamor Cluster - Shiny (Head),1
37,101549,101550,37,0,Psycho Modi Cluster - Faded (Ear),2
37,101559,101560,37,0,Ranged Ener Cluster - Shiny (Head),1
37,101561,101562,37,0,Multi Ranged Cluster - Faded (Eye),1
37,101571,101572,37,0,Trap Disarm Cluster - Shiny (Right-Hand),1
37,101573,101574,37,0,Perception Cluster - Faded (Head),1
37,101575,101576,37,0,Perception Cluster - Bright (Eye),1
37,101581,101582,37,0,Adventuring Cluster - Bright (Waist),1
37,101591,101592,37,0,Vehicle Air Cluster - Faded (Head),1
37,101593,101594,37,0,Vehicle Air Cluster - Bright (Ear),1
37,101595,101596,37,0,Vehicle Air Cluster - Shiny (Eye),2
37,101603,101604,37,0,Tutoring Cluster - Faded (Head),1
37,101609,101610,37,0,Brawling Cluster - Faded (Waist),1
37,101611,101612,37,0,Brawling Cluster - Bright (Right-Arm),1
37,101615,101616,37,0,Riposte Cluster - Faded (Right-Arm),2
37,101621,101622,37,0,Dimach Cluster - Faded (Waist),1
37,101627,101628,37,0,Parry Cluster - Faded (Right-Arm),1
37,101629,101630,37,0,Parry Cluster - Bright (Left-Wrist),1
37,101631,101632,37,0,Parry Cluster - Shiny (Right-Wrist),1
37,101637,101638,37,0,Sneak Atck Cluster - Shiny (Feet),1
37,101639,101640,37,0,Fast Attack Cluster - Faded (Right-Arm),1
37,101643,101644,37,0,Fast Attack Cluster - Shiny (Left-Hand),1
37,101655,101656,37,0,Fling Shot Cluster - Shiny (Right-Arm),4
37,101657,101658,37,0,Aimed Shot Cluster - Faded (Right-Hand),1
37,101667,101668,37,0,Body Dev Cluster - Shiny (Chest),1
37,101669,101670,37,0,Duck-Exp Cluster - Faded (Feet),1
37,101675,101676,37,0,Dodge-Rng Cluster - Faded (Waist),2
37,101679,101680,37,0,Dodge-Rng Cluster - Shiny (Leg),2
37,101683,101684,37,0,Evade-ClsC Cluster - Bright (Leg),2
37,101685,101686,37,0,Evade-ClsC Cluster - Shiny (Feet),1
37,101687,101688,37,0,Quantum FT Cluster - Faded (Right-Hand),1
37,101689,101690,37,0,Quantum FT Cluster - Bright (Eye),1
37,101693,101694,37,0,Weapon Smt Cluster - Faded (Eye),2
37,101697,101698,37,0,Weapon Smt Cluster - Shiny (Right-Hand),2
37,101707,101708,37,0,Nano Progra Cluster - Bright (Eye),2
37,101711,101712,37,0,Comp. Liter Cluster - Faded (Right-Hand),1
37,101719,101720,37,0,Psychology Cluster - Bright (Ear),1
37,101727,101728,37,0,Chemistry Cluster - Shiny (Head),1
37,101729,101730,37,0,Concealment Cluster - Faded (Eye),1
37,101731,101732,37,0,Concealment Cluster - Bright (Ear),1
37,101737,101738,37,0,Break & Entry Cluster - Bright (Left-Arm),1
37,101741,101742,37,0,Vehicle Grnd Cluster - Faded (Ear),1
37,101747,101748,37,0,Full Auto Cluster - Faded (Waist),1
37,101751,101752,37,0,Full Auto Cluster - Shiny (Right-Arm),1
37,101753,101754,37,0,Burst Cluster - Faded (Right-Hand),1
37,101755,101756,37,0,Burst Cluster - Bright (Right-Wrist),1
37,101763,101764,37,0,Disease AC Cluster - Shiny (Head),1
37,101771,101772,37,0,Strength Cluster - Faded (Chest),1
37,101775,101776,37,0,Strength Cluster - Shiny (Right-Arm),3
37,101789,101790,37,0,Intelligence Cluster - Faded (Ear),2
37,101791,101792,37,0,Intelligence Cluster - Bright (Eye),1
37,101793,101794,37,0,Intelligence Cluster - Shiny (Head),3
37,101795,101796,37,0,Sense Cluster - Faded (Head),1
37,101801,101802,37,0,Psychic Cluster - Faded (Ear),3
37,101803,101804,37,0,Psychic Cluster - Bright (Chest),1
37,101817,101818,37,0,Max Nano Cluster - Shiny (Head),1
37,101959,101960,37,0,"Eye Implant: Map Navig, Shiny",1
37,101961,101962,37,0,"Eye Implant: Map Navig, Shiny",1
37,101987,101988,37,0,"Eye Implant: Map Navig, Shiny",1
37,101999,102000,37,0,"Eye Implant: Mech. Engi, Bright",1
37,102033,102034,37,0,"Eye Implant: Rifle, Shiny",1
37,102055,102056,37,0,"Eye Implant: Ranged Ener, Bright",1
37,102065,102066,37,0,"Eye Implant: Elec. Engi, Shiny",1
37,102154,102155,37,0,"Eye Implant: Aimed Shot, Shiny",1
37,102196,102197,37,0,"Eye Implant: Tutoring, Shiny",1
37,102238,102239,37,0,"Eye Implant: Rifle, Shiny",1
37,102329,102330,37,0,"Eye Implant: Tutoring, Shiny",1
37,102333,102334,37,0,"Eye Implant: Aimed Shot, Shiny",1
37,102390,102391,37,0,"Eye Implant: Map Navig, Shiny",1
37,102398,102399,37,0,"Eye Implant: Rifle, Shiny",1
37,102470,102471,37,0,"Eye Implant: Elec. Engi, Shiny",1
37,102516,102517,37,0,"Eye Implant: Map Navig, Shiny",1
37,102522,102523,37,0,"Eye Implant: Quantum FT, Bright",1
37,102545,102546,37,0,"Eye Implant: Elec. Engi, Shiny",1
37,102601,102602,37,0,"Eye Implant: Tutoring, Shiny",1
37,102605,102606,37,0,"Eye Implant: Heavy Weapons, Bright",1
37,102663,102664,37,0,"Eye Implant: Vehicle Air, Shiny",1
37,102962,102963,37,0,"Eye Implant: Rifle, Shiny",1
37,102970,102971,37,0,"Eye Implant: Tutoring, Shiny",1
37,102980,102981,37,0,"Eye Implant: Vehicle Air, Shiny",1
37,103035,103036,37,0,"Eye Implant: Map Navig, Shiny",1
37,103063,103064,37,0,"Eye Implant: Rifle, Shiny",1
37,103090,103091,37,0,"Eye Implant: Map Navig, Shiny",1
37,103250,103251,37,0,"Eye Implant: Tutoring, Shiny",1
37,103348,103349,37,0,"Eye Implant: Nano Progra, Bright",1
37,103524,103525,37,0,"Eye Implant: Aimed Shot, Shiny",1
37,103637,103638,37,0,"Eye Implant: Elec. Engi, Shiny",1
37,103641,103642,37,0,"Eye Implant: Map Navig, Shiny",1
37,103659,103660,37,0,"Eye Implant: Aimed Shot, Shiny",1
37,103703,103704,37,0,"Eye Implant: Multi Ranged, Faded",1
37,103729,103730,37,0,"Eye Implant: Map Navig, Shiny",1
37,103755,103756,37,0,"Eye Implant: Vehicle Air, Shiny",1
37,103777,103778,37,0,"Eye Implant: Psycho Modi, Bright",1
37,103791,103792,37,0,"Eye Implant: Ranged Ener, Bright",1
37,103831,103832,37,0,"Eye Implant: Aimed Shot, Shiny",1
37,103843,103844,37,0,"Eye Implant: Tutoring, Shiny",1
37,103945,103946,37,0,"Eye Implant: Vehicle Air, Shiny",1
37,103949,103950,37,0,"Eye Implant: Map Navig, Shiny",1
37,104085,104086,37,0,"Eye Implant: NanoC. Init, Bright",1
37,104087,104088,37,0,"Eye Implant: Rifle, Shiny",1
37,104103,104104,37,0,"Eye Implant: Elec. Engi, Shiny",1
37,104113,104114,37,0,"Eye Implant: Pharma Tech, Bright",1
37,104182,104183,37,0,"Eye Implant: Map Navig, Shiny",1
37,104368,104369,37,0,"Eye Implant: Map Navig, Shiny",1
37,104444,104445,37,0,"Eye Implant: Vehicle Air, Shiny",1
37,104524,104525,37,0,"Eye Implant: Rifle, Shiny",1
37,104582,104583,37,0,"Eye Implant: Vehicle Air, Shiny",1
37,104609,104610,37,0,"Eye Implant: Tutoring, Shiny",1
37,104663,104664,37,0,"Eye Implant: Map Navig, Shiny",1
37,104669,104670,37,0,"Eye Implant: Quantum FT, Bright",1
37,104768,104769,37,0,"Eye Implant: Tutoring, Shiny",1
37,104836,104837,37,0,"Eye Implant: Ranged Ener, Bright",1
37,104858,104859,37,0,"Eye Implant: Map Navig, Shiny",1
37,104964,104965,37,0,"Eye Implant: Vehicle Air, Shiny",1
37,105004,105005,37,0,"Eye Implant: Elec. Engi, Shiny",1
37,105070,105071,37,0,"Head Implant: Matt.Metam, Shiny",1
37,105171,105172,37,0,"Head Implant: Intelligence, Shiny",1
37,105197,105198,37,0,"Head Implant: Elec. Engi, Bright",1
37,105349,105350,37,0,"Head Implant: Psycho Modi, Shiny",1
37,105531,105532,37,0,"Head Implant: Vehicle Hydr, Shiny",1
37,105629,105630,37,0,"Head Implant: Weapon Smt, Bright",1
37,105641,105642,37,0,"Head Implant: Vehicle Hydr, Shiny",1
37,105775,105776,37,0,"Head Implant: Bio.Metamor, Shiny",1
37,105874,105875,37,0,"Head Implant: Quantum FT, Shiny",1
37,105878,105879,37,0,"Head Implant: Nano Progra, Shiny",1
37,105903,105904,37,0,"Head Implant: Vehicle Hydr, Shiny",1
37,105927,105928,37,0,"Head Implant: NanoC. Init, Shiny",1
37,105999,106000,37,0,"Head Implant: Intelligence, Shiny",1
37,106037,106038,37,0,"Head Implant: Quantum FT, Shiny",1
37,106136,106137,37,0,"Head Implant: Nano Resist, Shiny",1
37,106194,106195,37,0,"Head Implant: Psychic, Shiny",1
37,106203,106204,37,0,"Head Implant: Bio.Metamor, Shiny",1
37,106269,106270,37,0,"Head Implant: First Aid, Shiny",1
37,106299,106300,37,0,"Head Implant: Matter Crea, Shiny",1
37,106309,106310,37,0,"Head Implant: Max Nano, Shiny",1
37,106341,106342,37,0,"Head Implant: Intelligence, Shiny",1
37,106538,106539,37,0,"Head Implant: Bow Spc Att, Shiny",1
37,106570,106571,37,0,"Head Implant: Intelligence, Shiny",1
37,106574,106575,37,0,"Head Implant: Psychic, Shiny",1
37,106697,106698,37,0,"Head Implant: Vehicle Grnd, Shiny",1
37,106811,106812,37,0,"Head Implant: Psychic, Shiny",1
37,106857,106858,37,0,"Head Implant: Chemistry, Shiny",1
37,106918,106919,37,0,"Head Implant: Pharma Tech, Shiny",1
37,106968,106893,37,0,"Head Implant: Bio.Metamor, Shiny",1
37,106993,106994,37,0,"Head Implant: Mech. Engi, Shiny",1
37,107011,107012,37,0,"Head Implant: Pharma Tech, Shiny",1
37,107103,107104,37,0,"Head Implant: Matt.Metam, Shiny",1
37,107223,107224,37,0,"Head Implant: Intelligence, Shiny",1
37,107229,107230,37,0,"Ear Implant: Tutoring, Bright",1
37,107307,107308,37,0,"Ear Implant: Concealment, Bright",1
37,107396,107397,37,0,"Right-Arm Implant: 2h Edged, Shiny",1
37,107434,107435,37,0,"Right-Arm Implant: Heavy Weapons, Shiny",1
37,107458,107459,37,0,"Right-Arm Implant: Shotgun, Shiny",1
37,107460,107461,37,0,"Right-Arm Implant: Assault Rif, Shiny",1
37,107538,107539,37,0,"Right-Arm Implant: Strength, Shiny",1
37,107607,107608,37,0,"Right-Arm Implant: Fling Shot, Shiny",1
37,107637,107638,37,0,"Right-Arm Implant: 1h Edged Weapon, Shiny",1
37,107679,107680,37,0,"Right-Arm Implant: Break & Entry, Shiny",1
37,107717,107718,37,0,"Right-Arm Implant: 2h Blunt, Shiny",1
37,107735,107736,37,0,"Right-Arm Implant: Shotgun, Shiny",1
37,107751,107752,37,0,"Right-Arm Implant: Full Auto, Shiny",2
37,107851,107886,37,0,"Right-Arm Implant: 2h Blunt, Shiny",1
37,107857,107858,37,0,"Right-Arm Implant: Break & Entry, Shiny",1
37,107887,107888,37,0,"Right-Arm Implant: 2h Blunt, Shiny",1
37,107923,107924,37,0,"Right-Arm Implant: Full Auto, Shiny",1
37,107999,108000,37,0,"Right-Arm Implant: Bow, Shiny",1
37,108030,108031,37,0,"Right-Arm Implant: Grenade, Shiny",1
37,108236,108237,37,0,"Right-Arm Implant: Grenade, Shiny",1
37,108272,108273,37,0,"Right-Arm Implant: Burst, Shiny",1
37,108292,108293,37,0,"Right-Arm Implant: Grenade, Shiny",1
37,108330,108331,37,0,"Right-Arm Implant: Bow, Shiny",1
37,108353,108354,37,0,"Right-Arm Implant: Assault Rif, Shiny",1
37,108420,108421,37,0,"Chest Implant: Stamina, Shiny",1
37,108492,108493,37,0,"Chest Implant: Dimach, Shiny",1
37,108534,108535,37,0,"Chest Implant: Stamina, Shiny",1
37,108570,108571,37,0,"Chest Implant: Stamina, Shiny",1
37,108600,108601,37,0,"Chest Implant: Bio.Metamor, Bright",1
37,108682,108683,37,0,"Chest Implant: Body Dev, Shiny",1
37,108712,108713,37,0,"Chest Implant: Energy AC, Shiny",1
37,108758,108759,37,0,"Chest Implant: Max Health, Shiny",1
37,108890,108891,37,0,"Chest Implant: Imp/Proj AC, Bright",1
37,108906,108907,37,0,"Chest Implant: Dimach, Shiny",1
37,108924,108925,37,0,"Chest Implant: Bio.Metamor, Bright",1
37,108944,108945,37,0,"Chest Implant: Melee/Ma AC, Shiny",1
37,108946,108947,37,0,"Chest Implant: Energy AC, Shiny",1
37,108950,108951,37,0,"Chest Implant: Dimach, Shiny",1
37,109110,109111,37,0,"Chest Implant: Nano Pool, Shiny",1
37,109176,109177,37,0,"Chest Implant: Dimach, Shiny",1
37,109192,109193,37,0,"Chest Implant: Max Health, Shiny",1
37,109210,109211,37,0,"Chest Implant: Max Health, Shiny",1
37,109355,109266,37,0,"Left-Arm Implant: Brawling, Shiny",1
37,109358,109359,37,0,"Left-Arm Implant: Piercing, Bright",1
37,109476,109477,37,0,"Right-Wrist Implant: Sharp Obj, Shiny",1
37,109514,109456,37,0,"Right-Wrist Implant: Pistol, Shiny",1
37,109520,109521,37,0,"Right-Wrist Implant: Rifle, Bright",1
37,109602,109603,37,0,"Right-Wrist Implant: Sharp Obj, Shiny",1
37,109716,109717,37,0,"Right-Wrist Implant: Sharp Obj, Shiny",1
37,109954,109955,37,0,"Right-Wrist Implant: Sharp Obj, Shiny",1
37,109998,109999,37,0,"Right-Wrist Implant: Ranged. Init, Shiny",1
37,110010,110027,37,0,"Right-Wrist Implant: Pistol, Shiny",1
37,110116,110117,37,0,"Right-Wrist Implant: Aimed Shot, Bright",1
37,110146,110147,37,0,"Waist Implant: Fire AC, Shiny",1
37,110150,110151,37,0,"Waist Implant: Body Dev, Bright",1
37,110258,110259,37,0,"Waist Implant: Cold AC, Shiny",1
37,110414,110415,37,0,"Waist Implant: Chemical AC, Shiny",2
37,110428,110429,37,0,"Waist Implant: Fire AC, Shiny",1
37,110446,110447,37,0,"Waist Implant: Fire AC, Shiny",1
37,110502,110503,37,0,"Waist Implant: Radiation AC, Shiny",1
37,110594,110595,37,0,"Waist Implant: Chemical AC, Shiny",1
37,110668,110669,37,0,"Waist Implant: Fire AC, Shiny",2
37,110704,110705,37,0,"Waist Implant: Radiation AC, Shiny",1
37,110788,110789,37,0,"Waist Implant: Fire AC, Shiny",1
37,110850,110851,37,0,"Waist Implant: Duck-Exp, Bright",1
37,110942,110943,37,0,"Waist Implant: Radiation AC, Shiny",1
37,111014,111015,37,0,"Waist Implant: Chemical AC, Shiny",1
37,111090,111091,37,0,"Waist Implant: Chemical AC, Shiny",1
37,111136,111137,37,0,"Waist Implant: Fire AC, Shiny",1
37,111195,111196,37,0,"Left-Wrist Implant: Parry, Bright",1
37,111207,111208,37,0,"Waist Implant: Max Health, Bright",1
37,111225,111226,37,0,"Waist Implant: Fire AC, Shiny",1
37,111267,111268,37,0,"Waist Implant: Duck-Exp, Bright",1
37,111271,111272,37,0,"Waist Implant: Radiation AC, Shiny",1
37,111289,111290,37,0,"Waist Implant: Chemical AC, Shiny",1
37,111291,111292,37,0,"Waist Implant: Radiation AC, Shiny",1
37,111375,111376,37,0,"Waist Implant: Fire AC, Shiny",1
37,111402,111403,37,0,"Left-Wrist Implant: Mult. Melee, Shiny",2
37,111427,111428,37,0,"Left-Wrist Implant: Multi Ranged, Shiny",1
37,111435,111436,37,0,"Left-Wrist Implant: Mult. Melee, Shiny",1
37,111496,111497,37,0,"Right-Hand Implant: Martial Arts, Shiny",1
37,111543,111544,37,0,"Right-Hand Implant: Assault Rif, Bright",1
37,111570,111571,37,0,"Right-Hand Implant: Weapon Smt, Shiny",1
37,111613,111614,37,0,"Right-Hand Implant: Trap Disarm, Shiny",1
37,111635,111636,37,0,"Right-Hand Implant: Weapon Smt, Shiny",1
37,111642,111643,37,0,"Right-Hand Implant: Shotgun, Bright",1
37,111728,111729,37,0,"Right-Hand Implant: Bow Spc Att, Bright",1
37,111848,111849,37,0,"Right-Hand Implant: Martial Arts, Shiny",1
37,111933,111934,37,0,"Right-Hand Implant: Cold AC, Bright",2
37,112033,112034,37,0,"Right-Hand Implant: Trap Disarm, Shiny",1
37,112098,112099,37,0,"Right-Hand Implant: Trap Disarm, Shiny",1
37,112306,112307,37,0,"Right-Hand Implant: Trap Disarm, Shiny",1
37,112368,112369,37,0,"Right-Hand Implant: Cold AC, Bright",1
37,112400,112401,37,0,"Right-Hand Implant: Martial Arts, Shiny",1
37,112479,112480,37,0,"Right-Hand Implant: Trap Disarm, Shiny",1
37,112506,112507,37,0,"Right-Hand Implant: Trap Disarm, Shiny",1
37,112554,112555,37,0,"Right-Hand Implant: Trap Disarm, Shiny",1
37,112556,112557,37,0,"Right-Hand Implant: Weapon Smt, Shiny",1
37,112558,112559,37,0,"Right-Hand Implant: Pharma Tech, Faded",1
37,112579,112580,37,0,"Right-Hand Implant: Martial Arts, Shiny",1
37,112583,112584,37,0,"Right-Hand Implant: Weapon Smt, Shiny",1
37,112721,112722,37,0,"Right-Hand Implant: Martial Arts, Shiny",1
37,112750,112751,37,0,"Right-Hand Implant: Fast Attack, Bright",1
37,112768,112769,37,0,"Right-Hand Implant: Cold AC, Bright",1
37,112772,112773,37,0,"Right-Hand Implant: Martial Arts, Shiny",1
37,112780,112781,37,0,"Right-Hand Implant: Weapon Smt, Shiny",1
37,112798,112799,37,0,"Right-Hand Implant: MG / SMG, Bright",1
37,112801,112802,37,0,"Right-Hand Implant: Weapon Smt, Shiny",1
37,112827,112828,37,0,"Right-Hand Implant: Trap Disarm, Shiny",1
37,112875,112876,37,0,"Right-Hand Implant: Trap Disarm, Shiny",1
37,112945,112946,37,0,"Right-Hand Implant: Martial Arts, Shiny",1
37,112953,112954,37,0,"Right-Hand Implant: Martial Arts, Shiny",1
37,113003,113004,37,0,"Right-Hand Implant: Weapon Smt, Shiny",1
37,113058,113059,37,0,"Right-Hand Implant: Trap Disarm, Shiny",1
37,113106,113107,37,0,"Right-Hand Implant: Trap Disarm, Shiny",1
37,113150,113151,37,0,"Leg Implant: Imp/Proj AC, Shiny",1
37,113208,113209,37,0,"Leg Implant: Duck-Exp, Shiny",1
37,113225,113226,37,0,"Leg Implant: Agility, Shiny",1
37,113408,113409,37,0,"Leg Implant: Swimming, Shiny",1
37,113448,113449,37,0,"Left-Hand Implant: Fast Attack, Shiny",1
37,113491,113492,37,0,"Leg Implant: Agility, Shiny",1
37,113540,113541,37,0,"Feet Implant: Sneak Atck, Shiny",1
37,116826,116826,41,0,Nano Crystal (Instill With Fury),2
37,118254,118254,44,0,Nano Crystal (Average Delayed Health Payment),1
37,118255,118255,31,0,Nano Crystal (Elementary Delayed Health Payment),1
37,118259,118259,37,0,Nano Crystal (Commonplace Delayed Health Payment),1
37,120585,142680,37,0,Inferior Organic Armor Pants,3
37,120586,142682,37,0,Inferior Organic Armor Helmet,1
37,120587,142684,37,0,Inferior Organic Armor Gloves,1
37,120588,142686,37,0,Inferior Organic Armor Boots,3
37,120590,142690,37,0,Inferior Organic Armor Sleeves,3
37,120609,120609,1,0,Omni-Med Cloak,1
37,120628,120628,1,0,Medical Cloak,1
37,121151,121151,37,0,Nano Crystal (Fearsome Shout),1
37,121359,121359,47,0,Nano Crystal (Team Skill Wrangler (Commonplace)),1
37,121375,121375,34,0,Nano Crystal (Skill Wrangler (Commonplace)),1
37,121509,121509,41,0,Nano Crystal (Proficient Health Haggler),1
37,121593,121594,37,0,Setting-Moon Edge,2
37,121612,121613,37,0,Training Bladestaff,1
37,121631,121632,37,0,Second-Hand Battle Axe,1
37,121667,121668,37,0,Second-Hand Thagh Whings,1
37,121686,121687,37,0,Rusty Bolter 42mm,1
37,121724,121725,37,0,Edge-Less Haxor 9922,1
37,121762,121763,37,0,Cast-Off Mini Axe,2
37,121781,121782,37,0,Cast-Off Subturbine,1
37,121800,121801,37,0,Cast-Off Disaffiliation Sniper,1
37,121838,121839,37,0,Cast-Off Sleekblaster,1
37,121857,121858,37,0,Cast-Off Chunkprojector,2
37,121895,121896,37,0,Cast-Off Heavy Grinner,2
37,121971,121972,37,0,Edge-Less Katana,2
37,122009,122010,37,0,Cast-Off Blackened Blaster,2
37,122028,122029,37,0,Cast-Off Triplejolt,1
37,122066,122067,37,0,Cast-Off Clean Slay Axe,2
37,122085,122086,37,0,Cast-Off Blackened Blaster Rifle,1
37,122104,122105,37,0,Cast-Off Stabber,2
37,122142,122143,37,0,Cast-Off Cutlass,1
37,122197,122198,37,0,Ill-Treated DNA-Locked Blaster Rifle,1
37,122218,122219,37,0,Cast-Off Stigma Rifle,1
37,122256,122257,37,0,Cast-Off Eradicator XCI-52,1
37,122313,122314,37,0,Cast-Off Stanton Stunner IV,1
37,122332,122333,37,0,Cast-Off Minigrinner,2
37,122370,122371,37,0,Cast-Off Energy Shield,1
37,122408,122409,37,0,Cast-Off Energy Buckler,1
37,122427,122428,37,0,Cast-Off Mausser Particle Streamer,1
37,122446,122447,37,0,Cast-Off El Dieu,1
37,122484,122485,37,0,Cast-Off Ingram Blaster 23-X,4
37,122503,122504,37,0,Cast-Off Biogun,1
37,122598,122599,37,0,Cast-Off Blackhole Mk IX,1
37,122617,122618,37,0,Cast-Off Aero Borealis Corona,1
37,122636,122637,37,0,Cast-Off The Original Plasma-Emitter,2
37,122693,122694,37,0,Cast-Off Advanced Baseballbat,1
37,122750,122751,37,0,Edge-Less Two-Handed Blackjack,1
37,122769,122770,37,0,Cast-Off Bow-Blaster,2
37,122788,122789,37,0,Edge-Less Sword of Sir Galahad,1
37,122831,122832,37,0,Cast-Off Titanium Crowbar,1
37,122850,122851,37,0,Cast-Off Stun-Baton,1
37,122888,122889,37,0,Cast-Off Minielectronium,2
37,122945,122946,37,0,Cast-Off Mace,2
37,122964,122965,37,0,Edge-Less Notum Staff,1
37,123002,123003,37,0,Edge-Less Notum Spear,1
37,123097,123098,37,0,Cast-Off DNA-Targeted Executioner Pistol,1
37,123152,123153,37,0,Irreparable Light Beamer Pistol,1
37,123173,123174,37,0,Cast-Off Electron-Charged Pistol,1
37,123192,123193,37,0,Cast-Off Suppressor,1
37,123269,123270,37,0,Cast-Off Nova Flow - Mk IV,3
37,123337,123337,37,0,Sharp Banjo,2
37,123402,123403,37,0,Gluegun,1
37,123459,123460,37,0,Cast-Off OT Boomer+.90AE,2
37,123497,123498,37,0,Cast-Off IMI Desert Reet 1000,1
37,123535,123536,37,0,Cast-Off Khemo-Tech Model 07 (Pocket 20),1
37,123554,123555,37,0,Cast-Off Knights Inc. Special-Purpose Pistol 2902,4
37,123611,123612,37,0,Cast-Off PNG M1007A1 Tactical Revolver,1
37,123630,123631,37,0,Cast-Off BBI Sigma III,2
37,123668,123669,37,0,Cast-Off River MV,1
37,123687,123688,37,0,Cast-Off Seburo Bobsons,1
37,123706,123707,37,0,Faded OT Biomag,3
37,123776,123777,37,0,MTI 95 Match Pistol ,2
37,123839,123840,37,0,Zastaba Cz-200 Assault Pistol ,2
37,123855,123856,37,0,Second-Hand Old English Trading Co.,1
37,123879,123880,37,0,Worn BigBurger Inc.,4
37,123895,123896,37,0,Shortened OT Backup,2
37,123928,123929,37,0,Rusty FN 7-7 Pistol,1
37,123937,123938,37,0,MTI USP 1200 T,3
37,123986,123987,37,0,MTI-OT PF55 Flechette System,1
37,123993,123994,37,0,Old English Trading Co. Type 77a,1
37,124004,124005,37,0,Rusty M150 Booster Edition,2
37,124018,124019,37,0,Sig SG 992 SWAT Edition 2,1
37,124044,124045,37,0,F.D.A. Insurgent Moth,1
37,124123,124124,37,0,ICC Arms SB21 Assault Shotgun,1
37,124138,124139,37,0,ICC Arms 2Q2C Gun Bag,2
37,124154,124154,37,0,OT-Windchaser M06 Jasper,1
37,124164,124165,37,0,MTI SL70 Rifle ,1
37,124185,124186,37,0,OT-Windchaser RM70,1
37,124200,124201,37,0,OT-Windchaser RM70 Junior,1
37,124219,124220,37,0,Galahad Inc. Scout,1
37,124234,124235,37,0,S.A. Confident Home Defender,1
37,124258,124259,37,0,Vektor ND Shotgun,2
37,124278,124279,37,0,Krutt Assault 219,1
37,124287,124288,37,0,OT-Windchaser SM30 Shotgun,1
37,124341,124342,37,0,Tsakachumi PTO-HV Counter-Sniper Rifle,1
37,124364,124365,37,0,Rusty OT Anti-Cyborg Rifle,1
37,124388,124389,37,0,MTI G02K,2
37,124393,124394,37,0,OT Rancho CC Prototype,1
37,124400,124401,37,0,Vektor V.21 Flechette Rifle,3
37,124411,124412,37,0,MTI G-70 Zaman,1
37,124424,124425,37,0,MTI B-94,3
37,124446,124447,37,0,Kalinkalov Mz-99,2
37,124507,124508,37,0,OT Eskorpio 21 Hru,1
37,124512,124513,37,0,Sentinels Personal Edition,1
37,124531,124532,37,0,Sito-Tech Model 00,1
37,124536,124537,37,0,YES Assault 1007 Model 5,1
37,124545,124546,37,0,YES Support 1010,1
37,124550,124551,37,0,Seburo M35,2
37,124602,124603,37,0,Over-Tuned MTI MP200,1
37,124645,124646,37,0,Cast-Off Kalinkanov ZU-113 Security Weapon,1
37,124751,124752,37,0,Cast-Off BBI WMMA CAW,2
37,124770,124771,37,0,Cast-Off OT ARL-10 Micromissile Launcher,1
37,124781,124782,37,0,Cast-Off Tsunami Raiden MP-Drum,2
37,124857,124858,37,0,Cast-Off Planet Gripon Arms Hard-Boomer,1
37,124893,124894,37,0,Cast-Off OT M-00 Crystal,1
37,124950,124951,37,0,Cast-Off Techtronica Neural Disruptor,1
37,124969,124970,37,0,Cast-Off GE XM-559 Man-Portable Laser,2
37,125007,125008,37,0,Cast-Off Joint Clans Exocet II,1
37,125045,125046,37,0,Cast-Off Reet-Tech Junior Urban Crossbow,5
37,125313,125314,37,0,Bent Merchant Squibber,3
37,125364,125365,37,0,Bent Merchant Executioner,2
37,125383,125384,37,0,Bent Rider Executioner,2
37,125402,125403,37,0,Bent Protector Executioner,2
37,125421,125422,37,0,Bent Torch,2
37,125445,125446,37,0,Tear-soaked Pillow with Important Stripes,3
37,125748,125748,37,0,Nano Crystal (Calling of Salvinous),2
37,128499,128500,37,0,Uncle Bazzit (New) Custom 22mm,2
37,128603,128604,37,0,Fragile D-nort Compact Assault Rifle,1
37,128610,128611,37,0,Cast-off MTI G-36K,2
37,128627,128628,37,0,Rusty Ares Arms AR-90 Jet Rifle,1
37,128638,128639,37,0,Cast-off Seburo C-99a ,1
37,128657,128658,37,0,Cast-off HSR Arms Tech Assault IV,1
37,128676,128677,37,0,Cast-off HSR Arms Tech Assault V,1
37,128717,128718,37,0,Cast-off Galahad Inc. 077 Personal Weapon,2
37,128734,128735,37,0,1st edition Pistola Di Macchina Mini Automatico 2,1
37,128760,128761,37,0,Cast-off Fabrique Des Armes Bizon 20-19,1
37,128784,128785,37,0,MTI MP903A3D9,1
37,128789,128790,37,0,Battered Old English Trading Co. SPP-502,1
37,128794,128795,37,0,Cast-off OT Cobra M-33,1
37,128862,128863,37,0,Over-tuned MTI MPK-22 ,1
37,128873,128874,37,0,Cast-off Arwen MM-50 Grenade Launcher,2
37,128909,128910,37,0,Outdated Fett j-8 Flammable,1
37,128916,128917,37,0,Water balloon,2
37,128921,128922,37,0,Bent Peasant Executioner,1
37,128959,128960,37,0,Edge-less Merchant Warblade,2
37,128978,128979,37,0,Edge-less Rider Warblade,1
37,128997,128998,37,0,Edge-less Protector Warblade,1
37,129014,129015,37,0,Omni-Med Butter Cake,1
37,129028,129029,37,0,Unbalanced Sledgehammer,2
37,129640,129641,37,0,Junior Wen-Wen,1
37,130003,130004,37,0,Run Speed Cluster - Faded (Leg),1
37,130005,130006,37,0,Run Speed Cluster - Bright (Left-Wrist),2
37,130007,130008,37,0,Run Speed Cluster - Shiny (Right-Wrist),2
37,130055,130056,37,0,Featherwood Staff,1
37,130075,130076,37,0,Light Staff,1
37,130089,130090,37,0,Unbalanced Native Alloy Staff,1
37,130127,130128,37,0,Bent Denunciatory Spear,1
37,130165,130166,37,0,Rusty MTI Sword,2
37,130203,130204,37,0,Stale Bloodworm Carapace,2
37,130220,130221,37,0,Blunt Light Spear,1
37,130257,130258,37,0,"Right-Wrist Implant: Run Speed, Shiny",1
37,130323,130324,37,0,"Right-Wrist Implant: Run Speed, Shiny",1
37,130344,130345,37,0,"Left-Wrist Implant: Run Speed, Bright",1
37,130380,130381,37,0,"Leg Implant: Swimming, Shiny",1
37,130439,130440,37,0,"Leg Implant: Stamina, Bright",1
37,131605,131606,37,0,Rough Club,1
37,136692,136692,41,0,Nano Crystal (Patch Wounds),3
37,136699,136699,34,0,Nano Crystal (Natural Cure),2
37,142655,142654,37,0,Senpai Tertius Decus Armor Pants,2
37,142658,142657,37,0,Senpai Tertius Decus Armor Gloves,6
37,142660,142659,37,0,Senpai Tertius Decus Armor Boots,2
37,142662,142661,37,0,Senpai Tertius Decus Body Armor,2
37,142665,142664,37,0,Senpai Tertius Decus Armor Sleeves,3
37,142721,142721,47,0,Nano Crystal (Reckless Digitization),1
37,143846,143847,37,0,Cast-Off Sunburst Mk IV,2
37,144069,144070,37,0,Chipped Survival Axe,2
37,144088,144089,37,0,Chipped Tanto,1
37,144105,144106,37,0,Over-tuned Freedom Arms 4200,2
37,144148,144149,37,0,Edge-less Burning Copper Katana,1
37,150178,150179,37,0,,1
37,150223,150224,37,0,,3
37,150243,150244,37,0,,1
37,150256,150257,37,0,,2
37,150306,150307,37,0,,2
37,150639,150639,37,0,,1
37,150642,150642,47,0,,1
37,152066,152067,37,0,,1
37,152158,152159,37,0,,1
37,152281,152282,37,0,,1
37,152313,152314,37,0,,1
37,152328,152329,37,0,,2
37,152390,152391,37,0,,2
37,152736,152737,37,0,,2
37,154069,150213,37,0,,3
37,154070,150196,37,0,,2
37,154735,154735,41,0,,1
37,154740,154740,41,0,,1
37,155367,155367,34,0,,3
37,155377,155377,34,0,,1
37,155390,155390,34,0,,2
37,155618,155618,44,0,,1
37,155811,155811,37,0,,3
37,156132,156132,41,0,,1
37,156143,156143,34,0,,2
37,157548,157548,44,0,,1
37,158033,158021,37,0,,1
37,159035,159036,37,0,,1
37,159040,159041,37,0,,1
37,159196,159197,37,0,,1
37,160096,160097,37,0,,1
37,160186,160187,37,0,,1
37,160219,160220,37,0,,1
37,160224,160225,37,0,,1
37,160233,160234,37,0,,1
37,160236,160237,37,0,,3
37,160239,160240,37,0,,2
37,160242,160243,37,0,,1
37,160247,160248,37,0,,2
37,160279,160280,37,0,,1
37,160476,160477,37,0,,1
37,166257,166258,37,0,,1
37,202740,202740,30,0,,2
37,202829,202829,30,0,,1
37,203122,203122,30,0,,1
37,203124,203124,36,0,,4
37,203136,203136,33,0,,1
37,203150,203150,31,0,,3
37,203851,203851,36,0,,2
37,204103,204104,37,0,,1
37,204139,204140,37,0,,1
37,204262,204263,37,0,,1
37,204267,204268,37,0,,1
37,204270,204271,37,0,,2
37,206289,206290,37,0,,1
37,210312,210312,27,0,,9
37,210614,210614,35,0,,3
37,210672,210672,31,0,,4
37,210708,210708,41,0,,6
37,210735,210735,29,0,,7
37,210747,210747,36,0,,10
37,210807,210807,44,0,,7
37,211165,211165,40,0,,2
37,218354,218355,37,0,,1
37,227473,227473,30,0,,19
44,23314,23316,44,0,Simple First-Aid Kit,2
44,25820,25821,44,0,Basic Nano Recharger,2
44,26206,26206,53,0,Nano Crystal (Feline Grace),2
44,26245,26245,43,0,Nano Crystal (Free Movement),3
44,27382,27382,1,0,Omni-Med Suit Boots,1
44,27383,27383,1,0,Omni-Med Suit Shirt,1
44,27384,27384,1,0,Omni-Med Suit Skirt,1
44,27385,27385,1,0,Omni-Med Suit Sleeves,1
44,27386,27386,1,0,Omni-Med Suit Trousers,2
44,27387,27387,1,0,Omni-Med Female Suit Shirt,1
44,28755,28755,43,0,Nano Crystal (Biotoxin MK II),1
44,28771,28771,37,0,Nano Crystal (Enlarge),2
44,28785,28785,37,0,Nano Crystal (Premium Cover),2
44,28790,28790,53,0,Nano Crystal (Surgeon's Touch),2
44,28802,28802,50,0,Nano Crystal (Circle of Winter),1
44,28808,28808,53,0,Nano Crystal (Energy Projectile),1
44,28831,28831,50,0,Nano Crystal (Plasma Lights),4
44,28923,28923,37,0,Nano Crystal (Elusive Target),2
44,28946,28946,50,0,Nano Crystal (Martial Arts Mastery),1
44,29202,29202,37,0,Nano Crystal (Nano Growth),1
44,29332,29332,50,0,Nano Crystal (Assault Rifle Mastery),1
44,29337,29337,40,0,Nano Crystal (Damage Amplifier),1
44,29359,29359,43,0,Nano Crystal (Precognition),2
44,29369,29369,50,0,Nano Crystal (Anticipation of Retaliation),1
44,29372,29372,37,0,Nano Crystal (BioMet Mastery),2
44,29391,29391,43,0,Nano Crystal (MatCrea Mastery),2
44,29392,29392,40,0,Nano Crystal (SpaceTime Mastery),1
44,29412,29412,43,0,Nano Crystal (Sense Imp Mastery),2
44,29838,29838,37,0,Nano Crystal (Energy Spike),1
44,29861,29861,53,0,Nano Crystal (Spike Armor),1
44,30102,30102,43,0,Nano Crystal (Authority Figure),1
44,30138,30138,43,0,Nano Crystal (Sleep),1
44,30780,30780,53,0,Nano Crystal (Lend Nano: 250),1
44,31498,31498,1,0,White Cloak,4
44,31499,31499,1,0,Red Cloak,1
44,31500,31500,1,0,Grey Cloak,1
44,31501,31501,1,0,Green Cloak,1
44,31502,31502,1,0,Brown Cloak,2
44,31503,31503,1,0,Blue Cloak,1
44,31505,31505,1,0,Black Trenchcoat,2
44,31515,31515,1,0,Red Omni-Tek Commander Cloak,2
44,31516,31516,1,0,Trenchcoat,3
44,31530,31530,1,0,Grey Cloak Hood,1
44,31531,31531,1,0,Green Cloak Hood,2
44,31532,31532,1,0,Brown Cloak Hood,2
44,31533,31533,1,0,Blue Cloak Hood,1
44,31534,31534,1,0,Black Cloak Hood,1
44,32077,32077,37,0,Nano Crystal (False Profession: Meta-Physicist),1
44,32078,32078,40,0,Nano Crystal (False Profession: Nanotechnician),3
44,32100,32100,40,0,Nano Crystal (Ruse of Taren - Phase 1),1
44,32105,32105,43,0,Nano Crystal (Sniper's Bliss),2
44,36777,36785,44,0,Belt Component Platform 300X,1
44,36786,36780,44,0,8 - 15 NCU Memory,2
44,42420,42420,40,0,Nano Crystal (Team Healing),2
44,43777,43777,37,0,Nano Crystal (Summon Rage Materialization),2
44,43938,43938,40,0,Nano Crystal (Recurrent Remedy),2
44,43949,43949,40,0,Nano Crystal (Minor Balm),2
44,44178,44178,53,0,Nano Crystal (Active Viral Agent),1
44,44201,44201,47,0,Nano Crystal (Dark Venom),1
44,44203,44203,37,0,Nano Crystal (Minor Consuming Toxin),1
44,45336,45336,43,0,Nano Crystal (Thunderous Blow),1
44,45362,45362,50,0,Nano Crystal (Isotope Deluge),1
44,45371,45371,37,0,Nano Crystal (Gaping Puncture),1
44,45394,45394,40,0,Nano Crystal (Cellular Decay),1
44,45946,45946,40,0,Nano Crystal (Shower With Sludge),2
44,45963,45963,37,0,Nano Crystal (Mild Toxic Spill),1
44,46002,46002,50,0,Nano Crystal (Augmented Energized Beam),1
44,46018,46018,43,0,Nano Crystal (Semi-Sentient Android),3
44,46039,46039,40,0,Nano Crystal (Perfect Android),1
44,46060,46060,53,0,Nano Crystal (Lesser Gladiatorbot),1
44,46081,46081,40,0,Nano Crystal (Advanced Android),2
44,46417,46417,37,0,Nano Crystal (Supervisor-Grade Attendant-Droid),1
44,46424,46424,50,0,Nano Crystal (Limited Assistant-Droid),1
44,46432,46432,53,0,Nano Crystal (Faithful Assistant-Droid),1
44,46449,46449,43,0,Nano Crystal (Director-Grade Attendant-Droid),1
44,49812,49812,53,0,Nano Crystal (Mighty Challenger to Titan),1
44,49827,49827,40,0,Nano Crystal (Brave Challenger to Titan),3
44,55683,55682,44,0,Pharma Tech Tutoring Device,3
44,55687,55686,44,0,Computer Literacy Tutoring Device,2
44,55688,55677,44,0,Chemistry Tutoring Device,1
44,55690,55689,44,0,Mechanical Engineering Tutoring Device,1
44,55692,55691,44,0,Field Quantum Physics Tutoring Device,3
44,55694,55693,44,0,Electrical Engineering Tutoring Device,1
44,55697,55696,44,0,Boosted Stim,1
44,55757,55757,47,0,Nano Crystal (Poison Stingers),2
44,55760,55760,37,0,Nano Crystal (Arctic Cloak),2
44,55843,55843,37,0,Nano Crystal (Cloak of Fire),1
44,55844,55844,47,0,Nano Crystal (Sparking Touch),1
44,55845,55845,53,0,Nano Crystal (Porcupine Barrier),4
44,56006,56006,47,0,Nano Crystal (Revoke Movement License),1
44,56177,56177,40,0,Nano Crystal (Weak Gravity Pull),1
44,56240,56240,47,0,Nano Crystal (Brief Interrogation),1
44,70253,70252,44,0,Deflection Shield,1
44,70254,70251,44,0,Damage Shield Projector,2
44,70384,70384,37,0,Nano Crystal (Deflection Shield (Extended)),4
44,70413,70413,47,0,Nano Crystal (Total Mirror Shield Mk III),1
44,70558,85640,44,0,Battered Low-Tech Armor Boots,1
44,70561,85744,44,0,Battered Low-Tech Armor Sleeves,1
44,70562,85597,44,0,Battered Low-Tech Armor Gloves,2
44,70563,85558,44,0,Battered Low-Tech Armor Helmet,2
44,70564,85515,44,0,Battered Low-Tech Armor Pants,4
44,70565,85514,44,0,Battered Low-Tech Armor Shorts,1
44,70572,70572,50,0,Nano Crystal (Lesser Protective Field),1
44,70586,70586,37,0,Nano Crystal (Basic Defensive Screen),1
44,70587,70587,43,0,Nano Crystal (Lesser Shielding Barrier),3
44,70608,70607,44,0,Angel of Night,1
44,70610,70609,44,0,Bird of Prey,1
44,75357,75357,43,0,Nano Crystal (Wooden Skin),1
44,75358,75358,53,0,Nano Crystal (Greater Wooden Skin),1
44,75370,75370,43,0,Nano Crystal (Wilderness Protection),3
44,75418,75418,50,0,Nano Crystal (Combat Barrier),3
44,75419,75419,37,0,Nano Crystal (Lesser Absorption Shield),4
44,81846,81846,47,0,Nano Crystal (Fists of Shocking Touch),3
44,81893,81893,43,0,Nano Crystal (Hasty Augmentation Cloud),3
44,81902,81902,40,0,Nano Crystal (Anatomy Lesson),4
44,81950,81950,47,0,Nano Crystal (Suspicious Death),2
44,81957,81957,40,0,Nano Crystal (Hidden Killer),2
44,82011,82011,37,0,Nano Crystal (Shatter Bone),1
44,82087,82087,43,0,Nano Crystal (Greater Quick Heal),3
44,82193,82193,40,0,Nano Crystal (Capture Attention),2
44,82801,82801,37,0,Nano Crystal (Nano Net),1
44,83982,83982,47,0,Nano Crystal (Curtain of Darkness),2
44,85145,85145,47,0,Nano Crystal (Playful Cub),3
44,85267,85267,47,0,Nano Crystal (Insurance Hack),2
44,85277,85277,43,0,Nano Crystal (Net Cast Wide),2
44,85366,85367,44,0,Simple Nano Kit,1
44,85368,85369,44,0,Burst of Speed Stim,1
44,85477,21917,44,0,Worn Cyber Armor Sleeves,1
44,85481,85690,44,0,Battered Leather Vest,5
44,85489,22351,44,0,Basic Tech Armor Pants,2
44,85494,22347,44,0,Worn Steel-Ribbed Armor Pants,1
44,85496,85495,44,0,Inferior Titan Plasteel Armor Pants,2
44,85498,85497,44,0,Inferior Vito's Plasteel Armor Pants,1
44,85501,22343,44,0,Inferior Heated Plasteel Armor Pants,4
44,85502,22339,44,0,Recruit-Issue Omni-Pol Forest Armor Pants,2
44,85504,27394,44,0,Recruit-Issue Omni-Pol Desert Armor Pants,1
44,85505,22331,44,0,Recruit-Issue Omni-Pol Armor Pants,2
44,85507,85506,44,0,Battered Nomad Armor Pants,2
44,85512,85511,44,0,Worn Metaplast Armor Pants,3
44,85516,22301,44,0,Inferior Kevlar Armor Pants,2
44,85517,27360,44,0,Battered Flak Armor Pants,6
44,85519,85518,44,0,Battered Sid's Leather Armor Pants,2
44,85521,85520,44,0,Battered Leather Armor Pants,3
44,85525,85524,44,0,Inferior Raven's Energized Armor Pants,3
44,85526,22293,44,0,Inferior Energized Armor Pants,2
44,85530,85529,44,0,Worn Bau Cyber Armor Pants,1
44,85533,85532,44,0,Battered Light Combat Armor Pants,3
44,85536,22266,44,0,Basic Tech Armor Helmet,1
44,85541,22262,44,0,Worn Steel-Ribbed Armor Helmet,2
44,85543,85542,44,0,Inferior Titan Plasteel Armor Helmet,2
44,85545,85544,44,0,Inferior Vito's Plasteel Armor Helmet,1
44,85549,22254,44,0,Recruit-Issue Omni-Pol Forest Armor Helmet,3
44,85551,27402,44,0,Recruit-Issue Omni-Pol Desert Armor Helmet,1
44,85552,22246,44,0,Recruit-Issue Omni-Pol Armor Helmet,1
44,85554,85553,44,0,Battered Nomad Armor Helmet,1
44,85557,85556,44,0,Worn Metaplast Armor Helmet,1
44,85560,85559,44,0,Battered Sid's Leather Armor Helmet,4
44,85567,22223,44,0,Inferior Energized Armor Helmet,1
44,85572,22219,44,0,Worn Cyber Armor Helmet,3
44,85575,22216,44,0,Basic Tech Armor Gloves,1
44,85580,22212,44,0,Worn Steel-Ribbed Armor Gloves,2
44,85582,85581,44,0,Inferior Titan Plasteel Armor Gloves,1
44,85584,85583,44,0,Inferior Vito's Plasteel Armor Gloves,3
44,85586,85585,44,0,Inferior Chilled Plasteel Armor Gloves,2
44,85587,22208,44,0,Inferior Heated Plasteel Armor Gloves,1
44,85588,22204,44,0,Recruit-Issue Omni-Pol Forest Armor Gloves,2
44,85591,22196,44,0,Recruit-Issue Omni-Pol Armor Gloves,1
44,85596,85595,44,0,Worn Metaplast Armor Gloves,1
44,85598,22178,44,0,Inferior Kevlar Armor Gloves,1
44,85600,85599,44,0,Battered Sid's Leather Armor Gloves,1
44,85602,85601,44,0,Battered Leather Armor Gloves,2
44,85606,85605,44,0,Inferior Raven's Energized Armor Gloves,1
44,85607,22170,44,0,Inferior Energized Armor Gloves,2
44,85609,85608,44,0,Worn Waitt Cyber Armor Gloves,2
44,85611,85610,44,0,Worn Bau Cyber Armor Gloves,3
44,85615,22162,44,0,Basic Tech Armor Boots,1
44,85620,22158,44,0,Worn Steel-Ribbed Armor Boots,1
44,85627,22154,44,0,Inferior Heated Plasteel Armor Boots,1
44,85633,85632,44,0,Battered Nomad Armor Boots,2
44,85636,85635,44,0,Inferior Nail Armor Boots,1
44,85639,22124,44,0,Basic Martial Artist Suit Boots,2
44,85641,22116,44,0,Inferior Kevlar Armor Boots,1
44,85643,85642,44,0,Battered Sid's Leather Armor Boots,1
44,85645,85644,44,0,Battered Leather Armor Boots,1
44,85650,22108,44,0,Inferior Energized Armor Boots,2
44,85652,85651,44,0,Worn Waitt Cyber Armor Boots,2
44,85655,22104,44,0,Worn Cyber Armor Boots,1
44,85663,22084,44,0,Basic Tech Body Armor,2
44,85668,22080,44,0,Worn Steel-Ribbed Body Armor,2
44,85670,85669,44,0,Inferior Titan Plasteel Body Armor,1
44,85672,85671,44,0,Inferior Vito's Plasteel Body Armor,1
44,85674,85673,44,0,Inferior Chilled Plasteel Body Armor,1
44,85675,22076,44,0,Inferior Heated Plasteel Body Armor,2
44,85676,22072,44,0,Recruit-Issue Omni-Pol Forest Body Armor,2
44,85678,27398,44,0,Recruit-Issue Omni-Pol Desert Body Armor,2
44,85679,22064,44,0,Recruit-Issue Omni-Pol Body Armor,1
44,85686,85685,44,0,Worn Metaplast Body Armor,2
44,85687,22046,44,0,Basic Martial Artist Suit Shirt,1
44,85691,22004,44,0,Inferior Kevlar Vest,2
44,85692,22026,44,0,Inferior Kevlar Body Armor,2
44,85693,27389,44,0,Battered Flak Body Armor,3
44,85695,85694,44,0,Battered Sid's Leather Body Armor,2
44,85697,85696,44,0,Battered Leather Body Armor,1
44,85702,22018,44,0,Inferior Energized Body Armor,3
44,85706,85705,44,0,Worn Waitt Cyber Body Armor,1
44,85708,85707,44,0,Worn Bau Cyber Female Body Armor,2
44,85710,85709,44,0,Worn Bau Cyber Body Armor,1
44,85711,22014,44,0,Worn Cyber Female Body Armor,5
44,85712,22010,44,0,Worn Cyber Body Armor,2
44,85714,85713,44,0,Battered Light Combat Body Armor,4
44,85719,21975,44,0,Basic Tech Armor Sleeves,3
44,85723,85722,44,0,Worn Nadir Steel-Ribbed Armor Sleeves,1
44,85726,85725,44,0,Inferior Titan Plasteel Armor Sleeves,1
44,85728,85727,44,0,Inferior Vito's Plasteel Armor Sleeves,1
44,85730,85729,44,0,Inferior Chilled Plasteel Armor Sleeves,4
44,85731,21967,44,0,Inferior Heated Plasteel Armor Sleeves,1
44,85732,21963,44,0,Recruit-Issue Omni-Pol Forest Armor Sleeves,2
44,85735,21955,44,0,Recruit-Issue Omni-Pol Armor Sleeves,1
44,85740,85739,44,0,Inferior Nail Armor Sleeves,1
44,85743,21937,44,0,Basic Martial Artist Suit Sleeves,1
44,85745,21929,44,0,Inferior Kevlar Armor Sleeves,1
44,85750,85749,44,0,Battered Leather Armor Sleeves,2
44,85754,85753,44,0,Inferior Raven's Energized Armor Sleeves,2
44,85755,21921,44,0,Inferior Energized Armor Sleeves,1
44,85757,85756,44,0,Worn Waitt Cyber Armor Sleeves,2
44,85759,85758,44,0,Worn Bau Cyber Armor Sleeves,1
44,85761,85760,44,0,Battered Light Combat Armor Sleeves,2
44,85900,85900,43,0,Nano Crystal (Deprive Skills),1
44,86438,86438,1,0,Katara Sunglasses,1
44,87471,87471,1,0,Tattoo,1
44,87473,87473,1,0,Tattoo,1
44,87477,87477,1,0,Tattoo,3
44,88373,88374,44,0,Yatamutchy Movement Predictor -X7B,3
44,88383,88384,44,0,Trimmer - Positive Aggressive-Defensive,2
44,88385,88386,44,0,Trimmer - Negative Aggressive-Defensive,1
44,93138,93138,43,0,Nano Crystal (Grid Runner),1
44,95422,95422,47,0,Nano Crystal (CrunchCom Nano Compressor),1
44,95454,95454,40,0,Nano Crystal (Coherent Nano Pathway),2
44,95512,95513,44,0,CPU Upgrade,1
44,95514,95515,44,0,NCU Coolant Sink,1
44,95732,95732,43,0,Nano Crystal (Mongo's Golem),1
44,95746,95746,47,0,Nano Crystal (Medic's Respite),1
44,99215,99215,53,0,Nano Crystal (Personal Magnetism),1
44,99221,99221,47,0,Nano Crystal (Dominate Psyche),2
44,100004,100004,1,0,"Body Tattoo, Front",1
44,100010,100010,1,0,"Body Tattoo, Back",1
44,100011,100011,1,0,"Body Tattoo, Front",3
44,100012,100012,1,0,Tattoo,1
44,100220,100220,53,0,Nano Crystal (Distracting Nuisance),6
44,100263,100263,50,0,Nano Crystal (Fell Rage),3
44,100453,100453,47,0,Nano Crystal (Distracting Baubles),2
44,101157,101158,44,0,"Right-Arm Implant: 1h Blunt, Shiny",1
44,101187,101188,44,0,"Left-Arm Implant: Radiation AC, Bright",1
44,101267,101268,44,0,"Leg Implant: Energy AC, Bright",1
44,101299,101300,44,0,"Feet Implant: Martial Arts, Bright",1
44,101305,101306,44,0,"Feet Implant: Melee. Init, Shiny",1
44,101319,101320,44,0,Melee/Ma AC Cluster - Shiny (Chest),2
44,101329,101330,44,0,Chemical AC Cluster - Bright (Right-Arm),1
44,101331,101332,44,0,Chemical AC Cluster - Shiny (Waist),1
44,101337,101338,44,0,1h Blunt Cluster - Shiny (Right-Arm),1
44,101339,101340,44,0,1h Edged Weapon Cluster - Faded (Right-Hand),1
44,101343,101344,44,0,1h Edged Weapon Cluster - Shiny (Right-Arm),1
44,101349,101350,44,0,Melee Ener Cluster - Shiny (Head),1
44,101361,101362,44,0,Piercing Cluster - Shiny (Right-Arm),1
44,101363,101364,44,0,2h Blunt Cluster - Faded (Chest),1
44,101365,101366,44,0,2h Blunt Cluster - Bright (Left-Arm),2
44,101374,101375,44,0,Radiation AC Cluster - Shiny (Waist),2
44,101376,101377,44,0,Cold AC Cluster - Faded (Left-Hand),1
44,101382,101383,44,0,Nano Resist Cluster - Faded (Left-Wrist),1
44,101384,101385,44,0,Nano Resist Cluster - Bright (Right-Wrist),1
44,101386,101387,44,0,Nano Resist Cluster - Shiny (Head),1
44,101390,101391,44,0,Fire AC Cluster - Bright (Left-Hand),1
44,101398,101399,44,0,Martial Arts Cluster - Shiny (Right-Hand),1
44,101400,101401,44,0,Mult. Melee Cluster - Faded (Right-Wrist),1
44,101404,101405,44,0,Mult. Melee Cluster - Shiny (Left-Wrist),1
44,101406,101334,44,0,1h Blunt Cluster - Faded (Right-Hand),1
44,101410,101411,44,0,Matter Crea Cluster - Bright (Right-Hand),2
44,101412,101413,44,0,Matter Crea Cluster - Shiny (Head),3
44,101420,101421,44,0,Nano Pool Cluster - Faded (Waist),1
44,101424,101554,44,0,Nano Pool Cluster - Shiny (Chest),1
44,101425,101426,44,0,Sharp Obj Cluster - Bright (Right-Hand),2
44,101427,101428,44,0,Sharp Obj Cluster - Shiny (Right-Wrist),2
44,101433,101434,44,0,Grenade Cluster - Shiny (Right-Arm),2
44,101437,101438,44,0,Heavy Weapons Cluster - Bright (Eye),1
44,101441,101442,44,0,Bow Cluster - Faded (Eye),1
44,101449,101450,44,0,Pistol Cluster - Bright (Right-Hand),2
44,101451,101452,44,0,Pistol Cluster - Shiny (Right-Wrist),1
44,101459,101460,44,0,MG / SMG Cluster - Faded (Chest),2
44,101467,101468,44,0,Shotgun Cluster - Bright (Right-Hand),1
44,101471,101472,44,0,Assault Rif Cluster - Faded (Eye),1
44,101473,101474,44,0,Assault Rif Cluster - Bright (Right-Hand),1
44,101475,101476,44,0,Assault Rif Cluster - Shiny (Right-Arm),1
44,101479,101480,44,0,Vehicle Hydr Cluster - Bright (Eye),2
44,101481,101482,44,0,Vehicle Hydr Cluster - Shiny (Head),2
44,101483,101484,44,0,Melee. Init Cluster - Faded (Waist),1
44,101485,101486,44,0,Melee. Init Cluster - Bright (Leg),1
44,101487,101488,44,0,Melee. Init Cluster - Shiny (Feet),1
44,101489,101490,44,0,Ranged. Init Cluster - Faded (Right-Hand),1
44,101491,101492,44,0,Ranged. Init Cluster - Bright (Head),2
44,101495,101496,44,0,Physic. Init Cluster - Faded (Left-Arm),1
44,101499,101500,44,0,Physic. Init Cluster - Shiny (Feet),1
44,101501,101502,44,0,Bow Spc Att Cluster - Faded (Right-Wrist),2
44,101505,101506,44,0,Bow Spc Att Cluster - Shiny (Head),1
44,101509,101510,44,0,Sensory Impr Cluster - Bright (Eye),1
44,101513,101514,44,0,First Aid Cluster - Faded (Left-Hand),2
44,101517,101518,44,0,First Aid Cluster - Shiny (Head),1
44,101521,101522,44,0,Treatment Cluster - Bright (Eye),2
44,101533,101534,44,0,Elec. Engi Cluster - Bright (Head),3
44,101535,101536,44,0,Elec. Engi Cluster - Shiny (Eye),1
44,101537,101538,44,0,Matt.Metam Cluster - Faded (Left-Arm),1
44,101539,101540,44,0,Matt.Metam Cluster - Bright (Chest),2
44,101541,101542,44,0,Matt.Metam Cluster - Shiny (Head),1
44,101543,101544,44,0,Bio.Metamor Cluster - Faded (Waist),2
44,101549,101550,44,0,Psycho Modi Cluster - Faded (Ear),1
44,101553,101407,44,0,Psycho Modi Cluster - Shiny (Head),1
44,101555,101556,44,0,Ranged Ener Cluster - Faded (Left-Hand),2
44,101561,101562,44,0,Multi Ranged Cluster - Faded (Eye),2
44,101563,101564,44,0,Multi Ranged Cluster - Bright (Right-Wrist),1
44,101565,101566,44,0,Multi Ranged Cluster - Shiny (Left-Wrist),1
44,101567,101568,44,0,Trap Disarm Cluster - Faded (Head),2
44,101573,101574,44,0,Perception Cluster - Faded (Head),1
44,101575,101576,44,0,Perception Cluster - Bright (Eye),1
44,101583,101584,44,0,Adventuring Cluster - Shiny (Leg),2
44,101593,101594,44,0,Vehicle Air Cluster - Bright (Ear),2
44,101595,101596,44,0,Vehicle Air Cluster - Shiny (Eye),1
44,101607,101608,44,0,Tutoring Cluster - Shiny (Eye),1
44,101611,101612,44,0,Brawling Cluster - Bright (Right-Arm),1
44,101613,101614,44,0,Brawling Cluster - Shiny (Left-Arm),1
44,101621,101622,44,0,Dimach Cluster - Faded (Waist),1
44,101623,101624,44,0,Dimach Cluster - Bright (Head),1
44,101625,101626,44,0,Dimach Cluster - Shiny (Chest),1
44,101627,101628,44,0,Parry Cluster - Faded (Right-Arm),1
44,101629,101630,44,0,Parry Cluster - Bright (Left-Wrist),2
44,101631,101632,44,0,Parry Cluster - Shiny (Right-Wrist),1
44,101633,101634,44,0,Sneak Atck Cluster - Faded (Eye),2
44,101639,101640,44,0,Fast Attack Cluster - Faded (Right-Arm),2
44,101641,101642,44,0,Fast Attack Cluster - Bright (Right-Hand),1
44,101643,101644,44,0,Fast Attack Cluster - Shiny (Left-Hand),1
44,101649,101650,44,0,NanoC. Init Cluster - Shiny (Head),3
44,101651,101652,44,0,Fling Shot Cluster - Faded (Right-Wrist),1
44,101657,101658,44,0,Aimed Shot Cluster - Faded (Right-Hand),2
44,101661,101662,44,0,Aimed Shot Cluster - Shiny (Eye),1
44,101667,101668,44,0,Body Dev Cluster - Shiny (Chest),2
44,101669,101670,44,0,Duck-Exp Cluster - Faded (Feet),2
44,101671,101672,44,0,Duck-Exp Cluster - Bright (Waist),2
44,101673,101674,44,0,Duck-Exp Cluster - Shiny (Leg),1
44,101675,101676,44,0,Dodge-Rng Cluster - Faded (Waist),1
44,101677,101678,44,0,Dodge-Rng Cluster - Bright (Feet),1
44,101687,101688,44,0,Quantum FT Cluster - Faded (Right-Hand),1
44,101691,101692,44,0,Quantum FT Cluster - Shiny (Head),2
44,101695,101696,44,0,Weapon Smt Cluster - Bright (Head),1
44,101699,101700,44,0,Pharma Tech Cluster - Faded (Right-Hand),1
44,101701,101702,44,0,Pharma Tech Cluster - Bright (Eye),1
44,101705,101706,44,0,Nano Progra Cluster - Faded (Right-Hand),1
44,101709,101710,44,0,Nano Progra Cluster - Shiny (Head),1
44,101711,101712,44,0,Comp. Liter Cluster - Faded (Right-Hand),1
44,101713,101714,44,0,Comp. Liter Cluster - Bright (Eye),1
44,101719,101720,44,0,Psychology Cluster - Bright (Ear),2
44,101723,101724,44,0,Chemistry Cluster - Faded (Right-Hand),2
44,101727,101728,44,0,Chemistry Cluster - Shiny (Head),1
44,101731,101732,44,0,Concealment Cluster - Bright (Ear),1
44,101737,101738,44,0,Break & Entry Cluster - Bright (Left-Arm),1
44,101739,101740,44,0,Break & Entry Cluster - Shiny (Right-Arm),2
44,101741,101742,44,0,Vehicle Grnd Cluster - Faded (Ear),1
44,101745,101746,44,0,Vehicle Grnd Cluster - Shiny (Head),1
44,101747,101748,44,0,Full Auto Cluster - Faded (Waist),1
44,101755,101756,44,0,Burst Cluster - Bright (Right-Wrist),2
44,101757,101758,44,0,Burst Cluster - Shiny (Right-Arm),2
44,101763,101764,44,0,Disease AC Cluster - Shiny (Head),1
44,101771,101772,44,0,Strength Cluster - Faded (Chest),2
44,101777,101778,44,0,Agility Cluster - Faded (Waist),1
44,101779,101780,44,0,Agility Cluster - Bright (Feet),1
44,101781,101782,44,0,Agility Cluster - Shiny (Leg),1
44,101787,101788,44,0,Stamina Cluster - Shiny (Chest),2
44,101789,101790,44,0,Intelligence Cluster - Faded (Ear),2
44,101793,101794,44,0,Intelligence Cluster - Shiny (Head),2
44,101795,101796,44,0,Sense Cluster - Faded (Head),1
44,101797,101798,44,0,Sense Cluster - Bright (Waist),2
44,101801,101802,44,0,Psychic Cluster - Faded (Ear),1
44,101803,101804,44,0,Psychic Cluster - Bright (Chest),2
44,101805,101806,44,0,Psychic Cluster - Shiny (Head),1
44,101811,101812,44,0,Max Health Cluster - Shiny (Chest),1
44,101827,101828,44,0,"Eye Implant: Vehicle Air, Shiny",1
44,101889,101890,44,0,"Eye Implant: Heavy Weapons, Bright",1
44,101891,101892,44,0,"Eye Implant: Rifle, Shiny",1
44,101917,101918,44,0,"Eye Implant: Vehicle Hydr, Bright",1
44,101937,101938,44,0,"Eye Implant: Tutoring, Shiny",2
44,101981,101982,44,0,"Eye Implant: Elec. Engi, Shiny",1
44,102033,102034,44,0,"Eye Implant: Rifle, Shiny",1
44,102146,102147,44,0,"Eye Implant: Map Navig, Shiny",1
44,102212,102213,44,0,"Eye Implant: Elec. Engi, Shiny",1
44,102220,102221,44,0,"Eye Implant: Map Navig, Shiny",1
44,102276,102277,44,0,"Eye Implant: Map Navig, Shiny",1
44,102283,102284,44,0,"Eye Implant: Pharma Tech, Bright",1
44,102408,102409,44,0,"Eye Implant: Aimed Shot, Shiny",1
44,102455,102456,44,0,"Eye Implant: Nano Progra, Bright",1
44,102461,102462,44,0,"Eye Implant: Vehicle Air, Shiny",1
44,102609,102610,44,0,"Eye Implant: Elec. Engi, Shiny",1
44,102749,102750,44,0,"Eye Implant: Chemistry, Bright",1
44,102882,102883,44,0,"Eye Implant: Vehicle Air, Shiny",1
44,102896,102897,44,0,"Eye Implant: Elec. Engi, Shiny",1
44,102907,102908,44,0,"Eye Implant: Aimed Shot, Shiny",1
44,102911,102912,44,0,"Eye Implant: Rifle, Shiny",1
44,102996,102997,44,0,"Eye Implant: Map Navig, Shiny",1
44,103025,103026,44,0,"Eye Implant: Aimed Shot, Shiny",1
44,103033,103034,44,0,"Eye Implant: Vehicle Air, Shiny",1
44,103120,103121,44,0,"Eye Implant: Tutoring, Shiny",1
44,103134,103135,44,0,"Eye Implant: Tutoring, Shiny",1
44,103142,103143,44,0,"Eye Implant: Elec. Engi, Shiny",1
44,103146,103147,44,0,"Eye Implant: Map Navig, Shiny",1
44,103173,103174,44,0,"Eye Implant: Aimed Shot, Shiny",1
44,103179,103180,44,0,"Eye Implant: Elec. Engi, Shiny",1
44,103213,103214,44,0,"Eye Implant: Tutoring, Shiny",1
44,103221,103222,44,0,"Eye Implant: Elec. Engi, Shiny",1
44,103570,103571,44,0,"Eye Implant: Rifle, Shiny",1
44,103602,103603,44,0,"Eye Implant: Vehicle Air, Shiny",1
44,103645,103646,44,0,"Eye Implant: Aimed Shot, Shiny",2
44,103667,103668,44,0,"Eye Implant: Vehicle Air, Shiny",1
44,103675,103676,44,0,"Eye Implant: Vehicle Grnd, Bright",1
44,103685,103686,44,0,"Eye Implant: Tutoring, Shiny",1
44,103705,103706,44,0,"Eye Implant: Mult. Melee, Bright",1
44,103707,103708,44,0,"Eye Implant: Rifle, Shiny",1
44,103725,103726,44,0,"Eye Implant: Elec. Engi, Shiny",1
44,103743,103744,44,0,"Eye Implant: Map Navig, Shiny",1
44,103761,103762,44,0,"Eye Implant: Aimed Shot, Shiny",1
44,103879,103880,44,0,"Eye Implant: Elec. Engi, Shiny",1
44,103989,103990,44,0,"Eye Implant: Rifle, Shiny",1
44,103999,104000,44,0,"Eye Implant: Aimed Shot, Shiny",1
44,104027,104028,44,0,"Eye Implant: Aimed Shot, Shiny",1
44,104073,104074,44,0,"Eye Implant: Rifle, Shiny",1
44,104079,104080,44,0,"Eye Implant: Map Navig, Shiny",1
44,104202,104203,44,0,"Eye Implant: Intelligence, Bright",1
44,104230,104231,44,0,"Eye Implant: Vehicle Air, Shiny",1
44,104315,104316,44,0,"Eye Implant: Vehicle Air, Shiny",1
44,104317,104318,44,0,"Eye Implant: Map Navig, Shiny",1
44,104345,104346,44,0,"Eye Implant: Map Navig, Shiny",1
44,104347,104348,44,0,"Eye Implant: Tutoring, Shiny",1
44,104450,104451,44,0,"Eye Implant: Aimed Shot, Shiny",1
44,104478,104479,44,0,"Eye Implant: Chemistry, Bright",1
44,104522,104523,44,0,"Eye Implant: Mult. Melee, Bright",2
44,104534,104535,44,0,"Eye Implant: Vehicle Air, Shiny",1
44,104597,104598,44,0,"Eye Implant: Aimed Shot, Shiny",1
44,104609,104610,44,0,"Eye Implant: Tutoring, Shiny",1
44,104697,104698,44,0,"Eye Implant: Nano Progra, Bright",1
44,104758,104759,44,0,"Eye Implant: Elec. Engi, Shiny",1
44,104780,104781,44,0,"Eye Implant: Elec. Engi, Shiny",1
44,104782,104783,44,0,"Eye Implant: Vehicle Air, Shiny",1
44,104802,104803,44,0,"Eye Implant: Aimed Shot, Shiny",1
44,104810,104811,44,0,"Eye Implant: Rifle, Shiny",1
44,104996,104997,44,0,"Eye Implant: Tutoring, Shiny",1
44,105006,105007,44,0,"Eye Implant: Vehicle Air, Shiny",1
44,105021,105022,44,0,"Head Implant: Bio.Metamor, Shiny",1
44,105047,105048,44,0,"Head Implant: Vehicle Hydr, Shiny",1
44,105092,105093,44,0,"Head Implant: Chemistry, Shiny",1
44,105121,105122,44,0,"Head Implant: Time & Space, Shiny",1
44,105125,105126,44,0,"Head Implant: Time & Space, Shiny",1
44,105145,105146,44,0,"Head Implant: Quantum FT, Shiny",2
44,105203,105204,44,0,"Head Implant: Melee Ener, Shiny",1
44,105211,105212,44,0,"Head Implant: Bow Spc Att, Shiny",1
44,105227,105228,44,0,"Head Implant: Mech. Engi, Shiny",1
44,105271,105272,44,0,"Head Implant: Comp. Liter, Shiny",1
44,105313,105314,44,0,"Head Implant: Melee Ener, Shiny",1
44,105471,105472,44,0,"Head Implant: NanoC. Init, Shiny",1
44,105519,105520,44,0,"Head Implant: Dimach, Bright",1
44,105529,105530,44,0,"Head Implant: Melee Ener, Shiny",1
44,105553,105554,44,0,"Head Implant: Mech. Engi, Shiny",1
44,105587,105588,44,0,"Head Implant: Pharma Tech, Shiny",1
44,105643,105644,44,0,"Head Implant: Bow Spc Att, Shiny",1
44,105667,105668,44,0,"Head Implant: Bio.Metamor, Shiny",1
44,105725,105726,44,0,"Head Implant: Intelligence, Shiny",1
44,105876,105877,44,0,"Head Implant: Pharma Tech, Shiny",1
44,105884,105885,44,0,"Head Implant: Chemistry, Shiny",1
44,105897,105898,44,0,"Head Implant: Elec. Engi, Bright",1
44,105923,105924,44,0,"Head Implant: Time & Space, Shiny",1
44,105939,105940,44,0,"Head Implant: Chemistry, Shiny",1
44,105967,105968,44,0,"Head Implant: Mech. Engi, Shiny",1
44,106033,106034,44,0,"Head Implant: Ranged Ener, Shiny",1
44,106039,106040,44,0,"Head Implant: Pharma Tech, Shiny",1
44,106138,106139,44,0,"Head Implant: Nano Resist, Shiny",1
44,106162,106163,44,0,"Head Implant: Pharma Tech, Shiny",1
44,106207,106208,44,0,"Head Implant: Matter Crea, Shiny",1
44,106211,106212,44,0,"Head Implant: Ranged Ener, Shiny",1
44,106215,106216,44,0,"Head Implant: Quantum FT, Shiny",1
44,106238,106239,44,0,"Head Implant: Mech. Engi, Shiny",1
44,106309,106310,44,0,"Head Implant: Max Nano, Shiny",1
44,106313,106314,44,0,"Head Implant: Nano Resist, Shiny",1
44,106421,106422,44,0,"Head Implant: Comp. Liter, Shiny",1
44,106493,106494,44,0,"Head Implant: Sensory Impr, Shiny",1
44,106544,106545,44,0,"Head Implant: Treatment, Shiny",1
44,106556,106557,44,0,"Head Implant: Psycho Modi, Shiny",1
44,106578,106579,44,0,"Head Implant: Max Nano, Shiny",1
44,106598,106599,44,0,"Head Implant: Matt.Metam, Shiny",1
44,106821,106822,44,0,"Head Implant: Vehicle Hydr, Shiny",1
44,106857,106858,44,0,"Head Implant: Chemistry, Shiny",1
44,106865,106866,44,0,"Head Implant: Psychic, Shiny",1
44,106922,106923,44,0,"Head Implant: Nano Progra, Shiny",1
44,107073,107074,44,0,"Head Implant: Chemistry, Shiny",1
44,107119,107120,44,0,"Head Implant: Pharma Tech, Shiny",1
44,107163,107164,44,0,"Head Implant: Vehicle Hydr, Shiny",1
44,107209,107210,44,0,"Head Implant: Pharma Tech, Shiny",1
44,107215,107216,44,0,"Head Implant: Psychology, Shiny",1
44,107225,107226,44,0,"Head Implant: Psychic, Shiny",1
44,107229,107230,44,0,"Ear Implant: Tutoring, Bright",1
44,107249,107250,44,0,"Ear Implant: Perception, Shiny",1
44,107278,107279,44,0,"Head Implant: Time & Space, Shiny",1
44,107361,107362,44,0,"Ear Implant: Perception, Shiny",1
44,107446,107447,44,0,"Right-Arm Implant: MG / SMG, Shiny",1
44,107496,107497,44,0,"Right-Arm Implant: 2h Blunt, Shiny",1
44,107566,107567,44,0,"Right-Arm Implant: Grenade, Shiny",1
44,107629,107630,44,0,"Right-Arm Implant: Brawling, Bright",1
44,107691,107692,44,0,"Right-Arm Implant: Strength, Shiny",1
44,107713,107714,44,0,"Right-Arm Implant: Piercing, Shiny",1
44,107725,107726,44,0,"Right-Arm Implant: Heavy Weapons, Shiny",1
44,107741,107742,44,0,"Right-Arm Implant: Assault Rif, Shiny",1
44,107771,107772,44,0,"Right-Arm Implant: Piercing, Shiny",1
44,107783,107852,44,0,"Right-Arm Implant: Shotgun, Shiny",1
44,107831,107832,44,0,"Right-Arm Implant: Riposte, Faded",1
44,107887,107888,44,0,"Right-Arm Implant: 2h Blunt, Shiny",1
44,107927,107928,44,0,"Right-Arm Implant: Burst, Shiny",1
44,107951,107952,44,0,"Right-Arm Implant: MG / SMG, Shiny",1
44,107985,107986,44,0,"Right-Arm Implant: MG / SMG, Shiny",1
44,108062,108063,44,0,"Right-Arm Implant: 1h Edged Weapon, Shiny",1
44,108077,108078,44,0,"Right-Arm Implant: Shotgun, Shiny",1
44,108166,108167,44,0,"Right-Arm Implant: Assault Rif, Shiny",1
44,108228,108229,44,0,"Right-Arm Implant: Piercing, Shiny",1
44,108302,108303,44,0,"Right-Arm Implant: Assault Rif, Shiny",1
44,108335,108336,44,0,"Right-Arm Implant: 1h Edged Weapon, Shiny",1
44,108343,108344,44,0,"Right-Arm Implant: Grenade, Shiny",1
44,108365,108366,44,0,"Chest Implant: Energy AC, Shiny",1
44,108430,108431,44,0,"Chest Implant: Sense, Shiny",1
44,108522,108523,44,0,"Chest Implant: Nano Pool, Shiny",1
44,108748,108749,44,0,"Chest Implant: Body Dev, Shiny",1
44,108784,108785,44,0,"Chest Implant: Energy AC, Shiny",1
44,108814,108815,44,0,"Chest Implant: Max Health, Shiny",1
44,108864,108865,44,0,"Chest Implant: Stamina, Shiny",1
44,108872,108873,44,0,"Chest Implant: Melee/Ma AC, Shiny",1
44,109158,109159,44,0,"Chest Implant: Max Nano, Faded",1
44,109388,109389,44,0,"Left-Arm Implant: Brawling, Shiny",1
44,109428,109429,44,0,"Right-Wrist Implant: Riposte, Shiny",1
44,109560,109561,44,0,"Right-Wrist Implant: Sneak Atck, Bright",1
44,109586,109587,44,0,"Right-Wrist Implant: Parry, Shiny",1
44,109748,109749,44,0,"Right-Wrist Implant: Riposte, Shiny",1
44,109914,109915,44,0,"Right-Wrist Implant: Pistol, Shiny",1
44,109964,109965,44,0,"Right-Wrist Implant: Ranged. Init, Shiny",1
44,109970,109971,44,0,"Right-Wrist Implant: Parry, Shiny",1
44,109980,109981,44,0,"Right-Wrist Implant: Sharp Obj, Shiny",1
44,110052,110053,44,0,"Right-Wrist Implant: Sharp Obj, Shiny",1
44,110082,110083,44,0,"Right-Wrist Implant: Ranged. Init, Shiny",1
44,110116,110117,44,0,"Right-Wrist Implant: Aimed Shot, Bright",1
44,110142,110143,44,0,"Waist Implant: Cold AC, Shiny",1
44,110232,110233,44,0,"Waist Implant: Chemical AC, Shiny",1
44,110244,110245,44,0,"Waist Implant: Fire AC, Shiny",1
44,110262,110263,44,0,"Waist Implant: Fire AC, Shiny",1
44,110344,110345,44,0,"Waist Implant: Cold AC, Shiny",1
44,110456,110457,44,0,"Waist Implant: Fire AC, Shiny",1
44,110486,110487,44,0,"Waist Implant: Fire AC, Shiny",1
44,110584,110585,44,0,"Waist Implant: Chemical AC, Shiny",1
44,110604,110605,44,0,"Waist Implant: Chemical AC, Shiny",1
44,110608,110609,44,0,"Waist Implant: Cold AC, Shiny",1
44,110658,110659,44,0,"Waist Implant: Radiation AC, Shiny",1
44,110668,110669,44,0,"Waist Implant: Fire AC, Shiny",1
44,110704,110705,44,0,"Waist Implant: Radiation AC, Shiny",1
44,110808,110809,44,0,"Waist Implant: Fire AC, Shiny",1
44,110914,110915,44,0,"Waist Implant: Radiation AC, Shiny",1
44,110948,110949,44,0,"Waist Implant: Duck-Exp, Bright",1
44,111062,111081,44,0,"Waist Implant: Cold AC, Shiny",2
44,111064,111065,44,0,"Waist Implant: Chemical AC, Shiny",1
44,111223,111224,44,0,"Waist Implant: Cold AC, Shiny",1
44,111245,111246,44,0,"Waist Implant: Fire AC, Shiny",1
44,111287,111288,44,0,"Waist Implant: Max Health, Bright",1
44,111425,111426,44,0,"Left-Wrist Implant: Multi Ranged, Shiny",1
44,111480,111481,44,0,"Right-Hand Implant: Martial Arts, Shiny",1
44,111545,111546,44,0,"Right-Hand Implant: Martial Arts, Shiny",1
44,111560,111561,44,0,"Right-Hand Implant: Martial Arts, Shiny",1
44,111566,111567,44,0,"Right-Hand Implant: Trap Disarm, Shiny",1
44,111658,111659,44,0,"Right-Hand Implant: Bow Spc Att, Bright",1
44,111662,111663,44,0,"Right-Hand Implant: Trap Disarm, Shiny",1
44,111682,111683,44,0,"Right-Hand Implant: Weapon Smt, Shiny",1
44,111763,111764,44,0,"Right-Hand Implant: Martial Arts, Shiny",1
44,111830,111831,44,0,"Right-Hand Implant: Martial Arts, Shiny",1
44,111832,111833,44,0,"Right-Hand Implant: Trap Disarm, Shiny",1
44,111848,111849,44,0,"Right-Hand Implant: Martial Arts, Shiny",1
44,111972,111973,44,0,"Right-Hand Implant: Martial Arts, Shiny",1
44,112061,112062,44,0,"Right-Hand Implant: Fling Shot, Bright",1
44,112065,112066,44,0,"Right-Hand Implant: Trap Disarm, Shiny",1
44,112079,112080,44,0,"Right-Hand Implant: Trap Disarm, Shiny",1
44,112088,112090,44,0,"Right-Hand Implant: Trap Disarm, Shiny",1
44,112116,112117,44,0,"Right-Hand Implant: Weapon Smt, Shiny",1
44,112140,112141,44,0,"Right-Hand Implant: Weapon Smt, Shiny",1
44,112182,112183,44,0,"Right-Hand Implant: Pistol, Bright",1
44,112284,112285,44,0,"Right-Hand Implant: Trap Disarm, Shiny",2
44,112286,112287,44,0,"Right-Hand Implant: Weapon Smt, Shiny",1
44,112296,112297,44,0,"Right-Hand Implant: Martial Arts, Shiny",1
44,112362,112363,44,0,"Right-Hand Implant: Trap Disarm, Shiny",1
44,112440,112442,44,0,"Right-Hand Implant: Martial Arts, Shiny",1
44,112449,112450,44,0,"Right-Hand Implant: Martial Arts, Shiny",1
44,112469,112470,44,0,"Right-Hand Implant: Weapon Smt, Shiny",1
44,112546,112547,44,0,"Right-Hand Implant: Trap Disarm, Shiny",1
44,112550,112551,44,0,"Right-Hand Implant: Fling Shot, Bright",1
44,112603,112604,44,0,"Right-Hand Implant: Weapon Smt, Shiny",1
44,112680,112698,44,0,"Right-Hand Implant: Martial Arts, Shiny",1
44,112705,112706,44,0,"Right-Hand Implant: Martial Arts, Shiny",1
44,112721,112722,44,0,"Right-Hand Implant: Martial Arts, Shiny",1
44,112778,112779,44,0,"Right-Hand Implant: Weapon Smt, Shiny",1
44,112780,112781,44,0,"Right-Hand Implant: Weapon Smt, Shiny",1
44,112849,112850,44,0,"Right-Hand Implant: Martial Arts, Shiny",1
44,112895,112896,44,0,"Right-Hand Implant: Trap Disarm, Shiny",1
44,112897,112898,44,0,"Right-Hand Implant: Trap Disarm, Shiny",1
44,112927,112928,44,0,"Right-Hand Implant: Shotgun, Bright",1
44,112957,112958,44,0,"Right-Hand Implant: Weapon Smt, Shiny",1
44,112969,112985,44,0,"Right-Hand Implant: Martial Arts, Shiny",1
44,112978,112979,44,0,"Leg Implant: Swimming, Shiny",1
44,112996,112997,44,0,"Right-Hand Implant: Weapon Smt, Shiny",1
44,113009,113010,44,0,"Right-Hand Implant: Trap Disarm, Shiny",1
44,113084,113085,44,0,"Right-Hand Implant: Weapon Smt, Shiny",1
44,113271,113272,44,0,"Leg Implant: Swimming, Shiny",1
44,113279,113280,44,0,"Leg Implant: Dodge-Rng, Shiny",1
44,113295,113296,44,0,"Leg Implant: Swimming, Shiny",1
44,113404,113405,44,0,"Leg Implant: Adventuring, Shiny",1
44,113446,113447,44,0,"Left-Hand Implant: Fast Attack, Shiny",1
44,113456,113457,44,0,"Left-Hand Implant: Fast Attack, Shiny",1
44,116799,116799,50,0,Nano Crystal (Recondition Parts),1
44,116826,116826,41,0,Nano Crystal (Instill With Fury),1
44,118114,118114,54,0,Nano Crystal (Ward from Harm),1
44,118117,118117,37,0,Nano Crystal (Thicken Skin),2
44,118254,118254,44,0,Nano Crystal (Average Delayed Health Payment),1
44,120573,142656,44,0,Senpai Tertius Decus Armor Helmet,2
44,120585,142680,44,0,Inferior Organic Armor Pants,1
44,120586,142682,44,0,Inferior Organic Armor Helmet,1
44,120587,142684,44,0,Inferior Organic Armor Gloves,1
44,120588,142686,44,0,Inferior Organic Armor Boots,1
44,120590,142690,44,0,Inferior Organic Armor Sleeves,2
44,120609,120609,1,0,Omni-Med Cloak,2
44,121143,121143,37,0,Nano Crystal (Sudden Scare),1
44,121151,121151,37,0,Nano Crystal (Fearsome Shout),2
44,121359,121359,47,0,Nano Crystal (Team Skill Wrangler (Commonplace)),1
44,121369,121369,54,0,Nano Crystal (Skill Wrangler Lesser),1
44,121375,121375,34,0,Nano Crystal (Skill Wrangler (Commonplace)),1
44,121509,121509,41,0,Nano Crystal (Proficient Health Haggler),3
44,121520,121520,34,0,Nano Crystal (Capable Health Haggler),1
44,121574,121575,44,0,Rusty Tripler,1
44,121612,121613,44,0,Training Bladestaff,2
44,121631,121632,44,0,Second-Hand Battle Axe,1
44,121650,121651,44,0,Long-Axe Hyper 200x,1
44,121686,121687,44,0,Rusty Bolter 42mm,2
44,121745,121746,44,0,Loose Right Slice,2
44,121897,121898,44,0,Over-Tuned Heavy Grinner,2
44,121916,121917,44,0,Over-Tuned Flamethrower,1
44,121935,121936,44,0,Over-Tuned Gatling Saw 20k,1
44,121954,121955,44,0,Loose Slank Chop,1
44,121973,121974,44,0,Loose Katana,1
44,121992,121993,44,0,Over-Tuned Blackened Miniblaster,1
44,122068,122069,44,0,Loose Clean Slay Axe,1
44,122087,122088,44,0,Over-Tuned Blackened Blaster Rifle,2
44,122144,122145,44,0,Loose Cutlass,2
44,122163,122164,44,0,Loose E-Blade,1
44,122182,122183,44,0,Over-Tuned Megajolt,1
44,122315,122316,44,0,Over-Tuned Stanton Stunner IV,1
44,122372,122373,44,0,Loose Energy Shield,2
44,122410,122411,44,0,Loose Energy Buckler,1
44,122429,122430,44,0,Over-Tuned Mausser Particle Streamer,1
44,122448,122449,44,0,Over-Tuned El Dieu,1
44,122505,122506,44,0,Over-Tuned Biogun,1
44,122543,122544,44,0,Over-Tuned Omni-Pol Standard Flamer,1
44,122581,122582,44,0,Over-Tuned Supernova Mk VI,3
44,122619,122620,44,0,Over-Tuned Aero Borealis Corona,1
44,122638,122639,44,0,Over-Tuned The Original Plasma-Emitter,1
44,122695,122696,44,0,Loose Advanced Baseballbat,3
44,122733,122734,44,0,Loose Blackjack,1
44,122771,122772,44,0,Over-Tuned Bow-Blaster,1
44,122790,122791,44,0,Loose Sword of Sir Galahad,2
44,122809,122810,44,0,Loose Gofle-Prod,1
44,122947,122948,44,0,Loose Mace,1
44,122966,122967,44,0,Loose Notum Staff,2
44,123023,123024,44,0,Over-Tuned Mini-Shotgun,1
44,123080,123081,44,0,Over-Tuned Sleekblaster Major,1
44,123099,123100,44,0,Over-Tuned DNA-Targeted Executioner Pistol,2
44,123135,123136,44,0,Cast-Off Heavy Gamma-Beamer,1
44,123175,123176,44,0,Over-Tuned Electron-Charged Pistol,1
44,123194,123195,44,0,Over-Tuned Suppressor,2
44,123269,123270,44,0,Cast-Off Nova Flow - Mk IV,1
44,123309,123310,44,0,Over-Tuned Enriched Uranium Sprayer,3
44,123366,123367,44,0,Loose Lead Pipe,1
44,123423,123424,44,0,Over-Tuned Netgun,1
44,123442,123443,44,0,Over-Tuned Ultra-Light Missile Pistol Raid 9-X,1
44,123499,123500,44,0,Over-Tuned IMI Desert Reet 1000,1
44,123573,123574,44,0,Cast-Off OT 0220 22mm Combat Magnum,1
44,123613,123614,44,0,Over-Tuned PNG M1007A1 Tactical Revolver,1
44,123632,123633,44,0,Over-Tuned BBI Sigma III,3
44,123651,123652,44,0,Over-Tuned Sentinels ETE Strike Gun,1
44,123670,123671,44,0,Over-Tuned River MV,3
44,123706,123707,44,0,Faded OT Biomag,1
44,123748,123749,44,0,OT M-10.3 Flechette Pistol,2
44,123767,123768,44,0,Polizziotto M202F,1
44,123776,123777,44,0,MTI 95 Match Pistol ,1
44,123795,123796,44,0,MTI VP300.m Proto Caseless,1
44,123839,123840,44,0,Zastaba Cz-200 Assault Pistol ,1
44,123870,123871,44,0,Atlas Bern C.V.,1
44,123879,123880,44,0,Worn BigBurger Inc.,2
44,123888,123889,44,0,HSR Arms,1
44,123897,123898,44,0,OT Backup,3
44,123913,123914,44,0,MTI SOCOM Mk V,1
44,123928,123929,44,0,Rusty FN 7-7 Pistol,1
44,123937,123938,44,0,MTI USP 1200 T,2
44,123994,123994,44,0,Old English Trading Co. Type 77a,1
44,124027,124028,44,0,Galahad Inc. 055 Police Edition,1
44,124094,124095,44,0,AcuTek Cruncher,3
44,124103,124103,44,0,O.E.T. Co. C70 Extragavanza,1
44,124112,124113,44,0,Kalo-BBI Model 57,2
44,124157,124158,44,0,OT-Windchaser M06 Mother of Pearl,1
44,124187,124188,44,0,OT-Windchaser RM70 yy,1
44,124234,124235,44,0,S.A. Confident Home Defender,1
44,124243,124244,44,0,OT M50 Shotgun,1
44,124258,124259,44,0,Vektor ND Shotgun,1
44,124334,124335,44,0,Sako J21P-103-4 Response Rifle,2
44,124343,124344,44,0,Tsakachumi PTO-HV.2 Counter-Sniper Rifle,1
44,124366,124367,44,0,OT Anti-Cyborg Rifle,1
44,124369,124370,44,0,Barret M-00 Anti-Material Rifle,1
44,124374,124375,44,0,BBI AS-90,2
44,124383,124384,44,0,HSR Arms F-59,1
44,124393,124394,44,0,OT Rancho CC Prototype,1
44,124426,124427,44,0,MTI B-94,1
44,124484,124485,44,0,Ingram Morning Star,2
44,124489,124490,44,0,Manex SD 4004 (Mist reception sorrow),1
44,124507,124508,44,0,OT Eskorpio 21 Hru,1
44,124514,124515,44,0,Sentinels Personal Edition G1-B,1
44,124531,124532,44,0,Sito-Tech Model 00,1
44,124550,124551,44,0,Seburo M35,2
44,124557,124558,44,0,Kang Tao Spitting Cobra,1
44,124564,124565,44,0,Over-Tuned OT Saladin,2
44,124583,124584,44,0,Over-Tuned OT Viper IX,1
44,124604,124605,44,0,Flawed MTI MP200,2
44,124619,124620,44,0,MTI SO1210,2
44,124647,124648,44,0,Over-Tuned Kalinkanov ZU-113 Security Weapon,1
44,124666,124667,44,0,Over-Tuned Malorian Arms M25 Goodgun,1
44,124715,124716,44,0,Over-Tuned Nord Armwerk MAX,1
44,124734,124735,44,0,Over-Tuned FN P00,3
44,124753,124754,44,0,Over-Tuned BBI WMMA CAW,1
44,124772,124773,44,0,Over-Tuned OT ARL-10 Micromissile Launcher,1
44,124783,124784,44,0,Over-Tuned Tsunami Raiden MP-Drum,2
44,124952,124953,44,0,Over-Tuned Techtronica Neural Disruptor,1
44,125028,125029,44,0,Over-Tuned Joint Clans Patriot,4
44,125085,125086,44,0,Over-Tuned Oneida Razor Half-Bow,4
44,125315,125316,44,0,Loose Merchant Squibber,1
44,125366,125367,44,0,Loose Merchant Executioner,1
44,125385,125386,44,0,Loose Rider Executioner,3
44,125404,125405,44,0,Loose Protector Executioner,1
44,125440,125441,44,0,Paper Hammer,1
44,125445,125446,44,0,Tear-soaked Pillow with Important Stripes,1
44,125456,125457,44,0,Concrete Cushion,1
44,128605,128606,44,0,D-nort Compact Assault Rifle,1
44,128627,128628,44,0,Rusty Ares Arms AR-90 Jet Rifle,1
44,128640,128641,44,0,Over-tuned Seburo C-99a ,2
44,128659,128660,44,0,Over-tuned HSR Arms Tech Assault IV,1
44,128712,128713,44,0,River Series 6,1
44,128719,128720,44,0,Over-tuned Galahad Inc. 077 Personal Weapon,1
44,128734,128735,44,0,1st edition Pistola Di Macchina Mini Automatico 2,2
44,128784,128785,44,0,MTI MP903A3D9,1
44,128796,128797,44,0,Over-tuned OT Cobra M-33,1
44,128815,128816,44,0,Over-tuned Zastaba M0-2 Assault Weapon (Zero),1
44,128843,128844,44,0,Over-tuned OET Co. MP-21 Tactical Machine Pistol,2
44,128916,128917,44,0,Water balloon,1
44,128923,128924,44,0,Loose Peasant Executioner,2
44,128961,128962,44,0,Loose Merchant Warblade,1
44,128999,129000,44,0,Loose Protector Warblade,1
44,129014,129015,44,0,Omni-Med Butter Cake,1
44,129030,129031,44,0,Loose Sledgehammer,1
44,129071,129072,44,0,Breathing Space,1
44,129642,129643,44,0,Wen-Wen Teen,6
44,130005,130006,44,0,Run Speed Cluster - Bright (Left-Wrist),1
44,130007,130008,44,0,Run Speed Cluster - Shiny (Right-Wrist),1
44,130055,130056,44,0,Featherwood Staff,2
44,130110,130111,44,0,Loose Notum Lever,2
44,130129,130130,44,0,Loose Denunciatory Spear,2
44,130165,130166,44,0,Rusty MTI Sword,1
44,130183,130184,44,0,Whistling Hot Air Stick,1
44,130205,130206,44,0,Chipped Bloodworm Carapace,2
44,130222,130223,44,0,Chipped Light Spear,2
44,130283,130284,44,0,"Right-Wrist Implant: Run Speed, Shiny",1
44,130382,130383,44,0,"Leg Implant: Duck-Exp, Shiny",1
44,130401,130402,44,0,"Leg Implant: Adventuring, Shiny",1
44,131605,131606,44,0,Rough Club,1
44,136692,136692,41,0,Nano Crystal (Patch Wounds),2
44,136699,136699,34,0,Nano Crystal (Natural Cure),5
44,136707,136707,50,0,Nano Crystal (Alleviate Pain),1
44,142655,142654,44,0,Senpai Tertius Decus Armor Pants,1
44,142658,142657,44,0,Senpai Tertius Decus Armor Gloves,1
44,142660,142659,44,0,Senpai Tertius Decus Armor Boots,1
44,142665,142664,44,0,Senpai Tertius Decus Armor Sleeves,2
44,142721,142721,47,0,Nano Crystal (Reckless Digitization),2
44,142772,142772,50,0,Nano Crystal (Brain Swap),2
44,142808,142809,44,0,Faded SSC Rustling Wakisashi,1
44,143848,143849,44,0,Over-Tuned Sunburst Mk IV,1
44,144071,144072,44,0,Survival Axe,1
44,144090,144091,44,0,Tanto,1
44,150180,150181,44,0,,1
44,150197,150198,44,0,,1
44,150225,150226,44,0,,1
44,150243,150244,44,0,,1
44,150306,150307,44,0,,1
44,152068,152069,44,0,,1
44,152085,152086,44,0,,4
44,152111,152112,44,0,,2
44,152124,152125,44,0,,1
44,152160,152161,44,0,,1
44,152298,154071,44,0,,3
44,152330,152331,44,0,,1
44,152358,152359,44,0,,2
44,152375,152376,44,0,,1
44,152392,152393,44,0,,1
44,152751,152752,44,0,,1
44,152768,152769,44,0,,3
44,154989,154989,48,0,,1
44,155366,155366,54,0,,1
44,155367,155367,34,0,,2
44,155376,155376,54,0,,1
44,155377,155377,34,0,,1
44,155390,155390,34,0,,2
44,156132,156132,41,0,,2
44,156143,156143,34,0,,2
44,157548,157548,44,0,,1
44,157550,157550,34,0,,1
44,158033,158021,44,0,,1
44,158037,158036,44,0,,2
44,158038,158039,44,0,,1
44,158045,158046,44,0,,1
44,158963,158964,44,0,,2
44,159035,159036,44,0,,1
44,159040,159041,44,0,,2
44,159083,159087,44,0,,1
44,159109,159110,44,0,,2
44,160216,160217,44,0,,1
44,160219,160220,44,0,,1
44,160239,160240,44,0,,2
44,160249,160250,44,0,,2
44,160264,160265,44,0,,5
44,166257,166258,44,0,,1
44,172019,172020,44,0,,1
44,172577,172578,44,0,,1
44,177625,177626,44,0,,1
44,178142,178143,44,0,,1
44,178206,178207,44,0,,1
44,191596,191597,44,0,,2
44,191604,191605,44,0,,1
44,202869,202869,35,0,,1
44,203124,203124,36,0,,1
44,203134,203134,38,0,,1
44,203598,203598,53,0,,2
44,203949,203949,36,0,,1
44,203959,203959,42,0,,1
44,204103,204104,44,0,,1
44,204139,204140,44,0,,1
44,204262,204263,44,0,,2
44,204270,204271,44,0,,1
44,204340,204340,52,0,,1
44,205224,205225,44,0,,2
44,205232,205232,37,0,,2
44,206289,206290,44,0,,2
44,210302,210302,48,0,,3
44,210614,210614,35,0,,2
44,210708,210708,41,0,,3
44,210747,210747,36,0,,5
44,210807,210807,44,0,,2
44,211151,211151,49,0,,2
44,211165,211165,40,0,,5
44,218355,218356,44,0,,1
44,218744,218745,44,0,,2
44,218780,218781,44,0,,1
44,218826,218827,44,0,,1
44,227473,227473,30,0,,21
