ObservationId,CapturedUtc,Sequence,Behavior,Disposition,Confidence,DecisionReasons,Influences,MetadataResolution,NpcFamily,MonsterData,Level,PlayfieldId,Name,RuntimeIdentity,RuntimeGeneration,RouteSignature,CurrentX,CurrentY,CurrentZ,DestinationX,DestinationY,DestinationZ,HorizontalDistance,PathCount
m00117,2026-07-22T08:48:18.585500Z,542,chase,Ambiguous,84,combat_target_position_unavailable,combat;player,complete_capture_stable_identity,1019,297023,1,1044525,Malfunctioning Cleaning Robot,SimpleChar:7988C9BE,1,7b07f2dc29caaa82,3620.62354,51.744999,799.041138,3602.09277,52.5,788.285278,21.426105,2
m01642,2026-07-22T08:49:35.314804Z,4503,chase,Ambiguous,84,combat_target_position_unavailable,combat;player,complete_capture_stable_identity,1019,297023,1,1044525,Malfunctioning Cleaning Robot,SimpleChar:7988C9D3,1,1b1f7f01b8749710,3622.09155,51.744999,798.237366,3622.82764,52.5,798.754517,0.899596,2
m01649,2026-07-22T08:49:35.315303Z,4510,chase,Ambiguous,84,combat_target_position_unavailable,combat;player,complete_capture_stable_identity,1019,297023,1,1044525,Malfunctioning Cleaning Robot,SimpleChar:7988C9D3,1,bd39ba2e29a53ef6,3622.09155,51.744999,798.237366,3622.71216,52.5,798.915344,0.919136,2
m01656,2026-07-22T08:49:35.522381Z,4518,chase,Ambiguous,84,combat_target_position_unavailable,combat;player,complete_capture_stable_identity,1019,297023,1,1044525,Malfunctioning Cleaning Robot,SimpleChar:7988C9D3,1,1b1f7f01b8749710,3622.09155,51.744999,798.237366,3622.75488,52.5,798.827026,0.887528,2
m01663,2026-07-22T08:49:35.970063Z,4539,chase,Ambiguous,84,combat_target_position_unavailable,combat;player,complete_capture_stable_identity,1019,297023,1,1044525,Malfunctioning Cleaning Robot,SimpleChar:7988C9D3,1,d4d798b345d4b1a1,3622.09155,51.744999,798.237366,3623.10938,52.5,798.720642,1.126736,2
m01674,2026-07-22T08:49:36.174677Z,4553,chase,Ambiguous,84,combat_target_position_unavailable,combat;player,complete_capture_stable_identity,1019,297023,1,1044525,Malfunctioning Cleaning Robot,SimpleChar:7988C9D3,1,18063e0202096350,3622.2207,51.744999,798.298584,3622.71265,52.5,799.085999,0.92846,2
m01680,2026-07-22T08:49:36.376337Z,4560,chase,Ambiguous,84,combat_target_position_unavailable,combat;player,complete_capture_stable_identity,1019,297023,1,1044525,Malfunctioning Cleaning Robot,SimpleChar:7988C9D3,1,9ebf22894923f5e1,3622.2207,51.744999,798.298584,3622.82129,52.5,798.759094,0.756821,2
m01687,2026-07-22T08:49:36.578908Z,4567,chase,Ambiguous,84,combat_target_position_unavailable,combat;player,complete_capture_stable_identity,1019,297023,1,1044525,Malfunctioning Cleaning Robot,SimpleChar:7988C9D3,1,576ab04f318db6e1,3622.2207,51.744999,798.298584,3623.01587,52.5,798.700439,0.890945,2
m01694,2026-07-22T08:49:36.792664Z,4586,chase,Ambiguous,84,combat_target_position_unavailable,combat;player,complete_capture_stable_identity,1019,297023,1,1044525,Malfunctioning Cleaning Robot,SimpleChar:7988C9D3,1,576ab04f318db6e1,3622.2207,51.744999,798.298584,3623.10449,52.5,798.718811,0.978609,2
m01701,2026-07-22T08:49:37.035801Z,4593,chase,Ambiguous,84,post_combat_direction_not_leash,combat;player,complete_capture_stable_identity,1019,297023,1,1044525,Malfunctioning Cleaning Robot,SimpleChar:7988C9D3,1,9ebf22894923f5e1,3622.2207,51.744999,798.298584,3623.18604,52.5,798.764526,1.071906,2
m02823,2026-07-22T08:50:30.376986Z,7626,chase,Ambiguous,84,combat_target_position_unavailable,combat;player,complete_capture_stable_identity,1019,297023,1,1044525,Malfunctioning Cleaning Robot,SimpleChar:7988C9F4,1,a786c0bf2ba3770b,3620.35913,51.744999,785.099426,3620.7002,52.5,783.988098,1.162488,2
m02828,2026-07-22T08:50:30.686170Z,7641,chase,Ambiguous,84,post_combat_direction_not_leash,combat;player,complete_capture_stable_identity,1019,297023,1,1044525,Malfunctioning Cleaning Robot,SimpleChar:7988C9F4,1,6362d488a88ec42b,3620.41235,51.744999,784.925598,3620.97559,52.5,784.299011,0.842526,2
m02831,2026-07-22T08:50:30.891742Z,7655,chase,Ambiguous,84,post_combat_direction_not_leash,combat;player,complete_capture_stable_identity,1019,297023,1,1044525,Malfunctioning Cleaning Robot,SimpleChar:7988C9F4,1,6362d488a88ec42b,3620.41235,51.744999,784.925598,3621.14282,52.5,784.263794,0.985683,2
m02835,2026-07-22T08:50:31.180351Z,7664,chase,Ambiguous,84,post_combat_direction_not_leash,combat;player,complete_capture_stable_identity,1019,297023,1,1044525,Malfunctioning Cleaning Robot,SimpleChar:7988C9F4,1,e432157bed51e514,3620.41235,51.744999,784.925598,3620.78711,52.5,784.211243,0.80669,2
m02838,2026-07-22T08:50:31.408940Z,7670,chase,Ambiguous,84,post_combat_direction_not_leash,combat;player,complete_capture_stable_identity,1019,297023,1,1044525,Malfunctioning Cleaning Robot,SimpleChar:7988C9F4,1,e432157bed51e514,3620.41235,51.744999,784.925598,3621.22314,52.5,784.200562,1.087685,2
m02927,2026-07-22T08:50:38.132348Z,7903,chase,Ambiguous,84,combat_target_position_unavailable,combat;player,complete_capture_stable_identity,1019,297023,1,1044525,Malfunctioning Cleaning Robot,SimpleChar:7988C9F3,1,e90338df59e87067,3622.10645,51.744999,799.305359,3596.91602,52.5,772.288025,36.939059,2
m02941,2026-07-22T08:50:39.392926Z,7945,chase,Ambiguous,84,post_combat_direction_not_leash,combat;player,complete_capture_stable_identity,1019,297023,1,1044525,Malfunctioning Cleaning Robot,SimpleChar:7988C9F4,1,c6a7dc5fe8b6b592,3613.10938,52.134998,787.43512,3611.979,52.5,787.700745,1.16117,2
m02947,2026-07-22T08:50:39.813182Z,7956,chase,Ambiguous,84,post_combat_direction_not_leash,combat;player,complete_capture_stable_identity,1019,297023,1,1044525,Malfunctioning Cleaning Robot,SimpleChar:7988C9F4,1,92f520d061e1c2d0,3612.94678,52.134998,787.473389,3612.29956,52.5,788.015198,0.844068,2
m02950,2026-07-22T08:50:40.281351Z,7970,chase,Ambiguous,84,post_combat_direction_not_leash,combat;player,complete_capture_stable_identity,1019,297023,1,1044525,Malfunctioning Cleaning Robot,SimpleChar:7988C9F4,1,92f520d061e1c2d0,3612.94678,52.134998,787.473389,3612.2998,52.5,787.986206,0.825569,2
m02982,2026-07-22T08:50:42.919864Z,8043,chase,Ambiguous,84,post_combat_direction_not_leash,combat;player,complete_capture_stable_identity,1019,297023,1,1044525,Malfunctioning Cleaning Robot,SimpleChar:7988C9F4,1,81e037d6bf287f0a,3612.8645,52.134998,787.554688,3599.1377,52.5,787.266541,13.729824,2
m03047,2026-07-22T08:50:48.737865Z,8216,chase,Ambiguous,84,combat_target_position_unavailable,combat;player,complete_capture_stable_identity,1019,297023,1,1044525,Malfunctioning Cleaning Robot,SimpleChar:7988C9FA,1,18063e0202096350,3621.87891,51.744999,798.45697,3622.72949,52.5,798.870117,0.945609,2
m03050,2026-07-22T08:50:49.155536Z,8222,chase,Ambiguous,84,combat_target_position_unavailable,combat;player,complete_capture_stable_identity,1019,297023,1,1044525,Malfunctioning Cleaning Robot,SimpleChar:7988C9FA,1,9ebf22894923f5e1,3621.87891,51.744999,798.45697,3622.7605,52.5,799.180664,1.140585,2
m03056,2026-07-22T08:50:49.581729Z,8245,chase,Ambiguous,84,combat_target_position_unavailable,combat;player,complete_capture_stable_identity,1019,297023,1,1044525,Malfunctioning Cleaning Robot,SimpleChar:7988C9FA,1,576ab04f318db6e1,3621.99146,51.744999,798.549561,3622.99414,52.5,798.700073,1.013914,2
m03059,2026-07-22T08:50:49.860965Z,8249,chase,Ambiguous,84,combat_target_position_unavailable,combat;player,complete_capture_stable_identity,1019,297023,1,1044525,Malfunctioning Cleaning Robot,SimpleChar:7988C9FA,1,18063e0202096350,3622.01587,51.744999,798.553162,3622.71387,52.5,798.909912,0.783884,2
m03062,2026-07-22T08:50:49.860965Z,8255,chase,Ambiguous,84,combat_target_position_unavailable,combat;player,complete_capture_stable_identity,1019,297023,1,1044525,Malfunctioning Cleaning Robot,SimpleChar:7988C9FA,1,576ab04f318db6e1,3622.01587,51.744999,798.553162,3622.85864,52.5,798.735413,0.862251,2
m03065,2026-07-22T08:50:50.081058Z,8258,chase,Ambiguous,84,combat_target_position_unavailable,combat;player,complete_capture_stable_identity,1019,297023,1,1044525,Malfunctioning Cleaning Robot,SimpleChar:7988C9FA,1,18063e0202096350,3622.01587,51.744999,798.553162,3622.70581,52.5,798.940613,0.791287,2
m03069,2026-07-22T08:50:50.278649Z,8275,chase,Ambiguous,84,combat_target_position_unavailable,combat;player,complete_capture_stable_identity,1019,297023,1,1044525,Malfunctioning Cleaning Robot,SimpleChar:7988C9FA,1,18063e0202096350,3622.01587,51.744999,798.553162,3622.70898,52.5,799.073181,0.866499,2
m03073,2026-07-22T08:50:50.499305Z,8280,chase,Ambiguous,84,combat_target_position_unavailable,combat;player,complete_capture_stable_identity,1019,297023,1,1044525,Malfunctioning Cleaning Robot,SimpleChar:7988C9FA,1,18063e0202096350,3622.01587,51.744999,798.553162,3622.72363,52.5,798.883301,0.780971,2
m03076,2026-07-22T08:50:50.931512Z,8286,chase,Ambiguous,84,combat_target_position_unavailable,combat;player,complete_capture_stable_identity,1019,297023,1,1044525,Malfunctioning Cleaning Robot,SimpleChar:7988C9FA,1,576ab04f318db6e1,3622.01587,51.744999,798.553162,3623.07202,52.5,798.70874,1.067547,2
m03082,2026-07-22T08:50:51.427759Z,8312,chase,Ambiguous,84,combat_target_position_unavailable,combat;player,complete_capture_stable_identity,1019,297023,1,1044525,Malfunctioning Cleaning Robot,SimpleChar:7988C9FA,1,afe819ce350095c6,3622.09644,51.744999,798.565002,3622.85327,52.5,799.261658,1.02865,2
m03089,2026-07-22T08:50:52.082081Z,8323,chase,Ambiguous,84,post_combat_direction_not_leash,combat;player,complete_capture_stable_identity,1019,297023,1,1044525,Malfunctioning Cleaning Robot,SimpleChar:7988C9F4,1,8e59fe9bc912a518,3600.10107,51.924995,787.286682,3599.22803,52.5,786.804932,0.997137,2
m03092,2026-07-22T08:50:52.082081Z,8327,chase,Ambiguous,84,post_combat_direction_not_leash,combat;player,complete_capture_stable_identity,1019,297023,1,1044525,Malfunctioning Cleaning Robot,SimpleChar:7988C9F4,1,f38406e4dc5c7290,3600.10107,51.924995,787.286682,3598.97559,52.5,787.299011,1.125548,2
m03097,2026-07-22T08:50:52.736913Z,8349,chase,Ambiguous,84,post_combat_direction_not_leash,combat;player,complete_capture_stable_identity,1019,297023,1,1044525,Malfunctioning Cleaning Robot,SimpleChar:7988C9F4,1,8e59fe9bc912a518,3599.96484,51.924995,787.288147,3599.19043,52.5,787.23175,0.776461,2
m03101,2026-07-22T08:50:52.736913Z,8355,chase,Ambiguous,84,post_combat_direction_not_leash,combat;player,complete_capture_stable_identity,1019,297023,1,1044525,Malfunctioning Cleaning Robot,SimpleChar:7988C9F4,1,8e59fe9bc912a518,3599.96484,51.924995,787.288147,3599.17896,52.5,787.240723,0.78731,2
m03104,2026-07-22T08:50:52.934006Z,8360,chase,Ambiguous,84,post_combat_direction_not_leash,combat;player,complete_capture_stable_identity,1019,297023,1,1044525,Malfunctioning Cleaning Robot,SimpleChar:7988C9F4,1,c0eebfa096e04f87,3599.96484,51.924995,787.288147,3599.16406,52.5,786.748901,0.96542,2
m03107,2026-07-22T08:50:53.149096Z,8367,chase,Ambiguous,84,post_combat_direction_not_leash,combat;player,complete_capture_stable_identity,1019,297023,1,1044525,Malfunctioning Cleaning Robot,SimpleChar:7988C9F4,1,8e59fe9bc912a518,3599.96484,51.924995,787.288147,3599.20264,52.5,787.221191,0.765135,2
m03111,2026-07-22T08:50:53.625479Z,8384,chase,Ambiguous,84,post_combat_direction_not_leash,combat;player,complete_capture_stable_identity,1019,297023,1,1044525,Malfunctioning Cleaning Robot,SimpleChar:7988C9F4,1,e04a7a9a7fb1c9bc,3599.96484,51.924995,787.288147,3599.28687,52.5,786.912598,0.775036,2
m03114,2026-07-22T08:50:53.625479Z,8390,chase,Ambiguous,84,post_combat_direction_not_leash,combat;player,complete_capture_stable_identity,1019,297023,1,1044525,Malfunctioning Cleaning Robot,SimpleChar:7988C9F4,1,e04a7a9a7fb1c9bc,3599.96484,51.924995,787.288147,3599.2854,52.5,786.907471,0.778815,2
m03117,2026-07-22T08:50:53.842060Z,8398,chase,Ambiguous,84,post_combat_direction_not_leash,combat;player,complete_capture_stable_identity,1019,297023,1,1044525,Malfunctioning Cleaning Robot,SimpleChar:7988C9F4,1,c0eebfa096e04f87,3599.96484,51.924995,787.288147,3599.10645,52.5,786.719482,1.029667,2
m03176,2026-07-22T08:50:59.497749Z,8566,chase,Ambiguous,84,post_combat_direction_not_leash,combat;player,complete_capture_stable_identity,1019,297023,1,1044525,Malfunctioning Cleaning Robot,SimpleChar:7988C9F4,1,ef4233e9be86198e,3599.92944,51.924995,787.264771,3594.16113,52.5,799.746948,13.750569,2
m03364,2026-07-22T08:51:12.965268Z,8997,chase,Ambiguous,84,combat_target_position_unavailable,combat;player,complete_capture_stable_identity,1019,297023,1,1044525,Malfunctioning Cleaning Robot,SimpleChar:7988CA0F,1,937c7cae1d81e317,3621.07471,51.744999,799.770813,3602.29907,52.5,787.977051,22.172449,2
m03913,2026-07-22T08:51:55.803895Z,10671,chase,Rejected,49,path_interrupted_by_stop_command,combat,later_scfu_same_generation,95,96056,2,1044525,Bureaucrat Worker,SimpleChar:7988C997,1,945a2a935cb86db8,3604.70605,40.964996,837.789673,3599.58594,41.464996,840.401672,5.747875,2
m03918,2026-07-22T08:51:57.198949Z,10727,chase,Rejected,49,path_interrupted_by_stop_command,combat,later_scfu_same_generation,95,96056,2,1044525,Bureaucrat Worker,SimpleChar:7988C997,1,8fe6b4f23b63644d,3600.40942,40.964996,839.981323,3591.22729,41.464996,843.306335,9.765614,2
m03919,2026-07-22T08:51:57.470049Z,10758,chase,Rejected,49,path_interrupted_by_stop_command,combat,later_scfu_same_generation,95,96056,2,1044525,Bureaucrat Worker,SimpleChar:7988C997,1,e0aad1f4bce219e4,3600.17676,40.964996,840.065552,3588.96411,41.464996,841.773315,11.341956,2
m03995,2026-07-22T08:52:15.589394Z,11463,chase,Ambiguous,84,post_combat_direction_not_leash,combat,later_scfu_same_generation,95,96056,2,1044525,Bureaucrat Worker,SimpleChar:7988C997,1,a795291a1568bc31,3593.83936,41.354996,836.728455,3602.45654,41.644997,832.017517,9.820831,2
m04026,2026-07-22T08:52:17.365257Z,11534,chase,Ambiguous,84,post_combat_direction_not_leash,combat,later_scfu_same_generation,95,96056,2,1044525,Bureaucrat Worker,SimpleChar:7988C997,1,d68483d15151bccd,3600.32471,41.354996,833.182922,3611.38062,41.464996,831.439209,11.192573,2
m04054,2026-07-22T08:52:19.165830Z,11621,chase,Ambiguous,84,post_combat_direction_not_leash,combat,later_scfu_same_generation,95,96056,2,1044525,Bureaucrat Worker,SimpleChar:7988C997,1,d41e1350539fb9ce,3609.18823,40.964996,831.69165,3620.24048,41.484997,829.272217,11.313969,2
m04057,2026-07-22T08:52:19.165830Z,11624,chase,Rejected,49,path_interrupted_by_stop_command;post_combat_direction_not_leash,combat,later_scfu_same_generation,137,26137,3,1044525,Dockworker,SimpleChar:79666CF1,1,68eb030f0aa6ac53,3589.14307,40.964996,842.717041,3588.65186,41.464996,843.597107,1.007871,2
m04062,2026-07-22T08:52:19.335895Z,11637,chase,Ambiguous,84,post_combat_direction_not_leash,combat,later_scfu_same_generation,137,26137,3,1044525,Dockworker,SimpleChar:79666CF1,1,68eb030f0aa6ac53,3589.13428,40.964996,842.73291,3588.60254,41.464996,843.276428,0.760368,2
m04065,2026-07-22T08:52:19.535591Z,11641,chase,Ambiguous,84,post_combat_direction_not_leash,combat,later_scfu_same_generation,137,26137,3,1044525,Dockworker,SimpleChar:79666CF1,1,b072fbd6e2c63281,3589.13428,40.964996,842.73291,3588.20459,41.464996,843.22998,1.054231,2
m04080,2026-07-22T08:52:20.849694Z,11696,chase,Ambiguous,84,post_combat_direction_not_leash,combat,later_scfu_same_generation,95,96056,2,1044525,Bureaucrat Worker,SimpleChar:7988C997,1,4bbca0e62456e29f,3617.66211,40.964996,829.86969,3628.01318,41.484997,823.554688,12.125341,2
m04107,2026-07-22T08:52:23.089845Z,11779,chase,Ambiguous,84,post_combat_direction_not_leash,combat,later_scfu_same_generation,95,96056,2,1044525,Bureaucrat Worker,SimpleChar:7988C997,1,8fb00bf68ee24826,3627.23169,40.984997,824.069702,3630.01611,43.554562,815.32019,9.181882,2
m04128,2026-07-22T08:52:25.068001Z,11830,chase,Ambiguous,84,post_combat_direction_not_leash,combat,later_scfu_same_generation,95,96056,2,1044525,Bureaucrat Worker,SimpleChar:7988C997,1,dd64fd3b79222f85,3629.88916,41.953297,816.988831,3629.70215,46.793911,806.1828,10.807649,2
m04149,2026-07-22T08:52:26.728339Z,11906,chase,Ambiguous,84,post_combat_direction_not_leash,combat,later_scfu_same_generation,95,96056,2,1044525,Bureaucrat Worker,SimpleChar:7988C997,1,5ea1ac3acca7318d,3629.77319,44.840145,809.052673,3632.26343,49.906361,797.802856,11.522139,2
m04174,2026-07-22T08:52:28.814537Z,11973,chase,Ambiguous,84,combat_target_position_unavailable,combat;player,complete_capture_stable_identity,1019,297023,1,1044525,Malfunctioning Cleaning Robot,SimpleChar:7988CA1C,1,e989fa00acc894e1,3620.74365,51.744999,799.541199,3602.29858,52.5,788.028076,21.743335,2
m04177,2026-07-22T08:52:29.261722Z,11988,chase,Ambiguous,84,post_combat_direction_not_leash,combat,later_scfu_same_generation,95,96056,2,1044525,Bureaucrat Worker,SimpleChar:7988C997,1,cccdbf34deae14c3,3632.12793,48.606266,798.69928,3629.76758,52.364998,789.369019,9.624189,2
m04720,2026-07-22T08:53:12.887400Z,13657,chase,Ambiguous,84,combat_target_position_unavailable,combat;player,complete_capture_stable_identity,1019,297023,1,1044525,Malfunctioning Cleaning Robot,SimpleChar:7988CA28,1,39fcc06aab9e2721,3620.39551,51.744999,799.765137,3611.06055,52.5,778.293823,23.412791,2
m05280,2026-07-22T08:53:56.659321Z,15149,chase,Ambiguous,84,combat_target_position_unavailable,combat;player,complete_capture_stable_identity,1019,297023,1,1044525,Malfunctioning Cleaning Robot,SimpleChar:7988CA31,1,9c273484d7e1e7c9,3619.83423,51.744999,799.900085,3602.27368,52.5,787.877075,21.282051,2
m05870,2026-07-22T08:54:50.947149Z,16890,chase,Ambiguous,84,combat_target_position_unavailable,combat;player,complete_capture_stable_identity,1019,297023,1,1044525,Malfunctioning Cleaning Robot,SimpleChar:7988CA37,1,4fdc48fd2c9183cb,3622.04614,51.744999,799.263,3597.20239,52.5,772.221436,36.721358,2
m06457,2026-07-22T08:55:39.717625Z,18303,chase,Ambiguous,84,combat_target_position_unavailable,combat;player,complete_capture_stable_identity,1019,297023,1,1044525,Malfunctioning Cleaning Robot,SimpleChar:7988CA43,1,937c7cae1d81e317,3621.19751,51.744999,800.244446,3602.26172,52.5,787.853516,22.629611,2
m06920,2026-07-22T08:56:43.835627Z,20763,chase,Promotable,100,complete_decoded_path;exact_identity_metadata;captured_chase_observation;combat_influence_preserved_for_behavior;player_influence_preserved_for_behavior,combat;player,complete_capture_stable_identity,1019,297023,1,1044525,Cleaning Robot,SimpleChar:7988C9E3,6,11b753292f7fcfec,3592.82129,25.584999,881.398682,3597.80371,25.529739,880.69458,5.031925,2
m07127,2026-07-22T08:58:14.938546Z,24376,chase,Rejected,49,path_interrupted_by_stop_command,combat,later_scfu_same_generation,95,96056,2,1044525,Bureaucrat Worker,SimpleChar:7988C997,1,cd223df3b8b4fa6f,3564.08862,8.22381,888.851074,3558.56396,9.028543,889.520691,5.565093,2
m07134,2026-07-22T08:58:16.232746Z,24465,chase,Rejected,49,path_interrupted_by_stop_command,combat,later_scfu_same_generation,95,96056,2,1044525,Bureaucrat Worker,SimpleChar:7988C997,1,213f3f862b30d972,3559.4624,8.710001,889.411133,3553.66333,7.94161,886.51062,6.483995,2
m07136,2026-07-22T08:58:16.432837Z,24479,chase,Rejected,49,path_interrupted_by_stop_command,combat,later_scfu_same_generation,95,96056,2,1044525,Bureaucrat Worker,SimpleChar:7988C997,1,fc825651908cf4cf,3559.17041,8.710001,889.264954,3550.90137,6.987704,886.533081,8.708625,2
m07148,2026-07-22T08:58:22.578669Z,24647,chase,Rejected,49,path_interrupted_by_stop_command,combat,later_scfu_same_generation,95,96056,2,1044525,Bureaucrat Worker,SimpleChar:7988C997,1,e3f88bede1459604,3552.00391,7.497274,886.913635,3548.70557,7.042467,886.146057,3.386476,2
m07151,2026-07-22T08:58:23.653692Z,24675,chase,Rejected,49,path_interrupted_by_stop_command,combat,later_scfu_same_generation,95,96056,2,1044525,Bureaucrat Worker,SimpleChar:7988C997,1,e110d157ca4959b6,3549.63379,6.497921,886.362061,3547.38379,7.640599,887.668762,2.601916,2
m07154,2026-07-22T08:58:23.893855Z,24688,chase,Rejected,49,path_interrupted_by_stop_command,combat,later_scfu_same_generation,95,96056,2,1044525,Bureaucrat Worker,SimpleChar:7988C997,1,a0149c63eeb2e76d,3549.37476,6.476654,886.512573,3546.198,7.771707,889.861389,4.615883,2
m07157,2026-07-22T08:58:24.323560Z,24704,chase,Rejected,49,path_interrupted_by_stop_command,combat,later_scfu_same_generation,95,96056,2,1044525,Bureaucrat Worker,SimpleChar:7988C997,1,0a2472afd4d03238,3548.65015,6.503877,887.164856,3545.29907,7.771707,888.049011,3.465756,2
m07158,2026-07-22T08:58:24.323560Z,24705,chase,Promotable,100,complete_decoded_path;exact_identity_metadata;captured_chase_observation;combat_influence_preserved_for_behavior;player_influence_preserved_for_behavior,combat;player,complete_capture_stable_identity,1019,17714,2,1044525,Waste Collector,SimpleChar:7988C8C9,3,3ade8f9b50d3beef,3544.41479,7.271707,889.616882,3546.3689,7.138222,888.673645,2.169848,2
m07171,2026-07-22T08:58:34.216582Z,25009,chase,Promotable,100,complete_decoded_path;exact_identity_metadata;captured_chase_observation;combat_influence_preserved_for_behavior,combat,later_scfu_same_generation,95,96056,2,1044525,Bureaucrat Worker,SimpleChar:7988C997,1,2527fa4140b00bc6,3546.11987,7.042116,888.007935,3543.96118,8.638812,890.612915,3.383174,2
m07199,2026-07-22T08:58:46.328161Z,25390,chase,Ambiguous,84,post_combat_direction_not_leash,combat,later_scfu_same_generation,95,96056,2,1044525,Bureaucrat Worker,SimpleChar:7988C997,1,702705488cbafd45,3546.95435,6.272322,886.42688,3546.73315,5.818246,884.332336,2.106192,2
m07202,2026-07-22T08:58:47.019520Z,25458,chase,Ambiguous,84,post_combat_direction_not_leash,combat,later_scfu_same_generation,95,96056,2,1044525,Bureaucrat Worker,SimpleChar:7988C997,1,37d634c7aa4f96fd,3546.83447,5.874466,885.294006,3543.85132,5.698147,881.016479,5.215019,2
m07206,2026-07-22T08:58:47.764943Z,25496,chase,Rejected,49,explicit_setpos_teleport,combat;player,complete_capture_stable_identity,1019,297023,2,1044525,Cleanmeister Intelligence Robot,SimpleChar:7988C930,5,be468cbdab0443ad,3544.76343,5.110001,865.288513,3546.60474,5.664511,875.969666,10.838702,2
m07207,2026-07-22T08:58:48.643550Z,25522,chase,Rejected,49,path_interrupted_by_stop_command,combat,later_scfu_same_generation,95,96056,2,1044525,Bureaucrat Worker,SimpleChar:7988C997,1,c0f3888d681eeccf,3544.35352,5.925566,881.736816,3546.5376,5.610001,876.070374,6.072789,2
m07212,2026-07-22T08:58:49.931608Z,25603,chase,Rejected,49,path_interrupted_by_stop_command,combat,later_scfu_same_generation,95,96056,2,1044525,Bureaucrat Worker,SimpleChar:7988C997,1,b0097776fae33078,3546.17993,5.186987,876.99823,3543.62769,5.807229,874.775696,3.384315,2
m07292,2026-07-22T08:59:45.365368Z,26744,chase,Rejected,49,path_interrupted_by_stop_command,combat,later_scfu_same_generation,95,96056,2,1044525,Bureaucrat Worker,SimpleChar:7988C997,1,095e9d85967702ce,3553.95532,5.110001,876.432129,3557.65698,5.610001,873.408997,4.77929,2
m07294,2026-07-22T08:59:46.774608Z,26885,chase,Promotable,100,complete_decoded_path;exact_identity_metadata;captured_chase_observation;combat_influence_preserved_for_behavior;player_influence_preserved_for_behavior,combat;player,complete_capture_stable_identity,25,17657,2,1044525,Garbage Flea,SimpleChar:7988C91C,17,6ace3d903ac37bdd,3558.62671,5.110001,865.451111,3552.54932,5.110001,868.246155,6.689315,2
m07298,2026-07-22T08:59:50.156384Z,27140,chase,Rejected,49,explicit_setpos_teleport,combat;player,complete_capture_stable_identity,1019,297023,1,1044525,Cleaning Robot,SimpleChar:7988C8C3,5,a7e3f66c48c0a723,3555.9834,5.110001,862.110474,3559.98511,5.610001,865.29425,5.113718,2
m07299,2026-07-22T08:59:50.365488Z,27155,chase,Promotable,100,complete_decoded_path;exact_identity_metadata;captured_chase_observation;combat_influence_preserved_for_behavior,combat,later_scfu_same_generation,95,96056,2,1044525,Bureaucrat Worker,SimpleChar:7988C997,1,5e7f3dfda1d63384,3559.31763,5.110001,869.316589,3556.29907,5.610001,864.067078,6.055499,2
m07302,2026-07-22T08:59:50.810716Z,27179,chase,Promotable,100,complete_decoded_path;exact_identity_metadata;captured_chase_observation;combat_influence_preserved_for_behavior,combat,later_scfu_same_generation,95,96056,2,1044525,Bureaucrat Worker,SimpleChar:7988C997,1,fba2d2db8e25beaf,3558.81226,5.110001,868.392944,3557.552,5.610001,865.206177,3.426914,2
m07329,2026-07-22T09:00:06.853679Z,27901,chase,Ambiguous,84,post_combat_direction_not_leash,combat,later_scfu_same_generation,95,96056,2,1044525,Bureaucrat Worker,SimpleChar:7988C997,1,3049586454750ac2,3567.48193,5.1,851.422485,3552.45215,5.610001,847.113831,15.635178,2
m07335,2026-07-22T09:00:08.329385Z,27922,chase,Ambiguous,84,post_combat_direction_not_leash,combat,later_scfu_same_generation,95,96056,2,1044525,Bureaucrat Worker,SimpleChar:7988C997,1,8d32de9c5b4aeb50,3560.50366,5.110001,849.421936,3542.41724,5.610001,850.473572,18.116968,2
m07341,2026-07-22T09:00:10.386410Z,27952,chase,Ambiguous,84,post_combat_direction_not_leash,combat,later_scfu_same_generation,95,96056,2,1044525,Bureaucrat Worker,SimpleChar:7988C997,1,091eb44bee1792f2,3550.20776,5.110001,849.848511,3533.75903,5.610001,849.808655,16.448778,2
m07344,2026-07-22T09:00:12.147493Z,27992,chase,Ambiguous,84,post_combat_direction_not_leash,combat,later_scfu_same_generation,95,96056,2,1044525,Bureaucrat Worker,SimpleChar:7988C997,1,b0bf7721c8d59095,3541.25879,5.110001,849.873535,3524.63794,5.610001,849.126526,16.637628,2
m07356,2026-07-22T09:00:17.831008Z,28402,chase,Ambiguous,84,post_combat_direction_not_leash,combat,later_scfu_same_generation,95,96056,2,1044525,Bureaucrat Worker,SimpleChar:7988C997,1,5d8f75acae170f62,3519.04907,5.1,849.183777,3519.24146,5.107692,855.177063,5.996373,2
m07464,2026-07-22T09:01:24.228301Z,28998,chase,Promotable,100,complete_decoded_path;exact_identity_metadata;captured_chase_observation;combat_influence_preserved_for_behavior,combat,later_scfu_same_generation,95,96056,2,1044525,Bureaucrat Worker,SimpleChar:7988C997,1,40a4c5941e682880,3517.23779,5.110001,855.581421,3513.56396,5.610001,860.854553,6.426737,2
m07470,2026-07-22T09:01:25.909202Z,29075,chase,Promotable,100,complete_decoded_path;exact_identity_metadata;captured_chase_observation;combat_influence_preserved_for_behavior,combat,later_scfu_same_generation,95,96056,2,1044525,Bureaucrat Worker,SimpleChar:7988C997,1,35930915bf68d88f,3514.1228,5.110001,860.052307,3510.80566,5.610001,862.796082,4.304848,2
m08134,2026-07-22T09:03:13.151694Z,32138,chase,Ambiguous,84,combat_target_position_unavailable,combat;player,complete_capture_stable_identity,1019,297023,1,1044525,Malfunctioning Cleaning Robot,SimpleChar:7988CA95,1,9c273484d7e1e7c9,3620.11035,51.744999,800.220276,3602.29004,52.5,788.076782,21.564505,2
m09133,2026-07-22T09:04:58.663823Z,35142,chase,Rejected,49,path_interrupted_by_stop_command,combat,later_scfu_same_generation,95,96056,2,1044525,Bureaucrat Worker,SimpleChar:7988C997,1,7b59d88da2b74512,3519.90918,5.110001,857.168274,3518.63599,5.610001,861.560242,4.572789,2
m09137,2026-07-22T09:04:59.767889Z,35209,chase,Rejected,49,path_interrupted_by_stop_command,combat,later_scfu_same_generation,95,96056,2,1044525,Bureaucrat Worker,SimpleChar:7988C997,1,3b1bcfadf0d84940,3518.90454,5.110001,860.749451,3514.60986,5.610001,864.952087,6.008862,2
m09139,2026-07-22T09:05:00.582785Z,35231,chase,Rejected,49,path_interrupted_by_stop_command,combat,later_scfu_same_generation,95,96056,2,1044525,Bureaucrat Worker,SimpleChar:7988C997,1,63a22d635b22b521,3518.17993,5.110001,861.458862,3512.49365,5.610001,862.326355,5.752071,2
m09148,2026-07-22T09:05:03.113298Z,35373,chase,Ambiguous,84,post_combat_direction_not_leash,combat,later_scfu_same_generation,95,96056,2,1044525,Bureaucrat Worker,SimpleChar:7988C997,1,edfd32968515d273,3515.17505,5.110001,861.96814,3513.17041,5.610001,863.578125,2.571115,2
m09186,2026-07-22T09:05:25.822203Z,35569,chase,Ambiguous,84,post_combat_direction_not_leash,combat,later_scfu_same_generation,95,96056,2,1044525,Bureaucrat Worker,SimpleChar:7988C997,1,74ac057279c688e4,3513.90234,5.110001,862.990479,3513.75415,5.610001,860.905457,2.090282,2
m09190,2026-07-22T09:05:26.258436Z,35587,chase,Ambiguous,84,post_combat_direction_not_leash,combat,later_scfu_same_generation,95,96056,2,1044525,Bureaucrat Worker,SimpleChar:7988C997,1,5d33065a09bb050f,3513.81885,5.110001,861.818848,3513.36011,5.610001,857.479187,4.36384,2
m09369,2026-07-22T09:07:24.799252Z,39149,chase,Rejected,49,path_interrupted_by_stop_command,combat,later_scfu_same_generation,95,96056,2,1044525,Bureaucrat Worker,SimpleChar:7988C997,1,61e8474793de9345,3565.22437,8.118011,890.417236,3561.53809,9.209461,887.047058,4.994673,2
m09372,2026-07-22T09:07:26.226014Z,39287,chase,Rejected,49,path_interrupted_by_stop_command,combat,later_scfu_same_generation,95,96056,2,1044525,Bureaucrat Worker,SimpleChar:7988C997,1,a0217b45fbcb85d9,3562.25635,8.29556,887.704285,3557.18701,7.946037,881.882568,7.719495,2
m09375,2026-07-22T09:07:26.439623Z,39302,chase,Rejected,49,path_interrupted_by_stop_command,combat,later_scfu_same_generation,95,96056,2,1044525,Bureaucrat Worker,SimpleChar:7988C997,1,f4fc1d8ead23bb14,3562.08862,8.262894,887.511536,3555.07959,5.610001,878.205444,11.650315,2
m09382,2026-07-22T09:07:27.481690Z,39445,chase,Rejected,49,path_interrupted_by_stop_command,combat,later_scfu_same_generation,95,96056,2,1044525,Bureaucrat Worker,SimpleChar:7988C997,1,5ea2f11355a20218,3559.70386,7.659378,884.38855,3553.65527,5.908188,881.245728,6.816361,2
m09390,2026-07-22T09:07:30.107606Z,39612,chase,Ambiguous,84,post_combat_direction_not_leash,combat,later_scfu_same_generation,95,96056,2,1044525,Bureaucrat Worker,SimpleChar:7988C997,1,f5de57f63d33f99c,3554.42212,6.293068,881.54126,3550.83252,5.610001,879.577576,4.091611,2
m09395,2026-07-22T09:07:31.216738Z,39637,chase,Ambiguous,84,post_combat_direction_not_leash,combat,later_scfu_same_generation,95,96056,2,1044525,Bureaucrat Worker,SimpleChar:7988C997,1,817dc43a3e506291,3551.59961,5.056378,879.997131,3547.68213,5.581216,878.279785,4.277374,2
m09401,2026-07-22T09:07:32.499042Z,39657,chase,Ambiguous,84,post_combat_direction_not_leash,combat,later_scfu_same_generation,95,96056,2,1044525,Bureaucrat Worker,SimpleChar:7988C997,1,90681db58f2c65ca,3548.5061,4.795773,878.640991,3547.57593,5.610001,874.527588,4.217262,2
m09405,2026-07-22T09:07:33.706170Z,39724,chase,Ambiguous,84,post_combat_direction_not_leash,combat,later_scfu_same_generation,95,96056,2,1044525,Bureaucrat Worker,SimpleChar:7988C997,1,8e55e3e9da57b208,3547.75293,5.110001,875.308655,3542.46484,5.686095,878.458374,6.155049,2
m09418,2026-07-22T09:07:38.881047Z,40009,chase,Ambiguous,84,post_combat_direction_not_leash,combat,later_scfu_same_generation,95,96056,2,1044525,Bureaucrat Worker,SimpleChar:7988C997,1,51dc10faed5cca26,3543.29053,5.259625,877.966736,3541.12646,5.610001,874.473206,4.109495,2
m09431,2026-07-22T09:07:41.909590Z,40157,chase,Rejected,49,explicit_setpos_teleport,combat;player,complete_capture_stable_identity,1019,297023,1,1044525,Cleaning Robot,SimpleChar:7988CA7A,2,9d6d3e54c276a811,3555.28247,5.110001,862.561768,3549.95117,5.610001,864.386108,5.6348,2
m09439,2026-07-22T09:07:46.176074Z,40431,chase,Promotable,100,complete_decoded_path;exact_identity_metadata;captured_chase_observation;combat_influence_preserved_for_behavior,combat,later_scfu_same_generation,95,96056,2,1044525,Bureaucrat Worker,SimpleChar:7988C997,1,11a60ddd98423725,3553.33276,5.110001,865.393921,3552.76001,5.610001,868.235107,2.898341,2
m09442,2026-07-22T09:07:46.647350Z,40451,chase,Promotable,100,complete_decoded_path;exact_identity_metadata;captured_chase_observation;combat_influence_preserved_for_behavior,combat,later_scfu_same_generation,95,96056,2,1044525,Bureaucrat Worker,SimpleChar:7988C997,1,eedd8e6b8608d409,3553.18677,5.110001,866.273071,3551.98096,5.610001,869.859375,3.78359,2
m09457,2026-07-22T09:07:52.776879Z,40776,chase,Ambiguous,84,post_combat_direction_not_leash,combat,later_scfu_same_generation,95,96056,2,1044525,Bureaucrat Worker,SimpleChar:7988C997,1,5982c23f16f9a990,3554.68774,5.110001,870.695496,3556.40723,5.852441,875.828247,5.413112,2
m09460,2026-07-22T09:07:54.310682Z,40954,chase,Ambiguous,84,post_combat_direction_not_leash,combat,later_scfu_same_generation,95,96056,2,1044525,Bureaucrat Worker,SimpleChar:7988C997,1,81bb61e29ac80fea,3556.10156,5.110001,874.91626,3557.89819,8.032692,882.315186,7.613934,2
m09477,2026-07-22T09:08:01.441380Z,41510,chase,Ambiguous,84,post_combat_direction_not_leash,combat,later_scfu_same_generation,95,96056,2,1044525,Bureaucrat Worker,SimpleChar:7988C997,1,a584d67c2d58058b,3561.64209,7.713522,885.457031,3560.27612,9.210001,889.039795,3.834328,2
m09480,2026-07-22T09:08:02.552518Z,41536,chase,Ambiguous,84,post_combat_direction_not_leash,combat,later_scfu_same_generation,95,96056,2,1044525,Bureaucrat Worker,SimpleChar:7988C997,1,d46c8a7dca9713ae,3560.60205,8.660672,888.216614,3562.58618,8.930834,893.570679,5.709885,2
m09485,2026-07-22T09:08:03.665582Z,41647,chase,Ambiguous,84,post_combat_direction_not_leash,combat,later_scfu_same_generation,95,96056,2,1044525,Bureaucrat Worker,SimpleChar:7988C997,1,6e89fe810ed6a569,3562.2627,8.609476,892.698425,3565.55566,9.210001,900.514404,8.481339,2
m09490,2026-07-22T09:08:05.794773Z,41792,chase,Promotable,100,complete_decoded_path;exact_identity_metadata;captured_chase_observation;combat_influence_preserved_for_behavior,combat,later_scfu_same_generation,95,96056,2,1044525,Bureaucrat Worker,SimpleChar:7988C997,1,27169bafc0aea24d,3565.20776,8.578961,899.687866,3557.01782,8.610001,907.365112,11.22565,2
m09492,2026-07-22T09:08:06.183477Z,41803,chase,Promotable,100,complete_decoded_path;exact_identity_metadata;captured_chase_observation;combat_influence_preserved_for_behavior,combat,later_scfu_same_generation,95,96056,2,1044525,Bureaucrat Worker,SimpleChar:7988C997,1,795f9a80ace29343,3564.50146,8.70784,900.416077,3558.62305,8.610001,906.847412,8.713081,2
m09498,2026-07-22T09:08:08.549676Z,41880,chase,Ambiguous,84,post_combat_direction_not_leash,combat,later_scfu_same_generation,95,96056,2,1044525,Bureaucrat Worker,SimpleChar:7988C997,1,4e19d609656226bd,3558.06543,8.1,902.965149,3559.03247,8.610001,906.557983,3.720702,2
m09504,2026-07-22T09:08:10.789946Z,41951,chase,Rejected,49,path_interrupted_by_stop_command;post_combat_direction_not_leash,combat,later_scfu_same_generation,95,96056,2,1044525,Bureaucrat Worker,SimpleChar:7988C997,1,788aeded2a16396c,3558.79053,8.110001,905.659363,3559.32007,8.610001,909.002747,3.38506,2
m09509,2026-07-22T09:08:11.539834Z,41985,chase,Rejected,49,path_interrupted_by_stop_command,combat,later_scfu_same_generation,95,96056,2,1044525,Bureaucrat Worker,SimpleChar:7988C997,1,a71cf0a8f48ed534,3559.16772,8.110001,908.039856,3558.30444,8.643674,912.786194,4.824207,2
m09511,2026-07-22T09:08:12.745010Z,42099,chase,Rejected,49,path_interrupted_by_stop_command;combat_direction_ambiguous,combat,later_scfu_same_generation,95,96056,2,1044525,Bureaucrat Worker,SimpleChar:7988C997,1,b0bca68734264e28,3558.45044,8.110967,911.984619,3559.79712,8.663175,913.795654,2.256855,2
m09513,2026-07-22T09:08:13.137210Z,42235,chase,Rejected,49,path_interrupted_by_stop_command,combat,later_scfu_same_generation,95,96056,2,1044525,Bureaucrat Worker,SimpleChar:7988C997,1,a947cc0357519b03,3558.59619,8.125666,912.180603,3556.73169,8.815578,913.669739,2.386187,2
m09524,2026-07-22T09:08:17.075469Z,42347,chase,Promotable,100,complete_decoded_path;exact_identity_metadata;captured_chase_observation;combat_influence_preserved_for_behavior;player_influence_preserved_for_behavior,combat;player,complete_capture_stable_identity,25,17657,2,1044525,Garbage Flea,SimpleChar:7988C914,21,8fbed7a178d4bdf8,3562.68457,8.496161,914.546143,3560.96191,8.697512,915.723816,2.086737,2
m09525,2026-07-22T09:08:17.852389Z,42380,chase,Promotable,100,complete_decoded_path;exact_identity_metadata;captured_chase_observation;combat_influence_preserved_for_behavior;player_influence_preserved_for_behavior,combat;player,complete_capture_stable_identity,25,17657,2,1044525,Garbage Flea,SimpleChar:7988C914,21,d4f9d1f923b74ac9,3561.71997,8.374002,915.205444,3558.93481,8.820572,915.664001,2.822657,2
m09526,2026-07-22T09:08:18.221570Z,42406,chase,Promotable,100,complete_decoded_path;exact_identity_metadata;captured_chase_observation;combat_influence_preserved_for_behavior,combat,later_scfu_same_generation,95,96056,2,1044525,Bureaucrat Worker,SimpleChar:7988C997,1,3e70209fb9832d67,3557.45776,8.197561,913.139221,3561.44678,8.739749,913.663696,4.023351,2
m09545,2026-07-22T09:08:35.940659Z,42772,chase,Ambiguous,84,post_combat_direction_not_leash,combat,later_scfu_same_generation,95,96056,2,1044525,Bureaucrat Worker,SimpleChar:7988C997,1,5575d98ce110be65,3558.44019,8.213203,913.347778,3561.27808,8.694014,915.819092,3.763112,2
m09548,2026-07-22T09:08:36.996227Z,42935,chase,Ambiguous,84,post_combat_direction_not_leash,combat,later_scfu_same_generation,95,96056,2,1044525,Bureaucrat Worker,SimpleChar:7988C997,1,ad5deb9976e5625b,3560.6228,8.209427,915.248352,3559.42798,8.976303,919.84552,4.7499,2
m09550,2026-07-22T09:08:39.174337Z,43008,chase,Rejected,49,path_interrupted_by_stop_command,combat,later_scfu_same_generation,95,96056,2,1044525,Bureaucrat Worker,SimpleChar:7988C997,1,808f1738d0d27710,3559.65747,8.362109,918.962341,3560.05786,8.431994,921.47052,2.539936,2
m09555,2026-07-22T09:08:39.918206Z,43082,chase,Rejected,49,path_interrupted_by_stop_command,combat,later_scfu_same_generation,95,96056,2,1044525,Bureaucrat Worker,SimpleChar:7988C997,1,e169d0ce33415818,3559.90625,8.345145,920.521667,3558.07031,8.634939,923.795349,3.753354,2
m09558,2026-07-22T09:08:40.528020Z,43097,chase,Rejected,49,path_interrupted_by_stop_command,combat,later_scfu_same_generation,95,96056,2,1044525,Bureaucrat Worker,SimpleChar:7988C997,1,fc0db5e10041d225,3559.39551,8.246973,921.431519,3559.40576,8.948023,924.932739,3.501235,2
m09563,2026-07-22T09:08:44.893062Z,43233,chase,Rejected,49,path_interrupted_by_stop_command,combat,later_scfu_same_generation,95,96056,2,1044525,Bureaucrat Worker,SimpleChar:7988C997,1,69cb5a25b28784ab,3559.31421,7.885518,924.069336,3556.40894,8.966461,924.560547,2.946503,2
m09566,2026-07-22T09:08:45.806175Z,43263,chase,Rejected,49,path_interrupted_by_stop_command,combat,later_scfu_same_generation,95,96056,2,1044525,Bureaucrat Worker,SimpleChar:7988C997,1,08bf59d30f602662,3557.37891,8.104274,924.396484,3554.65112,9.210001,927.152954,3.87801,2
m09567,2026-07-22T09:08:46.205884Z,43268,chase,Rejected,49,path_interrupted_by_stop_command,combat,later_scfu_same_generation,95,96056,2,1044525,Bureaucrat Worker,SimpleChar:7988C997,1,804b59cf8de9cdc5,3557.20435,8.15612,924.568726,3550.38208,9.512679,928.06781,7.667265,2
m09583,2026-07-22T09:08:54.920394Z,43619,chase,Rejected,49,path_interrupted_by_stop_command;post_combat_direction_not_leash,combat,later_scfu_same_generation,95,96056,2,1044525,Bureaucrat Worker,SimpleChar:7988C997,1,194c7e382921858c,3552.74487,8.516642,926.963013,3551.94678,9.753572,929.303772,2.473075,2
m09586,2026-07-22T09:08:55.630865Z,43653,chase,Rejected,49,path_interrupted_by_stop_command,combat,later_scfu_same_generation,95,96056,2,1044525,Bureaucrat Worker,SimpleChar:7988C997,1,4e85ca9868c6e728,3552.25732,8.724365,928.392273,3548.53784,10.469752,930.984131,4.53346,2
m09592,2026-07-22T09:08:56.932056Z,43694,chase,Rejected,49,path_interrupted_by_stop_command,combat,later_scfu_same_generation,95,96056,2,1044525,Bureaucrat Worker,SimpleChar:7988C997,1,209b87ed8e943bb8,3549.22925,9.428987,930.448853,3542.72876,10.578289,935.803162,8.421698,2
m09593,2026-07-22T09:08:57.212240Z,43701,chase,Rejected,49,path_interrupted_by_stop_command,combat,later_scfu_same_generation,95,96056,2,1044525,Bureaucrat Worker,SimpleChar:7988C997,1,96019b03c4f5498c,3549.04272,9.472653,930.6026,3538.70825,9.576294,940.226196,14.121433,2
m09594,2026-07-22T09:08:57.573968Z,43718,chase,Rejected,49,explicit_setpos_teleport,combat;player,complete_capture_stable_identity,1019,17714,2,1044525,Waste Collector,SimpleChar:7988C8EC,5,dfdc88404c3296c0,3538.8811,9.076294,942.017883,3540.70166,10.418167,938.562073,3.906029,2
m09600,2026-07-22T09:08:59.636113Z,43807,chase,Rejected,49,path_interrupted_by_stop_command,combat,later_scfu_same_generation,95,96056,2,1044525,Bureaucrat Worker,SimpleChar:7988C997,1,213d8a5014916fa7,3543.31665,10.15983,935.991455,3542.36841,10.25383,937.952881,2.178612,2
m09604,2026-07-22T09:09:00.945741Z,43902,chase,Promotable,100,complete_decoded_path;exact_identity_metadata;captured_chase_observation;combat_influence_preserved_for_behavior,combat,later_scfu_same_generation,95,96056,2,1044525,Bureaucrat Worker,SimpleChar:7988C997,1,02769c83744abfb5,3542.77759,10.038307,937.106873,3544.00781,9.893071,943.819946,6.824866,2
m09605,2026-07-22T09:09:01.095315Z,43910,chase,Rejected,49,explicit_setpos_teleport;path_interrupted_by_stop_command,combat;player,complete_capture_stable_identity,25,17657,2,1044525,Garbage Flea,SimpleChar:7988C907,5,a7adb32403d487a0,3544.07739,9.42338,945.394287,3541.58032,10.212801,940.190063,5.772288,2
m09607,2026-07-22T09:09:01.375464Z,43922,chase,Promotable,100,complete_decoded_path;exact_identity_metadata;captured_chase_observation;combat_influence_preserved_for_behavior,combat,later_scfu_same_generation,95,96056,2,1044525,Bureaucrat Worker,SimpleChar:7988C997,1,cab672248df5f1d9,3542.95386,9.976298,938.109924,3542.17456,9.899117,945.080383,7.013887,2
m09622,2026-07-22T09:09:10.362596Z,44219,chase,Rejected,49,path_interrupted_by_stop_command,combat,later_scfu_same_generation,95,96056,2,1044525,Bureaucrat Worker,SimpleChar:7988C997,1,58c38ba80ea7b8f7,3541.60278,9.574249,941.059753,3541.70117,9.430753,943.471985,2.414238,2
m09625,2026-07-22T09:09:11.133540Z,44279,chase,Rejected,49,path_interrupted_by_stop_command,combat,later_scfu_same_generation,95,96056,2,1044525,Bureaucrat Worker,SimpleChar:7988C997,1,b8737e26466a6831,3541.66235,9.298231,942.520569,3540.604,9.482027,945.31842,2.991333,2
m09628,2026-07-22T09:09:11.423688Z,44290,chase,Rejected,49,path_interrupted_by_stop_command,combat,later_scfu_same_generation,95,96056,2,1044525,Bureaucrat Worker,SimpleChar:7988C997,1,9121429852393530,3541.57153,9.230624,942.760498,3528.54395,10.050015,952.408081,16.210913,2
m09631,2026-07-22T09:09:12.106047Z,44315,chase,Rejected,49,explicit_setpos_teleport,combat;player,complete_capture_stable_identity,1019,17714,2,1044525,Waste Collector,SimpleChar:7987C6DD,5,927791860c24b673,3527.16016,9.550015,951.257019,3539.79346,9.482027,946.467957,13.510566,2
m09635,2026-07-22T09:09:13.944727Z,44479,chase,Ambiguous,84,post_combat_direction_not_leash,combat,later_scfu_same_generation,95,96056,2,1044525,Bureaucrat Worker,SimpleChar:7988C997,1,39db7b91feeedfcd,3537.20508,8.557154,945.933777,3535.26465,9.666263,950.307373,4.784727,2
m09639,2026-07-22T09:09:15.198897Z,44581,chase,Ambiguous,84,post_combat_direction_not_leash,combat,later_scfu_same_generation,95,96056,2,1044525,Bureaucrat Worker,SimpleChar:7988C997,1,186ac966e03e2838,3535.62549,8.800638,949.494019,3530.46704,10.110001,951.453064,5.517922,2
m09644,2026-07-22T09:09:16.599558Z,44634,chase,Rejected,49,explicit_setpos_teleport;combat_target_position_unavailable,combat;player,complete_capture_stable_identity,1019,17649,4,1044525,IIV-X Advanced Docker,SimpleChar:79882880,8,9606cd27cfcb852f,3518.4834,5.305,903.513489,3515.63721,5.150054,897.1604,6.961504,2
m09646,2026-07-22T09:09:17.725434Z,44686,chase,Rejected,49,path_interrupted_by_stop_command;post_combat_direction_not_leash,combat,later_scfu_same_generation,95,96056,2,1044525,Bureaucrat Worker,SimpleChar:7988C997,1,067808d870014f72,3531.24438,9.433784,951.161743,3529.52075,10.094785,949.081543,2.701506,2
m09649,2026-07-22T09:09:18.207634Z,44709,chase,Rejected,49,explicit_setpos_teleport;combat_target_position_unavailable,combat;player,complete_capture_stable_identity,1019,17649,4,1044525,IIV-X Advanced Docker,SimpleChar:79882880,8,a8d5919135a1a277,3516.00659,5.305,897.997681,3516.04443,5.805,901.25,3.252539,2
m09651,2026-07-22T09:09:18.567814Z,44727,chase,Rejected,49,path_interrupted_by_stop_command,combat,later_scfu_same_generation,95,96056,2,1044525,Bureaucrat Worker,SimpleChar:7988C997,1,cf32a093a82d8ca4,3530.05249,9.610001,949.723267,3525.83032,9.731947,947.606873,4.722906,2
m09655,2026-07-22T09:09:19.331722Z,44754,chase,Rejected,49,explicit_setpos_teleport,combat;player,complete_capture_stable_identity,1019,17714,2,1044525,Waste Collector,SimpleChar:7988C810,6,0e8f9a09cec1e8ff,3519.71021,9.081576,940.976196,3523.67041,9.517599,942.713928,4.324685,2
m09659,2026-07-22T09:09:19.602925Z,44777,chase,Rejected,49,path_interrupted_by_stop_command,combat,later_scfu_same_generation,95,96056,2,1044525,Bureaucrat Worker,SimpleChar:7988C997,1,62407687860eba0b,3526.62769,9.51008,948.006653,3523.92993,9.476108,943.99884,4.831198,2
m09661,2026-07-22T09:09:20.153198Z,44785,chase,Rejected,49,path_interrupted_by_stop_command,combat,later_scfu_same_generation,95,96056,2,1044525,Bureaucrat Worker,SimpleChar:7988C997,1,3a6d1245097ecc5f,3526.48511,9.483996,947.7948,3520.14575,9.29357,943.183228,7.839265,2
m09672,2026-07-22T09:09:27.529084Z,45074,chase,Rejected,49,path_interrupted_by_stop_command,combat,later_scfu_same_generation,95,96056,2,1044525,Bureaucrat Worker,SimpleChar:7988C997,1,5263ff49c28d8092,3520.96021,8.97164,943.716003,3517.81079,9.965164,941.92334,3.623877,2
m09673,2026-07-22T09:09:27.959292Z,45091,chase,Rejected,49,path_interrupted_by_stop_command,combat,later_scfu_same_generation,95,96056,2,1044525,Bureaucrat Worker,SimpleChar:7988C997,1,efe495d69dc0fa6f,3520.69019,8.948596,943.562378,3507.27271,11.460833,942.814575,13.438303,2
m09677,2026-07-22T09:09:29.181425Z,45114,chase,Promotable,100,complete_decoded_path;exact_identity_metadata;captured_chase_observation;combat_influence_preserved_for_behavior;player_influence_preserved_for_behavior,combat;player,complete_capture_stable_identity,1019,17714,4,1044525,Supreme Collector of Waste,SimpleChar:79882C8F,6,e18fb52697f1261b,3505.75781,10.960833,943.786743,3515.82715,10.343327,943.089539,10.093448,2
m09682,2026-07-22T09:09:31.383661Z,45174,chase,Promotable,100,complete_decoded_path;exact_identity_metadata;captured_chase_observation;combat_influence_preserved_for_behavior;player_influence_preserved_for_behavior,combat;player,complete_capture_stable_identity,1019,17714,4,1044525,Supreme Collector of Waste,SimpleChar:79882C8F,6,dd5d83dfaccf7fc1,3510.93677,11.599831,943.422546,3513.89941,11.099402,942.576111,3.081183,2
m09704,2026-07-22T09:09:48.766059Z,45588,chase,Promotable,100,complete_decoded_path;exact_identity_metadata;captured_chase_observation;combat_influence_preserved_for_behavior,combat,later_scfu_same_generation,95,96056,2,1044525,Bureaucrat Worker,SimpleChar:7988C997,1,de85ca595adb7c1d,3510.03467,11.507372,942.851135,3513.2688,11.099402,942.367126,3.270147,2
m09761,2026-07-22T09:10:34.613663Z,46373,chase,Rejected,49,path_interrupted_by_stop_command,combat,later_scfu_same_generation,95,96056,2,1044525,Bureaucrat Worker,SimpleChar:7988C997,1,236a2def1ca75bc9,3507.64136,9.262265,933.865662,3507.45801,7.978891,929.9151,3.954814,2
m09765,2026-07-22T09:10:35.953445Z,46464,chase,Rejected,49,path_interrupted_by_stop_command,combat,later_scfu_same_generation,95,96056,2,1044525,Bureaucrat Worker,SimpleChar:7988C997,1,6497667269874774,3507.49731,8.114194,930.758118,3509.9126,8.487293,926.674622,4.744319,2
m09767,2026-07-22T09:10:36.194059Z,46472,chase,Rejected,49,path_interrupted_by_stop_command,combat,later_scfu_same_generation,95,96056,2,1044525,Bureaucrat Worker,SimpleChar:7988C997,1,96210d7158aa17d7,3507.62769,7.992456,930.537781,3509.64307,8.255124,924.545044,6.322551,2
m09770,2026-07-22T09:10:36.503725Z,46489,chase,Rejected,49,path_interrupted_by_stop_command,combat,later_scfu_same_generation,95,96056,2,1044525,Bureaucrat Worker,SimpleChar:7988C997,1,ed489e93b783b5dc,3508.00806,7.519275,929.580261,3510.8999,8.255124,925.601257,4.918863,2
m09778,2026-07-22T09:10:39.478769Z,46653,chase,Rejected,49,explicit_setpos_teleport;path_interrupted_by_stop_command,combat;player,complete_capture_stable_identity,25,17657,1,1044525,Garbage Flea,SimpleChar:7987C2DD,8,49d4a6580cd84dbe,3515.13086,8.045932,930.982544,3507.80005,8.336768,924.962708,9.485737,2
m09792,2026-07-22T09:10:47.619623Z,47016,chase,Ambiguous,84,post_combat_direction_not_leash,combat,later_scfu_same_generation,95,96056,2,1044525,Bureaucrat Worker,SimpleChar:7988C997,1,49167f7649ca9b81,3510.32275,7.652209,926.378906,3507.49951,9.416494,924.022766,3.677238,2
m09798,2026-07-22T09:10:48.825681Z,47066,chase,Promotable,100,complete_decoded_path;exact_identity_metadata;captured_chase_observation;combat_influence_preserved_for_behavior,combat,later_scfu_same_generation,95,96056,2,1044525,Bureaucrat Worker,SimpleChar:7988C997,1,46b43e1755406e63,3508.19678,8.400269,924.716553,3504.74414,9.719309,921.951782,4.423198,2
m09800,2026-07-22T09:10:49.836332Z,47155,chase,Promotable,100,complete_decoded_path;exact_identity_metadata;captured_chase_observation;combat_influence_preserved_for_behavior,combat,later_scfu_same_generation,95,96056,2,1044525,Bureaucrat Worker,SimpleChar:7988C997,1,b1e6849b41fb8726,3505.44214,9.134788,922.612305,3500.53564,9.986011,917.744507,6.911527,2
m09804,2026-07-22T09:10:50.270008Z,47174,chase,Promotable,100,complete_decoded_path;exact_identity_metadata;captured_chase_observation;combat_influence_preserved_for_behavior,combat,later_scfu_same_generation,95,96056,2,1044525,Bureaucrat Worker,SimpleChar:7988C997,1,9a3ec37fcc4ce1db,3504.65503,9.335855,921.942078,3500.11743,9.986011,919.075439,5.367256,2
m09851,2026-07-22T09:11:12.978767Z,47764,chase,Promotable,100,complete_decoded_path;exact_identity_metadata;captured_chase_observation;combat_influence_preserved_for_behavior,combat,later_scfu_same_generation,95,96056,2,1044525,Bureaucrat Worker,SimpleChar:7988C997,1,a86dda1fe5506387,3503.06104,5.110001,897.639404,3508.32007,5.610001,892.666626,7.237812,2
m09854,2026-07-22T09:11:13.208359Z,47779,chase,Promotable,100,complete_decoded_path;exact_identity_metadata;captured_chase_observation;combat_influence_preserved_for_behavior,combat,later_scfu_same_generation,95,96056,2,1044525,Bureaucrat Worker,SimpleChar:7988C997,1,f0c4ba2c440ea6d8,3503.7627,5.110001,896.901428,3505.87915,5.610001,892.590393,4.802539,2
m09857,2026-07-22T09:11:13.489473Z,47787,chase,Rejected,49,explicit_setpos_teleport,combat;player,complete_capture_stable_identity,1019,17714,2,1044525,Waste Collector,SimpleChar:7987C7FA,8,208852e8f269354b,3507.14087,5.110001,891.306702,3503.36353,5.610001,892.777771,4.053682,2
m09864,2026-07-22T09:11:17.226787Z,47953,chase,Promotable,100,complete_decoded_path;exact_identity_metadata;captured_chase_observation;combat_influence_preserved_for_behavior,combat,later_scfu_same_generation,95,96056,2,1044525,Bureaucrat Worker,SimpleChar:7988C997,1,22cd0e5a79093165,3505.54565,5.110001,893.402039,3511.06885,5.610001,891.414795,5.869828,2
m09870,2026-07-22T09:11:17.837115Z,48006,chase,Promotable,100,complete_decoded_path;exact_identity_metadata;captured_chase_observation;combat_influence_preserved_for_behavior,combat,later_scfu_same_generation,95,96056,2,1044525,Bureaucrat Worker,SimpleChar:7988C997,1,5f904b36f900cf5e,3506.6499,5.110001,893.099548,3511.20068,5.610001,891.369324,4.868601,2
m09875,2026-07-22T09:11:18.206238Z,48035,chase,Rejected,49,explicit_setpos_teleport,combat;player,complete_capture_stable_identity,1019,17649,3,1044525,32-V Docker,SimpleChar:7988284D,8,2aaa9fc2bbfef944,3511.72046,5.110001,893.092651,3508.12793,5.610001,891.343933,3.995533,2
m09885,2026-07-22T09:11:22.652147Z,48187,chase,Ambiguous,84,post_combat_direction_not_leash,combat,later_scfu_same_generation,95,96056,2,1044525,Bureaucrat Worker,SimpleChar:7988C997,1,46d465f6acaf97fd,3510.29736,5.110001,891.77832,3507.72339,5.610001,893.366394,3.02445,2
m09902,2026-07-22T09:11:29.596472Z,48346,chase,Promotable,100,complete_decoded_path;exact_identity_metadata;captured_chase_observation;combat_influence_preserved_for_behavior;player_influence_preserved_for_behavior,combat;player,complete_capture_stable_identity,25,17657,2,1044525,Garbage Flea,SimpleChar:7988C932,10,6315e5754463d82e,3524.21362,5.110001,888.712952,3518.65234,5.110001,890.214111,5.760322,2
m09924,2026-07-22T09:11:39.901374Z,49151,chase,Ambiguous,84,post_combat_direction_not_leash,combat,later_scfu_same_generation,95,96056,2,1044525,Bureaucrat Worker,SimpleChar:7988C997,1,36b09fafedbad3db,3532.96729,5.789945,889.999939,3533.26245,7.007224,893.55658,3.568867,2
m09927,2026-07-22T09:11:40.831461Z,49175,chase,Ambiguous,84,post_combat_direction_not_leash,combat,later_scfu_same_generation,95,96056,2,1044525,Bureaucrat Worker,SimpleChar:7988C997,1,ba4a3dac58e20490,3533.05493,5.797827,892.592896,3532.57813,6.482914,899.237976,6.662164,2
m09931,2026-07-22T09:11:42.401151Z,49252,chase,Ambiguous,84,post_combat_direction_not_leash,combat,later_scfu_same_generation,95,96056,2,1044525,Bureaucrat Worker,SimpleChar:7988C997,1,1311777c0737c135,3532.64697,5.470682,898.273743,3536.22583,10.590213,904.886536,7.519127,2
m09943,2026-07-22T09:11:49.768669Z,49604,chase,Ambiguous,84,post_combat_direction_not_leash,combat,later_scfu_same_generation,95,96056,2,1044525,Bureaucrat Worker,SimpleChar:7988C997,1,8bbd8ed650b7585a,3546.64429,6.232473,903.859009,3549.42334,8.31282,906.027893,3.52522,2
m09954,2026-07-22T09:11:54.987548Z,49901,chase,Promotable,100,complete_decoded_path;exact_identity_metadata;captured_chase_observation;combat_influence_preserved_for_behavior,combat,later_scfu_same_generation,95,96056,2,1044525,Bureaucrat Worker,SimpleChar:7988C997,1,5c12708ba5b6d5fb,3554.18921,8.110001,905.715637,3554.58862,8.610001,909.793335,4.097212,2
m09957,2026-07-22T09:11:55.980517Z,50000,chase,Promotable,100,complete_decoded_path;exact_identity_metadata;captured_chase_observation;combat_influence_preserved_for_behavior,combat,later_scfu_same_generation,95,96056,2,1044525,Bureaucrat Worker,SimpleChar:7988C997,1,fa72d8ee516b72fc,3554.50049,7.933482,908.894104,3556.10303,8.69898,911.362061,2.942609,2
m09958,2026-07-22T09:11:57.271083Z,50019,chase,Promotable,100,complete_decoded_path;exact_identity_metadata;captured_chase_observation;combat_influence_preserved_for_behavior,combat,later_scfu_same_generation,95,96056,2,1044525,Bureaucrat Worker,SimpleChar:7988C997,1,b6f8bebd7cfcda46,3555.56299,8.050455,910.53064,3554.8147,8.868711,914.140564,3.686664,2
m09977,2026-07-22T09:12:23.054138Z,50427,chase,Ambiguous,84,post_combat_direction_not_leash,combat,later_scfu_same_generation,95,96056,2,1044525,Bureaucrat Worker,SimpleChar:7988C997,1,afb9cdd609015dd9,3558.37549,8.214252,913.361755,3562.71484,9.143396,915.83551,4.99494,2
m09980,2026-07-22T09:12:24.687910Z,50524,chase,Ambiguous,84,post_combat_direction_not_leash,combat,later_scfu_same_generation,95,96056,2,1044525,Bureaucrat Worker,SimpleChar:7988C997,1,7619501f2b4911f5,3561.89087,8.399637,915.366821,3563.84766,8.984451,917.477356,2.878087,2
m09983,2026-07-22T09:12:26.629006Z,50596,chase,Promotable,100,complete_decoded_path;exact_identity_metadata;captured_chase_observation;combat_influence_preserved_for_behavior;player_influence_preserved_for_behavior,combat;player,complete_capture_stable_identity,25,17657,1,1044525,Garbage Flea,SimpleChar:7988CAE6,2,3f9c93efc2798140,3557.4021,8.384837,917.01001,3567.58057,8.631208,912.799316,11.015044,2
m10012,2026-07-22T09:13:09.161238Z,51459,chase,Rejected,49,explicit_setpos_teleport;combat_target_position_unavailable,combat;player,complete_capture_stable_identity,1019,297023,1,1044525,Cleaning Robot,SimpleChar:7988CA51,9,e918d669036dccd3,3622.25244,37.564999,848.182434,3623.37476,38.064999,844.003052,4.327451,2
m10013,2026-07-22T09:13:10.102127Z,51478,chase,Rejected,49,explicit_setpos_teleport;combat_target_position_unavailable,combat;player,complete_capture_stable_identity,1019,297023,1,1044525,Cleaning Robot,SimpleChar:7988CA51,9,b75792475ebd6378,3623.08496,37.564999,844.947266,3620.17725,38.064999,848.929749,4.931019,2
m10026,2026-07-22T09:13:27.541947Z,51800,chase,Ambiguous,84,combat_target_position_unavailable,combat;player,complete_capture_stable_identity,1019,297023,1,1044525,Cleaning Robot,SimpleChar:7988CA63,11,0117f1f25cd7d5ed,3620.33374,31.205,877.537903,3615.61719,30.409613,879.195801,4.999447,2
m10029,2026-07-22T09:13:30.013062Z,51839,chase,Rejected,49,explicit_setpos_teleport;path_interrupted_by_stop_command;combat_target_position_unavailable,combat;player,complete_capture_stable_identity,1019,297023,1,1044525,Cleaning Robot,SimpleChar:7988CA63,11,a365ef29984f6698,3616.7395,30.872883,878.838745,3609.57666,28.225946,878.747559,7.16342,2
m10036,2026-07-22T09:13:39.681808Z,51994,chase,Ambiguous,84,combat_target_position_unavailable,combat;player,later_scfu_same_generation,137,26137,3,1044525,Dockworker,SimpleChar:797DD44C,10,8e51d71330fbc36d,3620.8606,31.205,876.186829,3614.7041,28.525366,877.527283,6.300739,2
m10045,2026-07-22T09:13:50.024454Z,52147,chase,Rejected,49,explicit_setpos_teleport;combat_target_position_unavailable,combat;player,later_scfu_same_generation,137,26137,3,1044525,Dockworker,SimpleChar:797DD44C,10,6e18a77a4f0cb2b0,3618.29907,31.195,878.329346,3620.33252,34.681988,866.985229,11.524926,2
m10046,2026-07-22T09:13:51.365153Z,52159,chase,Rejected,49,explicit_setpos_teleport;path_interrupted_by_stop_command;combat_target_position_unavailable,combat;player,later_scfu_same_generation,137,26137,3,1044525,Dockworker,SimpleChar:797DD44C,10,bc425aec4d5d0fa9,3619.17358,31.260073,873.483093,3620.79565,35.682095,860.345886,13.236968,2
m10048,2026-07-22T09:13:53.095083Z,52186,chase,Rejected,49,path_interrupted_by_stop_command;combat_target_position_unavailable,combat;player,later_scfu_same_generation,137,26137,3,1044525,Dockworker,SimpleChar:797DD44C,10,765dc3488cb1c265,3620.18433,34.197212,866.574646,3620.57666,31.705,876.090271,9.523709,2
m10050,2026-07-22T09:13:55.194920Z,52210,chase,Rejected,49,path_interrupted_by_stop_command;post_combat_direction_not_leash,combat,later_scfu_same_generation,137,26137,3,1044525,Dockworker,SimpleChar:797DD44C,10,0197a290a1ea3733,3620.53906,31.205,875.18158,3621.07935,31.705,875.981445,0.965245,2
m10051,2026-07-22T09:13:55.384497Z,52211,chase,Rejected,49,path_interrupted_by_stop_command;post_combat_direction_not_leash,combat,later_scfu_same_generation,137,26137,3,1044525,Dockworker,SimpleChar:797DD44C,10,c40dd0833c8c0397,3620.53906,31.205,875.18158,3620.74097,31.705,875.911682,0.757507,2
m10052,2026-07-22T09:13:55.635109Z,52219,chase,Ambiguous,84,post_combat_direction_not_leash,combat,later_scfu_same_generation,137,26137,3,1044525,Dockworker,SimpleChar:797DD44C,10,c40dd0833c8c0397,3620.53906,31.205,875.18158,3620.69775,31.705,875.934937,0.769889,2
m10053,2026-07-22T09:13:55.834685Z,52220,chase,Ambiguous,84,post_combat_direction_not_leash,combat,later_scfu_same_generation,137,26137,3,1044525,Dockworker,SimpleChar:797DD44C,10,0197a290a1ea3733,3620.53906,31.205,875.18158,3621.04028,31.705,875.946655,0.914637,2
m10054,2026-07-22T09:13:56.074774Z,52222,chase,Ambiguous,84,post_combat_direction_not_leash,combat,later_scfu_same_generation,137,26137,3,1044525,Dockworker,SimpleChar:797DD44C,10,0197a290a1ea3733,3620.53906,31.205,875.18158,3621.1272,31.705,876.0495,1.048424,2
m10088,2026-07-22T09:14:40.935058Z,52763,chase,Rejected,49,explicit_setpos_teleport;path_interrupted_by_stop_command;combat_target_position_unavailable,combat,complete_capture_stable_identity,25,17657,1,1044525,Garbage Flea,SimpleChar:7988CB23,0,b6b59be7d595bafd,3566.62891,8.273844,913.064026,3558.44434,8.229358,916.035767,8.707378,2
m10127,2026-07-22T09:15:23.956698Z,53342,chase,Ambiguous,84,combat_target_position_unavailable,combat;player,complete_capture_stable_identity,1019,297023,1,1044525,Cleaning Robot,SimpleChar:7988CB1E,1,a90cbd8c19482513,3612.31592,29.259052,875.706787,3621.67065,33.251778,877.428894,9.51192,2
m10168,2026-07-22T09:16:34.084025Z,54476,chase,Rejected,49,explicit_setpos_teleport;combat_target_position_unavailable,combat;player,complete_capture_stable_identity,1019,297023,1,1044525,Cleaning Robot,SimpleChar:7988CB3A,1,d358697092d59961,3597.70776,14.925,914.35553,3594.85767,15.425,912.475464,3.414332,2
m10171,2026-07-22T09:16:35.546236Z,54569,chase,Promotable,100,complete_decoded_path;exact_identity_metadata;captured_chase_observation;combat_influence_preserved_for_behavior,combat,later_scfu_same_generation,95,96056,2,1044525,Bureaucrat Worker,SimpleChar:7988C997,1,ebcbe9d333c86219,3563.18262,8.650405,916.760071,3565.4397,8.781863,919.971008,3.92486,2
m10177,2026-07-22T09:16:41.741193Z,54907,chase,Ambiguous,84,post_combat_direction_not_leash,combat,later_scfu_same_generation,95,96056,2,1044525,Bureaucrat Worker,SimpleChar:7988C997,1,920425bed0085630,3563.75513,8.694638,917.394897,3563.64966,9.082267,920.251587,2.858636,2
m10181,2026-07-22T09:16:42.461165Z,54942,chase,Promotable,100,complete_decoded_path;exact_identity_metadata;captured_chase_observation;combat_influence_preserved_for_behavior,combat,later_scfu_same_generation,95,96056,2,1044525,Bureaucrat Worker,SimpleChar:7988C997,1,76c83170515ed0f5,3563.68579,8.689438,919.27948,3560.87817,8.485301,923.019836,4.676857,2
m10182,2026-07-22T09:16:43.302092Z,54999,chase,Promotable,100,complete_decoded_path;exact_identity_metadata;captured_chase_observation;combat_influence_preserved_for_behavior;player_influence_preserved_for_behavior,combat;player,complete_capture_stable_identity,1019,17714,2,1044525,Waste Collector,SimpleChar:7988CAE5,1,318c0e1983d26724,3558.92212,8.275455,925.671692,3562.71997,9.012558,924.079712,4.118017,2
m10188,2026-07-22T09:16:49.501846Z,55307,chase,Rejected,49,path_interrupted_by_stop_command,combat,later_scfu_same_generation,95,96056,2,1044525,Bureaucrat Worker,SimpleChar:7988C997,1,100361de752b5563,3561.39331,8.382553,922.333008,3558.10693,8.915265,925.693665,4.700458,2
m10191,2026-07-22T09:16:50.561899Z,55362,chase,Rejected,49,path_interrupted_by_stop_command,combat,later_scfu_same_generation,95,96056,2,1044525,Bureaucrat Worker,SimpleChar:7988C997,1,2d83acf0fd7a1d74,3558.77075,8.133204,924.989014,3554.01123,9.210001,926.570679,5.015446,2
m10193,2026-07-22T09:16:50.866566Z,55383,chase,Rejected,49,path_interrupted_by_stop_command,combat,later_scfu_same_generation,95,96056,2,1044525,Bureaucrat Worker,SimpleChar:7988C997,1,da4be83b618b524f,3558.4519,8.180437,925.092651,3552.94946,9.539637,929.973572,7.355286,2
m10196,2026-07-22T09:16:51.587950Z,55418,chase,Rejected,49,path_interrupted_by_stop_command,combat,later_scfu_same_generation,95,96056,2,1044525,Bureaucrat Worker,SimpleChar:7988C997,1,31feef0be46ecc65,3556.90649,8.470179,926.372925,3552.53589,9.210001,927.091614,4.429295,2
m10203,2026-07-22T09:16:54.608053Z,55519,chase,Ambiguous,84,post_combat_direction_not_leash,combat,later_scfu_same_generation,95,96056,2,1044525,Bureaucrat Worker,SimpleChar:7988C997,1,33bb182e98e94912,3553.5144,8.587348,927.154053,3551.82275,9.608763,929.727966,3.08005,2
m10205,2026-07-22T09:16:55.781215Z,55560,chase,Ambiguous,84,post_combat_direction_not_leash,combat,later_scfu_same_generation,95,96056,2,1044525,Bureaucrat Worker,SimpleChar:7988C997,1,5fcd4fedcd8007cc,3552.32227,8.762634,928.967468,3551.02905,10.626743,934.336853,5.522926,2
m10214,2026-07-22T09:16:59.031640Z,55723,chase,Rejected,49,explicit_setpos_teleport,combat,later_scfu_same_generation,95,96056,2,1044525,Bureaucrat Worker,SimpleChar:7988C997,1,710445dd3e31240b,3547.57568,9.125114,939.851318,3541.61816,9.210001,949.334351,11.199105,2
m10216,2026-07-22T09:16:59.630952Z,55744,chase,Rejected,49,explicit_setpos_teleport,combat,later_scfu_same_generation,95,96056,2,1044525,Bureaucrat Worker,SimpleChar:7988C997,1,0d21d7656a01e69e,3546.99609,9.143301,940.687927,3538.99902,9.210001,947.15271,10.283314,2
m10222,2026-07-22T09:17:05.418197Z,55954,chase,Rejected,49,path_interrupted_by_stop_command;post_combat_direction_not_leash,combat,later_scfu_same_generation,95,96056,2,1044525,Bureaucrat Worker,SimpleChar:7988C997,1,65be2dacfa02b94b,3542.06885,9.179291,947.930542,3539.69775,9.210001,947.715942,2.380792,2
m10225,2026-07-22T09:17:06.097558Z,55972,chase,Rejected,49,path_interrupted_by_stop_command,combat,later_scfu_same_generation,95,96056,2,1044525,Bureaucrat Worker,SimpleChar:7988C997,1,6a708973ab6bacde,3540.68604,8.858774,947.80542,3536.21973,9.564255,949.859985,4.916214,2
m10228,2026-07-22T09:17:07.451334Z,56091,chase,Rejected,49,path_interrupted_by_stop_command,combat,later_scfu_same_generation,95,96056,2,1044525,Bureaucrat Worker,SimpleChar:7988C997,1,67153f260a0013c3,3536.9707,8.710001,949.519592,3531.42212,10.064394,951.294067,5.825419,2
m10230,2026-07-22T09:17:07.800497Z,56106,chase,Rejected,49,path_interrupted_by_stop_command,combat,later_scfu_same_generation,95,96056,2,1044525,Bureaucrat Worker,SimpleChar:7988C997,1,2f200eae098d29f2,3536.74487,8.710001,949.595032,3528.25635,10.044907,952.590576,9.00157,2
m10233,2026-07-22T09:17:08.389287Z,56141,chase,Rejected,49,path_interrupted_by_stop_command,combat,later_scfu_same_generation,95,96056,2,1044525,Bureaucrat Worker,SimpleChar:7988C997,1,b913485ab468bbb7,3534.83569,8.978342,950.264526,3531.38647,10.064394,950.575195,3.463183,2
m10236,2026-07-22T09:17:10.424204Z,56252,chase,Ambiguous,84,post_combat_direction_not_leash,combat,later_scfu_same_generation,95,96056,2,1044525,Bureaucrat Worker,SimpleChar:7988C997,1,c5a0be1c855155de,3532.32153,9.371076,950.627502,3529.28174,10.093924,950.789001,3.044077,2
m10240,2026-07-22T09:17:13.968527Z,56381,chase,Ambiguous,84,post_combat_direction_not_leash,combat,later_scfu_same_generation,95,96056,2,1044525,Bureaucrat Worker,SimpleChar:7988C997,1,0ccd67c8f44f8fcd,3530.26123,9.539381,950.736938,3526.96021,9.942843,952.873535,3.932147,2
m10244,2026-07-22T09:17:14.875046Z,56474,chase,Ambiguous,84,post_combat_direction_not_leash,combat,later_scfu_same_generation,95,96056,2,1044525,Bureaucrat Worker,SimpleChar:7988C997,1,6320607eaf6dd1f9,3527.77759,9.596323,952.344482,3522.65112,9.483414,948.502136,6.406584,2
m10249,2026-07-22T09:17:16.482622Z,56622,chase,Ambiguous,84,post_combat_direction_not_leash,combat,later_scfu_same_generation,95,96056,2,1044525,Bureaucrat Worker,SimpleChar:7988C997,1,517e6519f2008cb2,3523.40942,9.22742,949.070435,3516.04224,11.627011,945.422852,8.220718,2
m10255,2026-07-22T09:17:18.313620Z,56706,chase,Rejected,49,explicit_setpos_teleport,combat;player,complete_capture_stable_identity,1019,17714,4,1044525,Supreme Collector of Waste,SimpleChar:7988CB09,1,e52ed0088944e12a,3504.86621,10.933725,943.256592,3507.64185,11.716426,945.379456,3.494385,2
m10256,2026-07-22T09:17:18.701294Z,56709,chase,Rejected,49,path_interrupted_by_stop_command,combat,later_scfu_same_generation,95,96056,2,1044525,Bureaucrat Worker,SimpleChar:7988C997,1,ef31ddb0dc9eca46,3516.95166,10.394498,945.697144,3510.24268,11.716426,945.589355,6.709846,2
m10257,2026-07-22T09:17:19.074483Z,56718,chase,Rejected,49,path_interrupted_by_stop_command,combat,later_scfu_same_generation,95,96056,2,1044525,Bureaucrat Worker,SimpleChar:7988C997,1,a42aeba495f53369,3515.823,10.856198,945.67804,3507.87939,11.431143,943.146484,8.337249,2
m10374,2026-07-22T09:19:01.207222Z,57917,chase,Promotable,100,complete_decoded_path;exact_identity_metadata;captured_chase_observation;combat_influence_preserved_for_behavior,combat,later_scfu_same_generation,95,96056,2,1044525,Bureaucrat Worker,SimpleChar:7988C997,1,09207300bb1e6923,3513.21362,8.078127,932.143799,3511.62402,7.884335,928.494568,3.980416,2
m10379,2026-07-22T09:19:02.704615Z,57979,chase,Promotable,100,complete_decoded_path;exact_identity_metadata;captured_chase_observation;combat_influence_preserved_for_behavior,combat,later_scfu_same_generation,95,96056,2,1044525,Bureaucrat Worker,SimpleChar:7988C997,1,2a77a9f5512424cd,3511.9895,7.222301,929.333862,3507.09473,8.580076,928.959351,4.909076,2
m10387,2026-07-22T09:19:10.241162Z,58263,chase,Promotable,100,complete_decoded_path;exact_identity_metadata;captured_chase_observation;combat_influence_preserved_for_behavior,combat,later_scfu_same_generation,95,96056,2,1044525,Bureaucrat Worker,SimpleChar:7988C997,1,f798e6a4cbac03dc,3511.05908,7.352539,929.292419,3511.70728,8.154133,925.66687,3.683038,2
m10391,2026-07-22T09:19:10.572859Z,58291,chase,Promotable,100,complete_decoded_path;exact_identity_metadata;captured_chase_observation;combat_influence_preserved_for_behavior,combat,later_scfu_same_generation,95,96056,2,1044525,Bureaucrat Worker,SimpleChar:7988C997,1,d98d775b6b1abffc,3511.19312,7.084614,928.437378,3511.41528,8.154133,925.656067,2.79017,2
m10402,2026-07-22T09:19:17.042006Z,58677,chase,Ambiguous,84,post_combat_direction_not_leash,combat,later_scfu_same_generation,95,96056,2,1044525,Bureaucrat Worker,SimpleChar:7988C997,1,4565d5fc0ca0ded3,3511.42041,7.308319,926.588623,3508.18701,8.779602,925.135254,3.545019,2
m10406,2026-07-22T09:19:18.265781Z,58718,chase,Ambiguous,84,post_combat_direction_not_leash,combat,later_scfu_same_generation,95,96056,2,1044525,Bureaucrat Worker,SimpleChar:7988C997,1,9a27c1d733897a07,3509.03223,8.026267,925.547668,3503.65845,9.262424,921.942932,6.470829,2
m10414,2026-07-22T09:19:19.516304Z,58919,chase,Ambiguous,84,post_combat_direction_not_leash,combat,later_scfu_same_generation,95,96056,2,1044525,Bureaucrat Worker,SimpleChar:7988C997,1,b557815fc5b295b5,3504.35889,9.171848,922.48877,3500.22559,9.61849,920.580017,4.552747,2
m10510,2026-07-22T09:20:09.830960Z,59520,chase,Rejected,49,explicit_setpos_teleport;path_interrupted_by_stop_command,combat;player,complete_capture_stable_identity,25,17657,1,1044525,Garbage Flea,SimpleChar:7988CB5D,3,84f155954d931a70,3548.06958,7.520181,925.987488,3541.69067,8.657413,930.089355,7.583918,2
m10565,2026-07-22T09:20:31.332361Z,60339,chase,Rejected,49,path_interrupted_by_stop_command,combat,later_scfu_same_generation,95,96056,2,1044525,Bureaucrat Worker,SimpleChar:7988C997,1,b6340eb02aefd837,3547.17334,5.955142,885.712463,3544.30933,5.716664,879.177856,7.134679,2
m10568,2026-07-22T09:20:32.086729Z,60374,chase,Rejected,49,explicit_setpos_teleport,combat;player,complete_capture_stable_identity,1019,297023,2,1044525,Cleanmeister Intelligence Robot,SimpleChar:7988CAD3,3,3f6dc40a038bc0af,3544.49927,5.110001,864.702942,3542.97583,5.80738,872.250488,7.699761,2
m10571,2026-07-22T09:20:33.114278Z,60482,chase,Rejected,49,path_interrupted_by_stop_command,combat,later_scfu_same_generation,95,96056,2,1044525,Bureaucrat Worker,SimpleChar:7988C997,1,4a035d07d3c98222,3544.69751,5.273294,880.064148,3544.01221,5.812019,871.308655,8.782272,2
m10573,2026-07-22T09:20:33.474315Z,60498,chase,Rejected,49,path_interrupted_by_stop_command,combat,later_scfu_same_generation,95,96056,2,1044525,Bureaucrat Worker,SimpleChar:7988C997,1,a867b94ec8f388ed,3544.6189,5.341844,879.062988,3543.23315,5.813033,870.568481,8.606797,2
m10596,2026-07-22T09:20:55.222453Z,60857,chase,Rejected,49,explicit_setpos_teleport;path_interrupted_by_stop_command;combat_target_position_unavailable,combat;player,complete_capture_stable_identity,1019,297023,1,1044525,Cleaning Robot,SimpleChar:7988CB75,1,da14fbd2712dfe01,3596.52637,25.584999,880.712219,3602.58105,25.529739,880.596802,6.05578,2
m10618,2026-07-22T09:21:16.118422Z,61329,chase,Rejected,49,explicit_setpos_teleport;path_interrupted_by_stop_command,combat;player,complete_capture_stable_identity,25,17657,1,1044525,Garbage Flea,SimpleChar:7988CB08,3,2df9bdbe523a039c,3559.79639,5.110001,865.692078,3556.6748,5.610001,862.833496,4.232708,2
m10827,2026-07-22T09:23:34.971904Z,63930,chase,Rejected,49,explicit_setpos_teleport;path_interrupted_by_stop_command;combat_target_position_unavailable,combat;player,later_scfu_same_generation,25,17657,6,1044525,Garbage Flea,SimpleChar:7988C9C2,3,589983eb6f47540e,3450.19434,0.01,818.397949,3451.69238,0.484349,812.295288,6.283836,2
m10830,2026-07-22T09:23:37.624368Z,63961,chase,Rejected,49,explicit_setpos_teleport;path_interrupted_by_stop_command;combat_target_position_unavailable,combat;player,later_scfu_same_generation,25,17657,6,1044525,Garbage Flea,SimpleChar:7988C9C2,3,b85556e7cb36f66c,3450.625,0.01,816.519348,3451.979,1.4613,818.198059,2.156707,2
m10833,2026-07-22T09:23:38.105099Z,63968,chase,Rejected,49,explicit_setpos_teleport;path_interrupted_by_stop_command;combat_target_position_unavailable,combat;player,later_scfu_same_generation,25,17657,6,1044525,Garbage Flea,SimpleChar:7988C9C2,3,46ae5baf2665ef74,3451.23999,0.01,817.538635,3455.46191,1.267516,821.139404,5.548887,2
m10842,2026-07-22T09:23:43.416463Z,64024,chase,Ambiguous,84,combat_target_position_unavailable,combat;player,later_scfu_same_generation,25,17657,6,1044525,Garbage Flea,SimpleChar:7988C9C2,3,7a348bf26c851ef4,3449.40015,0,819.359924,3450.50171,0.493049,799.619934,19.770702,2
m10850,2026-07-22T09:23:46.911280Z,64072,chase,Rejected,49,explicit_setpos_teleport;path_interrupted_by_stop_command,combat;player,complete_capture_stable_identity,25,17657,6,1044525,Garbage Flea,SimpleChar:7988C9A3,5,95e74a3e9d17cf4d,3451.27197,0.01,856.502991,3450.12769,1.149042,859.120605,2.856795,2
m10853,2026-07-22T09:23:47.871630Z,64087,chase,Rejected,49,explicit_setpos_teleport;path_interrupted_by_stop_command,combat;player,complete_capture_stable_identity,25,17657,6,1044525,Garbage Flea,SimpleChar:7988C9A3,5,6175992a6f243710,3450.47681,0.01,858.32135,3452.86157,1.396409,864.998108,7.089864,2
m10857,2026-07-22T09:23:49.385939Z,64116,chase,Promotable,100,complete_decoded_path;exact_identity_metadata;captured_chase_observation;combat_influence_preserved_for_behavior;player_influence_preserved_for_behavior,combat;player,complete_capture_stable_identity,25,17657,6,1044525,Garbage Flea,SimpleChar:7988C9A3,5,c95b28bdec003fa5,3452.38306,0.01,864.149414,3450.95508,0.01,872.227905,8.203727,2
m10862,2026-07-22T09:23:51.176359Z,64145,chase,Promotable,100,complete_decoded_path;exact_identity_metadata;captured_chase_observation;combat_influence_preserved_for_behavior;player_influence_preserved_for_behavior,combat;player,complete_capture_stable_identity,25,17657,6,1044525,Garbage Flea,SimpleChar:7988C9A3,5,1a10f6c5be0586ab,3451.09497,0.01,871.436218,3451.68091,0.51,881.106812,9.688329,2
m10863,2026-07-22T09:23:51.176859Z,64147,chase,Rejected,49,explicit_setpos_teleport;path_interrupted_by_stop_command,combat;player,complete_capture_stable_identity,25,17657,6,1044525,Garbage Flea,SimpleChar:7988C9A6,14,85fde30ee5037a15,3453.25146,0.01,884.796997,3450.05835,0.636057,889.84906,5.976562,2
m10898,2026-07-22T09:24:14.698781Z,64480,chase,Rejected,49,explicit_setpos_teleport;combat_target_position_unavailable,combat;player,later_scfu_same_generation,25,17657,6,1044525,Garbage Flea,SimpleChar:7988C9C2,3,06946016483d2e47,3450.45337,0.801847,800.528442,3450.07837,2.564993,797.809814,2.744369,2
m10912,2026-07-22T09:24:25.928261Z,64593,chase,Ambiguous,84,post_combat_direction_not_leash,combat,complete_capture_stable_identity,25,17657,6,1044525,Garbage Flea,SimpleChar:7988C9A3,5,cad551460a950fe6,3451.06982,0.01,855.341675,3450.97192,0.51,856.508057,1.170483,2
m10921,2026-07-22T09:24:33.011745Z,64655,chase,Ambiguous,84,post_combat_direction_not_leash,combat,complete_capture_stable_identity,25,17657,6,1044525,Garbage Flea,SimpleChar:7988C9A3,5,d54122ad6507a888,3453.75464,0.01,847.548889,3454.35864,0.892165,841.742859,5.837362,2
m10924,2026-07-22T09:24:36.111907Z,64684,chase,Ambiguous,84,post_combat_direction_not_leash,combat,complete_capture_stable_identity,25,17657,6,1044525,Garbage Flea,SimpleChar:7988C9A3,5,17e6695148aa5b4d,3454.23364,0.01,843.146912,3452.00659,1.284509,864.994385,21.960688,2
m10929,2026-07-22T09:24:38.781684Z,64709,chase,Ambiguous,84,post_combat_direction_not_leash,combat,complete_capture_stable_identity,25,17657,6,1044525,Garbage Flea,SimpleChar:7988C9A6,14,e3763d61ecf71f13,3453.60474,0.01,875.267639,3453.51245,0.636055,879.729492,4.462807,2
m10935,2026-07-22T09:24:41.642007Z,64737,chase,Ambiguous,84,post_combat_direction_not_leash,combat,complete_capture_stable_identity,25,17657,6,1044525,Garbage Flea,SimpleChar:7988C9A6,14,837b1d9cc718aee1,3453.55029,0.01,878.544067,3453.19116,0.636056,886.086365,7.550843,2
m10939,2026-07-22T09:24:45.755027Z,64776,chase,Promotable,100,complete_decoded_path;exact_identity_metadata;captured_chase_observation;combat_influence_preserved_for_behavior,combat,complete_capture_stable_identity,25,17657,6,1044525,Garbage Flea,SimpleChar:7988C9A6,14,040880335ff56233,3453.26221,0.01,884.59314,3450.05835,0.636057,889.84906,6.155438,2
m10941,2026-07-22T09:24:47.707348Z,64789,chase,Promotable,100,complete_decoded_path;exact_identity_metadata;captured_chase_observation;combat_influence_preserved_for_behavior,combat,complete_capture_stable_identity,25,17657,6,1044525,Garbage Flea,SimpleChar:7988C9C2,4,e1a40a79f5f1a297,3451.52124,0.01,810.859802,3453.63281,0.48435,808.106934,3.469439,2
m10946,2026-07-22T09:24:49.491119Z,64826,chase,Ambiguous,84,combat_target_position_unavailable,combat,complete_capture_stable_identity,0,26092,40,1044525,ICC Peacekeeper,SimpleChar:7962A3F9,2,39aa72e66dbcb8a4,3450.55566,0.01,804.42926,3435.73535,5.110001,780.870789,27.832412,2
m10947,2026-07-22T09:24:49.491119Z,64827,chase,Promotable,100,complete_decoded_path;exact_identity_metadata;captured_chase_observation;combat_influence_preserved_for_behavior,combat,complete_capture_stable_identity,25,17657,6,1044525,Garbage Flea,SimpleChar:7988C9A6,14,2d58cf43a5060bea,3450.26685,0.01,888.612,3448.67407,0.636059,894.832581,6.42126,2
m10973,2026-07-22T09:25:07.062790Z,64986,chase,Promotable,100,complete_decoded_path;exact_identity_metadata;captured_chase_observation;combat_influence_preserved_for_behavior,combat,complete_capture_stable_identity,25,17657,6,1044525,Garbage Flea,SimpleChar:7988C9A3,5,17e6695148aa5b4d,3454.24316,0.01,842.958008,3452.00659,1.284509,864.994385,22.149586,2
m10974,2026-07-22T09:25:07.464513Z,64993,chase,Promotable,100,complete_decoded_path;exact_identity_metadata;captured_chase_observation;combat_influence_preserved_for_behavior,combat,complete_capture_stable_identity,25,17657,6,1044525,Garbage Flea,SimpleChar:7988C9A6,14,e3763d61ecf71f13,3453.60254,0.01,875.291931,3453.51245,0.636055,879.729492,4.438475,2
m10977,2026-07-22T09:25:10.562566Z,65018,chase,Promotable,100,complete_decoded_path;exact_identity_metadata;captured_chase_observation;combat_influence_preserved_for_behavior,combat,complete_capture_stable_identity,25,17657,6,1044525,Garbage Flea,SimpleChar:7988C9A6,14,837b1d9cc718aee1,3453.55078,0.01,878.519226,3453.19116,0.636056,886.086365,7.575679,2
m10990,2026-07-22T09:25:21.972892Z,65097,chase,Promotable,100,complete_decoded_path;exact_identity_metadata;captured_chase_observation;combat_influence_preserved_for_behavior,combat,complete_capture_stable_identity,25,17657,6,1044525,Garbage Flea,SimpleChar:7988C9A6,14,ef7ea2f4caa7210d,3448.78491,1.961799,893.502563,3453.75146,1.025606,873.921082,20.20151,2
m10992,2026-07-22T09:25:23.073084Z,65100,chase,Ambiguous,84,combat_direction_ambiguous,combat,complete_capture_stable_identity,25,17657,6,1044525,Garbage Flea,SimpleChar:7988C9A3,5,a68c21551f3798a8,3451.68311,0.01,863.701172,3450.42603,0.892165,862.10498,2.031767,2
m10995,2026-07-22T09:25:23.964876Z,65105,chase,Promotable,100,complete_decoded_path;exact_identity_metadata;captured_chase_observation;combat_influence_preserved_for_behavior,combat,complete_capture_stable_identity,25,17657,6,1044525,Garbage Flea,SimpleChar:7988C9A3,5,ce13699b8ffe6b52,3451.12354,0.01,863.187378,3451.15186,0.892165,857.847046,5.340407,2
m10998,2026-07-22T09:25:26.916492Z,65128,chase,Promotable,100,complete_decoded_path;exact_identity_metadata;captured_chase_observation;combat_influence_preserved_for_behavior,combat,complete_capture_stable_identity,25,17657,6,1044525,Garbage Flea,SimpleChar:7988C9A3,5,d3f4d4bbf96d1974,3451.10547,0.01,859.046692,3451.56519,0.892165,852.259827,6.802417,2
m11006,2026-07-22T09:25:30.651165Z,65151,chase,Promotable,100,complete_decoded_path;exact_identity_metadata;captured_chase_observation;combat_influence_preserved_for_behavior,combat,complete_capture_stable_identity,25,17657,6,1044525,Garbage Flea,SimpleChar:7988C9A3,5,e6495f7bb0673d03,3451.46484,0.01,853.715149,3454.21289,0.892165,846.437866,7.778858,2
m11014,2026-07-22T09:25:35.043750Z,65178,chase,Ambiguous,84,post_combat_direction_not_leash,combat,complete_capture_stable_identity,25,17657,6,1044525,Garbage Flea,SimpleChar:7988C9A3,5,754af15e114e792c,3453.71582,0.01,847.712036,3454.35864,0.892165,841.742859,6.00369,2
m11018,2026-07-22T09:25:36.403423Z,65186,chase,Ambiguous,84,post_combat_direction_not_leash,combat,complete_capture_stable_identity,25,17657,6,1044525,Garbage Flea,SimpleChar:7988C9A6,14,e3763d61ecf71f13,3453.58887,0.01,875.406006,3453.51245,0.636055,879.729492,4.324161,2
m11021,2026-07-22T09:25:38.194455Z,65198,chase,Ambiguous,84,post_combat_direction_not_leash,combat,complete_capture_stable_identity,25,17657,6,1044525,Garbage Flea,SimpleChar:7988C9A3,5,17e6695148aa5b4d,3454.22168,0.01,843.202271,3452.00659,1.284509,864.994385,21.904403,2
m11023,2026-07-22T09:25:39.314376Z,65203,chase,Ambiguous,84,post_combat_direction_not_leash,combat,complete_capture_stable_identity,25,17657,6,1044525,Garbage Flea,SimpleChar:7988C9A6,14,837b1d9cc718aee1,3453.55444,0.01,878.337402,3453.19116,0.636056,886.086365,7.757474,2
m11031,2026-07-22T09:25:43.735332Z,65230,chase,Ambiguous,84,post_combat_direction_not_leash,combat,complete_capture_stable_identity,25,17657,6,1044525,Garbage Flea,SimpleChar:7988C9A6,14,e8878707afd9e40a,3453.24976,0.01,884.852722,3450.05835,0.636057,889.84906,5.928616,2
m11033,2026-07-22T09:25:47.363659Z,65247,chase,Ambiguous,84,post_combat_direction_not_leash,combat,complete_capture_stable_identity,25,17657,6,1044525,Garbage Flea,SimpleChar:7988C9A6,14,36b659882e788fc9,3450.22363,0.01,888.649963,3448.67407,0.636059,894.832581,6.373845,2
m11038,2026-07-22T09:25:50.015153Z,65267,chase,Rejected,49,path_interrupted_by_stop_command,combat,complete_capture_stable_identity,25,17657,6,1044525,Garbage Flea,SimpleChar:7988C9A3,5,453e48f35496962d,3452.64087,0.01,858.730713,3454.3894,0.51,850.009399,8.894868,2
m11039,2026-07-22T09:25:50.704961Z,65272,chase,Promotable,100,complete_decoded_path;exact_identity_metadata;captured_chase_observation;combat_influence_preserved_for_behavior,combat,complete_capture_stable_identity,25,17657,6,1044525,Garbage Flea,SimpleChar:7988C9A6,14,ef7ea2f4caa7210d,3448.78491,1.768106,893.350647,3453.75146,1.025606,873.921082,20.054292,2
m11059,2026-07-22T09:26:05.409730Z,65366,chase,Rejected,49,path_interrupted_by_stop_command,combat,complete_capture_stable_identity,25,17657,6,1044525,Garbage Flea,SimpleChar:7988C9A6,14,36b4d0f4a5be4a7e,3453.57129,0.01,875.570679,3451.62085,0.51,882.82843,7.515262,2
m11089,2026-07-22T09:26:24.995851Z,65477,chase,Ambiguous,84,post_combat_direction_not_leash,combat,later_scfu_same_generation,0,26092,40,1044525,ICC Peacekeeper,SimpleChar:79882D97,9,9850c3486c8e4d67,3456.09058,9.145,901.120117,3455.52148,9.01,911.15448,10.050488,2
m12192,2026-07-22T09:36:25.650585Z,69117,chase,Rejected,49,explicit_setpos_teleport;combat_target_position_unavailable,combat,complete_capture_stable_identity,1019,17714,2,1044525,Waste Collector,SimpleChar:7988CB03,2,a4590c2cab2cc258,3555.90967,8.398684,916.243652,3563.46338,9.023389,915.562805,7.584332,2
m12232,2026-07-22T09:36:44.714534Z,69238,chase,Ambiguous,84,combat_target_position_unavailable,combat,complete_capture_stable_identity,25,17657,2,1044525,Garbage Flea,SimpleChar:7988CBBF,1,56f05c3df4bc360c,3555.50366,8.110001,901.620728,3549.10327,7.158237,898.055847,7.326211,2
m12961,2026-07-22T09:43:23.886994Z,72752,chase,Rejected,49,explicit_setpos_teleport;combat_target_position_unavailable,combat;player,complete_capture_stable_identity,103,26088,5,1044525,Bruiser,SimpleChar:7987636A,11,8016aacc85f74cf0,3525.80762,5.110001,830.028625,3529.40137,5.610001,828.482544,3.912212,2
m12966,2026-07-22T09:43:25.436581Z,72780,chase,Ambiguous,84,combat_target_position_unavailable,combat;player,complete_capture_stable_identity,103,26088,5,1044525,Bruiser,SimpleChar:7987636A,11,8a674206c9a5b67f,3528.53491,5.110001,828.855347,3531.59204,5.610001,826.178223,4.063624,2
m13021,2026-07-22T09:43:48.721798Z,73425,chase,Promotable,100,complete_decoded_path;exact_identity_metadata;captured_chase_observation;combat_influence_preserved_for_behavior;player_influence_preserved_for_behavior,combat;player,complete_capture_stable_identity,25,17657,1,1044525,Garbage Flea,SimpleChar:7988CC09,23,6d44dea0df9fe0b4,3560.47168,5.110001,865.587341,3565.6394,5.499601,862.281555,6.134619,2
m13053,2026-07-22T09:44:05.575784Z,74255,chase,Rejected,49,explicit_setpos_teleport,combat;player,complete_capture_stable_identity,1019,297023,2,1044525,Cleanmeister Intelligence Robot,SimpleChar:7988CBFF,1,69edf772f879680d,3544.78882,5.110001,865.34967,3553.8269,5.610001,864.514832,9.076555,2
m13055,2026-07-22T09:44:07.576125Z,74308,chase,Promotable,100,complete_decoded_path;exact_identity_metadata;captured_chase_observation;combat_influence_preserved_for_behavior,combat,complete_capture_stable_identity,95,96056,2,1044525,Bureaucrat Worker,SimpleChar:7988C997,3,71bfaff716e8efd9,3557.62744,5.110001,865.538757,3553.74731,5.610001,862.949097,4.664949,2
m13178,2026-07-22T09:45:43.752027Z,76039,chase,Rejected,49,path_interrupted_by_stop_command,combat,complete_capture_stable_identity,95,96056,2,1044525,Bureaucrat Worker,SimpleChar:7988C997,3,9aae2ead97d1b2fd,3593.47827,5.110001,868.072754,3587.57495,5.610001,868.386292,5.91164,2
m13180,2026-07-22T09:45:45.268115Z,76124,chase,Rejected,49,path_interrupted_by_stop_command,combat,complete_capture_stable_identity,95,96056,2,1044525,Bureaucrat Worker,SimpleChar:7988C997,3,73cebb21641fe6ff,3588.50146,5.110001,868.337097,3580.99756,5.610001,870.51178,7.812667,2
m13181,2026-07-22T09:45:45.618262Z,76138,chase,Rejected,49,path_interrupted_by_stop_command,combat,complete_capture_stable_identity,95,96056,2,1044525,Bureaucrat Worker,SimpleChar:7988C997,3,9b49871852ec64a4,3588.19165,5.110001,868.42688,3577.28149,5.610001,873.348511,11.968878,2
m13184,2026-07-22T09:45:46.680692Z,76244,chase,Rejected,49,path_interrupted_by_stop_command,combat,complete_capture_stable_identity,95,96056,2,1044525,Bureaucrat Worker,SimpleChar:7988C997,3,a666fb27136f22f8,3584.28564,5.110001,870.147888,3578.76563,5.610001,873.568054,6.493693,2
m13188,2026-07-22T09:45:47.636171Z,76289,chase,Rejected,49,path_interrupted_by_stop_command;post_combat_direction_not_leash,combat,complete_capture_stable_identity,95,96056,2,1044525,Bureaucrat Worker,SimpleChar:7988C997,3,6671902b716b710b,3579.57593,5.110001,873.022461,3581.2146,5.610001,876.329895,3.691119,2
m13192,2026-07-22T09:45:48.527032Z,76440,chase,Rejected,49,path_interrupted_by_stop_command,combat,complete_capture_stable_identity,95,96056,2,1044525,Bureaucrat Worker,SimpleChar:7988C997,3,53192ac9313647bf,3580.82446,5.110001,875.542664,3582.74414,6.356704,878.645386,3.648569,2
m13196,2026-07-22T09:45:49.588970Z,76705,chase,Rejected,49,path_interrupted_by_stop_command,combat,complete_capture_stable_identity,95,96056,2,1044525,Bureaucrat Worker,SimpleChar:7988C997,3,ccb78a4ffb4b3dbd,3582.25049,5.110001,877.847534,3586.56152,5.610001,883.322876,6.968813,2
m13197,2026-07-22T09:45:49.977635Z,76715,chase,Rejected,49,path_interrupted_by_stop_command,combat,complete_capture_stable_identity,95,96056,2,1044525,Bureaucrat Worker,SimpleChar:7988C997,3,cc71423cf320800f,3582.44873,5.110001,878.099365,3586.90552,5.610001,885.417236,8.568209,2
m13201,2026-07-22T09:45:50.898498Z,76746,chase,Rejected,49,path_interrupted_by_stop_command,combat,complete_capture_stable_identity,95,96056,2,1044525,Bureaucrat Worker,SimpleChar:7988C997,3,93848a2b30ec5c16,3584.14063,5.110001,880.807251,3586.79175,5.610001,883.595276,3.847274,2
m13206,2026-07-22T09:45:51.903917Z,76894,chase,Rejected,49,path_interrupted_by_stop_command;post_combat_direction_not_leash,combat,complete_capture_stable_identity,95,96056,2,1044525,Bureaucrat Worker,SimpleChar:7988C997,3,dd3cabbb60951185,3586.07104,5.110001,883.00354,3587.82837,5.610001,884.520691,2.321628,2
m13209,2026-07-22T09:45:52.515685Z,76918,chase,Ambiguous,84,post_combat_direction_not_leash,combat,complete_capture_stable_identity,95,96056,2,1044525,Bureaucrat Worker,SimpleChar:7988C997,3,2ad80e29bfe888bf,3587.16602,5.110001,883.949036,3586.9729,5.110001,887.463684,3.51995,2
m13223,2026-07-22T09:45:59.123828Z,77237,chase,Ambiguous,84,post_combat_direction_not_leash,combat,complete_capture_stable_identity,95,96056,2,1044525,Bureaucrat Worker,SimpleChar:7988C997,3,f9d460f79829fd53,3571.17432,6.152667,890.457947,3565.30249,9.013336,891.808777,6.025208,2
m13227,2026-07-22T09:46:00.543393Z,77316,chase,Rejected,49,path_interrupted_by_stop_command,combat,complete_capture_stable_identity,95,96056,2,1044525,Bureaucrat Worker,SimpleChar:7988C997,3,f479cf990a2f95e8,3566.21509,8.108691,891.486023,3562.27539,9.210001,889.49646,4.41357,2
m13229,2026-07-22T09:46:01.481258Z,77483,chase,Rejected,49,path_interrupted_by_stop_command,combat,complete_capture_stable_identity,95,96056,2,1044525,Bureaucrat Worker,SimpleChar:7988C997,3,66c23832ac5511fc,3563.08447,8.540171,889.895691,3557.18774,8.519053,886.80127,6.659344,2
m13230,2026-07-22T09:46:01.835201Z,77493,chase,Rejected,49,path_interrupted_by_stop_command,combat,complete_capture_stable_identity,95,96056,2,1044525,Bureaucrat Worker,SimpleChar:7988C997,3,a92681f3618a9255,3562.79199,8.561017,889.742188,3552.72778,5.610001,879.304382,14.499521,2
m13236,2026-07-22T09:46:02.724083Z,77588,chase,Rejected,49,path_interrupted_by_stop_command,combat,complete_capture_stable_identity,95,96056,2,1044525,Bureaucrat Worker,SimpleChar:7988C997,3,376412acec108fb4,3560.64795,8.452499,887.423218,3555.84521,5.939764,880.849304,8.141416,2
m13244,2026-07-22T09:46:04.636812Z,77737,chase,Rejected,49,path_interrupted_by_stop_command,combat,complete_capture_stable_identity,95,96056,2,1044525,Bureaucrat Worker,SimpleChar:7988C997,3,d6c2c967eed01dd4,3556.3064,6.541235,881.51532,3554.77197,5.632495,879.610229,2.44619,2
m13248,2026-07-22T09:46:05.408138Z,77759,chase,Rejected,49,path_interrupted_by_stop_command,combat,complete_capture_stable_identity,95,96056,2,1044525,Bureaucrat Worker,SimpleChar:7988C997,3,1d8bfbfab596a1fc,3555.30859,5.761939,880.276306,3550.88086,5.390631,880.677185,4.44584,2
m13260,2026-07-22T09:46:06.485551Z,77880,chase,Rejected,49,path_interrupted_by_stop_command,combat,complete_capture_stable_identity,95,96056,2,1044525,Bureaucrat Worker,SimpleChar:7988C997,3,12582f4e1a86f089,3551.69287,5.236229,880.603699,3545.91919,5.795601,877.398804,6.603539,2
m13263,2026-07-22T09:46:06.789664Z,77930,chase,Rejected,49,path_interrupted_by_stop_command,combat,complete_capture_stable_identity,95,96056,2,1044525,Bureaucrat Worker,SimpleChar:7988C997,3,0e8cd8e434281174,3551.47656,5.110046,880.483521,3539.21655,5.746872,879.219238,12.325026,2
m13269,2026-07-22T09:46:07.678072Z,78028,chase,Rejected,49,path_interrupted_by_stop_command,combat,complete_capture_stable_identity,95,96056,2,1044525,Bureaucrat Worker,SimpleChar:7988C997,3,9a9b6110bae045e2,3547.54077,4.631674,880.051575,3542.29199,5.804715,876.435791,6.373663,2
m13311,2026-07-22T09:46:19.680666Z,78519,chase,Ambiguous,84,post_combat_direction_not_leash,combat,complete_capture_stable_identity,95,96056,2,1044525,Bureaucrat Worker,SimpleChar:7988C997,3,16b52535750c51b2,3542.87231,5.185463,876.977905,3545.14307,6.623466,879.338745,3.275655,2
m13317,2026-07-22T09:46:20.602073Z,78559,chase,Ambiguous,84,post_combat_direction_not_leash,combat,complete_capture_stable_identity,95,96056,2,1044525,Bureaucrat Worker,SimpleChar:7988C997,3,24ab3e248c3c562b,3544.50415,5.312685,878.674194,3545.51831,7.328793,883.803223,5.228332,2
m13323,2026-07-22T09:46:21.954215Z,78657,chase,Ambiguous,84,post_combat_direction_not_leash,combat,complete_capture_stable_identity,95,96056,2,1044525,Bureaucrat Worker,SimpleChar:7988C997,3,54087160ca9cde83,3545.53418,5.810992,882.848083,3546.39355,7.819489,887.080078,4.318368,2
m13332,2026-07-22T09:46:26.353297Z,78951,chase,Ambiguous,84,post_combat_direction_not_leash,combat,complete_capture_stable_identity,95,96056,2,1044525,Bureaucrat Worker,SimpleChar:7988C997,3,2dfbdd0514544744,3546.2356,6.328847,886.146362,3543.40381,8.339407,889.037598,4.047009,2
m13336,2026-07-22T09:46:27.674849Z,79008,chase,Ambiguous,84,post_combat_direction_not_leash,combat,complete_capture_stable_identity,95,96056,2,1044525,Bureaucrat Worker,SimpleChar:7988C997,3,36a824a444e3a4e2,3543.98267,7.467026,888.474548,3541.40723,9.306959,888.361938,2.577901,2
m13344,2026-07-22T09:46:29.513794Z,79115,chase,Ambiguous,84,post_combat_direction_not_leash,combat,complete_capture_stable_identity,95,96056,2,1044525,Bureaucrat Worker,SimpleChar:7988C997,3,7f29a43b8ac746ba,3542.37793,8.035308,888.374268,3541.79272,7.872062,891.127869,2.8151,2
m13350,2026-07-22T09:46:32.327654Z,79238,chase,Ambiguous,84,post_combat_direction_not_leash,combat,complete_capture_stable_identity,95,96056,2,1044525,Bureaucrat Worker,SimpleChar:7988C997,3,3ee89836c1586cab,3541.99463,8.255249,890.177856,3539.58154,9.476073,892.763,3.536378,2
m13356,2026-07-22T09:46:32.991929Z,79281,chase,Ambiguous,84,post_combat_direction_not_leash,combat,complete_capture_stable_identity,95,96056,2,1044525,Bureaucrat Worker,SimpleChar:7988C997,3,01ac6620fc05138c,3540.18823,8.915005,892.175476,3536.84033,8.097003,891.552917,3.405292,2
m13358,2026-07-22T09:46:33.912348Z,79310,chase,Ambiguous,84,post_combat_direction_not_leash,combat,complete_capture_stable_identity,95,96056,2,1044525,Bureaucrat Worker,SimpleChar:7988C997,3,ba9473fef26d8a31,3537.69434,8.478615,891.711731,3534.97363,7.001776,893.647034,3.338811,2
m13359,2026-07-22T09:46:34.111932Z,79313,chase,Promotable,100,complete_decoded_path;exact_identity_metadata;captured_chase_observation;combat_influence_preserved_for_behavior;player_influence_preserved_for_behavior,combat;player,complete_capture_stable_identity,25,17657,1,1044525,Garbage Flea,SimpleChar:7988CB8D,3,748ee260b37d56d7,3530.81323,5.110001,898.605042,3529.69067,5.110001,890.653748,8.030144,2
m13371,2026-07-22T09:46:38.090607Z,79554,chase,Ambiguous,84,post_combat_direction_not_leash,combat,complete_capture_stable_identity,95,96056,2,1044525,Bureaucrat Worker,SimpleChar:7988C997,3,da4e2a944deeb8fb,3535.7124,7.664491,893.154846,3526.93921,5.610001,890.041931,9.309087,2
m13377,2026-07-22T09:46:40.369543Z,79613,chase,Rejected,49,path_interrupted_by_stop_command,combat,complete_capture_stable_identity,95,96056,2,1044525,Bureaucrat Worker,SimpleChar:7988C997,3,dfca81049d3ae4f8,3527.77002,5.110001,890.33667,3523.27515,5.610001,881.852356,9.601429,2
m13379,2026-07-22T09:46:40.710668Z,79634,chase,Rejected,49,path_interrupted_by_stop_command,combat,complete_capture_stable_identity,95,96056,2,1044525,Bureaucrat Worker,SimpleChar:7988C997,3,6ed83984da2fe068,3527.61694,5.110001,890.047791,3523.86279,5.610001,880.848511,9.935814,2
m13384,2026-07-22T09:46:42.221316Z,79674,chase,Rejected,49,path_interrupted_by_stop_command,combat,complete_capture_stable_identity,95,96056,2,1044525,Bureaucrat Worker,SimpleChar:7988C997,3,41ed218163ec0f57,3525.17334,5.110001,883.981384,3522.47949,5.610001,880.930542,4.069947,2
m13392,2026-07-22T09:46:46.996922Z,80085,chase,Ambiguous,84,post_combat_direction_not_leash,combat,complete_capture_stable_identity,95,96056,2,1044525,Bureaucrat Worker,SimpleChar:7988C997,3,c24447f6543d0019,3523.17871,5.110001,881.482727,3520.76025,5.610001,877.83728,4.374727,2
m13394,2026-07-22T09:46:48.091904Z,80237,chase,Ambiguous,84,post_combat_direction_not_leash,combat,complete_capture_stable_identity,95,96056,2,1044525,Bureaucrat Worker,SimpleChar:7988C997,3,d1e650a70e601b55,3521.24658,5.110001,878.570496,3519.28564,6.128984,874.673767,4.362314,2
m13396,2026-07-22T09:46:49.197318Z,80277,chase,Ambiguous,84,post_combat_direction_not_leash,combat,complete_capture_stable_identity,95,96056,2,1044525,Bureaucrat Worker,SimpleChar:7988C997,3,7871561b4c6a5f84,3519.97827,5.110001,875.331055,3515.16309,5.610001,870.135986,7.08341,2
m13402,2026-07-22T09:46:50.778990Z,80333,chase,Ambiguous,84,post_combat_direction_not_leash,combat,complete_capture_stable_identity,95,96056,2,1044525,Bureaucrat Worker,SimpleChar:7988C997,3,238e9f82b6bb7b1f,3515.79736,5.110001,870.820496,3514.15039,5.610001,864.626709,6.409018,2
m13424,2026-07-22T09:47:00.992184Z,80677,chase,Ambiguous,84,post_combat_direction_not_leash,combat,complete_capture_stable_identity,95,96056,2,1044525,Bureaucrat Worker,SimpleChar:7988C997,3,cd5f85ed3c3c1f0b,3514.61084,5.110001,865.405762,3513.12158,5.610001,862.207581,3.527925,2
m13431,2026-07-22T09:47:01.868053Z,80734,chase,Rejected,49,path_interrupted_by_stop_command,combat,complete_capture_stable_identity,95,96056,2,1044525,Bureaucrat Worker,SimpleChar:7988C997,3,9813b0fbf6019d45,3513.51953,5.110001,863.062073,3508.43042,5.610001,861.335632,5.373978,2
m13436,2026-07-22T09:47:03.219612Z,80775,chase,Rejected,49,path_interrupted_by_stop_command,combat,complete_capture_stable_identity,95,96056,2,1044525,Bureaucrat Worker,SimpleChar:7988C997,3,7fa8bce5e1569abc,3509.34644,5.110001,861.646484,3503.33325,5.610001,858.485535,6.793383,2
m13439,2026-07-22T09:47:03.581756Z,80789,chase,Rejected,49,path_interrupted_by_stop_command,combat,complete_capture_stable_identity,95,96056,2,1044525,Bureaucrat Worker,SimpleChar:7988C997,3,a4392687484f0af6,3508.521,5.110001,861.212708,3501.46655,5.610001,854.436157,9.781969,2
m13472,2026-07-22T09:47:16.515265Z,81523,chase,Rejected,49,explicit_setpos_teleport;path_interrupted_by_stop_command;combat_target_position_unavailable,combat;player,complete_capture_stable_identity,25,17657,6,1044525,Garbage Flea,SimpleChar:7988CBCF,2,251de6a788e71b0e,3449.04053,0.01,830.004639,3448.90454,0.51,825.443359,4.563307,2
m13495,2026-07-22T09:47:32.073713Z,81757,chase,Rejected,49,explicit_setpos_teleport;path_interrupted_by_stop_command;combat_target_position_unavailable,combat;player,complete_capture_stable_identity,25,17657,5,1044525,Garbage Flea,SimpleChar:7988CBDB,2,ee0ecc020674efd7,3451.64453,0.01,863.554077,3452.14648,0.51,857.547607,6.027407,2
m13542,2026-07-22T09:47:49.784024Z,82785,chase,Promotable,100,complete_decoded_path;exact_identity_metadata;captured_chase_observation;combat_influence_preserved_for_behavior,combat,complete_capture_stable_identity,95,96056,2,1044525,Bureaucrat Worker,SimpleChar:7988C997,3,ba5653a818aaa52f,3541.20874,6.852246,904.099121,3549.70044,7.90823,907.025757,8.98188,2
m13549,2026-07-22T09:47:52.001512Z,82925,chase,Ambiguous,84,post_combat_direction_not_leash,combat,complete_capture_stable_identity,95,96056,2,1044525,Bureaucrat Worker,SimpleChar:7988C997,3,65fe3ea44d020fa4,3549.0498,7.142141,906.278076,3556.21509,8.610001,908.635559,7.54315,2
m13574,2026-07-22T09:48:07.983488Z,83731,chase,Ambiguous,84,post_combat_direction_not_leash,combat,complete_capture_stable_identity,95,96056,2,1044525,Bureaucrat Worker,SimpleChar:7988C997,3,e924565584c37c65,3568.22607,5.110001,866.506897,3587.16235,5.610001,868.82489,19.077625,2
m13578,2026-07-22T09:48:09.875264Z,83819,chase,Ambiguous,84,post_combat_direction_not_leash,combat,complete_capture_stable_identity,95,96056,2,1044525,Bureaucrat Worker,SimpleChar:7988C997,3,28866841d989f1fc,3578.13306,5.801041,867.547974,3595.11353,5.610001,864.214233,17.304629,2
m13601,2026-07-22T09:48:19.831180Z,84289,chase,Rejected,49,path_interrupted_by_stop_command,combat,complete_capture_stable_identity,95,96056,2,1044525,Bureaucrat Worker,SimpleChar:7988C997,3,e914f97b0e8f3857,3581.3269,5.110001,872.736328,3580.43555,5.610001,870.621155,2.295313,2
m13605,2026-07-22T09:48:20.653042Z,84344,chase,Rejected,49,path_interrupted_by_stop_command,combat,complete_capture_stable_identity,95,96056,2,1044525,Bureaucrat Worker,SimpleChar:7988C997,3,ba130bd120b564eb,3580.79639,5.110001,871.477966,3580.73242,5.610001,867.039673,4.438754,2
m13608,2026-07-22T09:48:20.923152Z,84360,chase,Rejected,49,path_interrupted_by_stop_command,combat,complete_capture_stable_identity,95,96056,2,1044525,Bureaucrat Worker,SimpleChar:7988C997,3,b90f39d2ee2a5798,3580.79175,5.110001,871.162781,3577.62207,5.610001,863.834717,7.984196,2
m13612,2026-07-22T09:48:22.894545Z,84476,chase,Rejected,49,path_interrupted_by_stop_command;post_combat_direction_not_leash,combat,complete_capture_stable_identity,95,96056,2,1044525,Bureaucrat Worker,SimpleChar:7988C997,3,77dd2c6cdcc12e99,3579.26563,5.110001,867.335205,3581.99023,5.610001,868.872253,3.128252,2
m13617,2026-07-22T09:48:23.871470Z,84521,chase,Promotable,100,complete_decoded_path;exact_identity_metadata;captured_chase_observation;combat_influence_preserved_for_behavior,combat,complete_capture_stable_identity,95,96056,2,1044525,Bureaucrat Worker,SimpleChar:7988C997,3,5ac38d20fbfbb0c9,3581.16406,5.110001,868.406189,3586.06982,5.610001,866.420227,5.292497,2
m13621,2026-07-22T09:48:25.657253Z,84617,chase,Promotable,100,complete_decoded_path;exact_identity_metadata;captured_chase_observation;combat_influence_preserved_for_behavior,combat,complete_capture_stable_identity,95,96056,2,1044525,Bureaucrat Worker,SimpleChar:7988C997,3,8242b0bed8dc86fc,3585.2356,5.110001,866.757813,3585.87915,5.610001,863.992249,2.839454,2
m13649,2026-07-22T09:48:37.346924Z,85463,chase,Rejected,49,path_interrupted_by_stop_command,combat,complete_capture_stable_identity,95,96056,2,1044525,Bureaucrat Worker,SimpleChar:7988C997,3,8956aea3451a3dcd,3559.84473,5.110001,869.970642,3557.88965,5.610001,873.289612,3.851999,2
m13650,2026-07-22T09:48:37.988208Z,85485,chase,Rejected,49,path_interrupted_by_stop_command,combat,complete_capture_stable_identity,95,96056,2,1044525,Bureaucrat Worker,SimpleChar:7988C997,3,105d7416845b1432,3559.3396,5.110001,870.828186,3555.39087,5.654523,878.22467,8.384536,2
m13657,2026-07-22T09:48:39.488824Z,85636,chase,Rejected,49,path_interrupted_by_stop_command,combat,complete_capture_stable_identity,95,96056,2,1044525,Bureaucrat Worker,SimpleChar:7988C997,3,2e4d98450de6458b,3556.36377,5.201791,876.410034,3553.51123,5.757959,877.639526,3.106225,2
m13663,2026-07-22T09:48:41.006489Z,85753,chase,Rejected,49,path_interrupted_by_stop_command;post_combat_direction_not_leash,combat,complete_capture_stable_identity,95,96056,2,1044525,Bureaucrat Worker,SimpleChar:7988C997,3,0b06a9985b6eb322,3554.42456,5.129868,877.667847,3554.49658,6.38358,880.771912,3.1049,2
m13668,2026-07-22T09:48:41.776332Z,85778,chase,Rejected,49,path_interrupted_by_stop_command;post_combat_direction_not_leash,combat,complete_capture_stable_identity,95,96056,2,1044525,Bureaucrat Worker,SimpleChar:7988C997,3,d1d34ecf5c149e11,3554.47266,5.470755,879.892334,3549.2478,5.578873,881.447998,5.451537,2
m13673,2026-07-22T09:48:43.251917Z,85842,chase,Rejected,49,path_interrupted_by_stop_command;post_combat_direction_not_leash,combat,complete_capture_stable_identity,95,96056,2,1044525,Bureaucrat Worker,SimpleChar:7988C997,3,a16bfa73afc5773a,3550.07471,5.007471,881.201721,3547.14453,7.745546,888.182129,7.570472,2
m13677,2026-07-22T09:48:44.034751Z,85880,chase,Rejected,49,path_interrupted_by_stop_command;post_combat_direction_not_leash,combat,complete_capture_stable_identity,95,96056,2,1044525,Bureaucrat Worker,SimpleChar:7988C997,3,4aba02b6956e2a33,3549.95679,5.031961,881.48291,3544.87378,7.844455,887.333313,7.75011,2
m13684,2026-07-22T09:48:46.105593Z,85981,chase,Rejected,49,path_interrupted_by_stop_command,combat,complete_capture_stable_identity,95,96056,2,1044525,Bureaucrat Worker,SimpleChar:7988C997,3,ee6f3b92e2ee6769,3545.48828,6.655287,886.568481,3542.07764,8.066387,888.950928,4.160351,2
m13686,2026-07-22T09:48:46.716393Z,85987,chase,Rejected,49,path_interrupted_by_stop_command,combat,complete_capture_stable_identity,95,96056,2,1044525,Bureaucrat Worker,SimpleChar:7988C997,3,38b50474350516d3,3545.30518,6.750823,886.713379,3544.39819,8.404529,890.231812,3.633456,2
m13698,2026-07-22T09:48:53.858791Z,86183,chase,Ambiguous,84,post_combat_direction_not_leash,combat,complete_capture_stable_identity,95,96056,2,1044525,Bureaucrat Worker,SimpleChar:7988C997,3,2f9ec75afcf34fe7,3544.5835,7.326016,889.254822,3542.62988,9.112048,891.892761,3.282583,2
m13704,2026-07-22T09:48:54.782657Z,86222,chase,Ambiguous,84,post_combat_direction_not_leash,combat,complete_capture_stable_identity,95,96056,2,1044525,Bureaucrat Worker,SimpleChar:7988C997,3,ee113f0d8a4e7b31,3543.18188,7.481628,891.179932,3537.74243,9.832006,892.793701,5.673788,2
m13708,2026-07-22T09:48:56.317781Z,86295,chase,Ambiguous,84,post_combat_direction_not_leash,combat,complete_capture_stable_identity,95,96056,2,1044525,Bureaucrat Worker,SimpleChar:7988C997,3,b2f9eeb90eeb86d8,3538.5874,8.6104,892.403442,3530.04443,6.037101,892.031982,8.551042,2
m13715,2026-07-22T09:48:58.110684Z,86390,chase,Ambiguous,84,post_combat_direction_not_leash,combat,complete_capture_stable_identity,95,96056,2,1044525,Bureaucrat Worker,SimpleChar:7988C997,3,39caeb42e7418380,3531.64746,5.110001,891.90741,3525.60693,5.110001,883.994629,9.954904,2
m13722,2026-07-22T09:49:00.080467Z,86523,chase,Ambiguous,84,post_combat_direction_not_leash,combat,complete_capture_stable_identity,95,96056,2,1044525,Bureaucrat Worker,SimpleChar:7988C997,3,531309cbe24e1a5c,3526.073,5.110001,884.836975,3522.33154,5.610001,879.973755,6.135913,2
m13729,2026-07-22T09:49:03.457900Z,86736,chase,Ambiguous,84,post_combat_direction_not_leash,combat,complete_capture_stable_identity,95,96056,2,1044525,Bureaucrat Worker,SimpleChar:7988C997,3,a0bc32111c130dc8,3522.23145,5.110001,873.599426,3519.73242,6.642967,864.806763,9.140901,2
m13736,2026-07-22T09:49:05.626762Z,86845,chase,Ambiguous,84,post_combat_direction_not_leash,combat,complete_capture_stable_identity,95,96056,2,1044525,Bureaucrat Worker,SimpleChar:7988C997,3,42725e94486b62b3,3519.98047,5.110001,865.678711,3518.09375,5.610001,857.448792,8.443416,2
m14107,2026-07-22T09:52:11.355263Z,90016,chase,Promotable,100,complete_decoded_path;exact_identity_metadata;captured_chase_observation;combat_influence_preserved_for_behavior,combat,complete_capture_stable_identity,95,96056,2,1044525,Bureaucrat Worker,SimpleChar:7988C997,3,cc0c1f914f9d0664,3577.67505,5.110001,864.673096,3571.93481,5.610001,864.492798,5.743071,2
m14113,2026-07-22T09:52:12.807481Z,90066,chase,Promotable,100,complete_decoded_path;exact_identity_metadata;captured_chase_observation;combat_influence_preserved_for_behavior,combat,complete_capture_stable_identity,95,96056,2,1044525,Bureaucrat Worker,SimpleChar:7988C997,3,0f14f01f208d6710,3572.84937,5.110001,864.521545,3561.93994,5.610001,863.248047,10.983509,2
m14116,2026-07-22T09:52:13.312200Z,90096,chase,Promotable,100,complete_decoded_path;exact_identity_metadata;captured_chase_observation;combat_influence_preserved_for_behavior,combat,complete_capture_stable_identity,95,96056,2,1044525,Bureaucrat Worker,SimpleChar:7988C997,3,2b43f8239a8de211,3571.82202,5.110001,864.449829,3562.16846,5.610001,866.159241,9.80374,2
m14125,2026-07-22T09:52:16.112903Z,90261,chase,Ambiguous,84,post_combat_direction_not_leash,combat,complete_capture_stable_identity,95,96056,2,1044525,Bureaucrat Worker,SimpleChar:7988C997,3,a2b08f1716331f1d,3563.18384,5.110001,865.949585,3560.78223,5.610001,863.762817,3.248028,2
m14128,2026-07-22T09:52:16.878702Z,90311,chase,Ambiguous,84,post_combat_direction_not_leash,combat,complete_capture_stable_identity,95,96056,2,1044525,Bureaucrat Worker,SimpleChar:7988C997,3,5e4db212470bf930,3561.51587,5.110001,864.430786,3558.53198,5.610001,863.956238,3.02139,2
m14130,2026-07-22T09:52:17.740579Z,90344,chase,Ambiguous,84,post_combat_direction_not_leash,combat,complete_capture_stable_identity,95,96056,2,1044525,Bureaucrat Worker,SimpleChar:7988C997,3,c284d297fcc02655,3559.43188,5.110001,864.099304,3556.49902,5.610001,864.017395,2.934004,2
m14135,2026-07-22T09:52:18.555493Z,90373,chase,Ambiguous,84,post_combat_direction_not_leash,combat,complete_capture_stable_identity,95,96056,2,1044525,Bureaucrat Worker,SimpleChar:7988C997,3,9cbff4b3aad8a4e4,3557.34546,5.110001,864.041077,3555.12988,5.110001,867.961487,4.503155,2
m14147,2026-07-22T09:52:23.462562Z,90550,chase,Rejected,49,path_interrupted_by_stop_command,combat,complete_capture_stable_identity,95,96056,2,1044525,Bureaucrat Worker,SimpleChar:7988C997,3,9130e55325ab6859,3554.4751,5.110001,874.590332,3545.41846,5.786711,879.430481,10.268874,2
m14149,2026-07-22T09:52:23.904319Z,90573,chase,Rejected,49,path_interrupted_by_stop_command,combat,complete_capture_stable_identity,95,96056,2,1044525,Bureaucrat Worker,SimpleChar:7988C997,3,a6d1bf502fae76bc,3553.54346,5.110001,875.088257,3540.80078,5.836218,878.295959,13.140215,2
m14154,2026-07-22T09:52:24.626608Z,90612,chase,Rejected,49,path_interrupted_by_stop_command,combat,complete_capture_stable_identity,95,96056,2,1044525,Bureaucrat Worker,SimpleChar:7988C997,3,be1f4db4048e29b9,3551.51807,5.110001,875.576172,3541.66675,5.892605,876.700806,9.915307,2
m14161,2026-07-22T09:52:26.394348Z,90738,chase,Rejected,49,path_interrupted_by_stop_command;post_combat_direction_not_leash,combat,complete_capture_stable_identity,95,96056,2,1044525,Bureaucrat Worker,SimpleChar:7988C997,3,75c7a6bfaadcd2b8,3542.51782,5.158537,876.618896,3542.60449,7.300659,883.30896,6.690625,2
m14166,2026-07-22T09:52:28.288136Z,90799,chase,Rejected,49,path_interrupted_by_stop_command,combat,complete_capture_stable_identity,95,96056,2,1044525,Bureaucrat Worker,SimpleChar:7988C997,3,3e24185f32de63ae,3542.68188,6.527104,882.412109,3543.55493,7.685048,886.415466,4.097448,2
m14168,2026-07-22T09:52:28.710141Z,90815,chase,Rejected,49,path_interrupted_by_stop_command,combat,complete_capture_stable_identity,95,96056,2,1044525,Bureaucrat Worker,SimpleChar:7988C997,3,a960520e75669704,3542.90601,6.802156,883.235229,3543.37964,7.732248,888.775085,5.560066,2
m14173,2026-07-22T09:52:30.042958Z,90888,chase,Rejected,49,path_interrupted_by_stop_command,combat,complete_capture_stable_identity,95,96056,2,1044525,Bureaucrat Worker,SimpleChar:7988C997,3,12e56c62fd4c8ee9,3543.08813,7.231296,885.173523,3545.29248,7.938507,887.990662,3.57707,2
m14179,2026-07-22T09:52:31.339558Z,90971,chase,Promotable,100,complete_decoded_path;exact_identity_metadata;captured_chase_observation;combat_influence_preserved_for_behavior,combat,complete_capture_stable_identity,95,96056,2,1044525,Bureaucrat Worker,SimpleChar:7988C997,3,9b7107ab2c75bbae,3544.7793,7.102147,887.334717,3543.97388,8.483191,891.612793,4.353233,2
m14182,2026-07-22T09:52:33.423475Z,91043,chase,Ambiguous,84,post_combat_direction_not_leash,combat,complete_capture_stable_identity,95,96056,2,1044525,Bureaucrat Worker,SimpleChar:7988C997,3,12f63ef93333840c,3544.17993,7.277283,889.579712,3540.97559,9.294408,891.105286,3.548968,2
m14189,2026-07-22T09:52:34.359333Z,91104,chase,Ambiguous,84,post_combat_direction_not_leash,combat,complete_capture_stable_identity,95,96056,2,1044525,Bureaucrat Worker,SimpleChar:7988C997,3,0cd5781282537276,3541.88257,8.203238,890.916809,3536.74487,9.091012,892.681946,5.432464,2
m14192,2026-07-22T09:52:35.617082Z,91195,chase,Ambiguous,84,post_combat_direction_not_leash,combat,complete_capture_stable_identity,95,96056,2,1044525,Bureaucrat Worker,SimpleChar:7988C997,3,ca7a03d7bcff305f,3537.64111,8.402992,892.378967,3530.07593,5.610001,892.595581,7.568281,2
m14200,2026-07-22T09:52:37.696144Z,91301,chase,Promotable,100,complete_decoded_path;exact_identity_metadata;captured_chase_observation;combat_influence_preserved_for_behavior,combat,complete_capture_stable_identity,95,96056,2,1044525,Bureaucrat Worker,SimpleChar:7988C997,3,cfa4d69a6759aae0,3530.99048,5.110001,892.607544,3526.49121,5.610001,889.468323,5.486177,2
m14204,2026-07-22T09:52:39.171928Z,91351,chase,Promotable,100,complete_decoded_path;exact_identity_metadata;captured_chase_observation;combat_influence_preserved_for_behavior,combat,complete_capture_stable_identity,95,96056,2,1044525,Bureaucrat Worker,SimpleChar:7988C997,3,4d2c7c37fb833989,3527.2915,5.110001,890.026733,3525.92969,5.610001,881.002625,9.126284,2
m14205,2026-07-22T09:52:39.574070Z,91362,chase,Promotable,100,complete_decoded_path;exact_identity_metadata;captured_chase_observation;combat_influence_preserved_for_behavior,combat,complete_capture_stable_identity,95,96056,2,1044525,Bureaucrat Worker,SimpleChar:7988C997,3,e633752ea5ace564,3527.11914,5.110001,889.121582,3523.20776,5.610001,881.4505,8.610714,2
m14207,2026-07-22T09:52:39.814165Z,91367,chase,Promotable,100,complete_decoded_path;exact_identity_metadata;captured_chase_observation;combat_influence_preserved_for_behavior;player_influence_preserved_for_behavior,combat;player,complete_capture_stable_identity,1019,17649,3,1044525,32-V Docker,SimpleChar:7988CCD1,1,e6abb8add7b2bbc6,3524.38086,5.110001,880.085327,3525.21191,5.610001,887.526978,7.487911,2
m14229,2026-07-22T09:52:54.198067Z,91707,chase,Ambiguous,84,post_combat_direction_not_leash,combat,complete_capture_stable_identity,95,96056,2,1044525,Bureaucrat Worker,SimpleChar:7988C997,3,815c7ba2099373af,3524.71216,5.110001,881.963806,3523.0874,5.610001,876.762756,5.448923,2
m14236,2026-07-22T09:52:57.247457Z,91842,chase,Ambiguous,84,post_combat_direction_not_leash,combat,complete_capture_stable_identity,95,96056,2,1044525,Bureaucrat Worker,SimpleChar:7988C997,3,a8896a25e5d3175e,3524.79468,5.529619,871.840881,3519.14233,5.610001,862.835571,10.632247,2
m14242,2026-07-22T09:52:59.300965Z,91961,chase,Ambiguous,84,post_combat_direction_not_leash,combat,complete_capture_stable_identity,95,96056,2,1044525,Bureaucrat Worker,SimpleChar:7988C997,3,617ea204ede4977e,3519.66626,5.110001,863.670471,3519.00024,5.610001,858.974915,4.742555,2
m14261,2026-07-22T09:53:07.928317Z,92060,chase,Ambiguous,84,post_combat_direction_not_leash,combat,complete_capture_stable_identity,95,96056,2,1044525,Bureaucrat Worker,SimpleChar:7988C997,3,24658cbfc2b97b3d,3519.12915,5.110001,859.88208,3520.09375,5.610001,856.220703,3.786309,2
m14264,2026-07-22T09:53:08.831518Z,92109,chase,Ambiguous,84,post_combat_direction_not_leash,combat,complete_capture_stable_identity,95,96056,2,1044525,Bureaucrat Worker,SimpleChar:7988C997,3,2c011682585caef8,3519.87402,5.110001,857.151306,3515.21631,5.610001,854.517273,5.350924,2
m14269,2026-07-22T09:53:10.124059Z,92127,chase,Ambiguous,84,post_combat_direction_not_leash,combat,complete_capture_stable_identity,95,96056,2,1044525,Bureaucrat Worker,SimpleChar:7988C997,3,64a6c6f88fb6dd58,3516.03174,5.110001,854.978333,3511.49243,5.110001,849.730103,6.938966,2
