ObservationId,CapturedUtc,Sequence,Behavior,Disposition,Confidence,DecisionReasons,Influences,MetadataResolution,NpcFamily,MonsterData,Level,PlayfieldId,Name,RuntimeIdentity,RuntimeGeneration,RouteSignature,CurrentX,CurrentY,CurrentZ,DestinationX,DestinationY,DestinationZ,HorizontalDistance,PathCount
m00164,2026-07-22T08:48:22.820466Z,770,scripted,Ambiguous,84,scripted_family_heuristic_only,,later_scfu_same_generation,103,203740,2,1044525,Protester,SimpleChar:797FD582,1,2d87ce957b8e0fbe,3597.73877,5.110001,794.069031,3591.88379,5.110001,801.318481,9.318547,2
m00223,2026-07-22T08:48:28.006258Z,919,scripted,Ambiguous,84,scripted_family_heuristic_only,,later_scfu_same_generation,103,203740,2,1044525,Protester,SimpleChar:797FD582,1,98243a84bff3066c,3592.80054,5.110001,800.263855,3573.72852,5.110001,801.586853,19.117852,2
m00365,2026-07-22T08:48:39.972047Z,1666,scripted,Ambiguous,84,scripted_family_heuristic_only,,later_scfu_same_generation,103,203740,2,1044525,Protester,SimpleChar:797FD582,1,bca2d79694a35612,3575.01782,5.110001,801.515198,3559.26318,5.110001,801.117615,15.759656,2
m00477,2026-07-22T08:48:49.581498Z,2166,scripted,Ambiguous,84,scripted_family_heuristic_only,,later_scfu_same_generation,103,203740,2,1044525,Protester,SimpleChar:797FD582,1,2037e47c379e942c,3560.58521,5.110001,801.153137,3535.81934,5.110001,799.922363,24.796434,2
m01081,2026-07-22T08:49:14.104810Z,3232,scripted,Ambiguous,84,scripted_family_heuristic_only,,later_scfu_same_generation,103,203740,2,1044525,Protester,SimpleChar:7985C910,1,467c6002ef0ce8ad,3566.41455,5.110001,817.698975,3564.1167,5.110001,808.276062,9.699041,2
m01237,2026-07-22T08:49:19.832157Z,3618,scripted,Ambiguous,84,scripted_family_heuristic_only,,later_scfu_same_generation,103,203740,2,1044525,Protester,SimpleChar:7985C910,1,f6bb1692a625ebca,3564.44434,5.110001,809.579468,3562.99683,5.110001,799.208618,10.471381,2
m01383,2026-07-22T08:49:25.727297Z,4069,scripted,Ambiguous,84,scripted_family_heuristic_only,,later_scfu_same_generation,103,203740,2,1044525,Protester,SimpleChar:7985C910,1,0dda592efde613e0,3563.18286,5.110001,800.574158,3539.98413,5.110015,796.084534,23.629173,2
m01890,2026-07-22T08:49:44.629782Z,5164,scripted,Ambiguous,84,scripted_family_heuristic_only,,later_scfu_same_generation,103,203740,2,1044525,Protester,SimpleChar:797FD582,2,c3df90c0f10a26c3,3577.39038,6.91,770.32843,3586.36157,6.91,770.55304,8.974001,2
m01983,2026-07-22T08:49:49.882561Z,5471,scripted,Ambiguous,84,scripted_family_heuristic_only,,later_scfu_same_generation,103,203740,2,1044525,Protester,SimpleChar:797FD582,2,155920b0a7cbad86,3585.03198,6.91,770.49292,3592.95728,6.01,771.094788,7.948121,2
m02088,2026-07-22T08:49:54.422564Z,5824,scripted,Ambiguous,84,scripted_family_heuristic_only,,later_scfu_same_generation,103,203740,2,1044525,Protester,SimpleChar:797FD582,2,8a87362a4994e820,3591.62012,6.101846,770.991455,3598.09741,5.110001,795.504333,25.35422,2
m02440,2026-07-22T08:50:10.426583Z,6659,scripted,Ambiguous,84,scripted_family_heuristic_only,,later_scfu_same_generation,103,203740,2,1044525,Protester,SimpleChar:797FD582,2,a4a29d909db55b90,3597.77197,5.110001,794.179626,3591.88379,5.110001,801.318481,9.253859,2
m02521,2026-07-22T08:50:15.874185Z,6917,scripted,Ambiguous,84,scripted_family_heuristic_only,,later_scfu_same_generation,103,203740,2,1044525,Protester,SimpleChar:797FD582,2,98243a84bff3066c,3592.75171,5.110001,800.341553,3573.72852,5.110001,801.586853,19.063906,2
m02780,2026-07-22T08:50:27.731810Z,7535,scripted,Ambiguous,84,scripted_family_heuristic_only,,later_scfu_same_generation,103,203740,2,1044525,Protester,SimpleChar:797FD582,2,bca2d79694a35612,3575.0752,5.110001,801.516968,3559.26318,5.110001,801.117615,15.817062,2
m02916,2026-07-22T08:50:37.486037Z,7866,scripted,Ambiguous,84,scripted_family_heuristic_only,,later_scfu_same_generation,103,203740,2,1044525,Protester,SimpleChar:797FD582,2,2037e47c379e942c,3560.7478,5.110001,801.157593,3535.81934,5.110001,799.922363,24.959045,2
m03306,2026-07-22T08:51:09.822693Z,8874,scripted,Ambiguous,84,scripted_family_heuristic_only,,later_scfu_same_generation,103,203740,2,1044525,Protester,SimpleChar:7985C910,2,467c6002ef0ce8ad,3566.40259,5.110001,817.641541,3564.1167,5.110001,808.276062,9.640409,2
m03391,2026-07-22T08:51:15.173352Z,9066,scripted,Ambiguous,84,scripted_family_heuristic_only,,later_scfu_same_generation,103,203740,2,1044525,Protester,SimpleChar:7985C910,2,f6bb1692a625ebca,3564.4375,5.110001,809.545105,3562.99683,5.110001,799.208618,10.436402,2
m03456,2026-07-22T08:51:21.532368Z,9254,scripted,Ambiguous,84,scripted_family_heuristic_only,,later_scfu_same_generation,103,203740,2,1044525,Protester,SimpleChar:7985C910,2,0dda592efde613e0,3563.16821,5.110001,800.468628,3539.98413,5.110015,796.084534,23.594954,2
m03602,2026-07-22T08:51:32.659720Z,9644,scripted,Ambiguous,84,scripted_family_heuristic_only,,later_scfu_same_generation,103,203740,2,1044525,Protester,SimpleChar:797FD582,3,c3df90c0f10a26c3,3577.45142,6.91,770.292358,3586.36157,6.91,770.55304,8.913963,2
m03685,2026-07-22T08:51:37.434394Z,9891,scripted,Ambiguous,84,scripted_family_heuristic_only,,later_scfu_same_generation,103,203740,2,1044525,Protester,SimpleChar:797FD582,3,155920b0a7cbad86,3584.89697,6.91,770.479919,3592.95728,6.01,771.094788,8.083728,2
m03744,2026-07-22T08:51:41.966065Z,10120,scripted,Ambiguous,84,scripted_family_heuristic_only,,later_scfu_same_generation,103,203740,2,1044525,Protester,SimpleChar:797FD582,3,8a87362a4994e820,3591.62549,6.100637,770.991699,3598.09741,5.110001,795.504333,25.352613,2
m03931,2026-07-22T08:52:03.845521Z,10899,scripted,Ambiguous,84,scripted_family_heuristic_only,,preceding_scfu_same_generation,103,203740,2,1044525,Protester,SimpleChar:797FD582,3,98243a84bff3066c,3592.7832,5.110001,800.341553,3573.72852,5.110001,801.586853,19.095329,2
m03998,2026-07-22T08:52:15.589893Z,11466,scripted,Ambiguous,84,scripted_family_heuristic_only,,later_scfu_same_generation,103,203740,2,1044525,Protester,SimpleChar:797FD582,4,bca2d79694a35612,3574.99487,5.110001,801.520813,3559.26318,5.110001,801.117615,15.736856,2
m04135,2026-07-22T08:52:25.312184Z,11838,scripted,Ambiguous,84,scripted_family_heuristic_only,,later_scfu_same_generation,103,203740,2,1044525,Protester,SimpleChar:797FD582,4,2037e47c379e942c,3560.41699,5.110001,801.148926,3535.81934,5.110001,799.922363,24.628212,2
m04627,2026-07-22T08:53:04.870548Z,13417,scripted,Ambiguous,84,scripted_family_heuristic_only,,later_scfu_same_generation,103,203740,2,1044525,Protester,SimpleChar:7985C910,3,4b94149457c28f46,3566.3938,5.110001,817.796936,3564.1167,5.110001,808.276062,9.789394,2
m04644,2026-07-22T08:53:05.992546Z,13452,scripted,Ambiguous,84,scripted_family_heuristic_only,,later_scfu_same_generation,103,203740,2,1044525,Protester,SimpleChar:797FD582,5,77483c27949e5c89,3557.96777,6.91,779.052429,3566.78076,6.91,776.844238,9.085422,2
m04693,2026-07-22T08:53:10.460629Z,13572,scripted,Ambiguous,84,scripted_family_heuristic_only,,later_scfu_same_generation,103,203740,2,1044525,Protester,SimpleChar:7985C910,3,f6bb1692a625ebca,3564.46045,5.110001,809.665649,3562.99683,5.110001,799.208618,10.558962,2
m04701,2026-07-22T08:53:11.246434Z,13600,scripted,Ambiguous,84,scripted_family_heuristic_only,,later_scfu_same_generation,103,203740,2,1044525,Protester,SimpleChar:797FD582,5,2f92463bc5c797a2,3565.43213,6.91,777.196472,3578.65576,6.91,769.588196,15.256155,2
m04766,2026-07-22T08:53:16.715073Z,13764,scripted,Ambiguous,84,scripted_family_heuristic_only,,later_scfu_same_generation,103,203740,2,1044525,Protester,SimpleChar:7985C910,3,0dda592efde613e0,3563.15918,5.110001,800.396118,3539.98413,5.110015,796.084534,23.572711,2
m04804,2026-07-22T08:53:20.326310Z,13871,scripted,Ambiguous,84,scripted_family_heuristic_only,,later_scfu_same_generation,103,203740,2,1044525,Protester,SimpleChar:797FD582,5,c3df90c0f10a26c3,3577.38354,6.91,770.329346,3586.36157,6.91,770.55304,8.980816,2
m04864,2026-07-22T08:53:25.647048Z,14069,scripted,Ambiguous,84,scripted_family_heuristic_only,,later_scfu_same_generation,103,203740,2,1044525,Protester,SimpleChar:797FD582,5,155920b0a7cbad86,3585.01978,6.91,770.492554,3592.95728,6.01,771.094788,7.960314,2
m04928,2026-07-22T08:53:29.890869Z,14195,scripted,Ambiguous,84,scripted_family_heuristic_only,,later_scfu_same_generation,103,203740,2,1044525,Protester,SimpleChar:797FD582,5,8a87362a4994e820,3591.59424,6.107669,770.989441,3598.09741,5.110001,795.504333,25.362791,2
m05024,2026-07-22T08:53:37.954813Z,14576,scripted,Ambiguous,84,scripted_family_heuristic_only,,later_scfu_same_generation,103,203740,2,1044525,Protester,SimpleChar:7985C910,4,0aa5e7832df5bbdc,3538.19507,5.110001,787.734558,3534.50342,6.294629,781.367493,7.359877,2
m05077,2026-07-22T08:53:42.457659Z,14749,scripted,Ambiguous,84,scripted_family_heuristic_only,,later_scfu_same_generation,103,203740,2,1044525,Protester,SimpleChar:7985C910,4,9962853cc37beca1,3535.03345,5.808703,782.475586,3520.76123,6.69714,780.473022,14.412027,2
m05124,2026-07-22T08:53:46.043641Z,14853,scripted,Ambiguous,84,scripted_family_heuristic_only,,later_scfu_same_generation,103,203740,2,1044525,Protester,SimpleChar:797FD582,5,2d87ce957b8e0fbe,3597.74634,5.110001,794.077209,3591.88379,5.110001,801.318481,9.316948,2
m05187,2026-07-22T08:53:51.081395Z,14977,scripted,Ambiguous,84,scripted_family_heuristic_only,,later_scfu_same_generation,103,203740,2,1044525,Protester,SimpleChar:7985C910,4,eb5535a2b0213652,3522.20435,6.606119,780.703552,3508.88892,5.110001,786.47113,14.51088,2
m05195,2026-07-22T08:53:51.546566Z,14989,scripted,Ambiguous,84,scripted_family_heuristic_only,,later_scfu_same_generation,103,203740,2,1044525,Protester,SimpleChar:797FD582,5,2df255517b89dc72,3592.82446,5.110001,800.238159,3573.72852,5.110001,801.586853,19.143508,2
m05370,2026-07-22T08:54:03.627376Z,15442,scripted,Ambiguous,84,scripted_family_heuristic_only,,later_scfu_same_generation,103,203740,2,1044525,Protester,SimpleChar:797FD582,5,bca2d79694a35612,3575.00781,5.110001,801.514282,3559.26318,5.110001,801.117615,15.749626,2
m05489,2026-07-22T08:54:13.271808Z,15751,scripted,Ambiguous,84,scripted_family_heuristic_only,,later_scfu_same_generation,103,203740,2,1044525,Protester,SimpleChar:797FD582,5,2037e47c379e942c,3560.48291,5.110001,801.150452,3535.81934,5.110001,799.922363,24.694127,2
m05966,2026-07-22T08:55:00.468352Z,17170,scripted,Ambiguous,84,scripted_family_heuristic_only,,later_scfu_same_generation,103,203740,2,1044525,Protester,SimpleChar:7985C910,5,467c6002ef0ce8ad,3566.38257,5.110001,817.671265,3564.1167,5.110001,808.276062,9.664575,2
m06022,2026-07-22T08:55:06.025280Z,17316,scripted,Ambiguous,84,scripted_family_heuristic_only,,later_scfu_same_generation,103,203740,2,1044525,Protester,SimpleChar:7985C910,5,f6bb1692a625ebca,3564.44751,5.110001,809.60083,3562.99683,5.110001,799.208618,10.492976,2
m06051,2026-07-22T08:55:08.206686Z,17382,scripted,Ambiguous,84,scripted_family_heuristic_only,,later_scfu_same_generation,103,203740,2,1044525,Protester,SimpleChar:797FD582,6,a5b15a411fd92ec8,3577.61108,6.91,770.199341,3586.36157,6.91,770.55304,8.757635,2
m06085,2026-07-22T08:55:11.839576Z,17482,scripted,Ambiguous,84,scripted_family_heuristic_only,,later_scfu_same_generation,103,203740,2,1044525,Protester,SimpleChar:7985C910,5,0dda592efde613e0,3563.1853,5.110001,800.594727,3539.98413,5.110015,796.084534,23.635485,2
m06099,2026-07-22T08:55:13.440426Z,17512,scripted,Ambiguous,84,scripted_family_heuristic_only,,later_scfu_same_generation,103,203740,2,1044525,Protester,SimpleChar:797FD582,6,155920b0a7cbad86,3585.02661,6.91,770.470764,3592.95728,6.01,771.094788,7.955183,2
m06153,2026-07-22T08:55:17.756045Z,17646,scripted,Ambiguous,84,scripted_family_heuristic_only,,later_scfu_same_generation,103,203740,2,1044525,Protester,SimpleChar:797FD582,6,57badb0f246b5473,3591.7832,6.065152,771.001526,3598.09741,5.110001,795.504333,25.303296,2
m06384,2026-07-22T08:55:34.191035Z,18144,scripted,Ambiguous,84,scripted_family_heuristic_only,,later_scfu_same_generation,103,203740,2,1044525,Protester,SimpleChar:797FD582,6,a4a29d909db55b90,3597.79004,5.110001,794.216125,3591.88379,5.110001,801.318481,9.237275,2
m06452,2026-07-22T08:55:39.474522Z,18297,scripted,Ambiguous,84,scripted_family_heuristic_only,,later_scfu_same_generation,103,203740,2,1044525,Protester,SimpleChar:797FD582,6,2df255517b89dc72,3592.854,5.110001,800.233826,3573.72852,5.110001,801.586853,19.17328,2
m06582,2026-07-22T08:55:51.264742Z,18610,scripted,Ambiguous,84,scripted_family_heuristic_only,,later_scfu_same_generation,103,203740,2,1044525,Protester,SimpleChar:797FD582,6,bca2d79694a35612,3575.02466,5.110001,801.512512,3559.26318,5.110001,801.117615,15.766426,2
m06732,2026-07-22T08:56:00.952297Z,18910,scripted,Ambiguous,84,scripted_family_heuristic_only,,later_scfu_same_generation,103,203740,2,1044525,Protester,SimpleChar:797FD582,6,2037e47c379e942c,3560.54321,5.110001,801.152039,3535.81934,5.110001,799.922363,24.754431,2
m07044,2026-07-22T08:57:38.886234Z,23027,scripted,Ambiguous,84,scripted_family_heuristic_only,,later_scfu_same_generation,103,203740,2,1044525,Protester,SimpleChar:797FD582,7,bca2d79694a35612,3575.19482,5.110001,801.506592,3559.26318,5.110001,801.117615,15.936388,2
m07066,2026-07-22T08:57:48.613825Z,23348,scripted,Ambiguous,84,scripted_family_heuristic_only,,later_scfu_same_generation,103,203740,2,1044525,Protester,SimpleChar:797FD582,7,2037e47c379e942c,3560.74512,5.110001,801.156311,3535.81934,5.110001,799.922363,24.956305,2
m07224,2026-07-22T08:58:57.249537Z,25830,scripted,Ambiguous,84,scripted_family_heuristic_only,,later_scfu_same_generation,103,203740,2,1044525,Protester,SimpleChar:7985C910,8,f6bb1692a625ebca,3564.41113,5.110001,809.44635,3562.99683,5.110001,799.208618,10.33496,2
m07230,2026-07-22T08:59:03.114796Z,25917,scripted,Ambiguous,84,scripted_family_heuristic_only,,later_scfu_same_generation,103,203740,2,1044525,Protester,SimpleChar:7985C910,8,0dda592efde613e0,3563.1543,5.110001,800.376892,3539.98413,5.110015,796.084534,23.564404,2
m07245,2026-07-22T08:59:14.960991Z,26094,scripted,Ambiguous,84,scripted_family_heuristic_only,,preceding_scfu_same_generation,103,203740,2,1044525,Protester,SimpleChar:797FD582,7,151f9b08ec3b8ce2,3592.69922,5.110001,800.401611,3573.72852,5.110001,801.586853,19.007689,2
m07263,2026-07-22T08:59:26.753080Z,26251,scripted,Ambiguous,84,scripted_family_heuristic_only,,later_scfu_same_generation,103,203740,2,1044525,Protester,SimpleChar:797FD582,8,bca2d79694a35612,3575.13892,5.110001,801.518188,3559.26318,5.110001,801.117615,15.880793,2
m07271,2026-07-22T08:59:36.375973Z,26365,scripted,Ambiguous,84,scripted_family_heuristic_only,,later_scfu_same_generation,103,203740,2,1044525,Protester,SimpleChar:797FD582,8,2037e47c379e942c,3560.69824,5.110001,801.156128,3535.81934,5.110001,799.922363,24.909473,2
m07349,2026-07-22T09:00:13.712873Z,28134,scripted,Ambiguous,84,scripted_family_heuristic_only,,later_scfu_same_generation,103,203740,2,1044525,Protester,SimpleChar:7985C910,9,285e7001f31e10b7,3533.00732,5.110001,809.946655,3533.2854,5.110001,818.280701,8.338684,2
m07358,2026-07-22T09:00:18.701053Z,28411,scripted,Ambiguous,84,scripted_family_heuristic_only,,later_scfu_same_generation,103,203740,2,1044525,Protester,SimpleChar:7985C910,9,c331425938eb65ff,3533.2395,5.110001,816.831299,3543.04565,5.110001,824.082031,12.195642,2
m07362,2026-07-22T09:00:20.720657Z,28430,scripted,Ambiguous,84,scripted_family_heuristic_only,,preceding_scfu_same_generation,137,26125,10,1044525,Leonora Marty,SimpleChar:78E0FC74,1,f31773ba46a77157,3460.57861,9.145,889.042236,3466.59814,9.01,889.095337,6.019764,2
m07366,2026-07-22T09:00:23.848903Z,28453,scripted,Ambiguous,84,scripted_family_heuristic_only,,preceding_scfu_same_generation,137,26125,10,1044525,Leonora Marty,SimpleChar:78E0FC74,1,e97c08af8420f01f,3465.23877,9.01,889.077576,3469.4873,9.01,884.308228,6.387228,2
m07370,2026-07-22T09:00:25.580797Z,28468,scripted,Ambiguous,84,scripted_family_heuristic_only,,later_scfu_same_generation,103,203740,2,1044525,Protester,SimpleChar:7985C910,9,0d7d664d8fcba4ce,3541.90869,5.110001,823.286926,3549.47949,5.110001,824.189087,7.624363,2
m07371,2026-07-22T09:00:27.125717Z,28474,scripted,Ambiguous,84,scripted_family_heuristic_only,,preceding_scfu_same_generation,103,26149,23,1044525,Janae Seaman,SimpleChar:78E0FD08,1,22bcd74d02b0372d,3460.07031,9.145,882.912659,3468.49658,9.01,883.313477,8.435798,2
m07372,2026-07-22T09:00:27.325812Z,28478,scripted,Ambiguous,84,scripted_family_heuristic_only,,preceding_scfu_same_generation,137,26125,10,1044525,Leonora Marty,SimpleChar:78E0FC74,1,2e28335ff0c6673c,3468.68408,9.01,885.30481,3461.42432,9.009971,885.246643,7.259993,2
m07377,2026-07-22T09:00:29.788432Z,28494,scripted,Ambiguous,84,scripted_family_heuristic_only,,later_scfu_same_generation,103,203740,2,1044525,Protester,SimpleChar:7985C910,9,0ae21b8e0f01106b,3548.14746,5.110001,824.059387,3567.29199,5.110001,825.066772,19.171016,2
m07379,2026-07-22T09:00:31.789418Z,28507,scripted,Ambiguous,84,scripted_family_heuristic_only,,preceding_scfu_same_generation,103,26149,23,1044525,Janae Seaman,SimpleChar:78E0FD08,1,5246139a6c656f6a,3467.05933,9.01,883.238098,3472.10791,9.01,883.451599,5.053092,2
m07380,2026-07-22T09:00:32.349753Z,28510,scripted,Ambiguous,84,scripted_family_heuristic_only,,preceding_scfu_same_generation,137,26125,10,1044525,Leonora Marty,SimpleChar:78E0FC74,1,97207de34910a10b,3462.77515,9.01,885.157227,3457.02905,9.109645,880.685242,7.28123,2
m07387,2026-07-22T09:00:34.377832Z,28528,scripted,Ambiguous,84,scripted_family_heuristic_only,,preceding_scfu_same_generation,103,26149,23,1044525,Janae Seaman,SimpleChar:78E0FD08,1,e941be33dc652c4d,3470.70288,9.01,883.393311,3472.61182,9.01,885.654236,2.959026,2
m07389,2026-07-22T09:00:35.338358Z,28533,scripted,Ambiguous,84,scripted_family_heuristic_only,,preceding_scfu_same_generation,103,26149,23,1044525,Janae Seaman,SimpleChar:78E0FD08,1,12e0d3873210dbab,3471.82349,9.01,884.459473,3473.25024,9.01,888.013428,3.829649,2
m07390,2026-07-22T09:00:36.358347Z,28538,scripted,Ambiguous,84,scripted_family_heuristic_only,,preceding_scfu_same_generation,137,26125,10,1044525,Leonora Marty,SimpleChar:78E0FC74,1,d12bd12ff7d801ad,3458.10498,9.145,881.584717,3456.76294,9.109647,877.424072,4.371732,2
m07392,2026-07-22T09:00:36.919647Z,28547,scripted,Ambiguous,84,scripted_family_heuristic_only,,preceding_scfu_same_generation,103,26149,23,1044525,Janae Seaman,SimpleChar:78E0FD08,1,818ca27973c7818e,3472.73389,9.01,886.640869,3470.88599,9.01,888.954834,2.961278,2
m07395,2026-07-22T09:00:38.219811Z,28559,scripted,Ambiguous,84,scripted_family_heuristic_only,,preceding_scfu_same_generation,137,26125,10,1044525,Leonora Marty,SimpleChar:78E0FC74,1,55e471cb26a26951,3457.13184,9.145,878.783447,3457.13965,9.107692,869.205444,9.578006,2
m07396,2026-07-22T09:00:38.219811Z,28560,scripted,Ambiguous,84,scripted_family_heuristic_only,,preceding_scfu_same_generation,103,26149,23,1044525,Janae Seaman,SimpleChar:78E0FD08,1,66b688f7267af6b6,3471.79712,9.01,888.12207,3468.55835,9.01,888.870117,3.324035,2
m07399,2026-07-22T09:00:39.540437Z,28571,scripted,Ambiguous,84,scripted_family_heuristic_only,,preceding_scfu_same_generation,103,26149,23,1044525,Janae Seaman,SimpleChar:78E0FD08,1,dbf16c3bdd68e19e,3469.94312,9.01,888.637451,3466.68091,9.01,887.826477,3.361502,2
m07401,2026-07-22T09:00:40.807561Z,28579,scripted,Ambiguous,84,scripted_family_heuristic_only,,preceding_scfu_same_generation,103,26149,23,1044525,Janae Seaman,SimpleChar:78E0FD08,1,00995c88e35ec324,3468.09302,9.01,888.249939,3462.14771,9.01,889.839905,6.154243,2
m07405,2026-07-22T09:00:43.621095Z,28596,scripted,Ambiguous,84,scripted_family_heuristic_only,,preceding_scfu_same_generation,137,26125,10,1044525,Leonora Marty,SimpleChar:78E0FC74,1,cfb94f28e08ddb13,3457.12769,9.145,870.396423,3457.23755,9.732795,860.66803,9.729013,2
m07406,2026-07-22T09:00:44.421057Z,28602,scripted,Ambiguous,84,scripted_family_heuristic_only,,preceding_scfu_same_generation,103,26149,23,1044525,Janae Seaman,SimpleChar:78E0FD08,1,c4f07e772f4fa2d8,3463.42554,9.01,889.456177,3438.57275,9.01,887.679321,24.916227,2
m07412,2026-07-22T09:00:49.272605Z,28635,scripted,Ambiguous,84,scripted_family_heuristic_only,,preceding_scfu_same_generation,137,26125,10,1044525,Leonora Marty,SimpleChar:78E0FC74,1,54bd8eeeb0075d36,3457.22314,9.145,862.009766,3454.45142,9.051506,848.033569,14.248386,2
m07423,2026-07-22T09:00:57.918842Z,28689,scripted,Ambiguous,84,scripted_family_heuristic_only,,preceding_scfu_same_generation,137,26125,10,1044525,Leonora Marty,SimpleChar:78E0FC74,1,c11e71aa5637eec2,3454.70923,9.145,849.303223,3448.11499,9.051499,842.946228,9.159442,2
m07427,2026-07-22T09:00:59.746233Z,28699,scripted,Ambiguous,84,scripted_family_heuristic_only,,preceding_scfu_same_generation,103,26149,23,1044525,Janae Seaman,SimpleChar:78E0FD08,1,1b2d3d25792b792e,3440.01587,9.01,887.789246,3437.49146,9.01,885.606445,3.337254,2
m07433,2026-07-22T09:01:03.598214Z,28730,scripted,Ambiguous,84,scripted_family_heuristic_only,,preceding_scfu_same_generation,137,26125,10,1044525,Leonora Marty,SimpleChar:78E0FC74,1,d877a216b4e5e771,3449.0249,9.145,843.786011,3437.43042,9.01,842.172302,11.706239,2
m07450,2026-07-22T09:01:16.800672Z,28809,scripted,Ambiguous,84,scripted_family_heuristic_only,,later_scfu_same_generation,103,26149,23,1044525,Janae Seaman,SimpleChar:78E0FD08,2,eca2c4975dd079f9,3460.28955,9.145,882.896118,3468.49658,9.01,883.313477,8.217635,2
m07455,2026-07-22T09:01:21.308168Z,28829,scripted,Ambiguous,84,scripted_family_heuristic_only,,later_scfu_same_generation,103,26149,23,1044525,Janae Seaman,SimpleChar:78E0FD08,2,5246139a6c656f6a,3467.02637,9.01,883.231018,3472.10791,9.01,883.451599,5.086325,2
m07463,2026-07-22T09:01:23.742467Z,28984,scripted,Ambiguous,84,scripted_family_heuristic_only,,later_scfu_same_generation,103,26149,23,1044525,Janae Seaman,SimpleChar:78E0FD08,2,e941be33dc652c4d,3470.69287,9.01,883.391418,3472.61182,9.01,885.654236,2.966937,2
m07468,2026-07-22T09:01:24.888160Z,29034,scripted,Ambiguous,84,scripted_family_heuristic_only,,later_scfu_same_generation,103,26149,23,1044525,Janae Seaman,SimpleChar:78E0FD08,2,12e0d3873210dbab,3471.81226,9.01,884.450439,3473.25024,9.01,888.013428,3.842223,2
m07474,2026-07-22T09:01:26.802076Z,29099,scripted,Ambiguous,84,scripted_family_heuristic_only,,later_scfu_same_generation,103,26149,23,1044525,Janae Seaman,SimpleChar:78E0FD08,2,b979bc0890f7070b,3472.81934,9.01,886.87439,3470.88599,9.01,888.954834,2.840086,2
m07479,2026-07-22T09:01:27.946176Z,29128,scripted,Ambiguous,84,scripted_family_heuristic_only,,later_scfu_same_generation,103,26149,23,1044525,Janae Seaman,SimpleChar:78E0FD08,2,66b688f7267af6b6,3472.01245,9.01,888.106079,3468.55835,9.01,888.870117,3.537593,2
m07482,2026-07-22T09:01:29.346154Z,29136,scripted,Ambiguous,84,scripted_family_heuristic_only,,later_scfu_same_generation,103,26149,23,1044525,Janae Seaman,SimpleChar:78E0FD08,2,2da482acec6ff79b,3469.73145,9.01,888.6698,3466.68091,9.01,887.826477,3.164963,2
m07485,2026-07-22T09:01:30.737676Z,29197,scripted,Ambiguous,84,scripted_family_heuristic_only,,later_scfu_same_generation,103,26149,23,1044525,Janae Seaman,SimpleChar:78E0FD08,2,00995c88e35ec324,3467.84155,9.01,888.217285,3462.14771,9.01,889.839905,5.920533,2
m07490,2026-07-22T09:01:33.728647Z,29246,scripted,Ambiguous,84,scripted_family_heuristic_only,,later_scfu_same_generation,103,26149,23,1044525,Janae Seaman,SimpleChar:78E0FD08,2,c4f07e772f4fa2d8,3463.42749,9.01,889.42627,3438.57275,9.01,887.679321,24.916058,2
m07502,2026-07-22T09:01:41.298239Z,29301,scripted,Ambiguous,84,scripted_family_heuristic_only,,later_scfu_same_generation,137,26125,10,1044525,Leonora Marty,SimpleChar:78E0FC74,2,9775a961dab11288,3447.80957,9.145,861.951111,3450.21484,9.107702,867.728149,6.257755,2
m07505,2026-07-22T09:01:44.598195Z,29316,scripted,Ambiguous,84,scripted_family_heuristic_only,,later_scfu_same_generation,137,26125,10,1044525,Leonora Marty,SimpleChar:78E0FC74,2,ea3e8634c5916238,3449.73413,9.145,866.442139,3444.30151,9.0327,868.082703,5.674928,2
m07509,2026-07-22T09:01:48.008067Z,29333,scripted,Ambiguous,84,scripted_family_heuristic_only,,later_scfu_same_generation,137,26125,10,1044525,Leonora Marty,SimpleChar:78E0FC74,2,b0a2fb75cb7c265a,3445.50562,9.145,867.856873,3441.89014,9.01,868.379761,3.653096,2
m07511,2026-07-22T09:01:49.764506Z,29349,scripted,Ambiguous,84,scripted_family_heuristic_only,,later_scfu_same_generation,137,26125,10,1044525,Leonora Marty,SimpleChar:78E0FC74,2,e13022d5f9e52507,3443.25513,9.145,868.188843,3437.90552,9.01,869.041199,5.417088,2
m07542,2026-07-22T09:02:06.535326Z,29659,scripted,Ambiguous,84,scripted_family_heuristic_only,,later_scfu_same_generation,103,26149,23,1044525,Janae Seaman,SimpleChar:78E0FD08,3,22bcd74d02b0372d,3460.17139,9.145,882.906006,3468.49658,9.01,883.313477,8.335156,2
m07547,2026-07-22T09:02:09.426701Z,29681,scripted,Ambiguous,84,scripted_family_heuristic_only,,later_scfu_same_generation,103,203740,2,1044525,Protester,SimpleChar:7985C910,10,285e7001f31e10b7,3533.02661,5.110001,810.093262,3533.2854,5.110001,818.280701,8.191528,2
m07552,2026-07-22T09:02:11.157543Z,29695,scripted,Ambiguous,84,scripted_family_heuristic_only,,later_scfu_same_generation,103,26149,23,1044525,Janae Seaman,SimpleChar:78E0FD08,3,5246139a6c656f6a,3467.07886,9.01,883.236755,3472.10791,9.01,883.451599,5.033637,2
m07557,2026-07-22T09:02:13.632356Z,29713,scripted,Ambiguous,84,scripted_family_heuristic_only,,later_scfu_same_generation,103,26149,23,1044525,Janae Seaman,SimpleChar:78E0FD08,3,1c91aa099bd3efbb,3470.79321,9.01,883.396423,3472.61182,9.01,885.654236,2.899148,2
m07558,2026-07-22T09:02:14.146579Z,29719,scripted,Ambiguous,84,scripted_family_heuristic_only,,later_scfu_same_generation,103,203740,2,1044525,Protester,SimpleChar:7985C910,10,c331425938eb65ff,3533.24683,5.110001,816.984619,3543.04565,5.110001,824.082031,12.099179,2
m07560,2026-07-22T09:02:14.690460Z,29725,scripted,Ambiguous,84,scripted_family_heuristic_only,,later_scfu_same_generation,103,26149,23,1044525,Janae Seaman,SimpleChar:78E0FD08,3,12e0d3873210dbab,3471.86279,9.01,884.441101,3473.25024,9.01,888.013428,3.832302,2
m07564,2026-07-22T09:02:16.874552Z,29745,scripted,Ambiguous,84,scripted_family_heuristic_only,,later_scfu_same_generation,103,26149,23,1044525,Janae Seaman,SimpleChar:78E0FD08,3,b979bc0890f7070b,3472.83594,9.01,886.87915,3470.88599,9.01,888.954834,2.847941,2
m07566,2026-07-22T09:02:17.722523Z,29759,scripted,Ambiguous,84,scripted_family_heuristic_only,,later_scfu_same_generation,103,26149,23,1044525,Janae Seaman,SimpleChar:78E0FD08,3,66b688f7267af6b6,3472.04834,9.01,888.084778,3468.55835,9.01,888.870117,3.57726,2
m07569,2026-07-22T09:02:19.122692Z,29769,scripted,Ambiguous,84,scripted_family_heuristic_only,,later_scfu_same_generation,103,26149,23,1044525,Janae Seaman,SimpleChar:78E0FD08,3,dbf16c3bdd68e19e,3469.8269,9.01,888.647278,3466.68091,9.01,887.826477,3.251302,2
m07572,2026-07-22T09:02:20.488905Z,29803,scripted,Ambiguous,84,scripted_family_heuristic_only,,later_scfu_same_generation,137,26125,10,1044525,Leonora Marty,SimpleChar:78E0FC74,3,e5d891be987ef4b6,3450.07813,9.145,889.712463,3461.76147,9.01,888.967957,11.707037,2
m07573,2026-07-22T09:02:20.488905Z,29804,scripted,Ambiguous,84,scripted_family_heuristic_only,,later_scfu_same_generation,103,26149,23,1044525,Janae Seaman,SimpleChar:78E0FD08,3,00995c88e35ec324,3467.87793,9.01,888.206421,3462.14771,9.01,889.839905,5.958497,2
m07574,2026-07-22T09:02:21.117272Z,29827,scripted,Ambiguous,84,scripted_family_heuristic_only,,later_scfu_same_generation,103,203740,2,1044525,Protester,SimpleChar:7985C910,10,0d7d664d8fcba4ce,3541.96411,5.110001,823.342163,3549.47949,5.110001,824.189087,7.56295,2
m07581,2026-07-22T09:02:23.588690Z,29908,scripted,Ambiguous,84,scripted_family_heuristic_only,,later_scfu_same_generation,103,26149,23,1044525,Janae Seaman,SimpleChar:78E0FD08,3,c4f07e772f4fa2d8,3463.40967,9.01,889.4328,3438.57275,9.01,887.679321,24.898741,2
m07587,2026-07-22T09:02:25.504608Z,29973,scripted,Ambiguous,84,scripted_family_heuristic_only,,later_scfu_same_generation,103,203740,2,1044525,Protester,SimpleChar:7985C910,10,f96eb21a4afed532,3548.28809,5.110001,824.080627,3567.29199,5.110001,825.066772,19.029469,2
m07675,2026-07-22T09:02:37.197876Z,30418,scripted,Ambiguous,84,scripted_family_heuristic_only,,later_scfu_same_generation,103,203740,2,1044525,Protester,SimpleChar:7985C910,10,2a55b64174084910,3565.97632,5.110001,824.99939,3566.38452,5.110001,816.379089,8.62996,2
m07738,2026-07-22T09:02:42.614210Z,30929,scripted,Ambiguous,84,scripted_family_heuristic_only,,later_scfu_same_generation,103,203740,2,1044525,Protester,SimpleChar:7985C910,10,467c6002ef0ce8ad,3566.41016,5.110001,817.65271,3564.1167,5.110001,808.276062,9.653056,2
m07768,2026-07-22T09:02:45.391962Z,31089,scripted,Ambiguous,84,scripted_family_heuristic_only,,later_scfu_same_generation,103,203740,2,1044525,Protester,SimpleChar:797FD582,10,a4a29d909db55b90,3597.78027,5.110001,794.167664,3591.88379,5.110001,801.318481,9.268369,2
m07795,2026-07-22T09:02:48.053991Z,31193,scripted,Ambiguous,84,scripted_family_heuristic_only,,later_scfu_same_generation,103,203740,2,1044525,Protester,SimpleChar:7985C910,10,f6bb1692a625ebca,3564.43945,5.110001,809.55249,3562.99683,5.110001,799.208618,10.443986,2
m07833,2026-07-22T09:02:50.743721Z,31264,scripted,Ambiguous,84,scripted_family_heuristic_only,,later_scfu_same_generation,103,203740,2,1044525,Protester,SimpleChar:797FD582,10,98243a84bff3066c,3592.8269,5.110001,800.256653,3573.72852,5.110001,801.586853,19.144648,2
m07885,2026-07-22T09:02:54.045396Z,31485,scripted,Ambiguous,84,scripted_family_heuristic_only,,later_scfu_same_generation,103,203740,2,1044525,Protester,SimpleChar:7985C910,10,0dda592efde613e0,3563.19263,5.110001,800.65155,3539.98413,5.110015,796.084534,23.653586,2
m08012,2026-07-22T09:03:02.766648Z,31784,scripted,Ambiguous,84,scripted_family_heuristic_only,,later_scfu_same_generation,103,203740,2,1044525,Protester,SimpleChar:797FD582,10,bca2d79694a35612,3574.92993,5.110001,801.51947,3559.26318,5.110001,801.117615,15.671903,2
m08087,2026-07-22T09:03:09.467663Z,32041,scripted,Ambiguous,84,scripted_family_heuristic_only,,later_scfu_same_generation,103,203740,2,1044525,Protester,SimpleChar:7985C910,10,82d21d9e2b83a9a0,3541.1145,5.110001,796.284119,3537.79663,5.110001,786.487793,10.342933,2
m08126,2026-07-22T09:03:12.570897Z,32127,scripted,Ambiguous,84,scripted_family_heuristic_only,,later_scfu_same_generation,103,203740,2,1044525,Protester,SimpleChar:797FD582,10,2037e47c379e942c,3560.55713,5.110001,801.153076,3535.81934,5.110001,799.922363,24.768385,2
m08159,2026-07-22T09:03:15.643350Z,32201,scripted,Ambiguous,84,scripted_family_heuristic_only,,later_scfu_same_generation,103,203740,2,1044525,Protester,SimpleChar:7985C910,10,f51fc33e7f23ace8,3538.17212,5.110001,787.757751,3534.50342,6.294629,781.367493,7.368498,2
m08201,2026-07-22T09:03:19.725966Z,32321,scripted,Ambiguous,84,scripted_family_heuristic_only,,later_scfu_same_generation,103,203740,2,1044525,Protester,SimpleChar:7985C910,10,9962853cc37beca1,3535.01831,5.817767,782.455444,3520.76123,6.69714,780.473022,14.394246,2
m08298,2026-07-22T09:03:27.917271Z,32537,scripted,Ambiguous,84,scripted_family_heuristic_only,,later_scfu_same_generation,103,203740,2,1044525,Protester,SimpleChar:797FD582,10,2f68e9d8509450cd,3537.27905,5.110001,799.9953,3541.01099,5.110001,792.417236,8.447155,2
m08304,2026-07-22T09:03:28.537071Z,32545,scripted,Ambiguous,84,scripted_family_heuristic_only,,later_scfu_same_generation,103,203740,2,1044525,Protester,SimpleChar:7985C910,10,eb5535a2b0213652,3522.10034,6.61521,780.68335,3508.88892,5.110001,786.47113,14.423592,2
m08376,2026-07-22T09:03:33.276519Z,32695,scripted,Ambiguous,84,scripted_family_heuristic_only,,later_scfu_same_generation,103,203740,2,1044525,Protester,SimpleChar:797FD582,10,4e4c645d0e7ee55d,3540.26855,5.110001,793.688721,3542.98096,6.91,778.708862,15.223447,2
m08516,2026-07-22T09:03:42.710860Z,32996,scripted,Ambiguous,84,scripted_family_heuristic_only,,later_scfu_same_generation,103,203740,2,1044525,Protester,SimpleChar:797FD582,10,f9a6891e0965111c,3542.80957,6.91,779.927612,3549.92554,6.91,778.729919,7.216058,2
m08561,2026-07-22T09:03:46.961989Z,33105,scripted,Ambiguous,84,scripted_family_heuristic_only,,later_scfu_same_generation,103,203740,2,1044525,Protester,SimpleChar:797FD582,10,2c03571b76fef768,3548.72559,6.91,778.848267,3559.18506,6.91,779.078308,10.461999,2
m08621,2026-07-22T09:03:52.997940Z,33266,scripted,Ambiguous,84,scripted_family_heuristic_only,,later_scfu_same_generation,103,203740,2,1044525,Protester,SimpleChar:797FD582,10,77483c27949e5c89,3557.79688,6.91,779.042419,3566.78076,6.91,776.844238,9.248897,2
m08671,2026-07-22T09:03:58.500480Z,33408,scripted,Ambiguous,84,scripted_family_heuristic_only,,later_scfu_same_generation,103,203740,2,1044525,Protester,SimpleChar:797FD582,10,2f92463bc5c797a2,3565.604,6.91,777.144348,3578.65576,6.91,769.588196,15.081242,2
m08675,2026-07-22T09:03:59.031992Z,33427,scripted,Ambiguous,84,scripted_family_heuristic_only,,later_scfu_same_generation,103,203740,2,1044525,Protester,SimpleChar:7985C910,11,4e0a25abe192510a,3531.93091,5.110001,801.20343,3533.11304,5.110001,811.393555,10.258464,2
m08750,2026-07-22T09:04:04.990665Z,33613,scripted,Ambiguous,84,scripted_family_heuristic_only,,later_scfu_same_generation,103,203740,2,1044525,Protester,SimpleChar:7985C910,11,285e7001f31e10b7,3533.00391,5.110001,809.982666,3533.2854,5.110001,818.280701,8.302808,2
m08778,2026-07-22T09:04:07.551896Z,33673,scripted,Ambiguous,84,scripted_family_heuristic_only,,later_scfu_same_generation,103,203740,2,1044525,Protester,SimpleChar:797FD582,10,c3df90c0f10a26c3,3577.50635,6.91,770.262817,3586.36157,6.91,770.55304,8.859975,2
m08797,2026-07-22T09:04:09.574964Z,33723,scripted,Ambiguous,84,scripted_family_heuristic_only,,later_scfu_same_generation,103,203740,2,1044525,Protester,SimpleChar:7985C910,11,c331425938eb65ff,3533.24561,5.110001,817.07312,3543.04565,5.110001,824.082031,12.04847,2
m08829,2026-07-22T09:04:12.646376Z,33800,scripted,Ambiguous,84,scripted_family_heuristic_only,,later_scfu_same_generation,103,203740,2,1044525,Protester,SimpleChar:797FD582,10,155920b0a7cbad86,3585.10596,6.91,770.485474,3592.95728,6.01,771.094788,7.874928,2
m08869,2026-07-22T09:04:16.878191Z,33897,scripted,Ambiguous,84,scripted_family_heuristic_only,,later_scfu_same_generation,103,203740,2,1044525,Protester,SimpleChar:7985C910,11,0d7d664d8fcba4ce,3542.01245,5.110001,823.384827,3549.47949,5.110001,824.189087,7.510228,2
m08873,2026-07-22T09:04:17.349472Z,33917,scripted,Ambiguous,84,scripted_family_heuristic_only,,later_scfu_same_generation,103,203740,2,1044525,Protester,SimpleChar:797FD582,10,8a87362a4994e820,3591.70435,6.082894,770.996277,3598.09741,5.110001,795.504333,25.328167,2
m08909,2026-07-22T09:04:20.919129Z,34004,scripted,Ambiguous,84,scripted_family_heuristic_only,,later_scfu_same_generation,103,203740,2,1044525,Protester,SimpleChar:7985C910,11,0ae21b8e0f01106b,3548.01172,5.110001,824.062805,3567.29199,5.110001,825.066772,19.306392,2
m09036,2026-07-22T09:04:33.186362Z,34497,scripted,Ambiguous,84,scripted_family_heuristic_only,,later_scfu_same_generation,103,203740,2,1044525,Protester,SimpleChar:7985C910,11,2a55b64174084910,3566.03198,5.110001,825.001892,3566.38452,5.110001,816.379089,8.630007,2
m09043,2026-07-22T09:04:33.392464Z,34508,scripted,Ambiguous,84,scripted_family_heuristic_only,,later_scfu_same_generation,103,203740,2,1044525,Protester,SimpleChar:797FD582,10,6eea2e69f125c550,3597.80444,5.110001,794.291138,3591.88379,5.110001,801.318481,9.188996,2
m09109,2026-07-22T09:04:48.079387Z,34999,scripted,Ambiguous,84,scripted_family_heuristic_only,,later_scfu_same_generation,103,26149,23,1044525,Janae Seaman,SimpleChar:78E0FD08,4,dbf16c3bdd68e19e,3469.88599,9.01,888.641724,3466.68091,9.01,887.826477,3.307139,2
m09113,2026-07-22T09:04:49.229463Z,35007,scripted,Ambiguous,84,scripted_family_heuristic_only,,later_scfu_same_generation,103,26149,23,1044525,Janae Seaman,SimpleChar:78E0FD08,4,00995c88e35ec324,3467.9021,9.01,888.203857,3462.14771,9.01,889.839905,5.982446,2
m09114,2026-07-22T09:04:49.652184Z,35009,scripted,Ambiguous,84,scripted_family_heuristic_only,,later_scfu_same_generation,137,26125,10,1044525,Leonora Marty,SimpleChar:78E0FC74,4,d12bd12ff7d801ad,3458.03979,9.145,881.535217,3456.76294,9.109647,877.424072,4.304865,2
m09119,2026-07-22T09:04:51.683502Z,35025,scripted,Ambiguous,84,scripted_family_heuristic_only,,later_scfu_same_generation,137,26125,10,1044525,Leonora Marty,SimpleChar:78E0FC74,4,dd5fdf951e2b327e,3457.09546,9.145,878.705933,3457.13965,9.107692,869.205444,9.500592,2
m09121,2026-07-22T09:04:52.353849Z,35029,scripted,Ambiguous,84,scripted_family_heuristic_only,,later_scfu_same_generation,103,26149,23,1044525,Janae Seaman,SimpleChar:78E0FD08,4,c4f07e772f4fa2d8,3463.42285,9.01,889.418396,3438.57275,9.01,887.679321,24.910878,2
m09126,2026-07-22T09:04:57.036434Z,35068,scripted,Ambiguous,84,scripted_family_heuristic_only,,later_scfu_same_generation,137,26125,10,1044525,Leonora Marty,SimpleChar:78E0FC74,4,cfb94f28e08ddb13,3457.11841,9.145,870.696716,3457.23755,9.732795,860.66803,10.029394,2
m09147,2026-07-22T09:05:02.857170Z,35365,scripted,Ambiguous,84,scripted_family_heuristic_only,,later_scfu_same_generation,137,26125,10,1044525,Leonora Marty,SimpleChar:78E0FC74,4,54bd8eeeb0075d36,3457.22168,9.145,862.090637,3454.45142,9.051506,848.033569,14.327439,2
m09161,2026-07-22T09:05:11.621621Z,35458,scripted,Ambiguous,84,scripted_family_heuristic_only,,later_scfu_same_generation,137,26125,10,1044525,Leonora Marty,SimpleChar:78E0FC74,4,c11e71aa5637eec2,3454.73975,9.145,849.46167,3448.11499,9.051499,842.946228,9.291847,2
m09169,2026-07-22T09:05:16.798282Z,35483,scripted,Ambiguous,84,scripted_family_heuristic_only,,later_scfu_same_generation,137,26125,10,1044525,Leonora Marty,SimpleChar:78E0FC74,4,d877a216b4e5e771,3449.04907,9.145,843.827087,3437.43042,9.01,842.172302,11.7359,2
m09184,2026-07-22T09:05:25.129799Z,35565,scripted,Ambiguous,84,scripted_family_heuristic_only,,later_scfu_same_generation,103,26149,23,1044525,Janae Seaman,SimpleChar:78E0FD08,5,22bcd74d02b0372d,3460.19019,9.145,882.902161,3468.49658,9.01,883.313477,8.316568,2
m09275,2026-07-22T09:06:26.606685Z,37217,scripted,Ambiguous,84,scripted_family_heuristic_only,,preceding_scfu_same_generation,103,203740,2,1044525,Protester,SimpleChar:797FD582,11,98243a84bff3066c,3592.79102,5.110001,800.280884,3573.72852,5.110001,801.586853,19.107183,2
m09284,2026-07-22T09:06:33.893837Z,37327,scripted,Ambiguous,84,scripted_family_heuristic_only,,later_scfu_same_generation,103,203740,2,1044525,Protester,SimpleChar:7985C910,12,4b94149457c28f46,3566.39404,5.110001,817.878052,3564.1167,5.110001,808.276062,9.868358,2
m09290,2026-07-22T09:06:38.465132Z,37399,scripted,Ambiguous,84,scripted_family_heuristic_only,,later_scfu_same_generation,103,203740,2,1044525,Protester,SimpleChar:797FD582,12,bca2d79694a35612,3575.15723,5.110001,801.508728,3559.26318,5.110001,801.117615,15.898861,2
m09291,2026-07-22T09:06:39.243826Z,37411,scripted,Ambiguous,84,scripted_family_heuristic_only,,later_scfu_same_generation,103,203740,2,1044525,Protester,SimpleChar:7985C910,12,f6bb1692a625ebca,3564.46069,5.110001,809.679749,3562.99683,5.110001,799.208618,10.572959,2
m09296,2026-07-22T09:06:45.349335Z,37535,scripted,Ambiguous,84,scripted_family_heuristic_only,,later_scfu_same_generation,103,203740,2,1044525,Protester,SimpleChar:7985C910,12,0dda592efde613e0,3563.16626,5.110001,800.453125,3539.98413,5.110015,796.084534,23.590162,2
m09299,2026-07-22T09:06:48.195904Z,37585,scripted,Ambiguous,84,scripted_family_heuristic_only,,later_scfu_same_generation,103,203740,2,1044525,Protester,SimpleChar:797FD582,12,2037e47c379e942c,3560.56104,5.110001,801.151611,3535.81934,5.110001,799.922363,24.772218,2
m09684,2026-07-22T09:09:33.954272Z,45218,scripted,Ambiguous,84,scripted_family_heuristic_only,,later_scfu_same_generation,103,26149,23,1044525,Janae Seaman,SimpleChar:78E0FD08,6,22bcd74d02b0372d,3460.21094,9.145,882.901917,3468.49658,9.01,883.313477,8.295855,2
m09688,2026-07-22T09:09:39.034387Z,45322,scripted,Ambiguous,84,scripted_family_heuristic_only,,later_scfu_same_generation,103,26149,23,1044525,Janae Seaman,SimpleChar:78E0FD08,6,5246139a6c656f6a,3467.23096,9.01,883.244141,3472.10791,9.01,883.451599,4.88136,2
m09692,2026-07-22T09:09:41.294054Z,45368,scripted,Ambiguous,84,scripted_family_heuristic_only,,later_scfu_same_generation,103,26149,23,1044525,Janae Seaman,SimpleChar:78E0FD08,6,1c91aa099bd3efbb,3470.91113,9.01,883.401672,3472.61182,9.01,885.654236,2.82248,2
m09694,2026-07-22T09:09:42.234000Z,45391,scripted,Ambiguous,84,scripted_family_heuristic_only,,later_scfu_same_generation,103,26149,23,1044525,Janae Seaman,SimpleChar:78E0FD08,6,12e0d3873210dbab,3471.97974,9.01,884.526672,3473.25024,9.01,888.013428,3.711016,2
m09696,2026-07-22T09:09:43.954074Z,45425,scripted,Ambiguous,84,scripted_family_heuristic_only,,later_scfu_same_generation,103,26149,23,1044525,Janae Seaman,SimpleChar:78E0FD08,6,0ddda71e71f5b3c1,3472.78296,9.01,886.65271,3470.88599,9.01,888.954834,2.982997,2
m09698,2026-07-22T09:09:45.114223Z,45448,scripted,Ambiguous,84,scripted_family_heuristic_only,,later_scfu_same_generation,103,26149,23,1044525,Janae Seaman,SimpleChar:78E0FD08,6,66b688f7267af6b6,3471.76904,9.01,888.167419,3468.55835,9.01,888.870117,3.286688,2
m09701,2026-07-22T09:09:46.564218Z,45471,scripted,Ambiguous,84,scripted_family_heuristic_only,,later_scfu_same_generation,103,26149,23,1044525,Janae Seaman,SimpleChar:78E0FD08,6,dbf16c3bdd68e19e,3469.86694,9.01,888.666504,3466.68091,9.01,887.826477,3.29491,2
m09702,2026-07-22T09:09:47.804333Z,45514,scripted,Ambiguous,84,scripted_family_heuristic_only,,later_scfu_same_generation,103,26149,23,1044525,Janae Seaman,SimpleChar:78E0FD08,6,00995c88e35ec324,3467.96533,9.01,888.234558,3462.14771,9.01,889.839905,6.035051,2
m09708,2026-07-22T09:09:50.959362Z,45696,scripted,Ambiguous,84,scripted_family_heuristic_only,,later_scfu_same_generation,103,26149,23,1044525,Janae Seaman,SimpleChar:78E0FD08,6,c4f07e772f4fa2d8,3463.51489,9.01,889.414368,3438.57275,9.01,887.679321,25.002415,2
m09736,2026-07-22T09:10:23.782512Z,46027,scripted,Ambiguous,84,scripted_family_heuristic_only,,later_scfu_same_generation,103,26149,23,1044525,Janae Seaman,SimpleChar:78E0FD08,7,eca2c4975dd079f9,3460.26025,9.145,882.897644,3468.49658,9.01,883.313477,8.246821,2
m09741,2026-07-22T09:10:28.313501Z,46084,scripted,Ambiguous,84,scripted_family_heuristic_only,,later_scfu_same_generation,103,26149,23,1044525,Janae Seaman,SimpleChar:78E0FD08,7,5246139a6c656f6a,3467.03198,9.01,883.231934,3472.10791,9.01,883.451599,5.080681,2
m09749,2026-07-22T09:10:30.869855Z,46190,scripted,Ambiguous,84,scripted_family_heuristic_only,,later_scfu_same_generation,103,26149,23,1044525,Janae Seaman,SimpleChar:78E0FD08,7,e941be33dc652c4d,3470.61816,9.01,883.388428,3472.61182,9.01,885.654236,3.01804,2
m09753,2026-07-22T09:10:32.137207Z,46287,scripted,Ambiguous,84,scripted_family_heuristic_only,,later_scfu_same_generation,103,26149,23,1044525,Janae Seaman,SimpleChar:78E0FD08,7,12e0d3873210dbab,3471.86841,9.01,884.591064,3473.25024,9.01,888.013428,3.690803,2
m09756,2026-07-22T09:10:33.486426Z,46312,scripted,Ambiguous,84,scripted_family_heuristic_only,,later_scfu_same_generation,103,26149,23,1044525,Janae Seaman,SimpleChar:78E0FD08,7,0ddda71e71f5b3c1,3472.76904,9.01,886.731384,3470.88599,9.01,888.954834,2.913693,2
m09762,2026-07-22T09:10:34.613663Z,46374,scripted,Ambiguous,84,scripted_family_heuristic_only,,later_scfu_same_generation,103,26149,23,1044525,Janae Seaman,SimpleChar:78E0FD08,7,66b688f7267af6b6,3471.99316,9.01,888.010315,3468.55835,9.01,888.870117,3.540788,2
m09769,2026-07-22T09:10:36.394160Z,46477,scripted,Ambiguous,84,scripted_family_heuristic_only,,later_scfu_same_generation,103,26149,23,1044525,Janae Seaman,SimpleChar:78E0FD08,7,2da482acec6ff79b,3469.71167,9.01,888.643799,3466.68091,9.01,887.826477,3.139032,2
m09775,2026-07-22T09:10:37.544281Z,46537,scripted,Ambiguous,84,scripted_family_heuristic_only,,later_scfu_same_generation,103,26149,23,1044525,Janae Seaman,SimpleChar:78E0FD08,7,00995c88e35ec324,3467.86938,9.01,888.221252,3462.14771,9.01,889.839905,5.946221,2
m09780,2026-07-22T09:10:40.794369Z,46748,scripted,Ambiguous,84,scripted_family_heuristic_only,,later_scfu_same_generation,103,26149,23,1044525,Janae Seaman,SimpleChar:78E0FD08,7,c4f07e772f4fa2d8,3463.40942,9.01,889.421143,3438.57275,9.01,887.679321,24.897673,2
m09791,2026-07-22T09:10:47.619123Z,47014,scripted,Ambiguous,84,scripted_family_heuristic_only,,later_scfu_same_generation,137,26125,10,1044525,Leonora Marty,SimpleChar:78E0FC74,5,e5d891be987ef4b6,3450.05469,9.145,889.709778,3461.76147,9.01,888.967957,11.73026,2
m09810,2026-07-22T09:10:54.276275Z,47236,scripted,Ambiguous,84,scripted_family_heuristic_only,,later_scfu_same_generation,137,26125,10,1044525,Leonora Marty,SimpleChar:78E0FC74,5,f31773ba46a77157,3460.30933,9.145,889.06012,3466.59814,9.01,889.095337,6.288909,2
m09816,2026-07-22T09:10:57.654211Z,47263,scripted,Ambiguous,84,scripted_family_heuristic_only,,later_scfu_same_generation,137,26125,10,1044525,Leonora Marty,SimpleChar:78E0FC74,5,3e85348d55c532d1,3465.35718,9.01,889.083374,3469.4873,9.01,884.308228,6.313471,2
m09821,2026-07-22T09:11:01.602225Z,47294,scripted,Ambiguous,84,scripted_family_heuristic_only,,later_scfu_same_generation,137,26125,10,1044525,Leonora Marty,SimpleChar:78E0FC74,5,c6d76f2994efd292,3468.7771,9.01,885.219849,3461.42432,9.009971,885.246643,7.352829,2
m09831,2026-07-22T09:11:05.859129Z,47453,scripted,Ambiguous,84,scripted_family_heuristic_only,,later_scfu_same_generation,137,26125,10,1044525,Leonora Marty,SimpleChar:78E0FC74,5,97207de34910a10b,3462.89502,9.01,885.133301,3457.02905,9.109645,880.685242,7.361714,2
m09843,2026-07-22T09:11:09.890763Z,47638,scripted,Ambiguous,84,scripted_family_heuristic_only,,later_scfu_same_generation,137,26125,10,1044525,Leonora Marty,SimpleChar:78E0FC74,5,d12bd12ff7d801ad,3458.11816,9.145,881.572021,3456.76294,9.109647,877.424072,4.363726,2
m09849,2026-07-22T09:11:12.142443Z,47725,scripted,Ambiguous,84,scripted_family_heuristic_only,,later_scfu_same_generation,137,26125,10,1044525,Leonora Marty,SimpleChar:78E0FC74,5,55e471cb26a26951,3457.13452,9.145,878.777527,3457.13965,9.107692,869.205444,9.572084,2
m09856,2026-07-22T09:11:13.489473Z,47785,scripted,Ambiguous,84,scripted_family_heuristic_only,,later_scfu_same_generation,103,26149,23,1044525,Janae Seaman,SimpleChar:78E0FD08,8,22bcd74d02b0372d,3460.05444,9.145,882.915344,3468.49658,9.01,883.313477,8.451523,2
m09867,2026-07-22T09:11:17.386845Z,47976,scripted,Ambiguous,84,scripted_family_heuristic_only,,later_scfu_same_generation,137,26125,10,1044525,Leonora Marty,SimpleChar:78E0FC74,5,cfb94f28e08ddb13,3457.12622,9.145,870.549683,3457.23755,9.732795,860.66803,9.88228,2
m09874,2026-07-22T09:11:18.206238Z,48033,scripted,Ambiguous,84,scripted_family_heuristic_only,,later_scfu_same_generation,103,26149,23,1044525,Janae Seaman,SimpleChar:78E0FD08,8,1a04e7f0616b3893,3467.27856,9.01,883.250122,3472.10791,9.01,883.451599,4.833551,2
m09880,2026-07-22T09:11:20.469169Z,48126,scripted,Ambiguous,84,scripted_family_heuristic_only,,later_scfu_same_generation,103,26149,23,1044525,Janae Seaman,SimpleChar:78E0FD08,8,1c91aa099bd3efbb,3470.87061,9.01,883.40094,3472.61182,9.01,885.654236,2.847658,2
m09883,2026-07-22T09:11:21.699431Z,48165,scripted,Ambiguous,84,scripted_family_heuristic_only,,later_scfu_same_generation,103,26149,23,1044525,Janae Seaman,SimpleChar:78E0FD08,8,12e0d3873210dbab,3471.94116,9.01,884.49762,3473.25024,9.01,888.013428,3.751612,2
m09887,2026-07-22T09:11:23.312575Z,48208,scripted,Ambiguous,84,scripted_family_heuristic_only,,later_scfu_same_generation,137,26125,10,1044525,Leonora Marty,SimpleChar:78E0FC74,5,54bd8eeeb0075d36,3457.22217,9.145,862.111145,3454.45142,9.051506,848.033569,14.347655,2
m09888,2026-07-22T09:11:23.312575Z,48209,scripted,Ambiguous,84,scripted_family_heuristic_only,,later_scfu_same_generation,103,26149,23,1044525,Janae Seaman,SimpleChar:78E0FD08,8,b979bc0890f7070b,3472.86353,9.01,886.91156,3470.88599,9.01,888.954834,2.843525,2
m09889,2026-07-22T09:11:24.393383Z,48231,scripted,Ambiguous,84,scripted_family_heuristic_only,,later_scfu_same_generation,103,26149,23,1044525,Janae Seaman,SimpleChar:78E0FD08,8,66b688f7267af6b6,3472.08862,9.01,888.078918,3468.55835,9.01,888.870117,3.617845,2
m09892,2026-07-22T09:11:26.416509Z,48249,scripted,Ambiguous,84,scripted_family_heuristic_only,,later_scfu_same_generation,103,26149,23,1044525,Janae Seaman,SimpleChar:78E0FD08,8,dbf16c3bdd68e19e,3469.79443,9.01,888.651611,3466.68091,9.01,887.826477,3.221002,2
m09894,2026-07-22T09:11:27.301437Z,48280,scripted,Ambiguous,84,scripted_family_heuristic_only,,later_scfu_same_generation,103,26149,23,1044525,Janae Seaman,SimpleChar:78E0FD08,8,00995c88e35ec324,3467.91162,9.01,888.223755,3462.14771,9.01,889.839905,5.986201,2
m10247,2026-07-22T09:17:15.807760Z,56588,scripted,Ambiguous,84,scripted_family_heuristic_only,,preceding_scfu_same_generation,103,26149,23,1044525,Janae Seaman,SimpleChar:78E0FD08,8,00995c88e35ec324,3467.85278,9.01,888.207886,3462.14771,9.01,889.839905,5.933912,2
m10265,2026-07-22T09:17:25.829086Z,56846,scripted,Ambiguous,84,scripted_family_heuristic_only,,later_scfu_same_generation,137,26125,10,1044525,Leonora Marty,SimpleChar:78E0FC74,6,97207de34910a10b,3462.81177,9.01,885.145508,3457.02905,9.109645,880.685242,7.303001,2
m10269,2026-07-22T09:17:30.248612Z,56928,scripted,Ambiguous,84,scripted_family_heuristic_only,,later_scfu_same_generation,137,26125,10,1044525,Leonora Marty,SimpleChar:78E0FC74,6,d12bd12ff7d801ad,3458.08594,9.145,881.560669,3456.76294,9.109647,877.424072,4.343013,2
m10285,2026-07-22T09:17:52.060433Z,57138,scripted,Ambiguous,84,scripted_family_heuristic_only,,later_scfu_same_generation,103,26149,23,1044525,Janae Seaman,SimpleChar:78E0FD08,10,22bcd74d02b0372d,3460.14893,9.145,882.907227,3468.49658,9.01,883.313477,8.35753,2
m10288,2026-07-22T09:17:56.363269Z,57165,scripted,Ambiguous,84,scripted_family_heuristic_only,,later_scfu_same_generation,103,26149,23,1044525,Janae Seaman,SimpleChar:78E0FD08,10,5246139a6c656f6a,3467.2395,9.01,883.245789,3472.10791,9.01,883.451599,4.872758,2
m10290,2026-07-22T09:17:58.826203Z,57178,scripted,Ambiguous,84,scripted_family_heuristic_only,,later_scfu_same_generation,103,26149,23,1044525,Janae Seaman,SimpleChar:78E0FD08,10,1c91aa099bd3efbb,3470.90161,9.01,883.40155,3472.61182,9.01,885.654236,2.828323,2
m10292,2026-07-22T09:18:00.116400Z,57190,scripted,Ambiguous,84,scripted_family_heuristic_only,,later_scfu_same_generation,103,26149,23,1044525,Janae Seaman,SimpleChar:78E0FD08,10,12e0d3873210dbab,3471.96216,9.01,884.504883,3473.25024,9.01,888.013428,3.737518,2
m10293,2026-07-22T09:18:01.516179Z,57197,scripted,Ambiguous,84,scripted_family_heuristic_only,,later_scfu_same_generation,103,26149,23,1044525,Janae Seaman,SimpleChar:78E0FD08,10,0ddda71e71f5b3c1,3472.80396,9.01,886.723389,3470.88599,9.01,888.954834,2.94244,2
m10296,2026-07-22T09:18:02.806510Z,57204,scripted,Ambiguous,84,scripted_family_heuristic_only,,later_scfu_same_generation,103,26149,23,1044525,Janae Seaman,SimpleChar:78E0FD08,10,66b688f7267af6b6,3471.82983,9.01,888.155701,3468.55835,9.01,888.870117,3.348578,2
m10297,2026-07-22T09:18:04.126238Z,57213,scripted,Ambiguous,84,scripted_family_heuristic_only,,later_scfu_same_generation,103,26149,23,1044525,Janae Seaman,SimpleChar:78E0FD08,10,dbf16c3bdd68e19e,3469.96851,9.01,888.64563,3466.68091,9.01,887.826477,3.388115,2
m10299,2026-07-22T09:18:05.431211Z,57222,scripted,Ambiguous,84,scripted_family_heuristic_only,,later_scfu_same_generation,103,26149,23,1044525,Janae Seaman,SimpleChar:78E0FD08,10,00995c88e35ec324,3468.07007,9.01,888.241943,3462.14771,9.01,889.839905,6.134153,2
m10303,2026-07-22T09:18:08.923837Z,57239,scripted,Ambiguous,84,scripted_family_heuristic_only,,later_scfu_same_generation,103,26149,23,1044525,Janae Seaman,SimpleChar:78E0FD08,10,c4f07e772f4fa2d8,3463.38843,9.01,889.463989,3438.57275,9.01,887.679321,24.879771,2
m10313,2026-07-22T09:18:24.316558Z,57300,scripted,Ambiguous,84,scripted_family_heuristic_only,,later_scfu_same_generation,103,26149,23,1044525,Janae Seaman,SimpleChar:78E0FD08,10,1b2d3d25792b792e,3440.02979,9.01,887.79071,3437.49146,9.01,885.606445,3.348751,2
m10331,2026-07-22T09:18:41.230953Z,57375,scripted,Ambiguous,84,scripted_family_heuristic_only,,later_scfu_same_generation,103,26149,23,1044525,Janae Seaman,SimpleChar:78E0FD08,11,22bcd74d02b0372d,3460.08936,9.145,882.912109,3468.49658,9.01,883.313477,8.416795,2
m10335,2026-07-22T09:18:46.391900Z,57391,scripted,Ambiguous,84,scripted_family_heuristic_only,,later_scfu_same_generation,103,26149,23,1044525,Janae Seaman,SimpleChar:78E0FD08,11,5246139a6c656f6a,3467.17236,9.01,883.243652,3472.10791,9.01,883.451599,4.939929,2
m10338,2026-07-22T09:18:48.257977Z,57402,scripted,Ambiguous,84,scripted_family_heuristic_only,,later_scfu_same_generation,103,26149,23,1044525,Janae Seaman,SimpleChar:78E0FD08,11,e941be33dc652c4d,3470.61841,9.01,883.390076,3472.61182,9.01,885.654236,3.016638,2
m10340,2026-07-22T09:18:49.547773Z,57407,scripted,Ambiguous,84,scripted_family_heuristic_only,,later_scfu_same_generation,103,26149,23,1044525,Janae Seaman,SimpleChar:78E0FD08,11,12e0d3873210dbab,3471.91284,9.01,884.651001,3473.25024,9.01,888.013428,3.61864,2
m10342,2026-07-22T09:18:51.358966Z,57420,scripted,Ambiguous,84,scripted_family_heuristic_only,,later_scfu_same_generation,103,26149,23,1044525,Janae Seaman,SimpleChar:78E0FD08,11,b979bc0890f7070b,3472.81348,9.01,886.825745,3470.88599,9.01,888.954834,2.871975,2
m10343,2026-07-22T09:18:52.284506Z,57447,scripted,Ambiguous,84,scripted_family_heuristic_only,,later_scfu_same_generation,103,26149,23,1044525,Janae Seaman,SimpleChar:78E0FD08,11,66b688f7267af6b6,3471.98193,9.01,888.095093,3468.55835,9.01,888.870117,3.510208,2
m10354,2026-07-22T09:18:53.864336Z,57499,scripted,Ambiguous,84,scripted_family_heuristic_only,,later_scfu_same_generation,103,26149,23,1044525,Janae Seaman,SimpleChar:78E0FD08,11,2da482acec6ff79b,3469.72314,9.01,888.667053,3466.68091,9.01,887.826477,3.156221,2
m10359,2026-07-22T09:18:55.184517Z,57561,scripted,Ambiguous,84,scripted_family_heuristic_only,,later_scfu_same_generation,103,26149,23,1044525,Janae Seaman,SimpleChar:78E0FD08,11,00995c88e35ec324,3467.81958,9.01,888.210632,3462.14771,9.01,889.839905,5.901241,2
m10369,2026-07-22T09:18:58.575386Z,57835,scripted,Ambiguous,84,scripted_family_heuristic_only,,later_scfu_same_generation,103,26149,23,1044525,Janae Seaman,SimpleChar:78E0FD08,11,c4f07e772f4fa2d8,3463.28931,9.01,889.467957,3438.57275,9.01,887.679321,24.781194,2
m10398,2026-07-22T09:19:13.915641Z,58579,scripted,Ambiguous,84,scripted_family_heuristic_only,,later_scfu_same_generation,103,26149,23,1044525,Janae Seaman,SimpleChar:78E0FD08,11,1b2d3d25792b792e,3440.03979,9.01,887.792725,3437.49146,9.01,885.606445,3.357649,2
m10399,2026-07-22T09:19:14.487381Z,58594,scripted,Ambiguous,84,scripted_family_heuristic_only,,later_scfu_same_generation,137,26125,10,1044525,Leonora Marty,SimpleChar:78E0FC74,7,e5d891be987ef4b6,3450.18433,9.145,889.699768,3461.76147,9.01,888.967957,11.600246,2
m10417,2026-07-22T09:19:21.241692Z,58986,scripted,Ambiguous,84,scripted_family_heuristic_only,,later_scfu_same_generation,137,26125,10,1044525,Leonora Marty,SimpleChar:78E0FC74,7,f31773ba46a77157,3460.28418,9.145,889.061646,3466.59814,9.01,889.095337,6.31405,2
m10426,2026-07-22T09:19:24.396488Z,59049,scripted,Ambiguous,84,scripted_family_heuristic_only,,later_scfu_same_generation,137,26125,10,1044525,Leonora Marty,SimpleChar:78E0FC74,7,e97c08af8420f01f,3465.1958,9.01,889.08252,3469.4873,9.01,884.308228,6.419567,2
m10430,2026-07-22T09:19:28.119411Z,59075,scripted,Ambiguous,84,scripted_family_heuristic_only,,later_scfu_same_generation,137,26125,10,1044525,Leonora Marty,SimpleChar:78E0FC74,7,2e28335ff0c6673c,3468.6499,9.01,885.334412,3461.42432,9.009971,885.246643,7.226113,2
m10441,2026-07-22T09:19:30.974767Z,59213,scripted,Ambiguous,84,scripted_family_heuristic_only,,later_scfu_same_generation,103,26149,23,1044525,Janae Seaman,SimpleChar:78E0FD08,12,22bcd74d02b0372d,3460.18604,9.145,882.902954,3468.49658,9.01,883.313477,8.320673,2
m10445,2026-07-22T09:19:32.525017Z,59221,scripted,Ambiguous,84,scripted_family_heuristic_only,,later_scfu_same_generation,137,26125,10,1044525,Leonora Marty,SimpleChar:78E0FC74,7,97207de34910a10b,3462.82422,9.01,885.159607,3457.02905,9.109645,880.685242,7.321471,2
m10449,2026-07-22T09:19:35.649460Z,59229,scripted,Ambiguous,84,scripted_family_heuristic_only,,later_scfu_same_generation,103,26149,23,1044525,Janae Seaman,SimpleChar:78E0FD08,12,5246139a6c656f6a,3467.17505,9.01,883.241577,3472.10791,9.01,883.451599,4.937329,2
m10452,2026-07-22T09:19:36.559229Z,59233,scripted,Ambiguous,84,scripted_family_heuristic_only,,later_scfu_same_generation,137,26125,10,1044525,Leonora Marty,SimpleChar:78E0FC74,7,d12bd12ff7d801ad,3458.0813,9.145,881.556702,3456.76294,9.109647,877.424072,4.337822,2
m10455,2026-07-22T09:19:38.099586Z,59241,scripted,Ambiguous,84,scripted_family_heuristic_only,,later_scfu_same_generation,103,26149,23,1044525,Janae Seaman,SimpleChar:78E0FD08,12,1c91aa099bd3efbb,3470.85522,9.01,883.399353,3472.61182,9.01,885.654236,2.858346,2
m10456,2026-07-22T09:19:39.229102Z,59244,scripted,Ambiguous,84,scripted_family_heuristic_only,,later_scfu_same_generation,103,26149,23,1044525,Janae Seaman,SimpleChar:78E0FD08,12,12e0d3873210dbab,3471.94653,9.01,884.522644,3473.25024,9.01,888.013428,3.726289,2
m10458,2026-07-22T09:19:40.792412Z,59249,scripted,Ambiguous,84,scripted_family_heuristic_only,,later_scfu_same_generation,103,26149,23,1044525,Janae Seaman,SimpleChar:78E0FD08,12,0ddda71e71f5b3c1,3472.79321,9.01,886.710022,3470.88599,9.01,888.954834,2.945619,2
m10461,2026-07-22T09:19:41.932066Z,59253,scripted,Ambiguous,84,scripted_family_heuristic_only,,later_scfu_same_generation,103,26149,23,1044525,Janae Seaman,SimpleChar:78E0FD08,12,66b688f7267af6b6,3472.01392,9.01,887.986755,3468.55835,9.01,888.870117,3.566692,2
m10463,2026-07-22T09:19:43.504785Z,59259,scripted,Ambiguous,84,scripted_family_heuristic_only,,later_scfu_same_generation,103,26149,23,1044525,Janae Seaman,SimpleChar:78E0FD08,12,dbf16c3bdd68e19e,3469.78198,9.01,888.623108,3466.68091,9.01,887.826477,3.201758,2
m10465,2026-07-22T09:19:44.847769Z,59263,scripted,Ambiguous,84,scripted_family_heuristic_only,,later_scfu_same_generation,103,26149,23,1044525,Janae Seaman,SimpleChar:78E0FD08,12,00995c88e35ec324,3467.84644,9.01,888.195801,3462.14771,9.01,889.839905,5.931155,2
m10469,2026-07-22T09:19:48.113298Z,59275,scripted,Ambiguous,84,scripted_family_heuristic_only,,later_scfu_same_generation,103,26149,23,1044525,Janae Seaman,SimpleChar:78E0FD08,12,c4f07e772f4fa2d8,3463.35693,9.01,889.445862,3438.57275,9.01,887.679321,24.847057,2
m10600,2026-07-22T09:21:02.435025Z,60949,scripted,Ambiguous,84,scripted_family_heuristic_only,,later_scfu_same_generation,103,203740,2,1044525,Protester,SimpleChar:797FD582,14,bca2d79694a35612,3575.13208,5.110001,801.512268,3559.26318,5.110001,801.117615,15.873807,2
m10607,2026-07-22T09:21:12.232453Z,61126,scripted,Ambiguous,84,scripted_family_heuristic_only,,later_scfu_same_generation,103,203740,2,1044525,Protester,SimpleChar:797FD582,14,2037e47c379e942c,3560.45288,5.110001,801.149109,3535.81934,5.110001,799.922363,24.664067,2
m10633,2026-07-22T09:21:24.306699Z,62081,scripted,Ambiguous,84,scripted_family_heuristic_only,,later_scfu_same_generation,103,203740,2,1044525,Protester,SimpleChar:7985C910,14,285e7001f31e10b7,3532.99585,5.110001,809.949036,3533.2854,5.110001,818.280701,8.336695,2
m10641,2026-07-22T09:21:28.892355Z,62266,scripted,Ambiguous,84,scripted_family_heuristic_only,,later_scfu_same_generation,103,203740,2,1044525,Protester,SimpleChar:7985C910,14,c331425938eb65ff,3533.24048,5.110001,816.886292,3543.04565,5.110001,824.082031,12.162237,2
m10658,2026-07-22T09:21:40.684271Z,62638,scripted,Ambiguous,84,scripted_family_heuristic_only,,later_scfu_same_generation,103,203740,2,1044525,Protester,SimpleChar:7985C910,15,f96eb21a4afed532,3548.29956,5.110001,824.081909,3567.29199,5.110001,825.066772,19.017948,2
m10678,2026-07-22T09:21:56.333113Z,63129,scripted,Ambiguous,84,scripted_family_heuristic_only,,later_scfu_same_generation,137,26125,10,1044525,Leonora Marty,SimpleChar:78E0FC74,8,54bd8eeeb0075d36,3457.22095,9.145,862.079651,3454.45142,9.051506,848.033569,14.316519,2
m10683,2026-07-22T09:21:59.877279Z,63153,scripted,Ambiguous,84,scripted_family_heuristic_only,,later_scfu_same_generation,103,26149,23,1044525,Janae Seaman,SimpleChar:78E0FD08,13,22bcd74d02b0372d,3460.05347,9.145,882.913757,3468.49658,9.01,883.313477,8.452567,2
m10690,2026-07-22T09:22:04.566798Z,63181,scripted,Ambiguous,84,scripted_family_heuristic_only,,later_scfu_same_generation,103,26149,23,1044525,Janae Seaman,SimpleChar:78E0FD08,13,5246139a6c656f6a,3467.06445,9.01,883.238708,3472.10791,9.01,883.451599,5.047951,2
m10692,2026-07-22T09:22:05.007477Z,63184,scripted,Ambiguous,84,scripted_family_heuristic_only,,later_scfu_same_generation,137,26125,10,1044525,Leonora Marty,SimpleChar:78E0FC74,8,c11e71aa5637eec2,3454.71094,9.145,849.32251,3448.11499,9.051499,842.946228,9.174068,2
m10694,2026-07-22T09:22:06.977000Z,63198,scripted,Ambiguous,84,scripted_family_heuristic_only,,later_scfu_same_generation,103,26149,23,1044525,Janae Seaman,SimpleChar:78E0FD08,13,e941be33dc652c4d,3470.67139,9.01,883.391968,3472.61182,9.01,885.654236,2.980457,2
m10697,2026-07-22T09:22:08.077556Z,63205,scripted,Ambiguous,84,scripted_family_heuristic_only,,later_scfu_same_generation,103,26149,23,1044525,Janae Seaman,SimpleChar:78E0FD08,13,12e0d3873210dbab,3471.79053,9.01,884.439819,3473.25024,9.01,888.013428,3.860238,2
m10699,2026-07-22T09:22:09.797204Z,63216,scripted,Ambiguous,84,scripted_family_heuristic_only,,later_scfu_same_generation,103,26149,23,1044525,Janae Seaman,SimpleChar:78E0FD08,13,b979bc0890f7070b,3472.79395,9.01,886.821594,3470.88599,9.01,888.954834,2.861997,2
m10700,2026-07-22T09:22:10.240579Z,63218,scripted,Ambiguous,84,scripted_family_heuristic_only,,later_scfu_same_generation,137,26125,10,1044525,Leonora Marty,SimpleChar:78E0FC74,8,d877a216b4e5e771,3449.12866,9.145,843.884216,3437.43042,9.01,842.172302,11.822837,2
m10702,2026-07-22T09:22:10.920466Z,63224,scripted,Ambiguous,84,scripted_family_heuristic_only,,later_scfu_same_generation,103,26149,23,1044525,Janae Seaman,SimpleChar:78E0FD08,13,66b688f7267af6b6,3472.03149,9.01,888.047485,3468.55835,9.01,888.870117,3.569233,2
m10704,2026-07-22T09:22:12.428230Z,63236,scripted,Ambiguous,84,scripted_family_heuristic_only,,later_scfu_same_generation,103,26149,23,1044525,Janae Seaman,SimpleChar:78E0FD08,13,dbf16c3bdd68e19e,3469.88354,9.01,888.623108,3466.68091,9.01,887.826477,3.300221,2
m10705,2026-07-22T09:22:13.718249Z,63243,scripted,Ambiguous,84,scripted_family_heuristic_only,,later_scfu_same_generation,103,26149,23,1044525,Janae Seaman,SimpleChar:78E0FD08,13,00995c88e35ec324,3468.01318,9.01,888.230774,3462.14771,9.01,889.839905,6.08219,2
m10711,2026-07-22T09:22:17.000420Z,63265,scripted,Ambiguous,84,scripted_family_heuristic_only,,later_scfu_same_generation,103,26149,23,1044525,Janae Seaman,SimpleChar:78E0FD08,13,c4f07e772f4fa2d8,3463.31079,9.01,889.480896,3438.57275,9.01,887.679321,24.803554,2
m10752,2026-07-22T09:22:48.066728Z,63544,scripted,Ambiguous,84,scripted_family_heuristic_only,,later_scfu_same_generation,137,26125,10,1044525,Leonora Marty,SimpleChar:78E0FC74,9,b4ec398880f4e076,3447.6687,9.145,861.881165,3450.21484,9.107702,867.728149,6.377307,2
m10755,2026-07-22T09:22:49.656330Z,63552,scripted,Ambiguous,84,scripted_family_heuristic_only,,later_scfu_same_generation,103,26149,23,1044525,Janae Seaman,SimpleChar:78E0FD08,14,22bcd74d02b0372d,3460.00806,9.145,882.916443,3468.49658,9.01,883.313477,8.4978,2
m10759,2026-07-22T09:22:51.447657Z,63577,scripted,Ambiguous,84,scripted_family_heuristic_only,,later_scfu_same_generation,137,26125,10,1044525,Leonora Marty,SimpleChar:78E0FC74,9,ea3e8634c5916238,3449.71313,9.145,866.456116,3444.30151,9.0327,868.082703,5.650789,2
m10763,2026-07-22T09:22:54.341340Z,63607,scripted,Ambiguous,84,scripted_family_heuristic_only,,later_scfu_same_generation,103,26149,23,1044525,Janae Seaman,SimpleChar:78E0FD08,14,5246139a6c656f6a,3467.02954,9.01,883.237854,3472.10791,9.01,883.451599,5.082866,2
m10764,2026-07-22T09:22:54.773488Z,63612,scripted,Ambiguous,84,scripted_family_heuristic_only,,later_scfu_same_generation,137,26125,10,1044525,Leonora Marty,SimpleChar:78E0FC74,9,b0a2fb75cb7c265a,3445.60645,9.145,867.841248,3441.89014,9.01,868.379761,3.755124,2
m10767,2026-07-22T09:22:56.361901Z,63619,scripted,Ambiguous,84,scripted_family_heuristic_only,,later_scfu_same_generation,137,26125,10,1044525,Leonora Marty,SimpleChar:78E0FC74,9,e13022d5f9e52507,3443.2688,9.145,868.185791,3437.90552,9.01,869.041199,5.431068,2
m10768,2026-07-22T09:22:56.802065Z,63628,scripted,Ambiguous,84,scripted_family_heuristic_only,,later_scfu_same_generation,103,26149,23,1044525,Janae Seaman,SimpleChar:78E0FD08,14,e941be33dc652c4d,3470.71631,9.01,883.393982,3472.61182,9.01,885.654236,2.949865,2
m10772,2026-07-22T09:22:58.031757Z,63642,scripted,Ambiguous,84,scripted_family_heuristic_only,,later_scfu_same_generation,103,26149,23,1044525,Janae Seaman,SimpleChar:78E0FD08,14,12e0d3873210dbab,3471.81421,9.01,884.434937,3473.25024,9.01,888.013428,3.855876,2
m10774,2026-07-22T09:22:59.504779Z,63651,scripted,Ambiguous,84,scripted_family_heuristic_only,,later_scfu_same_generation,103,26149,23,1044525,Janae Seaman,SimpleChar:78E0FD08,14,818ca27973c7818e,3472.73853,9.01,886.653015,3470.88599,9.01,888.954834,2.954704,2
m10777,2026-07-22T09:23:00.835877Z,63668,scripted,Ambiguous,84,scripted_family_heuristic_only,,later_scfu_same_generation,103,26149,23,1044525,Janae Seaman,SimpleChar:78E0FD08,14,66b688f7267af6b6,3471.76025,9.01,888.164734,3468.55835,9.01,888.870117,3.278678,2
m10781,2026-07-22T09:23:02.248143Z,63677,scripted,Ambiguous,84,scripted_family_heuristic_only,,later_scfu_same_generation,103,26149,23,1044525,Janae Seaman,SimpleChar:78E0FD08,14,dbf16c3bdd68e19e,3469.86206,9.01,888.666809,3466.68091,9.01,887.826477,3.290269,2
m10782,2026-07-22T09:23:03.458564Z,63688,scripted,Ambiguous,84,scripted_family_heuristic_only,,later_scfu_same_generation,103,26149,23,1044525,Janae Seaman,SimpleChar:78E0FD08,14,00995c88e35ec324,3468.00903,9.01,888.248474,3462.14771,9.01,889.839905,6.073527,2
m10787,2026-07-22T09:23:06.730920Z,63715,scripted,Ambiguous,84,scripted_family_heuristic_only,,later_scfu_same_generation,103,26149,23,1044525,Janae Seaman,SimpleChar:78E0FD08,14,c4f07e772f4fa2d8,3463.54541,9.01,889.41156,3438.57275,9.01,887.679321,25.032667,2
m10804,2026-07-22T09:23:20.418097Z,63823,scripted,Ambiguous,84,scripted_family_heuristic_only,,later_scfu_same_generation,103,203740,2,1044525,Protester,SimpleChar:7985C910,16,285e7001f31e10b7,3533.03125,5.110001,810.231873,3533.2854,5.110001,818.280701,8.05284,2
m10813,2026-07-22T09:23:24.378171Z,63857,scripted,Ambiguous,84,scripted_family_heuristic_only,,later_scfu_same_generation,103,203740,2,1044525,Protester,SimpleChar:7985C910,16,c331425938eb65ff,3533.24146,5.110001,816.814026,3543.04565,5.110001,824.082031,12.204345,2
m10819,2026-07-22T09:23:27.441879Z,63879,scripted,Ambiguous,84,scripted_family_heuristic_only,,later_scfu_same_generation,137,26125,10,1044525,Leonora Marty,SimpleChar:78E0FC74,10,e5d891be987ef4b6,3450.0791,9.145,889.715332,3461.76147,9.01,888.967957,11.706252,2
m10823,2026-07-22T09:23:31.651691Z,63901,scripted,Ambiguous,84,scripted_family_heuristic_only,,later_scfu_same_generation,103,203740,2,1044525,Protester,SimpleChar:7985C910,16,0d7d664d8fcba4ce,3541.86353,5.110001,823.252563,3549.47949,5.110001,824.189087,7.673325,2
m10825,2026-07-22T09:23:34.331669Z,63924,scripted,Ambiguous,84,scripted_family_heuristic_only,,later_scfu_same_generation,137,26125,10,1044525,Leonora Marty,SimpleChar:78E0FC74,10,f31773ba46a77157,3460.323,9.145,889.059998,3466.59814,9.01,889.095337,6.27524,2
m10829,2026-07-22T09:23:35.924374Z,63938,scripted,Ambiguous,84,scripted_family_heuristic_only,,later_scfu_same_generation,103,203740,2,1044525,Protester,SimpleChar:7985C910,16,0ae21b8e0f01106b,3548.06494,5.110001,824.04541,3567.29199,5.110001,825.066772,19.254159,2
m10832,2026-07-22T09:23:37.624368Z,63964,scripted,Ambiguous,84,scripted_family_heuristic_only,,later_scfu_same_generation,137,26125,10,1044525,Leonora Marty,SimpleChar:78E0FC74,10,3e85348d55c532d1,3465.33032,9.01,889.083069,3469.4873,9.01,884.308228,6.330844,2
m10837,2026-07-22T09:23:39.414628Z,63983,scripted,Ambiguous,84,scripted_family_heuristic_only,,later_scfu_same_generation,103,26149,23,1044525,Janae Seaman,SimpleChar:78E0FD08,15,22bcd74d02b0372d,3460.19678,9.145,882.903564,3468.49658,9.01,883.313477,8.309916,2
m10840,2026-07-22T09:23:41.004279Z,63998,scripted,Ambiguous,84,scripted_family_heuristic_only,,later_scfu_same_generation,137,26125,10,1044525,Leonora Marty,SimpleChar:78E0FC74,10,2e28335ff0c6673c,3468.61792,9.01,885.415222,3461.42432,9.009971,885.246643,7.195575,2
m10846,2026-07-22T09:23:44.063855Z,64036,scripted,Ambiguous,84,scripted_family_heuristic_only,,later_scfu_same_generation,103,26149,23,1044525,Janae Seaman,SimpleChar:78E0FD08,15,5246139a6c656f6a,3467.16211,9.01,883.240601,3472.10791,9.01,883.451599,4.950299,2
m10848,2026-07-22T09:23:45.690964Z,64059,scripted,Ambiguous,84,scripted_family_heuristic_only,,later_scfu_same_generation,137,26125,10,1044525,Leonora Marty,SimpleChar:78E0FC74,10,97207de34910a10b,3462.76953,9.01,885.17572,3457.02905,9.109645,880.685242,7.288176,2
m10849,2026-07-22T09:23:46.561646Z,64064,scripted,Ambiguous,84,scripted_family_heuristic_only,,later_scfu_same_generation,103,26149,23,1044525,Janae Seaman,SimpleChar:78E0FD08,15,1c91aa099bd3efbb,3470.88672,9.01,883.400635,3472.61182,9.01,885.654236,2.838078,2
m10854,2026-07-22T09:23:47.871630Z,64089,scripted,Ambiguous,84,scripted_family_heuristic_only,,later_scfu_same_generation,103,26149,23,1044525,Janae Seaman,SimpleChar:78E0FD08,15,12e0d3873210dbab,3471.9231,9.01,884.45166,3473.25024,9.01,888.013428,3.800986,2
m10855,2026-07-22T09:23:49.385439Z,64112,scripted,Ambiguous,84,scripted_family_heuristic_only,,later_scfu_same_generation,103,26149,23,1044525,Janae Seaman,SimpleChar:78E0FD08,15,0ddda71e71f5b3c1,3472.76172,9.01,886.624268,3470.88599,9.01,888.954834,2.991638,2
m10858,2026-07-22T09:23:49.625105Z,64119,scripted,Ambiguous,84,scripted_family_heuristic_only,,later_scfu_same_generation,137,26125,10,1044525,Leonora Marty,SimpleChar:78E0FC74,10,d12bd12ff7d801ad,3458.12134,9.145,881.601807,3456.76294,9.109647,877.424072,4.393031,2
m10861,2026-07-22T09:23:50.495596Z,64134,scripted,Ambiguous,84,scripted_family_heuristic_only,,later_scfu_same_generation,103,26149,23,1044525,Janae Seaman,SimpleChar:78E0FD08,15,66b688f7267af6b6,3471.81299,9.01,888.105591,3468.55835,9.01,888.870117,3.343229,2
m10864,2026-07-22T09:23:51.716080Z,64152,scripted,Ambiguous,84,scripted_family_heuristic_only,,later_scfu_same_generation,137,26125,10,1044525,Leonora Marty,SimpleChar:78E0FC74,10,55e471cb26a26951,3457.15332,9.145,878.845215,3457.13965,9.107692,869.205444,9.639781,2
m10865,2026-07-22T09:23:51.916693Z,64164,scripted,Ambiguous,84,scripted_family_heuristic_only,,later_scfu_same_generation,103,26149,23,1044525,Janae Seaman,SimpleChar:78E0FD08,15,dbf16c3bdd68e19e,3469.95459,9.01,888.628845,3466.68091,9.01,887.826477,3.370575,2
m10868,2026-07-22T09:23:53.118977Z,64188,scripted,Ambiguous,84,scripted_family_heuristic_only,,later_scfu_same_generation,103,26149,23,1044525,Janae Seaman,SimpleChar:78E0FD08,15,00995c88e35ec324,3468.06104,9.01,888.236084,3462.14771,9.01,889.839905,6.126966,2
m10871,2026-07-22T09:23:56.288445Z,64237,scripted,Ambiguous,84,scripted_family_heuristic_only,,later_scfu_same_generation,103,26149,23,1044525,Janae Seaman,SimpleChar:78E0FD08,15,c4f07e772f4fa2d8,3463.50928,9.01,889.425232,3438.57275,9.01,887.679321,24.997575,2
m10874,2026-07-22T09:23:57.418452Z,64254,scripted,Ambiguous,84,scripted_family_heuristic_only,,later_scfu_same_generation,137,26125,10,1044525,Leonora Marty,SimpleChar:78E0FC74,10,cfb94f28e08ddb13,3457.12939,9.145,870.500427,3457.23755,9.732795,860.66803,9.832992,2
m10884,2026-07-22T09:24:03.020548Z,64330,scripted,Ambiguous,84,scripted_family_heuristic_only,,later_scfu_same_generation,137,26125,10,1044525,Leonora Marty,SimpleChar:78E0FC74,10,54bd8eeeb0075d36,3457.22266,9.145,862.007202,3454.45142,9.051506,848.033569,14.245778,2
m10894,2026-07-22T09:24:11.872705Z,64448,scripted,Ambiguous,84,scripted_family_heuristic_only,,later_scfu_same_generation,137,26125,10,1044525,Leonora Marty,SimpleChar:78E0FC74,10,d4cb2a685fa547ec,3454.6936,9.145,849.226318,3448.11499,9.051499,842.946228,9.094924,2
m10903,2026-07-22T09:24:16.710361Z,64508,scripted,Ambiguous,84,scripted_family_heuristic_only,,later_scfu_same_generation,137,26125,10,1044525,Leonora Marty,SimpleChar:78E0FC74,10,d877a216b4e5e771,3449.21289,9.145,843.948914,3437.43042,9.01,842.172302,11.91566,2
m10917,2026-07-22T09:24:29.040896Z,64624,scripted,Ambiguous,84,scripted_family_heuristic_only,,later_scfu_same_generation,103,26149,23,1044525,Janae Seaman,SimpleChar:78E0FD08,16,22bcd74d02b0372d,3460.15454,9.145,882.903992,3468.49658,9.01,883.313477,8.352084,2
m10922,2026-07-22T09:24:33.881177Z,64667,scripted,Ambiguous,84,scripted_family_heuristic_only,,later_scfu_same_generation,103,26149,23,1044525,Janae Seaman,SimpleChar:78E0FD08,16,5246139a6c656f6a,3467.11621,9.01,883.238892,3472.10791,9.01,883.451599,4.99623,2
m10925,2026-07-22T09:24:36.111907Z,64685,scripted,Ambiguous,84,scripted_family_heuristic_only,,later_scfu_same_generation,103,26149,23,1044525,Janae Seaman,SimpleChar:78E0FD08,16,1c91aa099bd3efbb,3470.75049,9.01,883.394897,3472.61182,9.01,885.654236,2.927313,2
m10927,2026-07-22T09:24:37.231570Z,64697,scripted,Ambiguous,84,scripted_family_heuristic_only,,later_scfu_same_generation,103,26149,23,1044525,Janae Seaman,SimpleChar:78E0FD08,16,12e0d3873210dbab,3471.86279,9.01,884.478455,3473.25024,9.01,888.013428,3.797506,2
m10930,2026-07-22T09:24:38.931742Z,64712,scripted,Ambiguous,84,scripted_family_heuristic_only,,later_scfu_same_generation,103,26149,23,1044525,Janae Seaman,SimpleChar:78E0FD08,16,b979bc0890f7070b,3472.82568,9.01,886.860535,3470.88599,9.01,888.954834,2.854555,2
m10931,2026-07-22T09:24:40.071784Z,64723,scripted,Ambiguous,84,scripted_family_heuristic_only,,later_scfu_same_generation,103,26149,23,1044525,Janae Seaman,SimpleChar:78E0FD08,16,66b688f7267af6b6,3472.03125,9.01,888.082092,3468.55835,9.01,888.870117,3.561182,2
m10934,2026-07-22T09:24:41.642007Z,64736,scripted,Ambiguous,84,scripted_family_heuristic_only,,later_scfu_same_generation,103,26149,23,1044525,Janae Seaman,SimpleChar:78E0FD08,16,dbf16c3bdd68e19e,3469.79053,9.01,888.651855,3466.68091,9.01,887.826477,3.217295,2
m10936,2026-07-22T09:24:42.953847Z,64749,scripted,Ambiguous,84,scripted_family_heuristic_only,,later_scfu_same_generation,103,26149,23,1044525,Janae Seaman,SimpleChar:78E0FD08,16,00995c88e35ec324,3467.88257,9.01,888.214844,3462.14771,9.01,889.839905,5.960658,2
m10940,2026-07-22T09:24:46.184694Z,64779,scripted,Ambiguous,84,scripted_family_heuristic_only,,later_scfu_same_generation,103,26149,23,1044525,Janae Seaman,SimpleChar:78E0FD08,16,c4f07e772f4fa2d8,3463.26074,9.01,889.469238,3438.57275,9.01,887.679321,24.752791,2
m10956,2026-07-22T09:24:54.611359Z,64882,scripted,Ambiguous,84,scripted_family_heuristic_only,,later_scfu_same_generation,137,26125,10,1044525,Leonora Marty,SimpleChar:78E0FC74,11,b4ec398880f4e076,3447.61865,9.145,861.858093,3450.21484,9.107702,867.728149,6.418548,2
m10961,2026-07-22T09:24:58.131645Z,64908,scripted,Ambiguous,84,scripted_family_heuristic_only,,later_scfu_same_generation,137,26125,10,1044525,Leonora Marty,SimpleChar:78E0FC74,11,c3e09334ad7cf67e,3449.7666,9.145,866.611633,3444.30151,9.0327,868.082703,5.659616,2
m10966,2026-07-22T09:25:01.493938Z,64943,scripted,Ambiguous,84,scripted_family_heuristic_only,,later_scfu_same_generation,137,26125,10,1044525,Leonora Marty,SimpleChar:78E0FC74,11,b0a2fb75cb7c265a,3445.60791,9.145,867.880615,3441.89014,9.01,868.379761,3.751128,2
m10967,2026-07-22T09:25:01.733532Z,64944,scripted,Ambiguous,84,scripted_family_heuristic_only,,later_scfu_same_generation,103,26149,23,1044525,Janae Seaman,SimpleChar:78E0FD08,16,1b2d3d25792b792e,3440.03174,9.01,887.792603,3437.49146,9.01,885.606445,3.351464,2
m10968,2026-07-22T09:25:03.018788Z,64948,scripted,Ambiguous,84,scripted_family_heuristic_only,,later_scfu_same_generation,137,26125,10,1044525,Leonora Marty,SimpleChar:78E0FC74,11,e13022d5f9e52507,3443.33887,9.145,868.188354,3437.90552,9.01,869.041199,5.499876,2
m10984,2026-07-22T09:25:15.674711Z,65056,scripted,Ambiguous,84,scripted_family_heuristic_only,,later_scfu_same_generation,103,203740,2,1044525,Protester,SimpleChar:7985C910,17,285e7001f31e10b7,3533.03149,5.110001,809.968445,3533.2854,5.110001,818.280701,8.316133,2
m10987,2026-07-22T09:25:18.695808Z,65075,scripted,Ambiguous,84,scripted_family_heuristic_only,,later_scfu_same_generation,103,26149,23,1044525,Janae Seaman,SimpleChar:78E0FD08,17,22bcd74d02b0372d,3459.97388,9.145,882.917664,3468.49658,9.01,883.313477,8.531886,2
m10989,2026-07-22T09:25:20.196056Z,65087,scripted,Ambiguous,84,scripted_family_heuristic_only,,later_scfu_same_generation,103,203740,2,1044525,Protester,SimpleChar:7985C910,17,dbfb05d57e8fc6c2,3533.25098,5.110001,817.101929,3543.04565,5.110001,824.082031,12.02736,2
m10993,2026-07-22T09:25:23.292955Z,65102,scripted,Ambiguous,84,scripted_family_heuristic_only,,later_scfu_same_generation,103,26149,23,1044525,Janae Seaman,SimpleChar:78E0FD08,17,5246139a6c656f6a,3467.02148,9.01,883.237915,3472.10791,9.01,883.451599,5.090917,2
m10997,2026-07-22T09:25:26.196201Z,65118,scripted,Ambiguous,84,scripted_family_heuristic_only,,later_scfu_same_generation,103,26149,23,1044525,Janae Seaman,SimpleChar:78E0FD08,17,e941be33dc652c4d,3470.74585,9.01,883.395508,3472.61182,9.01,885.654236,2.929795,2
m10999,2026-07-22T09:25:26.916492Z,65129,scripted,Ambiguous,84,scripted_family_heuristic_only,,later_scfu_same_generation,103,26149,23,1044525,Janae Seaman,SimpleChar:78E0FD08,17,12e0d3873210dbab,3471.8833,9.01,884.513916,3473.25024,9.01,888.013428,3.757008,2
m11000,2026-07-22T09:25:27.550277Z,65133,scripted,Ambiguous,84,scripted_family_heuristic_only,,later_scfu_same_generation,103,203740,2,1044525,Protester,SimpleChar:7985C910,17,0d7d664d8fcba4ce,3541.84302,5.110001,823.272766,3549.47949,5.110001,824.189087,7.691249,2
m11002,2026-07-22T09:25:28.429715Z,65141,scripted,Ambiguous,84,scripted_family_heuristic_only,,later_scfu_same_generation,103,26149,23,1044525,Janae Seaman,SimpleChar:78E0FD08,17,818ca27973c7818e,3472.73584,9.01,886.606628,3470.88599,9.01,888.954834,2.989317,2
m11005,2026-07-22T09:25:30.170408Z,65148,scripted,Ambiguous,84,scripted_family_heuristic_only,,later_scfu_same_generation,103,26149,23,1044525,Janae Seaman,SimpleChar:78E0FD08,17,66b688f7267af6b6,3471.79492,9.01,888.104431,3468.55835,9.01,888.870117,3.325907,2
m11007,2026-07-22T09:25:31.032808Z,65158,scripted,Ambiguous,84,scripted_family_heuristic_only,,later_scfu_same_generation,103,26149,23,1044525,Janae Seaman,SimpleChar:78E0FD08,17,dbf16c3bdd68e19e,3469.97144,9.01,888.625427,3466.68091,9.01,887.826477,3.386135,2
m11009,2026-07-22T09:25:31.712173Z,65161,scripted,Ambiguous,84,scripted_family_heuristic_only,,later_scfu_same_generation,103,203740,2,1044525,Protester,SimpleChar:7985C910,17,f96eb21a4afed532,3548.29028,5.110001,824.071045,3567.29199,5.110001,825.066772,19.027781,2
m11010,2026-07-22T09:25:32.382008Z,65163,scripted,Ambiguous,84,scripted_family_heuristic_only,,later_scfu_same_generation,103,26149,23,1044525,Janae Seaman,SimpleChar:78E0FD08,17,00995c88e35ec324,3468.02612,9.01,888.222046,3462.14771,9.01,889.839905,6.096981,2
m11013,2026-07-22T09:25:34.173292Z,65173,scripted,Ambiguous,84,scripted_family_heuristic_only,,later_scfu_same_generation,137,26125,10,1044525,Leonora Marty,SimpleChar:78E0FC74,12,e5d891be987ef4b6,3450.23315,9.145,889.693665,3461.76147,9.01,888.967957,11.551139,2
m11016,2026-07-22T09:25:35.473420Z,65180,scripted,Ambiguous,84,scripted_family_heuristic_only,,later_scfu_same_generation,103,26149,23,1044525,Janae Seaman,SimpleChar:78E0FD08,17,c4f07e772f4fa2d8,3463.57666,9.01,889.398743,3438.57275,9.01,887.679321,25.062959,2
m11027,2026-07-22T09:25:41.494511Z,65218,scripted,Ambiguous,84,scripted_family_heuristic_only,,later_scfu_same_generation,137,26125,10,1044525,Leonora Marty,SimpleChar:78E0FC74,12,f31773ba46a77157,3460.55151,9.145,889.044434,3466.59814,9.01,889.095337,6.046844,2
m11032,2026-07-22T09:25:44.545292Z,65233,scripted,Ambiguous,84,scripted_family_heuristic_only,,later_scfu_same_generation,137,26125,10,1044525,Leonora Marty,SimpleChar:78E0FC74,12,e97c08af8420f01f,3465.21851,9.01,889.078064,3469.4873,9.01,884.308228,6.401086,2
m11034,2026-07-22T09:25:47.553411Z,65248,scripted,Ambiguous,84,scripted_family_heuristic_only,,later_scfu_same_generation,137,26125,10,1044525,Leonora Marty,SimpleChar:78E0FC74,12,2e28335ff0c6673c,3468.56445,9.01,885.448792,3461.42432,9.009971,885.246643,7.142991,2
m11042,2026-07-22T09:25:52.253812Z,65285,scripted,Ambiguous,84,scripted_family_heuristic_only,,later_scfu_same_generation,137,26125,10,1044525,Leonora Marty,SimpleChar:78E0FC74,12,ffcf541a2a6d596b,3462.66479,9.01,885.187256,3457.02905,9.109645,880.685242,7.213161,2
m11047,2026-07-22T09:25:56.307960Z,65314,scripted,Ambiguous,84,scripted_family_heuristic_only,,later_scfu_same_generation,137,26125,10,1044525,Leonora Marty,SimpleChar:78E0FC74,12,d12bd12ff7d801ad,3457.9729,9.145,881.494568,3456.76294,9.109647,877.424072,4.246521,2
m11050,2026-07-22T09:25:58.288440Z,65327,scripted,Ambiguous,84,scripted_family_heuristic_only,,later_scfu_same_generation,137,26125,10,1044525,Leonora Marty,SimpleChar:78E0FC74,12,dd5fdf951e2b327e,3457.07056,9.145,878.680359,3457.13965,9.107692,869.205444,9.475167,2
m11057,2026-07-22T09:26:03.998463Z,65353,scripted,Ambiguous,84,scripted_family_heuristic_only,,later_scfu_same_generation,137,26125,10,1044525,Leonora Marty,SimpleChar:78E0FC74,12,cfb94f28e08ddb13,3457.11597,9.145,870.657837,3457.23755,9.732795,860.66803,9.990547,2
m11064,2026-07-22T09:26:08.300296Z,65390,scripted,Ambiguous,84,scripted_family_heuristic_only,,later_scfu_same_generation,103,26149,23,1044525,Janae Seaman,SimpleChar:78E0FD08,18,22bcd74d02b0372d,3459.97021,9.145,882.920044,3468.49658,9.01,883.313477,8.535442,2
m11065,2026-07-22T09:26:09.389290Z,65395,scripted,Ambiguous,84,scripted_family_heuristic_only,,later_scfu_same_generation,137,26125,10,1044525,Leonora Marty,SimpleChar:78E0FC74,12,54bd8eeeb0075d36,3457.21973,9.145,862.113708,3454.45142,9.051506,848.033569,14.349699,2
m11069,2026-07-22T09:26:14.103169Z,65416,scripted,Ambiguous,84,scripted_family_heuristic_only,,later_scfu_same_generation,103,26149,23,1044525,Janae Seaman,SimpleChar:78E0FD08,18,23fb8a1c177c7f0b,3468.36523,9.01,883.306763,3472.10791,9.01,883.451599,3.745481,2
m11072,2026-07-22T09:26:16.293458Z,65424,scripted,Ambiguous,84,scripted_family_heuristic_only,,later_scfu_same_generation,103,26149,23,1044525,Janae Seaman,SimpleChar:78E0FD08,18,e941be33dc652c4d,3470.63013,9.01,883.394531,3472.61182,9.01,885.654236,3.005555,2
m11073,2026-07-22T09:26:17.362605Z,65431,scripted,Ambiguous,84,scripted_family_heuristic_only,,later_scfu_same_generation,103,26149,23,1044525,Janae Seaman,SimpleChar:78E0FD08,18,12e0d3873210dbab,3471.78467,9.01,884.463684,3473.25024,9.01,888.013428,3.840388,2
m11075,2026-07-22T09:26:18.142759Z,65439,scripted,Ambiguous,84,scripted_family_heuristic_only,,later_scfu_same_generation,137,26125,10,1044525,Leonora Marty,SimpleChar:78E0FC74,12,c11e71aa5637eec2,3454.70215,9.145,849.278625,3448.11499,9.051499,842.946228,9.137282,2
m11077,2026-07-22T09:26:18.562469Z,65441,scripted,Ambiguous,84,scripted_family_heuristic_only,,later_scfu_same_generation,103,26149,23,1044525,Janae Seaman,SimpleChar:78E0FD08,18,818ca27973c7818e,3472.71436,9.01,886.625549,3470.88599,9.01,888.954834,2.961166,2
m11079,2026-07-22T09:26:19.713418Z,65447,scripted,Ambiguous,84,scripted_family_heuristic_only,,later_scfu_same_generation,103,26149,23,1044525,Janae Seaman,SimpleChar:78E0FD08,18,66b688f7267af6b6,3471.97583,9.01,887.937866,3468.55835,9.01,888.870117,3.542353,2
m11082,2026-07-22T09:26:21.223439Z,65460,scripted,Ambiguous,84,scripted_family_heuristic_only,,later_scfu_same_generation,103,26149,23,1044525,Janae Seaman,SimpleChar:78E0FD08,18,dbf16c3bdd68e19e,3469.84253,9.01,888.592529,3466.68091,9.01,887.826477,3.253103,2
m11084,2026-07-22T09:26:22.575738Z,65464,scripted,Ambiguous,84,scripted_family_heuristic_only,,later_scfu_same_generation,103,26149,23,1044525,Janae Seaman,SimpleChar:78E0FD08,18,00995c88e35ec324,3467.9021,9.01,888.194275,3462.14771,9.01,889.839905,5.985073,2
m11086,2026-07-22T09:26:23.425666Z,65471,scripted,Ambiguous,84,scripted_family_heuristic_only,,later_scfu_same_generation,137,26125,10,1044525,Leonora Marty,SimpleChar:78E0FC74,12,d877a216b4e5e771,3449.03906,9.145,843.79657,3437.43042,9.01,842.172302,11.721722,2
m11091,2026-07-22T09:26:25.651692Z,65481,scripted,Ambiguous,84,scripted_family_heuristic_only,,later_scfu_same_generation,103,26149,23,1044525,Janae Seaman,SimpleChar:78E0FD08,18,c4f07e772f4fa2d8,3463.47949,9.01,889.410034,3438.57275,9.01,887.679321,24.966799,2
m11123,2026-07-22T09:26:58.507970Z,65643,scripted,Ambiguous,84,scripted_family_heuristic_only,,later_scfu_same_generation,103,26149,23,1044525,Janae Seaman,SimpleChar:78E0FD08,19,22bcd74d02b0372d,3460.10254,9.145,882.908386,3468.49658,9.01,883.313477,8.403809,2
m11127,2026-07-22T09:27:01.169896Z,65657,scripted,Ambiguous,84,scripted_family_heuristic_only,,later_scfu_same_generation,137,26125,10,1044525,Leonora Marty,SimpleChar:78E0FC74,13,b4ec398880f4e076,3447.63525,9.145,861.86615,3450.21484,9.107702,867.728149,6.404476,2
m11133,2026-07-22T09:27:03.611622Z,65676,scripted,Ambiguous,84,scripted_family_heuristic_only,,later_scfu_same_generation,103,26149,23,1044525,Janae Seaman,SimpleChar:78E0FD08,19,5246139a6c656f6a,3467.11035,9.01,883.239746,3472.10791,9.01,883.451599,5.002048,2
m11134,2026-07-22T09:27:04.562083Z,65679,scripted,Ambiguous,84,scripted_family_heuristic_only,,later_scfu_same_generation,137,26125,10,1044525,Leonora Marty,SimpleChar:78E0FC74,13,ea3e8634c5916238,3449.68921,9.145,866.410034,3444.30151,9.0327,868.082703,5.641377,2
m11139,2026-07-22T09:27:05.643092Z,65690,scripted,Ambiguous,84,scripted_family_heuristic_only,,later_scfu_same_generation,103,26149,23,1044525,Janae Seaman,SimpleChar:78E0FD08,19,1c91aa099bd3efbb,3470.80591,9.01,883.397461,3472.61182,9.01,885.654236,2.890388,2
m11140,2026-07-22T09:27:06.784061Z,65694,scripted,Ambiguous,84,scripted_family_heuristic_only,,later_scfu_same_generation,103,26149,23,1044525,Janae Seaman,SimpleChar:78E0FD08,19,12e0d3873210dbab,3471.91748,9.01,884.515686,3473.25024,9.01,888.013428,3.743053,2
m11143,2026-07-22T09:27:08.114189Z,65700,scripted,Ambiguous,84,scripted_family_heuristic_only,,later_scfu_same_generation,137,26125,10,1044525,Leonora Marty,SimpleChar:78E0FC74,13,b0a2fb75cb7c265a,3445.56836,9.145,867.836365,3441.89014,9.01,868.379761,3.718142,2
m11144,2026-07-22T09:27:08.573910Z,65707,scripted,Ambiguous,84,scripted_family_heuristic_only,,later_scfu_same_generation,103,26149,23,1044525,Janae Seaman,SimpleChar:78E0FD08,19,0ddda71e71f5b3c1,3472.77368,9.01,886.678223,3470.88599,9.01,888.954834,2.95742,2
m11146,2026-07-22T09:27:09.486385Z,65714,scripted,Ambiguous,84,scripted_family_heuristic_only,,later_scfu_same_generation,137,26125,10,1044525,Leonora Marty,SimpleChar:78E0FC74,13,70c9651aa0a41edb,3443.21167,9.145,868.19104,3437.90552,9.01,869.041199,5.373825,2
m11148,2026-07-22T09:27:09.486385Z,65716,scripted,Ambiguous,84,scripted_family_heuristic_only,,later_scfu_same_generation,103,26149,23,1044525,Janae Seaman,SimpleChar:78E0FD08,19,66b688f7267af6b6,3471.99854,9.01,887.972778,3468.55835,9.01,888.870117,3.555295,2
m11152,2026-07-22T09:27:11.098283Z,65721,scripted,Ambiguous,84,scripted_family_heuristic_only,,later_scfu_same_generation,103,203740,2,1044525,Protester,SimpleChar:7985C910,18,285e7001f31e10b7,3533.02002,5.110001,810.103882,3533.2854,5.110001,818.280701,8.181124,2
m11153,2026-07-22T09:27:11.098283Z,65722,scripted,Ambiguous,84,scripted_family_heuristic_only,,later_scfu_same_generation,103,26149,23,1044525,Janae Seaman,SimpleChar:78E0FD08,19,2da482acec6ff79b,3469.72461,9.01,888.630249,3466.68091,9.01,887.826477,3.148041,2
m11156,2026-07-22T09:27:12.660296Z,65735,scripted,Ambiguous,84,scripted_family_heuristic_only,,later_scfu_same_generation,103,26149,23,1044525,Janae Seaman,SimpleChar:78E0FD08,19,00995c88e35ec324,3467.8064,9.01,888.194519,3462.14771,9.01,889.839905,5.893052,2
m11161,2026-07-22T09:27:15.565011Z,65752,scripted,Ambiguous,84,scripted_family_heuristic_only,,later_scfu_same_generation,103,203740,2,1044525,Protester,SimpleChar:7985C910,18,c331425938eb65ff,3533.24048,5.110001,816.804077,3543.04565,5.110001,824.082031,12.211059,2
m11162,2026-07-22T09:27:15.565011Z,65753,scripted,Ambiguous,84,scripted_family_heuristic_only,,later_scfu_same_generation,103,26149,23,1044525,Janae Seaman,SimpleChar:78E0FD08,19,c4f07e772f4fa2d8,3463.33374,9.01,889.449585,3438.57275,9.01,887.679321,24.824191,2
m11172,2026-07-22T09:27:23.014582Z,65793,scripted,Ambiguous,84,scripted_family_heuristic_only,,later_scfu_same_generation,103,203740,2,1044525,Protester,SimpleChar:7985C910,18,0d7d664d8fcba4ce,3542.06836,5.110001,823.395569,3549.47949,5.110001,824.189087,7.45349,2
m11179,2026-07-22T09:27:27.065303Z,65815,scripted,Ambiguous,84,scripted_family_heuristic_only,,later_scfu_same_generation,103,203740,2,1044525,Protester,SimpleChar:7985C910,18,0ae21b8e0f01106b,3548.07349,5.110001,824.069763,3567.29199,5.110001,825.066772,19.244344,2
m11196,2026-07-22T09:27:40.536057Z,65886,scripted,Ambiguous,84,scripted_family_heuristic_only,,later_scfu_same_generation,137,26125,10,1044525,Leonora Marty,SimpleChar:78E0FC74,14,e5d891be987ef4b6,3450.09766,9.145,889.705444,3461.76147,9.01,888.967957,11.687102,2
m11205,2026-07-22T09:27:47.525357Z,65920,scripted,Ambiguous,84,scripted_family_heuristic_only,,later_scfu_same_generation,137,26125,10,1044525,Leonora Marty,SimpleChar:78E0FC74,14,f31773ba46a77157,3460.55762,9.145,889.044312,3466.59814,9.01,889.095337,6.040736,2
m11206,2026-07-22T09:27:48.198218Z,65927,scripted,Ambiguous,84,scripted_family_heuristic_only,,later_scfu_same_generation,103,26149,23,1044525,Janae Seaman,SimpleChar:78E0FD08,20,22bcd74d02b0372d,3460.02759,9.145,882.912537,3468.49658,9.01,883.313477,8.478475,2
m11210,2026-07-22T09:27:50.634411Z,65944,scripted,Ambiguous,84,scripted_family_heuristic_only,,later_scfu_same_generation,137,26125,10,1044525,Leonora Marty,SimpleChar:78E0FC74,14,e97c08af8420f01f,3465.22192,9.01,889.077942,3469.4873,9.01,884.308228,6.398722,2
m11212,2026-07-22T09:27:52.858456Z,65948,scripted,Ambiguous,84,scripted_family_heuristic_only,,later_scfu_same_generation,103,26149,23,1044525,Janae Seaman,SimpleChar:78E0FD08,20,5246139a6c656f6a,3467.00537,9.01,883.235718,3472.10791,9.01,883.451599,5.107105,2
m11214,2026-07-22T09:27:54.171607Z,65959,scripted,Ambiguous,84,scripted_family_heuristic_only,,later_scfu_same_generation,137,26125,10,1044525,Leonora Marty,SimpleChar:78E0FC74,14,2e28335ff0c6673c,3468.7041,9.01,885.276489,3461.42432,9.009971,885.246643,7.279841,2
m11217,2026-07-22T09:27:55.452608Z,65965,scripted,Ambiguous,84,scripted_family_heuristic_only,,later_scfu_same_generation,103,26149,23,1044525,Janae Seaman,SimpleChar:78E0FD08,20,1c91aa099bd3efbb,3470.90991,9.01,883.401855,3472.61182,9.01,885.654236,2.823069,2
m11221,2026-07-22T09:27:56.572599Z,65973,scripted,Ambiguous,84,scripted_family_heuristic_only,,later_scfu_same_generation,103,26149,23,1044525,Janae Seaman,SimpleChar:78E0FD08,20,12e0d3873210dbab,3471.96533,9.01,884.503296,3473.25024,9.01,888.013428,3.737917,2
m11224,2026-07-22T09:27:58.110933Z,65981,scripted,Ambiguous,84,scripted_family_heuristic_only,,later_scfu_same_generation,103,26149,23,1044525,Janae Seaman,SimpleChar:78E0FD08,20,0ddda71e71f5b3c1,3472.78149,9.01,886.656494,3470.88599,9.01,888.954834,2.979142,2
m11226,2026-07-22T09:27:58.972862Z,65988,scripted,Ambiguous,84,scripted_family_heuristic_only,,later_scfu_same_generation,137,26125,10,1044525,Leonora Marty,SimpleChar:78E0FC74,14,ffcf541a2a6d596b,3462.63306,9.01,885.162659,3457.02905,9.109645,880.685242,7.173018,2
m11227,2026-07-22T09:27:59.402568Z,65990,scripted,Ambiguous,84,scripted_family_heuristic_only,,later_scfu_same_generation,103,26149,23,1044525,Janae Seaman,SimpleChar:78E0FD08,20,66b688f7267af6b6,3471.81763,9.01,888.124756,3468.55835,9.01,888.870117,3.343422,2
m11231,2026-07-22T09:28:00.775712Z,66001,scripted,Ambiguous,84,scripted_family_heuristic_only,,later_scfu_same_generation,103,26149,23,1044525,Janae Seaman,SimpleChar:78E0FD08,20,dbf16c3bdd68e19e,3469.89502,9.01,888.645813,3466.68091,9.01,887.826477,3.316898,2
m11232,2026-07-22T09:28:02.076397Z,66005,scripted,Ambiguous,84,scripted_family_heuristic_only,,later_scfu_same_generation,103,26149,23,1044525,Janae Seaman,SimpleChar:78E0FD08,20,00995c88e35ec324,3468.00952,9.01,888.236206,3462.14771,9.01,889.839905,6.077225,2
m11234,2026-07-22T09:28:02.988863Z,66013,scripted,Ambiguous,84,scripted_family_heuristic_only,,later_scfu_same_generation,137,26125,10,1044525,Leonora Marty,SimpleChar:78E0FC74,14,d12bd12ff7d801ad,3457.98828,9.145,881.510498,3456.76294,9.109647,877.424072,4.266185,2
m11237,2026-07-22T09:28:05.172381Z,66023,scripted,Ambiguous,84,scripted_family_heuristic_only,,later_scfu_same_generation,137,26125,10,1044525,Leonora Marty,SimpleChar:78E0FC74,14,55e471cb26a26951,3457.09375,9.145,878.759949,3457.13965,9.107692,869.205444,9.554615,2
m11240,2026-07-22T09:28:05.172880Z,66026,scripted,Ambiguous,84,scripted_family_heuristic_only,,later_scfu_same_generation,103,26149,23,1044525,Janae Seaman,SimpleChar:78E0FD08,20,c4f07e772f4fa2d8,3463.55933,9.01,889.405212,3438.57275,9.01,887.679321,25.046115,2
m11245,2026-07-22T09:28:10.357757Z,66049,scripted,Ambiguous,84,scripted_family_heuristic_only,,later_scfu_same_generation,137,26125,10,1044525,Leonora Marty,SimpleChar:78E0FC74,14,cfb94f28e08ddb13,3457.11963,9.145,870.648621,3457.23755,9.732795,860.66803,9.981288,2
m11255,2026-07-22T09:28:16.189596Z,66082,scripted,Ambiguous,84,scripted_family_heuristic_only,,later_scfu_same_generation,137,26125,10,1044525,Leonora Marty,SimpleChar:78E0FC74,14,54bd8eeeb0075d36,3457.22168,9.145,861.99646,3454.45142,9.051506,848.033569,14.235051,2
m11262,2026-07-22T09:28:20.912982Z,66111,scripted,Ambiguous,84,scripted_family_heuristic_only,,later_scfu_same_generation,103,26149,23,1044525,Janae Seaman,SimpleChar:78E0FD08,20,1b2d3d25792b792e,3440.03247,9.01,887.786743,3437.49146,9.01,885.606445,3.348198,2
m11270,2026-07-22T09:28:24.886985Z,66137,scripted,Ambiguous,84,scripted_family_heuristic_only,,later_scfu_same_generation,137,26125,10,1044525,Leonora Marty,SimpleChar:78E0FC74,14,d4cb2a685fa547ec,3454.69482,9.145,849.231079,3448.11499,9.051499,842.946228,9.099094,2
m11280,2026-07-22T09:28:30.057524Z,66170,scripted,Ambiguous,84,scripted_family_heuristic_only,,later_scfu_same_generation,137,26125,10,1044525,Leonora Marty,SimpleChar:78E0FC74,14,d877a216b4e5e771,3449.15991,9.145,843.90094,3437.43042,9.01,842.172302,11.856185,2
m11294,2026-07-22T09:28:37.957863Z,66212,scripted,Ambiguous,84,scripted_family_heuristic_only,,later_scfu_same_generation,103,26149,23,1044525,Janae Seaman,SimpleChar:78E0FD08,21,22bcd74d02b0372d,3460.18481,9.145,882.903748,3468.49658,9.01,883.313477,8.321863,2
m11301,2026-07-22T09:28:42.607164Z,66239,scripted,Ambiguous,84,scripted_family_heuristic_only,,later_scfu_same_generation,103,26149,23,1044525,Janae Seaman,SimpleChar:78E0FD08,21,5246139a6c656f6a,3467.14331,9.01,883.239868,3472.10791,9.01,883.451599,4.969113,2
m11304,2026-07-22T09:28:45.101056Z,66252,scripted,Ambiguous,84,scripted_family_heuristic_only,,later_scfu_same_generation,103,26149,23,1044525,Janae Seaman,SimpleChar:78E0FD08,21,1c91aa099bd3efbb,3470.8811,9.01,883.400513,3472.61182,9.01,885.654236,2.841594,2
m11308,2026-07-22T09:28:46.173075Z,66259,scripted,Ambiguous,84,scripted_family_heuristic_only,,later_scfu_same_generation,103,26149,23,1044525,Janae Seaman,SimpleChar:78E0FD08,21,12e0d3873210dbab,3471.92114,9.01,884.4552,3473.25024,9.01,888.013428,3.798354,2
m11312,2026-07-22T09:28:47.705206Z,66267,scripted,Ambiguous,84,scripted_family_heuristic_only,,later_scfu_same_generation,103,26149,23,1044525,Janae Seaman,SimpleChar:78E0FD08,21,0ddda71e71f5b3c1,3472.75269,9.01,886.60022,3470.88599,9.01,888.954834,3.004792,2
m11315,2026-07-22T09:28:49.048330Z,66276,scripted,Ambiguous,84,scripted_family_heuristic_only,,later_scfu_same_generation,103,26149,23,1044525,Janae Seaman,SimpleChar:78E0FD08,21,66b688f7267af6b6,3471.78003,9.01,888.121521,3468.55835,9.01,888.870117,3.307509,2
m11317,2026-07-22T09:28:50.339462Z,66282,scripted,Ambiguous,84,scripted_family_heuristic_only,,later_scfu_same_generation,103,26149,23,1044525,Janae Seaman,SimpleChar:78E0FD08,21,dbf16c3bdd68e19e,3469.94434,9.01,888.637146,3466.68091,9.01,887.826477,3.362612,2
m11321,2026-07-22T09:28:51.699944Z,66296,scripted,Ambiguous,84,scripted_family_heuristic_only,,later_scfu_same_generation,103,26149,23,1044525,Janae Seaman,SimpleChar:78E0FD08,21,00995c88e35ec324,3467.97852,9.01,888.215698,3462.14771,9.01,889.839905,6.0528,2
m11325,2026-07-22T09:28:55.230034Z,66310,scripted,Ambiguous,84,scripted_family_heuristic_only,,later_scfu_same_generation,103,26149,23,1044525,Janae Seaman,SimpleChar:78E0FD08,21,c4f07e772f4fa2d8,3463.52905,9.01,889.406982,3438.57275,9.01,887.679321,25.016029,2
m11346,2026-07-22T09:29:06.642457Z,66378,scripted,Ambiguous,84,scripted_family_heuristic_only,,later_scfu_same_generation,103,203740,2,1044525,Protester,SimpleChar:7985C910,19,285e7001f31e10b7,3533.03369,5.110001,810.043701,3533.2854,5.110001,818.280701,8.240845,2
m11348,2026-07-22T09:29:08.323667Z,66385,scripted,Ambiguous,84,scripted_family_heuristic_only,,later_scfu_same_generation,137,26125,10,1044525,Leonora Marty,SimpleChar:78E0FC74,15,b4ec398880f4e076,3447.73755,9.145,861.919312,3450.21484,9.107702,867.728149,6.315026,2
m11352,2026-07-22T09:29:11.355346Z,66401,scripted,Ambiguous,84,scripted_family_heuristic_only,,later_scfu_same_generation,137,26125,10,1044525,Leonora Marty,SimpleChar:78E0FC74,15,ea3e8634c5916238,3449.72168,9.145,866.444458,3444.30151,9.0327,868.082703,5.66234,2
m11353,2026-07-22T09:29:11.355346Z,66402,scripted,Ambiguous,84,scripted_family_heuristic_only,,later_scfu_same_generation,103,203740,2,1044525,Protester,SimpleChar:7985C910,19,c331425938eb65ff,3533.24976,5.110001,817.071289,3543.04565,5.110001,824.082031,12.04616,2
m11359,2026-07-22T09:29:14.690526Z,66420,scripted,Ambiguous,84,scripted_family_heuristic_only,,later_scfu_same_generation,137,26125,10,1044525,Leonora Marty,SimpleChar:78E0FC74,15,b0a2fb75cb7c265a,3445.55493,9.145,867.847595,3441.89014,9.01,868.379761,3.703226,2
m11361,2026-07-22T09:29:16.230744Z,66432,scripted,Ambiguous,84,scripted_family_heuristic_only,,later_scfu_same_generation,137,26125,10,1044525,Leonora Marty,SimpleChar:78E0FC74,15,e13022d5f9e52507,3443.26514,9.145,868.186157,3437.90552,9.01,869.041199,5.427396,2
m11369,2026-07-22T09:29:18.893280Z,66450,scripted,Ambiguous,84,scripted_family_heuristic_only,,later_scfu_same_generation,103,203740,2,1044525,Protester,SimpleChar:7985C910,19,7fc862b1f113bb51,3541.80981,5.110001,823.24762,3549.47949,5.110001,824.189087,7.727247,2
m11378,2026-07-22T09:29:22.690473Z,66477,scripted,Ambiguous,84,scripted_family_heuristic_only,,later_scfu_same_generation,103,203740,2,1044525,Protester,SimpleChar:7985C910,19,0ae21b8e0f01106b,3548.04395,5.110001,824.042419,3567.29199,5.110001,825.066772,19.275278,2
m11386,2026-07-22T09:29:27.761664Z,66503,scripted,Ambiguous,84,scripted_family_heuristic_only,,later_scfu_same_generation,103,26149,23,1044525,Janae Seaman,SimpleChar:78E0FD08,22,eca2c4975dd079f9,3460.25122,9.145,882.897156,3468.49658,9.01,883.313477,8.255864,2
m11392,2026-07-22T09:29:32.304319Z,66525,scripted,Ambiguous,84,scripted_family_heuristic_only,,later_scfu_same_generation,103,26149,23,1044525,Janae Seaman,SimpleChar:78E0FD08,22,5246139a6c656f6a,3467.08228,9.01,883.234863,3472.10791,9.01,883.451599,5.030301,2
m11395,2026-07-22T09:29:34.966427Z,66537,scripted,Ambiguous,84,scripted_family_heuristic_only,,later_scfu_same_generation,103,26149,23,1044525,Janae Seaman,SimpleChar:78E0FD08,22,e941be33dc652c4d,3470.69629,9.01,883.391907,3472.61182,9.01,885.654236,2.964353,2
m11399,2026-07-22T09:29:35.827180Z,66545,scripted,Ambiguous,84,scripted_family_heuristic_only,,later_scfu_same_generation,103,26149,23,1044525,Janae Seaman,SimpleChar:78E0FD08,22,12e0d3873210dbab,3471.81567,9.01,884.452271,3473.25024,9.01,888.013428,3.839249,2
m11403,2026-07-22T09:29:37.580266Z,66557,scripted,Ambiguous,84,scripted_family_heuristic_only,,later_scfu_same_generation,103,26149,23,1044525,Janae Seaman,SimpleChar:78E0FD08,22,b979bc0890f7070b,3472.81616,9.01,886.864563,3470.88599,9.01,888.954834,2.845134,2
m11404,2026-07-22T09:29:38.690428Z,66559,scripted,Ambiguous,84,scripted_family_heuristic_only,,later_scfu_same_generation,103,26149,23,1044525,Janae Seaman,SimpleChar:78E0FD08,22,66b688f7267af6b6,3472.04932,9.01,888.068848,3468.55835,9.01,888.870117,3.581746,2
m11409,2026-07-22T09:29:40.232743Z,66572,scripted,Ambiguous,84,scripted_family_heuristic_only,,later_scfu_same_generation,103,26149,23,1044525,Janae Seaman,SimpleChar:78E0FD08,22,dbf16c3bdd68e19e,3469.83765,9.01,888.639404,3466.68091,9.01,887.826477,3.259733,2
m11411,2026-07-22T09:29:41.547775Z,66580,scripted,Ambiguous,84,scripted_family_heuristic_only,,later_scfu_same_generation,103,26149,23,1044525,Janae Seaman,SimpleChar:78E0FD08,22,00995c88e35ec324,3467.94897,9.01,888.224365,3462.14771,9.01,889.839905,6.022009,2
m11418,2026-07-22T09:29:44.781533Z,66598,scripted,Ambiguous,84,scripted_family_heuristic_only,,later_scfu_same_generation,103,26149,23,1044525,Janae Seaman,SimpleChar:78E0FD08,22,c4f07e772f4fa2d8,3463.30713,9.01,889.476379,3438.57275,9.01,887.679321,24.799576,2
m11424,2026-07-22T09:29:47.424118Z,66618,scripted,Ambiguous,84,scripted_family_heuristic_only,,later_scfu_same_generation,137,26125,10,1044525,Leonora Marty,SimpleChar:78E0FC74,16,9a484531da45c082,3450.30078,9.145,889.695129,3461.76147,9.01,888.967957,11.483736,2
m11442,2026-07-22T09:29:54.456787Z,66661,scripted,Ambiguous,84,scripted_family_heuristic_only,,later_scfu_same_generation,137,26125,10,1044525,Leonora Marty,SimpleChar:78E0FC74,16,f31773ba46a77157,3460.34595,9.145,889.058105,3466.59814,9.01,889.095337,6.252301,2
m11449,2026-07-22T09:29:57.762734Z,66684,scripted,Ambiguous,84,scripted_family_heuristic_only,,later_scfu_same_generation,137,26125,10,1044525,Leonora Marty,SimpleChar:78E0FC74,16,3e85348d55c532d1,3465.43726,9.01,889.083801,3469.4873,9.01,884.308228,6.261703,2
m11456,2026-07-22T09:30:00.888810Z,66704,scripted,Ambiguous,84,scripted_family_heuristic_only,,later_scfu_same_generation,137,26125,10,1044525,Leonora Marty,SimpleChar:78E0FC74,16,2e28335ff0c6673c,3468.65332,9.01,885.402954,3461.42432,9.009971,885.246643,7.23069,2
m11460,2026-07-22T09:30:05.675435Z,66727,scripted,Ambiguous,84,scripted_family_heuristic_only,,later_scfu_same_generation,137,26125,10,1044525,Leonora Marty,SimpleChar:78E0FC74,16,ffcf541a2a6d596b,3462.59375,9.01,885.183167,3457.02905,9.109645,880.685242,7.155223,2
m11467,2026-07-22T09:30:09.635887Z,66751,scripted,Ambiguous,84,scripted_family_heuristic_only,,later_scfu_same_generation,137,26125,10,1044525,Leonora Marty,SimpleChar:78E0FC74,16,d12bd12ff7d801ad,3458.00415,9.145,881.532898,3456.76294,9.109647,877.424072,4.292208,2
m11469,2026-07-22T09:30:11.685727Z,66759,scripted,Ambiguous,84,scripted_family_heuristic_only,,later_scfu_same_generation,137,26125,10,1044525,Leonora Marty,SimpleChar:78E0FC74,16,dd5fdf951e2b327e,3457.07471,9.145,878.668579,3457.13965,9.107692,869.205444,9.463358,2
m11480,2026-07-22T09:30:17.026940Z,66792,scripted,Ambiguous,84,scripted_family_heuristic_only,,later_scfu_same_generation,137,26125,10,1044525,Leonora Marty,SimpleChar:78E0FC74,16,cfb94f28e08ddb13,3457.1167,9.145,870.659668,3457.23755,9.732795,860.66803,9.992369,2
m11483,2026-07-22T09:30:17.476537Z,66795,scripted,Ambiguous,84,scripted_family_heuristic_only,,later_scfu_same_generation,103,26149,23,1044525,Janae Seaman,SimpleChar:78E0FD08,23,22bcd74d02b0372d,3460.14673,9.145,882.900391,3468.49658,9.01,883.313477,8.360062,2
m11489,2026-07-22T09:30:22.205461Z,66821,scripted,Ambiguous,84,scripted_family_heuristic_only,,later_scfu_same_generation,103,26149,23,1044525,Janae Seaman,SimpleChar:78E0FD08,23,5246139a6c656f6a,3467.23877,9.01,883.245056,3472.10791,9.01,883.451599,4.873519,2
m11492,2026-07-22T09:30:23.035326Z,66827,scripted,Ambiguous,84,scripted_family_heuristic_only,,later_scfu_same_generation,137,26125,10,1044525,Leonora Marty,SimpleChar:78E0FC74,16,54bd8eeeb0075d36,3457.2207,9.145,862.026184,3454.45142,9.051506,848.033569,14.264017,2
m11496,2026-07-22T09:30:24.628440Z,66837,scripted,Ambiguous,84,scripted_family_heuristic_only,,later_scfu_same_generation,103,26149,23,1044525,Janae Seaman,SimpleChar:78E0FD08,23,1c91aa099bd3efbb,3470.87866,9.01,883.400635,3472.61182,9.01,885.654236,2.842985,2
m11500,2026-07-22T09:30:25.772121Z,66846,scripted,Ambiguous,84,scripted_family_heuristic_only,,later_scfu_same_generation,103,26149,23,1044525,Janae Seaman,SimpleChar:78E0FD08,23,12e0d3873210dbab,3471.96851,9.01,884.536255,3473.25024,9.01,888.013428,3.705882,2
m11505,2026-07-22T09:30:27.310704Z,66857,scripted,Ambiguous,84,scripted_family_heuristic_only,,later_scfu_same_generation,103,26149,23,1044525,Janae Seaman,SimpleChar:78E0FD08,23,0ddda71e71f5b3c1,3472.79395,9.01,886.696838,3470.88599,9.01,888.954834,2.956156,2
m11507,2026-07-22T09:30:28.671465Z,66868,scripted,Ambiguous,84,scripted_family_heuristic_only,,later_scfu_same_generation,103,26149,23,1044525,Janae Seaman,SimpleChar:78E0FD08,23,66b688f7267af6b6,3471.76294,9.01,888.197693,3468.55835,9.01,888.870117,3.274378,2
m11510,2026-07-22T09:30:30.363501Z,66875,scripted,Ambiguous,84,scripted_family_heuristic_only,,later_scfu_same_generation,103,26149,23,1044525,Janae Seaman,SimpleChar:78E0FD08,23,dbf16c3bdd68e19e,3469.8479,9.01,888.68042,3466.68091,9.01,887.826477,3.280098,2
m11511,2026-07-22T09:30:31.324491Z,66881,scripted,Ambiguous,84,scripted_family_heuristic_only,,later_scfu_same_generation,103,26149,23,1044525,Janae Seaman,SimpleChar:78E0FD08,23,00995c88e35ec324,3467.96069,9.01,888.240417,3462.14771,9.01,889.839905,6.029021,2
m11512,2026-07-22T09:30:31.525104Z,66882,scripted,Ambiguous,84,scripted_family_heuristic_only,,later_scfu_same_generation,137,26125,10,1044525,Leonora Marty,SimpleChar:78E0FC74,16,c11e71aa5637eec2,3454.7019,9.145,849.273071,3448.11499,9.051499,842.946228,9.133254,2
m11517,2026-07-22T09:30:34.435258Z,66901,scripted,Ambiguous,84,scripted_family_heuristic_only,,later_scfu_same_generation,103,26149,23,1044525,Janae Seaman,SimpleChar:78E0FD08,23,c4f07e772f4fa2d8,3463.49072,9.01,889.422058,3438.57275,9.01,887.679321,24.978838,2
m11520,2026-07-22T09:30:36.704594Z,66907,scripted,Ambiguous,84,scripted_family_heuristic_only,,later_scfu_same_generation,137,26125,10,1044525,Leonora Marty,SimpleChar:78E0FC74,16,d877a216b4e5e771,3449.17017,9.145,843.915833,3437.43042,9.01,842.172302,11.868514,2
m11558,2026-07-22T09:31:02.233663Z,67048,scripted,Ambiguous,84,scripted_family_heuristic_only,,later_scfu_same_generation,103,203740,2,1044525,Protester,SimpleChar:7985C910,20,285e7001f31e10b7,3533.01733,5.110001,809.968628,3533.2854,5.110001,818.280701,8.316395,2
m11565,2026-07-22T09:31:06.850930Z,67069,scripted,Ambiguous,84,scripted_family_heuristic_only,,later_scfu_same_generation,103,203740,2,1044525,Protester,SimpleChar:7985C910,20,c331425938eb65ff,3533.24292,5.110001,816.902588,3543.04565,5.110001,824.082031,12.150634,2
m11567,2026-07-22T09:31:07.251131Z,67078,scripted,Ambiguous,84,scripted_family_heuristic_only,,later_scfu_same_generation,103,26149,23,1044525,Janae Seaman,SimpleChar:78E0FD08,24,22bcd74d02b0372d,3460.17236,9.145,882.904846,3468.49658,9.01,883.313477,8.334244,2
m11577,2026-07-22T09:31:11.995850Z,67104,scripted,Ambiguous,84,scripted_family_heuristic_only,,later_scfu_same_generation,103,26149,23,1044525,Janae Seaman,SimpleChar:78E0FD08,24,bdf73ae2e937bc29,3467.25366,9.01,883.246216,3472.10791,9.01,883.451599,4.858593,2
m11582,2026-07-22T09:31:14.406043Z,67121,scripted,Ambiguous,84,scripted_family_heuristic_only,,later_scfu_same_generation,103,203740,2,1044525,Protester,SimpleChar:7985C910,20,0d7d664d8fcba4ce,3542.00049,5.110001,823.358521,3549.47949,5.110001,824.189087,7.524977,2
m11584,2026-07-22T09:31:14.406043Z,67123,scripted,Ambiguous,84,scripted_family_heuristic_only,,later_scfu_same_generation,103,26149,23,1044525,Janae Seaman,SimpleChar:78E0FD08,24,1c91aa099bd3efbb,3470.88623,9.01,883.401184,3472.61182,9.01,885.654236,2.83794,2
m11585,2026-07-22T09:31:14.656164Z,67124,scripted,Ambiguous,84,scripted_family_heuristic_only,,later_scfu_same_generation,137,26125,10,1044525,Leonora Marty,SimpleChar:78E0FC74,17,9775a961dab11288,3447.76147,9.145,861.934326,3450.21484,9.107702,867.728149,6.291853,2
m11586,2026-07-22T09:31:15.535927Z,67128,scripted,Ambiguous,84,scripted_family_heuristic_only,,later_scfu_same_generation,103,26149,23,1044525,Janae Seaman,SimpleChar:78E0FD08,24,12e0d3873210dbab,3471.95703,9.01,884.512085,3473.25024,9.01,888.013428,3.732532,2
m11590,2026-07-22T09:31:17.058374Z,67137,scripted,Ambiguous,84,scripted_family_heuristic_only,,later_scfu_same_generation,103,26149,23,1044525,Janae Seaman,SimpleChar:78E0FD08,24,0ddda71e71f5b3c1,3472.77832,9.01,886.656616,3470.88599,9.01,888.954834,2.977032,2
m11592,2026-07-22T09:31:18.149975Z,67143,scripted,Ambiguous,84,scripted_family_heuristic_only,,later_scfu_same_generation,137,26125,10,1044525,Leonora Marty,SimpleChar:78E0FC74,17,ea3e8634c5916238,3449.71118,9.145,866.405884,3444.30151,9.0327,868.082703,5.66359,2
m11594,2026-07-22T09:31:18.400548Z,67147,scripted,Ambiguous,84,scripted_family_heuristic_only,,later_scfu_same_generation,103,203740,2,1044525,Protester,SimpleChar:7985C910,20,0ae21b8e0f01106b,3548.19653,5.110001,824.074951,3567.29199,5.110001,825.066772,19.1212,2
m11595,2026-07-22T09:31:18.400548Z,67148,scripted,Ambiguous,84,scripted_family_heuristic_only,,later_scfu_same_generation,103,26149,23,1044525,Janae Seaman,SimpleChar:78E0FD08,24,66b688f7267af6b6,3471.78662,9.01,888.145081,3468.55835,9.01,888.870117,3.308686,2
m11598,2026-07-22T09:31:19.691322Z,67158,scripted,Ambiguous,84,scripted_family_heuristic_only,,later_scfu_same_generation,103,26149,23,1044525,Janae Seaman,SimpleChar:78E0FD08,24,dbf16c3bdd68e19e,3469.93848,9.01,888.646362,3466.68091,9.01,887.826477,3.359163,2
m11602,2026-07-22T09:31:21.092541Z,67164,scripted,Ambiguous,84,scripted_family_heuristic_only,,later_scfu_same_generation,103,26149,23,1044525,Janae Seaman,SimpleChar:78E0FD08,24,00995c88e35ec324,3467.91992,9.01,888.202576,3462.14771,9.01,889.839905,5.999938,2
m11603,2026-07-22T09:31:21.727887Z,67166,scripted,Ambiguous,84,scripted_family_heuristic_only,,later_scfu_same_generation,137,26125,10,1044525,Leonora Marty,SimpleChar:78E0FC74,17,b0a2fb75cb7c265a,3445.57642,9.145,867.834412,3441.89014,9.01,868.379761,3.726401,2
m11607,2026-07-22T09:31:22.875588Z,67176,scripted,Ambiguous,84,scripted_family_heuristic_only,,later_scfu_same_generation,137,26125,10,1044525,Leonora Marty,SimpleChar:78E0FC74,17,70c9651aa0a41edb,3443.229,9.145,868.188293,3437.90552,9.01,869.041199,5.391372,2
m11610,2026-07-22T09:31:24.210251Z,67186,scripted,Ambiguous,84,scripted_family_heuristic_only,,later_scfu_same_generation,103,26149,23,1044525,Janae Seaman,SimpleChar:78E0FD08,24,c4f07e772f4fa2d8,3463.48462,9.01,889.404053,3438.57275,9.01,887.679321,24.971503,2
m11662,2026-07-22T09:31:54.309979Z,67359,scripted,Ambiguous,84,scripted_family_heuristic_only,,later_scfu_same_generation,137,26125,10,1044525,Leonora Marty,SimpleChar:78E0FC74,18,e5d891be987ef4b6,3450.05518,9.145,889.713806,3461.76147,9.01,888.967957,11.730026,2
m11670,2026-07-22T09:31:57.520775Z,67378,scripted,Ambiguous,84,scripted_family_heuristic_only,,later_scfu_same_generation,103,26149,23,1044525,Janae Seaman,SimpleChar:78E0FD08,25,22bcd74d02b0372d,3460.11572,9.145,882.907532,3468.49658,9.01,883.313477,8.390686,2
m11673,2026-07-22T09:32:00.843834Z,67397,scripted,Ambiguous,84,scripted_family_heuristic_only,,later_scfu_same_generation,137,26125,10,1044525,Leonora Marty,SimpleChar:78E0FC74,18,f31773ba46a77157,3460.39966,9.145,889.054993,3466.59814,9.01,889.095337,6.198611,2
m11676,2026-07-22T09:32:01.717386Z,67406,scripted,Ambiguous,84,scripted_family_heuristic_only,,later_scfu_same_generation,103,26149,23,1044525,Janae Seaman,SimpleChar:78E0FD08,25,5246139a6c656f6a,3467.05566,9.01,883.236572,3472.10791,9.01,883.451599,5.056824,2
m11680,2026-07-22T09:32:03.997663Z,67414,scripted,Ambiguous,84,scripted_family_heuristic_only,,later_scfu_same_generation,137,26125,10,1044525,Leonora Marty,SimpleChar:78E0FC74,18,e97c08af8420f01f,3465.12012,9.01,889.079773,3469.4873,9.01,884.308228,6.468377,2
m11681,2026-07-22T09:32:04.307812Z,67417,scripted,Ambiguous,84,scripted_family_heuristic_only,,later_scfu_same_generation,103,26149,23,1044525,Janae Seaman,SimpleChar:78E0FD08,25,1c91aa099bd3efbb,3470.75439,9.01,883.395081,3472.61182,9.01,885.654236,2.924693,2
m11683,2026-07-22T09:32:05.417806Z,67427,scripted,Ambiguous,84,scripted_family_heuristic_only,,later_scfu_same_generation,103,26149,23,1044525,Janae Seaman,SimpleChar:78E0FD08,25,12e0d3873210dbab,3471.83911,9.01,884.439514,3473.25024,9.01,888.013428,3.842414,2
m11687,2026-07-22T09:32:06.909543Z,67435,scripted,Ambiguous,84,scripted_family_heuristic_only,,later_scfu_same_generation,103,26149,23,1044525,Janae Seaman,SimpleChar:78E0FD08,25,0ddda71e71f5b3c1,3472.75439,9.01,886.681213,3470.88599,9.01,888.954834,2.942834,2
m11689,2026-07-22T09:32:07.539888Z,67442,scripted,Ambiguous,84,scripted_family_heuristic_only,,later_scfu_same_generation,137,26125,10,1044525,Leonora Marty,SimpleChar:78E0FC74,18,2e28335ff0c6673c,3468.67212,9.01,885.289795,3461.42432,9.009971,885.246643,7.247928,2
m11691,2026-07-22T09:32:08.211256Z,67445,scripted,Ambiguous,84,scripted_family_heuristic_only,,later_scfu_same_generation,103,26149,23,1044525,Janae Seaman,SimpleChar:78E0FD08,25,66b688f7267af6b6,3471.7998,9.01,888.148438,3468.55835,9.01,888.870117,3.320816,2
m11695,2026-07-22T09:32:09.611564Z,67454,scripted,Ambiguous,84,scripted_family_heuristic_only,,later_scfu_same_generation,103,26149,23,1044525,Janae Seaman,SimpleChar:78E0FD08,25,dbf16c3bdd68e19e,3469.82446,9.01,888.666748,3466.68091,9.01,887.826477,3.253915,2
m11699,2026-07-22T09:32:10.915831Z,67465,scripted,Ambiguous,84,scripted_family_heuristic_only,,later_scfu_same_generation,103,26149,23,1044525,Janae Seaman,SimpleChar:78E0FD08,25,00995c88e35ec324,3467.93384,9.01,888.230408,3462.14771,9.01,889.839905,6.005812,2
m11701,2026-07-22T09:32:12.245760Z,67469,scripted,Ambiguous,84,scripted_family_heuristic_only,,later_scfu_same_generation,137,26125,10,1044525,Leonora Marty,SimpleChar:78E0FC74,18,97207de34910a10b,3462.76343,9.01,885.156494,3457.02905,9.109645,880.685242,7.271534,2
m11709,2026-07-22T09:32:14.027500Z,67483,scripted,Ambiguous,84,scripted_family_heuristic_only,,later_scfu_same_generation,103,26149,23,1044525,Janae Seaman,SimpleChar:78E0FD08,25,c4f07e772f4fa2d8,3463.47095,9.01,889.423767,3438.57275,9.01,887.679321,24.959236,2
m11714,2026-07-22T09:32:16.448570Z,67497,scripted,Ambiguous,84,scripted_family_heuristic_only,,later_scfu_same_generation,137,26125,10,1044525,Leonora Marty,SimpleChar:78E0FC74,18,d12bd12ff7d801ad,3458.06763,9.145,881.55542,3456.76294,9.109647,877.424072,4.332465,2
m11718,2026-07-22T09:32:18.259554Z,67509,scripted,Ambiguous,84,scripted_family_heuristic_only,,later_scfu_same_generation,137,26125,10,1044525,Leonora Marty,SimpleChar:78E0FC74,18,55e471cb26a26951,3457.1167,9.145,878.765381,3457.13965,9.107692,869.205444,9.559965,2
m11729,2026-07-22T09:32:23.728115Z,67539,scripted,Ambiguous,84,scripted_family_heuristic_only,,later_scfu_same_generation,137,26125,10,1044525,Leonora Marty,SimpleChar:78E0FC74,18,cfb94f28e08ddb13,3457.12207,9.145,870.702148,3457.23755,9.732795,860.66803,10.034782,2
m11741,2026-07-22T09:32:29.403665Z,67575,scripted,Ambiguous,84,scripted_family_heuristic_only,,later_scfu_same_generation,137,26125,10,1044525,Leonora Marty,SimpleChar:78E0FC74,18,54bd8eeeb0075d36,3457.21973,9.145,862.141113,3454.45142,9.051506,848.033569,14.37659,2
m11754,2026-07-22T09:32:38.279787Z,67625,scripted,Ambiguous,84,scripted_family_heuristic_only,,later_scfu_same_generation,137,26125,10,1044525,Leonora Marty,SimpleChar:78E0FC74,18,c11e71aa5637eec2,3454.72339,9.145,849.384216,3448.11499,9.051499,842.946228,9.225976,2
m11766,2026-07-22T09:32:43.411662Z,67654,scripted,Ambiguous,84,scripted_family_heuristic_only,,later_scfu_same_generation,137,26125,10,1044525,Leonora Marty,SimpleChar:78E0FC74,18,d877a216b4e5e771,3449.06787,9.145,843.835205,3437.43042,9.01,842.172302,11.755658,2
m11774,2026-07-22T09:32:47.011117Z,67680,scripted,Ambiguous,84,scripted_family_heuristic_only,,later_scfu_same_generation,103,26149,23,1044525,Janae Seaman,SimpleChar:78E0FD08,26,22bcd74d02b0372d,3460.00342,9.145,882.914673,3468.49658,9.01,883.313477,8.502518,2
m11785,2026-07-22T09:32:51.810554Z,67706,scripted,Ambiguous,84,scripted_family_heuristic_only,,later_scfu_same_generation,103,26149,23,1044525,Janae Seaman,SimpleChar:78E0FD08,26,5246139a6c656f6a,3467.20483,9.01,883.246582,3472.10791,9.01,883.451599,4.907364,2
m11791,2026-07-22T09:32:54.057905Z,67721,scripted,Ambiguous,84,scripted_family_heuristic_only,,later_scfu_same_generation,103,26149,23,1044525,Janae Seaman,SimpleChar:78E0FD08,26,1c91aa099bd3efbb,3470.92114,9.01,883.402771,3472.61182,9.01,885.654236,2.81558,2
m11794,2026-07-22T09:32:55.128080Z,67726,scripted,Ambiguous,84,scripted_family_heuristic_only,,later_scfu_same_generation,103,26149,23,1044525,Janae Seaman,SimpleChar:78E0FD08,26,12e0d3873210dbab,3471.94995,9.01,884.464661,3473.25024,9.01,888.013428,3.779484,2
m11798,2026-07-22T09:32:57.227984Z,67741,scripted,Ambiguous,84,scripted_family_heuristic_only,,later_scfu_same_generation,103,26149,23,1044525,Janae Seaman,SimpleChar:78E0FD08,26,b979bc0890f7070b,3472.83154,9.01,886.806946,3470.88599,9.01,888.954834,2.898032,2
m11800,2026-07-22T09:32:57.918231Z,67745,scripted,Ambiguous,84,scripted_family_heuristic_only,,later_scfu_same_generation,103,203740,2,1044525,Protester,SimpleChar:7985C910,21,285e7001f31e10b7,3533.02856,5.110001,810.130188,3533.2854,5.110001,818.280701,8.154559,2
m11803,2026-07-22T09:32:57.918231Z,67748,scripted,Ambiguous,84,scripted_family_heuristic_only,,later_scfu_same_generation,103,26149,23,1044525,Janae Seaman,SimpleChar:78E0FD08,26,66b688f7267af6b6,3472.05298,9.01,888.029968,3468.55835,9.01,888.870117,3.594202,2
m11805,2026-07-22T09:32:59.401762Z,67757,scripted,Ambiguous,84,scripted_family_heuristic_only,,later_scfu_same_generation,103,26149,23,1044525,Janae Seaman,SimpleChar:78E0FD08,26,dbf16c3bdd68e19e,3469.94238,9.01,888.60321,3466.68091,9.01,887.826477,3.352686,2
m11807,2026-07-22T09:33:00.952259Z,67764,scripted,Ambiguous,84,scripted_family_heuristic_only,,later_scfu_same_generation,103,26149,23,1044525,Janae Seaman,SimpleChar:78E0FD08,26,00995c88e35ec324,3468.02197,9.01,888.216553,3462.14771,9.01,889.839905,6.09444,2
m11811,2026-07-22T09:33:04.645261Z,67771,scripted,Ambiguous,84,scripted_family_heuristic_only,,later_scfu_same_generation,103,203740,2,1044525,Protester,SimpleChar:7985C910,21,250f358888fd3a27,3533.28442,5.110001,818.246155,3543.04565,5.110001,824.082031,11.372733,2
m11814,2026-07-22T09:33:04.645261Z,67774,scripted,Ambiguous,84,scripted_family_heuristic_only,,later_scfu_same_generation,103,26149,23,1044525,Janae Seaman,SimpleChar:78E0FD08,26,30254010f68060cd,3463.13159,9.01,889.535767,3438.57275,9.01,887.679321,24.628906,2
m11826,2026-07-22T09:33:18.564306Z,67820,scripted,Ambiguous,84,scripted_family_heuristic_only,,later_scfu_same_generation,103,203740,2,1044525,Protester,SimpleChar:7985C910,21,0d7d664d8fcba4ce,3541.96997,5.110001,823.438782,3549.47949,5.110001,824.189087,7.54691,2
m11836,2026-07-22T09:33:22.840502Z,67847,scripted,Ambiguous,84,scripted_family_heuristic_only,,later_scfu_same_generation,103,203740,2,1044525,Protester,SimpleChar:7985C910,21,f96eb21a4afed532,3548.3186,5.110001,824.095947,3567.29199,5.110001,825.066772,18.998211,2
m11852,2026-07-22T09:33:38.306167Z,67897,scripted,Ambiguous,84,scripted_family_heuristic_only,,later_scfu_same_generation,137,26125,10,1044525,Leonora Marty,SimpleChar:78E0FC74,19,b4ec398880f4e076,3447.73267,9.145,861.90863,3450.21484,9.107702,867.728149,6.326766,2
m11858,2026-07-22T09:33:41.667217Z,67920,scripted,Ambiguous,84,scripted_family_heuristic_only,,later_scfu_same_generation,137,26125,10,1044525,Leonora Marty,SimpleChar:78E0FC74,19,ea3e8634c5916238,3449.729,9.145,866.464844,3444.30151,9.0327,868.082703,5.66349,2
m11863,2026-07-22T09:33:45.478747Z,67939,scripted,Ambiguous,84,scripted_family_heuristic_only,,later_scfu_same_generation,137,26125,10,1044525,Leonora Marty,SimpleChar:78E0FC74,19,b0a2fb75cb7c265a,3445.54541,9.145,867.854797,3441.89014,9.01,868.379761,3.692775,2
m11870,2026-07-22T09:33:46.838246Z,67952,scripted,Ambiguous,84,scripted_family_heuristic_only,,later_scfu_same_generation,137,26125,10,1044525,Leonora Marty,SimpleChar:78E0FC74,19,70c9651aa0a41edb,3443.20288,9.145,868.196777,3437.90552,9.01,869.041199,5.36424,2
m11876,2026-07-22T09:33:52.382109Z,67976,scripted,Ambiguous,84,scripted_family_heuristic_only,,later_scfu_same_generation,103,26149,23,1044525,Janae Seaman,SimpleChar:78E0FD08,27,22bcd74d02b0372d,3460.06909,9.145,882.909851,3468.49658,9.01,883.313477,8.43715,2
m11884,2026-07-22T09:33:57.623219Z,68009,scripted,Ambiguous,84,scripted_family_heuristic_only,,later_scfu_same_generation,103,26149,23,1044525,Janae Seaman,SimpleChar:78E0FD08,27,bdf73ae2e937bc29,3467.28931,9.01,883.249756,3472.10791,9.01,883.451599,4.822826,2
m11889,2026-07-22T09:33:59.416245Z,68022,scripted,Ambiguous,84,scripted_family_heuristic_only,,later_scfu_same_generation,103,26149,23,1044525,Janae Seaman,SimpleChar:78E0FD08,27,e941be33dc652c4d,3470.61108,9.01,883.390198,3472.61182,9.01,885.654236,3.021395,2
m11895,2026-07-22T09:34:00.537763Z,68034,scripted,Ambiguous,84,scripted_family_heuristic_only,,later_scfu_same_generation,103,26149,23,1044525,Janae Seaman,SimpleChar:78E0FD08,27,12e0d3873210dbab,3471.7666,9.01,884.452881,3473.25024,9.01,888.013428,3.85729,2
m11898,2026-07-22T09:34:02.318641Z,68045,scripted,Ambiguous,84,scripted_family_heuristic_only,,later_scfu_same_generation,103,26149,23,1044525,Janae Seaman,SimpleChar:78E0FD08,27,b979bc0890f7070b,3472.81396,9.01,886.893188,3470.88599,9.01,888.954834,2.822668,2
m11900,2026-07-22T09:34:03.440805Z,68048,scripted,Ambiguous,84,scripted_family_heuristic_only,,later_scfu_same_generation,103,26149,23,1044525,Janae Seaman,SimpleChar:78E0FD08,27,66b688f7267af6b6,3472.05151,9.01,888.088257,3468.55835,9.01,888.870117,3.579591,2
m11906,2026-07-22T09:34:04.963590Z,68062,scripted,Ambiguous,84,scripted_family_heuristic_only,,later_scfu_same_generation,103,26149,23,1044525,Janae Seaman,SimpleChar:78E0FD08,27,dbf16c3bdd68e19e,3469.87402,9.01,888.639709,3466.68091,9.01,887.826477,3.295041,2
m11908,2026-07-22T09:34:06.272987Z,68070,scripted,Ambiguous,84,scripted_family_heuristic_only,,later_scfu_same_generation,103,26149,23,1044525,Janae Seaman,SimpleChar:78E0FD08,27,00995c88e35ec324,3467.96191,9.01,888.220825,3462.14771,9.01,889.839905,6.035424,2
m11917,2026-07-22T09:34:09.353277Z,68090,scripted,Ambiguous,84,scripted_family_heuristic_only,,later_scfu_same_generation,103,26149,23,1044525,Janae Seaman,SimpleChar:78E0FD08,27,c4f07e772f4fa2d8,3463.54199,9.01,889.402649,3438.57275,9.01,887.679321,25.02864,2
m11933,2026-07-22T09:34:17.947703Z,68141,scripted,Ambiguous,84,scripted_family_heuristic_only,,later_scfu_same_generation,137,26125,10,1044525,Leonora Marty,SimpleChar:78E0FC74,20,9a484531da45c082,3450.34326,9.145,889.689453,3461.76147,9.01,888.967957,11.440982,2
m11943,2026-07-22T09:34:24.655789Z,68204,scripted,Ambiguous,84,scripted_family_heuristic_only,,later_scfu_same_generation,137,26125,10,1044525,Leonora Marty,SimpleChar:78E0FC74,20,f31773ba46a77157,3460.39209,9.145,889.054749,3466.59814,9.01,889.095337,6.206183,2
m11945,2026-07-22T09:34:25.091509Z,68207,scripted,Ambiguous,84,scripted_family_heuristic_only,,later_scfu_same_generation,103,26149,23,1044525,Janae Seaman,SimpleChar:78E0FD08,27,1b2d3d25792b792e,3440.00806,9.01,887.785217,3437.49146,9.01,885.606445,3.328712,2
m11949,2026-07-22T09:34:27.921796Z,68233,scripted,Ambiguous,84,scripted_family_heuristic_only,,later_scfu_same_generation,137,26125,10,1044525,Leonora Marty,SimpleChar:78E0FC74,20,3e85348d55c532d1,3465.29932,9.01,889.081543,3469.4873,9.01,884.308228,6.350095,2
m11955,2026-07-22T09:34:31.434226Z,68268,scripted,Ambiguous,84,scripted_family_heuristic_only,,later_scfu_same_generation,137,26125,10,1044525,Leonora Marty,SimpleChar:78E0FC74,20,2e28335ff0c6673c,3468.73486,9.01,885.258484,3461.42432,9.009971,885.246643,7.31055,2
m11967,2026-07-22T09:34:36.415030Z,68321,scripted,Ambiguous,84,scripted_family_heuristic_only,,later_scfu_same_generation,137,26125,10,1044525,Leonora Marty,SimpleChar:78E0FC74,20,ffcf541a2a6d596b,3462.58936,9.01,885.162598,3457.02905,9.109645,880.685242,7.138891,2
m11975,2026-07-22T09:34:40.266950Z,68356,scripted,Ambiguous,84,scripted_family_heuristic_only,,later_scfu_same_generation,137,26125,10,1044525,Leonora Marty,SimpleChar:78E0FC74,20,d12bd12ff7d801ad,3458.00562,9.145,881.532837,3456.76294,9.109647,877.424072,4.292575,2
m11979,2026-07-22T09:34:42.067104Z,68370,scripted,Ambiguous,84,scripted_family_heuristic_only,,later_scfu_same_generation,103,26149,23,1044525,Janae Seaman,SimpleChar:78E0FD08,28,22bcd74d02b0372d,3460.11816,9.145,882.912842,3468.49658,9.01,883.313477,8.387993,2
m11980,2026-07-22T09:34:42.306704Z,68372,scripted,Ambiguous,84,scripted_family_heuristic_only,,later_scfu_same_generation,137,26125,10,1044525,Leonora Marty,SimpleChar:78E0FC74,20,dd5fdf951e2b327e,3457.07446,9.145,878.66864,3457.13965,9.107692,869.205444,9.463421,2
m11989,2026-07-22T09:34:46.778062Z,68413,scripted,Ambiguous,84,scripted_family_heuristic_only,,later_scfu_same_generation,103,26149,23,1044525,Janae Seaman,SimpleChar:78E0FD08,28,5246139a6c656f6a,3467.15625,9.01,883.242432,3472.10791,9.01,883.451599,4.956076,2
m11991,2026-07-22T09:34:47.648055Z,68420,scripted,Ambiguous,84,scripted_family_heuristic_only,,later_scfu_same_generation,137,26125,10,1044525,Leonora Marty,SimpleChar:78E0FC74,20,cfb94f28e08ddb13,3457.1167,9.145,870.673401,3457.23755,9.732795,860.66803,10.006101,2
m11995,2026-07-22T09:34:49.190962Z,68427,scripted,Ambiguous,84,scripted_family_heuristic_only,,later_scfu_same_generation,103,26149,23,1044525,Janae Seaman,SimpleChar:78E0FD08,28,1c91aa099bd3efbb,3470.78198,9.01,883.396729,3472.61182,9.01,885.654236,2.905968,2
m11998,2026-07-22T09:34:50.742204Z,68436,scripted,Ambiguous,84,scripted_family_heuristic_only,,later_scfu_same_generation,103,26149,23,1044525,Janae Seaman,SimpleChar:78E0FD08,28,12e0d3873210dbab,3471.87915,9.01,884.477051,3473.25024,9.01,888.013428,3.792868,2
m12001,2026-07-22T09:34:51.872261Z,68447,scripted,Ambiguous,84,scripted_family_heuristic_only,,later_scfu_same_generation,103,26149,23,1044525,Janae Seaman,SimpleChar:78E0FD08,28,0ddda71e71f5b3c1,3472.75269,9.01,886.646729,3470.88599,9.01,888.954834,2.968487,2
m12003,2026-07-22T09:34:53.204086Z,68454,scripted,Ambiguous,84,scripted_family_heuristic_only,,later_scfu_same_generation,103,26149,23,1044525,Janae Seaman,SimpleChar:78E0FD08,28,66b688f7267af6b6,3471.76929,9.01,888.156677,3468.55835,9.01,888.870117,3.289245,2
m12004,2026-07-22T09:34:53.453681Z,68455,scripted,Ambiguous,84,scripted_family_heuristic_only,,later_scfu_same_generation,137,26125,10,1044525,Leonora Marty,SimpleChar:78E0FC74,20,54bd8eeeb0075d36,3457.22095,9.145,862.060608,3454.45142,9.051506,848.033569,14.297836,2
m12008,2026-07-22T09:34:54.794439Z,68464,scripted,Ambiguous,84,scripted_family_heuristic_only,,later_scfu_same_generation,103,26149,23,1044525,Janae Seaman,SimpleChar:78E0FD08,28,dbf16c3bdd68e19e,3469.80762,9.01,888.672913,3466.68091,9.01,887.826477,3.239254,2
m12010,2026-07-22T09:34:55.900447Z,68469,scripted,Ambiguous,84,scripted_family_heuristic_only,,later_scfu_same_generation,103,26149,23,1044525,Janae Seaman,SimpleChar:78E0FD08,28,00995c88e35ec324,3467.92676,9.01,888.233826,3462.14771,9.01,889.839905,5.998075,2
m12014,2026-07-22T09:34:59.441428Z,68492,scripted,Ambiguous,84,scripted_family_heuristic_only,,later_scfu_same_generation,103,26149,23,1044525,Janae Seaman,SimpleChar:78E0FD08,28,c4f07e772f4fa2d8,3463.44897,9.01,889.431152,3438.57275,9.01,887.679321,24.937827,2
m12021,2026-07-22T09:35:02.145927Z,68513,scripted,Ambiguous,84,scripted_family_heuristic_only,,later_scfu_same_generation,137,26125,10,1044525,Leonora Marty,SimpleChar:78E0FC74,20,c11e71aa5637eec2,3454.70459,9.145,849.283447,3448.11499,9.051499,842.946228,9.142383,2
m12035,2026-07-22T09:35:07.407268Z,68546,scripted,Ambiguous,84,scripted_family_heuristic_only,,later_scfu_same_generation,137,26125,10,1044525,Leonora Marty,SimpleChar:78E0FC74,20,d877a216b4e5e771,3449.07593,9.145,843.830872,3437.43042,9.01,842.172302,11.763025,2
m12042,2026-07-22T09:35:10.358391Z,68562,scripted,Ambiguous,84,scripted_family_heuristic_only,,later_scfu_same_generation,103,203740,2,1044525,Protester,SimpleChar:7985C910,22,285e7001f31e10b7,3533.01392,5.110001,810.233398,3533.2854,5.110001,818.280701,8.051881,2
m12053,2026-07-22T09:35:14.801480Z,68597,scripted,Ambiguous,84,scripted_family_heuristic_only,,later_scfu_same_generation,103,203740,2,1044525,Protester,SimpleChar:7985C910,22,c331425938eb65ff,3533.24219,5.110001,816.903259,3543.04565,5.110001,824.082031,12.150827,2
m12068,2026-07-22T09:35:22.625100Z,68646,scripted,Ambiguous,84,scripted_family_heuristic_only,,later_scfu_same_generation,103,203740,2,1044525,Protester,SimpleChar:7985C910,22,0d7d664d8fcba4ce,3542.05469,5.110001,823.396179,3549.47949,5.110001,824.189087,7.467018,2
m12074,2026-07-22T09:35:26.401675Z,68666,scripted,Ambiguous,84,scripted_family_heuristic_only,,later_scfu_same_generation,103,203740,2,1044525,Protester,SimpleChar:7985C910,22,0ae21b8e0f01106b,3548.06714,5.110001,824.070068,3567.29199,5.110001,825.066772,19.25067,2
m12085,2026-07-22T09:35:31.862418Z,68699,scripted,Ambiguous,84,scripted_family_heuristic_only,,later_scfu_same_generation,103,26149,23,1044525,Janae Seaman,SimpleChar:78E0FD08,29,22bcd74d02b0372d,3460.15698,9.145,882.901978,3468.49658,9.01,883.313477,8.349746,2
m12093,2026-07-22T09:35:36.579591Z,68731,scripted,Ambiguous,84,scripted_family_heuristic_only,,later_scfu_same_generation,103,26149,23,1044525,Janae Seaman,SimpleChar:78E0FD08,29,5246139a6c656f6a,3467.22705,9.01,883.244629,3472.10791,9.01,883.451599,4.885246,2
m12098,2026-07-22T09:35:39.079482Z,68746,scripted,Ambiguous,84,scripted_family_heuristic_only,,later_scfu_same_generation,103,26149,23,1044525,Janae Seaman,SimpleChar:78E0FD08,29,1c91aa099bd3efbb,3470.95386,9.01,883.403748,3472.61182,9.01,885.654236,2.795269,2
m12100,2026-07-22T09:35:40.171909Z,68752,scripted,Ambiguous,84,scripted_family_heuristic_only,,later_scfu_same_generation,103,26149,23,1044525,Janae Seaman,SimpleChar:78E0FD08,29,12e0d3873210dbab,3471.99731,9.01,884.515747,3473.25024,9.01,888.013428,3.71532,2
m12106,2026-07-22T09:35:41.751571Z,68773,scripted,Ambiguous,84,scripted_family_heuristic_only,,later_scfu_same_generation,103,26149,23,1044525,Janae Seaman,SimpleChar:78E0FD08,29,0ddda71e71f5b3c1,3472.81519,9.01,886.727295,3470.88599,9.01,888.954834,2.946819,2
m12109,2026-07-22T09:35:43.032696Z,68785,scripted,Ambiguous,84,scripted_family_heuristic_only,,later_scfu_same_generation,103,26149,23,1044525,Janae Seaman,SimpleChar:78E0FD08,29,66b688f7267af6b6,3472.01855,9.01,887.998657,3468.55835,9.01,888.870117,3.568253,2
m12113,2026-07-22T09:35:44.502592Z,68804,scripted,Ambiguous,84,scripted_family_heuristic_only,,later_scfu_same_generation,103,26149,23,1044525,Janae Seaman,SimpleChar:78E0FD08,29,2da482acec6ff79b,3469.7356,9.01,888.636475,3466.68091,9.01,887.826477,3.160258,2
m12115,2026-07-22T09:35:45.122934Z,68807,scripted,Ambiguous,84,scripted_family_heuristic_only,,later_scfu_same_generation,137,26125,10,1044525,Leonora Marty,SimpleChar:78E0FC74,21,b4ec398880f4e076,3447.57544,9.145,861.822571,3450.21484,9.107702,867.728149,6.468561,2
m12118,2026-07-22T09:35:45.842909Z,68813,scripted,Ambiguous,84,scripted_family_heuristic_only,,later_scfu_same_generation,103,26149,23,1044525,Janae Seaman,SimpleChar:78E0FD08,29,00995c88e35ec324,3467.80176,9.01,888.192932,3462.14771,9.01,889.839905,5.889041,2
m12124,2026-07-22T09:35:48.493650Z,68837,scripted,Ambiguous,84,scripted_family_heuristic_only,,later_scfu_same_generation,137,26125,10,1044525,Leonora Marty,SimpleChar:78E0FC74,21,ea3e8634c5916238,3449.6543,9.145,866.348511,3444.30151,9.0327,868.082703,5.626703,2
m12125,2026-07-22T09:35:48.973329Z,68839,scripted,Ambiguous,84,scripted_family_heuristic_only,,later_scfu_same_generation,103,26149,23,1044525,Janae Seaman,SimpleChar:78E0FD08,29,c4f07e772f4fa2d8,3463.33032,9.01,889.44989,3438.57275,9.01,887.679321,24.820801,2
m12132,2026-07-22T09:35:51.704856Z,68861,scripted,Ambiguous,84,scripted_family_heuristic_only,,later_scfu_same_generation,137,26125,10,1044525,Leonora Marty,SimpleChar:78E0FC74,21,67bea74d2e9322c7,3445.75732,9.145,867.781616,3441.89014,9.01,868.379761,3.913165,2
m12135,2026-07-22T09:35:53.738553Z,68882,scripted,Ambiguous,84,scripted_family_heuristic_only,,later_scfu_same_generation,137,26125,10,1044525,Leonora Marty,SimpleChar:78E0FC74,21,70c9651aa0a41edb,3443.10498,9.145,868.198059,3437.90552,9.01,869.041199,5.267378,2
m12186,2026-07-22T09:36:21.840018Z,69095,scripted,Ambiguous,84,scripted_family_heuristic_only,,later_scfu_same_generation,103,26149,23,1044525,Janae Seaman,SimpleChar:78E0FD08,30,22bcd74d02b0372d,3460.1853,9.145,882.897827,3468.49658,9.01,883.313477,8.321667,2
m12191,2026-07-22T09:36:24.739622Z,69112,scripted,Ambiguous,84,scripted_family_heuristic_only,,later_scfu_same_generation,137,26125,10,1044525,Leonora Marty,SimpleChar:78E0FC74,22,9a484531da45c082,3450.29248,9.145,889.693298,3461.76147,9.01,888.967957,11.491904,2
m12194,2026-07-22T09:36:26.660602Z,69123,scripted,Ambiguous,84,scripted_family_heuristic_only,,later_scfu_same_generation,103,26149,23,1044525,Janae Seaman,SimpleChar:78E0FD08,30,5246139a6c656f6a,3467.24414,9.01,883.244751,3472.10791,9.01,883.451599,4.868166,2
m12199,2026-07-22T09:36:29.329978Z,69140,scripted,Ambiguous,84,scripted_family_heuristic_only,,later_scfu_same_generation,103,26149,23,1044525,Janae Seaman,SimpleChar:78E0FD08,30,1c91aa099bd3efbb,3470.85571,9.01,883.399536,3472.61182,9.01,885.654236,2.8579,2
m12201,2026-07-22T09:36:30.120828Z,69150,scripted,Ambiguous,84,scripted_family_heuristic_only,,later_scfu_same_generation,103,26149,23,1044525,Janae Seaman,SimpleChar:78E0FD08,30,12e0d3873210dbab,3471.96802,9.01,884.558533,3473.25024,9.01,888.013428,3.685158,2
m12203,2026-07-22T09:36:31.451040Z,69154,scripted,Ambiguous,84,scripted_family_heuristic_only,,later_scfu_same_generation,137,26125,10,1044525,Leonora Marty,SimpleChar:78E0FC74,22,f31773ba46a77157,3460.34351,9.145,889.057861,3466.59814,9.01,889.095337,6.254742,2
m12205,2026-07-22T09:36:32.130167Z,69157,scripted,Ambiguous,84,scripted_family_heuristic_only,,later_scfu_same_generation,103,26149,23,1044525,Janae Seaman,SimpleChar:78E0FD08,30,0ddda71e71f5b3c1,3472.80859,9.01,886.74585,3470.88599,9.01,888.954834,2.928481,2
m12207,2026-07-22T09:36:32.786188Z,69166,scripted,Ambiguous,84,scripted_family_heuristic_only,,later_scfu_same_generation,103,26149,23,1044525,Janae Seaman,SimpleChar:78E0FD08,30,66b688f7267af6b6,3471.95166,9.01,887.994507,3468.55835,9.01,888.870117,3.504461,2
m12214,2026-07-22T09:36:34.401944Z,69174,scripted,Ambiguous,84,scripted_family_heuristic_only,,later_scfu_same_generation,103,26149,23,1044525,Janae Seaman,SimpleChar:78E0FD08,30,2da482acec6ff79b,3469.69751,9.01,888.641296,3466.68091,9.01,887.826477,3.124709,2
m12216,2026-07-22T09:36:35.170736Z,69181,scripted,Ambiguous,84,scripted_family_heuristic_only,,later_scfu_same_generation,137,26125,10,1044525,Leonora Marty,SimpleChar:78E0FC74,22,3e85348d55c532d1,3465.40649,9.01,889.08667,3469.4873,9.01,884.308228,6.28383,2
m12217,2026-07-22T09:36:35.505085Z,69189,scripted,Ambiguous,84,scripted_family_heuristic_only,,later_scfu_same_generation,103,26149,23,1044525,Janae Seaman,SimpleChar:78E0FD08,30,9e8d382ade6b7b94,3468.09399,9.01,888.295471,3462.14771,9.01,889.839905,6.143576,2
m12224,2026-07-22T09:36:38.260482Z,69209,scripted,Ambiguous,84,scripted_family_heuristic_only,,later_scfu_same_generation,137,26125,10,1044525,Leonora Marty,SimpleChar:78E0FC74,22,2e28335ff0c6673c,3468.7085,9.01,885.322693,3461.42432,9.009971,885.246643,7.284577,2
m12227,2026-07-22T09:36:38.731146Z,69212,scripted,Ambiguous,84,scripted_family_heuristic_only,,later_scfu_same_generation,103,26149,23,1044525,Janae Seaman,SimpleChar:78E0FD08,30,c4f07e772f4fa2d8,3463.44849,9.01,889.458374,3438.57275,9.01,887.679321,24.939276,2
m12229,2026-07-22T09:36:44.714534Z,69235,scripted,Ambiguous,84,scripted_family_heuristic_only,,later_scfu_same_generation,137,26125,10,1044525,Leonora Marty,SimpleChar:78E0FC74,22,b487bf1316fb0582,3461.24268,9.01,885.258362,3457.02905,9.109645,880.685242,6.218368,2
m12241,2026-07-22T09:36:47.895008Z,69267,scripted,Ambiguous,84,scripted_family_heuristic_only,,later_scfu_same_generation,137,26125,10,1044525,Leonora Marty,SimpleChar:78E0FC74,22,d12bd12ff7d801ad,3457.97412,9.145,881.710266,3456.76294,9.109647,877.424072,4.454034,2
m12244,2026-07-22T09:36:49.927279Z,69281,scripted,Ambiguous,84,scripted_family_heuristic_only,,later_scfu_same_generation,137,26125,10,1044525,Leonora Marty,SimpleChar:78E0FC74,22,55e471cb26a26951,3457.10913,9.145,878.858643,3457.13965,9.107692,869.205444,9.653247,2
m12252,2026-07-22T09:36:54.568506Z,69318,scripted,Ambiguous,84,scripted_family_heuristic_only,,later_scfu_same_generation,103,26149,23,1044525,Janae Seaman,SimpleChar:78E0FD08,30,1b2d3d25792b792e,3440.05273,9.01,887.791992,3437.49146,9.01,885.606445,3.367005,2
m12255,2026-07-22T09:36:55.548445Z,69335,scripted,Ambiguous,84,scripted_family_heuristic_only,,later_scfu_same_generation,137,26125,10,1044525,Leonora Marty,SimpleChar:78E0FC74,22,cfb94f28e08ddb13,3457.12329,9.145,870.585999,3457.23755,9.732795,860.66803,9.918627,2
m12263,2026-07-22T09:37:01.186242Z,69389,scripted,Ambiguous,84,scripted_family_heuristic_only,,later_scfu_same_generation,137,26125,10,1044525,Leonora Marty,SimpleChar:78E0FC74,22,54bd8eeeb0075d36,3457.22168,9.145,862.03772,3454.45142,9.051506,848.033569,14.275524,2
m12270,2026-07-22T09:37:07.383386Z,69428,scripted,Ambiguous,84,scripted_family_heuristic_only,,later_scfu_same_generation,103,203740,2,1044525,Protester,SimpleChar:7985C910,23,285e7001f31e10b7,3533.01733,5.110001,810.204041,3533.2854,5.110001,818.280701,8.081107,2
m12273,2026-07-22T09:37:09.826881Z,69443,scripted,Ambiguous,84,scripted_family_heuristic_only,,later_scfu_same_generation,137,26125,10,1044525,Leonora Marty,SimpleChar:78E0FC74,22,c11e71aa5637eec2,3454.72412,9.145,849.383972,3448.11499,9.051499,842.946228,9.226329,2
m12278,2026-07-22T09:37:11.610358Z,69456,scripted,Ambiguous,84,scripted_family_heuristic_only,,later_scfu_same_generation,103,26149,23,1044525,Janae Seaman,SimpleChar:78E0FD08,31,22bcd74d02b0372d,3460.19556,9.145,882.899048,3468.49658,9.01,883.313477,8.311359,2
m12279,2026-07-22T09:37:11.799445Z,69462,scripted,Ambiguous,84,scripted_family_heuristic_only,,later_scfu_same_generation,103,203740,2,1044525,Protester,SimpleChar:7985C910,23,c331425938eb65ff,3533.23975,5.110001,816.821167,3543.04565,5.110001,824.082031,12.201468,2
m12284,2026-07-22T09:37:15.159587Z,69488,scripted,Ambiguous,84,scripted_family_heuristic_only,,later_scfu_same_generation,137,26125,10,1044525,Leonora Marty,SimpleChar:78E0FC74,22,d877a216b4e5e771,3449.16895,9.145,843.930359,3437.43042,9.01,842.172302,11.86945,2
m12288,2026-07-22T09:37:16.150323Z,69493,scripted,Ambiguous,84,scripted_family_heuristic_only,,later_scfu_same_generation,103,26149,23,1044525,Janae Seaman,SimpleChar:78E0FD08,31,5246139a6c656f6a,3467.0022,9.01,883.231567,3472.10791,9.01,883.451599,5.110449,2
m12294,2026-07-22T09:37:18.565471Z,69510,scripted,Ambiguous,84,scripted_family_heuristic_only,,later_scfu_same_generation,103,26149,23,1044525,Janae Seaman,SimpleChar:78E0FD08,31,e941be33dc652c4d,3470.64697,9.01,883.389771,3472.61182,9.01,885.654236,2.998072,2
m12296,2026-07-22T09:37:19.265386Z,69512,scripted,Ambiguous,84,scripted_family_heuristic_only,,later_scfu_same_generation,103,203740,2,1044525,Protester,SimpleChar:7985C910,23,0d7d664d8fcba4ce,3542.08691,5.110001,823.409607,3549.47949,5.110001,824.189087,7.433561,2
m12297,2026-07-22T09:37:19.695549Z,69515,scripted,Ambiguous,84,scripted_family_heuristic_only,,later_scfu_same_generation,103,26149,23,1044525,Janae Seaman,SimpleChar:78E0FD08,31,12e0d3873210dbab,3471.78955,9.01,884.456604,3473.25024,9.01,888.013428,3.845076,2
m12303,2026-07-22T09:37:21.425325Z,69532,scripted,Ambiguous,84,scripted_family_heuristic_only,,later_scfu_same_generation,103,26149,23,1044525,Janae Seaman,SimpleChar:78E0FD08,31,b979bc0890f7070b,3472.80396,9.01,886.853455,3470.88599,9.01,888.954834,2.845066,2
m12304,2026-07-22T09:37:22.535262Z,69534,scripted,Ambiguous,84,scripted_family_heuristic_only,,later_scfu_same_generation,103,26149,23,1044525,Janae Seaman,SimpleChar:78E0FD08,31,66b688f7267af6b6,3472.04175,9.01,888.064575,3468.55835,9.01,888.870117,3.575328,2
m12307,2026-07-22T09:37:23.416345Z,69541,scripted,Ambiguous,84,scripted_family_heuristic_only,,later_scfu_same_generation,103,203740,2,1044525,Protester,SimpleChar:7985C910,23,f96eb21a4afed532,3548.25952,5.110001,824.088074,3567.29199,5.110001,825.066772,19.057617,2
m12310,2026-07-22T09:37:24.099133Z,69548,scripted,Ambiguous,84,scripted_family_heuristic_only,,later_scfu_same_generation,103,26149,23,1044525,Janae Seaman,SimpleChar:78E0FD08,31,dbf16c3bdd68e19e,3469.83032,9.01,888.639832,3466.68091,9.01,887.826477,3.252742,2
m12313,2026-07-22T09:37:25.619710Z,69556,scripted,Ambiguous,84,scripted_family_heuristic_only,,later_scfu_same_generation,103,26149,23,1044525,Janae Seaman,SimpleChar:78E0FD08,31,00995c88e35ec324,3467.91382,9.01,888.214417,3462.14771,9.01,889.839905,5.990846,2
m12320,2026-07-22T09:37:28.938678Z,69575,scripted,Ambiguous,84,scripted_family_heuristic_only,,later_scfu_same_generation,103,26149,23,1044525,Janae Seaman,SimpleChar:78E0FD08,31,c4f07e772f4fa2d8,3463.4939,9.01,889.406677,3438.57275,9.01,887.679321,24.980942,2
m12354,2026-07-22T09:37:53.017528Z,69714,scripted,Ambiguous,84,scripted_family_heuristic_only,,later_scfu_same_generation,137,26125,10,1044525,Leonora Marty,SimpleChar:78E0FC74,23,b4ec398880f4e076,3447.70703,9.145,861.90155,3450.21484,9.107702,867.728149,6.343372,2
m12360,2026-07-22T09:37:56.427915Z,69735,scripted,Ambiguous,84,scripted_family_heuristic_only,,later_scfu_same_generation,137,26125,10,1044525,Leonora Marty,SimpleChar:78E0FC74,23,ea3e8634c5916238,3449.73999,9.145,866.505981,3444.30151,9.0327,868.082703,5.66243,2
m12366,2026-07-22T09:37:59.832564Z,69752,scripted,Ambiguous,84,scripted_family_heuristic_only,,later_scfu_same_generation,137,26125,10,1044525,Leonora Marty,SimpleChar:78E0FC74,23,b0a2fb75cb7c265a,3445.5271,9.145,867.868042,3441.89014,9.01,868.379761,3.672783,2
m12372,2026-07-22T09:38:01.383504Z,69771,scripted,Ambiguous,84,scripted_family_heuristic_only,,later_scfu_same_generation,137,26125,10,1044525,Leonora Marty,SimpleChar:78E0FC74,23,70c9651aa0a41edb,3443.21802,9.145,868.197876,3437.90552,9.01,869.041199,5.379019,2
m12373,2026-07-22T09:38:01.383504Z,69772,scripted,Ambiguous,84,scripted_family_heuristic_only,,later_scfu_same_generation,103,26149,23,1044525,Janae Seaman,SimpleChar:78E0FD08,32,22bcd74d02b0372d,3460.10449,9.145,882.911072,3468.49658,9.01,883.313477,8.401732,2
m12377,2026-07-22T09:38:06.369794Z,69809,scripted,Ambiguous,84,scripted_family_heuristic_only,,later_scfu_same_generation,103,26149,23,1044525,Janae Seaman,SimpleChar:78E0FD08,32,5246139a6c656f6a,3467.08813,9.01,883.238831,3472.10791,9.01,883.451599,5.024287,2
m12379,2026-07-22T09:38:08.845650Z,69822,scripted,Ambiguous,84,scripted_family_heuristic_only,,later_scfu_same_generation,103,26149,23,1044525,Janae Seaman,SimpleChar:78E0FD08,32,e941be33dc652c4d,3470.70947,9.01,883.393433,3472.61182,9.01,885.654236,2.954685,2
m12381,2026-07-22T09:38:09.545901Z,69831,scripted,Ambiguous,84,scripted_family_heuristic_only,,later_scfu_same_generation,103,26149,23,1044525,Janae Seaman,SimpleChar:78E0FD08,32,12e0d3873210dbab,3471.81201,9.01,884.437988,3473.25024,9.01,888.013428,3.853865,2
m12384,2026-07-22T09:38:11.336152Z,69849,scripted,Ambiguous,84,scripted_family_heuristic_only,,later_scfu_same_generation,103,26149,23,1044525,Janae Seaman,SimpleChar:78E0FD08,32,b979bc0890f7070b,3472.82739,9.01,886.891541,3470.88599,9.01,888.954834,2.833057,2
m12386,2026-07-22T09:38:12.415967Z,69861,scripted,Ambiguous,84,scripted_family_heuristic_only,,later_scfu_same_generation,103,26149,23,1044525,Janae Seaman,SimpleChar:78E0FD08,32,66b688f7267af6b6,3472.08301,9.01,888.063843,3468.55835,9.01,888.870117,3.615703,2
m12390,2026-07-22T09:38:13.946150Z,69876,scripted,Ambiguous,84,scripted_family_heuristic_only,,later_scfu_same_generation,103,26149,23,1044525,Janae Seaman,SimpleChar:78E0FD08,32,dbf16c3bdd68e19e,3469.89551,9.01,888.628479,3466.68091,9.01,887.826477,3.313135,2
m12395,2026-07-22T09:38:15.265449Z,69887,scripted,Ambiguous,84,scripted_family_heuristic_only,,later_scfu_same_generation,103,26149,23,1044525,Janae Seaman,SimpleChar:78E0FD08,32,00995c88e35ec324,3467.99683,9.01,888.225952,3462.14771,9.01,889.839905,6.067705,2
m12400,2026-07-22T09:38:18.436103Z,69904,scripted,Ambiguous,84,scripted_family_heuristic_only,,later_scfu_same_generation,103,26149,23,1044525,Janae Seaman,SimpleChar:78E0FD08,32,c4f07e772f4fa2d8,3463.43066,9.01,889.442078,3438.57275,9.01,887.679321,24.920333,2
m12424,2026-07-22T09:38:32.391810Z,69984,scripted,Ambiguous,84,scripted_family_heuristic_only,,later_scfu_same_generation,137,26125,10,1044525,Leonora Marty,SimpleChar:78E0FC74,24,e5d891be987ef4b6,3450.09058,9.145,889.699829,3461.76147,9.01,888.967957,11.693815,2
m12432,2026-07-22T09:38:39.631375Z,70024,scripted,Ambiguous,84,scripted_family_heuristic_only,,later_scfu_same_generation,137,26125,10,1044525,Leonora Marty,SimpleChar:78E0FC74,24,f31773ba46a77157,3460.375,9.145,889.055115,3466.59814,9.01,889.095337,6.22327,2
m12437,2026-07-22T09:38:42.611375Z,70043,scripted,Ambiguous,84,scripted_family_heuristic_only,,later_scfu_same_generation,137,26125,10,1044525,Leonora Marty,SimpleChar:78E0FC74,24,3e85348d55c532d1,3465.39795,9.01,889.082764,3469.4873,9.01,884.308228,6.286412,2
m12444,2026-07-22T09:38:46.001452Z,70060,scripted,Ambiguous,84,scripted_family_heuristic_only,,later_scfu_same_generation,137,26125,10,1044525,Leonora Marty,SimpleChar:78E0FC74,24,2e28335ff0c6673c,3468.66333,9.01,885.377258,3461.42432,9.009971,885.246643,7.240188,2
m12452,2026-07-22T09:38:50.686685Z,70089,scripted,Ambiguous,84,scripted_family_heuristic_only,,later_scfu_same_generation,137,26125,10,1044525,Leonora Marty,SimpleChar:78E0FC74,24,ffcf541a2a6d596b,3462.74292,9.01,885.170959,3457.02905,9.109645,880.685242,7.264294,2
m12454,2026-07-22T09:38:51.166887Z,70092,scripted,Ambiguous,84,scripted_family_heuristic_only,,later_scfu_same_generation,103,26149,23,1044525,Janae Seaman,SimpleChar:78E0FD08,33,22bcd74d02b0372d,3460.15308,9.145,882.905151,3468.49658,9.01,883.313477,8.353486,2
m12461,2026-07-22T09:38:54.867994Z,70123,scripted,Ambiguous,84,scripted_family_heuristic_only,,later_scfu_same_generation,137,26125,10,1044525,Leonora Marty,SimpleChar:78E0FC74,24,d12bd12ff7d801ad,3457.95825,9.145,881.468201,3456.76294,9.109647,877.424072,4.217078,2
m12464,2026-07-22T09:38:55.897202Z,70140,scripted,Ambiguous,84,scripted_family_heuristic_only,,later_scfu_same_generation,103,26149,23,1044525,Janae Seaman,SimpleChar:78E0FD08,33,5246139a6c656f6a,3467.24976,9.01,883.246155,3472.10791,9.01,883.451599,4.862492,2
m12467,2026-07-22T09:38:56.777022Z,70144,scripted,Ambiguous,84,scripted_family_heuristic_only,,later_scfu_same_generation,137,26125,10,1044525,Leonora Marty,SimpleChar:78E0FC74,24,dd5fdf951e2b327e,3457.06372,9.145,878.671021,3457.13965,9.107692,869.205444,9.465882,2
m12470,2026-07-22T09:38:58.147095Z,70159,scripted,Ambiguous,84,scripted_family_heuristic_only,,later_scfu_same_generation,103,26149,23,1044525,Janae Seaman,SimpleChar:78E0FD08,33,e941be33dc652c4d,3470.61597,9.01,883.389893,3472.61182,9.01,885.654236,3.018388,2
m12473,2026-07-22T09:38:59.307590Z,70169,scripted,Ambiguous,84,scripted_family_heuristic_only,,later_scfu_same_generation,103,26149,23,1044525,Janae Seaman,SimpleChar:78E0FD08,33,12e0d3873210dbab,3471.80151,9.01,884.495728,3473.25024,9.01,888.013428,3.804344,2
m12476,2026-07-22T09:39:00.882527Z,70182,scripted,Ambiguous,84,scripted_family_heuristic_only,,later_scfu_same_generation,103,26149,23,1044525,Janae Seaman,SimpleChar:78E0FD08,33,818ca27973c7818e,3472.73682,9.01,886.678406,3470.88599,9.01,888.954834,2.933888,2
m12479,2026-07-22T09:39:02.072593Z,70190,scripted,Ambiguous,84,scripted_family_heuristic_only,,later_scfu_same_generation,103,26149,23,1044525,Janae Seaman,SimpleChar:78E0FD08,33,66b688f7267af6b6,3471.95313,9.01,887.99823,3468.55835,9.01,888.870117,3.504956,2
m12480,2026-07-22T09:39:02.502350Z,70195,scripted,Ambiguous,84,scripted_family_heuristic_only,,later_scfu_same_generation,137,26125,10,1044525,Leonora Marty,SimpleChar:78E0FC74,24,cfb94f28e08ddb13,3457.11841,9.145,870.453918,3457.23755,9.732795,860.66803,9.786613,2
m12482,2026-07-22T09:39:02.933007Z,70201,scripted,Ambiguous,84,scripted_family_heuristic_only,,later_scfu_same_generation,103,203740,2,1044525,Protester,SimpleChar:7985C910,24,285e7001f31e10b7,3533.02686,5.110001,810.187744,3533.2854,5.110001,818.280701,8.097086,2
m12485,2026-07-22T09:39:03.612312Z,70210,scripted,Ambiguous,84,scripted_family_heuristic_only,,later_scfu_same_generation,103,26149,23,1044525,Janae Seaman,SimpleChar:78E0FD08,33,2da482acec6ff79b,3469.74829,9.01,888.630737,3466.68091,9.01,887.826477,3.171065,2
m12487,2026-07-22T09:39:04.762312Z,70217,scripted,Ambiguous,84,scripted_family_heuristic_only,,later_scfu_same_generation,103,26149,23,1044525,Janae Seaman,SimpleChar:78E0FD08,33,9e8d382ade6b7b94,3468.10107,9.01,888.285278,3462.14771,9.01,889.839905,6.152996,2
m12489,2026-07-22T09:39:07.561487Z,70241,scripted,Ambiguous,84,scripted_family_heuristic_only,,later_scfu_same_generation,103,203740,2,1044525,Protester,SimpleChar:7985C910,24,c331425938eb65ff,3533.24585,5.110001,816.947754,3543.04565,5.110001,824.082031,12.121633,2
m12492,2026-07-22T09:39:07.891122Z,70247,scripted,Ambiguous,84,scripted_family_heuristic_only,,later_scfu_same_generation,137,26125,10,1044525,Leonora Marty,SimpleChar:78E0FC74,24,54bd8eeeb0075d36,3457.22046,9.145,862.106506,3454.45142,9.051506,848.033569,14.342773,2
m12493,2026-07-22T09:39:08.511410Z,70253,scripted,Ambiguous,84,scripted_family_heuristic_only,,later_scfu_same_generation,103,26149,23,1044525,Janae Seaman,SimpleChar:78E0FD08,33,c4f07e772f4fa2d8,3463.29688,9.01,889.501221,3438.57275,9.01,887.679321,24.791166,2
m12501,2026-07-22T09:39:14.819639Z,70306,scripted,Ambiguous,84,scripted_family_heuristic_only,,later_scfu_same_generation,103,203740,2,1044525,Protester,SimpleChar:7985C910,24,0d7d664d8fcba4ce,3542.04565,5.110001,823.394409,3549.47949,5.110001,824.189087,7.476195,2
m12506,2026-07-22T09:39:16.599450Z,70331,scripted,Ambiguous,84,scripted_family_heuristic_only,,later_scfu_same_generation,137,26125,10,1044525,Leonora Marty,SimpleChar:78E0FC74,24,c11e71aa5637eec2,3454.70801,9.145,849.304565,3448.11499,9.051499,842.946228,9.159496,2
m12511,2026-07-22T09:39:19.029626Z,70355,scripted,Ambiguous,84,scripted_family_heuristic_only,,later_scfu_same_generation,103,203740,2,1044525,Protester,SimpleChar:7985C910,24,f96eb21a4afed532,3548.26782,5.110001,824.086548,3567.29199,5.110001,825.066772,19.049406,2
m12516,2026-07-22T09:39:22.159794Z,70372,scripted,Ambiguous,84,scripted_family_heuristic_only,,later_scfu_same_generation,137,26125,10,1044525,Leonora Marty,SimpleChar:78E0FC74,24,d877a216b4e5e771,3449.05273,9.145,843.8125,3437.43042,9.01,842.172302,11.737476,2
m12542,2026-07-22T09:39:41.189885Z,70501,scripted,Ambiguous,84,scripted_family_heuristic_only,,later_scfu_same_generation,103,26149,23,1044525,Janae Seaman,SimpleChar:78E0FD08,34,22bcd74d02b0372d,3459.9751,9.145,882.919067,3468.49658,9.01,883.313477,8.530603,2
m12552,2026-07-22T09:39:45.829628Z,70531,scripted,Ambiguous,84,scripted_family_heuristic_only,,later_scfu_same_generation,103,26149,23,1044525,Janae Seaman,SimpleChar:78E0FD08,34,1a04e7f0616b3893,3467.32593,9.01,883.25354,3472.10791,9.01,883.451599,4.78608,2
m12556,2026-07-22T09:39:48.130612Z,70540,scripted,Ambiguous,84,scripted_family_heuristic_only,,later_scfu_same_generation,103,26149,23,1044525,Janae Seaman,SimpleChar:78E0FD08,34,e941be33dc652c4d,3470.68994,9.01,883.393921,3472.61182,9.01,885.654236,2.966925,2
m12558,2026-07-22T09:39:49.220510Z,70551,scripted,Ambiguous,84,scripted_family_heuristic_only,,later_scfu_same_generation,103,26149,23,1044525,Janae Seaman,SimpleChar:78E0FD08,34,12e0d3873210dbab,3471.78979,9.01,884.424194,3473.25024,9.01,888.013428,3.874986,2
m12563,2026-07-22T09:39:50.610705Z,70558,scripted,Ambiguous,84,scripted_family_heuristic_only,,later_scfu_same_generation,103,26149,23,1044525,Janae Seaman,SimpleChar:78E0FD08,34,818ca27973c7818e,3472.72461,9.01,886.635498,3470.88599,9.01,888.954834,2.959703,2
m12566,2026-07-22T09:39:51.949742Z,70567,scripted,Ambiguous,84,scripted_family_heuristic_only,,later_scfu_same_generation,103,26149,23,1044525,Janae Seaman,SimpleChar:78E0FD08,34,66b688f7267af6b6,3471.75366,9.01,888.157532,3468.55835,9.01,888.870117,3.273803,2
m12569,2026-07-22T09:39:53.350951Z,70575,scripted,Ambiguous,84,scripted_family_heuristic_only,,later_scfu_same_generation,103,26149,23,1044525,Janae Seaman,SimpleChar:78E0FD08,34,dbf16c3bdd68e19e,3469.80078,9.01,888.673523,3466.68091,9.01,887.826477,3.232812,2
m12573,2026-07-22T09:39:54.864552Z,70589,scripted,Ambiguous,84,scripted_family_heuristic_only,,later_scfu_same_generation,103,26149,23,1044525,Janae Seaman,SimpleChar:78E0FD08,34,00995c88e35ec324,3467.82202,9.01,888.199036,3462.14771,9.01,889.839905,5.906797,2
m12580,2026-07-22T09:39:57.804935Z,70610,scripted,Ambiguous,84,scripted_family_heuristic_only,,later_scfu_same_generation,103,26149,23,1044525,Janae Seaman,SimpleChar:78E0FD08,34,c4f07e772f4fa2d8,3463.41016,9.01,889.42688,3438.57275,9.01,887.679321,24.898813,2
m12586,2026-07-22T09:39:59.772910Z,70623,scripted,Ambiguous,84,scripted_family_heuristic_only,,later_scfu_same_generation,137,26125,10,1044525,Leonora Marty,SimpleChar:78E0FC74,25,9775a961dab11288,3447.77686,9.145,861.935486,3450.21484,9.107702,867.728149,6.284798,2
m12592,2026-07-22T09:40:03.104524Z,70641,scripted,Ambiguous,84,scripted_family_heuristic_only,,later_scfu_same_generation,137,26125,10,1044525,Leonora Marty,SimpleChar:78E0FC74,25,ea3e8634c5916238,3449.72852,9.145,866.443542,3444.30151,9.0327,868.082703,5.669152,2
m12596,2026-07-22T09:40:06.488014Z,70676,scripted,Ambiguous,84,scripted_family_heuristic_only,,later_scfu_same_generation,137,26125,10,1044525,Leonora Marty,SimpleChar:78E0FC74,25,b0a2fb75cb7c265a,3445.5083,9.145,867.856323,3441.89014,9.01,868.379761,3.655827,2
m12598,2026-07-22T09:40:08.036656Z,70693,scripted,Ambiguous,84,scripted_family_heuristic_only,,later_scfu_same_generation,137,26125,10,1044525,Leonora Marty,SimpleChar:78E0FC74,25,70c9651aa0a41edb,3443.23535,9.145,868.191162,3437.90552,9.01,869.041199,5.397189,2
m12635,2026-07-22T09:40:30.595718Z,70873,scripted,Ambiguous,84,scripted_family_heuristic_only,,later_scfu_same_generation,103,26149,23,1044525,Janae Seaman,SimpleChar:78E0FD08,35,22bcd74d02b0372d,3460.11011,9.145,882.905334,3468.49658,9.01,883.313477,8.396396,2
m12644,2026-07-22T09:40:35.351377Z,70907,scripted,Ambiguous,84,scripted_family_heuristic_only,,later_scfu_same_generation,103,26149,23,1044525,Janae Seaman,SimpleChar:78E0FD08,35,5246139a6c656f6a,3467.24292,9.01,883.246399,3472.10791,9.01,883.451599,4.869316,2
m12649,2026-07-22T09:40:37.616314Z,70922,scripted,Ambiguous,84,scripted_family_heuristic_only,,later_scfu_same_generation,103,26149,23,1044525,Janae Seaman,SimpleChar:78E0FD08,35,e941be33dc652c4d,3470.61084,9.01,883.389709,3472.61182,9.01,885.654236,3.02192,2
m12650,2026-07-22T09:40:38.727466Z,70926,scripted,Ambiguous,84,scripted_family_heuristic_only,,later_scfu_same_generation,103,26149,23,1044525,Janae Seaman,SimpleChar:78E0FD08,35,12e0d3873210dbab,3471.76074,9.01,884.445862,3473.25024,9.01,888.013428,3.866023,2
m12651,2026-07-22T09:40:39.161183Z,70935,scripted,Ambiguous,84,scripted_family_heuristic_only,,later_scfu_same_generation,137,26125,10,1044525,Leonora Marty,SimpleChar:78E0FC74,26,e5d891be987ef4b6,3450.11084,9.145,889.712891,3461.76147,9.01,888.967957,11.674421,2
m12654,2026-07-22T09:40:40.511382Z,70951,scripted,Ambiguous,84,scripted_family_heuristic_only,,later_scfu_same_generation,103,26149,23,1044525,Janae Seaman,SimpleChar:78E0FD08,35,b979bc0890f7070b,3472.8186,9.01,886.907532,3470.88599,9.01,888.954834,2.815391,2
m12657,2026-07-22T09:40:41.736914Z,70959,scripted,Ambiguous,84,scripted_family_heuristic_only,,later_scfu_same_generation,103,26149,23,1044525,Janae Seaman,SimpleChar:78E0FD08,35,66b688f7267af6b6,3472.05371,9.01,888.097168,3468.55835,9.01,888.870117,3.579803,2
m12659,2026-07-22T09:40:43.166187Z,70973,scripted,Ambiguous,84,scripted_family_heuristic_only,,later_scfu_same_generation,103,26149,23,1044525,Janae Seaman,SimpleChar:78E0FD08,35,dbf16c3bdd68e19e,3469.81885,9.01,888.65271,3466.68091,9.01,887.826477,3.244893,2
m12662,2026-07-22T09:40:44.705983Z,70986,scripted,Ambiguous,84,scripted_family_heuristic_only,,later_scfu_same_generation,103,26149,23,1044525,Janae Seaman,SimpleChar:78E0FD08,35,00995c88e35ec324,3467.88428,9.01,888.212036,3462.14771,9.01,889.839905,5.963069,2
m12665,2026-07-22T09:40:46.077220Z,71001,scripted,Ambiguous,84,scripted_family_heuristic_only,,later_scfu_same_generation,137,26125,10,1044525,Leonora Marty,SimpleChar:78E0FC74,26,f31773ba46a77157,3460.46436,9.145,889.051025,3466.59814,9.01,889.095337,6.13394,2
m12668,2026-07-22T09:40:47.658460Z,71012,scripted,Ambiguous,84,scripted_family_heuristic_only,,later_scfu_same_generation,103,26149,23,1044525,Janae Seaman,SimpleChar:78E0FD08,35,c4f07e772f4fa2d8,3463.39429,9.01,889.431396,3438.57275,9.01,887.679321,24.8833,2
m12672,2026-07-22T09:40:49.437232Z,71036,scripted,Ambiguous,84,scripted_family_heuristic_only,,later_scfu_same_generation,137,26125,10,1044525,Leonora Marty,SimpleChar:78E0FC74,26,e97c08af8420f01f,3465.15186,9.01,889.079102,3469.4873,9.01,884.308228,6.446494,2
m12681,2026-07-22T09:40:52.757289Z,71069,scripted,Ambiguous,84,scripted_family_heuristic_only,,later_scfu_same_generation,137,26125,10,1044525,Leonora Marty,SimpleChar:78E0FC74,26,2e28335ff0c6673c,3468.68652,9.01,885.279053,3461.42432,9.009971,885.246643,7.262272,2
m12688,2026-07-22T09:40:57.448263Z,71119,scripted,Ambiguous,84,scripted_family_heuristic_only,,later_scfu_same_generation,137,26125,10,1044525,Leonora Marty,SimpleChar:78E0FC74,26,97207de34910a10b,3462.78296,9.01,885.153137,3457.02905,9.109645,880.685242,7.284886,2
m12690,2026-07-22T09:40:58.198605Z,71127,scripted,Ambiguous,84,scripted_family_heuristic_only,,later_scfu_same_generation,103,203740,2,1044525,Protester,SimpleChar:7985C910,25,285e7001f31e10b7,3532.98901,5.110001,809.905151,3533.2854,5.110001,818.280701,8.380793,2
m12696,2026-07-22T09:41:01.389155Z,71153,scripted,Ambiguous,84,scripted_family_heuristic_only,,later_scfu_same_generation,137,26125,10,1044525,Leonora Marty,SimpleChar:78E0FC74,26,d12bd12ff7d801ad,3458.15723,9.145,881.626343,3456.76294,9.109647,877.424072,4.427542,2
m12698,2026-07-22T09:41:02.740646Z,71159,scripted,Ambiguous,84,scripted_family_heuristic_only,,later_scfu_same_generation,103,203740,2,1044525,Protester,SimpleChar:7985C910,25,c331425938eb65ff,3533.23657,5.110001,816.8255,3543.04565,5.110001,824.082031,12.201446,2
m12699,2026-07-22T09:41:03.450478Z,71161,scripted,Ambiguous,84,scripted_family_heuristic_only,,later_scfu_same_generation,137,26125,10,1044525,Leonora Marty,SimpleChar:78E0FC74,26,55e471cb26a26951,3457.15796,9.145,878.822815,3457.13965,9.107692,869.205444,9.617388,2
m12707,2026-07-22T09:41:08.913708Z,71194,scripted,Ambiguous,84,scripted_family_heuristic_only,,later_scfu_same_generation,137,26125,10,1044525,Leonora Marty,SimpleChar:78E0FC74,26,cfb94f28e08ddb13,3457.13037,9.145,870.576599,3457.23755,9.732795,860.66803,9.909149,2
m12710,2026-07-22T09:41:10.053310Z,71199,scripted,Ambiguous,84,scripted_family_heuristic_only,,later_scfu_same_generation,103,203740,2,1044525,Protester,SimpleChar:7985C910,25,0d7d664d8fcba4ce,3541.8833,5.110001,823.268066,3549.47949,5.110001,824.189087,7.651822,2
m12715,2026-07-22T09:41:14.615901Z,71233,scripted,Ambiguous,84,scripted_family_heuristic_only,,later_scfu_same_generation,103,203740,2,1044525,Protester,SimpleChar:7985C910,25,0ae21b8e0f01106b,3548.11377,5.110001,824.052002,3567.29199,5.110001,825.066772,19.205048,2
m12716,2026-07-22T09:41:14.685926Z,71234,scripted,Ambiguous,84,scripted_family_heuristic_only,,later_scfu_same_generation,137,26125,10,1044525,Leonora Marty,SimpleChar:78E0FC74,26,54bd8eeeb0075d36,3457.22314,9.145,862.018372,3454.45142,9.051506,848.033569,14.256828,2
m12728,2026-07-22T09:41:20.826781Z,71284,scripted,Ambiguous,84,scripted_family_heuristic_only,,later_scfu_same_generation,103,26149,23,1044525,Janae Seaman,SimpleChar:78E0FD08,36,eca2c4975dd079f9,3460.25366,9.145,882.898315,3468.49658,9.01,883.313477,8.253368,2
m12732,2026-07-22T09:41:23.316624Z,71301,scripted,Ambiguous,84,scripted_family_heuristic_only,,later_scfu_same_generation,137,26125,10,1044525,Leonora Marty,SimpleChar:78E0FC74,26,c11e71aa5637eec2,3454.71045,9.145,849.310486,3448.11499,9.051499,842.946228,9.165363,2
m12737,2026-07-22T09:41:25.162705Z,71315,scripted,Ambiguous,84,scripted_family_heuristic_only,,later_scfu_same_generation,103,26149,23,1044525,Janae Seaman,SimpleChar:78E0FD08,36,bdf73ae2e937bc29,3467.26074,9.01,883.244751,3472.10791,9.01,883.451599,4.851582,2
m12742,2026-07-22T09:41:27.420867Z,71333,scripted,Ambiguous,84,scripted_family_heuristic_only,,later_scfu_same_generation,103,26149,23,1044525,Janae Seaman,SimpleChar:78E0FD08,36,e941be33dc652c4d,3470.65967,9.01,883.391418,3472.61182,9.01,885.654236,2.988517,2
m12743,2026-07-22T09:41:28.540934Z,71340,scripted,Ambiguous,84,scripted_family_heuristic_only,,later_scfu_same_generation,137,26125,10,1044525,Leonora Marty,SimpleChar:78E0FC74,26,d877a216b4e5e771,3449.16211,9.145,843.913574,3437.43042,9.01,842.172302,11.86021,2
m12744,2026-07-22T09:41:28.540934Z,71341,scripted,Ambiguous,84,scripted_family_heuristic_only,,later_scfu_same_generation,103,26149,23,1044525,Janae Seaman,SimpleChar:78E0FD08,36,12e0d3873210dbab,3471.79077,9.01,884.446289,3473.25024,9.01,888.013428,3.854158,2
m12748,2026-07-22T09:41:30.595485Z,71363,scripted,Ambiguous,84,scripted_family_heuristic_only,,later_scfu_same_generation,103,26149,23,1044525,Janae Seaman,SimpleChar:78E0FD08,36,b979bc0890f7070b,3472.84277,9.01,886.951111,3470.88599,9.01,888.954834,2.800695,2
m12750,2026-07-22T09:41:31.445666Z,71378,scripted,Ambiguous,84,scripted_family_heuristic_only,,later_scfu_same_generation,103,26149,23,1044525,Janae Seaman,SimpleChar:78E0FD08,36,66b688f7267af6b6,3472.07764,9.01,888.112549,3468.55835,9.01,888.870117,3.599904,2
m12753,2026-07-22T09:41:33.083656Z,71393,scripted,Ambiguous,84,scripted_family_heuristic_only,,later_scfu_same_generation,103,26149,23,1044525,Janae Seaman,SimpleChar:78E0FD08,36,dbf16c3bdd68e19e,3469.83276,9.01,888.655884,3466.68091,9.01,887.826477,3.259152,2
m12756,2026-07-22T09:41:34.453862Z,71420,scripted,Ambiguous,84,scripted_family_heuristic_only,,later_scfu_same_generation,103,26149,23,1044525,Janae Seaman,SimpleChar:78E0FD08,36,00995c88e35ec324,3467.90454,9.01,888.216919,3462.14771,9.01,889.839905,5.981235,2
m12760,2026-07-22T09:41:37.434062Z,71468,scripted,Ambiguous,84,scripted_family_heuristic_only,,later_scfu_same_generation,103,26149,23,1044525,Janae Seaman,SimpleChar:78E0FD08,36,c4f07e772f4fa2d8,3463.47021,9.01,889.404785,3438.57275,9.01,887.679321,24.957178,2
m12804,2026-07-22T09:42:06.522304Z,71720,scripted,Ambiguous,84,scripted_family_heuristic_only,,later_scfu_same_generation,137,26125,10,1044525,Leonora Marty,SimpleChar:78E0FC74,27,b4ec398880f4e076,3447.70654,9.145,861.901062,3450.21484,9.107702,867.728149,6.344014,2
m12810,2026-07-22T09:42:09.834806Z,71744,scripted,Ambiguous,84,scripted_family_heuristic_only,,later_scfu_same_generation,137,26125,10,1044525,Leonora Marty,SimpleChar:78E0FC74,27,ea3e8634c5916238,3449.69604,9.145,866.394592,3444.30151,9.0327,868.082703,5.652493,2
m12811,2026-07-22T09:42:10.275038Z,71748,scripted,Ambiguous,84,scripted_family_heuristic_only,,later_scfu_same_generation,103,26149,23,1044525,Janae Seaman,SimpleChar:78E0FD08,37,eca2c4975dd079f9,3460.25146,9.145,882.897705,3468.49658,9.01,883.313477,8.255596,2
m12817,2026-07-22T09:42:13.238312Z,71774,scripted,Ambiguous,84,scripted_family_heuristic_only,,later_scfu_same_generation,137,26125,10,1044525,Leonora Marty,SimpleChar:78E0FC74,27,b0a2fb75cb7c265a,3445.63867,9.145,867.818848,3441.89014,9.01,868.379761,3.790264,2
m12819,2026-07-22T09:42:14.671073Z,71797,scripted,Ambiguous,84,scripted_family_heuristic_only,,later_scfu_same_generation,137,26125,10,1044525,Leonora Marty,SimpleChar:78E0FC74,27,e13022d5f9e52507,3443.3418,9.145,868.169617,3437.90552,9.01,869.041199,5.505706,2
m12821,2026-07-22T09:42:15.291483Z,71800,scripted,Ambiguous,84,scripted_family_heuristic_only,,later_scfu_same_generation,103,26149,23,1044525,Janae Seaman,SimpleChar:78E0FD08,37,5246139a6c656f6a,3467.19385,9.01,883.240967,3472.10791,9.01,883.451599,4.918572,2
m12824,2026-07-22T09:42:17.701238Z,71831,scripted,Ambiguous,84,scripted_family_heuristic_only,,later_scfu_same_generation,103,26149,23,1044525,Janae Seaman,SimpleChar:78E0FD08,37,1c91aa099bd3efbb,3470.80103,9.01,883.396851,3472.61182,9.01,885.654236,2.893916,2
m12826,2026-07-22T09:42:18.781249Z,71845,scripted,Ambiguous,84,scripted_family_heuristic_only,,later_scfu_same_generation,103,26149,23,1044525,Janae Seaman,SimpleChar:78E0FD08,37,12e0d3873210dbab,3471.89819,9.01,884.489563,3473.25024,9.01,888.013428,3.774343,2
m12828,2026-07-22T09:42:19.995017Z,71855,scripted,Ambiguous,84,scripted_family_heuristic_only,,later_scfu_same_generation,103,26149,23,1044525,Janae Seaman,SimpleChar:78E0FD08,37,0ddda71e71f5b3c1,3472.7583,9.01,886.649414,3470.88599,9.01,888.954834,2.969934,2
m12831,2026-07-22T09:42:21.285169Z,71867,scripted,Ambiguous,84,scripted_family_heuristic_only,,later_scfu_same_generation,103,26149,23,1044525,Janae Seaman,SimpleChar:78E0FD08,37,66b688f7267af6b6,3471.8313,9.01,888.102112,3468.55835,9.01,888.870117,3.36185,2
m12835,2026-07-22T09:42:22.825503Z,71887,scripted,Ambiguous,84,scripted_family_heuristic_only,,later_scfu_same_generation,103,26149,23,1044525,Janae Seaman,SimpleChar:78E0FD08,37,dbf16c3bdd68e19e,3469.92896,9.01,888.631287,3466.68091,9.01,887.826477,3.346274,2
m12838,2026-07-22T09:42:23.925566Z,71895,scripted,Ambiguous,84,scripted_family_heuristic_only,,later_scfu_same_generation,103,26149,23,1044525,Janae Seaman,SimpleChar:78E0FD08,37,00995c88e35ec324,3468.05371,9.01,888.238403,3462.14771,9.01,889.839905,6.119285,2
m12844,2026-07-22T09:42:27.196263Z,71917,scripted,Ambiguous,84,scripted_family_heuristic_only,,later_scfu_same_generation,103,26149,23,1044525,Janae Seaman,SimpleChar:78E0FD08,37,c4f07e772f4fa2d8,3463.57129,9.01,889.406616,3438.57275,9.01,887.679321,25.058143,2
m12876,2026-07-22T09:42:46.051155Z,72086,scripted,Ambiguous,84,scripted_family_heuristic_only,,later_scfu_same_generation,137,26125,10,1044525,Leonora Marty,SimpleChar:78E0FC74,28,9a484531da45c082,3450.28149,9.145,889.695984,3461.76147,9.01,888.967957,11.503042,2
m12889,2026-07-22T09:42:53.210456Z,72143,scripted,Ambiguous,84,scripted_family_heuristic_only,,later_scfu_same_generation,137,26125,10,1044525,Leonora Marty,SimpleChar:78E0FC74,28,f31773ba46a77157,3460.46777,9.145,889.050293,3466.59814,9.01,889.095337,6.130535,2
m12891,2026-07-22T09:42:53.760673Z,72147,scripted,Ambiguous,84,scripted_family_heuristic_only,,later_scfu_same_generation,103,203740,2,1044525,Protester,SimpleChar:7985C910,26,285e7001f31e10b7,3533.02319,5.110001,810.210754,3533.2854,5.110001,818.280701,8.074206,2
m12896,2026-07-22T09:42:56.081096Z,72173,scripted,Ambiguous,84,scripted_family_heuristic_only,,later_scfu_same_generation,137,26125,10,1044525,Leonora Marty,SimpleChar:78E0FC74,28,e97c08af8420f01f,3465.12695,9.01,889.078369,3469.4873,9.01,884.308228,6.462731,2
m12899,2026-07-22T09:42:58.184207Z,72194,scripted,Ambiguous,84,scripted_family_heuristic_only,,later_scfu_same_generation,103,203740,2,1044525,Protester,SimpleChar:7985C910,26,c331425938eb65ff,3533.2417,5.110001,816.839539,3543.04565,5.110001,824.082031,12.188976,2
m12902,2026-07-22T09:42:59.563448Z,72205,scripted,Ambiguous,84,scripted_family_heuristic_only,,later_scfu_same_generation,137,26125,10,1044525,Leonora Marty,SimpleChar:78E0FC74,28,ada6fe2dfef9c659,3468.71411,9.01,885.240051,3461.42432,9.009971,885.246643,7.289793,2
m12906,2026-07-22T09:42:59.997613Z,72209,scripted,Ambiguous,84,scripted_family_heuristic_only,,later_scfu_same_generation,103,26149,23,1044525,Janae Seaman,SimpleChar:78E0FD08,38,22bcd74d02b0372d,3460.16772,9.145,882.902466,3468.49658,9.01,883.313477,8.338995,2
m12912,2026-07-22T09:43:04.262598Z,72239,scripted,Ambiguous,84,scripted_family_heuristic_only,,later_scfu_same_generation,137,26125,10,1044525,Leonora Marty,SimpleChar:78E0FC74,28,97207de34910a10b,3462.823,9.01,885.143616,3457.02905,9.109645,880.685242,7.310742,2
m12914,2026-07-22T09:43:04.687323Z,72242,scripted,Ambiguous,84,scripted_family_heuristic_only,,later_scfu_same_generation,103,26149,23,1044525,Janae Seaman,SimpleChar:78E0FD08,38,5246139a6c656f6a,3467.20166,9.01,883.243164,3472.10791,9.01,883.451599,4.910676,2
m12916,2026-07-22T09:43:05.677219Z,72259,scripted,Ambiguous,84,scripted_family_heuristic_only,,later_scfu_same_generation,103,203740,2,1044525,Protester,SimpleChar:7985C910,26,0d7d664d8fcba4ce,3542.04102,5.110001,823.380188,3549.47949,5.110001,824.189087,7.482323,2
m12922,2026-07-22T09:43:07.367982Z,72280,scripted,Ambiguous,84,scripted_family_heuristic_only,,later_scfu_same_generation,103,26149,23,1044525,Janae Seaman,SimpleChar:78E0FD08,38,1c91aa099bd3efbb,3470.90991,9.01,883.401672,3472.61182,9.01,885.654236,2.823215,2
m12924,2026-07-22T09:43:08.619966Z,72294,scripted,Ambiguous,84,scripted_family_heuristic_only,,later_scfu_same_generation,137,26125,10,1044525,Leonora Marty,SimpleChar:78E0FC74,28,d12bd12ff7d801ad,3458.12622,9.145,881.592407,3456.76294,9.109647,877.424072,4.385607,2
m12926,2026-07-22T09:43:08.619966Z,72296,scripted,Ambiguous,84,scripted_family_heuristic_only,,later_scfu_same_generation,103,26149,23,1044525,Janae Seaman,SimpleChar:78E0FD08,38,12e0d3873210dbab,3471.94409,9.01,884.466187,3473.25024,9.01,888.013428,3.780072,2
m12928,2026-07-22T09:43:09.870456Z,72306,scripted,Ambiguous,84,scripted_family_heuristic_only,,later_scfu_same_generation,103,203740,2,1044525,Protester,SimpleChar:7985C910,26,f96eb21a4afed532,3548.31592,5.110001,824.088745,3567.29199,5.110001,825.066772,19.001257,2
m12930,2026-07-22T09:43:09.870456Z,72308,scripted,Ambiguous,84,scripted_family_heuristic_only,,later_scfu_same_generation,103,26149,23,1044525,Janae Seaman,SimpleChar:78E0FD08,38,0ddda71e71f5b3c1,3472.78589,9.01,886.677673,3470.88599,9.01,888.954834,2.96565,2
m12931,2026-07-22T09:43:10.582286Z,72315,scripted,Ambiguous,84,scripted_family_heuristic_only,,later_scfu_same_generation,137,26125,10,1044525,Leonora Marty,SimpleChar:78E0FC74,28,55e471cb26a26951,3457.13745,9.145,878.781494,3457.13965,9.107692,869.205444,9.57605,2
m12933,2026-07-22T09:43:11.263295Z,72325,scripted,Ambiguous,84,scripted_family_heuristic_only,,later_scfu_same_generation,103,26149,23,1044525,Janae Seaman,SimpleChar:78E0FD08,38,66b688f7267af6b6,3471.81421,9.01,888.14093,3468.55835,9.01,888.870117,3.336516,2
m12934,2026-07-22T09:43:12.446255Z,72335,scripted,Ambiguous,84,scripted_family_heuristic_only,,later_scfu_same_generation,103,26149,23,1044525,Janae Seaman,SimpleChar:78E0FD08,38,dbf16c3bdd68e19e,3469.94946,9.01,888.643005,3466.68091,9.01,887.826477,3.368996,2
m12939,2026-07-22T09:43:13.973799Z,72348,scripted,Ambiguous,84,scripted_family_heuristic_only,,later_scfu_same_generation,103,26149,23,1044525,Janae Seaman,SimpleChar:78E0FD08,38,00995c88e35ec324,3467.98071,9.01,888.217651,3462.14771,9.01,889.839905,6.054387,2
m12942,2026-07-22T09:43:15.799959Z,72364,scripted,Ambiguous,84,scripted_family_heuristic_only,,later_scfu_same_generation,137,26125,10,1044525,Leonora Marty,SimpleChar:78E0FC74,28,cfb94f28e08ddb13,3457.1272,9.145,870.511414,3457.23755,9.732795,860.66803,9.844003,2
m12947,2026-07-22T09:43:16.976695Z,72421,scripted,Ambiguous,84,scripted_family_heuristic_only,,later_scfu_same_generation,103,26149,23,1044525,Janae Seaman,SimpleChar:78E0FD08,38,c4f07e772f4fa2d8,3463.56128,9.01,889.397949,3438.57275,9.01,887.679321,25.047561,2
m12972,2026-07-22T09:43:26.984683Z,72817,scripted,Ambiguous,84,scripted_family_heuristic_only,,later_scfu_same_generation,103,203740,2,1044525,Protester,SimpleChar:7985C910,27,467c6002ef0ce8ad,3566.40771,5.110001,817.549438,3564.1167,5.110001,808.276062,9.552185,2
m12987,2026-07-22T09:43:32.621055Z,72999,scripted,Ambiguous,84,scripted_family_heuristic_only,,later_scfu_same_generation,103,203740,2,1044525,Protester,SimpleChar:7985C910,27,f6bb1692a625ebca,3564.46509,5.110001,809.641418,3562.99683,5.110001,799.208618,10.535611,2
m12996,2026-07-22T09:43:38.667674Z,73092,scripted,Ambiguous,84,scripted_family_heuristic_only,,later_scfu_same_generation,103,203740,2,1044525,Protester,SimpleChar:7985C910,27,0dda592efde613e0,3563.15942,5.110001,800.392639,3539.98413,5.110015,796.084534,23.572311,2
m13083,2026-07-22T09:44:43.286440Z,74781,scripted,Ambiguous,84,scripted_family_heuristic_only,,later_scfu_same_generation,103,203740,2,1044525,Protester,SimpleChar:797FD582,27,bca2d79694a35612,3575.21216,5.110001,801.514893,3559.26318,5.110001,801.117615,15.953927,2
m13089,2026-07-22T09:44:49.283887Z,74844,scripted,Ambiguous,84,scripted_family_heuristic_only,,later_scfu_same_generation,103,203740,2,1044525,Protester,SimpleChar:7985C910,28,285e7001f31e10b7,3533.00464,5.110001,809.930481,3533.2854,5.110001,818.280701,8.354939,2
m13094,2026-07-22T09:44:53.118434Z,74885,scripted,Ambiguous,84,scripted_family_heuristic_only,,later_scfu_same_generation,103,203740,2,1044525,Protester,SimpleChar:797FD582,27,2037e47c379e942c,3560.47437,5.110001,801.149597,3535.81934,5.110001,799.922363,24.685555,2
m13097,2026-07-22T09:44:54.008294Z,74898,scripted,Ambiguous,84,scripted_family_heuristic_only,,later_scfu_same_generation,103,203740,2,1044525,Protester,SimpleChar:7985C910,28,c331425938eb65ff,3533.24487,5.110001,817.025574,3543.04565,5.110001,824.082031,12.076791,2
m13104,2026-07-22T09:45:01.380580Z,74976,scripted,Ambiguous,84,scripted_family_heuristic_only,,later_scfu_same_generation,103,203740,2,1044525,Protester,SimpleChar:7985C910,28,0d7d664d8fcba4ce,3542.05664,5.110001,823.409729,3549.47949,5.110001,824.189087,7.463652,2
m13108,2026-07-22T09:45:05.393779Z,75038,scripted,Ambiguous,84,scripted_family_heuristic_only,,later_scfu_same_generation,103,203740,2,1044525,Protester,SimpleChar:7985C910,28,0ae21b8e0f01106b,3547.98486,5.110001,824.065308,3567.29199,5.110001,825.066772,19.333086,2
m13119,2026-07-22T09:45:17.458579Z,75147,scripted,Ambiguous,84,scripted_family_heuristic_only,,later_scfu_same_generation,103,203740,2,1044525,Protester,SimpleChar:7985C910,28,2a55b64174084910,3566.0791,5.110001,825.004395,3566.38452,5.110001,816.379089,8.630712,2
m13132,2026-07-22T09:45:22.733570Z,75364,scripted,Ambiguous,84,scripted_family_heuristic_only,,later_scfu_same_generation,103,203740,2,1044525,Protester,SimpleChar:7985C910,28,467c6002ef0ce8ad,3566.42651,5.110001,817.687012,3564.1167,5.110001,808.276062,9.690263,2
m13146,2026-07-22T09:45:28.211791Z,75602,scripted,Ambiguous,84,scripted_family_heuristic_only,,later_scfu_same_generation,103,203740,2,1044525,Protester,SimpleChar:7985C910,28,f6bb1692a625ebca,3564.47852,5.110001,809.707336,3562.99683,5.110001,799.208618,10.602758,2
m13158,2026-07-22T09:45:34.412820Z,75744,scripted,Ambiguous,84,scripted_family_heuristic_only,,later_scfu_same_generation,103,203740,2,1044525,Protester,SimpleChar:7985C910,28,0dda592efde613e0,3563.17651,5.110001,800.518127,3539.98413,5.110015,796.084534,23.612353,2
m13310,2026-07-22T09:46:19.561621Z,78362,scripted,Ambiguous,84,scripted_family_heuristic_only,,preceding_scfu_same_generation,103,203740,2,1044525,Protester,SimpleChar:797FD582,27,98243a84bff3066c,3592.78076,5.110001,800.333862,3573.72852,5.110001,801.586853,19.093398,2
m13415,2026-07-22T09:46:57.301219Z,80546,scripted,Ambiguous,84,scripted_family_heuristic_only,,later_scfu_same_generation,103,203740,2,1044525,Protester,SimpleChar:7985C910,29,0d7d664d8fcba4ce,3541.92456,5.110001,823.317932,3549.47949,5.110001,824.189087,7.60499,2
m13419,2026-07-22T09:46:59.766693Z,80586,scripted,Ambiguous,84,scripted_family_heuristic_only,,later_scfu_same_generation,137,26125,10,1044525,Leonora Marty,SimpleChar:78E0FC74,29,9a484531da45c082,3450.35791,9.145,889.696289,3461.76147,9.01,888.967957,11.426795,2
m13429,2026-07-22T09:47:01.155791Z,80699,scripted,Ambiguous,84,scripted_family_heuristic_only,,later_scfu_same_generation,103,203740,2,1044525,Protester,SimpleChar:7985C910,29,0ae21b8e0f01106b,3548.0686,5.110001,824.056458,3567.29199,5.110001,825.066772,19.249921,2
m13445,2026-07-22T09:47:06.491927Z,81030,scripted,Ambiguous,84,scripted_family_heuristic_only,,later_scfu_same_generation,137,26125,10,1044525,Leonora Marty,SimpleChar:78E0FC74,29,f31773ba46a77157,3460.43213,9.145,889.052856,3466.59814,9.01,889.095337,6.166156,2
m13447,2026-07-22T09:47:08.434244Z,81071,scripted,Ambiguous,84,scripted_family_heuristic_only,,later_scfu_same_generation,103,26149,23,1044525,Janae Seaman,SimpleChar:78E0FD08,40,22bcd74d02b0372d,3460.21582,9.145,882.902405,3468.49658,9.01,883.313477,8.290957,2
m13450,2026-07-22T09:47:09.754336Z,81149,scripted,Ambiguous,84,scripted_family_heuristic_only,,later_scfu_same_generation,137,26125,10,1044525,Leonora Marty,SimpleChar:78E0FC74,29,e97c08af8420f01f,3465.14868,9.01,889.079407,3469.4873,9.01,884.308228,6.448858,2
m13462,2026-07-22T09:47:13.093734Z,81382,scripted,Ambiguous,84,scripted_family_heuristic_only,,later_scfu_same_generation,103,26149,23,1044525,Janae Seaman,SimpleChar:78E0FD08,40,bdf73ae2e937bc29,3467.25122,9.01,883.2453,3472.10791,9.01,883.451599,4.86107,2
m13463,2026-07-22T09:47:13.202768Z,81389,scripted,Ambiguous,84,scripted_family_heuristic_only,,later_scfu_same_generation,137,26125,10,1044525,Leonora Marty,SimpleChar:78E0FC74,29,2e28335ff0c6673c,3468.68457,9.01,885.281006,3461.42432,9.009971,885.246643,7.260331,2
m13470,2026-07-22T09:47:15.355146Z,81502,scripted,Ambiguous,84,scripted_family_heuristic_only,,later_scfu_same_generation,103,26149,23,1044525,Janae Seaman,SimpleChar:78E0FD08,40,1c91aa099bd3efbb,3470.81592,9.01,883.39801,3472.61182,9.01,885.654236,2.883715,2
m13473,2026-07-22T09:47:16.515265Z,81524,scripted,Ambiguous,84,scripted_family_heuristic_only,,later_scfu_same_generation,103,26149,23,1044525,Janae Seaman,SimpleChar:78E0FD08,40,12e0d3873210dbab,3471.93433,9.01,884.536316,3473.25024,9.01,888.013428,3.717785,2
m13476,2026-07-22T09:47:18.017887Z,81548,scripted,Ambiguous,84,scripted_family_heuristic_only,,later_scfu_same_generation,137,26125,10,1044525,Leonora Marty,SimpleChar:78E0FC74,29,97207de34910a10b,3462.87744,9.01,885.146912,3457.02905,9.109645,880.685242,7.355961,2
m13477,2026-07-22T09:47:18.017887Z,81549,scripted,Ambiguous,84,scripted_family_heuristic_only,,later_scfu_same_generation,103,26149,23,1044525,Janae Seaman,SimpleChar:78E0FD08,40,0ddda71e71f5b3c1,3472.76489,9.01,886.646057,3470.88599,9.01,888.954834,2.976696,2
m13478,2026-07-22T09:47:19.184894Z,81565,scripted,Ambiguous,84,scripted_family_heuristic_only,,later_scfu_same_generation,103,26149,23,1044525,Janae Seaman,SimpleChar:78E0FD08,40,66b688f7267af6b6,3471.97852,9.01,887.965332,3468.55835,9.01,888.870117,3.537824,2
m13481,2026-07-22T09:47:20.852578Z,81579,scripted,Ambiguous,84,scripted_family_heuristic_only,,later_scfu_same_generation,103,26149,23,1044525,Janae Seaman,SimpleChar:78E0FD08,40,dbf16c3bdd68e19e,3469.78247,9.01,888.614197,3466.68091,9.01,887.826477,3.200028,2
m13483,2026-07-22T09:47:22.043596Z,81602,scripted,Ambiguous,84,scripted_family_heuristic_only,,later_scfu_same_generation,137,26125,10,1044525,Leonora Marty,SimpleChar:78E0FC74,29,d12bd12ff7d801ad,3458.12158,9.145,881.579346,3456.76294,9.109647,877.424072,4.371751,2
m13484,2026-07-22T09:47:22.044096Z,81611,scripted,Ambiguous,84,scripted_family_heuristic_only,,later_scfu_same_generation,103,26149,23,1044525,Janae Seaman,SimpleChar:78E0FD08,40,00995c88e35ec324,3467.88623,9.01,888.205933,3462.14771,9.01,889.839905,5.966613,2
m13486,2026-07-22T09:47:23.914906Z,81629,scripted,Ambiguous,84,scripted_family_heuristic_only,,later_scfu_same_generation,137,26125,10,1044525,Leonora Marty,SimpleChar:78E0FC74,29,55e471cb26a26951,3457.13013,9.145,878.756226,3457.13965,9.107692,869.205444,9.550787,2
m13489,2026-07-22T09:47:25.296460Z,81659,scripted,Ambiguous,84,scripted_family_heuristic_only,,later_scfu_same_generation,103,26149,23,1044525,Janae Seaman,SimpleChar:78E0FD08,40,c4f07e772f4fa2d8,3463.40649,9.01,889.434937,3438.57275,9.01,887.679321,24.895719,2
m13493,2026-07-22T09:47:29.338096Z,81710,scripted,Ambiguous,84,scripted_family_heuristic_only,,later_scfu_same_generation,137,26125,10,1044525,Leonora Marty,SimpleChar:78E0FC74,29,cfb94f28e08ddb13,3457.12549,9.145,870.553345,3457.23755,9.732795,860.66803,9.88595,2
m13600,2026-07-22T09:48:19.573066Z,84288,scripted,Ambiguous,84,scripted_family_heuristic_only,,later_scfu_same_generation,103,203740,2,1044525,Protester,SimpleChar:797FD582,29,bca2d79694a35612,3574.89526,5.110001,801.524536,3559.26318,5.110001,801.117615,15.637375,2
m13630,2026-07-22T09:48:29.095249Z,84805,scripted,Ambiguous,84,scripted_family_heuristic_only,,later_scfu_same_generation,103,203740,2,1044525,Protester,SimpleChar:797FD582,29,2037e47c379e942c,3560.61255,5.110001,801.154907,3535.81934,5.110001,799.922363,24.823828,2
m13661,2026-07-22T09:48:40.489244Z,85689,scripted,Ambiguous,84,scripted_family_heuristic_only,,later_scfu_same_generation,103,203740,2,1044525,Protester,SimpleChar:7985C910,30,285e7001f31e10b7,3533.01514,5.110001,810.139465,3533.2854,5.110001,818.280701,8.145721,2
m13745,2026-07-22T09:49:13.160993Z,86886,scripted,Ambiguous,84,scripted_family_heuristic_only,,later_scfu_same_generation,137,26125,10,1044525,Leonora Marty,SimpleChar:78E0FC74,30,f31773ba46a77157,3460.4978,9.145,889.047607,3466.59814,9.01,889.095337,6.100527,2
m13750,2026-07-22T09:49:16.372304Z,86905,scripted,Ambiguous,84,scripted_family_heuristic_only,,later_scfu_same_generation,137,26125,10,1044525,Leonora Marty,SimpleChar:78E0FC74,30,e97c08af8420f01f,3465.1355,9.01,889.07782,3469.4873,9.01,884.308228,6.45656,2
m13755,2026-07-22T09:49:19.944601Z,86928,scripted,Ambiguous,84,scripted_family_heuristic_only,,later_scfu_same_generation,137,26125,10,1044525,Leonora Marty,SimpleChar:78E0FC74,30,2e28335ff0c6673c,3468.66333,9.01,885.303345,3461.42432,9.009971,885.246643,7.239232,2
m13757,2026-07-22T09:49:20.464356Z,86932,scripted,Ambiguous,84,scripted_family_heuristic_only,,later_scfu_same_generation,103,26149,23,1044525,Janae Seaman,SimpleChar:78E0FD08,41,1b2d3d25792b792e,3440.02124,9.01,887.791321,3437.49146,9.01,885.606445,3.342674,2
m13761,2026-07-22T09:49:24.446614Z,86955,scripted,Ambiguous,84,scripted_family_heuristic_only,,later_scfu_same_generation,137,26125,10,1044525,Leonora Marty,SimpleChar:78E0FC74,30,97207de34910a10b,3462.82251,9.01,885.154602,3457.02905,9.109645,880.685242,7.317059,2
m13765,2026-07-22T09:49:28.396781Z,86977,scripted,Ambiguous,84,scripted_family_heuristic_only,,later_scfu_same_generation,137,26125,10,1044525,Leonora Marty,SimpleChar:78E0FC74,30,d12bd12ff7d801ad,3458.16577,9.145,881.626465,3456.76294,9.109647,877.424072,4.430354,2
m13769,2026-07-22T09:49:30.467125Z,86992,scripted,Ambiguous,84,scripted_family_heuristic_only,,later_scfu_same_generation,137,26125,10,1044525,Leonora Marty,SimpleChar:78E0FC74,30,55e471cb26a26951,3457.14233,9.145,878.760864,3457.13965,9.107692,869.205444,9.55542,2
m13777,2026-07-22T09:49:35.993164Z,87022,scripted,Ambiguous,84,scripted_family_heuristic_only,,later_scfu_same_generation,137,26125,10,1044525,Leonora Marty,SimpleChar:78E0FC74,30,cfb94f28e08ddb13,3457.12817,9.145,870.472107,3457.23755,9.732795,860.66803,9.804687,2
m13779,2026-07-22T09:49:37.317184Z,87032,scripted,Ambiguous,84,scripted_family_heuristic_only,,later_scfu_same_generation,103,26149,23,1044525,Janae Seaman,SimpleChar:78E0FD08,42,22bcd74d02b0372d,3459.99365,9.145,882.916626,3468.49658,9.01,883.313477,8.512186,2
m13786,2026-07-22T09:49:42.049722Z,87061,scripted,Ambiguous,84,scripted_family_heuristic_only,,later_scfu_same_generation,137,26125,10,1044525,Leonora Marty,SimpleChar:78E0FC74,30,54bd8eeeb0075d36,3457.22437,9.145,861.869934,3454.45142,9.051506,848.033569,14.111493,2
m13788,2026-07-22T09:49:42.049722Z,87063,scripted,Ambiguous,84,scripted_family_heuristic_only,,later_scfu_same_generation,103,26149,23,1044525,Janae Seaman,SimpleChar:78E0FD08,42,5246139a6c656f6a,3467.07031,9.01,883.23999,3472.10791,9.01,883.451599,5.042042,2
m13792,2026-07-22T09:49:44.834350Z,87078,scripted,Ambiguous,84,scripted_family_heuristic_only,,later_scfu_same_generation,103,26149,23,1044525,Janae Seaman,SimpleChar:78E0FD08,42,e941be33dc652c4d,3470.68677,9.01,883.3927,3472.61182,9.01,885.654236,2.96991,2
m13795,2026-07-22T09:49:45.564632Z,87083,scripted,Ambiguous,84,scripted_family_heuristic_only,,later_scfu_same_generation,103,26149,23,1044525,Janae Seaman,SimpleChar:78E0FD08,42,12e0d3873210dbab,3471.81177,9.01,884.455505,3473.25024,9.01,888.013428,3.837709,2
m13798,2026-07-22T09:49:47.316326Z,87102,scripted,Ambiguous,84,scripted_family_heuristic_only,,later_scfu_same_generation,103,26149,23,1044525,Janae Seaman,SimpleChar:78E0FD08,42,b979bc0890f7070b,3472.81421,9.01,886.862915,3470.88599,9.01,888.954834,2.845023,2
m13802,2026-07-22T09:49:48.603858Z,87110,scripted,Ambiguous,84,scripted_family_heuristic_only,,later_scfu_same_generation,103,26149,23,1044525,Janae Seaman,SimpleChar:78E0FD08,42,84c04cc2677abd8b,3471.81592,9.01,888.251282,3468.55835,9.01,888.870117,3.315829,2
m13805,2026-07-22T09:49:49.945413Z,87119,scripted,Ambiguous,84,scripted_family_heuristic_only,,later_scfu_same_generation,103,26149,23,1044525,Janae Seaman,SimpleChar:78E0FD08,42,dbf16c3bdd68e19e,3469.90869,9.01,888.690125,3466.68091,9.01,887.826477,3.341325,2
m13807,2026-07-22T09:49:50.415108Z,87122,scripted,Ambiguous,84,scripted_family_heuristic_only,,later_scfu_same_generation,137,26125,10,1044525,Leonora Marty,SimpleChar:78E0FC74,30,c11e71aa5637eec2,3454.70093,9.145,849.250549,3448.11499,9.051499,842.946228,9.116966,2
m13810,2026-07-22T09:49:51.309512Z,87128,scripted,Ambiguous,84,scripted_family_heuristic_only,,later_scfu_same_generation,103,26149,23,1044525,Janae Seaman,SimpleChar:78E0FD08,42,00995c88e35ec324,3467.9458,9.01,888.229614,3462.14771,9.01,889.839905,6.017548,2
m13814,2026-07-22T09:49:54.411765Z,87146,scripted,Ambiguous,84,scripted_family_heuristic_only,,later_scfu_same_generation,103,26149,23,1044525,Janae Seaman,SimpleChar:78E0FD08,42,c4f07e772f4fa2d8,3463.49658,9.01,889.416992,3438.57275,9.01,887.679321,24.984331,2
m13817,2026-07-22T09:49:55.752824Z,87158,scripted,Ambiguous,84,scripted_family_heuristic_only,,later_scfu_same_generation,137,26125,10,1044525,Leonora Marty,SimpleChar:78E0FC74,30,3085924d1172a01d,3448.97534,9.145,843.734314,3437.43042,9.01,842.172302,11.65011,2
m13863,2026-07-22T09:50:27.155655Z,87369,scripted,Ambiguous,84,scripted_family_heuristic_only,,later_scfu_same_generation,103,26149,23,1044525,Janae Seaman,SimpleChar:78E0FD08,43,22bcd74d02b0372d,3460.03052,9.145,882.917664,3468.49658,9.01,883.313477,8.475308,2
m13875,2026-07-22T09:50:31.995153Z,87428,scripted,Ambiguous,84,scripted_family_heuristic_only,,later_scfu_same_generation,103,26149,23,1044525,Janae Seaman,SimpleChar:78E0FD08,43,bdf73ae2e937bc29,3467.25293,9.01,883.249207,3472.10791,9.01,883.451599,4.859197,2
m13879,2026-07-22T09:50:33.634345Z,87441,scripted,Ambiguous,84,scripted_family_heuristic_only,,complete_capture_stable_identity,137,26125,10,1044525,Leonora Marty,SimpleChar:78E0FC74,31,b4ec398880f4e076,3447.6333,9.145,861.862183,3450.21484,9.107702,867.728149,6.408893,2
m13880,2026-07-22T09:50:34.354640Z,87443,scripted,Ambiguous,84,scripted_family_heuristic_only,,later_scfu_same_generation,103,26149,23,1044525,Janae Seaman,SimpleChar:78E0FD08,43,1c91aa099bd3efbb,3470.80591,9.01,883.398499,3472.61182,9.01,885.654236,2.889578,2
m13882,2026-07-22T09:50:35.904762Z,87453,scripted,Ambiguous,84,scripted_family_heuristic_only,,later_scfu_same_generation,103,26149,23,1044525,Janae Seaman,SimpleChar:78E0FD08,43,12e0d3873210dbab,3471.90552,9.01,884.498718,3473.25024,9.01,888.013428,3.763171,2
m13883,2026-07-22T09:50:35.904762Z,87454,scripted,Ambiguous,84,scripted_family_heuristic_only,,later_scfu_same_generation,103,203740,2,1044525,Protester,SimpleChar:7985C910,32,285e7001f31e10b7,3533.03003,5.110001,809.925354,3533.2854,5.110001,818.280701,8.359249,2
m13886,2026-07-22T09:50:37.035729Z,87460,scripted,Ambiguous,84,scripted_family_heuristic_only,,complete_capture_stable_identity,137,26125,10,1044525,Leonora Marty,SimpleChar:78E0FC74,31,c3e09334ad7cf67e,3449.78516,9.145,866.651001,3444.30151,9.0327,868.082703,5.667468,2
m13887,2026-07-22T09:50:37.035729Z,87461,scripted,Ambiguous,84,scripted_family_heuristic_only,,later_scfu_same_generation,103,26149,23,1044525,Janae Seaman,SimpleChar:78E0FD08,43,0ddda71e71f5b3c1,3472.76245,9.01,886.655518,3470.88599,9.01,888.954834,2.96782,2
m13889,2026-07-22T09:50:38.365685Z,87474,scripted,Ambiguous,84,scripted_family_heuristic_only,,later_scfu_same_generation,103,26149,23,1044525,Janae Seaman,SimpleChar:78E0FD08,43,66b688f7267af6b6,3471.78271,9.01,888.150146,3468.55835,9.01,888.870117,3.303764,2
m13892,2026-07-22T09:50:39.726725Z,87483,scripted,Ambiguous,84,scripted_family_heuristic_only,,later_scfu_same_generation,103,26149,23,1044525,Janae Seaman,SimpleChar:78E0FD08,43,dbf16c3bdd68e19e,3469.84399,9.01,888.663452,3466.68091,9.01,887.826477,3.271942,2
m13895,2026-07-22T09:50:40.356488Z,87486,scripted,Ambiguous,84,scripted_family_heuristic_only,,complete_capture_stable_identity,137,26125,10,1044525,Leonora Marty,SimpleChar:78E0FC74,31,b0a2fb75cb7c265a,3445.64575,9.145,867.884399,3441.89014,9.01,868.379761,3.788138,2
m13897,2026-07-22T09:50:40.849193Z,87490,scripted,Ambiguous,84,scripted_family_heuristic_only,,later_scfu_same_generation,103,203740,2,1044525,Protester,SimpleChar:7985C910,32,c331425938eb65ff,3533.24707,5.110001,816.960388,3543.04565,5.110001,824.082031,12.113215,2
m13898,2026-07-22T09:50:41.090785Z,87495,scripted,Ambiguous,84,scripted_family_heuristic_only,,later_scfu_same_generation,103,26149,23,1044525,Janae Seaman,SimpleChar:78E0FD08,43,00995c88e35ec324,3467.88184,9.01,888.210449,3462.14771,9.01,889.839905,5.961155,2
m13900,2026-07-22T09:50:41.931125Z,87500,scripted,Ambiguous,84,scripted_family_heuristic_only,,complete_capture_stable_identity,137,26125,10,1044525,Leonora Marty,SimpleChar:78E0FC74,31,e13022d5f9e52507,3443.32373,9.145,868.193115,3437.90552,9.01,869.041199,5.484181,2
m13905,2026-07-22T09:50:44.145084Z,87516,scripted,Ambiguous,84,scripted_family_heuristic_only,,later_scfu_same_generation,103,26149,23,1044525,Janae Seaman,SimpleChar:78E0FD08,43,c4f07e772f4fa2d8,3463.521,9.01,889.397644,3438.57275,9.01,887.679321,25.007355,2
m13912,2026-07-22T09:50:47.808662Z,87543,scripted,Ambiguous,84,scripted_family_heuristic_only,,later_scfu_same_generation,103,203740,2,1044525,Protester,SimpleChar:7985C910,32,7fc862b1f113bb51,3541.82715,5.110001,823.245911,3549.47949,5.110001,824.189087,7.710246,2
m13919,2026-07-22T09:50:52.115990Z,87702,scripted,Ambiguous,84,scripted_family_heuristic_only,,later_scfu_same_generation,103,203740,2,1044525,Protester,SimpleChar:7985C910,32,0ae21b8e0f01106b,3548.22217,5.110001,824.059937,3567.29199,5.110001,825.066772,19.096381,2
m13937,2026-07-22T09:51:03.948324Z,87866,scripted,Ambiguous,84,scripted_family_heuristic_only,,later_scfu_same_generation,103,203740,2,1044525,Protester,SimpleChar:7985C910,32,2a55b64174084910,3565.91968,5.110001,824.995483,3566.38452,5.110001,816.379089,8.628924,2
m14056,2026-07-22T09:51:55.247525Z,89226,scripted,Ambiguous,84,scripted_family_heuristic_only,,later_scfu_same_generation,103,203740,2,1044525,Protester,SimpleChar:797FD582,31,bca2d79694a35612,3575.18994,5.110001,801.517761,3559.26318,5.110001,801.117615,15.931786,2
m14084,2026-07-22T09:52:05.036184Z,89645,scripted,Ambiguous,84,scripted_family_heuristic_only,,later_scfu_same_generation,103,203740,2,1044525,Protester,SimpleChar:797FD582,31,2037e47c379e942c,3560.62769,5.110001,801.153931,3535.81934,5.110001,799.922363,24.838901,2
m14252,2026-07-22T09:53:03.814899Z,91999,scripted,Ambiguous,84,scripted_family_heuristic_only,,complete_capture_stable_identity,103,26149,23,1044525,Janae Seaman,SimpleChar:78E0FD08,44,1c91aa099bd3efbb,3470.75024,9.01,883.395325,3472.61182,9.01,885.654236,2.927142,2
m14254,2026-07-22T09:53:04.654797Z,92004,scripted,Ambiguous,84,scripted_family_heuristic_only,,complete_capture_stable_identity,103,26149,23,1044525,Janae Seaman,SimpleChar:78E0FD08,44,12e0d3873210dbab,3471.94556,9.01,884.606506,3473.25024,9.01,888.013428,3.648192,2
m14257,2026-07-22T09:53:06.134966Z,92018,scripted,Ambiguous,84,scripted_family_heuristic_only,,complete_capture_stable_identity,103,26149,23,1044525,Janae Seaman,SimpleChar:78E0FD08,44,0ddda71e71f5b3c1,3472.76831,9.01,886.66449,3470.88599,9.01,888.954834,2.964592,2
m14259,2026-07-22T09:53:07.928317Z,92058,scripted,Ambiguous,84,scripted_family_heuristic_only,,complete_capture_stable_identity,103,26149,23,1044525,Janae Seaman,SimpleChar:78E0FD08,44,2a47a74c44fa3742,3471.73657,9.01,888.198669,3468.55835,9.01,888.870117,3.248373,2
m14265,2026-07-22T09:53:08.831518Z,92110,scripted,Ambiguous,84,scripted_family_heuristic_only,,complete_capture_stable_identity,103,26149,23,1044525,Janae Seaman,SimpleChar:78E0FD08,44,dbf16c3bdd68e19e,3469.85474,9.01,888.680359,3466.68091,9.01,887.826477,3.286687,2
m14270,2026-07-22T09:53:10.124059Z,92128,scripted,Ambiguous,84,scripted_family_heuristic_only,,complete_capture_stable_identity,103,26149,23,1044525,Janae Seaman,SimpleChar:78E0FD08,44,9e8d382ade6b7b94,3467.99683,9.01,888.25061,3462.14771,9.01,889.839905,6.061193,2
m14377,2026-07-22T09:53:25.857219Z,92779,scripted,Ambiguous,84,scripted_family_heuristic_only,,complete_capture_stable_identity,103,203740,2,1044525,Protester,SimpleChar:797FD582,32,a4a29d909db55b90,3597.76025,5.110001,794.130066,3591.88379,5.110001,801.318481,9.284724,2
m14429,2026-07-22T09:53:31.176776Z,92884,scripted,Ambiguous,84,scripted_family_heuristic_only,,complete_capture_stable_identity,103,203740,2,1044525,Protester,SimpleChar:797FD582,32,2df255517b89dc72,3592.86719,5.110001,800.200867,3573.72852,5.110001,801.586853,19.18879,2
m14436,2026-07-22T09:53:31.728001Z,93008,scripted,Ambiguous,84,scripted_family_heuristic_only,,complete_capture_stable_identity,103,203740,2,1044525,Protester,SimpleChar:7985C910,35,82d21d9e2b83a9a0,3541.19116,5.110001,796.286255,3537.79663,5.110001,786.487793,10.369797,2
m14505,2026-07-22T09:53:38.000076Z,93194,scripted,Ambiguous,84,scripted_family_heuristic_only,,complete_capture_stable_identity,103,203740,2,1044525,Protester,SimpleChar:7985C910,35,0aa5e7832df5bbdc,3538.17432,5.110001,787.731201,3534.50342,6.294629,781.367493,7.346583,2
