path,size_bytes,sha256
tools-temp/AOSharpLiveCapture moj/AOSharpLiveCapture.csproj,3675,01a1c4700083615cf3240a5f3a358e1c091611f8e81a93682d0312870b8f4d4d
tools-temp/AOSharpLiveCapture moj/AOSharpLiveCapture.sln,1141,5ef31323a6a9917467e4a64ea1887b3cec79e87d59d884896922b189a5f4a107
tools-temp/AOSharpLiveCapture moj/CaptureRuntimeSafety.cs,16038,c558022f31d310198a294ee995bb8a7e563455b3b1da01a7886032e1afb135ba
tools-temp/AOSharpLiveCapture moj/CombatLootSmoke.cs,54614,1859f60acad8d04df270a501cbdd70cfe85c58aa4aa7655d449eb0b292289588
tools-temp/AOSharpLiveCapture moj/Main.cs,372175,d55313f7648eb9fd332d4181c88838d972b0228a445f524817083cb22a8330f6
tools-temp/AOSharpLiveCapture moj/MinimalPf127Capture.cs,21946,20edb1903ece2c883f6bceccd16dd0d4b890bd963268359f8d22ad58716e12c0
tools-temp/AOSharpLiveCapture moj/MissionFlowCapture.cs,29260,e67727650aa26f607440757b83df2401bddeae34c2946dd3775ab90cc9c670ca
tools-temp/AOSharpLiveCapture moj/MissionInstanceCapture.cs,34665,e9f5f517647eb8a5ada619674d6106cb74ec18d555a6b2639ac41ecc4e935ed5
tools-temp/AOSharpLiveCapture moj/Pf127GeometryCapture.cs,121829,7470892aff0d6226e99654ed9c927946420a0145c8d67099c7065e4c548fe2dd
tools-temp/AOSharpLiveCapture moj/Properties/AssemblyInfo.cs,591,84a389b0f5e5b21588c2c23b72e564d6f7c0f73ee9aa0e4e602837414ff88916
tools-temp/AOSharpLiveCapture moj/decode_movement_capture.py,10369,8c737c69e4158be0bf876c0ff1ebc32ac0e10c5cf4299b570fec1fc91ee63925
tools-temp/AOSharpLiveCapture moj/decode_npc_lifecycle_capture.py,109542,70e221182884461c0e869954a29a20c21de84720e2058225fe8f9e2624f73655
tools-temp/AOSharpLiveCapture moj/validate_captured_corpse_templates.py,1572,3441e4479d087431451e6dbe8cf390fbf056ecff85b0c79d3235693370c49b05
tools-temp/AOSharpLiveCapture moj/validate_projection_guards.py,3142,83dced2f652a6fff92e82416ed99ffb127fdbceacd59db2faf5d59e77174a0cb
tools-temp/AOSharpLiveCapture2/AOSharpLiveCapture.csproj,3622,7b24f5dc6306c6dc5277616dec958cf0d6e57abf89d34c1cfab157daadc14edc
tools-temp/AOSharpLiveCapture2/AOSharpLiveCapture.sln,1141,5ef31323a6a9917467e4a64ea1887b3cec79e87d59d884896922b189a5f4a107
tools-temp/AOSharpLiveCapture2/CaptureRuntimeSafety.cs,16038,c558022f31d310198a294ee995bb8a7e563455b3b1da01a7886032e1afb135ba
tools-temp/AOSharpLiveCapture2/CombatLootSmoke.cs,54614,1859f60acad8d04df270a501cbdd70cfe85c58aa4aa7655d449eb0b292289588
tools-temp/AOSharpLiveCapture2/Main.cs,351608,434aa89508977cee3acb44cbea28a9125a86f6bc0bfd675f04155770e856db8f
tools-temp/AOSharpLiveCapture2/MinimalPf127Capture.cs,21946,20edb1903ece2c883f6bceccd16dd0d4b890bd963268359f8d22ad58716e12c0
tools-temp/AOSharpLiveCapture2/MissionFlowCapture.cs,65319,b36ce2000928bc2dd8cba24e52d38239c86e29b4da59c6359d2fe6038f5afae0
tools-temp/AOSharpLiveCapture2/Pf127GeometryCapture.cs,121829,7470892aff0d6226e99654ed9c927946420a0145c8d67099c7065e4c548fe2dd
tools-temp/AOSharpLiveCapture2/Properties/AssemblyInfo.cs,591,84a389b0f5e5b21588c2c23b72e564d6f7c0f73ee9aa0e4e602837414ff88916
tools-temp/AOSharpLiveCapture2/decode_movement_capture.py,10369,8c737c69e4158be0bf876c0ff1ebc32ac0e10c5cf4299b570fec1fc91ee63925
tools-temp/AOSharpLiveCapture2/decode_npc_lifecycle_capture.py,109542,70e221182884461c0e869954a29a20c21de84720e2058225fe8f9e2624f73655
tools-temp/AOSharpLiveCapture2/validate_captured_corpse_templates.py,1572,3441e4479d087431451e6dbe8cf390fbf056ecff85b0c79d3235693370c49b05
tools-temp/AOSharpLiveCapture2/validate_projection_guards.py,3142,83dced2f652a6fff92e82416ed99ffb127fdbceacd59db2faf5d59e77174a0cb
tools-temp/AOSharpMissionCaptureAnalyzer proba/AOSharpMissionCaptureAnalyzer.csproj,2683,544af081ce2aa7251577717bf3e50fac3b080ff19ea54c12fe6cbeb82b111b93
tools-temp/AOSharpMissionCaptureAnalyzer proba/Program.cs,25254,c30890e69e755ea7931c6e917f7476c2b6e467aeed4560c396f8eee9c9903276
tools-temp/MySqlConnector.dll,865640,8fea786139b70bf796bc01b4f0be25e5ee7635f7d795b06eb0f06b9cfee39ee6
tools-temp/System.Buffers.dll,20856,accccfbe45d9f08ffeed9916e37b33e98c65be012cfff6e7fa7b67210ce1fefb
tools-temp/System.Memory.dll,142240,bf3fb84664f4097f1a8a9bc71a51dcf8cf1a905d4080a4d290da1730866e856f
tools-temp/System.Runtime.CompilerServices.Unsafe.dll,19256,08cbd7278b66f1e68425a82d4b97181a4130d93e3dd91831407aba7212ccdacf
tools-temp/System.Threading.Tasks.Extensions.dll,27960,af4e13ef418fd89b432de20cd1dfb7fa10a7179c8dd049c9856316e50c5949ca
tools-temp/_analyze_inrange_60_team.py,3926,ec45fca3261fa9aa6ed74ed1c22b8b65b1ad7b0406e3ba6de1b288856988da06
tools-temp/_analyze_invite_cap.cmd,448,99ee33bd86afdfdd58f10bc78c7e698c296b3580942ddc1ef1b41ebf96ac90a9
tools-temp/_analyze_lft_accept_caps.py,2951,dc7c2b6c95519ab5ce0cf9781a7bdb28b4826fa2b7d3914cce2fce877acc73d3
tools-temp/_analyze_lft_invite.py,1390,0bd880b6d44089bf2e8b624d74363c4d1549a8a513a83f783eb43192e62a1824
tools-temp/_analyze_no_cap.cmd,506,eca008d5c97b4825c9ccb8f75b5d32574c4f0400f25caf92fdcbc041b7642626
tools-temp/_analyze_no_cap2.cmd,344,99c90a4742b8135b1754bebc0bf83dfebd71607e48832ca96ad86fe37368680c
tools-temp/_analyze_noname_caps.py,1900,20a6103071c8673c89a5f38c846827ce9c872deea3480d60f4c05d9813d86630
tools-temp/_analyze_noname_caps2.py,1298,c19a67cbceb950e127110573bc666c304e7453bf074ff3cc9edcbc2dbecc3107
tools-temp/_analyze_team_232300.py,5081,74275ddde294d400efdbdec8fe758373a69328b366bf7455ab14845b9e23f376
tools-temp/_analyze_team_232300b.py,3395,a2d15e2a478c4b23d5c5d80ecc36fc1cd52e182f09265e5c27b79a183892bb84
tools-temp/_analyze_team_232300c.py,2457,7ddb1d13f5024be8aae0b83f2c140ac70537d08761794e867b54320cd3c38af4
tools-temp/_analyze_team_232300d.py,1610,a372daed92626f120d3304fc238d826a8da45e369de58b8e929616fd892b8167
tools-temp/_analyze_team_232300e.py,1636,d0dbb2c580ab587d08f15bc49ad424a08617dce8817f8403353becb9f76db69a
tools-temp/_analyze_team_232300f.py,877,bfe081f16cad8b44a023386032c2abf30d84c99bc32f18514cfcd43a841dbdf6
tools-temp/_analyze_team_234012.py,3028,36a25357f5fd21de2a68a4ca95cc3a764f1bbc79df7767b981d314194a4c31eb
tools-temp/_analyze_team_234012b.py,3483,8ce87a30541a8a5e7def80566c84f8a7d5f3732cb114b7a8acb2af4ff8054dc3
tools-temp/_analyze_team_234012c.py,1952,bdafea55fbd19343205bf414ad6a70348610d55a2f4d8b5fa31dc3b421a7fd67
tools-temp/_analyze_team_leader2.py,2288,280a135dfc0ef4338897d67f9ac997485b4149b1b509a3bbfc9c21e12d4670ec
tools-temp/_analyze_team_leader_level.py,2975,b15a7d0e360b758bcc135f13863ffe893e21f7d9c31055372019aaa797be1491
tools-temp/_analyze_team_level_ui.py,941,3b52af21ebe1cc5f1de2322fab2ef484a88f265174101be6e68e9d1762b0ed8f
tools-temp/_analyze_team_order.py,2629,90567a5ba27c690af818e459c6b9caa1512029c46400adf65c0f4e690ec77517
tools-temp/_analyze_warn_loop_164039.py,2996,b3611e87b502561cb1977fe596da80eb8c812588d8f0619ef32aef36c1b8d38b
tools-temp/_analyze_warn_loop_164039b.py,2483,d12f7d9edead41f06961b44cc79c7a31e6ccff10e2c43bce474256573b7bacc8
tools-temp/_aosharp_decompile/AOSharp.Common.decompiled.cs,475988,82fc2579bc3bf0b5a108aa47de3ee248102e2000f6c8c99ed7f8988829e21579
tools-temp/_arete_loot_part1_part2.csv,12995,35e99fc88b01633145b6f3fc32ebc887a068e7e6d3db10650938b97d2972d583
tools-temp/_arete_loot_part1_part2.json,31909,accad55239177ecc3a9b346c74b6b76cbe59921deaef6313f098169a99f0dfad
tools-temp/_bootstrap_dlls.txt,1953,2691829701e0fc2c6bd0177fa6d7850e74a21e32c92ad6c60661f656d03c5d77
tools-temp/_build_aosharp_bootstrap.cmd,447,4794b1371078704bbce5ff8309fc24729aadaa4859045fcb55c9ee72a8c62a56
tools-temp/_build_aosharp_inject_fix.cmd,994,fd0d90d9ed58e4208ce7fdf7b70dd1bb320307afc7e1d5d48abe4e728723b840
tools-temp/_build_aosharp_noop.cmd,950,697cdbd76aa9d9712fc20cf2dc64e9c34570d53432160867e098302f23f56cc8
tools-temp/_build_chat_zone.cmd,553,6d1f7d6b2dc29cd9e14da25f7c73271181991fe165e9fa291aea27b5ebaf522e
tools-temp/_build_chatengine.cmd,512,3e9d432952552a3241807bdb66681a4dd03939a2f6e810b152131231a72112a6
tools-temp/_build_chatengine_debug.cmd,440,6ae905464a6b9f8a209be774d5d6f38515d6873c076065914f7f18ab6a5de313
tools-temp/_build_mission_analyzer.cmd,536,79abcfcd19e0263fef38772d98fb3bdc604bd539bbeb551e227279655874b926
tools-temp/_build_zone_fix.cmd,468,29c816079b0ce277089dffdd186b13fa5e55cb1ecad4de07ed4d519c7567b826
tools-temp/_check_lft_loc.py,433,03dd0101de1abef9e39d77df37254b6085bc74ef4202d3dd05ca6fa3a2c0e056
tools-temp/_check_tminfo.py,1904,452f8a1994225ae22c79de6ba1fdfe0495716e8d25c4db9c7603a4d24ebefffb
tools-temp/_decode_030954.py,1821,46e85b895f208bf04210d99168748d8f9f746611d5286e04457408007cbdd7c3
tools-temp/_decode_043645.py,2493,adb765c0752fd05843161ecd2c9e97eca2d02a1799f8f101f399001ebfd3f119
tools-temp/_decode_043645b.py,1104,d3cbaa4b6e4b40c73606c61758d7e6958c02217bee6ba213e34c40f27f1c9cdc
tools-temp/_decode_061328.py,2043,fa825ef5ad4f78eaf2524e53e22103b22d17fbca934db639b64b4d4d690d0693
tools-temp/_decode_061328b.py,1408,c8cc27a173542a8e21944fc7224ef966109aaf513bad9684ecb947a31448522d
tools-temp/_decode_062507.py,3177,97033c3ba9db371cf9a8ab1f47ff5951181afab81a9015533ebeca9c2f342f66
tools-temp/_decode_063307.py,2630,18155bb2ce78b697feacced13e2eedfadfe8208c5d9afe6106f030003ec5bd44
tools-temp/_decode_065826_team.py,1569,272671de5068bf4339c5401272e99efb46fd9c127ba3a35fa7a9adbe255d5074
tools-temp/_decode_104625.py,1402,2fa289d698d5305de74d9c2d601ac3932d9227cce2fcfcf538d584e873bce23a
tools-temp/_decode_accept_aftermath.py,2046,3407f0b36ad2132d028663cf77649d7ec6cda283e3f733b0fa1cb6221e1321d2
tools-temp/_decode_accept_detail.py,1039,396d5fd959c0a9c6617fc0eceb469ae212f6300220f96ec36400506e1844d3f4
tools-temp/_decode_decline_params.py,1408,0fb8083ff32ab6689661c35b204a0a57f9286f3fd647b4e89ec35ef69c9fca93
tools-temp/_decode_feedback_team.py,854,f430e0cdc1d9965c684f2da54a5d0da4ebfb52fde4bc98a0f91a4be32f4ab13f
tools-temp/_decode_invite_accept_params.py,1963,b4a8fd8579ff1ec649a3014bbdd2046f724fdf86cb74cee49aee7d9f8f543d7c
tools-temp/_decode_lft_list_search.py,3281,bc6ce076d1b1171f5bf59409e5d0ddcb4f9eb217ba0e2247b73259353f0dfdd1
tools-temp/_decode_lft_pf.py,1418,575d2cc23b7d95dd1a938e57f23b671067e063586993482b80a2028531f2e8a6
tools-temp/_decode_teaminvite_presence.py,1451,c02c7c81da40a2f9c53d2d6642cab1473c1f235f3a8af3dce96ed927ed5d829e
tools-temp/_decode_timestamps.py,1108,c1ebcf999e31fa34090c5b99b7e847ed43b7f419a19cc34cf38e530a539c7bcb
tools-temp/_decode_tm_levels_010948.py,1129,eccf133e218953396b9af7784e77643bb9ef77319a01782d048b0ce1c8b998a2
tools-temp/_decode_tm_lft.py,2137,c64a66ff61b1326f8c6bc5a75e32b3835156db942267efcc4434fa52a2084b78
tools-temp/_dump_ti.py,990,e32a729d5f5aaa4d7e0125f45b7a6576de8cc1e17b7a060a22a48de96b044e36
tools-temp/_export_team_levels_txt.py,562,b7b59bbcaf5975b0bd58698fb2951909901649a5e162c2bd5907375ffc034990
tools-temp/_extract_080425_gen.py,645,bf00b50ea9de1b98f082335927fc60cbda96384b5abba34f1ffcf8c97cd1b09a
tools-temp/_extract_lft_presence.py,1028,eae6c6af30516facd7e937635a6c52a7f48c6880929944613324a31f61dd9415
tools-temp/_extract_team_patches.py,1737,d9f9d508574c7de5e995830ed9ec843274ecdb9844bfdb3e8bca10a62b71f1ed
tools-temp/_find_ao_pids.py,615,ad72829ce28464919678f6b4ff6ad3cd7886f8c212521db021668bb26b03003f
tools-temp/_find_gui_team.cmd,1138,5d7bb9fb3ac579e0705f098a95e871177b8f266ef2884798864939a958022b23
tools-temp/_find_lft_chat.cmd,290,e30d7e2ffbcfcf1625c0df829bae2f05e63353a46df109bebf075a72b8de6b80
tools-temp/_find_team_feedback_msg.py,1058,d82d9e5dfed5345ee6ac9704a672db6e4dba97595a6b0d00e94bcc2ee9c852f6
tools-temp/_gen_dynel_1493063.py,1766,65e690a58da936148158a42f2901dd61cc16cde0e5310c01c55a99cdeeca9c50
tools-temp/_gen_elysium_east_runtime.py,29410,3acad65438adb692a5d7fb343a105823156d9e54acfe7c500359663eaa62fbb2
tools-temp/_gen_leonora_tips.py,4981,811a7cf6d735ecdca35ec391131cfc81ff81e63cc474dbd2566513cb19cf08ac
tools-temp/_gen_lorelei_oasis_spawn.py,2879,a499232f1a139221b7c80d7ea08744e64ac4b0043de987de5544274fe8218f5c
tools-temp/_grep_team_acg.cmd,278,d5c06d0814bc73fc7966101c21ab1a069e198f541528150cc5f7b9cb7f6c4d6a
tools-temp/_holo_npc_blocks.txt,5261,f72c4f5c660abdffd7b6a218313494e767dd2ad74ab982715505409e2c7954fc
tools-temp/_index_team_extract.cmd,143,c08a1b91eefaa414a381cb6007823e104f5231b05f46ded6148732940c6628d9
tools-temp/_info_classic.cmd,388,dd1197b8f57df5c5f6d607ecade64b66c21e2f0c34c14781f969cb92c8edd2c7
tools-temp/_info_handler_6f88.cs,12790,fa55450e282222c4814eb569a559c3c13d72c8fb85c5cb2628c291fc3fa8f67f
tools-temp/_karli_runtime_extract.txt,0,e3b0c44298fc1c149afbf4c8996fb92427ae41e4649b934ca495991b7852b855
tools-temp/_leonora_quest_brief.py,1539,f78fd82ddd95414ec1d182fd359c5452b81019613199ce01cc367107ce487659
tools-temp/_leonora_tips_csfrag.txt,2239,53b739a9ff74ee67251e7750fe66d6cd4f42e4b445d2a3b938e9a81c64e0dea1
tools-temp/_lft_parser_from_acg.cs,5400,7dcf8332c41b72b1706f2eb75a8b02e4efc9d2ff8668ad4080873eb08c2bbbe3
tools-temp/_lft_presence_hist_01.cs,5096,4fc3809f15873c9858b205d36070ef082cfa58442da4f9425d338ca52316ba01
tools-temp/_lft_presence_hist_02.cs,8769,e4427f82ff9b8ee25f7f497faa798de7a92cfab7861f3561c550fd274b41b360
tools-temp/_lft_presence_hist_03.cs,10943,977b64d15714883eb7d90cfede75b60a52c25835e55a1aef2962664fa7b7d2b9
tools-temp/_lft_presence_hist_04.cs,11033,f69da7573c3e8dfa56bc42b7322ab7ec4d9b843bbd4463c72fe49959fcd46b7a
tools-temp/_lft_presence_hist_05.cs,13499,7820de49f06b74cb29ea19ea3ffd7bc8c3763a6677ee72ccdd24c27001466d8f
tools-temp/_lft_presence_hist_06.cs,11928,7e2706bd210a6bfe6d75e698afb95d82b4d31b011d2f52bb4051aab49a44bc10
tools-temp/_lft_presence_hist_07.cs,11908,519e06ec37c9ba8b90c8573671ea8c7bcf099a9e6bd87be8e3fcff4077ddd164
tools-temp/_lft_presence_hist_08.cs,12566,d971a1ba46ebfbedcb4f1e80595d250384131397ec4f89a29fd83abf15224cae
tools-temp/_lft_presence_hist_09.cs,4476,e05fdb7dc3a10445e59dd1725bc609e1cda04da94ad7e9d44e075d4a3ea23148
tools-temp/_lft_presence_hist_10.cs,7615,17f7f9f0352c17d8676544b570aaf0d717f42b89504bffabf33ee9dae2c062f6
tools-temp/_lft_presence_hist_11.cs,4265,b135d504337c7d0a97bcda0f0810cc622a22e1e9aa984f1bfb93596b32e143af
tools-temp/_lft_presence_hist_12.cs,8735,527f3a8f60efdafc9f89e9701f54366c2cc844613a440699d06344d822fc78de
tools-temp/_lft_presence_hist_13.cs,4380,961c658c4758eade7578be0314c894266f697dffd82aafab67b57938bb953ee9
tools-temp/_list_bootstrap_dlls.cmd,625,3ef84ecbee66c04a2a7bd4591334654c7ed38d4525c5d02dcf9ef2e7630182c6
tools-temp/_merge_elysium_hecklers_190145.py,4307,47347ee2e909d19dfe7fab4354ff44147fc1df22cf61e53af8223a0524012320
tools-temp/_merge_msg.txt,46,0586581855c559255257a0095e48eef646517fd37b65bba60ac172c45fd56192
tools-temp/_merge_origin_master.cmd,206,0e8c8ac88f5c7784e81217f19a5f3d1c88ff1c72e4d3dd1ac2e94074ae5993ee
tools-temp/_parse_lft_hits.py,883,78a174d62d616db65cd6f5bb52ac7e7e5a561249a7083f662a111b0d492380a1
tools-temp/_patch_brief.py,3004,8a7707566b015e98003a0799f1c19263111b2f92d776baf3c9e98c64ce2edae8
tools-temp/_patch_repair_1493063.py,16533,85c83c25d3eaca7776f2ed571252bbf037d6a6f30649bbe83c24a694a67e3e2b
tools-temp/_pk_atk.py,1696,49d06870f8461eb4efdd11ba7925bfe3412f395a52ed03fc0c4f2b11280171dc
tools-temp/_pk_atk2.py,1305,6a152b855e2480dc45a5baf6edfd14df430f2ccb8443dcf1c18ee9dfc7869a20
tools-temp/_pk_atk3.py,1050,67a9516711fbbcca42d1a74b200c0a32b697f2acaf3d5c9a474b182dc367462a
tools-temp/_pk_path.py,1389,59d29ef287f8a04236acbcc211d9c434f880810a72f957c1c6eefe26f79341fb
tools-temp/_pk_path2.py,1118,cf760d28f082261e0a97e76d9afb5f71e90b26706a57298f536891ffa8699aaa
tools-temp/_pk_stuck.py,1356,f6014760855a3aecbd6aa8be1f3e17c915e154a8267835c57d67b9386212917b
tools-temp/_probe_pf.cs,1505,d1c8d1c59942a5872b656b107e633d2b4385788b9cd046effda0aff6210d35ef
tools-temp/_probe_tradeskill_map.cs,1106,473162c57c99da1083590262bf1f3ef313da1c13fdb4444e11896dd4b5595e16
tools-temp/_rebuild_bootstrap_force.cmd,787,f6cee9873dac20721ede8f5580a16c43bb6cd8212c1a811eb040fb02745e1196
tools-temp/_resolve_merge_theirs.cmd,1519,4897dd6f12b59738421e9f86f50c6f0d1fb99cf528e93a4a68cd6ded524907f9
tools-temp/_resolve_stash_conflicts.cmd,2229,e3c967635db8fc0b5eefcd8b76811ebcf90885a0b31c58e9e630e80ce58b2c8b
tools-temp/_run_scan_addaction.cmd,504,8380250714b19368df792294fc2c09a868af97aeecb6d95817d7447d54a5d1a3
tools-temp/_scan_chat_names.py,1591,b90f7b5f8273694daaa09d3b1a65ceb641a4636d26024c78c50dff6600f1d91d
tools-temp/_scan_chat_names2.py,968,0820a6eb4b4361199f82cac6ce123efbcde30416e262f5688d105fa8f6e00e25
tools-temp/_scan_invite_out.py,1539,f4270debe55cb507bf007895dcab40baa16c2393864b4d98ba9ee0474cc8a2f6
tools-temp/_scan_zone_team_log.py,687,402ee27a97a595f8580dd2bb5cf45f0aa5f0884568316480626a9ccedfde70a1
tools-temp/_stash_pop_wip.cmd,205,dbdadfb07d9a6b301952b8e188fbc4ce5bdf9887574b8368b544382f8ff7bed2
tools-temp/_summarize_lft_chat.py,1569,b6c13a9bccac379373ae6e6fe913cee28357410e2332e78a7c6d35868763d9ab
tools-temp/_sync_team_levels.py,1011,7e9acd4eb85c8d8173c139e30aaa52a593745eb8d036d8656c6f8f2322395a8e
tools-temp/_sync_team_levels_from_desktop.py,3272,ce46951ebffeb8d628cc83ddb99d2f9af855710ee1afb61fa22d8e94b7679fdf
tools-temp/_t1.txt,18197,930e6bdc3502d06f539a29952e0c994c527bfd713b1b19b266a6a2a0ff85dd80
tools-temp/_t2.txt,18110,b963b50d1f7227dc4584058e38cb5b5b54fdb7ae15e632a321d5dae576591376
tools-temp/_t3.txt,18259,93ab7c6a5761e570e4a8243e53f005c7895ca477b91f3bbde948b20be5048628
tools-temp/_t4.txt,7040,c11530648814413be6cadde1fc661dad7a278be3aeb1e77eca765261796d6a91
tools-temp/_team_cah_9d0a.cs,40483,39a5321422e2421febe57ecf2f5927a79b2e959990da8ce1ee7732fb09b73caa
tools-temp/_team_cat_9d0a.cs,5393,0eddf58e3b3934ae214a70e426df89d40ffff6b2f1ee9bd8971992235a156e49
tools-temp/_team_fix_extract.txt,49991,3a62a03d7703c916398a843858dee86c0ddcbf2128d2c5167c7b0c86e9b65d56
tools-temp/_team_level_ranges.csv,2525,0918da8dac6b692383f6df7785dd9188e849bfe2322486179d0609028bd8eed0
tools-temp/_team_pc_9d0a.cs,52615,a3570f111ea7372033cbc1d56952288f8975b79751491999991fb35816c729d6
tools-temp/_team_timeline.py,2036,82bf20c2310958d60613f2602e6ee85a9ffe8ca9de368c3c1a70461ffb236ad4
tools-temp/_team_timeline_extract.txt,46463,91c6f62e060cdaf336c8d70fd2ee3ac1aee8511bf8a4031447bfd29ab203fab7
tools-temp/_tip_deliver.hex,1178,a0daadef8dcc487a4ff0675b598c785365e775b5ca3d1d0dd39005b0d08b91ba
tools-temp/_tip_steal.hex,996,7783668b1d0f9d99ee345010becfa10864adcf71c4b61d09fc922c822b8c63c7
tools-temp/_tips_out.txt,2183,97a1a9c5866b540952bbf6c34328d89a1acb1244edd2287929092f3c34c78569
tools-temp/_tmp_080425_gen.hex,246,128f39b51f6291bceb0c66677ee7bb4a6f4694a428a12a033197147586df487e
tools-temp/_tmp_151009_gen.hex,246,7814ee2a3f94a78f04983ce22ba3f467606580955a503491ac265390ea858941
tools-temp/_tmp_151009_shape_extract.py,4130,831548c8994f14a0d153db3078cfe42793fe45d4abb1d692a07dab57c57c0834
tools-temp/_tmp_151009_shape_extract.txt,1281,80521ee9b398f3ab1470f7f46b5fe66b691564d5dc12145f72ca624ecd0f826e
tools-temp/_tmp_184103_door_times.py,731,5c037a1f9551dd5a7373cd4839608df4a6b3231b498776ed3e00959d490714f8
tools-temp/_tmp_184103_gen.hex,246,b0225302ad9efa8fc4624b4bb7eadcc075f7b54381b98d540804914b525011b2
tools-temp/_tmp_230406_missing_blocks.txt,10148,899d18f940b2c2bcbd45f65dce89616920e1eed79ea07235bae39591f5c5a4de
tools-temp/_tmp_a095.txt,909,1febcb555d4dd6aed8a63746cac973d18cb9c249a22479b33994e7520d6df245
tools-temp/_tmp_a_finish.txt,909,1febcb555d4dd6aed8a63746cac973d18cb9c249a22479b33994e7520d6df245
tools-temp/_tmp_accept_offsets.py,280,e077a71e6d7a970162fee53f297bb6722037e664233fc972897b5c45c7be4c5b
tools-temp/_tmp_aixp_230559.py,3061,c8951591078aed57910016fc60cd5a53fd4b4872d4517fd430190e215033ad67
tools-temp/_tmp_aixp_230559.txt,24115,26b9deaca88b5cb93819f28f8d203e75cbcd22ff48a5935829b2af70b78a9709
tools-temp/_tmp_alex_capture_brief.py,8062,9af3d21f8aebb99f2aa68320e635eff6fdc5c8758fbfdb7fc9a680fface0abd7
tools-temp/_tmp_alex_capture_brief2.py,5955,0d19322abe88d8ca47ae1f7f087a998ad0f26593832b117a0423ccc8fbb31a81
tools-temp/_tmp_alex_slots_out.txt,7000,c070888ceb77041e98c4fe4cba6789e84ea08393a490a3c815f65ea9d6c2e894
tools-temp/_tmp_all_passage_names.py,886,c316011a5086e8aed94c453e17e2ba620ab161c700bf6858618c775983234e9e
tools-temp/_tmp_ambient_nano_attrs.ps1,937,e8755fe185acc66f3e57dd7991a7bbc00325cdec88eb077e5d2e5a3365f51ba2
tools-temp/_tmp_analyze_mission_shapes.py,6623,3c6b520a271cecf2773d0d6b3cac06056c2e39a8b108d92c182e9f9dbdaa5afa
tools-temp/_tmp_analyze_passages.py,1917,e58528947d4c465ac84c58e2f42d0333b89ec8c732da809e6e792977c68a0d2a
tools-temp/_tmp_analyze_rolling_mishes.py,5157,f5033b00699d3db380978cad1ffce0829aa1d6cd48b67ad82169ce92250c9758
tools-temp/_tmp_analyzer_095215.txt,909,1febcb555d4dd6aed8a63746cac973d18cb9c249a22479b33994e7520d6df245
tools-temp/_tmp_analyzer_095215b.txt,909,1febcb555d4dd6aed8a63746cac973d18cb9c249a22479b33994e7520d6df245
tools-temp/_tmp_analyzer_kill.txt,912,a55c0f78e27489fe38e668709c3dd7bff60f6d9da160bb68a1bbfcef93506ea9
tools-temp/_tmp_antonio_append_all.py,2213,d98e0c675ead1d83d094e24d70a42108a933ee9f6eb4d463ed1a4b686d3dc06b
tools-temp/_tmp_antonio_append_all.txt,10354,f330f7afd652bbdecc2381c2af719c2ad1c4f0abf2f810991dff8fe1cbf07c1e
tools-temp/_tmp_antonio_ar_054034.hex,2642,4d1241419e3e2826ced09aeaa780a3d9c66f6c3371cc5aeea124c308b2bc88b5
tools-temp/_tmp_antonio_ar_054034.py,3783,f20382f2c1c189f4c885bbc11a88669b62ff5e497124b055c47447147ec293fe
tools-temp/_tmp_antonio_ar_054034.txt,6273,5604ef71859c1451a2e768a3c1c19379d701ab91b9dbd49be5565cd182c7af08
tools-temp/_tmp_antonio_ar_cmp.py,1347,0f33a3461ae465fb38f378e12c54860e85cab04c9017fa607d88343bfd6a396d
tools-temp/_tmp_antonio_ar_diff.py,2176,770fdc04086ca2f91ec855ba28892c09855d0bfd65aee2e33306c7f227d849e5
tools-temp/_tmp_antonio_bracer_hud.txt,2444,5fd5d704bc92c3dafd07f9f5ca21c20165582f15e32da3164fb4042e5ad6fed6
tools-temp/_tmp_antonio_brief.py,4054,19628fbe1016f5b367459035d7871211984adf83103a3e1bfc63076d80437b46
tools-temp/_tmp_antonio_brief.txt,134889,fe3fc28a04d6408ecd7eabc32d7010420b01898a6698103e7741db9ef98357bf
tools-temp/_tmp_antonio_combines_clean.py,1335,16c00f5cb11ef12fb514b1539325f8b5198d580e5e3ef4147a73b8a29c50d1fc
tools-temp/_tmp_antonio_combines_clean.txt,2107,2c1d453881ac79373bd38cab7f2aed02ea525ac968eb366cfa14e138b2032b03
tools-temp/_tmp_antonio_combines_clean2.txt,3021,4b144399790eaa5305965aad3f683f033909af9a11c586506a0398e86163d74f
tools-temp/_tmp_antonio_gen.py,27808,c929edad48e1bf2eb2033c7b4628e24325ae4e9b5bd4904b7d276feddd16ad67
tools-temp/_tmp_antonio_qfu.py,3556,2ce4d57c0794b6eeddde1699513eff9142ba7b77d32d11c2ae1c317f92a31c79
tools-temp/_tmp_antonio_qfu.txt,19596,d53070f2f6344da7b875aa67365665dd007cc7e205e57abf9556d379181df6e8
tools-temp/_tmp_antonio_recipe_combines.py,2926,ab7d9f5be1fdf9d0d37b4f493fca705710179aa0516b8746ef2e7adc89f22807
tools-temp/_tmp_antonio_recipe_combines.txt,233590,0ac7426a6f2aebc75d0999464c1c35f566bae7971b18a38c59c397e30d696d75
tools-temp/_tmp_antonio_texts.py,7318,7f4996b66e7c5e6c8cc1a165ea8ffd1aea74366154ecab02bd9691f3eca66fbc
tools-temp/_tmp_antonio_texts.txt,4418,991cdb268761de917864e645aa29ac847970591f4ed176ca64408d79219088cc
tools-temp/_tmp_ao_ff_int.py,2486,1530a3e45aba766dab9936ce246b17073147b97192687ac8ee81551aac3f645d
tools-temp/_tmp_aosharp_chat_types.py,578,a70745b781fbfefe540463049a3d2024054f2b38e1f67a548afbd42829e2ad28
tools-temp/_tmp_aosharp_sysmsg_strings.py,1374,44994a1056af9879280426854d7ab612089c1ad71327a19535c8bb5a11c41ac7
tools-temp/_tmp_apply_185432_gameplay.py,9526,860073ece84a70dcca69f6deecfd36137b2e6f115a280a5729a3031fa7b9514d
tools-temp/_tmp_apply_aoshop_dailyrewards.py,6985,688db426dd8498f9c349f348b5c9aa4fe171766a8a2e6fc6a977be03d77d81ff
tools-temp/_tmp_apply_icc_gmi_layout.py,5044,6426aa9edcb0d149e585c41065193ac2f31dcc18e68c968eb8edca6eccef91fe
tools-temp/_tmp_arete_capture_report.txt,126375,9e0fc029911b16f30dea1a14e789518e16871f00f8006a31eb623adf5cdce694
tools-temp/_tmp_arete_capture_scan.py,3707,cf7dbc490d31708271d4bda973c794580bd747311b53d51f2113c7192aea7adf
tools-temp/_tmp_arete_deep.py,5682,da46ee05f4a3768302cdf9ad369f6791a5f16be1a6a987e6e779d55170c5b217
tools-temp/_tmp_arete_deep.txt,98072,c13758823bc9a705c0cc7c23a0d223329b5f4ac15b6081efb21128238d0b92fd
tools-temp/_tmp_arete_loot_agg.py,7603,7f3df6b7005f15c06324eaad26882f7992eef77914581e8a45f6f6f9e351adc6
tools-temp/_tmp_arete_loot_agg2.py,8478,28267f430171add57ba681bd5a77065ed68a79f8addd4fca12817fba604ca058
tools-temp/_tmp_arete_loot_rawsum.py,1813,04732257efccb9ba121dcbb0f9a43eea4a0170dac6129f5b156da386c6cd6f6b
tools-temp/_tmp_arete_spawn_npcs.csfrag,11074,d0396b0a3c576c710801781a14752f13a304d720ebd89ac37c346ca919ff196f
tools-temp/_tmp_assemble_roll_library.py,1397,6000f28959868b101b2c4f8c0858f1664746cc0ebba1b1ac92db714e6cf2a752
tools-temp/_tmp_b199_qfu.bin,720,75a54405a61effe670da35c6a525349d52e1625d448f839de12f60a816c32322
tools-temp/_tmp_bart_tex.py,419,d276165f5f0c0c03f3bf05a24fa78ec7e80b39cd9620fe82fee9c7814e5eac94
tools-temp/_tmp_bastion.py,792,dba3dee5d2cd39eb731bc6d1fdb2fccf11a7294f01e377acd565506b8e37097f
tools-temp/_tmp_brain_cap_out.txt,10691,7b93db4a395d7b73bb2c38d11cc9f7480354794f010c656af9ef0c261a248a96
tools-temp/_tmp_brain_ids.txt,6338,598744f310e48295aa918a61e31dc3f5a141772d7e44768e1f37a567f63cea73
tools-temp/_tmp_brain_qfu.txt,0,e3b0c44298fc1c149afbf4c8996fb92427ae41e4649b934ca495991b7852b855
tools-temp/_tmp_brain_qfu2.txt,3220,5d1d050e35f7694be5787eb6c91a7857ee57c66f98a30981f59ec7902c0582a3
tools-temp/_tmp_brain_tips.txt,1342,86babf5cfcdf77254071eb12f5d58d2f013da990916de67cfae1e008ec2b32da
tools-temp/_tmp_brain_tradeskill_insert.sql,3595,f1a9ee960042305f685910e6b6308bb1ea6480cfdb8beb41348950525413ce9f
tools-temp/_tmp_brain_ts.sql,258,a8985313cf60d9f4357c7ef92f98390011c3ceadd228ddf69daa17cb9cd45c3f
tools-temp/_tmp_brain_ts2.sql,258,a8985313cf60d9f4357c7ef92f98390011c3ceadd228ddf69daa17cb9cd45c3f
tools-temp/_tmp_brain_turnin.txt,85726,958c7f38130d8f5d2302b2b5935fe7c8a720aa598108c0add42055769f4939ce
tools-temp/_tmp_brain_turnin2.txt,72380,20cbbb066aa1a79c306aefb9b7d7b8b3ae1fdf9517764cc21a86f925e9727fd5
tools-temp/_tmp_build_mission_shape_cs.py,10291,459d84e178f37daf1034421ebd88b53d6f53c554e05353c30176dd1ce9cab910
tools-temp/_tmp_cap_001643_specials.py,5133,09850798a229f0cd8de46cd1c52b71e583d300c32a1abbfdc32b49fccf9ebd81
tools-temp/_tmp_cap_001643_specials.txt,83692,3d6b8a959e9cd4c3250476093349399b769b9ca7b7d1397db3d3fa23f334b151
tools-temp/_tmp_cap_002423_assets/chests_1443840.txt,934,22fef2739714e87f8dc30e15d4cfcb81f50ae6e3cabd5e668999806f614ac4b4
tools-temp/_tmp_cap_002423_assets/doors_1443840.csfrag,9442,a52a3c1ebb84ec1499fd171d1961949af4b66dbb29095266444cb26d5a4e116e
tools-temp/_tmp_cap_002423_assets/doors_1443840.txt,7998,dc9ae6036999c68a31dcff0b0d2e8a74ed1bf5689e91b6306134e5eef66f9b86
tools-temp/_tmp_cap_002423_assets/paf_1443840.csfrag,1634,3402fc2748c59ab970111ae24feb2f6330146d7d5fb17872807bbd628451ca29
tools-temp/_tmp_cap_002423_assets/paf_1443840.hex,458,260c37bc75664982f760bb8bf13cb81c0ce1ded9bf30c54e8f7e6bf622ad7767
tools-temp/_tmp_cap_002423_assets/paf_1443840_payload.hex,318,c1495ec201d47bb871ebb17f57352dda9286f7709c2ea450578ffd6ede5edb7e
tools-temp/_tmp_cap_002423_assets/shape_1443840.csfrag,13620,cabdedf6df0a18fe5ae03c5cc2b9b5493231fbe49effffd5e1d118c9d3bdd132
tools-temp/_tmp_cap_002423_brief.py,2984,091f60d730671d10f4ad075d99bd909686bdba529099a7fae6ed931742717aa3
tools-temp/_tmp_cap_002423_brief.txt,413404,6a3091fb098c9e8ef7cd3616c5df8361c1e7ba53e4a56a6fa58a22eea0c48c9e
tools-temp/_tmp_cap_002423_combat.py,5497,3ea229680c4e8e8b9543bfffa52f033e0b1eb998ad60bde58a1e30cc7d2c578d
tools-temp/_tmp_cap_002423_combat.txt,139236,b5aa23177a5f72bd10cdc416bd213f373c2951ae6fb643a8210013436af7c4c7
tools-temp/_tmp_cap_002423_combat2.py,7047,5574ae63f426bd76835bbbd6547130b43e9c88c536475c7fbf31c0b993453854
tools-temp/_tmp_cap_002423_combat2.txt,11021,9ddbff7945a36d531e85fe19000581d5ff18660982bd69c11294e1fde672f755
tools-temp/_tmp_cap_002423_combat3.py,6418,2baa343ea419817d2b6093352e01e2607b8f36500aef3baec8858625f21874b7
tools-temp/_tmp_cap_002423_combat3.txt,3826,1066d586ef36092d253b87d005e04e2698bab82e7587f22eb20aea7c3b74d9d7
tools-temp/_tmp_cap_002423_dmg.py,1323,0995f540ec8b3015629a450c8bf8fe2df9778a3848998eb1abf2ddbe3a921c6a
tools-temp/_tmp_cap_002423_dmg.txt,0,e3b0c44298fc1c149afbf4c8996fb92427ae41e4649b934ca495991b7852b855
tools-temp/_tmp_cap_002423_finish.py,3175,ab63494ae73b93ae37a61cea07bb20454380b2d73b5f2af33753badc9799c50d
tools-temp/_tmp_cap_002423_finish.txt,10207,7a5bd6ad5032d21156da95f1e8932f206a810acfeed1069fe45d62cedcd040fe
tools-temp/_tmp_cap_002423_tight.py,6173,303d369cfd6303b7dcb545013cc5c87ec7262b3ff41a90a36d98396a2f68d53a
tools-temp/_tmp_cap_002423_tight.txt,8191,583f8c813397a91776144011ef4b2de607e4c86db1f3bfe94062ffdefa4ffa9b
tools-temp/_tmp_cap_080425_map.py,6678,8b1a8b6c4942dfe15d17bcba489ea59eeebc8583abcab72c8f8c78935d3d184d
tools-temp/_tmp_cap_080425_map.txt,2615,ba1ebe34f5069b158c86ed9124a207b2a8595ba90d4cf3bae4b858036546c0bd
tools-temp/_tmp_cap_135121_map.txt,12170,2ef1151f381f92679319a3abffec5b054fedee4934def8d7001120d291a96fe9
tools-temp/_tmp_cap_141740_map.py,3829,e8817d6da340aad5f55cec639478e459b2f96104a890ec7d900857bda4cd4304
tools-temp/_tmp_cap_143126_map.py,3759,2e0258a45995a5d53d5d172892ab3af481f09b464ef84a5331f20af2fbe57f3d
tools-temp/_tmp_cap_143126_map.txt,2423,cc2b2dc52e7e0f6ef0c6b0ed6e7ced7543564bafa6ae1161af3612d93a85a4df
tools-temp/_tmp_cap_151009_brief.py,6694,e79f6fe1b44bd474ffe97fca57203ab0d75444de8d48fe6f5998b4ee91d3bfba
tools-temp/_tmp_cap_151009_brief.txt,49771,6dce833a91e41d8e2c416c166ce64001d2509b04e0a2a4215b4910f7a0fa9a26
tools-temp/_tmp_cap_151009_combat2.py,4262,0a06fa84a9f4fa6f208194833734af917681d377f95aeeb581c835b6a6ccdab7
tools-temp/_tmp_cap_151009_combat2.txt,21110,c4a4b920fcc3f4e537f3b35439388f8fe76ee5fabd7ab5c5c682da57a82e64bc
tools-temp/_tmp_cap_181214_assets/chests.hex,622,e0648d6a5be591cdd7ec1714c8fffe8fc27a9c227fc219b58f8c82972fe20016
tools-temp/_tmp_cap_181214_assets/doors.hex,21998,ab896e1dab1539c47397ad94a82abb45fdb2a3c136b9ca06c50ecc72692af396
tools-temp/_tmp_cap_181214_assets/paf.hex,0,e3b0c44298fc1c149afbf4c8996fb92427ae41e4649b934ca495991b7852b855
tools-temp/_tmp_cap_181214_assets/radar_sifu.hex,2070,dce95b77f4022ebacbca8b54a32b60f91e35124d8bbb3dcfd95a00628647e9a7
tools-temp/_tmp_cap_181214_brief.py,6672,4844d2d7b4c3594c7b4d549ae91b3dbb6ff84c1081f3c2c25ec8dc250af556fa
tools-temp/_tmp_cap_181214_brief.txt,83651,8d84229a9cf684915146afde0b7607ae5c1a703d789974c3328e14ef03186656
tools-temp/_tmp_cap_181214_prox.py,3105,613b198d8d78ea5cd32c19c6af59c418096b0be36ef44c3196e45bdab3130f37
tools-temp/_tmp_cap_184103_map.py,5368,fd17db2c22e31aba5431f070a039c20942711c4b5e38ff18416cd97788dab581
tools-temp/_tmp_cap_184103_map.txt,3286,2ec1dd3abf1b004fbf0a6b730832cf529883f2ab7acbcf31a72072a80a691ed6
tools-temp/_tmp_cap_185432_deep.py,6011,0e1d6521fd14fade05e99412f2d2299243d85e1e7f29c58be411c0f2f440f45b
tools-temp/_tmp_cap_185432_deep.txt,35175,722291d1bb15ea9821916791beb839a815ff7f69033f0e75771af62f75960159
tools-temp/_tmp_cap_185432_full.py,7461,fba58057766f9fc509da5255d02ba1939bf8afce21d2252488b625ed11cd8650
tools-temp/_tmp_cap_185432_full.txt,17472,02e7a10ea6e58febd54523e628f0afecc7f4bb17a5c32520238d4d043a6bbe99
tools-temp/_tmp_cap_20260722_near.py,1273,d6c267593c28e0f8651a4936215f87b3573fb9e4e7c02a0be7e18e9789f367ee
tools-temp/_tmp_cap_20260722_npcs.py,2656,e71e9639fb10baa07fd7a9c4ae56a00624b4e0c4c082dcaa97e07369b4462ecc
tools-temp/_tmp_cap_212302_combat.py,1760,f8daff1ee8e9d74049f92358ba5f886aa2c2751cadfc5d70c9f39d9b80bd008b
tools-temp/_tmp_cap_212302_mobs.py,2374,4e1d13607659408c12e8e28c06ee6b095ccbf1419b9233699ae0574938cef8cc
tools-temp/_tmp_cap_220219.txt,26861,ae43cf22c1aa139b5d757273cb627fa102de8c13bc59c1c7ec9e1a1add7525c4
tools-temp/_tmp_cap_220219_fight.txt,13600,60baa2e3236efa0a10bfb1816bc235af4f512030188443941bfbd3019d6d8a27
tools-temp/_tmp_cap_221330_brief.py,25321,316680ae1617f292213ef22327f2eaadb159f3b5d8606368d34dd184ff483424
tools-temp/_tmp_cap_221330_fix_extract.py,4162,0fe2252960a02c55cb9f4314899692b1b5ce1a1a5c8b7eec7028500dd7082fd5
tools-temp/_tmp_cap_221330_fix_extract.txt,18015,5344437b3a49095c5515622f767be01d873ef6ea0214ec70a50032a210e92c5b
tools-temp/_tmp_cap_221330_for_chat.txt,62978,89afa213a6522d9feab163ef6055f28d2e09f79f4440353549f0277995d9df72
tools-temp/_tmp_cap_221330_mid_s3_s6.txt,52916,03c439f485cf0cf1ac60b5901b28d4da21a5d3305fd9fbab2325fb2bc6694731
tools-temp/_tmp_cap_221330_out.txt,116434,a630abac5c8f17c2b6fef0d1708e2118ff38bf54f45057ae2c86d8f3e3bf65e7
tools-temp/_tmp_cap_221330_out_part1.txt,28408,fd753db4849135b80521f224fcfd6860065aaf753ff491fe790cd1fdb70d8b56
tools-temp/_tmp_cap_221330_out_part2.txt,28311,d23452383c8c62916a564fc081096405c8d5c7cb86db1d9bbdfbc06912fe2b51
tools-temp/_tmp_cap_221330_out_part3.txt,28389,9f0ba645e24410071c87619a3e4897495b6c3d1abd25e30946a7de0871103ed6
tools-temp/_tmp_cap_221330_out_part4.txt,28571,2d3ff6d5ae48f06102ea2408124f57ea8afb78fb3d3c0107d80d7f7e383edeb8
tools-temp/_tmp_cap_221330_out_trunc.txt,61606,48480f9d5a7e84bf7e51b35aa80948cfd4c5d9fb1a3749c1e717345501a7793a
tools-temp/_tmp_cap_224228_assets/chests_1456133.txt,5928,1deb303eef20234151f0a8a8a6010f86f7ddaaf45e09f4a9547c01e4e6db03f8
tools-temp/_tmp_cap_224228_assets/chests_1460226.txt,6440,8058d3403311b9bca5cf6af65bee18d54a3d8396207423ba4685571ee0e60029
tools-temp/_tmp_cap_224228_assets/doors.csfrag,32795,c50a23829e08b565c31a25d8c1df378b5575e1e77a77ed845038afaab9269750
tools-temp/_tmp_cap_224228_assets/doors_1456133.txt,10000,cb1de6028105e1334bd7bec5f62667b592df2de9a8f163b13c128a48b8516b65
tools-temp/_tmp_cap_224228_assets/doors_1460226.txt,8800,cdd2a6b0a48b3e22c6c52ee8c0df1aebcf70907f91ea85cfab5772f4991fa9b5
tools-temp/_tmp_cap_224228_assets/npcs_1456133.txt,3509,ddc8669c187be6836910f1ec63c5cc67c7be261eefbed09f0b06897b541dcc4d
tools-temp/_tmp_cap_224228_assets/npcs_1460226.txt,2906,052f11a8ea060c09c956dc5de951192b18bd460121552ddd634360d71e76a435
tools-temp/_tmp_cap_224228_assets/paf_1456133.csfrag,1341,a346c4f61e2b2f9bd692110391240a8c2bf42efd4a4bc7a10aa7bb2f9be4a766
tools-temp/_tmp_cap_224228_assets/paf_1456133.hex,440,f6ebd533e67673bfb2600d397961cbbae35170330e9239bb40f04443a9ba7d3a
tools-temp/_tmp_cap_224228_assets/paf_1460226.csfrag,1267,8a78207ea63fc8d028461c669970678950cc721b40ad3cb4837552b18a46e2ff
tools-temp/_tmp_cap_224228_assets/paf_1460226.hex,416,2ac4798ba9a34dba7d5758d16b227236177fdf0b5e1b5e8e6454224aca3716bc
tools-temp/_tmp_cap_224228_assets/paf_cases.csfrag,4084,a33747acb67f2cafd8a29cded1e9bd63697f61ea5cb19c868dbae62c2c77bb13
tools-temp/_tmp_cap_224228_assets/shapes.csfrag,30310,42ed65f73617aa9aa19fb8b3397dea30711486e098bcb26f91d7346fae5217f3
tools-temp/_tmp_cap_224228_brief.py,6871,07417483db31cf916b7a1712783c0e1604cdd16af14f6b95011a9d818f7137f1
tools-temp/_tmp_cap_224228_brief.txt,676787,2e76ff1fdf43151663bb131f7beeff029d37faccf7a77a3849c03936b0dff00c
tools-temp/_tmp_cap_224228_hits.txt,131334,a34abbd52407fc7cd18c8157347aabe4e77696679a149c4b9206060e02417c00
tools-temp/_tmp_cap_224228_tight.py,5738,4f1b59a98ff9d8bbcf3d712dbb766deb362674e14e2ada0681d27073812f71c1
tools-temp/_tmp_cap_224228_tight.txt,67106,f7b948e21855213483eb47be7c3bf59c7e9c729261f1f70298263eb102b4b12c
tools-temp/_tmp_cap_225021_chimera.py,5118,8a3a4ead58eae5c7c8c1d50f3bdc99ac3a9628aeccc8930dd53e7ad3c0af68d1
tools-temp/_tmp_cap_225021_chimera.txt,66792,6d010c82cb8659de2f860a7300153779eed332aef376678f1c015f51ee338a32
tools-temp/_tmp_cap_225021_combat_timing.py,3539,d7151842e10d3c5079c44951bfb256e5860538d931806785f787c744fadf358b
tools-temp/_tmp_cap_225021_combat_timing.txt,7304,429df4445589374c024898c157fb112276209f00b9e93dc236014ba8c397ceb2
tools-temp/_tmp_cap_225021_obs_arrays.py,1846,862d09d558054b2aca7c126c7f61fd34548a7234025b015393b3ec6919dec4f1
tools-temp/_tmp_cap_225021_obs_arrays.txt,835,ee9b14cb57bdfe8840721ef4267f2f658efdbf43f8e74c5056eb84da243cf632
tools-temp/_tmp_cap_225021_saw_decode.py,4291,8493d518fe46c5047b61033e64df529b921b4ec9d6ffd86f90478609904bc15d
tools-temp/_tmp_cap_225021_saw_decode.txt,5687,a2e4e1290e7a51733bbe64fe98ce53efef5a7f4e8d63ced3f01a0feae2d79b99
tools-temp/_tmp_cap_225021_saw_hex.py,3672,526a9fe55932c0e3827d914bf8ac44d5794d6ebd8bdaa01a08b6ed1c1b9de957
tools-temp/_tmp_cap_225021_saw_hex.txt,3087,0b3c14de5fe8962adea95dd5a6103145378b463cca3591c356764b0be3d4e080
tools-temp/_tmp_cap_mob_drop.py,2555,3f5432b4afb2466a79abb0336cd6687c0f2910bccb7ebcc9cbf6644eae00f36d
tools-temp/_tmp_cap_mob_drop2.py,4179,8d26a9c1591fcfb1bc1a6bc29f9657a28391a64e644b67814bdcf609c851e31c
tools-temp/_tmp_cap_mob_drop2_out.txt,23536,7d17c7250b9970358cf7a69bcad65e483f6e9731ffa6f2234f269ab9a6869c7d
tools-temp/_tmp_cap_mob_drop3.py,2246,9458be114cf47204859892e4d2a787b1b712f4a926a6c252b72f069ba2bed970
tools-temp/_tmp_capsule_hex.txt,15461,540f6582d59d2323cc9c24c16b2490cdff4d34b79a5fc95e3d4d0a169cb367c5
tools-temp/_tmp_carbonrich3.sql,377,2087c8d09582f1a6051c7b135564349c24552c10e86872f9aff8ab94c1ab498e
tools-temp/_tmp_cecc_origin.cs,148570,1250d365e360d96766047b75db314b839b46bed3ffb164ffd71818de5280ab3a
tools-temp/_tmp_cellao_statue_log.py,799,958f14f4ad94f05d63d2b89611c3661f24261be412bc764a85b6ca6d2227b7d8
tools-temp/_tmp_cellao_today.py,1023,3c8bc6b8d260ab072ed9c888b1d1585d53d29931f26d4a98e0ddab29dc0e876f
tools-temp/_tmp_cellao_use2.py,739,c1d0ee96014531025de9b8ef509dd0b6dbbcae757c98312a50e35a178fe3b37d
tools-temp/_tmp_char.sql,121,06205d4361d1926a854859c8d066c332eb48d0d98bb75b0856c8684ef09dd42e
tools-temp/_tmp_char25_cols.sql,468,0005b7eae4d6cf7fe068e1a6ab615f20fb575d349c165aba14ac07740bc249f0
tools-temp/_tmp_char25_counts.sql,1750,c58cc62b4853786095f767d3894b105f0668e467d97843127ce2f5c374dd9ec1
tools-temp/_tmp_char25_delete.sql,2860,caafcac1bb0e3f33dfdb83b7b0744e9123140f24911a3b2c5334a87952189461
tools-temp/_tmp_char25_more.sql,549,41ae3a28282ab661cefc73d7cb282216bb291c42437e3acd38a288a7fddbb620
tools-temp/_tmp_char25_verify.sql,307,91a87ad89c6fb87d167d6d7987825cce07c61150c4dd948fc642e8d97e08898e
tools-temp/_tmp_check_295756.py,1061,56a379f0d8055a8a3e186fbfd0f42de32cc15fa1deda52dacd8effbbc30afb0e
tools-temp/_tmp_check_awesomium_hits.py,687,d3c1a9038b58c3d87c0b07d0b0d554a2e98af92de00debf8b77e5eb18432583d
tools-temp/_tmp_check_door_lens.py,422,8b2166544c800b9f1602f23424196826ac24625df97dd43c9da9240ae11a1ea5
tools-temp/_tmp_check_dup.py,1129,541c6f572d4369853935b112e46e60d2344fb2bf91fa72e4dc1686bee9645be2
tools-temp/_tmp_check_expiry_offset.py,654,c88d6374f7ba2e6f37b7b0b0a9a8b4dd7d0a2404321bc9edcedc00547b545cdd
tools-temp/_tmp_check_exttex.py,3055,b544a89fc8823bedd43b45296d9bc34496ce452b893a69d42a9161ab28469801
tools-temp/_tmp_check_itemloader.csx,493,3fe395f8a3370322b3f19d15efd2e3e253b1212ddd9fc3e4200bf4ce6bb69305
tools-temp/_tmp_check_ready.py,506,9dfb4c3c841377d0729a5fb0692ad161e25e322854f6d1dad324449621bd9964
tools-temp/_tmp_check_templates.py,767,42e60365111206b27a9a0816c15ffe5e9d101f4638d8c3b459962774d8e4dd23
tools-temp/_tmp_chests_1419349.csfrag,2697,05425b756e142f5ad55b86cda96862cee8a31ebfc5a595cffc6581d40735ab78
tools-temp/_tmp_chests_1419349_185432.csfrag,3678,352647a9de52b0e46e267897b12d49b04d8bee637abc9654715d22c7f76d025d
tools-temp/_tmp_chests_1441792.csfrag,4470,516cfb53c4557e3297a76134700f8da78eef30c1337b45e81ac38a9e5b1b8ca1
tools-temp/_tmp_chests_1441800.csfrag,2368,3a6a8acb246c4ba42d73d7561837c803091281b3ab6e8485b1c1d54495b78e5f
tools-temp/_tmp_chimera_corpse_exttex.py,2308,aee10bfda39926dde30b0420e72f0895dc4a59b55e256856c8fefc08b63c0cb4
tools-temp/_tmp_chimera_corpse_template.hex,924,1153cf2089a491de23040d52b0d008d88ced34d1ac2e7b81c51c1c521bc4dc23
tools-temp/_tmp_chimera_offsets.py,678,1fdea397a9bf90d81cfa4c8df156366a75fd40af3606f26958fd4d295407314d
tools-temp/_tmp_compare_dbs.sql,448,36c52a269a17a64cad06450fac57c933dc676ed12751210bc188646551f493d6
tools-temp/_tmp_compare_staticdynels.sql,691,1767932df94b0b7070abaf1718f27d856afcb23586a8be263e924f1ad5f95c8a
tools-temp/_tmp_composite_utility_nano.ps1,902,0e8f15f56a9f73d057ea078c9971cff5e5c021f0c9300b006b90c0475c7e5b32
tools-temp/_tmp_contract_head.cs,156763,46d9c8824847d146f8536e5fd0659f096d6ee01348e54d5c4f7ddd66e0ccb705
tools-temp/_tmp_copy_staticdynels.sql,946,30a874ac7190a83373197d8ea9211a8d103baa87eae61f3b905fb72ff3303057
tools-temp/_tmp_count_nano_ts.py,1115,b925188e0002a0900510d32e1fb4f274315c9b99fadfa297aa1ebae7a91230f8
tools-temp/_tmp_count_rock_ts.py,1165,9b890c337340a993d1b6651137507e6a23c6aca1a1c44dc5e673d8dbe6fb4143
tools-temp/_tmp_cr_items.txt,7818,546a35ab8af85e4095175128dd8d436901242efaf1f00192980e3c196eeceac5
tools-temp/_tmp_cr_nanos.txt,1986,1c8f503bb7aaef27faf1a27f81c7c3ea5288e43f261f061eacfbf13ecb7a5713
tools-temp/_tmp_cr_nested.txt,124,88ac7bba583141cd0d2009acc80fcb137ae6f56e2d72f4cb8085d292d611d108
tools-temp/_tmp_credit_card_scan.py,1356,d6ecf757b27122543147c65088b20f54c7eb8367bc502edd07f3b8d32dad9034
tools-temp/_tmp_credit_card_sifu.py,946,4143bc1ecdeb39dfb7dbd7a83bf352f5736e7518df506cc1d092d3ac0089e3e3
tools-temp/_tmp_credit_pickup_window.py,934,d9006ad784f52dfd3b0739d51de1fea52d7fc4fac75d94efb7201f6e0528c4d8
tools-temp/_tmp_decode_containeradd.py,952,96502f4a8deb19f259ed097d4847e08d0571444eb4ff6b7d5fd35831701c8356
tools-temp/_tmp_decode_locations.py,1160,1998a33433a931f7a7773d5710ef7b438b0577ff2a4a591024310895f0046958
tools-temp/_tmp_decode_locations2.py,1607,832b0ae44d6f3c348cd99ec120aa91388f2191b661772e71c77c99f6a5d0b165
tools-temp/_tmp_decode_mail_datetime_capture.py,8206,bf8a7d23185780c36b1622921025dc7c83a73d127c847062db8217d8d49f3b2e
tools-temp/_tmp_decode_mail_datetime_capture2.py,9001,ba1a820d098b0dd1fa2449279f30a40f4088250b5631b485c5e9421e6ac0e541
tools-temp/_tmp_decode_mail_out.py,2288,eb64c94a0e9b797928790e6dbaf640ffd214ab1cf059b509746e588dac06e6a0
tools-temp/_tmp_decode_mission_ids.py,1624,9e276582de5c60318c91f0f777c47605757dfc607b4671e959fa8b7cb2f45319
tools-temp/_tmp_decode_mission_offers.py,2646,b77c2101a61f4ae3dc1051128621e0c54465d3a940deaa132a557c4edafdf212
tools-temp/_tmp_decode_paf.py,1926,35b228191e978faede9dd2422f5a3cd9cbc61d9df09fe9197df8e7292856a9ef
tools-temp/_tmp_decode_sparrow.py,1071,31efc1425ef05a1ad5aaf4a3e975249a1e31ca66abd43c8077ed5ac892222836
tools-temp/_tmp_decode_sparrow_effects.py,2225,42f032eea2790947b2ecd6e172154fcd18f55c37ded1a550fee1a983de86b8ca
tools-temp/_tmp_decode_sparrow_spelllist.py,1798,1851facc26b003af5e1f04e08396e94d2770bf9cc7017228a1fa9d89d367043a
tools-temp/_tmp_decode_spelllist.py,2819,48af6cf2f18409e4c2984270f70f416de2024a786475dcf2ad55653923380c54
tools-temp/_tmp_decode_spelllist2.py,2023,df3aef792380e15a8565b8c21f9b1548a964b9a913470939ec897ce7f4aaae84
tools-temp/_tmp_decode_staticdynels.py,2170,36f7881d9cf7034b823a6463e651e24ffe3a83cc179e9cd34780adb5f4c8ba60
tools-temp/_tmp_decode_stats.py,837,44b07153c6822f458752a3f1fc76dc6403f1c3b26291f2496922990db4b1a32c
tools-temp/_tmp_decode_veronica_qfu.py,1664,e6194bad1bd7685076e8d03394d40b9dea705d46372d2be11ce949141fe31e89
tools-temp/_tmp_decode_veronica_qfu2.py,2328,7f5f49e4f7503f11ae2b7dfed6d1b888bb04f227989ad315c3bf5eabf57125b5
tools-temp/_tmp_decode_veronica_qfu3.py,2393,7dba9e6c3d3e7bae360e49710b235226bb9abab843169c41efbeb2a2ab20444c
tools-temp/_tmp_decode_wounded_scfu.py,2429,9616a90b9a24742bc2be2b0f54d520ffb42e2c4149f00ca8e40e0584d78be9f5
tools-temp/_tmp_diff_230406_vs_spawn.py,2326,5e64d1e56a7c86cac2ffdaf42fbc3f9b73acb6e351d4e93153824509a543ed2f
tools-temp/_tmp_dist_1443840.py,961,a144681beca93cb56c31b640b36cdc14b87369ef16f381567c19acc327b79231
tools-temp/_tmp_doctor_mason_qfu.hex,1736,547fb3552c53c3516fc77f7dad6e10491df4f91a7e19a1269b4b610f0936ecfa
tools-temp/_tmp_doctor_pack.py,2138,c094ef8d9a3a54de246c4093e37f5a786f80691b11e8c5265cc4b6ed6d63c1c3
tools-temp/_tmp_doctor_pack_out.txt,13811,6c317dc93f22ab5a8a77522836ae1eea95f2c7a3e9d311136379e39ae1af2fba
tools-temp/_tmp_door_dist.py,1171,60b0fc227552769cd407812d72f3d12f5ca7e0223d517dad73819d2e23040057
tools-temp/_tmp_door_radii.py,1414,02b81bd612a7267625211ab467b92f40897af4d48f7f35ab300821424fbc282d
tools-temp/_tmp_door_xyz.py,524,63b121fd2201840606110bf1673939227efc22c5ae6ac1efc4ec7d3c4f14de03
tools-temp/_tmp_doors_1419349.csfrag,4230,4c30d938eaa6c8cc2cc7e5e354d00893c6489f197e12a5d0a91dad2e641a1d16
tools-temp/_tmp_doors_1419349.pyout.txt,22473,2a3a92544a1c0b17091d47ef03ee5543e524ff1502ac7d165ed44d6e9d930abf
tools-temp/_tmp_doors_1419349_185432.csfrag,5475,e862c267499ab708e8583ac4073329fef303eda7258a94b1d9ed5fe8e4dff7e2
tools-temp/_tmp_doors_1441792.csfrag,7440,22a90c3174d5f9fd853eadb87f47ab9e0961f53eeb94bc35294383f9be7cdef6
tools-temp/_tmp_doors_1441800.csfrag,6718,34ca65293b903d2b182c80223c4743ac072ddc1d34d099aaadc24f960bfeaf18
tools-temp/_tmp_dump_arete_exit.cs,1919,9e3baca4ebc2f6d1da2b14dca3efa54bf6b45e7b837fab643957a0a6f0c065b2
tools-temp/_tmp_dump_arete_exit.exe,6656,07572395bc28d31c9def1bf3ee45c505e6650f389da217fc96ac52acaaee535e
tools-temp/_tmp_dump_exit_events.cs,1187,a0183f469d93752d9ed04dd4db20fe99cd0c4414c5462d59d081793803d2d64d
tools-temp/_tmp_dump_offers_via_dll.cs,2206,c3e616f6ec1bebba885ba31b563bdae85ef8837529d31ad1753d24695e0f8fec
tools-temp/_tmp_dump_sifu.py,984,92f70f6c125bb6735ee7b592b5ade18413be055871973881d30ec6874753bf5b
tools-temp/_tmp_dynel_1493063.csfrag,6089,aacce0a4f2078e5fd92995afacee816946feef4c6189ee37fb33e182c0e21beb
tools-temp/_tmp_elysium_182451_brief.txt,3608,c75d8cc4994f79a5e84f98b2a737eecf54f58ba17c8d34d84aeb74087f20524c
tools-temp/_tmp_elysium_182451_mobs.txt,20716,b806c340bf280a61f258be429a1daa1c5639638837da89b46513d6951e817959
tools-temp/_tmp_elysium_182451_table.txt,4296,29455ce0b2df7c1ebcfe545e7e898fcd8640c6f7300013c6d8805878c328c85b
tools-temp/_tmp_elysium_193914_brief.py,2090,bd77d35fe0ca3caeb5c5a4408f59dfcc15735129ab5aae4897df6714c805cc2d
tools-temp/_tmp_elysium_193914_brief.txt,9573,627a185a5851ab45af71d88bbee24337d69dca0350b8ffed5c1b66e8cd2ea40f
tools-temp/_tmp_elysium_193914_out.txt,9573,627a185a5851ab45af71d88bbee24337d69dca0350b8ffed5c1b66e8cd2ea40f
tools-temp/_tmp_elysium_201436_brief.py,1573,a1d88e8e6e518ae023b92243c8de681cb15b9b5801e5e96fcb88bb2daedfae68
tools-temp/_tmp_elysium_heckler_190145.txt,417231,4b038a461dc01ad941a313b18e894c61fb5270e6cd7ae508810c32f7ef72d77d
tools-temp/_tmp_elysium_merge_plan.py,1589,9594396e6ee1d4cbb2856e44b6c45c8a422a6d8e6f6c2dddf1a2f0e5f0cf6cad
tools-temp/_tmp_elysium_slot_counts.py,690,4d208d200d3a9e01439347eb1c0bfbc19d5621bc7b7413ccbb6cdf8caa160af2
tools-temp/_tmp_elysium_spawn_extract.txt,419252,31712ace5ace9c71b69ae08bcde194c63e947cbef34ade3f82213b4d44b7409e
tools-temp/_tmp_emit_tpl.py,501,79cb785f4666bf740182c32b398a1839699f6e8a03e6eb96deb852124e70ca84
tools-temp/_tmp_engy.sql,87,a939f636f0c7a671081af4841eb420b5a246812896d74ca61fd1b3acbf956890
tools-temp/_tmp_engy2.sql,258,a457eb9adeaf8c64da17484161b07c0afc953d8c4ed871a02a376771f9753420
tools-temp/_tmp_engy_key.sql,385,b98eb5994be5e2b3ba275f289085d6f18a7be4aefb1d42533cf81d53d484977d
tools-temp/_tmp_engy_key2.sql,248,9b517c4cb0c9e8d06a31df39de606d02c5301a5f4a171cb1998dcfa00a72d557
tools-temp/_tmp_events_sys.py,652,62d212f3b0eb8ec6fe0c9cd1cc84d7ac631066eb880a35b4f1deeef9cac85313
tools-temp/_tmp_exit_itemid.py,793,599cd06fc00977766a63eac19d660780989addbfee31d968f133462b27b908ac
tools-temp/_tmp_exit_term_sifu.py,1024,83756b6a58687852ee20cda9a0650e5a90d0ef15ecc9458b8a2a575587507883
tools-temp/_tmp_export_shadowlands_statues.py,3546,c7b03e1356c485209743bddaadff7dadf0779a705abfbfe784483455f29641a8
tools-temp/_tmp_extract_1419349_doors.py,2442,0dcb6eda3ab119f3f2abcc9debcdd5334db03edda4f601dddc2f8c942de354e4
tools-temp/_tmp_extract_1441792.py,2978,4c12cf3e340d500d0f18b1ac9fae9131d34cf5105c13db30c30fb9fe59ed57ff
tools-temp/_tmp_extract_224228_shapes.py,5379,20e90414276c7e1c48343d9b3358ac6ec52d40fe41202feb239dea0053452271
tools-temp/_tmp_extract_capsule_sifu.py,1790,c1000242056f2e0b60b54883cc1892d51a8e3b11052edd38f02c0d2ceac2c2db
tools-temp/_tmp_extract_capsule_sifu_out.txt,3825,3001c3a147be0970f3f115227c4e3b80a5b0a9d4c128fb50d329569e8e17ff29
tools-temp/_tmp_extract_finditem2.py,2385,05a4fcbda33bcb28ec031f05c20834ee0f3e43ff99c95ff02bca1b047deb34f5
tools-temp/_tmp_extract_finditem3.py,2120,74e97632c984affcabe04315dbba98cf011e726a70aa548ba79ac97fb03b5578
tools-temp/_tmp_extract_finditem_095215.py,2253,92ab2f9290f0a395a89d46b76ed3d525456fdcf33d108adf283fbf9c2b2e8148
tools-temp/_tmp_extract_findperson_qfu.py,2667,1ad0dfec5ace08d976789886130c25754b669b4b831008034f7499d0739058f1
tools-temp/_tmp_extract_fp_accept2.py,2643,9cc5c69c7a30b505a3354bc55741720bc2375ba1af2cc7086dd48dfd978042cf
tools-temp/_tmp_extract_gui_vgtp.py,1319,efd1fe86ccb2d4122577cb803fef1def25982554b21fa873d8040a5d1deebc40
tools-temp/_tmp_extract_mission_locations.py,2926,a294e1f59254d6d0f75f7f6c2e71f03afbc260e38101e477716516e63d9745d2
tools-temp/_tmp_extract_mission_shape_assets.py,7458,2a4ea5816f139608c3b52210fcd8ab941b9d83be01d17d922e400e5faa0279c5
tools-temp/_tmp_extract_nascence_life_cap.py,4483,86cbae5056939155ff2b7c4b436cd8f4e67868d1da29ccb9279d9157c8e9e93f
tools-temp/_tmp_extract_pickup.py,1230,a8dfc2e3a08add5928945faf238be098d0bf77b38b7e45397516bca0f755ac3b
tools-temp/_tmp_extract_pickup2.py,1409,728f28bd10b9c0345f42764e277675b917c4faeddde1d1a09af69bcc47d260c7
tools-temp/_tmp_extract_pickup3.py,808,f374d2c843380a21dce0f954f36e72a9cf2d9babee5643c6f445b97719f80f23
tools-temp/_tmp_extract_repair_pf.py,4648,2ee8d523b26bf1fc06a4c696c252ae170f09c2c13732d69896710ee63e261aed
tools-temp/_tmp_extract_roll_library.py,2677,c46c393862a458a2e197ebe41cd8a01e0f85b2a07482179c03c17d304679d171
tools-temp/_tmp_extract_team_ranges.py,617,8ebe63411fc79be07995b0ee70fa8605a90e9ca48abb3fdbe34f387820aff001
tools-temp/_tmp_extract_terminals.py,3132,42150017d1ef58b0b59ed239723f5bc90dde63b8e0b2b051f274b74cc652437d
tools-temp/_tmp_extract_world_terms.py,5362,abb48d1284653fe95449fd967f7bf7dcbb7c8dbc3a801c84c1ab3f41e5bf7bd9
tools-temp/_tmp_exttex.py,1149,0e2127391ae4e358b2f8e3a720fb8de2f382264770d80e981685c170a82b0374
tools-temp/_tmp_find_a853.py,915,29044de11b81a76e2143311dd1f6a73e2eb1a02447ee566170d72c039c6d05c8
tools-temp/_tmp_find_acg.py,789,9c5eacb87671ba9a44a7110b80139e55288acb9d63d19ee6b5d0404b90814440
tools-temp/_tmp_find_ao_vgtp.py,1227,2c48fa6a40d0e0f00b1820a6a10f53b1b3a29bad3c1a979f1e29748b8008b09a
tools-temp/_tmp_find_charge_pkt.py,1227,618d1b12673b94ccda2b55bf4ab782e4857dd2be125114dba4796ed1d38c8b82
tools-temp/_tmp_find_delete_pkts.py,924,1beed2aee84969e17fea7b23316b36803bec23d992db41acbff1d35838d234b6
tools-temp/_tmp_find_exit_term.py,924,096baee9eed178e736e0c3aa0b84a3d0be8e43f0451424577deb871f925ac2d2
tools-temp/_tmp_find_item_deep.py,4784,4e566937b9d3bd66dc4f0d6f42b0714d17e43219d68412dcde9bdf73a332eab8
tools-temp/_tmp_find_item_deep.txt,11597,b0deb515778acb8a283bea5a6f0ddad3cb9ef0f1422d0ca4b051c81f1db1731f
tools-temp/_tmp_find_item_extract.py,5282,1f9097bbbe05bd83dacbfdcf981d2af526fa12de29c5baab28e9f53ad9b67393
tools-temp/_tmp_find_item_extract.txt,44374,104f524d287a14b3923de21e8cf9d7884fc59047e23f242bca0008998660840b
tools-temp/_tmp_find_item_obj.py,2842,0fbf95676bef6632b02b2110541dc1a1966ec9bf043841921ff877081597630e
tools-temp/_tmp_find_item_obj.txt,59067,2e9684eff37ae6baab30dff168dac75b28bfc340d9d471806703e751940917bf
tools-temp/_tmp_find_itemdata.cmd,400,56f68713c6d595c37c6e1e04a48f7b21eaf6f8e3e26dc1166f36baf25afd47ab
tools-temp/_tmp_find_me_chain.py,1629,45d6e49c3470a02450441bf14ea915d1222be2c81317a33e039757dc8505fd78
tools-temp/_tmp_find_mongo_slam.ps1,1960,5ffb89f599289e32e908021e3a3cfd1ca3409fe2d306229910a8439105cbc5e2
tools-temp/_tmp_find_nano_craft_items.py,1224,6945c12a6eb790edef4e7fe662e00ee42cd78c33c6d3c5faec5a98cd5b27c72b
tools-temp/_tmp_find_person_144103.txt,42999,fa69423c5c2542137672112a81a0b0202e8cbff1b62439866f3cad46e5822d01
tools-temp/_tmp_find_person_deep.py,5027,cf031a979f2bed9c40625b79112ce9a357492b8d9671ab2dbf80053e53d55b1d
tools-temp/_tmp_find_person_deep.txt,24116,e7342d39693201d213655d845f550e5aec0ddc426764a29e32c3c7ce84c0df8b
tools-temp/_tmp_find_person_deep_head.txt,12074,913a8301a8be14859fe0bb7472b126f646f2dc87e8eebcda86334e2c2f1bbc57
tools-temp/_tmp_find_person_deep_tail.txt,5027,b9dd1fa1aade133d62f836dce467a73960a266bf09ad8910cc6efe8d0b417393
tools-temp/_tmp_find_person_extract.py,7009,4b23c3e3369901b9e5bafc22b44f9479fd86838de0c12ae34999d77d929b4663
tools-temp/_tmp_find_person_extract.txt,319543,1db69ea619ea5662bb33333bab994ff3f8dfe6569550b75f06cf63347e06349e
tools-temp/_tmp_find_person_layout.txt,2033,e051e0a6c399b202d3a1390d04871954fff01edd14d7a28e788240a6e59e399e
tools-temp/_tmp_find_pfdata.cmd,359,2eb169c04ee84267ffd2ff135ddce3decdfe20356d0bd4c62fb07a620bb9b3ab
tools-temp/_tmp_find_store_error.py,2628,450009af1e3cabf51f8fbf5ceae5d688fff92e7e067fd3ed3cb757215a41f71e
tools-temp/_tmp_find_terminal.py,1131,14c3c199dee6d7f789ab15fd542b7c6bd2394847c40e43593c96196ae2bdcb87
tools-temp/_tmp_find_wish.py,784,bf5d7b8e853a25c57438ed435cb9bdbb64c621b035fd32afa52a0a6ef53d09d7
tools-temp/_tmp_finditem_095215.txt,44243,f1347b8cc890c4c0f04faf04fea186779d1c42cbf1d8a7fe5485f9375a87d0ee
tools-temp/_tmp_finditem_deep.txt,52107,6847040524da6f97ad5ff5de928d52170f288b4d81bf4c0624d4e462e543d6be
tools-temp/_tmp_finditem_finish.txt,59374,66a64324cba44fa62943e45ff442fc61328bf3fc50ff6488b249ebfcc7e63c19
tools-temp/_tmp_finditem_gold.py,1976,ab9bfcaa3a9309046f1dcaff23756fa432b89f95b1f1eade6fc74b78f8adaafd
tools-temp/_tmp_finditem_gold2.py,955,9ecc38993b1ec300cc017e4e9b9129d0ad61952108aee249d30df3403e573bc4
tools-temp/_tmp_finditem_gold2_out.txt,3602,87e2c8d494878e9bbc8ccf81a2b1eb3d09e84b7ad5487ceb0c1fbd650c098974
tools-temp/_tmp_finditem_sifu.py,1149,049b8bd0296b7847c2d9d5933a302a43d31216a379a697841edc0277ca82b8d5
tools-temp/_tmp_findperson_accept.hex,9246,aeed70511e1578eef257a7cb48cc907374d84d6608f9b4248b42d56d8ef264fa
tools-temp/_tmp_findperson_accept_meta.txt,1550,1affb5d72038865e9aa5aa3f1633a662ee247fc5c5556305871a522073c7f235
tools-temp/_tmp_findperson_qfu_out.txt,0,e3b0c44298fc1c149afbf4c8996fb92427ae41e4649b934ca495991b7852b855
tools-temp/_tmp_finish_cap_scan.py,1856,b521c003b712c6380a7667c5c0477d520e4501bdd3e0d9c7cc39ad5e4074e51b
tools-temp/_tmp_finish_lines.txt,5982,d6d5ca40f58750458e4e5da188f3d328f40b4f4417f6443ea3ad0b40ba052ebc
tools-temp/_tmp_finish_scan.py,937,a7af382102c7faecf9e72f7c71da5374557c3ea351e244cecf6e85c113ebc199
tools-temp/_tmp_finish_scan_out.txt,5229,314c942ae212283685f766796b5338374b833e7bdb83a3d18de413b4fb049bed
tools-temp/_tmp_fix_carbonrich_resultids.sql,736,1a55c6e8de3119fa7e4618a72c3e180ed7cb5174989ffba17585a09c5563cfea
tools-temp/_tmp_fix_corpse_tests.ps1,5876,6919772ab3e94ec6a24fcb1c0c344ae35a82d037ef1a548a18f4b15f87845211
tools-temp/_tmp_fix_corpse_tests2.ps1,1450,45aea886a058ce4d777ec7f30a656cef14b5e5eb38573385e23f99afbcec15bb
tools-temp/_tmp_fix_doors_1441800.py,818,6a8daf49bfd568291f343d558e2fcd21c1b5e8f51a433dabc78f150b1fad97c5
tools-temp/_tmp_fix_dynel.py,4187,635baa224e368dcc785c85356f5908d70405dfe3a45c673bf2590a73d1e4fe99
tools-temp/_tmp_fix_dynel_indent.py,787,3767eae93b8435be7031a8a742ebecba89d53463bcdb42098ab20166f02a924f
tools-temp/_tmp_fix_expiry.py,1278,8828ac6ceb4c9c25e621ce87e845504d40fb439ee6717005f9758df0d66c85bd
tools-temp/_tmp_fix_goodbye.py,929,e1217eb67a29c4bc81a49d45704c144a6013a4e39753dc84e9e4c50e265b12de
tools-temp/_tmp_fix_hosts_both.py,1937,10aee6b58a8b72ae2064bdd491354a6a4729bb42a6ea0f06f718a54d46468054
tools-temp/_tmp_fix_icc_hosts.py,1197,3948d46f6bb1b0a15ce4ad3f137f98907bda4d12139d2cabf37cb80a7d097e35
tools-temp/_tmp_fix_index_app_base.ps1,373,3d4fa794b856533af59ef8052bcc46c94c0f04c7f65af331e6ed0e2e7e35b681
tools-temp/_tmp_fix_marcus_dialogue.py,4830,d352a9475254e8ec18b00b2a7bbc227fa3b42e7862f9e4aa946212965a9223b5
tools-temp/_tmp_fix_return002.py,1373,bbaf939028daaecc4dc97cd9ce0edd96edcb50d38c9321e352a935679d1d700b
tools-temp/_tmp_fix_xyz2.py,1502,c254b8129c008e5e4320d3d27057450a8b7234892491176dbe4dab7898b24301
tools-temp/_tmp_flags.py,609,b49009c2cf16ca24dbe374db00ea24f265cc6283cde4ae5d6af44a08b10ba4b6
tools-temp/_tmp_flags.txt,167,29c79de3919096f7e2456bfae19fd4ea154b2e3e3e416313e4dba9873a2cd6de
tools-temp/_tmp_flea_capture_scan.py,1520,cddf2e7126615f835a804912a9216c53d2cd3eb9f3b886b464727a92122cfba4
tools-temp/_tmp_flea_corpse_aggro.py,1872,61ce4cae71b1292e05a8ff7524a8990bac248234dbcae0d6cb4cb47521ae25a8
tools-temp/_tmp_flea_corpse_hex.py,553,ac8b730ee666debf2e4fe7549748ccaaab0672b23c2abe3fd47fcfb51b291cef
tools-temp/_tmp_flea_deep.py,4239,d916aa441c54581a2c9e835cf48e0edf4fb93d5df1425eac2a5ae1f81c765ebf
tools-temp/_tmp_flea_offsets.py,2066,2ae94b9674471fe88340ac5a83a5d80dac18af61762799e685d5ed02ea5f4258
tools-temp/_tmp_flea_scale_aggro2.py,3010,dc009a5db7e434d19311c111dd022e8fa2014410fdad5684c9c9587d3bff3f3f
tools-temp/_tmp_fmt_tilda.py,262,9a090a667be46a2367499546b84cb5b87be53621c4bc2f4f8cf1d64a6e70f1b1
tools-temp/_tmp_fp144103_brief.txt,9583,9d57896cb092e566bb4c8a2baa7568b4ae8263d229b4581f3b3d313f715d752a
tools-temp/_tmp_fp144103_deep.txt,6029,dd107e5f8b24e880df89c1d42b2b93794c6e88f6c6339ac16775400c101a6f3b
tools-temp/_tmp_fp144103_shape.txt,340,06cb791de1cc9ba9cd205b73d48afda4770181291d496044bc5c1c0ab0c36b71
tools-temp/_tmp_garden_centers.sql,176,6cf27ae0eda49faf82b20185f431f71fd334ec885f4c8e1b3c0680b419615b51
tools-temp/_tmp_garden_counts.sql,190,7ea24c431852ce462d3f8dd0e8b6e28123c7ffc322471370445ef9121bac354f
tools-temp/_tmp_garden_passages.sql,282,3d7d82685eafafbe249e6e2063f999fdc7879e0dc7f90a8ed023ac429fbfe02d
tools-temp/_tmp_garden_save_map.py,688,e75e17d0fa39a92f4277a49e2fe9b5666d2ba8281fc90381a32572b067b235da
tools-temp/_tmp_gen_230406_missing.py,5289,ee57ce455221c6cfede06a2d77c8d53005f62c1d340df21af5ce5b09851bf42a
tools-temp/_tmp_gen_alex_slots.py,2503,ca767f81cd3123b336535ae1589577ecb623fb7d9ab1c4a629c01262c9bb45ee
tools-temp/_tmp_gen_arete_loot_cs.py,11465,54f94ac3ef65325b82f1081d7c3801d3656ebbf4cdd0781cc4c2b9cbe3431bdb
tools-temp/_tmp_gen_arete_spawn.py,9364,58c41ec139c80934bcadf926e98c5650e7902737a4fdb385372ddfca90355b18
tools-temp/_tmp_gen_catalog_cs.py,16063,a4d5f2dee7ec1aa1d33c348466586806cc57ec45057e57bfa374d4a110404174
tools-temp/_tmp_gen_goldman_spawn.py,8245,a3b16251faa777c239960545ff53a76ffcff2cf23309d326ec06b2a3e4cec467
tools-temp/_tmp_gen_heckler_cs.py,5230,fd49d458639acfc20896136089955b45c108f977db4d60c414db46f1ea0079ff
tools-temp/_tmp_gen_location_pool.py,3348,d77d421059b4771454de35521c322c462438fb99a4be666627f22b7ebfec756c
tools-temp/_tmp_gen_mason_tips.py,7777,82dca110eab8ee18f4e2b403d8244466925321f2f9438556ae675bb0f91d730c
tools-temp/_tmp_gen_nano_rock_pipeline.py,2835,f5544a5e8bfe429561e42d0d96dbdfa0deb668da06b25ca1dcc472ed6c17b488
tools-temp/_tmp_gen_nascence_life_spawn.py,11611,ceada5e9e7f699a1f932fce773771c2007fd39166d1c1eccc3e23aa1acc30dd9
tools-temp/_tmp_gen_payload_cs.py,1480,c73b1abbc31644682c233a78d191830ff4a135210aede61bd1a094a420942089
tools-temp/_tmp_gen_routes_only.py,5789,eaa353f2401af9ec44385ea19540a6a1de4fde5b5021a55aa7f07999a2575b2f
tools-temp/_tmp_gen_shadowlands_routes.py,6986,37dd5af22231a3d9c7c45ae17a42766ccaca60b24220f817e6b9154486974534
tools-temp/_tmp_gen_shape_1419349.py,9765,b185e8da864a9d40e0f21ea8c60403aacd37c5a12c497523d15cae5e8d5d983c
tools-temp/_tmp_gen_shape_1441800.py,3318,5b4fd25370e4f048086b53e38cb61997e63a8ad1b8cde2098d0c7c210ed1f9e2
tools-temp/_tmp_gen_shape_1441804.py,5412,ec9fbaaf8b5312223806a254d2a7b49353086bf3791a2975ec4ff453d00a281e
tools-temp/_tmp_gen_slots_212302.py,2538,b3d9cc6663cbe8de8f5c0b3ff48d3eeaa9bc27bd8650a08af54269ba66b3b744
tools-temp/_tmp_gen_team_ranges_cs.py,4594,34ff58423cf5574b82ac3a21fa55eebb01650da0767c8adc7760dc9d51d77b8c
tools-temp/_tmp_gen_thrak_garden_spawn.py,3678,326a4903e8b1637d0fa9ad100d011ff59409e8229266dd5e039706f089f815f9
tools-temp/_tmp_gen_thrak_packet_sender.py,8220,e590a9b18ea929662d2167f93a35b55d93c2b50751ae90efe2de35249c12bf4b
tools-temp/_tmp_gen_thrak_quest_content.py,23487,b6b2ff599032fef4cbb8e43676f8359d096e6afdbad4dc05374697d91d1b4b61
tools-temp/_tmp_gen_thrak_vendors.py,6567,f8f31bb1a3cfd30afb0da7d1f4d27dc0f4c0dec3c4b9a69e8fbe4ac5866a7633
tools-temp/_tmp_gen_vaughn_area.py,5404,25153feb62db36a08319305bcbaeb4e0d081915ba6f4395e06b736a18a739a82
tools-temp/_tmp_gmi_align.py,2762,89d9cf431419567b189c83f8b634b4de0e1c9d6e3ad15354c8201d8e832b2519
tools-temp/_tmp_gmi_analyze.py,3654,c9e54045e4f33df47c9b5768dde30749b28006a7875a4fe00274d3244e46ed98
tools-temp/_tmp_gmi_db_check.cmd,266,7886dc9fc50c122555fe52bde574b0101004e3a8c61f7a4d088c2ad1da4d56e8
tools-temp/_tmp_gmi_decode2.py,3523,2d018ddb9a38d543b50424f926a890c816a61094867d723bbd8383ca154ba6db
tools-temp/_tmp_gmi_decode3.py,2729,823eb3431d9bde14036d9bbc95d334c49404787dc8d8da1cf0f85c22bad1b3a5
tools-temp/_tmp_gmi_decode_market.py,2966,2a6e13fdb4d65e603da589890a4b3ab68314daad460e079f976aaccb1ecd216f
tools-temp/_tmp_gmi_env_check.cmd,823,53d32888ab861e942609be65471002d5d83b8b4a8e3c703b9eb7cd305539fd83
tools-temp/_tmp_gmi_fn_log.cmd,380,37d6dbd1fd6f2f765569e5eb97bbc9f086f916ac1119fe90a370a323ef1d8cad
tools-temp/_tmp_gmi_https_check.cmd,724,b127b08d2b0b078e503fcbc4926221dd35a85192864fe6823a2683abb649fc0f
tools-temp/_tmp_gmi_indexapp_check.cmd,974,b1e0876d059b4858ff1ed416f4decd9657cbb490b387caebe95c1f20029456f6
tools-temp/_tmp_gmi_indexapp_cmp.cmd,825,9e4c1288c9187c2c55265c690f1989ad1d2c0066ab762eeb57fa2037e7417f42
tools-temp/_tmp_gmi_jul15_ctx.cmd,559,87e35d02278fb403229d178dd9ece4fd480ee6e2df14be8a1fddee530cb91520
tools-temp/_tmp_gmi_last_ms.cmd,200,627208dc1bad1eb122e39afd9bdb6abf70133a9d33e5f89c759e714a84a42d63
tools-temp/_tmp_gmi_ok.py,1620,705ac9839606965c4bfd9b2489acb3cd19accf4f2cb53d7d0b00eee0fa42a1ff
tools-temp/_tmp_gmi_open_check.cmd,701,03bd91d2f57e66addd560e948f7bf19591a409adc4e591f307ade33fc8dd4eb6
tools-temp/_tmp_gmi_path_check.cmd,515,94ba2cf8a2a6354cdecab2425706e7c95e6ac1ceba383fb9aa6ca699f95a41be
tools-temp/_tmp_gmi_root_files.cmd,674,75fc496317040f54ce50804a7f888272e6ed74fb380cc2115216da9d7ad76fb8
tools-temp/_tmp_gmi_term_db.cmd,504,3694764fb65d8168c6dd761f3fac9271f00c099782542d5b56f390ea7449443f
tools-temp/_tmp_gmi_term_db2.cmd,288,8d3ad1a0ee9194bf1cce87f09eaadf2c05321998252173cc1cc1f611c581d497
tools-temp/_tmp_gmi_term_db3.cmd,447,3a5cfe06ff031cbd45a754305b3ee1ed775c802788ed28834e33daab1466c9f5
tools-temp/_tmp_gmi_term_log.cmd,457,664babc416dfae61a3b0bd09e5977561dfbff464372ad55057c3d0831e052560
tools-temp/_tmp_gmi_use_context.cmd,424,0ed8f113e59bd2371b79963d60ff9f06716b34fe983d715e7543d09c1b266853
tools-temp/_tmp_gmi_use_log.cmd,251,60d1cf803e159c597cc9f9e36296028a29e49097abe60b40973f780aa7b5bbb5
tools-temp/_tmp_gmi_vhost_check.cmd,1279,0db32d3fcea9706f6104a31af5a7336c10ed1790e8a9e9664eb8b0ba76c4065a
tools-temp/_tmp_gmi_web_check.cmd,670,9182be7f8f6fee6aa2faeddb8cab0633cde81481c965199f241cca0a17b179fa
tools-temp/_tmp_gmi_wire.py,3435,ed1b25c41f3b1d94d916d62104b7cc77a07f74b4eafa68bd8b8d87ed36d27c70
tools-temp/_tmp_gmi_withdraw_scan.txt,216,1736edade378a08fdb38bb58842a4615a98f6a3fd6edfff8d12994c7135df3e0
tools-temp/_tmp_goldman_spawn_npcs.csfrag,93919,8c203b76e852fea49b2c1011400484558851ec458674f79e6a10e41d46d6bc86
tools-temp/_tmp_goldman_spawn_summary.txt,6905,da8fe51084ec8b2ea8653b06ebdd65495c7e768bbfcd754a464443371f18e153
tools-temp/_tmp_gui_browser_urls.py,688,30527523722efc526944b0dabbb3276cb8435b73da6b3313ffa2ae65dcb294f9
tools-temp/_tmp_heck_allow.py,252,ce71b152f5c8f61e793fcd6ff6b2e441e1366cd48cc8a9c456e87df9637e19a8
tools-temp/_tmp_heckler_hashes_out.txt,2243,2a85fd9936ca0d9a624243ea89cf5af38f0b881fbb69f50136d522c9edb6bfc8
tools-temp/_tmp_heckler_spawns.py,2970,b94acb4293b800a8e2e87d267a4ebe228a9f08b6f80c1da95dcf2600f47d7f4e
tools-temp/_tmp_hellfyre_mesh.py,1368,0823214bd3aee702c7698ddb5d53a2c231aa3f030331489f40d8bf6a10acf811
tools-temp/_tmp_hex.py,215,73feb38b1cc8bc9e39a209a247348c0e1d5d3b0cf62d0a9bace13f264d9d66c5
tools-temp/_tmp_hex_charge.py,533,79c06d39fde0f06534fbe2afb19aa5f00ff486f865fd0bae10d5c83a911f3645
tools-temp/_tmp_hf_hex.py,768,1de7f14772cafb8d58dc990bc8a24a3d60f5bc33f6a796a49f5baddc4fe376c6
tools-temp/_tmp_icc_https_probe.py,1055,4438f9da0b039d3004d28153b92b6889b670b9ad9825bd5a503f2351ad1c31f3
tools-temp/_tmp_ins_db.cmd,145,f7c4cc18379195f7058dd01739d865a9d35a27bada346769bc748548b947dcad
tools-temp/_tmp_ins_db.sql,286,fdbb6c0dfcd31a499aaf552ee7edecf3e0fa734fb541a7fbec756395aa2b08b3
tools-temp/_tmp_ins_db2.cmd,272,ad97a8ca4e391fe782794d6b2ec83c9021848a093b965367516fafba53078b03
tools-temp/_tmp_ins_db3.cmd,469,b410feea1045f38328fd883f35cd53c5e33deaca1606987218889a8dcb85c9cb
tools-temp/_tmp_ins_db4.cmd,588,dc752d84ee55c5f08de4bacb8a891ae831d363e2c1225f88c8b3283469dc44da
tools-temp/_tmp_ins_db5.cmd,577,a363fbeb3efd234a34e283af7d2f78f724a2012cf4d836f646ebd1611fcbcf6d
tools-temp/_tmp_ins_scan.py,468,398b116373b45827bce06a61bdea7c73e9652f61d8d27dac2e1b44e55c847b18
tools-temp/_tmp_ins_term_find.py,1063,9f525597f89e9f29ea8c61b3da6fd700bd062fd4e47efc24b709821e86265993
tools-temp/_tmp_insert_230406.py,3902,48fa76e84085e618240a4eefe356a8b38baf79e6ac1462965d586f5062be1c15
tools-temp/_tmp_insert_nano_rock_pipeline.sql,5043,9206db8f08ccba77012bd480a7b1e433d32620866fe562d8f1aee946666eca47
tools-temp/_tmp_insert_vaughn.py,1867,497450b9fb4665e72fa870f2a3168a1f9a97dd1784f50598d203fd57a3dea80d
tools-temp/_tmp_insignias.sql,134,37b7fb4e66c7be8b85a354dcb7259c854f7f6d6c197d9b7b0d6d7a91cb7864ee
tools-temp/_tmp_inspect_events.txt,62350,cb2400f73bcb9c6ec7418b4292535087cf5843826b195beee4024da006b908d3
tools-temp/_tmp_inspect_out.txt,7784,fb64b8aa3e8a23821d574f045f4acdf3b034d6e42c435caea77880e67a38f8da
tools-temp/_tmp_inspect_pkts.txt,43678,2fe43794c8fbaa8bfa9e28e197aacc5f50cd80534ca73c41ffbea247486fe6a8
tools-temp/_tmp_item_events.sql,95,f31823275e1321e0391f953269df8f871ff1b8db339083cddb6844a8dc50aefa
tools-temp/_tmp_itemcheck/Program.cs,1934,e2400956039c4a74cc7966342bbef2a8de3711a350ebf67ab701418f38d85255
tools-temp/_tmp_itemcheck/Program2.cs,1529,8e1e230603536df5b69d2afe0333b98e3c0b563b3bc7d607c4937c66043055af
tools-temp/_tmp_itemcheck/Program3.cs,1044,1a3eaa24b8e94061456cc7a5d731073e6e341886ee0da6270263836501b7a4f4
tools-temp/_tmp_itemcheck/check.exe,5632,70118b2986bfb5f26de3573039a79c9b29c2a9f837ef6c9d0c25bbdd1fa7d57b
tools-temp/_tmp_itemcheck/run.cmd,722,f4d4de1cf83e5c7799084a735c041a940d960f8777370d545fd22ad73ba0d6b4
tools-temp/_tmp_karli_055715.py,4478,b33bdba983ebd8d4e5d22eae9afb964e1abe71cafa53ed0ad7080bdd13570bf5
tools-temp/_tmp_karli_055715.txt,671936,74eabaed32f1953ba421c9d54011e5b04ea3fb49d50813a5579736a9a4df6376
tools-temp/_tmp_karli_055715_deep.py,7076,7a6f7598bf4a62e2eba8e3fff05e0776b4f5b058ee10e8df86265af43f617b85
tools-temp/_tmp_karli_055715_deep.txt,45846,5ddda2dcba4356f35dac87a09bef3da6e180f1d177198e040770dcbdf8179e22
tools-temp/_tmp_karli_path_decode.py,7844,442e00d7c323c6249d5eae7f4138eea33123d1e93988ec204426fd55fc56e45d
tools-temp/_tmp_karli_path_decode.txt,9162,866f3f94cfbb80e237802013ec249989fc94ca5bc2baf2467f4876d5d7343ec2
tools-temp/_tmp_karli_path_order.py,1881,ca70d2c027a22c5a85a6e519bb500918ee87f162ba23f6fbafd00ca7e6e28e64
tools-temp/_tmp_karli_qfu_1627.hex,3254,809d16fbf229aabee6529df4632b84d36fe11f4b279791b3371538cf9c709b07
tools-temp/_tmp_karli_qfu_4858.hex,9716,b2d5458caffcbe4623a1839ecfe2c916ba4d0457e0604f79084a7a0374b33c1c
tools-temp/_tmp_karli_qfu_589.hex,1178,37563cd0d0c43b5944afa3cff9cb34f27fa09a66bd9add0f19ce81f1004c34ba
tools-temp/_tmp_karli_qfu_find_friend.hex,3254,809d16fbf229aabee6529df4632b84d36fe11f4b279791b3371538cf9c709b07
tools-temp/_tmp_karli_quest_deep.py,4920,5587de08dbb6503a729d7104417d8fe5f47bd6fee2a9c7c417827d84853ef31f
tools-temp/_tmp_karli_quest_deep.txt,72925,d9ca83876975bc7ba20c7e66efbc8225bb4bf85591fde77936783adcfda7b031
tools-temp/_tmp_karli_quest_ncu.py,5132,2d1e2573865e2ead0e6228e7eee9b76731cf35821be33f955d90cb8b561a8429
tools-temp/_tmp_karli_quest_ncu.txt,75518,1f95a46399db824d378ad5db53f35e016a2919d95d40487d0e90f8136f186e9d
tools-temp/_tmp_karli_scfu_tex.py,3615,f9138787a8bba305907668341ad5b9d19c7e37bd6a5dcc50e960460cb8729214
tools-temp/_tmp_karli_tex2.py,2154,bdca9fd6bb34bfa11e922843afc7bc67c6c4c4c9b3f457798ac8a6fb651128c8
tools-temp/_tmp_karli_tex_qfu.py,2080,9109fd9993b15588dd8aa04eadb48ea5983cda3067b4e39dbf73dc801203fce2
tools-temp/_tmp_keeper_exect_cap.py,4060,842461153b9d8a8540697187d2ea211c7f1f0f11b93a365b47d1f09fc83c92b9
tools-temp/_tmp_keeper_exect_cap2.py,2574,14255edc2dc7e6644e8cf563114996e9f696ffcca42f6adf92bbd8b19e9aba73
tools-temp/_tmp_keeper_exect_cap2.txt,69723,f446ca43a074a9a127fc68ad5893d8197e796343a962de7db348eb1b534e3079
tools-temp/_tmp_keeper_exect_cap_out.txt,63868,dfe45e05c13389d320841b7ca5ccacb0ca8333e29e82b24ad19a11378d742146
tools-temp/_tmp_keeper_gift_out.txt,51728,dbb1a0ddf0b3d07be0ea23bbffc9bb682945330bff607d2205e6f2eaa834f9a9
tools-temp/_tmp_keeper_gift_out2.txt,8920,10d35bb64b98135b38ba013a927c952f7c2937de3847dc3a535e25bf715e3300
tools-temp/_tmp_keeper_gift_out3.txt,55565,19809ad3ce560de342dc657d21b5a9ba759159e4252555ad3159a22671d7864c
tools-temp/_tmp_keeper_gift_scan.py,2477,60ae8d6707c3b38af7ca046c807448a68203c276c6e76c246b9da107e4014d33
tools-temp/_tmp_keeper_gift_scan2.py,2715,a82bb6ae1aa9886e45e7a5750f9457948cdb0329cae2255d605cda59fd97985e
tools-temp/_tmp_keeper_gift_scan3.py,2034,fc4107913ee6b50443f3b2984c2a405dc973bf1404ce5df4731128e841185a36
tools-temp/_tmp_keeper_gift_scan4.py,1496,cc041d510bc3cce439228ed013861bcce174f26801db6508df2f9c5d454719eb
tools-temp/_tmp_keeper_heal_nano.ps1,822,87aa6cdfff20778a2586afdc7cb08b5e97ba1f1b78ade318b2677dd5d1026719
tools-temp/_tmp_keeper_nano_ids.py,1577,f36de8438a09ad6756bf1d8b7c412a8adb0bd7c262b581fcc6f8a8cfb8225b7e
tools-temp/_tmp_keeper_nano_ids.txt,172782,6053ce28113ffd7e5d03be29c062e3e1e3b47d4e4a56e0a8a53b985842514555
tools-temp/_tmp_keeper_urls.py,1885,06b5c6572bff4115b07e01ea0ef73ee347937cfd367250055488ae7da647d90b
tools-temp/_tmp_keeper_urls.txt,179,3c877847dfaa3275154240e564e0795fdb1211807c5debe087bb39979ac1a935
tools-temp/_tmp_kill_gold.py,2638,d56c11e0e8c89dcf6c71bcb68f46d0486d87a2e483554abd3a6abd113a9698ff
tools-temp/_tmp_kill_gold.txt,6484,1ec041b004daaf2f50a477c6bba2d6267a9e553853cd5e0c469996474eb31a96
tools-temp/_tmp_kill_gold2.py,2571,3546ea741fde8d81d2b41d4ffebef8bf73e5435cdfce603f0ee0183b574f5c50
tools-temp/_tmp_kill_gold2.txt,46050,4e6e1c63a37356c5a1d5e11b7207073e532876bdd54662ccc160423d83adb9db
tools-temp/_tmp_kill_gold2_run.txt,10,d552d2cbca79b9aaf399c13064c53dbba30dfb3841e36f396f581781aa199efd
tools-temp/_tmp_kill_gold3.py,2208,ef319c5a561cd274b87f49f5b3cadf416c0b4f3d87fcc03401d0c7edb986cf9d
tools-temp/_tmp_kill_gold3_out.txt,3283,1480b62c7c8a12fcc21d7314ada8bbb81fb99e569313ebbac38bf0cfb131d397
tools-temp/_tmp_kill_hex.py,814,6c50d056b62e0cdfeb0451bfa9d953d85f58e591356db2ff8e54b5bd9365d06f
tools-temp/_tmp_kill_info_lens.py,1085,27ae0dc9a4d3fbbd7dbf3be2fd692b8feed30d63329d48d7feeb09be10c7432e
tools-temp/_tmp_leonora_cc2_brief.py,1871,d3fc0b39a453ce25ed938e5a63666afb393e5f00c4bff8f3f102fb29c1484040
tools-temp/_tmp_leonora_cc2_deny.py,2230,3e015be481824cc7c9ca88df65736ddbc59b638821d2e8da55a73e044b932d81
tools-temp/_tmp_leonora_cc2_deny.txt,11799,5920ec13097f5aea984a98ee1f16db0255211fa105c2a92301a7211fbb2b2f45
tools-temp/_tmp_leonora_cc2_out.txt,60723,606eb8fe852e7f7601139f7d750e81a0bf77c39615a1bd4fcf6cda8bd477c2a5
tools-temp/_tmp_leonora_steal_brief.py,1823,e82828d19663762ff08b086e427012e5145fd04428cd2eadbcae3107e3cbcc0d
tools-temp/_tmp_leonora_steal_out.txt,34034,089a7fc51062025c25aa6a0b83f80ea203b6b017d4e8640bcf33b217f9a5a67d
tools-temp/_tmp_leonora_vac_brief.py,2802,2e1def4cbcf1a64012b79bb7e11847496feb2b7cff5136a7f250b8a4a75e2ebf
tools-temp/_tmp_leonora_vac_out.txt,48784,134c90f9f56dacb359931366e236b3b2d17ce6ea30dd493e47bed391146c690c
tools-temp/_tmp_list_qfu.py,748,d0405a810c69179c9125eaeb99b827bcf933db29b4903b6daf1a29db20fa3769
tools-temp/_tmp_log_1215.py,689,36da2dd529069e00858d4fb32cf940bc24e0ec4d95a00cc91af0b081719deec4
tools-temp/_tmp_log_1215_all.py,426,35d4642e656685b774844655c2539df60c8020ace8837d96df25fe612c1f171a
tools-temp/_tmp_log_context.py,792,3634d135829dcd0aaa1985dd7201ea67d51bbace51502313700b8b48e9e2a9ee
tools-temp/_tmp_log_pf.py,534,4132ce679bc0109dbd820b2bbadf96247bb21c285765a9fbd2ea4d5ef501748a
tools-temp/_tmp_log_session.py,814,8e91d35c4a1c3e03a72aa525854c9ce05c37d383e93dbf66c1df0475fff80f0f
tools-temp/_tmp_log_sifu.py,665,480afb0ce2784a091d675d8599630300aaa8683c21abf08925a7a54c72c33273
tools-temp/_tmp_log_spawn.py,514,b0bf0a572d454e1d35807e81948d3c78e96551a8c5639a3fe3d7996da1d31332
tools-temp/_tmp_loot_1419349.csfrag,1994,6fafc3267b50873b12ea2c5dae5f393108c6341e2e26de6cf243ab8a96bc0a55
tools-temp/_tmp_loot_1441804.csfrag,2013,3ed2cf0c74a03444e8c623ed5a08c617010b328775535a5b919ae276a73dd3a7
tools-temp/_tmp_loot_head.cs,32508,adce3c41a9e1531efd6d6c7f4d7c9aa75fc64611f3b2207e291ffd36b185557b
tools-temp/_tmp_lorelei_oasis_spawn.csfrag,27133,5e6de87c4feebebaf6ffdbefa5d4c8d6a49e0f56a5729fee9ca438f68a8e5325
tools-temp/_tmp_lorelei_qfu_1278.hex,1332,e20b93a637eb8c9fe660194ea47667d172f41653cf6c1fdc526ae0aa731910c3
tools-temp/_tmp_lorelei_qfu_1902.hex,1026,b24ed523da10c5b7958322eee84b36282afde480a09e75bb62bcc44510627907
tools-temp/_tmp_lorelei_qfu_541.hex,1500,6532d44875db2380ed02054cf017f5a30bff6ad4990c1b27280632f016ae6150
tools-temp/_tmp_lorelei_tip_Deliver.hex,1332,b53b7d98db4b86fdb52006d1ed4900b4b06263ba7a0326535be3181b11bbd648
tools-temp/_tmp_lorelei_tip_LostPet.hex,1500,8b68a7dfebc07801e1f7303871dd776422c8f62b0f3b7c47668cc4c435a0e453
tools-temp/_tmp_lorelei_tip_Vaughn.hex,1026,229b6b30607cd7f221440864595ca45d36ddc364db35deea35ecce32173e3c60
tools-temp/_tmp_mail_capture_scan.py,2199,3ec6df3f698142b159fc1384c7b65cb7a6248d33529a1449e9ce43e34d2c9f22
tools-temp/_tmp_mail_out_scan.py,869,1e643ff13601f21d2c293adcb64288956a6a761f900f628d71dc47d05ccfa166
tools-temp/_tmp_mail_return_scan.cmd,884,80c7a2023a6f6407fcc89bd658aa99567bbaee73a75fca46d3a4ef700a29254c
tools-temp/_tmp_mail_return_scan2.py,924,01e6078907d5516425af97dc3b264e2f74d882d93f587c88ff043df2517993ba
tools-temp/_tmp_mail_timefield_truth.py,6451,7243d5e94b9144ce562da2573224b117239a7b6eef5262244bc14c51c81c62de
tools-temp/_tmp_mail_use_ctx.cmd,628,3df7ba7b1631f5547e7f4de76d2b858b5058ca280cbc072cdb99d30126f20183
tools-temp/_tmp_marco_complete_scan.py,982,0b67bf4ce60aed0c77f2135787e0b7b0d70f473a07294ef97372a09eebc9460c
tools-temp/_tmp_marco_feedback.py,1033,b9ed3a5afffa43764e5d6d84bd6acf72aca9a67ed534e7d5baa52e8aa682e565
tools-temp/_tmp_marco_names.py,640,b31712787e66a3762e1fe69a856bf19235242e566cdd76651a43022170fcd338
tools-temp/_tmp_marco_qfu.py,1936,1eccab6f8ee75521e17310a4efb9d98ba976e145f60f3ebeb5d5db6f31fa8812
tools-temp/_tmp_marco_scan.py,2147,d54181e927768ad6d74f6eadb59050918cb872882b6d3aea37951f333165f705
tools-temp/_tmp_marcus_183539.txt,23925,eb12c23295387a229f922f95f70a72ff9c605524a4bf0466141b252c6d4b8194
tools-temp/_tmp_marcus_183539_brief.txt,38269,f94b859f1130569dd7630cccd4569dc72149707de8629abce121ea499ac3bfaa
tools-temp/_tmp_marcus_183539_ids.txt,4858,727247861df0fef555ba9a82ddb91e4fc54a0c6e34aa6e7ec3f953e933209d3b
tools-temp/_tmp_marcus_184526_brief.txt,7124,5a7d0f4f10752c4b8f9f90a1660f5873fd91ddeb085caee1d1aa6b626ae9aff1
tools-temp/_tmp_marcus_anim_cap.txt,66682,45589ed27c72b9774e18748ee1be443337fbb38a5759e25014d03025de061f29
tools-temp/_tmp_marcus_anim_only.txt,6179,6c04a8277ff0afce33b37e31349b4c3b3e06db0453c69673ec1654acdc1c3f02
tools-temp/_tmp_marcus_cap_out.txt,61441,e6d3f2751b6b60ab6daa6214a6f232a50400a9099920f4a955fc85c212c69c19
tools-temp/_tmp_marcus_cap_scan.py,1391,d1e327ccf068cc4863a1631325561d360a5ab9d6452ae2d5f37e4b84670da617
tools-temp/_tmp_marcus_cap_scan2.py,2568,b02bae87e872dc4806289224dde098df433c0ffda43e62133a784e4ac4319dbb
tools-temp/_tmp_marcus_mesh_tex.py,1837,cde7d96c5c112ec6692ab8d2be534cef5b52f65ec4d6cdc181cc67b78b40f203
tools-temp/_tmp_marcus_mesh_tex.txt,5879,bbb8c5fd439841d95b8114f41e7680c56c40f6742b984ec5dac8fdd6ea7274c7
tools-temp/_tmp_marcus_scfu_vfx.py,1921,eed2b4fb5579eea751635733f71887d6c1c0114e7486de9aa1a000464695ca4b
tools-temp/_tmp_marcus_scfu_vfx.txt,509,6af8aed9ff6269489db44ff28ee8d94934f0f79211abaaa7875a89df1207173e
tools-temp/_tmp_marcus_vfx2.py,2390,a353f83e23c957fbc4ae09aa8c7f865b136b572c4ffc01be05e89b9568978809
tools-temp/_tmp_marcus_vfx2.txt,12771,4497cd035e95486da5d4b307881fa7a9ce1ff00542b7d2e1e90cbff02cdeed06
tools-temp/_tmp_marcus_vfx_decode.py,2367,0749aa0c556db8c73695fe8bf4ee9a9fb38617b5e66aa176b6f307157191de72
tools-temp/_tmp_marcus_vfx_decode.txt,32058,3e624cb136f99732d81c85df87c40db7567c69b4bbe7ad477d231acf4990c852
tools-temp/_tmp_mason_555CF6A7.hex,3454,4dc20132df4c490f71515340ab6fb6e9bdf432687223b9ef958a0d11aea71b29
tools-temp/_tmp_mason_555CF6AD.hex,3152,dbb4b2a4b293dbbecb7eca550cb6757dbf0d1a7243875a5b041577895a9ea762
tools-temp/_tmp_mason_555CF6AE.hex,3160,3ec8a71754272716a399003b17d084ebdd6109b06c5b662510205e6c1e38ab02
tools-temp/_tmp_mason_555CF6AF.hex,1516,08d79f89cfec30560f154d724d42efedb22a2199b2957c2045a88456969d0d74
tools-temp/_tmp_mason_555CF6B1.hex,1462,146df9b214acbad34fa4be2361cabcb23589eddd2c9bb2a75caa804dc708e6eb
tools-temp/_tmp_mason_555CF6B5.hex,1774,4b4dccd93c38d4c44a43f63955ce5087cae98811c202fd12849896fa7a276924
tools-temp/_tmp_mason_555CF6B6.hex,1884,f1c88478b66858d405da2fe4e074a4a12224b7b674a515b512a6c4bc8d2f146e
tools-temp/_tmp_mason_embed_AssembleImplant1.hex,3454,4dc20132df4c490f71515340ab6fb6e9bdf432687223b9ef958a0d11aea71b29
tools-temp/_tmp_mason_embed_AssembleImplant2.hex,3152,dbb4b2a4b293dbbecb7eca550cb6757dbf0d1a7243875a5b041577895a9ea762
tools-temp/_tmp_mason_embed_AssembleImplant3.hex,3160,3ec8a71754272716a399003b17d084ebdd6109b06c5b662510205e6c1e38ab02
tools-temp/_tmp_mason_embed_InstallTheImplant.hex,1462,146df9b214acbad34fa4be2361cabcb23589eddd2c9bb2a75caa804dc708e6eb
tools-temp/_tmp_mason_embed_ShowDrMasonImplant.hex,1516,08d79f89cfec30560f154d724d42efedb22a2199b2957c2045a88456969d0d74
tools-temp/_tmp_mason_embed_TalkToDoctorMasonAfterInstall.hex,1774,4b4dccd93c38d4c44a43f63955ce5087cae98811c202fd12849896fa7a276924
tools-temp/_tmp_mason_embed_TalkToLorelei.hex,1884,f1c88478b66858d405da2fe4e074a4a12224b7b674a515b512a6c4bc8d2f146e
tools-temp/_tmp_mason_tip_ids.csfrag,977,5341c6330a08bbb37f782002cb3daeb8fcfc19046d9bd049cce7c60b5617dd9e
tools-temp/_tmp_merge_goldman_mobs.py,3776,65c3cc0ea6e795dd621e874474e59d81dc9e13579e9e40d4fd994aa29a419cde
tools-temp/_tmp_merge_goldman_spawn.py,2870,32eac85be54b4d6239837def4b70cc347588a14aa39da1895e166656c40c6754
tools-temp/_tmp_mishbuddy_disc.py,377,440c2eaba487c4aeb7cdbe33345bd8585a939fc5e7a2ef729dd3e6ce2ae9ff4b
tools-temp/_tmp_mishbuddy_grid.py,374,e0734f71661b4e31ca469ea529a83fcc1a6cd8a1f91e1027b3c0f7de3ab4356c
tools-temp/_tmp_mishbuddy_scan.py,1254,9073c224b8bcfa2a0f3f2e442a527ae8c3f06ef3b80438824127f926920f73f9
tools-temp/_tmp_mishbuddy_schema.py,1069,167d2b0d1141fd0c88a0174b76a827ebb12e5d62bfe487eba7b124a185ce7011
tools-temp/_tmp_mission_corpse_Carrol.hex,842,d7f268e28a0cef6d69faf30a351d4d4a67a1cd30dd6dcf6cce38ec8c5eec1a23
tools-temp/_tmp_mission_corpse_Sid_Basso.hex,832,4e612c3995a79c68374c56868616c2235efd8cfd921ff3a9a272390dc17f1fab
tools-temp/_tmp_mission_corpse_Tilda.hex,840,e170f06578e81acc6679023f83d63e9ebd67a6397dde374f6a26a0fdda8b469d
tools-temp/_tmp_mission_reward_nanos.txt,91,9c6722e098b890e3e7c84bc94ae952402a9f6ac65525677f8941cc85b9c46df9
tools-temp/_tmp_mission_reward_nanos_ql.txt,106,92fd431544a6ef0e50cbe7d59ec5b194b30796cfc91e7bb7ad72110f5c68375f
tools-temp/_tmp_mission_roll_library.csfrag,127416,dc6a6f3e47f77df214acac52448403ec1acf7e505401956ee889e4b02fe30289
tools-temp/_tmp_mission_shapes_analysis.txt,163679,6be01653fed620b776c2ae4ab410f9401e5b13f8c7940fe2db4efd8e1690932d
tools-temp/_tmp_mission_shapes_assets/chests_1419310.hex,5246,baabdc13cdaa86a09980410371fe7719114bf0a65d380b7565f6406f4059d317
tools-temp/_tmp_mission_shapes_assets/chests_1419335.hex,4678,4b63298998a3ef68e59f68e2c5618eb9451d6973718343eca27549f8da35ba5a
tools-temp/_tmp_mission_shapes_assets/chests_1419382.hex,2182,9cffe9d6fa02cca078b0f9c1cade1a23d4f5faf4cf67a14e0fd6c00f409ca641
tools-temp/_tmp_mission_shapes_assets/doors_1419310.hex,10398,1e1ca227752b8d9e2252dce377ebfe46b34cfdaac7d300b5f645ca610056ea40
tools-temp/_tmp_mission_shapes_assets/doors_1419335.hex,10798,ea125b63938695da930e2a9c270534806814291be305e4446f0f5df882012871
tools-temp/_tmp_mission_shapes_assets/doors_1419382.hex,4798,83086352915483c7fb19cd6b06f44be923d2af82b0dcb26874b87a065205f16c
tools-temp/_tmp_mission_shapes_assets/paf_1419310.hex,858,0aead426dbc114c6e25845690f2029c1f490491d2e88120fd84e242be0fe1838
tools-temp/_tmp_mission_shapes_assets/paf_1419335.hex,518,92529b7ee871c81deae4a7355555db9c252113841154335766cdc35ba1ee6dde
tools-temp/_tmp_mission_shapes_assets/paf_1419382.hex,524,701add7e77260d72ab70d2758eef9a9b69803b7860ebe772bd5235edf3254fd0
tools-temp/_tmp_mission_shapes_assets/shapes_fragment.cs,48225,2de863f04267703119655ea74dbdf89f8aef425038de0b8356932a8e313bab39
tools-temp/_tmp_mission_shapes_assets/summary.txt,296,b3e525289332ec12a83f1b1872866a77343623f0daf45a05e40add995b022d7c
tools-temp/_tmp_mission_shapes_assets/terminals.csfrag,1332,52e07cf3d8cc193954bd75e9cb2db1f02decdd2e552c97c7d7ee33d02534013a
tools-temp/_tmp_mission_shapes_assets/terminals_world.csfrag,1038,19656199e3c0d4fef2d69515dc3a337679cd25d188cc1ccba23212c4e6e9d36b
tools-temp/_tmp_mission_shapes_assets/terms_1419310.hex,534,f6e7e2ebc495bd25cd4f738e26370b36f481a155f65b6aaa8b76b4a4816b54c3
tools-temp/_tmp_mission_shapes_assets/terms_1419335.hex,238,fedb8d22b3212bba3ed9e596985cd43dca205f7331f9a999a8675850cebedd7d
tools-temp/_tmp_mission_shapes_assets/terms_1419382.hex,238,d49f0f05424db26205fbc4eafa8a05039728757f743fce339bc363ac15e16ed6
tools-temp/_tmp_mission_shapes_deep.py,7356,3d0d23c8cb0a13ac2d4d27c9f424aa2c6075d2cc496170330d8ae3fdff2f79ca
tools-temp/_tmp_mission_shapes_deep.txt,8468,46468ce485441d884ce10d72511572e45444c8df5f8d2f95aded888a1868d30f
tools-temp/_tmp_mob4322.py,283,98c69fd534d37fc90fdc3dc252f563f2d00bc884e2a1eead80a26bfde351bdb0
tools-temp/_tmp_mongo_nano.ps1,881,2b1f87bd143326ac2df01d151042d3f59346bc4e63f4764ca0a69b7166061a34
tools-temp/_tmp_mongo_related.ps1,1481,4309ecadafc4f3df2d1ae0beae5d97b7e79be16ca03a363536ad164f9123a19d
tools-temp/_tmp_mysql_nano_ts.py,2065,e3a868bf50ca1438ce3e8626402d2714e0dab37588fdf9dce6e4e20324d22d94
tools-temp/_tmp_mysql_tables.py,216,b200523f2489b680b6b069dda674cc23b1210736230c04114996f92a20b8a278
tools-temp/_tmp_name_offsets.py,1960,076cb6757eb52640c8d96dc991821b071d26d279a34bf0ee9198cee0ddf05ca7
tools-temp/_tmp_names.py,905,ab70b2baf378da95f992b61c33128d6f3c38ff3047878868f3cd5a1e893325b7
tools-temp/_tmp_nano_ts_check.sql,1117,687a5187ad478980fc753240ab6d6bb086aaf90837ac76f037db816bf46f640f
tools-temp/_tmp_nano_ts_check2.sql,598,cec8c7244ba83a42033819cd612027a075ae08937af3a1eb1a8075bfcca102fd
tools-temp/_tmp_nano_ts_check3.sql,503,86c1352e04d9220c3e54cb4fe57039762626bbecd35a35a1b42c493e590dff10
tools-temp/_tmp_nano_ts_check4.sql,494,ff155a9648e6e203533963fd26ce7cf4ba3b60c4681d507ac7ed4f5ee2f7b357
tools-temp/_tmp_nascence_life_extract.txt,42228,26910dfc196d1d6d8c3c8d4cf6422dc3b2f2bd835708ef38f35a5be57d6c14ba
tools-temp/_tmp_natalia_dup.py,352,8ab22ebd61ef00abe0376247d66a1c948a81453a4725e39658337dd8abc2ddb4
tools-temp/_tmp_ncu.txt,862,0b2524c853bac2479685509f73db836e9f51fc3e8c5d41e96848df85a0d1f873
tools-temp/_tmp_npcs_1419349_185432.csfrag,8004,28e2ac04224c00d59c9e671e253caa4bac774d777b1ba933787d6f593aaf3048
tools-temp/_tmp_offset_cmp.py,1227,b2f23d4a7272121ed24166d1f9bb45c0465e5535c3fad801af6f47da0112baf1
tools-temp/_tmp_onuse_out.txt,7608,28edbcd8d314b7d87970f1549ba44b5dc5e4b99ec1c1ee6883ab3513b4b6b48e
tools-temp/_tmp_paf_payload.py,1140,8359359e989bab57e0d5e1ab2a68f9507a3bfa3332c2237e09f04e58df042c83
tools-temp/_tmp_pande_gardens.py,745,8859ae9d5a580ea089821473f7ff981df3998b4b71009e0b073164a7af78cdec
tools-temp/_tmp_parse_door_xyz.py,1588,53f1e824f9e6c8a3e90bc21838957fff289fce24bc0d28870a53a24dbff82247
tools-temp/_tmp_parse_paf.py,1663,ea672e5ed6b9999077d061e4a116173e8c1c9cc96e070c97214377e20db8c97d
tools-temp/_tmp_parse_qfu.py,1497,d856f04bf21d27fcef4d156243bf22c347a2ce4f4cef390910e6c5f8ba9c40ce
tools-temp/_tmp_parse_repair_paf.py,2874,c8083f8b3754d14c0109a57e8fb51ada326f95999da8b26bd493119e9f5a6f06
tools-temp/_tmp_parse_u11_all.py,1701,b1c41b5f7155645c8cb85a9a13aab0eb6a53b6d1eaf517906ec7a2e2556fb567
tools-temp/_tmp_passage_names_clean.sql,122,57df780cb8746003b7d4b8ca51ec8ad112e465303feb043adaa8fdfedfb5b798
tools-temp/_tmp_passive_alien.py,988,75931edb6ea0470df47319e2ea2de8d8d5e65cc3386061d349a6928a9252a2f4
tools-temp/_tmp_patch_1419349_184103.py,8036,9ec0dcb3cbd80e059adf1e98fb8700074f168a4a901d7aff67d5ca5683ef0c40
tools-temp/_tmp_patch_1441800.py,4460,26dd696c185863b6e6e3811ad4dbaebd6842e5da9e2521bc74cccec8defd3c67
tools-temp/_tmp_patch_dynel_1441792.py,4284,dc594a6cab859c6ceb17c8d45f8148a6a920e95d960f70a24482b7ca3f22a1cb
tools-temp/_tmp_patch_sandstorm_cfu.py,3673,b825308f8483598f483a1dd0710f6461c11bee67da778e8addf0a78ee208ee1f
tools-temp/_tmp_patrick_qfu_insurance.hex,1414,bc5452ef87c703c325e91020cb8850f4585323de454a07762a21834fde3ba46a
tools-temp/_tmp_patrick_qfu_talk.hex,1144,f80f11f6c3db55ca9b683e08dee0f4a74a7662edbf3a85c01118496dd43cacc3
tools-temp/_tmp_patrick_qfu_yell.hex,1194,adfc5e4632e029be2aa2f527bb41b0daecde589f99514cc91138e93ebd665c48
tools-temp/_tmp_payload_1441792.csfrag,1528,17cca96a303a9da861c83833275cd3e3a740aa5db2bac97471c0576e50dd12a1
tools-temp/_tmp_perk_db_check.cs,2814,6bb2e1b338be8e2422dbeae6bdf26b3cf100ccb428d4544ea548842b487f58fe
tools-temp/_tmp_perk_db_check.exe,6144,503f062c37ea04198d1197a0737f20516381e4e97535247f15820af872e31966
tools-temp/_tmp_perk_db_query.py,659,943655d8ab4607fb82f24dba51055a18dc154eee25b2325ebf7a04e5cd9c638f
tools-temp/_tmp_perk_dump_hex.py,745,97eecdb652a368007b75ec1c48321abbae5fb3bcf8ad32ab81e0262b1f7ff860
tools-temp/_tmp_perk_fn_samples.py,86,a958d38801f0951f42e25cb98eec6eb4c3f1215570374a0c62c4c043639da180
tools-temp/_tmp_perk_log_scan.py,489,2ae5af3d679e4df15aae30ccb64a34a2e4836434c133db2ff329e25c012ac820
tools-temp/_tmp_perk_nano_lookup.py,252,3b0e18fef6e9850fbb765a34101648990ecd6a95267ea3e9e5518efaf8b6c410
tools-temp/_tmp_perk_use_out.txt,276,d34c8f008928aea678f5e1be865533df0bea5f507db0ce1c69cf9fe93295bebe
tools-temp/_tmp_perk_use_target.py,1659,584c781f8e081e062e91fdba3503c8f9184e897d88dee92a7a3ee06d1b7da4fb
tools-temp/_tmp_perk_wire_decode.py,6360,b5dae849bbf1a8d78ec04cf69ea700e49074ad729afc854bee97db68df3973a9
tools-temp/_tmp_perk_wire_decode2.py,2910,7c1225ef444ad9c6d382feab870aec08bef30348d01751fcc6a08519842671c2
tools-temp/_tmp_perk_wire_decode3.py,2583,36813e53677d7e60d4431ef15063d3960fbe6a537714d0e26eb1bc5a61de4066
tools-temp/_tmp_perk_wire_decode4.py,3150,5748909b644f3d78a200d02f3e7e619f3c2f5f775eb77ab36df5eba8a2ddb2a1
tools-temp/_tmp_perk_wire_decode5.py,2062,167dbb83e324d20cf7a5df02655e1acf6b268537dac162bb9f4a65d553f934c9
tools-temp/_tmp_pet_234537.py,872,65fb0623e5d8fbd88c2d58a06344ccaad450eeaea454de486d37eab52b520667
tools-temp/_tmp_pet_234537b.py,1315,bb950983049f25959645eda5a5cc112e106318b9e5baa85f2765f8ea3a9975ad
tools-temp/_tmp_pet_attackinfo.py,2293,abf7f335e6c052e5c9bc71e2380bbd69063b8e93d1da501f079ba03948af6ee8
tools-temp/_tmp_pet_capture_scan.py,1920,98bf45a601fa2007f075d7f7c8d9d40cb453c0a81d9ccf553af89612d100a102
tools-temp/_tmp_pet_chat162433.py,612,3fb332e421baabae615d9ec3c9147f7fbc2a7a8520767d4143899f0a654975b4
tools-temp/_tmp_pet_chat_005116.py,2432,d980928cf2c4e63b9f813c287f4c336c3bd43b8252ba0805a062006c066d6cf0
tools-temp/_tmp_pet_chat_164552.py,1367,41767d9a478b135f846c9b0099ab5c7eac8f83bc4cb9776e3d1e0a4298db340c
tools-temp/_tmp_pet_chat_222816.py,1226,8211824681173f118454f06ae2dd6a686e00c458d22fae4552589fdd3f833963
tools-temp/_tmp_pet_chat_all.py,1589,890635392dc321b5a3cf769f9b19c1e4785104173bee7e69cd942df5a20eacf2
tools-temp/_tmp_pet_chat_deep.py,2030,20c25fb883619d590c52af12591d0c7d4f4071055530988e5a2abe5da84e539c
tools-temp/_tmp_pet_focus.py,2974,4480b90e8895ef2892c8da6f379c0b88ae5589f0622e05a471174af3a30af670
tools-temp/_tmp_pet_follow_window.py,1234,cdd1d35dc4666c4d28f5073933d0a87bb030d5dcbee63074be94758b63ae900f
tools-temp/_tmp_pet_fresh_scan.py,2869,80d7cd6e1442b5413ea68d0c7d14bda76a02a501e30468da54a2bdf9c884bf90
tools-temp/_tmp_pet_hit_timeline.py,2524,48347834f1f4e922aab353d8e3e990932b4fd3e6616c376fe16c99678e1d9b84
tools-temp/_tmp_pet_logs.py,930,141914c9e0b013dc41d6ec1ff3b4a06f57720122e69bb37357ea8b6efc88d6c6
tools-temp/_tmp_pet_only.py,2230,4b999a2a584b366d05c0c9245100b8be6381d2b7e832df32fae559fd9b4a1d2b
tools-temp/_tmp_pet_timeline2.py,3003,89f4c26f4e02829a8c8d9555cab7135573c1f94f463be95feaddf68d6cfc3cb5
tools-temp/_tmp_pet_wire_compare.py,2356,83db605d17e46c1112b008cd3db19e40dfd9ed9af34f22429617ca6eed364261
tools-temp/_tmp_petcmd_decode.py,904,7889d2cc7fb5e4f98bf0b74ca02ee2c294199c4d39d26aaccdf807b4935b558f
tools-temp/_tmp_pf4322.sql,79,6e7e4b6e529122270257e16245e83ee35385eccc680f373c7cf2fe38c49f000d
tools-temp/_tmp_pf4322_passages.sql,175,e43b4c8bdedf873fafbc1bb72881d8840b6d4851bb0e6ba8964f87438ab5c6c0
tools-temp/_tmp_pf4680.cmd,651,bb54f0c107287acf9c0b9fe3856be02b384ea3946ad3c1ae382ccfdae659bbe0
tools-temp/_tmp_pf_types.py,519,412a0b7330acbdf62a7e48a6b62a4ff83f7da41355f3ef95fd00b1243537ae81
tools-temp/_tmp_pickup_chunk.py,1060,97b6be9c15a2903160efd443440bc355324d6d0df4ec197adf78b00796b80f20
tools-temp/_tmp_pickup_chunk.txt,1210,975820eec3715124aff66109b7f4c9603c664a676f32aadd1ba91c052c6ededa
tools-temp/_tmp_pickup_chunk_out.txt,1273,17ced64dd70e0c9710a36b72bca89992c497042cb699adacf1d907ca1e1305d1
tools-temp/_tmp_pickup_flow.py,1785,787e924de08ee961e6d6e2d21961aa8959cc597ac4d3879318d7f283063d1850
tools-temp/_tmp_pickup_flow.txt,12513,0b850657c2dbcec17006bdde82fefea228f4481373b8abf583c434f1daa543c6
tools-temp/_tmp_pickup_flow_out.txt,338,3873e50b925668d663329aa353757376ae5fbafd41b2b05720cd3185961f9b48
tools-temp/_tmp_pickup_hex.py,551,6e0c032720d26fefc020cb89ca052722dcf2329aee1ebb3a607cf559b8f3e07e
tools-temp/_tmp_pickup_hex_out.txt,683,35d97ae87ba2d3b7b539e80d293bd74948a62f15f4d2004502bbd5eb7f661150
tools-temp/_tmp_print_deep.py,413,d4b976a2e6a6a676eeb9e2c015dbdffc6e555940b6009cda4f52482e988c510c
tools-temp/_tmp_print_tail.py,191,256454ded1a847d7ba23ed01bd48f4be20641ebd8b8a9a4f767a7b0ec283fd80
tools-temp/_tmp_probe_296780.exe,5120,944903f2eb332a6f75d06f34a45c238f01fd6b3b94327902e5428eb69c16c57c
tools-temp/_tmp_probe_302730.cs,1939,5319489aa2c4051658e2024df46f75f578852c30a4c54e86c04082d2bb7dca5d
tools-temp/_tmp_probe_302730.exe,6656,dbb24da82a67feae1e65defae7918dabf4e26799ef79fb8fbabf2c854f7ae12a
tools-temp/_tmp_probe_buckethead.cs,2295,3a9bb08f703603e2a57c822b6d6c0bb68de848be32067341be4b201aa443d786
tools-temp/_tmp_probe_buckethead.exe,7168,0a7f8fc46e1d475da5e288d8055d75ab9a88ea2010fce0d057278ed6b8a9fbaa
tools-temp/_tmp_probe_buckethead_nanos.cs,2266,ba84b9aa56e8040608e318ba0a77262db44d5751a0259edfc8f91a4b2a3712b5
tools-temp/_tmp_probe_burden_tex.cs,1622,bcd66962777572ab0685a2d1b23538aa148d540c03eadf5978b72b734764fd66
tools-temp/_tmp_probe_crystal_buckethead.cs,1672,2fbb19e88a942a94bdcf1351bd1ab08bc2d4e21b320c3eafbccc46139eabad46
tools-temp/_tmp_probe_hellfyre.ps1,2305,b90061bbf74eae8897f06a0e8810992a27941a03e0c9396a06de824c5b9c63c0
tools-temp/_tmp_probe_hellfyre2.ps1,1939,47c0fd0789be88293c63d2f07981080bd038a7fdbf36f8fa388d92911cdc28e6
tools-temp/_tmp_probe_hellfyre3.ps1,1510,cac6d77c5cae26c6725b642d2a241c02eea5879a6651b4cec07e4214c6421930
tools-temp/_tmp_probe_hellfyre4.ps1,1999,df87d8f9ed1cd48f85026bd22a1863cfbc77e86aab9f6c76c7d53efad5764a53
tools-temp/_tmp_probe_hellfyre5.ps1,2166,2901a5422d4c4b1241064801a4c439a3f3ac7edb62d0faf799d73c18b67fef6c
tools-temp/_tmp_probe_hellfyre6.ps1,1948,10b50c1c22a8de9cae33b913f41749c92bc5d4f993152408ae3b3612f62ffbec
tools-temp/_tmp_probe_hud_fail.cs,1757,cfb00375ede6029ae07cc00522f802a4ac6374fe5c461c185062c1f4fd386e2b
tools-temp/_tmp_probe_meshes.cs,1810,ebbeae10c6b884a78890e8219dab12347040ca61da5dc765e72d39f43f26a641
tools-temp/_tmp_probe_meshes2.cs,1266,bd029a1827deeb604c1b5e06d07fa42481cabf71f30bd3ca394b6836355ce125
tools-temp/_tmp_probe_morph_removal.cs,1518,d13cfd1b36abfd617c1214be509e3078e9013d00d456b369c32f210e188edc4f
tools-temp/_tmp_probe_ore_ql.cs,1280,cd28244622875208e022ec201749ea92adebc9e84d92218cbbf2af15a8cb5e0a
tools-temp/_tmp_probe_sparrow_nano.cs,1968,82b33dd64edf454608114ea9d6a83bd297334f6f6ee49905e683e129652adc24
tools-temp/_tmp_probe_tokenboard.cs,2433,69747afe3a52129e55d6d4974f74109b447a6cae03264b2a01fed5361734eae7
tools-temp/_tmp_probe_vehicle_hud.cs,4066,a81a1d4cbba130454131dd30384872df412e7652a0e29bcf2a87a0a7d39dd34b
tools-temp/_tmp_probe_vehicle_placement.cs,1820,5998b89ada50686cb98c8c14af811d7965912cad28f009cced09936801cf9020
tools-temp/_tmp_probe_vendor_template.cs,1599,d37f2e67f3486f884d59db305cb6058e9598b99f7d04f0cc7da2cafbc5864d6a
tools-temp/_tmp_prog_crystal_and_rock.py,1281,e00abe3ad5c7d1a0df1cf78ebc94808b89c7f22d32d71d3aa28b340b5c453ade
tools-temp/_tmp_q_296780.sql,195,2cd95d4015a4ad3e4f995b1172564830b926989900789f5a4131d55d9926ec2c
tools-temp/_tmp_q_296780b.sql,214,15f29c51e9927889f7d5e6fe3676d2a20452b78b01663e5fe7f5875a02a6012a
tools-temp/_tmp_query_4677.sql,93,564df57ebb737419edbfef20b0d7b2c8fbc37d79aaf292e30551435f98685d57
tools-temp/_tmp_query_clean.sql,71,148e355ef36729cc6417f0d979dec192507b48bf3f8cbe5fa43ff1685e002923
tools-temp/_tmp_query_events.sql,174,0811f8107bbcc594cf93089cc5acaa408a8f0bd61164fd581999e18266f81daf
tools-temp/_tmp_query_items.py,431,68b3d5d4ce7e43c287686155aa9842ef71ce86546e5410222424e16a82d9a656
tools-temp/_tmp_query_passage_names.sql,99,9149d79d3f9501184ca3b0144fd0b4c16edd3733c8e8c6f99ce77fd0683d787b
tools-temp/_tmp_query_proxy.py,433,53c866a274ecffcb412730c72a500a84261fd67665b55cddbaa53b1d5b4ddf08
tools-temp/_tmp_query_proxy2.py,395,73f3c114152e50266efe1fefa64cc2bc4c828038b232aef234b8402ba19043ec
tools-temp/_tmp_query_staticdynels.sql,165,dd3de0604a7ba976a22f674992b221213fc7fd32f2cca1082cbfcf1ddd688107
tools-temp/_tmp_query_teleports.py,525,642be5efc008e946a21f34ce731ac9d9a5a339d19c7433886102b32b5c148d8c
tools-temp/_tmp_read_log_tail.py,707,5c31f7261f4f05bf898f55bfe9764e87d59f770bd34eecb09ca653f9bbad9e75
tools-temp/_tmp_reflect_sysmsg.ps1,510,d6a5d6d9ef8577aa11a7b10d47d020ec7927a8e23623a7c41792c67ceb4a5d59
tools-temp/_tmp_remi_abs.py,1449,5bd02432dbc7e654dd30b5474477acd3a85e15e4136a722911775d71964848cf
tools-temp/_tmp_remi_abs_offsets.py,1053,dae34f33a3282afac8ae4d6403620d308e93803d3162d3b3710eef8e844d456f
tools-temp/_tmp_remi_append.py,1686,a5a3cc6536d881874ba425b9008abf0eafdee79721957ca2697d28265c9a7522
tools-temp/_tmp_remi_append.txt,3596,816660a8a64c2ecd1032b31110e6b2c1777b729d326aee7674600a9ac1c02479
tools-temp/_tmp_remi_brief.py,1401,2f165ded04305705e26ef84929bdd2dbf858b70cb64fa50abc790369d4fbe33b
tools-temp/_tmp_remi_brief_out.txt,2289,b130c9d657cb3e9264d30157428281b7952a5301be3386a152bddabc8da59f22
tools-temp/_tmp_remi_deep.py,2909,e5f58606fe52b54258416a17dec2f7aaca67d72a624025494e37d36a95d5f29e
tools-temp/_tmp_remi_deep.txt,167661,e44028c5e176d101fc4fc1fc7e7e8553938ef109487a450e0ca48d323f88767d
tools-temp/_tmp_remi_expiry.py,1580,9fdb5c18d0471be84cda356746710edc7a15a88013f85b1ccf8c499535388fa7
tools-temp/_tmp_remi_extract.py,3016,10ac3f0fd87436342ccbfabc2fb28252ec02b5982cf3582f8b7aa16920c7c1ef
tools-temp/_tmp_remi_extract.txt,60555,ae99c62b22252ca9eabefc5497124b96753dda5ea2875ab571bd34244248af90
tools-temp/_tmp_remi_parse_qfu.py,6063,81615e47035c806c3daad5ff5ea383dc67a97dc76158337945cc67c0bed705fc
tools-temp/_tmp_remi_quell.hex,1474,78186dd578c42e4d83333f9ea1a78af6fe70168dbf5b7e357ca82f892f7feb09
tools-temp/_tmp_remi_return.hex,1218,c8a1971308b681c0b65153751f4281eba6fe09127ac7ead2625c5e0b9b88d160
tools-temp/_tmp_remi_tip_check.py,1589,2b4d75f149d0d368842a316a6ac25e8be6dab31daec3ead258793222e8186ff3
tools-temp/_tmp_remi_tip_compare.py,3414,3712083fe0ecf4117570a6c5069c1350b534602f6fc4ef0b330ddcd31f7bb2d6
tools-temp/_tmp_remi_tip_offsets.py,1200,2a1a51d4022ee0f2d1f2d1f63be9ed013b45826d60a7ce17c515e155bb9ac44a
tools-temp/_tmp_remi_u11.py,2504,7f94e1bfa68f371083cdb0e3f2832b4b248e964d10fabf50fb8dc05e3b763b2d
tools-temp/_tmp_remi_vs_shiny.py,2057,4f8c323122bd108d9193f6000f11dfc88365f24d27a0608efca548ddf0aa942e
tools-temp/_tmp_repair_cs_frag.txt,6211,f57f29b7dbaf4f1085e470c5189332ee31853ba882a09c2f15dc07914ac6114b
tools-temp/_tmp_repair_machine_extract.txt,6156,e5eac485d3f3f6affdfafd78e4b32232044166e10ee3539c8bf63b8e696b7c0d
tools-temp/_tmp_repair_mish_deep.py,5308,73e0dd4ff71d7abce3b3223d328c3f60199f96c6fec94327bf34d49be5cac481
tools-temp/_tmp_repair_mish_deep.txt,138547,0f773407f5197dc668f524c2c324e5d2451fe4a2bbe01b9cb384f99d5d6dabdc
tools-temp/_tmp_repair_mish_extract.py,6325,9af471eeb7fa618901c37de00e732fe778458b1566e3350a63a4fd344a788f29
tools-temp/_tmp_repair_mish_extract.txt,23672,67ecdef00e07e886b7328f73c95254e7b68d79e91fa35d56309d166d0b0c015a
tools-temp/_tmp_report_alex_qfu.csfrag,1452,f70bf6dca6b01458186e053435cc95f6b3a96ad57ee0ab3f3d20a3d5f411c43a
tools-temp/_tmp_report_alex_qfu.hex,1452,f70bf6dca6b01458186e053435cc95f6b3a96ad57ee0ab3f3d20a3d5f411c43a
tools-temp/_tmp_report_ff.py,1294,1023dfa52de3a0760b952f9679cc0efc623260472d0f1364c39ca002943895bb
tools-temp/_tmp_restart_apache.cmd,822,021b27dc52cbef66f5ef7b63f0b667c5b2ba5d5af5826716b3441cebaa3a3a3a
tools-temp/_tmp_restore_184103_doors.py,1441,1f5ee9ff46136e8ca9e548a6dc7b332bab880f172bf7e0f60c70741332c88938
tools-temp/_tmp_restore_aggro.py,1324,f5399dc1349e1dad967c78f450a1874845887ce316d589ee5b5af049872f2a65
tools-temp/_tmp_return_vernon_qfu.hex,1420,65f415786892d6c56519cdd91105d1036ffcfeca71de9f73571d253bff8740a9
tools-temp/_tmp_rex_robots_cap.py,9772,aa8a7ba3ba1a89a2b4b7c2ee634598c4b1e0f5890d336ee82e4dcbdf58c8025e
tools-temp/_tmp_rex_robots_cap2.py,9233,ff52519ebcda715ba0d1072729b31c96093a558d85d1aeed4f56882fc37d8998
tools-temp/_tmp_rex_robots_cap3.py,7455,93d9884c93d1ba46612919c0b39a1d62d6310480f53da8b8c2e0f3a63f1931b1
tools-temp/_tmp_rex_robots_cap_out.txt,15859,fe7401f9375bc0c0ac187ffaf087a20f9abfe0457c2735f5f2e94ca720150bcc
tools-temp/_tmp_rex_robots_cap_out2.txt,17243,d980917be30fa9bb08546d140ffd653181457e45937663ec9a402177d4002a73
tools-temp/_tmp_rex_robots_cap_out3.txt,28711,4b712b2ccdb0495901995e9cf1d63548afd45f5a76fcfb2f2e93a9fe6bcccc88
tools-temp/_tmp_roll_icons.py,1795,99ea8b3e66281ceba157e5a0826cc2b9b361309c98f824bdb18633199caafeb7
tools-temp/_tmp_rolling_mishes_out.txt,14642,ea3fffd0b6c4019089f42fa1cbb94795c88aba119f4df63e076ea10a2ec58d37
tools-temp/_tmp_route_lines.txt,11677,d1b030327774b014d04df943be50f5e66e5cb26ab0ce6fc307bdf2314db4c6d0
tools-temp/_tmp_route_missing.txt,107,5040af4b929ddd5a64398218c120a0f67f822748650d7a606060ebed8984f852
tools-temp/_tmp_routes_cs.txt,10916,2025109f0925526e5207611f493e196ee749bab584e64d84ec447184de1ca46e
tools-temp/_tmp_routes_err.txt,112,2f9066247a2caf71c7dd3eaccebcc7f9ccb950a7f6528f8317ebc574e1aa277a
tools-temp/_tmp_run_check.cmd,543,3f527c441e01c42a1e37f2820ec913317e4e5f5fae2385f00e2c1738fb40c3e6
tools-temp/_tmp_run_mission_roll_test.cmd,1152,d1e54d8dfaf238515661d2e1e0e118cb7fcfdfc71e797b5b5acc16118a2cf3c8
tools-temp/_tmp_run_probe_buckethead.cmd,555,1f8c60c816bd5f0a4a7b5eabdf4116407cacdc3b20b0f59b9a63c2c7ff1e8267
tools-temp/_tmp_run_probe_buckethead_nanos.cmd,587,190fcb9e6207a86da019db3b865cc3ce329322ad57cc14dd19d8a9f3c043f86a
tools-temp/_tmp_run_probe_crystal_buckethead.cmd,579,f70855663933ae2e656850480eb18bcc10b3a6baeae186401e79cf352b2c3622
tools-temp/_tmp_run_probe_hud_fail.cmd,549,c92a821d573d46a1dd94df747ade55db2350e35aa489a8ae912d1a5a48fd85d9
tools-temp/_tmp_run_probe_tokenboard.cmd,555,f2d3b0e9960ea2703e4db5f4a28780ba628732d10d669650ffea74c7cfef8acb
tools-temp/_tmp_run_probe_vehicle_hud.cmd,558,eb2bfc616ff26949346dd3fcd2d58d65baa6f494dde0d495a108f987f4cd8c4f
tools-temp/_tmp_run_probe_vehicle_placement.cmd,576,e694332f469fa70749382cb838ffb3147018a4de267eab0a3488c66c8d12797c
tools-temp/_tmp_run_probe_vendor_template.cmd,570,e5f78905de4d73df083cfc842e3e3b7c39f2637c132a1ba34419c2b19b2056af
tools-temp/_tmp_sandstorm_corpse.hex,850,bcf3f99b1377699606cfd858be6eae1a3a64d757cee9f5bcab33d5ebcd33680c
tools-temp/_tmp_sandstorm_corpse.py,1433,c1cf0fa13b5e95ba021ca0986ab5e19927cb5cea2c6db47f79b1b01a64b1bedb
tools-temp/_tmp_sandstorm_corpse_off.py,1820,49037052eb85e0cda24c48413565257f381636d41228ad48aeafa39ff642eda3
tools-temp/_tmp_sandstorm_dmg.py,1030,4761e482d765943a57b90d55842509f84ae7573f61859ec27073e48c5296525b
tools-temp/_tmp_sarah_cap.py,3287,6acf57f19b09285bd213b39aab7f188c59d20ded172c42874a01e388903b9eaa
tools-temp/_tmp_sarah_cap_out.txt,141550,ca7533caecf82024530cc2a6bcfcc1d45543cad87ba3e375b0e66f0e45439632
tools-temp/_tmp_sarah_qfu.py,2010,49b2b9839c48f99c58dc53cc0c2dd94a5120bd834e2b35a898b1acaf54832321
tools-temp/_tmp_sarah_qfu.txt,4001,27002b5c31e3e3f9f27920546c2f9509bac6568db0e23d9c82b84f508a25b598
tools-temp/_tmp_sarah_thief_sifu.py,1791,4ca7416e0b5b5d65daba576c2d783d5f5a46eb62760e54e2a332a83e2d67d727
tools-temp/_tmp_sarah_thief_sifu.txt,1245,aff0e7c6396da1ee42d9d297dced4b4ade3cce8709b0740f0b9b580d0c89b6e7
tools-temp/_tmp_scan_230406_npcs.py,2281,342c3ad4d07e08d4f87829f213097a4cbfa09efc2911249e6351af59cb23268a
tools-temp/_tmp_scan_ao_client_vgtp.py,1937,3a71c7d3d158ea22652ad8842f5b33f5a09d08507759c5f41a24c2c879c821c2
tools-temp/_tmp_scan_ao_prefs_vgtp.py,2362,4dd271079236bcd6bcae971a30183d4e3d05c654d1a118b998162faa82270934
tools-temp/_tmp_scan_funcom_local.py,770,1ad0433d6496cfc2c4f9ab0c440175d432568a8755db57e67251c36cb2e74e06
tools-temp/_tmp_scan_gmi_term.py,2587,ea5edfa7e92836d39789844787afc664f5248c42bdb01681cfced3092d79e379
tools-temp/_tmp_scan_items_savechar.py,543,1041b38f7ca5bddeb0ec31bbfb63363014fbcbd65de6039d7502677e0b55a46f
tools-temp/_tmp_scan_itemsdat.py,386,1424c15433ec1e976eca9800cc1036651c0e9aec47398e07fb33322984b3bdc7
tools-temp/_tmp_scan_opensystem.py,1881,4f437af7486093cdce89ea417b01a36e8522a99a32cb6ed6b281a06c222012a0
tools-temp/_tmp_scan_pf_term.py,1973,326d612c05e71013f8a268049bdc0fa68a4d1c96be5c5953db53b41ee4da2dc0
tools-temp/_tmp_scan_savechar.py,817,a606642d699f8385fb342e967d36d186799e9ef34639e1d137a324a4994c1cb3
tools-temp/_tmp_scan_statue_log.py,619,eb43a5bb7a61627f1a6a8004b3f57451aa54c59d8ae40d7b247367deb55e980a
tools-temp/_tmp_scrape_mission_reward_nanos.py,2226,ff76d419a63e43342ff59b707a3ceb28e963b3170cb242a700ab9e375c842082
tools-temp/_tmp_shape_1419349.csfrag,16268,10c6d58dc753f34529ee4c62afc17229585b5a2ce39f0ba50cead9c4d74882a5
tools-temp/_tmp_shape_1441800.csfrag,10741,796badc78873200507898acdb4da09fef211231cb7390bac66b7390a7a58a6b9
tools-temp/_tmp_shape_1441804.csfrag,17088,7ae371fd77962a44c19bdd64d88be45c8fa2155020c8730d693dffa93eeca429
tools-temp/_tmp_shiny_qfu.hex,990,81de62466cd1e08d25aa69188bf09be2a5d017cea86c3263e4d7883bc13800e0
tools-temp/_tmp_shiny_qfu_extract.py,1323,6a47a96c74add6edd7fd10f3a66e2eaaf8b34f9efe53ee035b865cbc795059d2
tools-temp/_tmp_shiny_sword_brief.py,3050,24efcd53d9775cb34d5351b43d5d9e777a20ce0b0ebed485821a77fc7800dd64
tools-temp/_tmp_shiny_sword_brief.txt,7975,d887b15dc5e627bd613d86ea894a4cb1470f82d450c6437e825d3d2903dd3685
tools-temp/_tmp_shiny_sword_decode.py,2202,b58c478c0932febf83e6182570689d4d8679b9fb71af59159cd5482c0f62cae3
tools-temp/_tmp_shiny_sword_decode.txt,5117,215fb66ca5fe1b83bbde1b6a1eb2b7d56d44b90f6759ba6384fd49c555c8216a
tools-temp/_tmp_sol_nano_brief.py,1900,23f2d88a70b0bdd061c929b500e0838b7f6d7538be724ebd16cdbc9a5a04d9c9
tools-temp/_tmp_sol_nano_out.txt,24800,3967a3b465f09d30fa0d493966d1dc2f92873a5c4ef977c27c5b4555bf21c52f
tools-temp/_tmp_spelllist_scan.py,1584,e6d13912fe85124c96f638a590e4bc504818d49cee18d92918580ab016d03ec3
tools-temp/_tmp_splice_002423_shape.py,11120,09656a82c32cd50f52fb907e9f6a9d2aade6740848eb5bb213b99054fde42dc8
tools-temp/_tmp_splice_1419349.py,3001,6ab8664d48531a601d8773c2448f9b242bb2d5238dc78b9cc4536c8a2b6f1ff0
tools-temp/_tmp_splice_1419349_doors.py,3471,2fa41e43f5e67a29d58746184669514b6adfae3b2d66bf0be21aad3d31c1362a
tools-temp/_tmp_splice_224228_shapes.py,9678,0bb8bf1ee590da57eb4b0fdf63b25398c9f858a737506144c91b8bb2d6ce9e58
tools-temp/_tmp_splice_shape.py,5258,fa9b8613d41a15623f97ad02e18333e305474e4f1f8ac691a810061fcc1abc06
tools-temp/_tmp_stan_qfu.csfrag,1754,b7c83b6dd363768312e27be3f56280efbc8ed1e62996b6e08becb35df9188fba
tools-temp/_tmp_stan_qfu.hex,1754,b7c83b6dd363768312e27be3f56280efbc8ed1e62996b6e08becb35df9188fba
tools-temp/_tmp_stats.hex,514,a23742f712bc87b8eca98db9017c326575cc36073533da8c91458c4cc040a1a5
tools-temp/_tmp_statue_id.py,836,a5cd945270122cbcd865d49363822787e615d245846c1766f6c324182017e699
tools-temp/_tmp_statue_id2.py,689,6f7546404e29328b96aa0b48de4632b9efc7f18b267246c213de04e33c9f091e
tools-temp/_tmp_statue_inst.py,567,b3e1185385588f1c12aaa30ef6c63d89f794f4ff673994152925818118711e5e
tools-temp/_tmp_supreme_exttex.py,2084,a5520974e7563e1af551d8d13078631d41eba6e38cdd3b6459cb229f73a85fa0
tools-temp/_tmp_supreme_rs.py,469,82a6201b080bf2ace7a9fbfeb96f7f8756f303b2c6c10ed530ab23d8f8134add
tools-temp/_tmp_supreme_scfu_extract.py,1397,341209a70fb0f336ce57923b17e8ac7a65431ae3c23af62a6db9ac909bc451ed
tools-temp/_tmp_supreme_scfu_find.py,950,7b446d6adbf082a2f4cafc97643c353e917ecf94f60e2ec4cd8b1059b6b37eec
tools-temp/_tmp_supreme_unk1.py,607,345c0d71042024e2550292f8810da0857c0a1b3f95d54d08e98996d4fbd31de7
tools-temp/_tmp_sysmsg_bytes.py,1942,2f25547dba70aba519a6ad7d21ec37c1058249ab6fbc9ed5d402f0d434da1869
tools-temp/_tmp_sysmsg_bytes2.py,1526,d28ea554bc50a0ff4b9e525efe4d83442012ad3a6a515121b5f4ce2ab707a67c
tools-temp/_tmp_sysmsg_scan3.py,1672,910aef60f25fafaa9e17d90a73e97ad6ff8646de89398ce17447a824aed5560a
tools-temp/_tmp_tables.sql,55,a241cd2b14a83b3e84d22a93253af46245e34c79451fd4cde4137884badd8af6
tools-temp/_tmp_tail_access.py,518,81a6b08732cc14cf6e8b59bdae50dc390ec2154408892b2b9a8d41ea07943bba
tools-temp/_tmp_team_cap_071217.py,1522,e0b4dd8b55e0f28208bd48184e7e0817d5aa29adc2f03ae9bd7e52f34ede3e42
tools-temp/_tmp_team_ranges.csv,2525,0918da8dac6b692383f6df7785dd9188e849bfe2322486179d0609028bd8eed0
tools-temp/_tmp_tel4322.py,230,1a7bc6f9d6cf71262bd5f8e45c789032b642863b68192b31259a274ea2d745ba
tools-temp/_tmp_teleports.sql,228,5db6c2c090d3f3970e1abaaff90f1610f1778f8e6f0e34a6987fba2eef65413d
tools-temp/_tmp_term_count.py,1845,993916349942e5b82d0bca67b8b05419fadc96749af613fa4514c31c8bb2630a
tools-temp/_tmp_test_float_be.py,1632,d254f5a50542dfa343d117f05fcd703166ad9bb353f6aa70086e159e2c3bd5de
tools-temp/_tmp_thrak_garden_scfu.py,2160,b146e56b76ab72a2f996cdd60ebad6765547499b2d06823ab43e2796217a1204
tools-temp/_tmp_thrak_garden_spawn_template.txt,5291,28359f6f6caae95f840344be8b88ff80cb4b9074fc6a33f34af317bc45500261
tools-temp/_tmp_thrak_insignia.sql,62,f445f0e3238f241e92c60369a3bde9e49acfe5f82c012453f2d6ce5787b13c52
tools-temp/_tmp_thrak_qfu_garden_55563C18.hex,1658,98e3937d84fbf214447d3766ea998f726c61b0a428c00838602f32b105754c11
tools-temp/_tmp_thrak_qfu_insignia_55563C16.hex,1134,646f7bc0917fc6e3276acb9388bf1365b4303da0ce25da0b93c1bd84c1d010b0
tools-temp/_tmp_thrak_qfu_offsets.py,848,e6537f9b164dd0ff8b05fd5826390faca6628881df377efc070f26e5a6fb87dc
tools-temp/_tmp_thrak_qfu_return_5556893D.hex,1426,f9abaa98e8d2123118f6b6ea0abc2dbc7072e3cbed185ffa1983af8cf411a779
tools-temp/_tmp_thrak_qfu_souls1_5556893B.hex,2224,49fbd2f45fb231aeb398e6563f463416be3a14c99320b1625569f2dfd70811de
tools-temp/_tmp_thrak_qfu_souls2_5556893C.hex,2226,ce730962bd8e99aedeba762b5e2d25a31982c0ba69bc945e015479e7e1f315af
tools-temp/_tmp_thrak_qfu_souls_5556591A.hex,2226,21c9d818e62650c98a9918b50eeefad17f60fda4b4ded91d48c5b9b207d7b8a1
tools-temp/_tmp_thrak_qfu_time.py,1099,f74466a7b04e79646e4fbdf1cabc4bc75f08ed3d5b54f0600b2c7a011a469415
tools-temp/_tmp_thrak_qfu_unknown_middle_55563C17.hex,1570,63254943ca5bac798a5369f5412fb3373d3b77984a41d24655d18d42ed75d1d0
tools-temp/_tmp_thrak_qfu_veronica_5556893A.hex,1606,2af0c0516e1f53a18ec9ed2557f2bbce7295d704a8b8acc1e380f79621bd261f
tools-temp/_tmp_thrak_quest_decode.py,7643,93b45ce4ffa7e81c1ffd2d28b825175b1ffafb4ddf5c573657c2af0047341620
tools-temp/_tmp_thrak_quest_decode.txt,58314,753036d2a7b5b16a43c7581eab64f37b954ce84c78cec4a9c02ff9b2ebf11ae3
tools-temp/_tmp_thrak_vendor_stock.cs,44039,0108f5a8abce83028caf1bf482437da0fb461f55660ef55a8651169fca1d4d57
tools-temp/_tmp_tilda_csharp.txt,890,6942fcfb96d02586376768311885edf56c491efb5969b4e417c0b556d60f816d
tools-temp/_tmp_tilda_hex_only.txt,840,e170f06578e81acc6679023f83d63e9ebd67a6397dde374f6a26a0fdda8b469d
tools-temp/_tmp_tilda_one_line.txt,840,e170f06578e81acc6679023f83d63e9ebd67a6397dde374f6a26a0fdda8b469d
tools-temp/_tmp_tip_1737.txt,1999,52149931dc4684fc164b8107042ecd4d9e4231a449b7dc1a161110dc8f4bae63
tools-temp/_tmp_tip_2425.txt,1679,b9235fc4da05293f3124b24abeb3107627b74e7f8cdec606c0c18db7c1c1af0a
tools-temp/_tmp_tip_2694.txt,1717,8fcde54585d147c27ce9cee8539d34f080de35a8c5439acb622ca8611466f445
tools-temp/_tmp_tip_2867.txt,859,d44f29fb96ba125748ca1d5dcd30d84b7db66f6b010170af4f93a2b21d3d68c6
tools-temp/_tmp_tll_alien_brief.py,8485,d5daae4c7c4efb685d51fe6b188a0ac96aec7364624241f89586463dfa50153e
tools-temp/_tmp_tll_alien_out.txt,20172,08eae10f51c2ed6a272f63cda4fbbe97c6e29a2e80ee25060690549ec6cc47b6
tools-temp/_tmp_tll_alien_slots.csfrag,8931,b9e8bf5d812168ac6c444453d202ff6e4b271c28b6ea3d5a469741106f2c27dc
tools-temp/_tmp_tll_alien_slots.py,3705,94051d76f269b8b9cb5a8abc620344c828cc2a7147025f814ff3ae2dc8e5edc2
tools-temp/_tmp_tll_exttex.py,4009,925a0eb904950374ec0dd1b3bf2d091e17d1ac4829a1913b092f4a7b68ed5e5e
tools-temp/_tmp_tll_exttex_out.txt,1786,6450e523081adb8505c8a92cf45e6dfb44ec33aa210f0b4db4b3f63dc227a045
tools-temp/_tmp_ts_check.py,329,2023b1d678db3348258b142860dc242370ac2bd7e1d400ad3f3a4a5ae20d30a2
tools-temp/_tmp_ts_id_scan.py,783,2248560ae0f4a9cd2867381589a362122526df2289c63f1f46851b83b2a137b3
tools-temp/_tmp_ts_qfu.hex,3754,dd6bb368958b143c10c68cad021a92fbba9b05ba9b1cf302e2727288ca9365a1
tools-temp/_tmp_types.sql,192,373cd247453b99d902bf3086920a7bc91fc4aa71dfd766ce160f43cd0311f6db
tools-temp/_tmp_use_errors.py,419,ea230ed47e7ea6d64a3e145e8d27fcc3914a6fb8789ac025618712da314480a3
tools-temp/_tmp_use_log.py,417,311bb136e519c33cb4f5abc62228a686026faa54cb8e61fb56974ea3b00f207b
tools-temp/_tmp_vaughn_area_spawn.csfrag,12991,a429e39f571767fe12472a609aeefaa5f308ca84dcfdd194e1ec958fc8b7dfa3
tools-temp/_tmp_vaughn_exit_term.py,1176,d63d31d3a9740a517be2831204592858c79b817b93947f45db43fe7727e791c9
tools-temp/_tmp_verify_chimera_tpl.py,1624,42703673384ebe049c9d29158e4d691d5ecf693f50eeee66c05836aaef6d6591
tools-temp/_tmp_verify_chimera_tpl2.py,633,d76f05d0fb71919e4950b486836d8b4764522eea9f3a679f4b38eaea01dfe790
tools-temp/_tmp_verify_clean_statues.sql,754,9af5168c44b64c4dea92d6f18e9a3923a33a1e472b65d2f7e169bfd545a5e2eb
tools-temp/_tmp_verify_copy.sql,391,91e29804539edcdecbe921641d2378e99c3f998cfa936534992b8b0a65709d8d
tools-temp/_tmp_verify_sandstorm_tpl.py,605,928f00a668810819de97406d941b616a0ce1ed7783723bac3a43d4ee7be7a998
tools-temp/_tmp_veronica_qfu.hex,1606,2af0c0516e1f53a18ec9ed2557f2bbce7295d704a8b8acc1e380f79621bd261f
tools-temp/_tmp_vgtp_diagnose.py,2598,6ae3ecb5467a0897750026f3c1a24eb704bf903212674ab39d38cc7a24b648c9
tools-temp/_tmp_vgtp_diagnose2.py,2041,5ccc7b361d075822ef380de313411d06ce6756b343728f62f7259be7c7e6904e
tools-temp/_tmp_vgtp_http_check.py,1200,c75e7861f919b5616fd18f6b31d7c68b0d86486f58af63b12e6f6ff48d6c54c6
tools-temp/_tmp_vgtp_out.txt,741,fdc94baf35586fc9dbb4873d44dd3676f7b54b2954ba01e34d41d0df10141e34
tools-temp/_tmp_vgtp_out2.txt,789,53a92e77f152f31c0be2a1c5c4c26f5f98c5f45d6a37ea204d982b8dfd24d3a7
tools-temp/_tmp_vgtp_scan.py,2748,262617ec0333f2e7013aa3eb6ace431aa686fdc122768b03002c15924a700e2b
tools-temp/_tmp_vgtp_scan2.py,2226,a70640a6f92558106b9761620cd64c6747be10efeac5e7dd6b7f75586088182e
tools-temp/_tmp_worm_054719.py,6449,6a3c9fc85bb151dd08eb97346e8011993cfba5412a9cd6258d76e4ca4ec0c2ad
tools-temp/_tmp_worm_054719.txt,57857,1af697ac2a246c70d9ca127f657861e807bf0153a0718ad90f7073cc7751fdad
tools-temp/_tmp_worm_054719_deep.py,6688,6c41a546e8110033e0b734623997829a03d9df287743e0904dcf132c1dcd4fcc
tools-temp/_tmp_worm_054719_deep.txt,13716,288a0ab7e48fad15de912672718eb001d3b27fc7808dd0700172d2128407bf64
tools-temp/_tmp_worm_054719_fight.py,6232,693bfae27dc6e4a3ccd3b221add66c219ad61f647a577d004333951b8de1512c
tools-temp/_tmp_worm_054719_fight.txt,6348,529ee11945b9ec33d5503a9c2c7158477706f56862bbb2ff736da28826eaaa88
tools-temp/_tmp_write_alien_runtime.py,18964,ed0adfeb2f9f87b9e4d11d79eace801eba392ba44f1862311189a76e302fade0
tools-temp/_tmp_write_arete_loot_canvas.py,6612,7e244427f2e5062f62e6828cab2b90311e0e7de504f44d97144047d3539cffaf
tools-temp/_tmp_write_arete_spawn.py,8636,16c76e8d32e0d651be52b8f9a35403f9d8c7606d5cdc21c3d2a33c18443960f6
tools-temp/_tmp_write_nano_allowlist.py,1125,2e667f4fac61062b6962065e707a9551855c3baf4ddbe94ff391b2ecd9bcfb48
tools-temp/_tmp_zone_statues.sql,193,77b9312683d2227679905002bd5a12842af4b698293ff9ab82a5abceb23607ff
tools-temp/_weapon_addaction_grants.txt,11817,105d6f81aefe7fd291e808e98a53c50a320786b74614c4e971319cf0389701a9
tools-temp/_write_team_xp_share.py,4081,ddec50c6f4e00166d9acf34787a1a1105a2ed1972ee9479dd6a5da8227b575d4
tools-temp/ze-full-decompile/AORebirth.Core.Playfields/AbmouthEncounterRuntimeService.cs,316,a899a773db978575e7831a20b098e747a85963b6d5febc86ab01401fb3956e84
tools-temp/ze-full-decompile/AORebirth.Core.Playfields/AlexAreaMobRuntime.cs,17146,31fc2b2d49f75ff3425332dd0620849439788da28d9a485c667551901e0ef8d7
tools-temp/ze-full-decompile/AORebirth.Core.Playfields/AndromedaIccHqIdleGestureRuntime.cs,3741,c262652841ee0167dbb47bbf7bd81ea69dc2f1be3b796b2d2948817bf7c111ec
tools-temp/ze-full-decompile/AORebirth.Core.Playfields/AndromedaIccHqSpawn.cs,54268,9b70997c5b5e3b1ed0237f8854280026fafea8c5fdcbf48196464bab127c50b7
tools-temp/ze-full-decompile/AORebirth.Core.Playfields/AreteLandingPopulationEnsure.cs,1638,176a411eedd172ff4db6e9740e53d9dc7468a00aff341df91b70cdbf0cda0c94
tools-temp/ze-full-decompile/AORebirth.Core.Playfields/AreteLandingSpawn.cs,28895,c55d555da974801fe72cb3982d82434f3b63705966e20c01f4b01b6ebc6807bc
tools-temp/ze-full-decompile/AORebirth.Core.Playfields/CapturedAreteRobotSpawnOrchestrator.cs,7580,3af9371828063fd4743b67c6f407f64611d18432348ce824c86dfccbfcb124f9
tools-temp/ze-full-decompile/AORebirth.Core.Playfields/CapturedEncounterRuntimeDefinition.cs,4875,60e599388555157b80e5e44a082a1ff55a2880fc79d4647d5f062ab049acb2ec
tools-temp/ze-full-decompile/AORebirth.Core.Playfields/CapturedEncounterRuntimeRegistry.cs,1041,98f8c0cdb67655c3791863abd80bf2d195b5631ec5f04fb6fd26d2db5a72751e
tools-temp/ze-full-decompile/AORebirth.Core.Playfields/CapturedEnemyAttackModel.cs,151,3538fb3cfceb41f07fa3ddf76fa4c3be0ca3da7f6826b8659cce01d4aaa51e86
tools-temp/ze-full-decompile/AORebirth.Core.Playfields/CapturedEnemyCombatAttackDefinition.cs,1646,13f0c6feb6ca8e8834eafd9af6f47ff1dc0d73a3b07f2558dd959903b7a5ef57
tools-temp/ze-full-decompile/AORebirth.Core.Playfields/CapturedEnemyCombatContract.cs,8850,2c3d51817a926d83076e0e5875dc1bbd454e5eefcfddff11d863534155e2333d
tools-temp/ze-full-decompile/AORebirth.Core.Playfields/CapturedEnemyCombatRuntime.cs,5646,3b629658a7ded6e8b1d43a2194a4af765e88dd2116072b1e72df47cb5382dc44
tools-temp/ze-full-decompile/AORebirth.Core.Playfields/CapturedEnemyCombatRuntimeRegistry.cs,813,a208b5a8e1ae3c3bc4ea02fff17873974b0efe1690d6813b2372fe87fede6bc5
tools-temp/ze-full-decompile/AORebirth.Core.Playfields/CapturedEnemyParallelAttackSequenceDefinition.cs,1911,902604d824cebac5c71614bb4ee9285158b33968bbb404c39facdf3558eea4b5
tools-temp/ze-full-decompile/AORebirth.Core.Playfields/CapturedEnemyParallelAttackStreamDefinition.cs,547,53b6759fa5e6ecbc1c990c3e12c5042642b838e2da830c55046b5876a3aff0e7
tools-temp/ze-full-decompile/AORebirth.Core.Playfields/CapturedEnemySpecialAttackDefinition.cs,504,dea79004a6e6f4d8abe7085c62ff154504c809ef576fe06302174ad3e57a41b4
tools-temp/ze-full-decompile/AORebirth.Core.Playfields/CapturedEnemySpecialAttackSequenceDefinition.cs,1892,fa1f0cfae530714d120e694682aaa995235fe4b7ca9eaf6645e8225a3fed75a2
tools-temp/ze-full-decompile/AORebirth.Core.Playfields/CapturedSubwayCombatCatalog.cs,35384,6011b0d4d626c62063119f57d832da5521d0075dd65e289f74e48667ea480581
tools-temp/ze-full-decompile/AORebirth.Core.Playfields/CapturedSubwayCombatEvidenceDefinition.cs,1400,46c3b69da314e0467c515720465ca60d0f6dc1888a0a3d592881dcbdb8783a80
tools-temp/ze-full-decompile/AORebirth.Core.Playfields/CapturedSubwayCorpseEvidenceDefinition.cs,932,753218846e7e18774a25e410c9fda1dd693e168cd6b5cc0f15ac7cc8af334742
tools-temp/ze-full-decompile/AORebirth.Core.Playfields/CapturedSubwayEncounterRuntimeService.cs,44812,d8e1b4cdffbd6ba27f49521c8b744873d02ff404b78d96b5905c1e4944ffb953
tools-temp/ze-full-decompile/AORebirth.Core.Playfields/CapturedSubwayGenerationVariantDefinition.cs,1196,b55075a8f166c2ce76ae67a5fc5e184ad77b5d19134bc777d0db1ca1d016798e
tools-temp/ze-full-decompile/AORebirth.Core.Playfields/CapturedSubwayLootEvidenceDefinition.cs,732,fe3822ff9c09cd491ec32c8cd13def204ddff697f40aeb5ed183878dd5f88661
tools-temp/ze-full-decompile/AORebirth.Core.Playfields/CapturedSubwayLootOutcomeEvidenceDefinition.cs,1070,2607327dd961fd8a358c58ba91d6c14d3353f99cdfd5591d6019b1bd55d6f2eb
tools-temp/ze-full-decompile/AORebirth.Core.Playfields/CapturedSubwayMeshDefinition.cs,482,5a40925ab6beab8dcffd8991b6e34cf996955b565507dd16ece655e8e592bfb1
tools-temp/ze-full-decompile/AORebirth.Core.Playfields/CapturedSubwayOrdinaryArchetypeDefinition.cs,3024,2381b38364cedeb82477b2f849e63ad5bc1228a988ba1aa5b41f309dac4b1ec8
tools-temp/ze-full-decompile/AORebirth.Core.Playfields/CapturedSubwayOrdinaryContentProvider.cs,236047,6f299b14ee74e470d7722c9febcc9bdd2437cca3933b827c9e4c2a6bcd0fd57c
tools-temp/ze-full-decompile/AORebirth.Core.Playfields/CapturedSubwayOrdinarySpawnDefinition.cs,2828,776bd5d436f85b52051971be06961bb1a3eda12d5729ca0674f798eddaa69ac0
tools-temp/ze-full-decompile/AORebirth.Core.Playfields/CapturedSubwaySourceWeaponEvidenceDefinition.cs,634,1261051cbaec223138ab038dd5d3251f8c62254c983ef2d46a7f2d9e4c978d0d
tools-temp/ze-full-decompile/AORebirth.Core.Playfields/CapturedSubwaySourceWeaponProfileDefinition.cs,617,452bd2a0ffa8e006cce5bcc3edf2e28299cf94768b007b99fb678828aa9cd084
tools-temp/ze-full-decompile/AORebirth.Core.Playfields/CapturedSubwayStrictLootProfileDefinition.cs,1266,69345f55f6843b400d5e1c506a1c3c0231f3b145719804f86b0953ab9819c07f
tools-temp/ze-full-decompile/AORebirth.Core.Playfields/CapturedSubwayTextureDefinition.cs,362,799c9be70cdf8939fd8f019acdfb333147eb0b2e86921db010f7722d772cb110
tools-temp/ze-full-decompile/AORebirth.Core.Playfields/CapturedSubwayWaypointDefinition.cs,332,d17772aaaadd1c8d1f8d2ecaea770093663f40ea821bdc0d7e938522be2128b3
tools-temp/ze-full-decompile/AORebirth.Core.Playfields/CorpseInventoryService.cs,4990,31bda082d1927bd240716333f452696783d448a171aec1e84c60e0e95fcb92ab
tools-temp/ze-full-decompile/AORebirth.Core.Playfields/CorpseLootItem.cs,324,e26acdb97c4202d92f7772f8ef226e6840631e021a8e2b23ad5a2b76f359f4d7
tools-temp/ze-full-decompile/AORebirth.Core.Playfields/CorpseLootRightsPolicy.cs,152,f2a46b44689b97c1f7fb5e98d84faf7e3b43997649c95489c454fda0d2c747f3
tools-temp/ze-full-decompile/AORebirth.Core.Playfields/CorpseState.cs,1516,ed202355ef919fbd6a086d19c4e60c0fd2c61ae6985f9245ef8316253682965d
tools-temp/ze-full-decompile/AORebirth.Core.Playfields/CreditsPolicyDefinition.cs,341,f4ae508030ce01eaf2b946053d32ba06604cd8798b28678659b074a91e9a619c
tools-temp/ze-full-decompile/AORebirth.Core.Playfields/CreditsPolicyMode.cs,152,fb37f0877210c6e6140b1d8a0821dd090b5355605892068f1e78bbe717fa5cab
tools-temp/ze-full-decompile/AORebirth.Core.Playfields/GeneratedLootItem.cs,404,f22c2c3007dfa86216c61715cc0489d7b6e86ad7780de5a15def41d84634d981
tools-temp/ze-full-decompile/AORebirth.Core.Playfields/GlobalLootRuntimeService.cs,40084,279216d44181ad47abc9225f5272db40a413d53d4f7d127fbcfc58e5c0f4c9ca
tools-temp/ze-full-decompile/AORebirth.Core.Playfields/HoloDeckSpawn.cs,11837,a23f62dc1cb23821fd8fa685700a0ac4933e9f141b625262a59252cbe8a77444
tools-temp/ze-full-decompile/AORebirth.Core.Playfields/ILootRandomSource.cs,118,b35c7574fca34879fa26e523eb6eed75d2e3c543b0cf01358f75ceaf59d610db
tools-temp/ze-full-decompile/AORebirth.Core.Playfields/IPopulationRandomSource.cs,111,999d82e064e74ce66bfffe0f42506211a9c21db7ebeccbb18ccd996036dd897a
tools-temp/ze-full-decompile/AORebirth.Core.Playfields/IPopulationStateStore.cs,181,d04e25478c007aeb9d1718428b40c24d9b90c4f386f9dc075917166703d7018a
tools-temp/ze-full-decompile/AORebirth.Core.Playfields/JunkyardCleaningRobotRuntime.cs,8079,56245f86a4836ad0ca1a09b379bf61013edb2e7eb8c7dd4af6cbc327335eb52e
tools-temp/ze-full-decompile/AORebirth.Core.Playfields/LootAssignmentDefinition.cs,706,a7ba4e96e91e75da281cd833abab5f20dd225fa6c34198760fa336d5cc7c64f6
tools-temp/ze-full-decompile/AORebirth.Core.Playfields/LootAssignmentResolver.cs,3345,51ee60d90034078a9d18e0988305878c09f1aa2146d40fc1f42f7ae08994e2d3
tools-temp/ze-full-decompile/AORebirth.Core.Playfields/LootAssignmentTargetType.cs,233,f8d17446b9119d2c85372eab394caf8dcf7821805149a5bc1e21fea02d1569e0
tools-temp/ze-full-decompile/AORebirth.Core.Playfields/LootDefinitionValidationException.cs,220,5f717da996f4eb3bf6b209262db44bf71a234544b34dc29060b3f53f2d3046ab
tools-temp/ze-full-decompile/AORebirth.Core.Playfields/LootEntryDefinition.cs,866,5ebeda7470e10b112eb10a42eead95448dcacce62758b1f186f1dbd4b4f68546
tools-temp/ze-full-decompile/AORebirth.Core.Playfields/LootEvidenceConfidence.cs,217,d8e8499d208b71c731432dc3ad018740a93bf56f298b9f2b59d7a12b0ec5c476
tools-temp/ze-full-decompile/AORebirth.Core.Playfields/LootGenerationContext.cs,751,cc84558382341a5f06dca631f2ad8ea7dc2029187b48a5452815327a7fea45d0
tools-temp/ze-full-decompile/AORebirth.Core.Playfields/LootGenerationResult.cs,944,104dad8ad35972a4c23bcd69319e54142238f8e6be394e29dc9ad480d53991a4
tools-temp/ze-full-decompile/AORebirth.Core.Playfields/LootGenerationService.cs,9609,9505532cc7ca5abc3174b80174613f14fbc89f09422d1106144664950ab9ae2b
tools-temp/ze-full-decompile/AORebirth.Core.Playfields/LootGroupDefinition.cs,424,d7940bba8de0ffba608f27fa61774b4482be5f1e1e42bc8f5aeacc72d0cd61fb
tools-temp/ze-full-decompile/AORebirth.Core.Playfields/LootRollEvidence.cs,259,5018e4a4d462ade431d6f1b0d9c80cb8c7942e6d07914840e89d78d228d2986a
tools-temp/ze-full-decompile/AORebirth.Core.Playfields/LootRollMode.cs,160,2b8b40531a9b631c569050c042c8a004680a103dd047a59ce8297f7008b86c20
tools-temp/ze-full-decompile/AORebirth.Core.Playfields/LootSemantics.cs,165,29ddcf2e087364d124d700ad3ee93a804fbffc0ef8f0dc6a2f97565e8aeed246
tools-temp/ze-full-decompile/AORebirth.Core.Playfields/LootTableDefinition.cs,685,01d1233ca186d5deec9662ab7a258f7c26c9fdb2f2c0bea6119cab86c9f9a909
tools-temp/ze-full-decompile/AORebirth.Core.Playfields/LootTableRegistry.cs,14037,8f1665a72fbd7ea74187d16d7b0830e0081c8ce77a5cdac26dafef2b4af76841
tools-temp/ze-full-decompile/AORebirth.Core.Playfields/LootTableType.cs,237,c0fd7b1365774f03b6c9d59766114c84cb3bbc2a1bc52bd5872cb95d4c482b60
tools-temp/ze-full-decompile/AORebirth.Core.Playfields/MarcusPadAmbientCombat.cs,16987,96220eabf387f68cd3ef09cb7880fe1766fafc10c13fb5cbc3aa844a1269b18e
tools-temp/ze-full-decompile/AORebirth.Core.Playfields/MissionInstanceLootCatalog.cs,1458,d2149b00a6852a46c385130d6c475aea950caefc325114cd724554f8a01b2e02
tools-temp/ze-full-decompile/AORebirth.Core.Playfields/MissionInstanceShapeCatalog.cs,51330,046eacc7904f604ea464066fe5622084d0b47d7a7bd0d1496accc4a37fd634f9
tools-temp/ze-full-decompile/AORebirth.Core.Playfields/MissionInstanceSpawn.cs,13279,7c9ac24f972c00e77d19bb4aec45c8bffb3c25e9c1a61e572e4688c6ccebba2a
tools-temp/ze-full-decompile/AORebirth.Core.Playfields/MissionNpc.cs,454,446118ec5df85f2a91679e6f4777b0b096decd2824f0e94df144cf14d33fe7ce
tools-temp/ze-full-decompile/AORebirth.Core.Playfields/MissionNpcRole.cs,140,52f28fca316f71164d55b5f2a9e01d84c802b6006ca87623b32fbf53b605ba72
tools-temp/ze-full-decompile/AORebirth.Core.Playfields/MissionShape.cs,221,ab4217b6591ded93d3910aef88dbfc03f377e00620d57fdf4df69566daf33f1a
tools-temp/ze-full-decompile/AORebirth.Core.Playfields/NPCRuntimeService.cs,40770,25cc993a7c418a89a8cd95231f69583b47b914b59cc85e31ae65abbfb891ec86
tools-temp/ze-full-decompile/AORebirth.Core.Playfields/NascenceLifeSpawn.cs,350849,3704ea396a5a01e3185b11f9e90d3e9c0ce1831c8d9189b17e7f896deeb84ef7
tools-temp/ze-full-decompile/AORebirth.Core.Playfields/NpcCombatTickCoordinator.cs,74581,6056c8c3aa38591fcd07005b0a067d0e977a2ffbd48b27022eb3fead4699dd9c
tools-temp/ze-full-decompile/AORebirth.Core.Playfields/NpcCorpseLifecycleCoordinator.cs,3083,d91c621660d07236ab160e2d57027ca0c7dd22e34e7f6b2f7e7912b898e99ad9
tools-temp/ze-full-decompile/AORebirth.Core.Playfields/ObservedCorpseSnapshotDefinition.cs,432,4cd6fbb6f79f8f1856bec0eb23e2b19447414c1f5229622fe92bd3ae27db80ac
tools-temp/ze-full-decompile/AORebirth.Core.Playfields/OrdinaryEnemyAggressionMode.cs,146,54a5d028bf76a1f562646723833e8d272305a59b5c4a8488b8e4b3e166be69f5
tools-temp/ze-full-decompile/AORebirth.Core.Playfields/OrdinaryEnemyAggressionProfile.cs,746,9aeeda8a503162e376c4218b166c96844901797c72289489eea79c24a50fa60d
tools-temp/ze-full-decompile/AORebirth.Core.Playfields/OrdinaryEnemyAppearanceProfile.cs,2159,838f7b707faf8162b1d7661d8628a55277f8ec480dfdce60f44327d05676ccb2
tools-temp/ze-full-decompile/AORebirth.Core.Playfields/OrdinaryEnemyAtomicGenerationEvidenceValidator.cs,3547,950d345c92d1f397aad77062973d10a859ee3d134f87f1cf8db0a48e6a894240
tools-temp/ze-full-decompile/AORebirth.Core.Playfields/OrdinaryEnemyCatalog.cs,40487,f39a24d9b96913bf547182520be5862b9f102fead5596618d4b7265f0fd02e38
tools-temp/ze-full-decompile/AORebirth.Core.Playfields/OrdinaryEnemyCombatMode.cs,195,1c6a4e29e07bf20a86373a5bec810f16805695de9f04fcf465738e88f56476b3
tools-temp/ze-full-decompile/AORebirth.Core.Playfields/OrdinaryEnemyCombatProfile.cs,2713,aa9a1fb8b81fbd792c997a05b6f10698a4cfc871b97c345f2ff729ac339fc4e7
tools-temp/ze-full-decompile/AORebirth.Core.Playfields/OrdinaryEnemyConstructionMode.cs,140,a2e5605eb206a3f38f891bf16258bdefe010c100cbd8a696f2e2aa89b18bda33
tools-temp/ze-full-decompile/AORebirth.Core.Playfields/OrdinaryEnemyCorpsePacketProfile.cs,142,f2d333ebfd9d794d83b3c1eabd9b2d4119f6fdf0f02b8efcd9dacfa81f55877d
tools-temp/ze-full-decompile/AORebirth.Core.Playfields/OrdinaryEnemyCorpseProfile.cs,1286,dee69dc2ef84f27fbdfaa4b8cd99b44c79f8eafb1d4cb3367b9a16366df98ddb
tools-temp/ze-full-decompile/AORebirth.Core.Playfields/OrdinaryEnemyDamageSource.cs,176,74514e0f623c5c108443be1d1a13895c0d389ad91628ce8fc1779f42c03bc2ca
tools-temp/ze-full-decompile/AORebirth.Core.Playfields/OrdinaryEnemyEvidenceState.cs,149,0b068eb79292fa7f767c602867e73d322a6f09f54c5cb770c0b2c1d3010f308c
tools-temp/ze-full-decompile/AORebirth.Core.Playfields/OrdinaryEnemyLevelCreditRule.cs,1651,f40e5819405e97e8e5de5337e7b8a1a9ef012fa99972ccd939d9bac59900ac21
tools-temp/ze-full-decompile/AORebirth.Core.Playfields/OrdinaryEnemyLevelRerollPolicy.cs,138,dd8a91fe05ff7bc9e83a7694befc29209b4da3652e71e3cfab2f0c9d349a6f06
tools-temp/ze-full-decompile/AORebirth.Core.Playfields/OrdinaryEnemyLevelSelectionState.cs,1205,c69abdd5ada3f6be7adad9bb2ede8ffabb41c007c329194c2e972f96e15ef70e
tools-temp/ze-full-decompile/AORebirth.Core.Playfields/OrdinaryEnemyLootEntry.cs,1719,09f2394c52f8516f24f2191e89917611165cc67007d0804f42e55ffb57083315
tools-temp/ze-full-decompile/AORebirth.Core.Playfields/OrdinaryEnemyLootEvidence.cs,190,dee630efc8773042dd177e0fb2feaf0bc5c9ba841fe7cd756f90cfc791baf52e
tools-temp/ze-full-decompile/AORebirth.Core.Playfields/OrdinaryEnemyLootLinkageEvidence.cs,219,c86470240161fb10a554547a110691da21c107c00422de6269198a7f800e9cee
tools-temp/ze-full-decompile/AORebirth.Core.Playfields/OrdinaryEnemyLootPoolMode.cs,134,474f7f3a186ff859ec445999175d9da7fb8ed6d13cadcfb50a51f2fc53e13c45
tools-temp/ze-full-decompile/AORebirth.Core.Playfields/OrdinaryEnemyLootProbabilityEvidence.cs,195,2fce5b27f4d0d211bc4404d59875718fec85c63851658fcdd6ffdb85c7d6b1e3
tools-temp/ze-full-decompile/AORebirth.Core.Playfields/OrdinaryEnemyLootProfile.cs,3701,180e5b285762eaa75816fcb240f61c7f7319cd241c52b2f0c07c6fda45849621
tools-temp/ze-full-decompile/AORebirth.Core.Playfields/OrdinaryEnemyLootTableAdapter.cs,8201,012f283a56dad15586bfd2c53961d1539bc61a097a4b056b09435ead038d93f0
tools-temp/ze-full-decompile/AORebirth.Core.Playfields/OrdinaryEnemyLootTableAdapterResult.cs,585,f5663a94cbdb0e3b187a067b2c6c9676613ca58393f0121c1b17f8e0e0a07766
tools-temp/ze-full-decompile/AORebirth.Core.Playfields/OrdinaryEnemyMeshProfile.cs,484,87b0f480423e16c666728164fd7b05a5d023db7dd84057a85bece7a33b1046b8
tools-temp/ze-full-decompile/AORebirth.Core.Playfields/OrdinaryEnemyMovementMode.cs,140,40053bc604eb988f7ff8625df11cb27c236dcdac82ace50ca395f403bac72cc3
tools-temp/ze-full-decompile/AORebirth.Core.Playfields/OrdinaryEnemyPeriodicNanoSchedule.cs,1367,4c86c832766f589d1bb1c5938a5399adcbdc8fbf6dbfe0618f69b982f8f262c1
tools-temp/ze-full-decompile/AORebirth.Core.Playfields/OrdinaryEnemyProfile.cs,1948,b0a6e797ce51c5682c8d3e805f392c8529406bce1d53b641022c3be3d09c8a3a
tools-temp/ze-full-decompile/AORebirth.Core.Playfields/OrdinaryEnemyProfileValidator.cs,18389,f6b87499124ccf7f2f41ce40e819848c8cadb5e00cd849c27a86f8d443aa9059
tools-temp/ze-full-decompile/AORebirth.Core.Playfields/OrdinaryEnemyRuntimeDefinition.cs,554,53858c6d7e8b14b5464a7aea9df2fc65f6ac2a7a1057838b83da4c8881563a53
tools-temp/ze-full-decompile/AORebirth.Core.Playfields/OrdinaryEnemyRuntimeDisposition.cs,128,bbc398c47cb9ce2167c42ec4d05acd0e222c2422a6ac1d23ae30f2d8bdd27332
tools-temp/ze-full-decompile/AORebirth.Core.Playfields/OrdinaryEnemyRuntimeRegistry.cs,1175,81e90e59eda928b9b912ea15aefbe309268d608dfe3e565f2debd62bb1c7c283
tools-temp/ze-full-decompile/AORebirth.Core.Playfields/OrdinaryEnemyRuntimeService.cs,56556,41cbab97950f70fbe6ba69d139c3465820f6ebce80fd8907f28397b4695bf24c
tools-temp/ze-full-decompile/AORebirth.Core.Playfields/OrdinaryEnemyScfuProfile.cs,151,1528d1ccd5320ac7917dcd00d9a0286db9d4d19e391b77d3d5a72c32c7572e5a
tools-temp/ze-full-decompile/AORebirth.Core.Playfields/OrdinaryEnemySpawnDefinition.cs,5948,15fe9dfa5bb3251c73eccb1967478b31339263a99853efe40733297863f8c3fa
tools-temp/ze-full-decompile/AORebirth.Core.Playfields/OrdinaryEnemySpawnGeneration.cs,580,90f875277a84ac1bf85c08efecb497357e10d1f6c4283deebceeb07c5145f94a
tools-temp/ze-full-decompile/AORebirth.Core.Playfields/OrdinaryEnemySpawnLevelDefinition.cs,9514,0479024baa3863627ca9b9301cc36c1beaf2485f677b01cad3bf4fada12acbee
tools-temp/ze-full-decompile/AORebirth.Core.Playfields/OrdinaryEnemySpawnLevelMode.cs,154,5691d97797247fb253d866bc4caed04842daaeff066bd68f5fb1666ad7fcb7bc
tools-temp/ze-full-decompile/AORebirth.Core.Playfields/OrdinaryEnemySpawnVariant.cs,1087,e9dab9464ab1a435a1d8409f9e4fc175cf4f447373008800b2212aafc8733b07
tools-temp/ze-full-decompile/AORebirth.Core.Playfields/OrdinaryEnemySpawnWeaponLoadout.cs,603,6f75e1cab7f299d6f060610d6d086f20e36b3bcb424211447124894f2bf1f902
tools-temp/ze-full-decompile/AORebirth.Core.Playfields/OrdinaryEnemySupportNanoProfile.cs,6303,e47a5fcb720fddea70e02c621b9286b7fee27723a667ed4ba6440fd16ecff9bd
tools-temp/ze-full-decompile/AORebirth.Core.Playfields/OrdinaryEnemySupportNanoRuntimeRules.cs,1993,c0052a4fc6a2f7a1c75bbfea64b6689d5495167ca3f1b73e5479a44304cb544b
tools-temp/ze-full-decompile/AORebirth.Core.Playfields/OrdinaryEnemySupportNanoRuntimeState.cs,367,8bf6940906bb4db48d092a4ab0fd9655b06e74be65bdc6d2e2fdd52ab6c2fb82
tools-temp/ze-full-decompile/AORebirth.Core.Playfields/OrdinaryEnemyTextureProfile.cs,362,e5f361e687d1ec442d0bfa45758bcd9cdd0c1baca3bb31d01ecaec25707f3b13
tools-temp/ze-full-decompile/AORebirth.Core.Playfields/OrdinaryEnemyTransientNanoEffectState.cs,701,25015b1e31ad0a7ef539a8fb9e9d24fbd29af51512a9b9207cf8602d491816bb
tools-temp/ze-full-decompile/AORebirth.Core.Playfields/OrdinaryEnemyWaypoint.cs,318,9794a73c72aed7c2130d37ef8df977cf5275352e2515288d21546691a9f928e8
tools-temp/ze-full-decompile/AORebirth.Core.Playfields/PerkResetServiceProviderSpawn.cs,6402,9e3833b1068b5a404281b9e10c61123e206352b8e537565161697133c23c02cf
tools-temp/ze-full-decompile/AORebirth.Core.Playfields/Playfield.cs,153838,7cc294974abb657bc6948e40ffd9ec05cdbbd3d7e498084eb3bd78098aacde65
tools-temp/ze-full-decompile/AORebirth.Core.Playfields/PlayfieldCorpseAccessRuntimeService.cs,18484,4e4290eadbe6ed06c0a82f0a1f75a7d1adb7fce96db4d8c4f1ef14c902b7e023
tools-temp/ze-full-decompile/AORebirth.Core.Playfields/PlayfieldObjectLifecycleRuntimeService.cs,4489,427d99a32bc3d63bc15877e98a577eabc6a8ff5c879461560c690523c545da5a
tools-temp/ze-full-decompile/AORebirth.Core.Playfields/PlayfieldRewardRuntimeService.cs,720,54d15013f0da2b3fdcc9b7a30d69c16e1695990eaab4dfd4fd64bbb594c9dec1
tools-temp/ze-full-decompile/AORebirth.Core.Playfields/PlayfieldStatelTransitionRuntimeService.cs,36155,d5d08282e1e4d5bc206a92369eda5d226e86f84e27e14a76e6594ba6e3203cac
tools-temp/ze-full-decompile/AORebirth.Core.Playfields/PopulationLifecycleState.cs,220,3f78bab59d565d6659063c8739e39066547238657e95344889570d3e2f54630b
tools-temp/ze-full-decompile/AORebirth.Core.Playfields/PopulationRuntimeState.cs,900,fb75cfecb3ffcb0797b24cb48bd7caa720f784730c84f1322fa70df24b5733f7
tools-temp/ze-full-decompile/AORebirth.Core.Playfields/ResolvedLootAssignment.cs,249,3061dc2e32bd3d81da599f4aedcc537f95b18b563c99e570d30bd125320d486f
tools-temp/ze-full-decompile/AORebirth.Core.Playfields/RespawnDelayStartsAt.cs,165,1c38ff442220b531e661d11c6704b1f68f80d9bcbfa0accc51f1d3c47dc21503
tools-temp/ze-full-decompile/AORebirth.Core.Playfields/RespawnPolicyDefinition.cs,799,36d8bbe7e389576574cde29b23431bbad08e514d48cd98beb1baf90c69c11a29
tools-temp/ze-full-decompile/AORebirth.Core.Playfields/RomeBlueCitySpawn.cs,19809,b53eb7f985d8659392163d3a6a6c3e657a7efca277077d6f8a999ce5db59b9b1
tools-temp/ze-full-decompile/AORebirth.Core.Playfields/SeededLootRandomSource.cs,338,3deb37b1e39bcc82c4a9d5d2cea11ba9efedf0e087f0b6cc998fb17749fb3522
tools-temp/ze-full-decompile/AORebirth.Core.Playfields/SpawnGroupDefinition.cs,745,9123157c49b808de8e648415ab44ee0c6784a103bb9b9aad3e0b8e3191184f1c
tools-temp/ze-full-decompile/AORebirth.Core.Playfields/SubwayLootPoolCandidate.cs,2786,6c7667708269f26d2f0695b416ba9f6bc9971b7b581f3d345073a782e62bff34
tools-temp/ze-full-decompile/AORebirth.Core.Playfields/SubwayLootPoolDefinition.cs,1500,56c793de53e8c2d583ac10b8577a8407ab9c6ece54b1175ed21a140303fe1639
tools-temp/ze-full-decompile/AORebirth.Core.Playfields/SubwayLootPoolKind.cs,120,2ff3638de103db1f2d61d44199c9b642093249e383f357f299622af92d5adf0e
tools-temp/ze-full-decompile/AORebirth.Core.Playfields/SubwayLootPoolReference.cs,439,c694bd7a7f6b9c128de6ed38d5352c48d0238a9578bf2f6347507bd27988fdd8
tools-temp/ze-full-decompile/AORebirth.Core.Playfields/SubwayLootPoolRollResult.cs,512,05e565bdb1e477bb543c44c7ac8d99cceddf99260251935d9ed2669dc5441330
tools-temp/ze-full-decompile/AORebirth.Core.Playfields/SubwayLootPoolRules.cs,3409,6bee46f100c7b7b5267838c7a2d91b561b182b9fb538490402c26a24e9117dd2
tools-temp/ze-full-decompile/AORebirth.Core.Playfields/SubwayLootPoolSelectionPlan.cs,414,d7061a2378b2a830244d913b8b8318b39b5ae25608f6bc299e28b1d20dd32c88
tools-temp/ze-full-decompile/AORebirth.Core.Playfields/SubwayLootRollContext.cs,1975,c1a71ce758ace05f59bbd1dad2057610d6acc237de8b88cf1f31399b3d3b67a1
tools-temp/ze-full-decompile/AORebirth.Core.Playfields/SurveillanceDroidRuntime.cs,10858,636faf20881d0c9a27b6459c0cd89dc48676896378b8c406c0dd2c3ba9555d73
tools-temp/ze-full-decompile/AORebirth.Core.Playfields/SystemPopulationRandomSource.cs,258,0d1e49608a9c4775accd74f8eece079f76f746e0f8d1eef57280282d7f5df456
tools-temp/ze-full-decompile/AORebirth.Core.Playfields/ThrakOmniGardenSpawn.cs,8439,dbca685ca2e812dd4d3b891fec22a019575a150866384395f095603eea1f8e56
tools-temp/ze-full-decompile/AORebirth.Core.Playfields/WorldPopulationClassification.cs,260,76a14829fdd475c32cd92af6818b27582e3be4dec8876053dc3e7fd6f3efcf3e
tools-temp/ze-full-decompile/AORebirth.Core.Playfields/WorldPopulationController.cs,22263,1da543ff3db7ac9c707c552bda39df12bb19ee481e20fc8738fae219d83c6b4a
tools-temp/ze-full-decompile/AORebirth.Core.Playfields/WorldPopulationDefinitionValidator.cs,5065,c49080424e3fc91c0ae637f1d9a81a41d24506982774ee7b1b24a6aaf51936fb
tools-temp/ze-full-decompile/AORebirth.Core.Playfields/WorldPopulationGenerationLifecycle.cs,1892,ed6be0eb3f22adc8aaa75ce084422dfff7e3121da266c761c14e492d664e842e
tools-temp/ze-full-decompile/AORebirth.Core.Playfields/WorldRespawnMode.cs,165,fb9a9e07303c9595d448708766a8e3d8a6ed2ac21f1116437ebeed74be538cdb
tools-temp/ze-full-decompile/AORebirth.Core.Playfields/WorldRespawnPolicyAssignment.cs,1741,b82d02a70df6ffa5aa9c1314cce7eb413e338b16d20d7c4e2b8f68bff7c532fe
tools-temp/ze-full-decompile/AORebirth.Core.Playfields/WorldRespawnPolicyAssignmentMode.cs,154,469117c108bcfc81bac7d2228012dd93daaccb87d1383d1eeff5df036a90150f
tools-temp/ze-full-decompile/AORebirth.Core.Playfields/WorldRespawnPolicyResolution.cs,478,4b10bddb2a32bf3b13b40ef23ba8d98245ad1fab70a9501f1062fc4792f86dc1
tools-temp/ze-full-decompile/AORebirth.Core.Playfields/WorldRespawnPolicyResolutionSource.cs,220,9138f5405b9e445dc937f49a2439e99b5ed607e7555b7b85c2ccbf338f9b579a
tools-temp/ze-full-decompile/AORebirth.Core.Playfields/WorldRespawnPolicyResolver.cs,5557,c7774eda2344a37317558bbcbffc2e1d20136846de82a677824988d47818be09
tools-temp/ze-full-decompile/AORebirth.Core.Playfields/WorldRespawnPolicyValidator.cs,3828,b9a1c61daa1a22c421c0c21ed7b6da4612615d70fd429455b623c26ffe17085e
tools-temp/ze-full-decompile/AORebirth.Core.Playfields/WorldRespawnSchedule.cs,321,5699f317c3e640fd26fe42ade2c96db977af96455bab421ba59e3c81bdeb7f11
tools-temp/ze-full-decompile/AORebirth.Core.Playfields/WorldRespawnScheduler.cs,5638,f436ea1947b01567ddb3d5c2e48a5f29ba9f3d4a094c9fbbdbb22a7ff1f1fd8d
tools-temp/ze-full-decompile/AORebirth.Core.Playfields/WorldSpawnActivationPolicy.cs,196,f9492807d322194efe433665551185799788cb105b5f04ee51455e474a90ce10
tools-temp/ze-full-decompile/AORebirth.Core.Playfields/WorldSpawnDefinition.cs,1665,e35564eb18824ac5585e32795f84c485ae4099fe81ab1330b728fe77c354ced1
tools-temp/ze-full-decompile/Properties/AssemblyInfo.cs,689,34fbc1074a6fd07086353156ccc6ae7f03cc8bddcc87da0186c4e499405a07ff
tools-temp/ze-full-decompile/ZoneEngine.ChatCommands/AOChatCommand.cs,1631,79ba5bda9ea30e7a61bf5d51dae39079d0aa1f4b2ccc90f3c6479157f8f04b56
tools-temp/ze-full-decompile/ZoneEngine.ChatCommands/Backflip.cs,721,0e43739ec9d28b9932c626b1051938125e3797e488c4ff8d40183c581aa22e70
tools-temp/ze-full-decompile/ZoneEngine.ChatCommands/ChatCommandCreateOrg.cs,4177,06e8315308d2d8b98071e403fba6ba4f5cf4ff8f1e24c962c3174d9ebe8cf9b7
tools-temp/ze-full-decompile/ZoneEngine.ChatCommands/ChatCommandGet.cs,4950,9fabfc6db8e3c18b7382d3ac1ffc8e96eeecfc5210308834e0e5ed336f314119
tools-temp/ze-full-decompile/ZoneEngine.ChatCommands/ChatCommandGiveCredits.cs,2018,cde2b7c43247cb68e826897206612bf724e21050f68db9e6a7be7f0dd4227364
tools-temp/ze-full-decompile/ZoneEngine.ChatCommands/ChatCommandGiveItem.cs,3935,79893d3107513c0f05c9669c297221bdd6fb5e975c74b294c744fc45c3158cc6
tools-temp/ze-full-decompile/ZoneEngine.ChatCommands/ChatCommandGivePetShell.cs,2722,136cae8402404ffcae22e001be117bde36a1d823d81cb89286e03c1f149e5435
tools-temp/ze-full-decompile/ZoneEngine.ChatCommands/ChatCommandListStatels.cs,2672,b025e17f828a6ab868f250f29324b84fac88c3a713ce37572b266278e5e0d3e6
tools-temp/ze-full-decompile/ZoneEngine.ChatCommands/ChatCommandSet.cs,4613,6c1bdb1fe8ca212d749a9a9f40cf0af363f32c01434299e356d2c38486680de9
tools-temp/ze-full-decompile/ZoneEngine.ChatCommands/ChatCommandShowStatel.cs,10704,09d5cbf9d23462e33c6a3a5d38f79f9c302ee1c755c932a48a29a8f6094c99a3
tools-temp/ze-full-decompile/ZoneEngine.ChatCommands/ChatCommandSpawn.cs,27465,314736c937321574c07242c9ee74ae6c6fbfde6d2f33ad4b929353a24abd9326
tools-temp/ze-full-decompile/ZoneEngine.ChatCommands/ChatCommandTeleport.cs,4163,047d951d6b244e99b776729d829107a89ec84a9e9a9b0c1d09da1c7754e4fcd8
tools-temp/ze-full-decompile/ZoneEngine.ChatCommands/ChatCommandTerminate.cs,1837,fc2d6eca0364c390ea1146df0eabcedf00529e8850fad68f2bea93049659a15e
tools-temp/ze-full-decompile/ZoneEngine.ChatCommands/DebugItem.cs,1573,f19416d7d88e082f01ed191579f31b135d005a52d126041f3dce227e5d6f9fbe
tools-temp/ze-full-decompile/ZoneEngine.ChatCommands/FindWeaponVisual.cs,4396,3f89948a727e57c6fa4f6a50a25c010b5fd4bcff3baed6c2e263a5be7f770e11
tools-temp/ze-full-decompile/ZoneEngine.ChatCommands/InstaGrid.cs,1873,ca41714d969df764f38bbc376835dcc5e2ccb900d69cd21037e09d5eeacc0495
tools-temp/ze-full-decompile/ZoneEngine.ChatCommands/MakeShop.cs,3377,16537e9560d9198417e3c1615e99d526174f07a5b92bc4c5f27e37cb1ecd88d4
tools-temp/ze-full-decompile/ZoneEngine.ChatCommands/Npc.cs,13065,9b8194f50cec011682a641ab94b7a1b3368f7633cab02ffb153177b6cae6ba4a
tools-temp/ze-full-decompile/ZoneEngine.ChatCommands/PlayfieldList.cs,1918,79a2cf7050f74577a73154fe4342741fd8a101c1f57abbeb5e4b91d9e7425811
tools-temp/ze-full-decompile/ZoneEngine.ChatCommands/Posture.cs,3054,a95f4ae5e21bfd4c46ddf32aafa503684279e454efaaa1380f0771daef5f18f0
tools-temp/ze-full-decompile/ZoneEngine.ChatCommands/SaveProxy.cs,4079,51c6a64c7ea446b47f86c64d67899dbad17acbabf4431382e3afbe3ed304c5dc
tools-temp/ze-full-decompile/ZoneEngine.ChatCommands/WalkingTest.cs,6154,c157bd902f2497b86879416e8b97ef2168b15964d9499678b1ca4c67c12742ee
tools-temp/ze-full-decompile/ZoneEngine.ChatCommands/Weather.cs,3462,9145d7b4913d0689ff521dfbbb9a148db201e5e1d0821d97d0a0918855b47838
tools-temp/ze-full-decompile/ZoneEngine.ChatCommands/tpout.cs,2100,e7d51d77aea6a599add5aed0a5c5d0678342a8f40116314723f04d4850ec86a3
tools-temp/ze-full-decompile/ZoneEngine.ChatCommands/tptoproxy.cs,12287,99e361b0076ded7edf3a938752933de4afed536b94a3fb72240d28a6f8572074
tools-temp/ze-full-decompile/ZoneEngine.Core.Arete.Dialogue/AreteRexDialogueRouter.cs,1594,e7418f634f2712f5fb3f66529f6aed58c224e6224b38dd0f0258ec13471a28f5
tools-temp/ze-full-decompile/ZoneEngine.Core.Arete.Dialogue/ContentDrivenNpcDialogueRouter.cs,72555,6d92399411225b831780d9caf1f10c121bf2b2d8941c5cd946eac641593861c5
tools-temp/ze-full-decompile/ZoneEngine.Core.Arete.Dialogue/DialogueAction.cs,466,d758de1b75bb1127ee5a58ee23694799317838a6923f8ab42c6b7fcd757682f2
tools-temp/ze-full-decompile/ZoneEngine.Core.Arete.Dialogue/DialogueActionReferenceValidator.cs,4584,c7f230cc0d7ec478a1f10b524c2095a9dd475560d2c11dd5c6674c4684897b1c
tools-temp/ze-full-decompile/ZoneEngine.Core.Arete.Dialogue/DialogueCondition.cs,428,f234852e7e6ffaed7cf0dc33d2e385e160c780a40175f872a14e04b8c32d2603
tools-temp/ze-full-decompile/ZoneEngine.Core.Arete.Dialogue/DialogueContentPack.cs,467,f246b6b31848526fbb480a990a1adde7abc23e8a5a1319daf09090c93199f5b0
tools-temp/ze-full-decompile/ZoneEngine.Core.Arete.Dialogue/DialogueContentPackIdentity.cs,212,650394c50cc4a3eea032929dc6e675ef810c2e96055681f9534cbda0b4d3611a
tools-temp/ze-full-decompile/ZoneEngine.Core.Arete.Dialogue/DialogueContentPackLoader.cs,2159,a83b5eb66c0b925ec789dd511a03677a89669138754c23067be9408aac6d382f
tools-temp/ze-full-decompile/ZoneEngine.Core.Arete.Dialogue/DialogueContentPackValidator.cs,4885,70ad12da8b64c2fbb6f9b6846c38b9b9634a21458e467b4b9a6369215b5325ec
tools-temp/ze-full-decompile/ZoneEngine.Core.Arete.Dialogue/DialogueContentRegistry.cs,2319,41c135cc79e53749ecaae78bec708825db2387e71992a0135e57d526e2961233
tools-temp/ze-full-decompile/ZoneEngine.Core.Arete.Dialogue/DialogueMissionActionAdapter.cs,5061,bc483169e1c9d512739cc9d70c20adca42cc5aceeaf6d42c16be5435fedfaf44
tools-temp/ze-full-decompile/ZoneEngine.Core.Arete.Dialogue/DialogueMissionActionAdapterResult.cs,790,4194f4676a0f2dce97b664f41072acb6309860468ca25d8651ff89907d715cde
tools-temp/ze-full-decompile/ZoneEngine.Core.Arete.Dialogue/DialogueMissionActionResult.cs,974,4a3ac1e7de428fbeab659cd7231f4dd66418e7713c96098ec03f93c3bfe59d17
tools-temp/ze-full-decompile/ZoneEngine.Core.Arete.Dialogue/DialogueNode.cs,611,32d0d0aed2effbb24dec6f4e543153ad7e95100e251d32f3b6485f8ad009da4d
tools-temp/ze-full-decompile/ZoneEngine.Core.Arete.Dialogue/DialogueNpcEntry.cs,693,845eb16fb8f30add9ecd1d22d621fbeb690884044868e36fc3b5efdc314b9177
tools-temp/ze-full-decompile/ZoneEngine.Core.Arete.Dialogue/DialogueOption.cs,557,8bcc2569d9ce29bed562b9968cbda2ca098fcbb667064caca4b4ba965dc91562
tools-temp/ze-full-decompile/ZoneEngine.Core.Arete.Dialogue/DialoguePromptSegment.cs,167,6a6882a2cf4ae923925c385d9b9b6dfd98d894d478469d45e1626e05cbccdf32
tools-temp/ze-full-decompile/ZoneEngine.Core.Arete.Dialogue/DialogueSession.cs,257,b1751bafe04bf55c067fca08cee5dba43c2eef5cfbce46623d1fd5d9ee5b7df9
tools-temp/ze-full-decompile/ZoneEngine.Core.Arete.Dialogue/DialogueSessionResult.cs,1074,05bde62f6a3b68c0dd77723a34737e631b02b2e0e12148513208a7ba5b9aad31
tools-temp/ze-full-decompile/ZoneEngine.Core.Arete.Dialogue/DialogueSessionService.cs,9531,9bc4fe818f407dc01d0c5c611e93edfd390c8ca7444c27b5eca4600d146d5305
tools-temp/ze-full-decompile/ZoneEngine.Core.Arete.Quests/AreteMissionState.cs,150,069e8fd53cdc764b1c29ae2ea97684fcbb07e8d1fa4840251ae29aff42f66681
tools-temp/ze-full-decompile/ZoneEngine.Core.Arete.Quests/FlintBioComQuestRuntime.cs,39876,57b08878e704ec18137bf123119b8fef5b2c58c56cc3b4c2eb427adc14e15ccc
tools-temp/ze-full-decompile/ZoneEngine.Core.Arete.Quests/KneecappingQuestRuntime.cs,15146,9f98fe101f5a8107499bd3a54ec82a48538441bd717a52186cb61c00c658f6e9
tools-temp/ze-full-decompile/ZoneEngine.Core.Arete.Quests/MarcusB18FCompletionHandler.cs,24587,75e8ecb2f195fe7d3847623bce1725afe52cdaa741801a7a4779171153a4cd26
tools-temp/ze-full-decompile/ZoneEngine.Core.Arete.Quests/MarcusB18FCompletionResult.cs,1116,ea9805c051453ef4912670a147d59baca9fd1e79f657fe290a95744f641e7311
tools-temp/ze-full-decompile/ZoneEngine.Core.Arete.Quests/MarcusB194GasFireProgressTracker.cs,11335,64f084b1f8f15188a4c78fafa45b731c77004b7c57fb2865d9df3473ca0e01d0
tools-temp/ze-full-decompile/ZoneEngine.Core.Arete.Quests/MarcusB196CompletionHandler.cs,8812,b599f6ad8486cd23ebbd8b644474608662c5c5a468b7c4e9584237c9ece9016c
tools-temp/ze-full-decompile/ZoneEngine.Core.Arete.Quests/MarcusB196CompletionResult.cs,1116,738e869de29a4573c9f45dc3c42297ceaaf239d5ede642d10d3ad574c199729b
tools-temp/ze-full-decompile/ZoneEngine.Core.Arete.Quests/MarcusWoundedWorkersQuestRuntime.cs,52376,1c8becc393e0c98a796f4dca82d49c8cd73def582587509fb6c2a4be43a33d11
tools-temp/ze-full-decompile/ZoneEngine.Core.Arete.Quests/MissionStateRecord.cs,360,7677faa78f8524cd1a67d33d91b4f0b7ed9e757ba83bd66f261b457ad78c5d41
tools-temp/ze-full-decompile/ZoneEngine.Core.Arete.Quests/MissionStateResult.cs,732,0ffcd9b078e3e422aafd5872f417381b47e5ca4d06bdf0773f17a7695aecbc63
tools-temp/ze-full-decompile/ZoneEngine.Core.Arete.Quests/MissionStateService.cs,7980,0ba9ec24860540eb773ecea876ded49858afe893f1cab558616505da0787a6b6
tools-temp/ze-full-decompile/ZoneEngine.Core.Arete.Quests/MissionStateStore.cs,1430,c067ab72c59bd51a78eb4f12fac9a0cf125dc21bb9e40fdc58702b688a8041d7
tools-temp/ze-full-decompile/ZoneEngine.Core.Arete.Quests/ObjectivePlaybackObservation.cs,576,24f45d4582d4c94e553168f7830dd5c3dcd5e77fc63996512c14c0fe45c807a4
tools-temp/ze-full-decompile/ZoneEngine.Core.Arete.Quests/ObjectivePlaybackObservationResult.cs,1074,eb6fdf211926ea82932602238f17c3e0108aa0f208271029500bbddba25856f1
tools-temp/ze-full-decompile/ZoneEngine.Core.Arete.Quests/ObjectivePlaybackObservationTypes.cs,305,9269659dee1b85b773c89769fa077688fb3c6345f591e4271d3d6424607bdf36
tools-temp/ze-full-decompile/ZoneEngine.Core.Arete.Quests/ObjectivePlaybackReplayResult.cs,946,086ac967301ec35d36548d753c19bf758f6c5dfd48178707929572cc64b2f2d0
tools-temp/ze-full-decompile/ZoneEngine.Core.Arete.Quests/ObjectivePlaybackService.cs,15273,e828a762588775ebef69804518526f082af355fc3c4109c2c286550bc662a9ad
tools-temp/ze-full-decompile/ZoneEngine.Core.Arete.Quests/ObjectiveProgressRecord.cs,551,e4e29ad05e9881dfc082ebbb3cf99053f7b20e6a42d9aef1a15d1a6b2948d290
tools-temp/ze-full-decompile/ZoneEngine.Core.Arete.Quests/QuestAction.cs,462,da9cb971273e62cf0296e19d28741defa25cf12694fa162dea229d8851312f6b
tools-temp/ze-full-decompile/ZoneEngine.Core.Arete.Quests/QuestChainLinkMetadata.cs,382,688d1aa0be53e4c20dc97c700b43c2419ce6fee6d26ff48bdddb597cc06f4a8b
tools-temp/ze-full-decompile/ZoneEngine.Core.Arete.Quests/QuestCondition.cs,459,2123dca627313cd5333b6dfae33f996a75b113c7ee8af4a4d3fe8832b4f391f0
tools-temp/ze-full-decompile/ZoneEngine.Core.Arete.Quests/QuestContentPack.cs,563,79f4948fe87c50aa6ec5c9b5cbe5b4afa618da7cffa3dd99b792d8720885a58e
tools-temp/ze-full-decompile/ZoneEngine.Core.Arete.Quests/QuestContentPackIdentity.cs,207,33581f6c98a989479adde6a265c6429f02e9809b56b63a903d0972903f3812c4
tools-temp/ze-full-decompile/ZoneEngine.Core.Arete.Quests/QuestContentPackLoader.cs,2082,564d50aa4fe28b3b3fb36a5c716e17b33be4c2187f0a217446924e2719c24859
tools-temp/ze-full-decompile/ZoneEngine.Core.Arete.Quests/QuestContentPackValidator.cs,6312,f6fca644a1a4227fe11deb4cba2250b05101c0adea04906c0cbfc1e8dcde8315
tools-temp/ze-full-decompile/ZoneEngine.Core.Arete.Quests/QuestContentRegistry.cs,3360,3b96d04f824e42947ad9918b4da76e4b4a0e8208468495c02d40d319ff081e39
tools-temp/ze-full-decompile/ZoneEngine.Core.Arete.Quests/QuestDefinition.cs,752,d87fc16cdf252b113de78ae3f0ca991c16f35305f48b4910f71118783bea0a36
tools-temp/ze-full-decompile/ZoneEngine.Core.Arete.Quests/QuestObjective.cs,473,3482b4ee1b6c7614c934b690224c9f1d5f7bff63156a0395f21b7812a9147f03
tools-temp/ze-full-decompile/ZoneEngine.Core.Arete.Quests/QuestStep.cs,516,de99a668cad77ffd0f035fe21974e1bc6f5123110a546a5a5b1bb1825f2a671c
tools-temp/ze-full-decompile/ZoneEngine.Core.Arete.Quests/RexB18CFeedbackPolicy.cs,249,36f9f70f9567d0938721477b6a62c66388f7b59e15dfe5179f29bb73458a22e4
tools-temp/ze-full-decompile/ZoneEngine.Core.Arete.Quests/RexB18CObjectiveProgressTracker.cs,20933,e48fab6d4ba1b02564bb5380baf048cf95f5ae74470d7ce39a5f164cd72e8e73
tools-temp/ze-full-decompile/ZoneEngine.Core.Arete.Quests/RexB18CProgressUpdateResult.cs,897,80e36150d6cde6e8464722d1b365d1db3c19fc88651134212a289ff3bc479241
tools-temp/ze-full-decompile/ZoneEngine.Core.Arete.Quests/RexB18DBoxProgressTracker.cs,15253,a430404479e13232a29bbc8f1f2495f6ef0cc749210ff61c1d9990f198c95d36
tools-temp/ze-full-decompile/ZoneEngine.Core.Arete.Quests/RexB18ECompletionHandler.cs,14812,284585fe8a8cc01ea60516c414b6b1679ba9509dbd2880600d757afea11ddc14
tools-temp/ze-full-decompile/ZoneEngine.Core.Arete.Quests/RexB18ECompletionResult.cs,1086,9b29089777b9c05adca6c06b9d6c3cb37e9bae842d11ef62976b3e0e92fe2d8a
tools-temp/ze-full-decompile/ZoneEngine.Core.Arete.Quests/RexMarcusChainCoordinator.cs,62077,175ecff83211965bac3998c07cac7df4595101b4881adbfd5f4e06fb1ec5e63a
tools-temp/ze-full-decompile/ZoneEngine.Core.Arete.Quests/RexMarcusChainPhase.cs,217,d3a3fb8c656504cc5c8630c0433b81f472d189eb7b5d0a45491764fc532f00db
tools-temp/ze-full-decompile/ZoneEngine.Core.Arete.Quests/RexMissionChainState.cs,233,3104fec4260d3c4f78c9e9ac8f24d077516b376f027b3aeed1d4f84a7ff1ec16
tools-temp/ze-full-decompile/ZoneEngine.Core.Arete.Quests/RexMissionChainStateStore.cs,6709,203f704881a44d0e206dda098ea8913b6d8d43779b9a3ab0ff1b4abf1a31c49e
tools-temp/ze-full-decompile/ZoneEngine.Core.Arete.Quests/RexQuestPreviewEmissionResult.cs,1133,dd54c2593320c8fb7ff2b84d48a46466c0e0cc16d054d75e86a52e07a1b28416
tools-temp/ze-full-decompile/ZoneEngine.Core.Arete.Quests/RexQuestPreviewEmitter.cs,6284,9fb49f16fb19d129ab8f823850ac2c0e42654d82b18475f66f9afcff5f563650
tools-temp/ze-full-decompile/ZoneEngine.Core.Arete.Quests/SafeQuestFullUpdateSender.cs,229765,3b6f4f187197d03db26b3f17b301ba8addb590747ed97e4c23f55c4b2eef1c02
tools-temp/ze-full-decompile/ZoneEngine.Core.Arete.Quests/SurveillanceUplinkQuestRuntime.cs,52915,2481efbb944b575d4f308c466f95eee01d8a3876697f73cbe9d37d801518a455
tools-temp/ze-full-decompile/ZoneEngine.Core.Arete/AreteAggregateContentValidator.cs,12394,9b84f881111a911eda4e5174a324dda6a7c28048b4ffcf7228b5c691d814ee1d
tools-temp/ze-full-decompile/ZoneEngine.Core.Arete/AreteAggregateValidationReport.cs,2881,a1e85ce2ab1406a9910bd02b7e517ea68b556eec01429477a2fa19996d49c75e
tools-temp/ze-full-decompile/ZoneEngine.Core.Arete/AreteAggregateValidationStageReport.cs,793,8f31a6347333be433f0f7c6a73977b99d3b3c5a92ad067a00dcb96dda40e1e85
tools-temp/ze-full-decompile/ZoneEngine.Core.Arete/AreteConditionReferenceValidator.cs,6263,88750b3138ffcf6a9eddb83b44e99827cf91151c6b222a40d473e5610fbcae35
tools-temp/ze-full-decompile/ZoneEngine.Core.Arete/AreteContentLoadResult.cs,538,6df5def1b3bff49de188c9b97c90600d84ba6f0a2d56e03195ed3648a0961167
tools-temp/ze-full-decompile/ZoneEngine.Core.Arete/AreteContentManifest.cs,339,1b0dcac7049b9f3e648921202089451b2a535f49e79581ad14fd552cf75b20bf
tools-temp/ze-full-decompile/ZoneEngine.Core.Arete/AreteContentManifestLoadResult.cs,781,d17f9298997b1e4b62ca8e1b14cc680a14c881a8702df8c44b429fc78392f8c7
tools-temp/ze-full-decompile/ZoneEngine.Core.Arete/AreteContentManifestLoader.cs,3044,412230439b4f32798b9a84991678095e290febad005db4a8b8bba577a3cc4fd4
tools-temp/ze-full-decompile/ZoneEngine.Core.Arete/AreteEnvironmentGate.cs,978,8c929806917f58bac3b14b779569e69ae4b9cb75b79b9854d841ee740707cef8
tools-temp/ze-full-decompile/ZoneEngine.Core.Arete/AreteFrameworkBootstrap.cs,5630,0c514eafbe58c1cf3cd3a32a992086b49c5206235056024b2dfc27ce95d9924d
tools-temp/ze-full-decompile/ZoneEngine.Core.Arete/AreteFrameworkRegistries.cs,677,28a1d563f99ed3c46a4152961abc6cfbc11d0faab871d4383507f7551041d0e3
tools-temp/ze-full-decompile/ZoneEngine.Core.Arete/AreteJsonContentFileLoader.cs,3665,61b76bdb118baaa7e969aa865bcb7d703092496928ecdf8896f41afce4825199
tools-temp/ze-full-decompile/ZoneEngine.Core.Arete/AreteNoOpActionRecorder.cs,1833,21537c1004db87474ca9390006e5a89517bcb087344a8449f5f68b3851937d01
tools-temp/ze-full-decompile/ZoneEngine.Core.Arete/AreteNoOpConditionEvaluator.cs,1250,bd1c970e9e3fd3af3b9ea538cff4d494cd4a7702255245205d5eef101ae30e52
tools-temp/ze-full-decompile/ZoneEngine.Core.Arete/AreteRecordedAction.cs,468,7ea75a648ebb773248426d347ac92447f4ed4a5227b3cd2690b1925e69397284
tools-temp/ze-full-decompile/ZoneEngine.Core.Arete/AreteValidationResult.cs,692,50da40258d0c3a3c729b472f7359fc1031f2a1c8e99a2db4b4ab2faee9bea42c
tools-temp/ze-full-decompile/ZoneEngine.Core.Controllers/NPCController.cs,39034,9e651f20fab2a6f372f36ead04c959ed62682681d90bca6084ce7c390d0b7a45
tools-temp/ze-full-decompile/ZoneEngine.Core.Controllers/PlayerController.cs,23939,04e8537453ff2772e9646957d81c8431694485e1d3f9b2704c34ef7111f34672
tools-temp/ze-full-decompile/ZoneEngine.Core.Controllers/TeamRuntime.cs,16934,d30ad5a55ee7247151b61c4ece3770b875404e01109ebf5248fc48e5e2afb372
tools-temp/ze-full-decompile/ZoneEngine.Core.Functions.GameFunctions/Function_applytexture.cs,2746,020432b03992cafc1d8b0d01999b965d32469c7c693fe07f1760fa0c78b03711
tools-temp/ze-full-decompile/ZoneEngine.Core.Functions.GameFunctions/Function_changebodymesh.cs,1151,684c91b6502b6c2c6757ead9032303d382b7b02ffd594689d7edb130a07dd055
tools-temp/ze-full-decompile/ZoneEngine.Core.Functions.GameFunctions/Function_headmesh.cs,2196,837a0550b651214e87f96c2bae7cb357ae89b89e3ffb8631ae0b3d128500ec50
tools-temp/ze-full-decompile/ZoneEngine.Core.Functions.GameFunctions/Function_mesh.cs,4841,dbb08ae36cbb7d024de470c9f67f13ce6024b4de4c1cb35efccadc041b0d9f3b
tools-temp/ze-full-decompile/ZoneEngine.Core.Functions.GameFunctions/Function_modify.cs,1165,c808eb2920224be00656bd2fb3fd996c622ba8434171e7382f1a2e386f44c2a7
tools-temp/ze-full-decompile/ZoneEngine.Core.Functions.GameFunctions/Function_modifypercentage.cs,1125,62d91a18d8f20de5947f57419fff99813f632a1039d3992b0ce498af820f5d16
tools-temp/ze-full-decompile/ZoneEngine.Core.Functions.GameFunctions/Function_set.cs,956,9ce8a014c4a635e2bbe965d6478abab28fc00fb9cc59797d88dea714c5850155
tools-temp/ze-full-decompile/ZoneEngine.Core.Functions.GameFunctions/SubwayTeleportProxyDestinationRules.cs,2685,715cd9012444d7fcb14b91f2ffa7761195acdfbd529e0f827b5bc4fc5cf83a21
tools-temp/ze-full-decompile/ZoneEngine.Core.Functions.GameFunctions/areacastnano.cs,2604,faa7b3232a624ac64b60ebf3f9aff892449db472f1f5f93550da1a5167c3085e
tools-temp/ze-full-decompile/ZoneEngine.Core.Functions.GameFunctions/backmesh.cs,3248,1aaef31c825739f9f3f5e9ecb88084dd85bec16fc87f873bea4adf4eb74a38ee
tools-temp/ze-full-decompile/ZoneEngine.Core.Functions.GameFunctions/castnano.cs,5256,52958fe5f3762d6d426d13fd5b986fc4d6138efe05de1b812047495632c40c57
tools-temp/ze-full-decompile/ZoneEngine.Core.Functions.GameFunctions/changeactionrestriction.cs,1251,6061025a12ab61057bcc950372378add1cc5fc2c6c8c6ca06d5988308d8725e5
tools-temp/ze-full-decompile/ZoneEngine.Core.Functions.GameFunctions/drainhit.cs,468,f4e397a4931c34e17a015d0e690fc91213f343843e9cbf6ce7fca7f05dfe2bc7
tools-temp/ze-full-decompile/ZoneEngine.Core.Functions.GameFunctions/exitproxyplayfield.cs,7504,bb2df36bdb003f39ddfc0d61f97c50b1d9fe01f714b11111544725ff007e7114
tools-temp/ze-full-decompile/ZoneEngine.Core.Functions.GameFunctions/hit.cs,7375,bb5e160d8d973c8993e2947c396bcf289c00fe5127388398734af4384fcc9c22
tools-temp/ze-full-decompile/ZoneEngine.Core.Functions.GameFunctions/instancedplayercity.cs,3439,2ff4f8a84164ee17af90e234b46f5dd89b68465217485af816df410720e1db82
tools-temp/ze-full-decompile/ZoneEngine.Core.Functions.GameFunctions/lineteleport.cs,2489,b8b17bd5b5992bbc863d774f3a6628834e13d20c3dfb3bbfdd00fea54b933e11
tools-temp/ze-full-decompile/ZoneEngine.Core.Functions.GameFunctions/lockperk.cs,4818,40a478a620effe8226c8b508283324f7e16e22884b5299656df101c3a92ed117
tools-temp/ze-full-decompile/ZoneEngine.Core.Functions.GameFunctions/lockskill.cs,2618,968aada9c161129bcb0fc72f1368bf95ab1cfa9a1fa2ce6aab7af6ede474ccd7
tools-temp/ze-full-decompile/ZoneEngine.Core.Functions.GameFunctions/openbank.cs,621,00a87c6d4bcf4f9b1f4737fb852d58e645452e66d4b3ef9172756a0f9c5fce1f
tools-temp/ze-full-decompile/ZoneEngine.Core.Functions.GameFunctions/opensystemdialog.cs,1221,5acd19d6c0f2b2ae41b937e76905699eef6f0de1552908b062de97699bf283c5
tools-temp/ze-full-decompile/ZoneEngine.Core.Functions.GameFunctions/reducenanostrainduration.cs,1253,27a1d907ff2397f00b5c469f8683579d9c23feb7c5884488fc872e14513980e5
tools-temp/ze-full-decompile/ZoneEngine.Core.Functions.GameFunctions/savechar.cs,4620,fcbdf84e875c1a5556bdf1e0a38e58ef6246e538aeb68f723d9c081280566c25
tools-temp/ze-full-decompile/ZoneEngine.Core.Functions.GameFunctions/shophash.cs,2306,11fc88ec2b28b8375852eea8a5e1b7a5240e7e2c8e72ae16a7532e180c8cfb7c
tools-temp/ze-full-decompile/ZoneEngine.Core.Functions.GameFunctions/shouldermesh.cs,2712,af7a92415122d639ae3a9d57504df477c15e042c42c7c75a4e472e9efac85068
tools-temp/ze-full-decompile/ZoneEngine.Core.Functions.GameFunctions/specialhit.cs,470,f4db66b511242082f1812b2d2f1166c4f2be80d32b6c0a53092affcdf832bc65
tools-temp/ze-full-decompile/ZoneEngine.Core.Functions.GameFunctions/summonpet.cs,792,2e46b76fb000420ee0e671fb69dd017d55e3a5b61560b3d31be2904e087729ab
tools-temp/ze-full-decompile/ZoneEngine.Core.Functions.GameFunctions/summonpets.cs,1057,3fc007bc1fae6ce9a1789a9cfbfffe48a4cd8890cd52c5ac00d3cd93ae6ea8b7
tools-temp/ze-full-decompile/ZoneEngine.Core.Functions.GameFunctions/systemtext.cs,1507,216e90825671cf1e0636775e10a9deaa4ed00affa9667d327b15ad03b7a2f267
tools-temp/ze-full-decompile/ZoneEngine.Core.Functions.GameFunctions/tauntnpc.cs,2448,f08f562b6b74b4fd1f8e76efb1672190a290d8516bacc318ce1992d044f21796
tools-temp/ze-full-decompile/ZoneEngine.Core.Functions.GameFunctions/teamcastnano.cs,2497,e7ff3c9da974e9ca62a30664d6a9a567e247d98d87e61da5f64ac1df3dae8827
tools-temp/ze-full-decompile/ZoneEngine.Core.Functions.GameFunctions/teleport.cs,2466,450cc923ac1c9166a7f7c0facd2cd8f231ac0e92b8cbdc1e100ae5e868a43a67
tools-temp/ze-full-decompile/ZoneEngine.Core.Functions.GameFunctions/teleportproxy.cs,7036,c97792a686e7ca6e28e3b5027fd121d6f16166a0f54117ea8b1353d3130ecc9d
tools-temp/ze-full-decompile/ZoneEngine.Core.Functions.GameFunctions/teleportproxy2.cs,4006,7ade37128bde4d1ac36d1ab0ea864dd8fb5bb076019731591065c8b6702334bd
tools-temp/ze-full-decompile/ZoneEngine.Core.Functions.GameFunctions/undefined.cs,4151,ddf16f7883b0e6e9882b14e09a5a7e406b544c2b2b3cb524d3c669e4e01f7584
tools-temp/ze-full-decompile/ZoneEngine.Core.Functions.GameFunctions/uploadnano.cs,3132,0317596326f891fc7a571064ac69e6d4b792d3c7241ca60177515cf616f51296
tools-temp/ze-full-decompile/ZoneEngine.Core.Functions/FunctionCollection.cs,2666,d550bcc386ea97f081f56e30f82a15940435e76946c39de7e8959edfe675158b
tools-temp/ze-full-decompile/ZoneEngine.Core.Functions/FunctionPrototype.cs,893,10483845c83707d0dee255c531d7c3759211488274de16d80c360a1117c9c4d6
tools-temp/ze-full-decompile/ZoneEngine.Core.GMI/GmiMarketTerminalInteractionHandler.cs,3061,6221e63d4cc2b2d50c2513467bf70e1e59584b95c93e47d8caf80659215c0050
tools-temp/ze-full-decompile/ZoneEngine.Core.GMI/GmiRuntimeService.cs,35464,232b9674d0d2a24f176a737375d690d6cc6e55104d354e77aef6227146980514
tools-temp/ze-full-decompile/ZoneEngine.Core.GMI/MarketSendMessageHandler.cs,5813,b9ccb6e6189f95ad866887165199e1391f4e2ead257689eed13ca9734a6e5129
tools-temp/ze-full-decompile/ZoneEngine.Core.InternalMessageEvents/PlayfieldMessageReceivedEvent.cs,449,b2fd43243c328492d095165e56b9e0f9b9ad8b1da902422708fe0d7e5cc494ad
tools-temp/ze-full-decompile/ZoneEngine.Core.InternalMessages/IMExecuteFunction.cs,505,d8e7bd51522fbd0c5a5a2ee931a6c3196a519acca77dde7aa075618e0e0a80a3
tools-temp/ze-full-decompile/ZoneEngine.Core.InternalMessages/IMSendAOtomationMessageBodiesToClient.cs,272,73987fb482fe4aa8b2b4bc39d72e8e808e3149ccf35ac94af82a090d95127630
tools-temp/ze-full-decompile/ZoneEngine.Core.InternalMessages/IMSendAOtomationMessageBodyToClient.cs,266,833b7cac3e80e297e27210d7881f08d172dac09e552e387b6bb11eeb4204be73
tools-temp/ze-full-decompile/ZoneEngine.Core.InternalMessages/IMSendAOtomationMessageToClient.cs,261,abf6a94ec61afba58170adc6c04351f69d6acfe25bcd6b78b9ff47b39b0241b7
tools-temp/ze-full-decompile/ZoneEngine.Core.InternalMessages/IMSendAOtomationMessageToPlayfield.cs,203,142d39216584de20b328a938dc4054a6d27beccc10b645965a3832fd26530f9d
tools-temp/ze-full-decompile/ZoneEngine.Core.InternalMessages/IMSendAOtomationMessageToPlayfieldOthers.cs,289,1774574d5db85959a1838ef4849d92531d428de57d41eaffe458dc84ff523b44
tools-temp/ze-full-decompile/ZoneEngine.Core.InternalMessages/IMSendPlayerSCFUs.cs,171,b15321937973d7b1ae75b850315aa5d041f5cf0821595bbf9cf009bf7dab58c1
tools-temp/ze-full-decompile/ZoneEngine.Core.InternalMessages/InternalMessage.cs,221,849f4fa72adbe303ec83dc4b8deb63a015e84f2e6592a36509eb6db619b94204
tools-temp/ze-full-decompile/ZoneEngine.Core.InternalMessages/InternalMessageBody.cs,96,e8d64e9a37a086c7450e79f75667dea789a6010982a8319453fd55171b0f0361
tools-temp/ze-full-decompile/ZoneEngine.Core.KnuBot/BaseKnuBot.cs,5868,d41294acb78aa6da685f13d5874262a891e00d5949bcd9cb8d7f9e9229405c2d
tools-temp/ze-full-decompile/ZoneEngine.Core.KnuBot/KnuBotAction.cs,75,d2d734a28619490c0b8496337269c017d4124dc918bda9429a5c832f000b31f7
tools-temp/ze-full-decompile/ZoneEngine.Core.KnuBot/KnuBotActionStruct.cs,170,c35c48faea29f988b79d7f7e40ab60a7d15991c2a062d2d03e6a580ddf37d28c
tools-temp/ze-full-decompile/ZoneEngine.Core.KnuBot/KnuBotCondition.cs,109,467991d4c4d2a803c4c45d867932177142b473945cb3523d533add5ad750e80e
tools-temp/ze-full-decompile/ZoneEngine.Core.KnuBot/KnuBotDialogTree.cs,4431,58ba8b5b4615fb05da4d0eb0231a0468632a49300e576165745700da1f0debd7
tools-temp/ze-full-decompile/ZoneEngine.Core.KnuBot/KnuBotOptionId.cs,624,1a9e4099ea7229defd9579dcff08262412c5ca3b668ec96639535465479406da
tools-temp/ze-full-decompile/ZoneEngine.Core.Mail/MailMessageHandler.cs,11468,2745e3e80cdfa1e78781a403803fc73e414733ab47bd5dfa04459e314cbdfed8
tools-temp/ze-full-decompile/ZoneEngine.Core.Mail/MailRuntimeService.cs,32434,03b928a0a0687cd83b2a45e7ba1543bdfc02a6cd6793f43a91a53cf7b551bd1e
tools-temp/ze-full-decompile/ZoneEngine.Core.MessageHandlers/AddPetMessageHandler.cs,1350,228ce5223186eb965c1ebdda4d9dfa40c734da4f51586c5916f71ae7cd0b6078
tools-temp/ze-full-decompile/ZoneEngine.Core.MessageHandlers/AddTemplateMessageHandler.cs,1195,121688beeb8ec4a4c494a690881415c494dabe86d91bf749745b420784d7b41c
tools-temp/ze-full-decompile/ZoneEngine.Core.MessageHandlers/AppearanceUpdateMessageHandler.cs,3986,aab0cb965dc218c12e3a7f337d0c0e56bd1efb3d8040fd102536b0ca39cc4832
tools-temp/ze-full-decompile/ZoneEngine.Core.MessageHandlers/AttackMessageHandler.cs,11402,2287a45c67b2e738c84cc3ed7183503ebbc71c00b02314fde54af05780562eed
tools-temp/ze-full-decompile/ZoneEngine.Core.MessageHandlers/BackpackContainerActionMessageHandler.cs,2095,501d46fa0343233eaeb605daae5207536fb5827de435bfbf95f60d71513ec6ff
tools-temp/ze-full-decompile/ZoneEngine.Core.MessageHandlers/BankMessageHandler.cs,940,c29c043ed68a48b3393c2465e9bd779c2c2d1c8c72dc6a57391f0422043c286b
tools-temp/ze-full-decompile/ZoneEngine.Core.MessageHandlers/BuffMessageHandler.cs,2509,b080c2aa541b87ffd69d1ea16037b1addb478d2078f09ef2a5b8f1f0ffd127b0
tools-temp/ze-full-decompile/ZoneEngine.Core.MessageHandlers/CapturedHoloDeckVendorInteractionHandler.cs,3794,40794f73d53407a03689a03b3e031b7960f4a75f8005f1a048c542c33712d0e4
tools-temp/ze-full-decompile/ZoneEngine.Core.MessageHandlers/CapturedSubwayVendorInteractionHandler.cs,3907,466754b1ed1b759e51c584d158d22634e084da038b505e299ced7eaa96d6a764
tools-temp/ze-full-decompile/ZoneEngine.Core.MessageHandlers/CapturedThrakGardenVendorInteractionHandler.cs,4501,9e3a35a0536915ce791499049e61b2bbc267d5250a25978af4b5ff5e9e36d8ac
tools-temp/ze-full-decompile/ZoneEngine.Core.MessageHandlers/CashStatRules.cs,666,4495eeb597cda87630d251ba344a92cb6d9c2c9907ec308ee0a70946fecb47d5
tools-temp/ze-full-decompile/ZoneEngine.Core.MessageHandlers/CastNanoSpellMessageHandler.cs,3986,b0bf7b5ef06fe519ab37f6493769cfa9cf6cecd79d0cb2e9f6a6932b833a8a39
tools-temp/ze-full-decompile/ZoneEngine.Core.MessageHandlers/CharDCMoveMessageHandler.cs,5082,a233d9b8105db3bca69eb1b00cd654a01c62ceb820690b0f4a66151dd7acfeb7
tools-temp/ze-full-decompile/ZoneEngine.Core.MessageHandlers/CharInPlayMessageHandler.cs,7925,4aeb85739771ab3385f4a15efa0df8eb88b154f10c79252423cbc804bb93d112
tools-temp/ze-full-decompile/ZoneEngine.Core.MessageHandlers/CharSecSpecAttackMessageHandler.cs,6897,f6206bf8bce686568626e98826a0741de51777d3a56fb291491f0c4aa7c1db13
tools-temp/ze-full-decompile/ZoneEngine.Core.MessageHandlers/CharacterActionMessageHandler.cs,37922,a1e46dde213acb9c79ede623bb96932d539ee72a3f123846c77ebc7d9756452e
tools-temp/ze-full-decompile/ZoneEngine.Core.MessageHandlers/CharacterInfoPacketMessageHandler.cs,10277,9eb66d0ca42671a4a4bc2747791033e3efd6c911a8b52f1fdc18dc09566fc134
tools-temp/ze-full-decompile/ZoneEngine.Core.MessageHandlers/ChatCmdMessageHandler.cs,2104,204a12605373ee51f293c65b8e502043ae5c669535ba8af5d9fe77b1477925f4
tools-temp/ze-full-decompile/ZoneEngine.Core.MessageHandlers/ChatServerInfoMessageHandler.cs,1453,6ddd7074512ca8e01ec981aac4382f48c0a7aa0d1fb3ff03c6f5f53b3da1a476
tools-temp/ze-full-decompile/ZoneEngine.Core.MessageHandlers/ChatTextMessageHandler.cs,1917,de5239102aade4974a97a1c6f0451396837cfe2ccdd2f1c41f02da2dbeae8d9e
tools-temp/ze-full-decompile/ZoneEngine.Core.MessageHandlers/ChestItemFullUpdateMessageHandler.cs,4135,323861804bc28491356d566bdec2f2ae213aaae4108a3af0e4877a196186bad6
tools-temp/ze-full-decompile/ZoneEngine.Core.MessageHandlers/CityControllerInteractionHandler.cs,14545,92e7259d3899ae6ab50848c3de7d02cd57a39a6a5a3c40a34f5aa048d35d8cc0
tools-temp/ze-full-decompile/ZoneEngine.Core.MessageHandlers/CityControllerInteractionRules.cs,364,b526de3e3d33e76983ae7b2eddf6107bb36444492a5fcf3228430622ee9ea519
tools-temp/ze-full-decompile/ZoneEngine.Core.MessageHandlers/CityControllerMenuMode.cs,119,9c2f34a8671336bbd5cd25b0231ed5783ff7aeb25aa779b2c822f0d6440bcdab
tools-temp/ze-full-decompile/ZoneEngine.Core.MessageHandlers/CityControllerWindowCloseMessageHandler.cs,546,9d5fcc5b2c1d2a4cc1a385991bc3ef3685152f09780d758d2602042cd1ef9556
tools-temp/ze-full-decompile/ZoneEngine.Core.MessageHandlers/ClientContainerAddItemMessageHandler.cs,571,a3e86f67d783bd7e09fbc00045e3ce982819cd5c342b783006f7d96df89321f9
tools-temp/ze-full-decompile/ZoneEngine.Core.MessageHandlers/ClientMoveItemToInventoryMessageHandler.cs,1419,066c0307952a482722654d8a731972e2053a70079efc86e5de90fc589e9ccfa1
tools-temp/ze-full-decompile/ZoneEngine.Core.MessageHandlers/CombatStartPacketDiagnostics.cs,13370,090ad7668f4055ee95e98a0728e3f6ea8d814876d205bf0fa476460428821d27
tools-temp/ze-full-decompile/ZoneEngine.Core.MessageHandlers/ContainerAddItemMessageHandler.cs,2219,c43a99f6daba947653b90288074c9d8928a0f07179816c4329d3150fd03b9e39
tools-temp/ze-full-decompile/ZoneEngine.Core.MessageHandlers/CorpseInteractionHandler.cs,3442,1141acab1797f58a832fde1ad0242ad383ceadf408149daf9c92fd120e305f64
tools-temp/ze-full-decompile/ZoneEngine.Core.MessageHandlers/CorpseInteractionRouteMode.cs,132,014da6f644e0034dd21a42c9931f4fe2283eadc6d32082249b17b50853b6af22
tools-temp/ze-full-decompile/ZoneEngine.Core.MessageHandlers/CorpseInteractionRules.cs,1445,deaf34c7ec145256f44fc5a10113b92a321339eccf5b9b2417d789c2e6829e36
tools-temp/ze-full-decompile/ZoneEngine.Core.MessageHandlers/CreateQuestMessageHandler.cs,4094,d0a9e032a3c277950f9a6086130083485923f6ee5e77806fb3422d6b31ca1aa5
tools-temp/ze-full-decompile/ZoneEngine.Core.MessageHandlers/DespawnMessageHandler.cs,1408,97d467674e5454f4d28e438b75e15629854ccc95bbb211af8984eba7b266e9f4
tools-temp/ze-full-decompile/ZoneEngine.Core.MessageHandlers/DropDynelMessageHandler.cs,2976,31975727d4ba50d155d87e125d6912751927935fcf79de70060117e4bbda5bfe
tools-temp/ze-full-decompile/ZoneEngine.Core.MessageHandlers/FeedbackMessageHandler.cs,1185,19fa21a49e126f5252c19860897b1ba5d24a9b64b0a5e8fb87165482b417347a
tools-temp/ze-full-decompile/ZoneEngine.Core.MessageHandlers/FollowTargetMessageHandler.cs,7307,b2011a10b8b1e14e1ed31d1282b4068042ae445d2b8cd521d57cb0dce5782367
tools-temp/ze-full-decompile/ZoneEngine.Core.MessageHandlers/FullCharacterMessageHandler.cs,22011,260812e5b5af6a65122e53a4d551651feac1cd2dac4bb95fc7e602234d301d86
tools-temp/ze-full-decompile/ZoneEngine.Core.MessageHandlers/GardenReturnPosition.cs,312,277d12bb98b87c99f97ba8d3cb9d8d4a82f51316b37d0e7021dbf3590cd73050
tools-temp/ze-full-decompile/ZoneEngine.Core.MessageHandlers/GenericCmdMessageHandler.cs,6498,a701e58af64813a83e362a4ebf3a500e32cdb870201d1ec26d483085c73df89d
tools-temp/ze-full-decompile/ZoneEngine.Core.MessageHandlers/GenericCmdUseRoute.cs,357,bad1dc8a57ad435258ebb37a95909ef920bba3b16d805b8a0ccb3d85c450f486
tools-temp/ze-full-decompile/ZoneEngine.Core.MessageHandlers/GenericCmdUseRouteClassifier.cs,5014,ab64b86a91a8b8fdbe913dc0a7007beb43ecfb9846c7d8baaf62ef317815e9f1
tools-temp/ze-full-decompile/ZoneEngine.Core.MessageHandlers/GenericCmdUseRouteContext.cs,750,c18c2f097ec13f7a2f03fa581a1005fef7f3f78287287dd1b8c1b62789f60793
tools-temp/ze-full-decompile/ZoneEngine.Core.MessageHandlers/GridTerminalInteractionHandler.cs,30799,80b5f9c1e126183d514072a168322265cb897f178a3719e03059e86c44f3a3cb
tools-temp/ze-full-decompile/ZoneEngine.Core.MessageHandlers/GridTerminalInteractionRouteMode.cs,150,556dba972ff4cb20504517351f8d662fa03325f7e6391d55058a822dd86b63c8
tools-temp/ze-full-decompile/ZoneEngine.Core.MessageHandlers/GridTerminalInteractionRules.cs,796,10c0735837cd1ead7ee4a824556749278a8d5a311c74ea71dd4447ad81c54d16
tools-temp/ze-full-decompile/ZoneEngine.Core.MessageHandlers/GuestKeyGeneratorInteractionHandler.cs,20217,edcea8c72d778acd79fd3371cdffcfd18008fe6c6c27c6d1894e5a01bbcb3655
tools-temp/ze-full-decompile/ZoneEngine.Core.MessageHandlers/GuestKeyGeneratorInteractionRules.cs,891,b75105178cb41f2f79920103b08402a30c627f37edaa53e44b8ae43cd55248a3
tools-temp/ze-full-decompile/ZoneEngine.Core.MessageHandlers/InspectMessageHandler.cs,1347,b7b82a40dd851711937bae2b1cc5e41737c3620e2914cd0382a5333002e86236
tools-temp/ze-full-decompile/ZoneEngine.Core.MessageHandlers/InsuranceTerminalInteractionHandler.cs,6720,baf1e9641629306f69d3daf410fa477fc803a5627ff30e53b0f3dbee6f8208b0
tools-temp/ze-full-decompile/ZoneEngine.Core.MessageHandlers/InventoryContainerInteractionHandler.cs,715,c0e3cdcf7065f411ae1eb181e9f65ff483e9c1ec4d2573668d99f8f7a277f844
tools-temp/ze-full-decompile/ZoneEngine.Core.MessageHandlers/InventoryContainerInteractionRouteMode.cs,173,4c58c4b3b3cb6cb180724e0c11463cba1099b616adc2b2c94c205de3b99cf75f
tools-temp/ze-full-decompile/ZoneEngine.Core.MessageHandlers/InventoryContainerInteractionRules.cs,1495,c2b523301af7ced4618849fef9add813cc4c76cb4230f8131e9418b70a4a8e7c
tools-temp/ze-full-decompile/ZoneEngine.Core.MessageHandlers/InventoryUpdateMessageHandler.cs,10047,2464e9709495d6399829af4ddd5b90c9d64d5019a37c1929a0d3e38fdcefb2cc
tools-temp/ze-full-decompile/ZoneEngine.Core.MessageHandlers/InventoryUpdatedMessageHandler.cs,1205,756a051538edaa93d8741c44cab6ccf39176a21316ec4280be5e406f7de67b90
tools-temp/ze-full-decompile/ZoneEngine.Core.MessageHandlers/KnuBotAnswerListMessageHandler.cs,1970,edbe55762c3bdc58e317638732f0f2220eec0c72ae876a810732c651a2b2265a
tools-temp/ze-full-decompile/ZoneEngine.Core.MessageHandlers/KnuBotAnswerMessageHandler.cs,1737,5d5b1c3501e210b090bdce62813f729a7ebef1b687c7ed40873ee669e1fb8279
tools-temp/ze-full-decompile/ZoneEngine.Core.MessageHandlers/KnuBotAppendTextMessageHandler.cs,1752,726b8c44f49531149457a66b8cf9f96bef9c84bd820c596c52c4998c76be94c0
tools-temp/ze-full-decompile/ZoneEngine.Core.MessageHandlers/KnuBotCloseChatWindowMessageHandler.cs,2996,76c13ec667f8210854f7bb172982d2538fb6b9bf15fd6c4a0bcd47a57c8ecfe8
tools-temp/ze-full-decompile/ZoneEngine.Core.MessageHandlers/KnuBotFinishTradeMessageHandler.cs,1814,3b1d2d92e712eacf8ea12bcee29a3d6d0f2bc450cb94a73565718851403f863a
tools-temp/ze-full-decompile/ZoneEngine.Core.MessageHandlers/KnuBotOpenChatWindowMessageHandler.cs,3959,8f20ce61b295877231cf519702da3fe43fd892b3c112749908b16f5b4e2f978e
tools-temp/ze-full-decompile/ZoneEngine.Core.MessageHandlers/KnuBotRejectedItemsMessageHandler.cs,2745,de824ddd9e23ad9c13f52cd1a194adcd06be0c38d56b5831d8f18ecf10f6eb67
tools-temp/ze-full-decompile/ZoneEngine.Core.MessageHandlers/KnuBotStartTradeMessageHandler.cs,1566,f3a64a3d6b73e1616c51dc43f4914e2828e2dd43b81ed8495f634953483777ab
tools-temp/ze-full-decompile/ZoneEngine.Core.MessageHandlers/KnuBotTradeMessageHandler.cs,1484,12d6b5eee24a0b9841acf520a95d5106bdf43f9b5f0fee4be0fdaa9cbd98d825
tools-temp/ze-full-decompile/ZoneEngine.Core.MessageHandlers/LookAtMessageHandler.cs,1768,5b73aacb59109fd90836c8b6c0f2d9812f194c2e2572496b7cc3b358b3b8b5e6
tools-temp/ze-full-decompile/ZoneEngine.Core.MessageHandlers/MissionEntranceInteractionHandler.cs,2942,d4cf4b390eb39b44351e54c9161b7d4124831d77613c1885d409c0e97b3099f0
tools-temp/ze-full-decompile/ZoneEngine.Core.MessageHandlers/NascenceGardenPassageRoute.cs,686,f12248428814d810695392c6f73a0c5f38c5b939662b5bd4b8210af41b75af00
tools-temp/ze-full-decompile/ZoneEngine.Core.MessageHandlers/NascenceStatueTeleportCatalog.cs,20392,d1d0ab6cdd37d4ec2943e47f6af9afe11fbcb3a9af99f9ed4379baa670e6b5dd
tools-temp/ze-full-decompile/ZoneEngine.Core.MessageHandlers/NascenceStatueTeleportInteractionHandler.cs,19324,b444611c8af63e3997fc1ae3c56631df4e91ecfab129108dee8647d50a8d28a3
tools-temp/ze-full-decompile/ZoneEngine.Core.MessageHandlers/OrgClientMessageHandler.cs,5674,b4ab4b5e29d18bb01d7edc2af6c3a527c25da4b9793e5111c19c94713d094788
tools-temp/ze-full-decompile/ZoneEngine.Core.MessageHandlers/PetCommandMessageHandler.cs,5013,8b4cdf82bcc7beb8d582265bb4599b27918a54063c7b1f522c60187f522355ac
tools-temp/ze-full-decompile/ZoneEngine.Core.MessageHandlers/PlayfieldAnarchyFMessageHandler.cs,10948,4b93c06d21a663819a47762b9afa893248b4fed13535cc55c7f4ebd8b5575955
tools-temp/ze-full-decompile/ZoneEngine.Core.MessageHandlers/QuestAlternativeMessageHandler.cs,3308,de484155b9f7ad41d7e03b4768943c3a2e87cab6a4f783b9001643397cd78206
tools-temp/ze-full-decompile/ZoneEngine.Core.MessageHandlers/QuestMessageHandler.cs,3381,1b0bafa7f2b13d81436517fe3c48f0e59421670845807571bfc262b3202fc31f
tools-temp/ze-full-decompile/ZoneEngine.Core.MessageHandlers/RemovePetMessageHandler.cs,1377,4e2c214bd41462dd5ac377e283e46fee2d4ad17913cfdbded33c58e505b54fad
tools-temp/ze-full-decompile/ZoneEngine.Core.MessageHandlers/ResearchRequestMessageHandler.cs,15686,301eab4ba29c6c669105135ccf93a1b729dfb55a87f2fc4228f43ed971ee8b7b
tools-temp/ze-full-decompile/ZoneEngine.Core.MessageHandlers/ResearchUpdateMessageHandler.cs,1336,e36e01d8b4a3f81a4316f8610430adc539d983616856661f9ac650ebc47e9e2c
tools-temp/ze-full-decompile/ZoneEngine.Core.MessageHandlers/RexB18DInteractionHandler.cs,1266,8e427e518b9f77336f4d591402d2f886d7a8d64ea3741cbd9c1a2f56fe5b42fd
tools-temp/ze-full-decompile/ZoneEngine.Core.MessageHandlers/RexB18DInteractionRouteMode.cs,122,ba66f04415b6471c47aca32ce191135535238a7df5479dba2f1dd3099a0ad42b
tools-temp/ze-full-decompile/ZoneEngine.Core.MessageHandlers/RexB18DInteractionRules.cs,307,ad87d55f0b37ba41c7c0518c6dca69a1fbdb5572b4b0696e01455b8c8fac20a9
tools-temp/ze-full-decompile/ZoneEngine.Core.MessageHandlers/ShadowlandsReturnKeyPair.cs,380,9a452037bcb33b2db121393ab67ea23a5ebd9ad489524ba111c951237ed8e0d7
tools-temp/ze-full-decompile/ZoneEngine.Core.MessageHandlers/ShopUpdateMessageHandler.cs,1568,f1eb763761042acaa5c1a243cd6ec1ce1c9151746dab02219b36896947da109c
tools-temp/ze-full-decompile/ZoneEngine.Core.MessageHandlers/SimpleItemFullUpdateMessageHandler.cs,3235,dcf4c9e20c5c2119229a7c95a2424ad3252a8aa86a0fc71134960dad1c0c593a
tools-temp/ze-full-decompile/ZoneEngine.Core.MessageHandlers/SkillMessageHandler.cs,3314,7eae0281d512ea29291857cf63b03510ac4a927e8932aacb98e74bdf88e0fbf0
tools-temp/ze-full-decompile/ZoneEngine.Core.MessageHandlers/SocialActionCmdMessageHandler.cs,2345,eb1b674887e35eadc35ea8382457a5c9fc8ecbf67f042eaa1a1adde60cad3d7b
tools-temp/ze-full-decompile/ZoneEngine.Core.MessageHandlers/StatMessageHandler.cs,5266,52f716f42f7538af61d91daae10b7a6c374954f7eb13aee84d96b8f2ae9f72c3
tools-temp/ze-full-decompile/ZoneEngine.Core.MessageHandlers/StatelInteractionHandler.cs,978,93a05b2e9ecae70239c3ae8bc9c2d3ff249f0e054028c2850b99481b26b305da
tools-temp/ze-full-decompile/ZoneEngine.Core.MessageHandlers/StatelInteractionRouteMode.cs,117,a8132565d36b2848b6ff06af529495041435ad32680128c5bc8f18dcec0a58bf
tools-temp/ze-full-decompile/ZoneEngine.Core.MessageHandlers/StatelInteractionRules.cs,317,389e44f25a183e0a8c464b5c5881c41bed503455ce3a6c795833410d46fb97c7
tools-temp/ze-full-decompile/ZoneEngine.Core.MessageHandlers/StaticDynelInteractionHandler.cs,7676,807d41f40d6fa0110eacf2b20db9bbf15312f1e8337a3deb6aa72dc3121ed3d2
tools-temp/ze-full-decompile/ZoneEngine.Core.MessageHandlers/StaticDynelInteractionRouteMode.cs,124,70d4a9f58fca3d01df996f8b4068b183d2e6965b10896cdfbbc162b4f95182f9
tools-temp/ze-full-decompile/ZoneEngine.Core.MessageHandlers/StaticDynelInteractionRules.cs,319,609ad42f798e45c3ed763509d03384accb45783eed9d3bd8b2394b8e1e2fe0f9
tools-temp/ze-full-decompile/ZoneEngine.Core.MessageHandlers/StopFightMessageHandler.cs,1750,961951c0083c9fc820d93c08d4b9f1f3bded07293d2f63df914a84608899428b
tools-temp/ze-full-decompile/ZoneEngine.Core.MessageHandlers/SurgeryClinicInteractionHandler.cs,9952,9969b92a163673746dac18de8da1ffd5afb7319e0aaf54057a1e65016653e42d
tools-temp/ze-full-decompile/ZoneEngine.Core.MessageHandlers/SurgeryClinicInteractionRules.cs,1379,bb22dd8a93fd0c9dbc97ede9afb4f23d11ab1f3d91c5753977a2d99013e31342
tools-temp/ze-full-decompile/ZoneEngine.Core.MessageHandlers/TeleportMessageHandler.cs,18968,4b71d85c32b1ce857bbbc761e4c870a0bea352b67d119baaf38ac11d3f09f354
tools-temp/ze-full-decompile/ZoneEngine.Core.MessageHandlers/TemplateActionMessageHandler.cs,1582,7428cda371ed7ce7659dc5b3cb2927116a2832bd7dc17cb5af6b05c1da0d0a34
tools-temp/ze-full-decompile/ZoneEngine.Core.MessageHandlers/TradeMessageHandler.cs,94633,dd75764f7686f49b3e14a1260e53c2b9ed38c5e4ca3f521282e2cc26f23108e1
tools-temp/ze-full-decompile/ZoneEngine.Core.MessageHandlers/UseItemOnItemInteractionHandler.cs,1036,2b134286f98f41e9addabd3b30c85d6f5a75e9c844eaff8cf42329ee550c4604
tools-temp/ze-full-decompile/ZoneEngine.Core.MessageHandlers/UseItemOnItemInteractionRouteMode.cs,123,7e7bad111fa471478ec290d5f7ac477349a6b1a806468f81515a75562b86c7f3
tools-temp/ze-full-decompile/ZoneEngine.Core.MessageHandlers/UseItemOnItemInteractionRules.cs,528,4179545e40011167d4e49d59b9f2b70bbe3ff83518cef45826cfa078ccc05a97
tools-temp/ze-full-decompile/ZoneEngine.Core.MessageHandlers/VendingMachineFullUpdateMessageHandler.cs,3900,6b34d54e3fc7657c4ebe85bad03256543e7290c1d0a454e58546a3e2e99748dc
tools-temp/ze-full-decompile/ZoneEngine.Core.MessageHandlers/VicinityChatMessageHandler.cs,3651,aadf5310d0147058506b3af59c78a988dde19c6da05d1459aa4690d19f1609fc
tools-temp/ze-full-decompile/ZoneEngine.Core.MessageHandlers/WeatherControlMessageHandler.cs,4645,264b2f58c1825a6f95ee8c3f9a6ecabc092be399eb1bd097fe50ddd86d02e7c9
tools-temp/ze-full-decompile/ZoneEngine.Core.MessageHandlers/ZoneLoginMessageHandler.cs,1323,1fdf68ea88b705677ecfe53b1ad0449c40c4c37e226104f09aed1735bfd5378a
tools-temp/ze-full-decompile/ZoneEngine.Core.Missions/IMissionRepository.cs,645,311d6272f982177e24c370713010d403b06fdccbd29d3d1f3f52c97c437df8f0
tools-temp/ze-full-decompile/ZoneEngine.Core.Missions/IMissionRepositoryTransaction.cs,1642,1537463e2431944ae0776c3aaa7e4b9f3a2b6514eb6d2580287948ff54aab23d
tools-temp/ze-full-decompile/ZoneEngine.Core.Missions/IMissionRewardEffect.cs,158,da74bd0048d9cb8f7a0f05fe47fddc130e3d8b3056967ea52b96c3b6ac2ede99
tools-temp/ze-full-decompile/ZoneEngine.Core.Missions/InMemoryMissionRepository.cs,24042,5b4b3078bb8090a48685943f922a6c0cc83341fec394d7dd3fbbcc44bf929d9b
tools-temp/ze-full-decompile/ZoneEngine.Core.Missions/InMemoryMissionRepositoryState.cs,1206,28ab109020369c3c6b4a187b7f3c977048525b608427ab90e4e89947b5a7de1a
tools-temp/ze-full-decompile/ZoneEngine.Core.Missions/MissionAcceptCaptureTemplate.cs,2263,019d22d6780908cd16186a706dab007274a2be2b3dab3c20b68dd5011ebaa1d8
tools-temp/ze-full-decompile/ZoneEngine.Core.Missions/MissionAcceptService.cs,18779,e62361377bb0beeb5e34262d25cdc1c31b4d7e7c1b8cc6e030a74350fb9d6b17
tools-temp/ze-full-decompile/ZoneEngine.Core.Missions/MissionAcceptedStore.cs,11067,8fb0112e0d26cac27d84739ff278041e2b49647bfee3f80f9157585a74a1f24d
tools-temp/ze-full-decompile/ZoneEngine.Core.Missions/MissionAccountFlagRecord.cs,497,a91be7faa3423ea7426ccfc575da5546dc1c39f275e5e9a53324242ee290da03
tools-temp/ze-full-decompile/ZoneEngine.Core.Missions/MissionAtomicRewardStatus.cs,128,795f09283bab0c497b3dad60e822f1d8f055d00405d2e00ebaac3a35670bea53
tools-temp/ze-full-decompile/ZoneEngine.Core.Missions/MissionAtomicStatRewardResult.cs,354,7fdb4abad92c3cabbe47685daa567a1347783160f0152a503d11fb2910984b85
tools-temp/ze-full-decompile/ZoneEngine.Core.Missions/MissionCharacterSnapshot.cs,1302,d7c3a27b5f329d3ba5dec88e099335e33dd565ea759177670ebb6cac5d75e7a9
tools-temp/ze-full-decompile/ZoneEngine.Core.Missions/MissionCharacterStatMutation.cs,351,db0557b9288e00ba199720d52d4209f93ee143c166c8cd858d23ddcb723bfc14
tools-temp/ze-full-decompile/ZoneEngine.Core.Missions/MissionCharacterStatValue.cs,208,5051e800c282fb82c1407d34e0ef34d15a687a669f59242d263c3e5076266c7a
tools-temp/ze-full-decompile/ZoneEngine.Core.Missions/MissionCompleteService.cs,20027,0a10d7fd273ce1bc1822c6c178f613a51540f0827803e3f268b10e775e59b0b2
tools-temp/ze-full-decompile/ZoneEngine.Core.Missions/MissionDefinition.cs,582,0f458253b6f5d563591abbc0d4514e3f3259a9c0b4dab39ed315e268941167c0
tools-temp/ze-full-decompile/ZoneEngine.Core.Missions/MissionDefinitionCatalog.cs,7396,ec2877845894d14865936a7a04ba10e73e2364081b3c4429a17d4f01d1dcf2a9
tools-temp/ze-full-decompile/ZoneEngine.Core.Missions/MissionDiagnostics.cs,863,d0292c625c1b0c614bd82c27d0aa8305139759e64d4d32fd57e9b380c45d5587
tools-temp/ze-full-decompile/ZoneEngine.Core.Missions/MissionFlagRecord.cs,468,449883eb55dd64bf39e2508ab8d8442ffce0bf57a0eb558c6d5a10ceccd2ba0f
tools-temp/ze-full-decompile/ZoneEngine.Core.Missions/MissionInstanceDoorCapture.cs,8688,016050f52a6b962f515d2b87c014a30351b2b4ddfef6d76e07579f8602cd8954
tools-temp/ze-full-decompile/ZoneEngine.Core.Missions/MissionInstanceDoorReplay.cs,4846,8a84055c63afd83a94d2ebc086e5285e9015046739b7f8c2c87f1c3c821cc2d0
tools-temp/ze-full-decompile/ZoneEngine.Core.Missions/MissionInstanceDynelCapture.cs,39497,8170f00f03201248827b5604cbd9ea6613df4a3ece2d747134cacb39f893c449
tools-temp/ze-full-decompile/ZoneEngine.Core.Missions/MissionInstanceMobCombat.cs,3942,b792992cfc648a9ac0aba56519ad01081cc357311ee3515f50ecc66266325f54
tools-temp/ze-full-decompile/ZoneEngine.Core.Missions/MissionInstanceService.cs,17017,8c9a1ec13f60e09d31535cb23b39583b48e53b9faf0496c538d8478203c6f3e9
tools-temp/ze-full-decompile/ZoneEngine.Core.Missions/MissionKey.cs,1110,5693692ead26da5db831884d764a6ca74765a1aca2083182e47d74d53e3c074c
tools-temp/ze-full-decompile/ZoneEngine.Core.Missions/MissionKeyGrantService.cs,20114,1ba2a2129c8f70aad8f0cae98ddd9049dca5b2601434fe01de51c37d1a2d1e0f
tools-temp/ze-full-decompile/ZoneEngine.Core.Missions/MissionKeyStore.cs,978,e727d209fe2491038467d37298f35c6416ca91a8b44fd538598b95e03a64eeb6
tools-temp/ze-full-decompile/ZoneEngine.Core.Missions/MissionLevelTable.cs,3092,d72e9c34ed9def5bc355382b330d75931ec8ec284ead8e9dcba2fc871650b828
tools-temp/ze-full-decompile/ZoneEngine.Core.Missions/MissionLifecycleState.cs,140,1286c36a283a3cc787f2694a18dad78dd5b82002ea0c2db5fdfe18a8a7df686b
tools-temp/ze-full-decompile/ZoneEngine.Core.Missions/MissionLocationPool.cs,19429,4d6c0b6b7b9c457721eae5ff93cdc75e1a904c589376257ed7c3fb08f65488db
tools-temp/ze-full-decompile/ZoneEngine.Core.Missions/MissionLocationSide.cs,106,0580022222780e0993dfbc997569b8cb19be647d79f9c9ccd0aff28b47d4b787
tools-temp/ze-full-decompile/ZoneEngine.Core.Missions/MissionMachineTracker.cs,1434,7a9b135ccf39d92147edf8b1e39ec7f0a38a19d19a8e9cc14bd8e8924091a553
tools-temp/ze-full-decompile/ZoneEngine.Core.Missions/MissionObjectiveDefinition.cs,258,2a218aec32fe5368daf5004238554e5472b5dbab5a121701148b66d27a22971e
tools-temp/ze-full-decompile/ZoneEngine.Core.Missions/MissionObjectiveKey.cs,1080,e504bcbb1bd5b22352a3e2faf5da680b39a93fd962c42e8417522660c52a0b78
tools-temp/ze-full-decompile/ZoneEngine.Core.Missions/MissionObjectiveObservation.cs,436,d308b0d49ffa596d2e63f98c6e70d5bbbb60af7db29adc2af6d5e7205d6a7492
tools-temp/ze-full-decompile/ZoneEngine.Core.Missions/MissionObjectiveObservationRecord.cs,703,9f2ec956a8fe5551497db945adc5197a5a15aeb9177376d79af343d01e6adf33
tools-temp/ze-full-decompile/ZoneEngine.Core.Missions/MissionObjectiveProgressRecord.cs,605,3609524fdf3271ecf3f01fe9f924d2809a5a7c7bdd557c5412d7c777c191dd98
tools-temp/ze-full-decompile/ZoneEngine.Core.Missions/MissionOfferStore.cs,1836,d8d595c8df73cee9649ed6d69282e59ea99a8592fe449b75147c5c7daef1f8c0
tools-temp/ze-full-decompile/ZoneEngine.Core.Missions/MissionOperationResult.cs,479,a3e476a1292d0ab48bc480de2084b567be0cd42b7647f6ae0d9bdcc27c51ef26
tools-temp/ze-full-decompile/ZoneEngine.Core.Missions/MissionOperationStatus.cs,175,62e99e212af6ac100f449c62b4ea5bb1a667e07c198590a46b5e060ffd7f78f0
tools-temp/ze-full-decompile/ZoneEngine.Core.Missions/MissionReloadReason.cs,146,b1341738f5d0afc83b36571e386db78c77d5fa8ce25ced7f63b7d10bd3e37fc2
tools-temp/ze-full-decompile/ZoneEngine.Core.Missions/MissionReloadResult.cs,303,8d51261a7a022f054faa3f1ea13e8c1098419c08a1206d7ba181ccbf1fa0cbf6
tools-temp/ze-full-decompile/ZoneEngine.Core.Missions/MissionRepairService.cs,6255,2d8f7645f5d297733442ae1e2d21a982711a372d3cf494a505e29b28e7771701
tools-temp/ze-full-decompile/ZoneEngine.Core.Missions/MissionRewardCatalog.cs,7515,1f87d5bd87d3238b85837a911530a8121a9524753c6d0013cec0d3a84d7f471f
tools-temp/ze-full-decompile/ZoneEngine.Core.Missions/MissionRewardClaimResult.cs,242,5033cca3ec1a8dc788e1425541d4492d3eae0b3f407c38e408d1629a8ebeacd4
tools-temp/ze-full-decompile/ZoneEngine.Core.Missions/MissionRewardClaimStatus.cs,135,4ebfc1fa1da1288d008a91f16526824935324213a5bf3a679e896bff66277f9b
tools-temp/ze-full-decompile/ZoneEngine.Core.Missions/MissionRewardCoordinator.cs,7889,e8f57c5fdb7254c94d55c894343b510f355c1eee773b109fcfb6ea437309c79f
tools-temp/ze-full-decompile/ZoneEngine.Core.Missions/MissionRewardDefinition.cs,427,c650916c1be7db84f0a415aa6ee156e23628d7fea6b16f910d3190ce4630a054
tools-temp/ze-full-decompile/ZoneEngine.Core.Missions/MissionRewardEffectResult.cs,899,2fe9cbe5a771d20fb189ec74872404481d5a3711d1590e3182f392668a6a3057
tools-temp/ze-full-decompile/ZoneEngine.Core.Missions/MissionRewardEffectStatus.cs,136,f2cfc71a58528b844fa324882fc76f3cdb667c296958aab49e8259cb9bdf1c74
tools-temp/ze-full-decompile/ZoneEngine.Core.Missions/MissionRewardExecutionContext.cs,393,810bc47743775a1a45400a4c0d01a3667d8b098abb161c7aeb8e7a28004b6217
tools-temp/ze-full-decompile/ZoneEngine.Core.Missions/MissionRewardExecutionResult.cs,490,67c7023bbc8959ea65b026e6d70b2daebc2d828ae4baed2a2e3b4c511a097cd7
tools-temp/ze-full-decompile/ZoneEngine.Core.Missions/MissionRewardExecutionStatus.cs,173,59157b151a8e8b8a6e5830f355a7c87b0d709de0a00fd629f1c7d81289ce5fd9
tools-temp/ze-full-decompile/ZoneEngine.Core.Missions/MissionRewardKey.cs,1034,0673ed9853cfc3d5bf42319f6747e18ebe0a33da8a4975d3b2a0934635a76107
tools-temp/ze-full-decompile/ZoneEngine.Core.Missions/MissionRewardStageRecord.cs,868,b5fd051dd2057dc361b5dc4dea118058705d96e3b1b71ab77f23e755e5e1f2ab
tools-temp/ze-full-decompile/ZoneEngine.Core.Missions/MissionRewardStatus.cs,127,f2ae3114fe2e212d3ea6a29798d424f34da72738dae388e7a280c127b56ea157
tools-temp/ze-full-decompile/ZoneEngine.Core.Missions/MissionRollCaptureLibrary.cs,109472,1c06e1ebba29bf9e466512c1645841150b4796b6b6b77794a6317fe40e4a53f0
tools-temp/ze-full-decompile/ZoneEngine.Core.Missions/MissionRollCaptureTemplate.cs,8842,086d1ef62fb48322299a66bd562273793fa29f7d3c88ed7c7b1cd1f878539a99
tools-temp/ze-full-decompile/ZoneEngine.Core.Missions/MissionRollService.cs,26185,356bfb781b789e89f521c7aba26a9b36ef4ffb527ad33fe5f835d95d765f5047
tools-temp/ze-full-decompile/ZoneEngine.Core.Missions/MissionRollType.cs,132,24f86a0c98613f56ce7e6a6b4aee40c12574e709f37eaa5dd36bea3e115d361b
tools-temp/ze-full-decompile/ZoneEngine.Core.Missions/MissionRuntime.cs,4299,75d6796e18d3d6de27f4c1d68593698b5fca961f247a0f0e64c8c24a204c8d18
tools-temp/ze-full-decompile/ZoneEngine.Core.Missions/MissionStatMutationKind.cs,106,2d8998ea683c4e5594c17fae94dd324094fb8772ec1bdc0dab255f78377956fe
tools-temp/ze-full-decompile/ZoneEngine.Core.Missions/MissionStateRecord.cs,803,cc65cf81b7a99b1725158eb707ee488ad6642d9f5bfa4dd23f4073be3e676a3a
tools-temp/ze-full-decompile/ZoneEngine.Core.Missions/MissionTargetTracker.cs,1481,4c5130be086c1c41de54d3d6658a0d202246bf2daa27b431c213e93ec410a446
tools-temp/ze-full-decompile/ZoneEngine.Core.Missions/MissionTypeCatalog.cs,3543,ae208de218162cd69e21c50454cced1b8845e94cd8b7ef2b08b4ed517f0fbc35
tools-temp/ze-full-decompile/ZoneEngine.Core.Missions/MySqlMissionRepository.cs,40368,2be48f1f081f57883257e1c6dec7faee309afffd3f046ab7c7e4776dc4af8a03
tools-temp/ze-full-decompile/ZoneEngine.Core.Missions/PersistentMissionService.cs,32252,50eabafb53719a69bd9a3bfe52aa12a342bddf0a990f740eea19846bb239309b
tools-temp/ze-full-decompile/ZoneEngine.Core.Navigation/BoundedGridChaseRoutePlanner.cs,11730,06b5a96ecd1aa3b7960516a4735c6004d9c6a3f4125f113683570cd48c5941e4
tools-temp/ze-full-decompile/ZoneEngine.Core.Navigation/ChaseNavigationCapability.cs,130,1d5a29c987455c2b7e2515334be9bb85113615060146c1156f43f32126683d6b
tools-temp/ze-full-decompile/ZoneEngine.Core.Navigation/ChaseNavigationPoint.cs,883,d2ac729e68ad68747c8664af0dd95b3fd10310e32638e76bc04ce3d6b1103719
tools-temp/ze-full-decompile/ZoneEngine.Core.Navigation/ChaseRoutePlan.cs,1628,4c53ccdb95f0f79f6f3f0fe7fbec59034fcc6ab13760e2d93dcdcef1e053bc57
tools-temp/ze-full-decompile/ZoneEngine.Core.Navigation/ChaseRoutePlanStatus.cs,178,5c10da87fb632a3eb33d384cdb43a8b02e2eeee79063735b9655fb4cc0a69f07
tools-temp/ze-full-decompile/ZoneEngine.Core.Navigation/ChaseRouteSearchLimits.cs,1635,bc339b9132d15c63a2aa7e5daefa954bc34c74b5f497adb6dbcf93f198b9d5ac
tools-temp/ze-full-decompile/ZoneEngine.Core.Navigation/IPlayfieldChaseNavigationProvider.cs,677,df21a7fc1326dbd1426a6cfd308c171414c4b7634a54a8791e90af1459c2b83a
tools-temp/ze-full-decompile/ZoneEngine.Core.Navigation/NpcChaseInvalidationReason.cs,387,a6011bbf1382b3bd7218e229da7c307a0683fa01019d164c9ed0fc934679331a
tools-temp/ze-full-decompile/ZoneEngine.Core.Navigation/NpcChaseMovementKind.cs,139,9ee2d421b944247611f85f680dc54cd918ef7e2a54335ab424c48c7ee1560cea
tools-temp/ze-full-decompile/ZoneEngine.Core.Navigation/NpcChaseNavigationRuntimeService.cs,10014,7558911f63d6b307eb56baf90de4ab4a945de96df274e933dbb62851562b4b97
tools-temp/ze-full-decompile/ZoneEngine.Core.Navigation/NpcChaseRouteFollower.cs,2946,567a813b20be37b82f7b7daaa0b6e5c686028af4dc0cc9537c663239f996a8ec
tools-temp/ze-full-decompile/ZoneEngine.Core.Navigation/NpcChaseRouteState.cs,989,dfc6956cc6837fddb4f725ce1319fd05895c8077d0f073ede238ca2440c7b5a1
tools-temp/ze-full-decompile/ZoneEngine.Core.Navigation/NpcChaseRouteStateKind.cs,113,cdba88a79c20df6734da5738484e012e9f78007a99c72b1a3727ce40383af0b6
tools-temp/ze-full-decompile/ZoneEngine.Core.Navigation/NpcChaseUpdateResult.cs,2236,fe04da18e0b9443efa07694002113a0681d493d842c4aa308e4a5417c0d5b3af
tools-temp/ze-full-decompile/ZoneEngine.Core.Navigation/NpcCombatLeashPolicy.cs,1610,37c17d8a09cf61a411904cfd75c07a480706b4075762ef9f59ad054d75e3da65
tools-temp/ze-full-decompile/ZoneEngine.Core.Navigation/Pf127ChaseNavigationProvider.cs,4603,038c3566b41dd8a60b3897fc6e056c4d55034d398afdf08174c305b938752a99
tools-temp/ze-full-decompile/ZoneEngine.Core.Navigation/PlayfieldChaseNavigationProviderFactory.cs,760,24ce4da2e87639f797d0e4a69a9e76fe1aca33b3213601306f198451ae6a2deb
tools-temp/ze-full-decompile/ZoneEngine.Core.Navigation/UnsupportedPlayfieldChaseNavigationProvider.cs,1251,aa467fb3dfa1d105b5a62bf122f41eb19c623165a36b5db7f26d6d368b03164f
tools-temp/ze-full-decompile/ZoneEngine.Core.PacketHandlers/ClientConnected.cs,24680,5a3198ee2267cb6aa43577ea49722df8d2a326a2698f70a375a3f84a355ad298
tools-temp/ze-full-decompile/ZoneEngine.Core.PacketHandlers/OrgClient.cs,27519,1683634e03f56f750ec0a5ee82172c1ffe32f2bc4e458b78ae1cf5d7e07b34f2
tools-temp/ze-full-decompile/ZoneEngine.Core.PacketHandlers/TradeSkillReceiver.cs,9316,1223e02a7501070ffd2f033bab22b6866d3f3667b944b645ca70b1b4e68fe715
tools-temp/ze-full-decompile/ZoneEngine.Core.Packets/Bulk.cs,415,41df47047a6a330253408516dc2b02aae003e0e8f711e7b157ff4d03823b07c7
tools-temp/ze-full-decompile/ZoneEngine.Core.Packets/CorpseFullUpdate.cs,23509,8c67e189c380199b87b370ea6af4d2c3c8ffa6ee30b1075946a1d653bf682c95
tools-temp/ze-full-decompile/ZoneEngine.Core.Packets/Equip.cs,6696,08ea325e83a1592517985cde11541873b960b64dc0af0ab033876cfd4e5b5ceb
tools-temp/ze-full-decompile/ZoneEngine.Core.Packets/SimpleCharFullUpdate.cs,36072,680d16d1ae54362856b94ba168bba98dd2aa91308858e88d2fb6cf46a320c625
tools-temp/ze-full-decompile/ZoneEngine.Core.Packets/Stat.cs,6918,c357e27102ef23260321cc5d32fff0c12297b5d67fcde69bab01eb5fcf2b941f
tools-temp/ze-full-decompile/ZoneEngine.Core.Packets/TradeSkillPacket.cs,8230,22a7e0968c505829c296580996e87f0bcffc674337f2c1ce1bc4c2944b173430
tools-temp/ze-full-decompile/ZoneEngine.Core.Packets/UnEquip.cs,5112,11b03797183378293c61ac457b0b07e0dc094fda7ec4e6518039c84c70f8a95b
tools-temp/ze-full-decompile/ZoneEngine.Core.Packets/WeaponItemFullUpdate.cs,11839,e210a127e317a655a85323fb41e3f64631c6ccc43eb43a4acb927ff846c8366d
tools-temp/ze-full-decompile/ZoneEngine.Core.Packets/WeaponItemIdentity.cs,2322,8ec9b443f5039bfb328c1353c097caabbd3ee8d25d686c7458ff10ac760d9bb2
tools-temp/ze-full-decompile/ZoneEngine.Core.Perks/PerkCatalog.cs,7301,48c470304f90568f006664934a6ce4480ece5b10f53b6eb4049299b5322efdc5
tools-temp/ze-full-decompile/ZoneEngine.Core.Perks/PerkDefinition.cs,617,9101f2a7d8937d9e99c60c89cd150f08be4e86e474a7f276b82131dc8688dd6e
tools-temp/ze-full-decompile/ZoneEngine.Core.Perks/PerkResetMissionSender.cs,6880,bf776cb99bb744964f4c495136aec9ecb80c18363ab5d89b660788946a8bf9d6
tools-temp/ze-full-decompile/ZoneEngine.Core.Perks/PerkRuntimeService.cs,24886,ebcec2dc99c419f8778f8dc3312f489806c308f18fb203401ed2af14cc8cc26f
tools-temp/ze-full-decompile/ZoneEngine.Core.Playfields.Content/AndromedaIccHqContentModule.cs,1155,af96f8f2f1f3b17f8beab8065a226d542294cdc85e760bf797644b328c6fc802
tools-temp/ze-full-decompile/ZoneEngine.Core.Playfields.Content/AreteContentModule.cs,976,50ac3276bfb323eaef643383e5d5eda25588ac8413c80b8f8c0c21d26222cd23
tools-temp/ze-full-decompile/ZoneEngine.Core.Playfields.Content/HoloDeckContentModule.cs,1164,3a1b959d686134497d5b0ba6124be40007844f1bda0ef2af77d95865a202a6bc
tools-temp/ze-full-decompile/ZoneEngine.Core.Playfields.Content/IPlayfieldContentModule.cs,330,6648f5c4a17844ceecac432abae3e0d0599613d80da505d32adb307e3078732f
tools-temp/ze-full-decompile/ZoneEngine.Core.Playfields.Content/JobePlatformContentModule.cs,1156,47772c8f7bf08d99d58169dd340465290e2f99076648eb0b7aed61d26c20154f
tools-temp/ze-full-decompile/ZoneEngine.Core.Playfields.Content/MissionInstanceContentModule.cs,1178,437a02249e8210b756b9a2f758f713648784cf60513ba5f76d7c3c34e3aa158c
tools-temp/ze-full-decompile/ZoneEngine.Core.Playfields.Content/MontroyalContentModule.cs,967,60b238af91d568fe1623face70a0adbaed52edd578d03449039dcf2e1130aa95
tools-temp/ze-full-decompile/ZoneEngine.Core.Playfields.Content/NascenceCoreContentModule.cs,437,1f29171a8719086717ebf3aeef251178af0ad76948d3e6c3f8e6c1f8031a2d6c
tools-temp/ze-full-decompile/ZoneEngine.Core.Playfields.Content/NascenceLifeContentModule.cs,1385,b69c9532fea8d0eb2f278965989ce05179789a9efa8bc0c40beecc26c3d5fa2f
tools-temp/ze-full-decompile/ZoneEngine.Core.Playfields.Content/PlayfieldContentCoordinator.cs,1361,338230c21320fba698dd44cd40abdaecd6e7fbcce6bbdce5353baa35ada557cd
tools-temp/ze-full-decompile/ZoneEngine.Core.Playfields.Content/PlayfieldContentRegistration.cs,924,a59b09eea454f0d5bdb60d3c4e7e9319200165c60b1bb46dd2f7c267e80e0ed8
tools-temp/ze-full-decompile/ZoneEngine.Core.Playfields.Content/PrivateCityContentModule.cs,1106,46e6fbf12c99df1a547cb8b1a052a84fe5a0f5f279d76cf7c3a89ce09ea5b2df
tools-temp/ze-full-decompile/ZoneEngine.Core.Playfields.Content/RomeBlueCityContentModule.cs,1150,f5fa21cff5a165dc2e752a1b56d900d199db3177b4fe25d1b317c2f0952ae79c
tools-temp/ze-full-decompile/ZoneEngine.Core.Playfields.Content/SubwayContentModule.cs,744,e2e39dd65c16a18a8688fa5903c7a399ee719295ea9d8ad00fe2ae2d434aff30
tools-temp/ze-full-decompile/ZoneEngine.Core.Playfields.Content/ThrakOmniGardenContentModule.cs,1102,77183d01181420d8efb29e82e0e49565a38c2b725f586939adec271a3446ba6c
tools-temp/ze-full-decompile/ZoneEngine.Core.Playfields/AreteLandingQuestPropDefinitions.cs,7119,e23bfd0b9d3c99d9c972cbb88a282f910faac1cf67e9ec65da6b25da4a2f5530
tools-temp/ze-full-decompile/ZoneEngine.Core.Playfields/CapturedAreteAlexAreaVendorContentProvider.cs,2637,3a566ee75da0d04addbd7ab8c3ff12a768e388c55f134836efdb02f901d0d7c9
tools-temp/ze-full-decompile/ZoneEngine.Core.Playfields/CapturedAreteAlexAreaVendorDefinition.cs,966,0f128fed0db3c7643a4a90ae620c799ced4862263be177e173db6e166c0f8616
tools-temp/ze-full-decompile/ZoneEngine.Core.Playfields/CapturedAreteAlexAreaVendorRuntimeService.cs,6570,c1c7ac1c9f159725a0667e5c50f6c5107a0fde398af021da8e69b61ceae549e8
tools-temp/ze-full-decompile/ZoneEngine.Core.Playfields/CapturedAreteAlexAreaVendorStockDefinition.cs,479,023501684b6b58ac9a1a20fe02da96359283ae722d84a3015b47c7678ead87f8
tools-temp/ze-full-decompile/ZoneEngine.Core.Playfields/CapturedAreteRobotContentProvider.cs,10804,555ecd3b1f1b7b404b0fae339cc92ed9fedf3004d62f8a37d9fc355d503fd366
tools-temp/ze-full-decompile/ZoneEngine.Core.Playfields/CapturedAreteRobotPatrolReplaySegment.cs,743,cf58ec02e61642cb92a7cb6ebd8bd0ae01666f1a7ec61af559b311b1a94f1792
tools-temp/ze-full-decompile/ZoneEngine.Core.Playfields/CapturedAreteRobotSpawnDefinition.cs,925,b13bff4cdf861d4160b910eb81c9a45bdb7628e65e83f0c14e0713be2dcdf4d2
tools-temp/ze-full-decompile/ZoneEngine.Core.Playfields/CapturedHoloDeckVendorContentProvider.cs,1813,e83335ea0a13633fdc9f7418ae274ad870a22eba23528627d3684925583288ff
tools-temp/ze-full-decompile/ZoneEngine.Core.Playfields/CapturedHoloDeckVendorRuntimeDefinition.cs,643,3448c0aeba8dc999f53cb3b30e4caebe47c5a127f735f2c39781632f58c9b2ba
tools-temp/ze-full-decompile/ZoneEngine.Core.Playfields/CapturedHoloDeckVendorRuntimeRegistry.cs,2413,6b5dadbfa490303906d1fbdf6646f22fdfc9cd0e559c3df29138618763ec83a3
tools-temp/ze-full-decompile/ZoneEngine.Core.Playfields/CapturedHoloDeckVendorRuntimeService.cs,7096,8c6b4f5b602f424c61d778c5659e251fd6117cafa47d9d2914908c3b385f1c11
tools-temp/ze-full-decompile/ZoneEngine.Core.Playfields/CapturedHoloDeckVendorStockDefinition.cs,469,e8a138ff5dd059d665fe59e0e5efaa185a2b1699acc2346b9313e662be58115d
tools-temp/ze-full-decompile/ZoneEngine.Core.Playfields/CapturedSubwayContentProvider.cs,43577,de64c79b3992cfe72468bd3448551e373f235e74b6dfbe24ed4317956823c9c7
tools-temp/ze-full-decompile/ZoneEngine.Core.Playfields/CapturedSubwayLootDefinition.cs,1793,540cdc4fb1eeba57522c3f6656caa274a09f6a0ce149d48af6698a0341f66823
tools-temp/ze-full-decompile/ZoneEngine.Core.Playfields/CapturedSubwayPatrolReplaySegment.cs,823,f7daed3d277b0a772aa76631b2a9b190e3990cf610ecea04353f2765e1f4ec6c
tools-temp/ze-full-decompile/ZoneEngine.Core.Playfields/CapturedSubwaySpawnDefinition.cs,2599,b90e0aa94d9c296eec82890416e689d42ff2e58847d0615d69910f5fe3be640c
tools-temp/ze-full-decompile/ZoneEngine.Core.Playfields/CapturedSubwayTailorDialogueContent.cs,943,8dec269c9c1441ffbd3177276759cd17bb8fa0d899c53c3a8596b31efe460954
tools-temp/ze-full-decompile/ZoneEngine.Core.Playfields/CapturedSubwayTailorDialogueRuntime.cs,6212,18380a6ff44bf5365faf53a554e09925c881984a22269361a2e3aa37124d0b50
tools-temp/ze-full-decompile/ZoneEngine.Core.Playfields/CapturedSubwayVendorContentProvider.cs,20282,0c17de79138a264178a7efd70437a80c3f4abe5e79ea3223684d2b236e011316
tools-temp/ze-full-decompile/ZoneEngine.Core.Playfields/CapturedSubwayVendorDefinition.cs,4078,6cf9d7bde2ed6dd12153cfb6702ea5087d98de7257922979961b6c9c825368f5
tools-temp/ze-full-decompile/ZoneEngine.Core.Playfields/CapturedSubwayVendorMeshDefinition.cs,505,11415dbbac346eda77a7cc7b7ea7b177fac764552fade72255288b7b849539c0
tools-temp/ze-full-decompile/ZoneEngine.Core.Playfields/CapturedSubwayVendorRuntimeDefinition.cs,968,5e4c832de765b29ff39d765a0f4ad44e9bd9ca2f3a6d7b403ae893a4384ff874
tools-temp/ze-full-decompile/ZoneEngine.Core.Playfields/CapturedSubwayVendorRuntimeRegistry.cs,2384,7e4b930462176443deaf9366a3f10372948a3a0000cb865350dd6785bdf1b736
tools-temp/ze-full-decompile/ZoneEngine.Core.Playfields/CapturedSubwayVendorRuntimeService.cs,13277,41707df70b62e999e318042f547f27ab6747a8b97bc2fcf961fdc6d41d9af67f
tools-temp/ze-full-decompile/ZoneEngine.Core.Playfields/CapturedSubwayVendorStockDefinition.cs,465,16e04fcae9ea8eba7ec7ec0ddcbc63a529736cb5c2a849f86d10d84cc400d475
tools-temp/ze-full-decompile/ZoneEngine.Core.Playfields/CapturedSubwayVendorTextureDefinition.cs,383,06f6ac97fce3184340b8e1a6dfe3b125dd1748e9816d7b8bdd6b0dcf2064995c
tools-temp/ze-full-decompile/ZoneEngine.Core.Playfields/CapturedSubwayVendorWaypointDefinition.cs,353,4fe86edb023dd67651e92d3717d1bd5831c4314d4429a528ddccd1362423be45
tools-temp/ze-full-decompile/ZoneEngine.Core.Playfields/CapturedThrakGardenVendorContentProvider.cs,38851,7d70793a4deba0986a76d1ba604522b7b8622daecbfc64654d44e317c2dc014d
tools-temp/ze-full-decompile/ZoneEngine.Core.Playfields/CapturedThrakGardenVendorDefinition.cs,1294,80e3636b22fea0e38ec0168dbb13feee7eb06ec6735a0a61e70bf92c0fa674d2
tools-temp/ze-full-decompile/ZoneEngine.Core.Playfields/CapturedThrakGardenVendorRuntimeDefinition.cs,988,56e5e01490a5b1f41eb282e8e163016a48594c213c89d74cfb51166f690ec694
tools-temp/ze-full-decompile/ZoneEngine.Core.Playfields/CapturedThrakGardenVendorRuntimeRegistry.cs,2419,5a1b69edc3f82b602bb21475a1d9e92b3b8b861676db1d38ffbba9c01fa8af7c
tools-temp/ze-full-decompile/ZoneEngine.Core.Playfields/CapturedThrakGardenVendorRuntimeService.cs,7755,a0f4ffbc01ba27fc7c0fb609ca6f46dbcde74e6d4f721f867f0a71ce2e0439d3
tools-temp/ze-full-decompile/ZoneEngine.Core.Playfields/CapturedThrakGardenVendorStockDefinition.cs,475,1d182031bb57c6af830559a26c6142b9610d1ff15c1406cc08f9973961bef802
tools-temp/ze-full-decompile/ZoneEngine.Core.Playfields/CollisionPoint3.cs,721,5ccd0107aa10e25bc44b7018b4ca25703238925da69d952a4f3288d2bbda21e8
tools-temp/ze-full-decompile/ZoneEngine.Core.Playfields/CollisionTriangle.cs,1796,2a112a1ea4316b0e9ed840fd20014e3e9c9a233b52c1d8364280c9e45c4e178c
tools-temp/ze-full-decompile/ZoneEngine.Core.Playfields/DistrictInfo.cs,1826,16e14c4e153c6d1dd97b32379e9c08ce236c2c6f97277bfc30e951034b205182
tools-temp/ze-full-decompile/ZoneEngine.Core.Playfields/IPlayfieldLifecycleRecorder.cs,148,371d67781203456d5ecfab3c926f11778e7424c3c91b77f3cdf1cdaa5803aa19
tools-temp/ze-full-decompile/ZoneEngine.Core.Playfields/NascenceCoreHecklerContentProvider.cs,6068,14c51c9bfe0b3964eee3f9c449ebc547a01e0de390350ac34f09cd68f9824bcf
tools-temp/ze-full-decompile/ZoneEngine.Core.Playfields/NascenceCoreHecklerSpawnDefinition.cs,769,4657607e28e7688a89f525dc53bf93b91d6d18efab443baaf0de80d7c4199660
tools-temp/ze-full-decompile/ZoneEngine.Core.Playfields/NascenceCoreHecklerSpawnOrchestrator.cs,9843,1c2eec1debd096bc215c5bc41e2d6004d5a6d8306e4e10b20040c8aa402c3b4a
tools-temp/ze-full-decompile/ZoneEngine.Core.Playfields/NpcCombatAttackRules.cs,13605,06a722aebbe234d0399dd45e8e98f1aa17ebee68b51d2c509987c66110efea6a
tools-temp/ze-full-decompile/ZoneEngine.Core.Playfields/NpcCorpseLifecycleRules.cs,353,4ab73b539d340d2ce62222ea589f46167ac476eaea79f8813af748fb6fee6e0f
tools-temp/ze-full-decompile/ZoneEngine.Core.Playfields/NpcDamageLineOfSightDecision.cs,198,4b7957d7f7bb557f8c379c228af69600cdce158f4815a12de058a32b3e0492d6
tools-temp/ze-full-decompile/ZoneEngine.Core.Playfields/NpcDamageLineOfSightRuntimeService.cs,3323,036a8d3eee16d3faa7c9808bc010d1f28e4e6bfa93d1ff1607b2ec630d27ebce
tools-temp/ze-full-decompile/ZoneEngine.Core.Playfields/NpcPatrolReplayCoordinator.cs,2499,9a7291ce6b8482c201989eb3d94273b11f918e51529640e16a4b728fe721d478
tools-temp/ze-full-decompile/ZoneEngine.Core.Playfields/NpcPatrolReplaySegment.cs,1065,7dd4c3637559f4baa16d72a0f0b5bef87e1f2c579bdb2f0a2c1ac692db9ae646
tools-temp/ze-full-decompile/ZoneEngine.Core.Playfields/Pf127CollisionGeometryLoader.cs,6805,64eb392bf3cb84e2126d4ecbc64fb044e0fa50bde91072d37b0fe90cf02a79fc
tools-temp/ze-full-decompile/ZoneEngine.Core.Playfields/Pf127GeometryDocumentDto.cs,462,4b1ba0bd6a47214fd718e11d788ebf521e805d7c051540e0c00d8739f5878e5a
tools-temp/ze-full-decompile/ZoneEngine.Core.Playfields/Pf127GeometryPointDto.cs,195,b158e15500e4cc4135ac0d074ab793cc96289b728786eaeea20dc8680737854f
tools-temp/ze-full-decompile/ZoneEngine.Core.Playfields/Pf127GeometryTriangleDto.cs,273,58ca09d41698270910f3825998a52f58d5eed2ab155f4cdb6197a07d0724e4ff
tools-temp/ze-full-decompile/ZoneEngine.Core.Playfields/PlayerCombatRuntimeService.cs,4686,c03340e2e2f9bb6883f4ee0d736a05d6eecbe88fd4331ad0e552717619b310dc
tools-temp/ze-full-decompile/ZoneEngine.Core.Playfields/PlayfieldAOtomationDeliveryRuntimeService.cs,1739,2a19ffdbefa6d167ab951a3eda9d62c1fbd4e9db8e744e7591cf65e6ad97a3d4
tools-temp/ze-full-decompile/ZoneEngine.Core.Playfields/PlayfieldAnnouncementRuntimeService.cs,1947,99c9a579c1a0f0dfd5e12d912714e7cbaabacde5b6b7ee1c001805ceee2ef715
tools-temp/ze-full-decompile/ZoneEngine.Core.Playfields/PlayfieldCharacterHeartbeatHealthRules.cs,746,1f9c263abbafad95debfd0df51976bd16f798335a5d8999ef5ee1c3c493667aa
tools-temp/ze-full-decompile/ZoneEngine.Core.Playfields/PlayfieldCharacterHeartbeatRuntimeService.cs,8429,dbeb10e7e6cbd52475f2ada049a39381ab94549c9c3f73b5b06686514ca0e9f6
tools-temp/ze-full-decompile/ZoneEngine.Core.Playfields/PlayfieldCollisionGeometry.cs,23754,a15dcf53dea4a742554d8331fa619db41e43c36c64e0823cfb4508dcd06977d0
tools-temp/ze-full-decompile/ZoneEngine.Core.Playfields/PlayfieldCollisionGeometryLoadResult.cs,1047,337d086d9389ac19633541b68358da27a3481e053a30c93f3bd3d4d0c5bb6152
tools-temp/ze-full-decompile/ZoneEngine.Core.Playfields/PlayfieldContentDataProvider.cs,6110,77bc3724d076852edc6c84a059f219241a6b259b09f771d5ef6ca6f94df13610
tools-temp/ze-full-decompile/ZoneEngine.Core.Playfields/PlayfieldDbMobSpawnRuntimeService.cs,3162,b7dec38185bac69d2b2a5b52836b977d86f7c8ee947e61622e7e22ea8b3dd67c
tools-temp/ze-full-decompile/ZoneEngine.Core.Playfields/PlayfieldDynelRegistry.cs,11763,8c915eb411d9402a707966b518610974f936a7901aca9da8348d957e087389c3
tools-temp/ze-full-decompile/ZoneEngine.Core.Playfields/PlayfieldEnvironmentFunctionRuntimeService.cs,2894,1c30e846dbccb8604482b759035e1e56546b99053222c681211f8995022a4ced
tools-temp/ze-full-decompile/ZoneEngine.Core.Playfields/PlayfieldInfo.cs,769,10f68ada5ac869c902112cb1a67dd81c35eeaf080bc95c65098436be073b5401
tools-temp/ze-full-decompile/ZoneEngine.Core.Playfields/PlayfieldInteractionRuntimeService.cs,4675,e7f198f6617a513aae7d3d4488923306694a91e3352d8ee16fa0c43c0269327e
tools-temp/ze-full-decompile/ZoneEngine.Core.Playfields/PlayfieldLifecycleCapture.cs,907,690e4c1de4124dc97eed201050d03df65e3d872cdfd642e086071a696291bc55
tools-temp/ze-full-decompile/ZoneEngine.Core.Playfields/PlayfieldLifecycleEvent.cs,836,7972b0964fe35f329a2c77a8f02fbd83fb598771cdd1062cbe845b8f555ca5d7
tools-temp/ze-full-decompile/ZoneEngine.Core.Playfields/PlayfieldLifecycleRuntimeService.cs,1021,a7cd4b5c45ca04c48e5411d037e3b94d268022adbfd0c60678380ba7d8ec7e3b
tools-temp/ze-full-decompile/ZoneEngine.Core.Playfields/PlayfieldLifecycleTrace.cs,10595,bcdf898168bff1f957adcb0f698cf69b18fc8dee04172f8d62a7de2ddaa2af9a
tools-temp/ze-full-decompile/ZoneEngine.Core.Playfields/PlayfieldNpcCombatMovementRuntimeService.cs,13581,6efabe0aaf5854a01164aa0526425496f6723c542c0c7a6b8eb152c0be2c5eed
tools-temp/ze-full-decompile/ZoneEngine.Core.Playfields/PlayfieldObjectMaterializationRuntimeService.cs,4749,500c68c9cbdc0d21e4d4527e41934d3549c77d262d2a7f08b99f159a95b79e8a
tools-temp/ze-full-decompile/ZoneEngine.Core.Playfields/PlayfieldPacketSequencingRuntimeService.cs,1019,5b3f7337c8c19ccf44a65f94d14d2383766757b4b0146e07bc45e69eca4ed439
tools-temp/ze-full-decompile/ZoneEngine.Core.Playfields/PlayfieldPlayerDeathRespawnRuntimeService.cs,2875,1f397140c00b796ba021745744dbb11cf95f4a265b8d0470fa808950d7331ecc
tools-temp/ze-full-decompile/ZoneEngine.Core.Playfields/PlayfieldPublishFanoutRuntimeService.cs,1421,23e6736b0e38c220f32ef4dc3f0ae69bc3fcbd3fec8dca5e106835b643dd0934
tools-temp/ze-full-decompile/ZoneEngine.Core.Playfields/PlayfieldRuntimeSystems.cs,43221,c790e805f5ee203da7e3e04c4690385465b82873d288582b763f6c605190bdaa
tools-temp/ze-full-decompile/ZoneEngine.Core.Playfields/PlayfieldSpatialCharacterIndex.cs,1878,3fc0f955ce9432cb26263148eda08adac787070caed6393029dd2adf65173035
tools-temp/ze-full-decompile/ZoneEngine.Core.Playfields/PlayfieldStatUpdateRuntimeService.cs,1471,e6705aec20ccdb2c087f43d83020b81b3cd31b55ff82307ed2720c4b549abd7b
tools-temp/ze-full-decompile/ZoneEngine.Core.Playfields/PlayfieldStaticDynelDefinition.cs,926,fc5f4e8fbb9ccd4d1562ac7a22788f327ce5cec1100a3772843ac146793de457
tools-temp/ze-full-decompile/ZoneEngine.Core.Playfields/PlayfieldStaticDynelRuntimeService.cs,1502,92d47aac6908f885dbd4b7e4c9ec78c13f5947229bde03efa7b6287d83f1c325
tools-temp/ze-full-decompile/ZoneEngine.Core.Playfields/PlayfieldTimedLifecycleRuntimeService.cs,2677,c1f19b42d693fda6e457d3ec7351525c4cb94503154bc5ca77c50bb65d660717
tools-temp/ze-full-decompile/ZoneEngine.Core.Playfields/PlayfieldTransferRuntimeService.cs,3393,009baee5e65676025a40338d009c879c3d3d9031bc6ca3b75979da045cf65c59
tools-temp/ze-full-decompile/ZoneEngine.Core.Playfields/PlayfieldVendorRuntimeService.cs,3313,32f47533ac58bf8611555c2935df349af847e6983b231f79e193d0ce4fdc73a2
tools-temp/ze-full-decompile/ZoneEngine.Core.Playfields/PlayfieldVisibilityFanoutRuntimeService.cs,3000,50d553fcdaaf9450b4a3a318f52dc7ff475e3f5fb6231775dc9030918de459ec
tools-temp/ze-full-decompile/ZoneEngine.Core.Playfields/PlayfieldVisibilityInterestPolicy.cs,3452,a1b639b6e99bde466188b6aed6222fc67c8fe657dfaa0cb6abe4dc26ecffaf9c
tools-temp/ze-full-decompile/ZoneEngine.Core.Playfields/PlayfieldVisibilityInterestRuntimeService.cs,5466,8a0077fd35d84f61bdef4e79ec97dd183f65acd4dc646cfb41f12c67eb1b8573
tools-temp/ze-full-decompile/ZoneEngine.Core.Playfields/PlayfieldVisibilityInterestState.cs,23430,a9d0756fc09dcafc382388bd2eca6ff73b6f40d33fe2bc1e2d85ad20ba640aa1
tools-temp/ze-full-decompile/ZoneEngine.Core.Playfields/PlayfieldVisibilityPacketRuntimeService.cs,19064,8c26258f2cdc89b36786db0a90b27f51c1428810768096756b6f901d3945aca9
tools-temp/ze-full-decompile/ZoneEngine.Core.Playfields/PlayfieldWallCollisionRuntimeService.cs,6089,8d1de311943148b92953bd9d2fc1d0acc458ba3689aedeb591a897c231cfb29c
tools-temp/ze-full-decompile/ZoneEngine.Core.Playfields/Playfields.cs,3695,caf5c8a88c64c3cf6f2a9aaf649cc7e64e858109960d9c89b646fa54f0b74f19
tools-temp/ze-full-decompile/ZoneEngine.Core.Playfields/PrivateCityReadyInitCoordinator.cs,11415,89b260def5a66f9adccb182ddc891a8a6c6a8ad4bf7fa815d4ac8bb56a753b7e
tools-temp/ze-full-decompile/ZoneEngine.Core.Playfields/SegmentTriangleHit.cs,433,544662caf1f1d81939d3616ae6032f725f04b0caaad7e721386177f7e6652d9a
tools-temp/ze-full-decompile/ZoneEngine.Core.Playfields/SubwayVisibilityDiagnosticConfiguration.cs,1190,0c283ea3fefa16e357be413ebaaac45bd427c5b874c09ca4e7e2c9879fc2bfe8
tools-temp/ze-full-decompile/ZoneEngine.Core.Playfields/SubwayVisibilityDiagnosticEnemy.cs,2663,8786aa123d85f6cfeb17085f6cb159d34c2d772fa4d57f190e26427d3b0cd80d
tools-temp/ze-full-decompile/ZoneEngine.Core.Playfields/SubwayVisibilityDiagnosticManifestEntry.cs,475,67333c11e4a1c7b27214a47cb66d2246768916970dbf09031a920c821d038afe
tools-temp/ze-full-decompile/ZoneEngine.Core.Playfields/SubwayVisibilityDiagnosticPacketContext.cs,681,fea59def18eba0cf419ecd08eb4528f66b3a9bbe8d7f10c78b9120844b04242e
tools-temp/ze-full-decompile/ZoneEngine.Core.Playfields/SubwayVisibilityDiagnosticPacketKind.cs,156,fc5bcafcee22ee8473ea68c8f85ce89812f1c86b30add612003987a6e03597ae
tools-temp/ze-full-decompile/ZoneEngine.Core.Playfields/SubwayVisibilityDiagnosticPacketRecord.cs,789,1739bdd1761df047f6e3ceb5301f29eb44f8eecca5aa872fdb5e82af3a2ecc1b
tools-temp/ze-full-decompile/ZoneEngine.Core.Playfields/SubwayVisibilityDiagnosticSelection.cs,12131,e83b29a2660a48054d84cacf2484c678da1a401294fd45d05522ebc1dd8c28eb
tools-temp/ze-full-decompile/ZoneEngine.Core.Playfields/SubwayVisibilityDiagnosticSnapshot.cs,23609,2a82648268f91c3444a11be313bdf66fb5c1ce94e3951dd33c31e9a5fb7153e9
tools-temp/ze-full-decompile/ZoneEngine.Core.Playfields/SubwayVisibilityPacketMeasurement.cs,223,edd7a15c10b6df52c7d2d97d689beb9dcd8990e3719f9eb8cbc5450c188b5c60
tools-temp/ze-full-decompile/ZoneEngine.Core.Playfields/SubwayVisibilitySnapshotDiagnostics.cs,7204,d81abe8d7660558a4d73139d688305a860dfc6312f4337ebe132c61865d85f4c
tools-temp/ze-full-decompile/ZoneEngine.Core.Playfields/SubwayVisibilitySpatialInterestMetrics.cs,4094,ee1bfd9e1b6dfd64cb285762c459d9e820a52001b611cc0451c20ee1af825ad6
tools-temp/ze-full-decompile/ZoneEngine.Core.Playfields/UniformSpatialIndex.cs,8631,a104dd8618d9f9b40c966b40ddd6fd67afc9985f28a9e2438bc785fe95c88138
tools-temp/ze-full-decompile/ZoneEngine.Core.Playfields/VisibilityPosition.cs,307,18ca3078f866c69ebb581c8ca2b2cc99fecea817b8f5e361772eb2f079c8c3aa
tools-temp/ze-full-decompile/ZoneEngine.Core.Playfields/WallCollision.cs,3001,b3f8d05599a4fb1390c89afdbc3223dbbabddd28b0bbe63a4f92d20f5900233e
tools-temp/ze-full-decompile/ZoneEngine.Core.Playfields/WallCollisionResult.cs,624,d93c1a612054973765d955a518fa92779aba1f53b45a899b500beaafb935ff6c
tools-temp/ze-full-decompile/ZoneEngine.Core.Subway.Quests/KarrecCompletionResult.cs,979,56b8671b650e28b0b00ab3fd918275b444989e1e4fec600b0897acfdc85dbb14
tools-temp/ze-full-decompile/ZoneEngine.Core.Subway.Quests/KarrecTradeEligibility.cs,193,a723de9d19a93d814d3c0858d32bd4d8f7c7fb76eeec0a651e5e0309082411e5
tools-temp/ze-full-decompile/ZoneEngine.Core.Subway.Quests/TotwGatewayInteractionHandler.cs,6260,896ca4dbc1d37a3f39eef8eabdbf2b3a158a4046db2a377dc12ff9723c8cc056
tools-temp/ze-full-decompile/ZoneEngine.Core.Subway.Quests/WindcallerKarrecInteractionRules.cs,2626,2b342415492d391dec6e960d466f7337eee19655180ceadb4e5e9fe430a0af90
tools-temp/ze-full-decompile/ZoneEngine.Core.Subway.Quests/WindcallerKarrecNpcActiveNanoDefinition.cs,674,4e4b23e507028037f72e966552941a2c53bc1f071c1870a195d25630e9df9047
tools-temp/ze-full-decompile/ZoneEngine.Core.Subway.Quests/WindcallerKarrecNpcContent.cs,9959,e1cf1c3e19d698f6aabcd9be47fde2e4e95ab0e57bee58c0098d28a8c4a9ce7f
tools-temp/ze-full-decompile/ZoneEngine.Core.Subway.Quests/WindcallerKarrecNpcDefinition.cs,5525,1caeff3774c38b2693c79a4f80a8afc7a4c4384e23d9f173b6e47b2a87eea681
tools-temp/ze-full-decompile/ZoneEngine.Core.Subway.Quests/WindcallerKarrecNpcMeshDefinition.cs,506,73c0f6b2d59d7bd7de6e367c94ca630d7c41bde8f1dc7a573fe8091092751347
tools-temp/ze-full-decompile/ZoneEngine.Core.Subway.Quests/WindcallerKarrecNpcPatrolSegment.cs,842,31cc19fe687ae9200464f54807d1905e8f64303709e009f1be835eea41840446
tools-temp/ze-full-decompile/ZoneEngine.Core.Subway.Quests/WindcallerKarrecNpcRuntimeDefinition.cs,762,244e8c8acde7cd9fdf031e02425404a46a34cb810ab344063dc0b3b713fc89c7
tools-temp/ze-full-decompile/ZoneEngine.Core.Subway.Quests/WindcallerKarrecNpcRuntimeRegistry.cs,3370,305467e8b3d24acecf4463efb59f8583a05083d07d1d819fb78edd5dbf0983b9
tools-temp/ze-full-decompile/ZoneEngine.Core.Subway.Quests/WindcallerKarrecNpcRuntimeService.cs,9734,b38674641f6ac5cd9693bbd65d59488202902479427a222b2aee4771e6f39f8c
tools-temp/ze-full-decompile/ZoneEngine.Core.Subway.Quests/WindcallerKarrecNpcTextureDefinition.cs,384,3516bb18520e70bc27a3a135ed38d345236903031bf5556fe8d9cb97a1ec9524
tools-temp/ze-full-decompile/ZoneEngine.Core.Subway.Quests/WindcallerKarrecNpcWaypointDefinition.cs,354,658dca9b4e0014806475a423b27971bc39e0798f63f83fee221ee99a730b9e3b
tools-temp/ze-full-decompile/ZoneEngine.Core.Subway.Quests/WindcallerKarrecPacketSender.cs,18004,4f63a095c5fa86827c5c4e01a4d4f6f21d88c547d8a0cd66c220d6266431ade0
tools-temp/ze-full-decompile/ZoneEngine.Core.Subway.Quests/WindcallerKarrecQuestRuntime.cs,20519,1789e3ed7ad7d1956164af04c9b36913c36e5a61e05a344532ce35813e4ebd07
tools-temp/ze-full-decompile/ZoneEngine.Core.Subway.Quests/WindcallerKarrecTradeAdapter.cs,27316,2f8ac159f4e2e623cca88bdef98c20c266f2e1778604433d41b6bf00f46ecde7
tools-temp/ze-full-decompile/ZoneEngine.Core.Thrak.Quests/ThrakGardenKeyCombineRules.cs,1059,1c355b4e19550b72f50d12a9bd21e78fbdc1be00d3d5e972d3a73c587ef96690
tools-temp/ze-full-decompile/ZoneEngine.Core.Thrak.Quests/ThrakGardenKeyInteractionRules.cs,3710,70d4cbda05abb9f54414460f7dd0206daad2970e67391a9cfa6cc5e19a275315
tools-temp/ze-full-decompile/ZoneEngine.Core.Thrak.Quests/ThrakGardenKeyPacketSender.cs,37361,cda7f663c3144af82b401aac18a5e15826a758a390982ab03754808db34e8aa0
tools-temp/ze-full-decompile/ZoneEngine.Core.Thrak.Quests/ThrakGardenKeyQuestRuntime.cs,36856,bc752541235502f98f1dfaf552a9f4b048bd4231d967825e93160955bc5f88a3
tools-temp/ze-full-decompile/ZoneEngine.Core.Thrak.Quests/ThrakGardenKeySilvertailTransform.cs,6090,91bdaa03ad71e29af50176d17578a252118146bf29f44f10d2cb72bc05ca5899
tools-temp/ze-full-decompile/ZoneEngine.Core.Thrak.Quests/ThrakGardenKeyTradeAdapter.cs,23556,4a27397ef871d680885fa017824f17eac37aed40f0c2ea3d13aa8adb0a8c5021
tools-temp/ze-full-decompile/ZoneEngine.Core.Thrak.Vendors/ThrakGardenVendorInteractionRules.cs,2059,9ad711666488db34d5fa3a67f19a638b925e87afb1fd68bef84c7fac8593d72e
tools-temp/ze-full-decompile/ZoneEngine.Core/ActiveNanoRuntimeService.cs,44924,7baf7330958131cc9d1e7268e1df49abff7951ac99d78e7a5fce39020116da72
tools-temp/ze-full-decompile/ZoneEngine.Core/AlienXpRuntimeService.cs,12921,3093377fef092f163f6c366e02286f7587c5cf05610cb4ea190a71c0afdc870a
tools-temp/ze-full-decompile/ZoneEngine.Core/AttackSkillContribution.cs,247,169104173a6258e646029fd5f2e7920d719ef04609282ecbd4be441c26c6abd1
tools-temp/ze-full-decompile/ZoneEngine.Core/CapturedBureaucratPetProfile.cs,817,ff6f15d7d021ab15e97aafa42b7725b757692428e7337f5ca5deec282d36c5e0
tools-temp/ze-full-decompile/ZoneEngine.Core/CapturedBureaucratShellDisplay.cs,482,48d9eb290ea612afa716e1ac4bf0db9114454a9d134ed1e90a26bda8a82ddf1d
tools-temp/ze-full-decompile/ZoneEngine.Core/ChatCommandText.cs,610,d8bc2b5f6e3f1208067c3b4f83ae1194c074cf7250d6ae59ba775aaf9ecf8ec1
tools-temp/ze-full-decompile/ZoneEngine.Core/CombatCorpseLootClass.cs,107,8d6f89ea8fe99b479936e244fec7551dd27d49ba97407335c201e9592033207c
tools-temp/ze-full-decompile/ZoneEngine.Core/CombatCorpseRules.cs,5590,efcb2382280f7e1851ce57563f15391b959b84e0219399dad04b7ca2a29dc626
tools-temp/ze-full-decompile/ZoneEngine.Core/CombatCorpseVisuals.cs,1493,85930079099c8229c961f0d2cfaf87f0f2a9d09c1ae7d3acc5a3e9fd38e7d980
tools-temp/ze-full-decompile/ZoneEngine.Core/CombatDamageRules.cs,1944,f69d4afc16059e3451c6393200898868f9da353a22b99c5750c692972d12c2aa
tools-temp/ze-full-decompile/ZoneEngine.Core/CombatLootItemTemplate.cs,315,b6b9fdcafe6ae39bf35c6564973cc8e4b82de877930e464e95e43071c457ee4b
tools-temp/ze-full-decompile/ZoneEngine.Core/CombatLootTableEntry.cs,1137,860a9d549b074ffde9dcf1f436f94da735621ef7d07582ff19aac0d214d33a09
tools-temp/ze-full-decompile/ZoneEngine.Core/CombatMobLootCatalog.cs,3398,972ed3bbd3b50a1b8fa0a4bbce05cdd1e0e7d8283d5cb8afdd36fd72ac0202cb
tools-temp/ze-full-decompile/ZoneEngine.Core/CombatTestLootCatalog.cs,1092,90989e72aab951391076bb6fb5c832aba9f28081557d61372d4a52d7a76149ac
tools-temp/ze-full-decompile/ZoneEngine.Core/CombatTestMobArchetype.cs,12380,c0939e20313ccdab8485a1c6be7cbabe59aac440dfdfca7450c700383fc68cc0
tools-temp/ze-full-decompile/ZoneEngine.Core/CombatXpRuntimeService.cs,45427,021ebe47ccf8002aa131f887ebec2d3885a5755da32969ff5af6d28b6721a8db
tools-temp/ze-full-decompile/ZoneEngine.Core/CorpseLootInventoryTransferResult.cs,651,ec146a0ff2a9cf3c06de96afd4225d012db70b8e7f99ba47a5ef75c519171245
tools-temp/ze-full-decompile/ZoneEngine.Core/CorpseLootInventoryTransferStatus.cs,135,face0cd6582fe374a16fdc1c7c12d5e1b34b0ac28965afc2fc5f6a2bbe13ed66
tools-temp/ze-full-decompile/ZoneEngine.Core/DamageAttackCategory.cs,216,79791199a8119fd3902d4cc88684f1cf7ea3da980512174cdc3e211e436d1281
tools-temp/ze-full-decompile/ZoneEngine.Core/DamageCalculationContext.cs,628,a9add99dfad820474c3e159fccb940ab44b8279971993d10767f7190e8ca8091
tools-temp/ze-full-decompile/ZoneEngine.Core/DamageCalculationMode.cs,84,c21c8fe8b57fea448d9df2a714a17ffa030e02031bf94071e41be64a07f9f4a6
tools-temp/ze-full-decompile/ZoneEngine.Core/DamageCalculationPolicy.cs,2819,d2abcf8a86d6c60ba646778ac7262c8f57388ade0e60a53790f941d0bae6ae74
tools-temp/ze-full-decompile/ZoneEngine.Core/DamageCalculationRequest.cs,1125,da53ef1169df0f3d5f6a501cf53b95520e62a31ee44c288bf05eb5525c80d137
tools-temp/ze-full-decompile/ZoneEngine.Core/DamageCalculationResult.cs,2391,13f7d24493fa00b45fa2de79843f8556baf85e01db964f054ac9891ede1aff68
tools-temp/ze-full-decompile/ZoneEngine.Core/DamageCalculationStageResult.cs,612,f184bc3f1319e3866bdd8ff5be7e0ef48dddbac728f9b80f30da7f074f294b93
tools-temp/ze-full-decompile/ZoneEngine.Core/DamageCalculationStageStatus.cs,131,2abad330caef3e2155c849f0939572caea4ae04f4dce48f4b2d2abe37df35f58
tools-temp/ze-full-decompile/ZoneEngine.Core/DamageCalculationStrategyKind.cs,168,5bd72dbe04a7fe5e7ac74f220d78a3c3072042176c7e18ad94a4d974c8217929
tools-temp/ze-full-decompile/ZoneEngine.Core/DamageCalculationTrace.cs,683,fa6d0bd80e6e868999ac7729e637104e2646deae3c47e923081deed1476b637d
tools-temp/ze-full-decompile/ZoneEngine.Core/DamageCalculator.cs,18501,8973b80dbe375d61c218ec77bf7997cdc2ad478ad0439180e088055615bfee98
tools-temp/ze-full-decompile/ZoneEngine.Core/DamageDefinition.cs,982,282bd4f56865a89be75d066610b9c85fb5576b6532fad46177783cd1d34b4202
tools-temp/ze-full-decompile/ZoneEngine.Core/DamageEvidenceClassification.cs,230,0d52d16092e077b1193489318e2fd5a56f63ea08b322d2eaf909fc5b6a569f55
tools-temp/ze-full-decompile/ZoneEngine.Core/DamageHitOutcome.cs,110,e28b680a19343c7ac1dbb563f9e0d7b4af2bf4fa4497d91c8680119cc0c523bd
tools-temp/ze-full-decompile/ZoneEngine.Core/DamageMitigationSet.cs,468,9b703b6b2c5f10e3eee4a15c2fb48b9b2879e81c1da41e1a6cc5799472ee5b3e
tools-temp/ze-full-decompile/ZoneEngine.Core/DamageModifierSet.cs,351,d4bd4583b61805f355de7627350c63ae4f144ee7f575c11fca1fbd8da23e5419
tools-temp/ze-full-decompile/ZoneEngine.Core/DamageSourceCategory.cs,143,e0fd84f5e3c1346d2388107b665021878d38b59b3cbd4a667347642e2ac69247
tools-temp/ze-full-decompile/ZoneEngine.Core/DamageSourceSnapshot.cs,595,ac1fc5a2cf04d5b3242a53cb0924e6d15459f5862c06a5c637d2885733a9804a
tools-temp/ze-full-decompile/ZoneEngine.Core/DamageTargetCategory.cs,104,f2947b2a6dc047e646d3bc6c200a0b2c7a697659ab613e3eb9d9e9c06bfaa8aa
tools-temp/ze-full-decompile/ZoneEngine.Core/DamageTargetSnapshot.cs,411,4afc01e830c130f666cf87ce9066520c973f3a85660f4a095b6b2b439a3ffd8b
tools-temp/ze-full-decompile/ZoneEngine.Core/DamageType.cs,173,0690a4f3fefa5ecf80eb9e3f9c0b44c3b6761ef5dc15d1cac868514caf11b31f
tools-temp/ze-full-decompile/ZoneEngine.Core/EnemyBehaviorContract.cs,2716,61c83086ac4c1b1ecfb8b8ccdd1170805976c7fde8ade5d8f12693e99b90e7a6
tools-temp/ze-full-decompile/ZoneEngine.Core/EnemyBehaviorSignal.cs,359,6e13117b89d17a13bfcd709bf4669f72e31f45061426a67eaa2870d805e5813c
tools-temp/ze-full-decompile/ZoneEngine.Core/EnemyBehaviorState.cs,138,2b035d91cd6c9ebc2562dbb5bd3989005095b713534d5032a95b252a2dfd868d
tools-temp/ze-full-decompile/ZoneEngine.Core/EnemyBehaviorTransition.cs,300,c9b33bb203465b9ff2bac90b87b607dbde035d424124abd4fa3a31cf885512a1
tools-temp/ze-full-decompile/ZoneEngine.Core/FlintKneecappingTipWire.cs,10060,427ac7af793c4a999a89ec5ffddb3d44517790653a3144d31841e44e745b255c
tools-temp/ze-full-decompile/ZoneEngine.Core/GridZoneInDiagnostics.cs,29863,0da1f6790d651e092ef2326b50524264076827513ee2b6fb4465bf84bff456a4
tools-temp/ze-full-decompile/ZoneEngine.Core/IDamageAttackStrategy.cs,206,f497cc8bc9dd823e0f4d9485fdaf45e6632a25744a73846378b2650c9c907d7d
tools-temp/ze-full-decompile/ZoneEngine.Core/IDamageCalculationStage.cs,101,f90e1816f64ad36159efc20781a3db230395e645660e47bec0f0fd0385714091
tools-temp/ze-full-decompile/ZoneEngine.Core/IDamageRandomSource.cs,183,7ea260dba906d03e4bd866d0db7d8faa504374db95351a9d5c57ce816b70f928
tools-temp/ze-full-decompile/ZoneEngine.Core/InventoryContainerRuntimeService.cs,119572,a9b981a45cd61c738e0ea8b476961d5d3e9589a924a6f81c23f9641110c7895a
tools-temp/ze-full-decompile/ZoneEngine.Core/InventoryItemAddResult.cs,1229,dd4325dae1c846e345b9a7c847933d69ee4ae54908708310e9b798a5be12b106
tools-temp/ze-full-decompile/ZoneEngine.Core/InventoryItemAddStatus.cs,106,574df739868b8333b6b1066c2a180d1e9f0bd5f94e461a37ead3a9d85d4290d4
tools-temp/ze-full-decompile/ZoneEngine.Core/MongoSlamRuntimeService.cs,7703,01d03531af3807b791fbb44b6b4ab71ae575c73d45d5ca55d6d7f8f70feba7bf
tools-temp/ze-full-decompile/ZoneEngine.Core/NanoDamageDefinition.cs,141,8930c93aa1efef8b1b32a7eaa51dedf2e55a0b650d6464a7509a5587b0d1434e
tools-temp/ze-full-decompile/ZoneEngine.Core/NanoEventRuntimeService.cs,2918,9dd8905b9a78491147fd39ca576dbaca8504c0b11ac96d9a4bc9d50f5ad0ce59
tools-temp/ze-full-decompile/ZoneEngine.Core/NpcAiProfile.cs,96,c88a7f4c52b70861ed5be60bae51c2f8bc934647969aa52c2b47b55a82b36c8d
tools-temp/ze-full-decompile/ZoneEngine.Core/NpcAiProfiles.cs,333,27a55805fa5be00d0d051815c6f622200abf1a87be54ecc5dfdab686d3b649e0
tools-temp/ze-full-decompile/ZoneEngine.Core/PacketSequencingCoordinator.cs,3989,76c9376aa9775247b8cfa3f6577dfb902539f6af2e449548d5e309ac3b540670
tools-temp/ze-full-decompile/ZoneEngine.Core/PetAttackPetCombatCatalog.cs,1272,81a506db70f37042245e3631a324095d464322c8cb539dd072cf428fe71620c2
tools-temp/ze-full-decompile/ZoneEngine.Core/PetBureaucratCompanionAppearance.cs,3296,8b895d981f565245bef2a1b2cd9ef1b42bd352df7610bdc7fa1ce6680a5673b3
tools-temp/ze-full-decompile/ZoneEngine.Core/PetBureaucratGuardianAppearance.cs,3842,a6a59b56533672464aea5bb73b9b5320b9ecdb2bb06f660b2933f446d1e2b59e
tools-temp/ze-full-decompile/ZoneEngine.Core/PetBureaucratGuardianScfuWire.cs,7015,8ecd1dfdd88c89e79f932f346497e6051658d7952f0d89331e704e28ce087b3a
tools-temp/ze-full-decompile/ZoneEngine.Core/PetCombatRules.cs,5608,7484ae3dc29304f58f07a51070494db5a3fefe88947405e599050a63fa43132b
tools-temp/ze-full-decompile/ZoneEngine.Core/PetCommandService.cs,55798,524d7e4d4adce88733502a1cd9a1cb0ff7eab90a4845ed91ebf23352d5c91897
tools-temp/ze-full-decompile/ZoneEngine.Core/PetHealNanoCatalog.cs,5521,2fef37057419d869c29eb30a94b3c62be4687439334f410461c42a039751e4a3
tools-temp/ze-full-decompile/ZoneEngine.Core/PetHealingPetScfuCatalog.cs,7730,c3b819eafcc9f3f67f399270580a816f59a63528101768de7ceff99b55b1fcc4
tools-temp/ze-full-decompile/ZoneEngine.Core/PetMobTemplateResolver.cs,1837,53a366c3532c7ed47fc4e1283bd0136ea531f4a3c39a33b5743022ab5e989363
tools-temp/ze-full-decompile/ZoneEngine.Core/PetRuntimeService.cs,48691,7eaa002d1e4c7b1babd3d47ed428a11bd621e1b097b43fcbbda8d4fbf3c9f0a0
tools-temp/ze-full-decompile/ZoneEngine.Core/PetShellCatalog.cs,4243,357d30aaab06fa19455af2adbc53e51bcc3573f11032ea765bc1ed0197f399b9
tools-temp/ze-full-decompile/ZoneEngine.Core/PetShellDefinition.cs,829,d86fbf78a19beb87334c7f431c34f581219f7eaa8004414d10170db573adcea4
tools-temp/ze-full-decompile/ZoneEngine.Core/PetShellDisplayItemCatalog.cs,1702,084e8e2101d4717804fd5f9bdbdbe2f36f80ef6845bceba2661240ac44160868
tools-temp/ze-full-decompile/ZoneEngine.Core/PetShellItemService.cs,17065,48075148fa4781758bc8ad0ba4f57bec9a04829d6814356731ec6b6c578d2cc3
tools-temp/ze-full-decompile/ZoneEngine.Core/PetShellKind.cs,115,a6fa97aa8574310eb421948b6c0d907c44722c556c45e3e959a86432503d7868
tools-temp/ze-full-decompile/ZoneEngine.Core/PetSlotClassifier.cs,1026,f05942bf61ed87d1c9f72da59b7e82c4bece6097b135127bb5b06a9e197f6478
tools-temp/ze-full-decompile/ZoneEngine.Core/PetSummonCaptureWireReplayer.cs,25974,fe9c220d5153fb9bde0c69c2cb4ea7e3769878267a4cdd36a816cfd777c5fafc
tools-temp/ze-full-decompile/ZoneEngine.Core/PetSummonNanoCatalog.cs,20992,40949ee95f923e9c91dc7f51e6dcd8b0782b73191bcb507ef42cf89010681964
tools-temp/ze-full-decompile/ZoneEngine.Core/PetSummonParams.cs,188,e5b83c0282430b04978a87fbbf24f85bf60e3421cb2eaae0427403ee65eaa467
tools-temp/ze-full-decompile/ZoneEngine.Core/PetSummonScfuExtensions.cs,2758,c0818aea413386fb4a5269d8bb5d34dbdc0ed486d4048e387902dffb1727e37b
tools-temp/ze-full-decompile/ZoneEngine.Core/PetSummonSpellListBuilder.cs,5982,efc5a38a127f162372fc3351c6987b4f92647232c0d224edc93599ad8e210a95
tools-temp/ze-full-decompile/ZoneEngine.Core/PetSummonSpellListService.cs,10883,6beb1906ab7dfaf1d496e137d13c8d4d46f9b944aff38ce65efc1b55140a10fb
tools-temp/ze-full-decompile/ZoneEngine.Core/PlayerSpecialAttackRules.cs,616,71b5d9758d155fadd59b840444752f72251a80a485d61fc09d4b5984ab9412f2
tools-temp/ze-full-decompile/ZoneEngine.Core/PlayerVersusPlayerCombatRules.cs,2932,f43a625f1b7d4233401d6c2bd66090776c67ec3bfbdd21fd5a44fab75a2c59a7
tools-temp/ze-full-decompile/ZoneEngine.Core/QuestNpcOutboundTransportDiagnostics.cs,19320,544af17f00d9bf1048cfcbecb811f3238fbc8cad695627a5d2e241eee7e766db
tools-temp/ze-full-decompile/ZoneEngine.Core/QuestRewardInventoryGrantResult.cs,1468,5abc4cf7d7619d3c276602a7a0a519c10cbe74325796455b1bced978037ff402
tools-temp/ze-full-decompile/ZoneEngine.Core/QuestRewardInventoryGrantStatus.cs,154,890ac3766162e48a771407b5d03729946d8e249f8189eda837c468ccf41d2dd4
tools-temp/ze-full-decompile/ZoneEngine.Core/ShadowlandsGardenSaveRuntimeService.cs,5688,9dcda316051bbb86c202804e5b5633918d3a0918ffc4c022212683d48457783e
tools-temp/ze-full-decompile/ZoneEngine.Core/SocialActionRuntimeService.cs,2326,2787424121aca161f286266a5981709d5a4d27b3c23b46914a255502d8f25a05
tools-temp/ze-full-decompile/ZoneEngine.Core/SoothingSpiritsHealPetLadder.cs,4062,3e7cea3004be928f1cfae13e8176a45c1511dbf94caef152e3d5a219a68b0798
tools-temp/ze-full-decompile/ZoneEngine.Core/SpecialAttackCategory.cs,216,05cfc5177ee2342eaa401c99e0f63555d1b03a3124d4c610e9c1c36e9bb70514
tools-temp/ze-full-decompile/ZoneEngine.Core/SpecialAttackDefinition.cs,167,91eac8159530a4fd444540097a2b07ff0c43128fbd387177022702b1a5756d4f
tools-temp/ze-full-decompile/ZoneEngine.Core/SurveillanceDroidScfuWire.cs,5514,e29046246790863477d7dc040d88a6d310be955a2b3743e90f2c0618031903b8
tools-temp/ze-full-decompile/ZoneEngine.Core/SystemDamageRandomSource.cs,1100,6e617a41337a3f2bdb73b2463e8c00daaf012af715cf3f4d7c6e14676ccae2f4
tools-temp/ze-full-decompile/ZoneEngine.Core/TradeSkill.cs,2490,ce2aa07dc7c29cbc14e28f25e7a985bc629fc4711c2e409a4c67f22cbb0c6026
tools-temp/ze-full-decompile/ZoneEngine.Core/TradeSkillEntry.cs,1986,d6e8709f1c72b00b36457b247688f664409ff1dd32b0c67061d7fc836f7d5f11
tools-temp/ze-full-decompile/ZoneEngine.Core/TradeSkillSkill.cs,140,9491cc853228fcf4b7eb21070ae7778b93dadc8af0a5e59a5a4057fe39fc2a41
tools-temp/ze-full-decompile/ZoneEngine.Core/WeaponDamageActorSnapshot.cs,586,98efc9b3dd242bd0b11a1dcc36a6d6963b5843fa641e6f68160b846e99c306ee
tools-temp/ze-full-decompile/ZoneEngine.Core/WeaponDamageAttackerReadiness.cs,160,759a00261edbc4c12636ef06cf0d847036acfcf98475cf8df4d9a9803d70a1a3
tools-temp/ze-full-decompile/ZoneEngine.Core/WeaponDamageCandidateAcOrdering.cs,234,ad2bcdbd6646bf494cc420437eb407feebe9a2e4788736795e8c1adf36512eff
tools-temp/ze-full-decompile/ZoneEngine.Core/WeaponDamageCandidateAddDamageOrdering.cs,173,56b4cd83ce09930d9ebaff9b1ec36667f7a956ea3873d1dbcf94eb28cf2008a9
tools-temp/ze-full-decompile/ZoneEngine.Core/WeaponDamageCandidateAmsCapBehavior.cs,214,429e657ac7dbb40987a93a731ef19cbd224b3ead15083a6a09cc9d4099172bcf
tools-temp/ze-full-decompile/ZoneEngine.Core/WeaponDamageCandidateArOrdering.cs,187,b1a3e4e14cf559668144055e86d0642addf6c1cbbd70efed0f8d2a586794f5d3
tools-temp/ze-full-decompile/ZoneEngine.Core/WeaponDamageCandidateCriticalOrdering.cs,247,be7058e62a783f233922404df99888905282c9bec666a8a650b5bc5f319b013a
tools-temp/ze-full-decompile/ZoneEngine.Core/WeaponDamageCandidateEvaluation.cs,817,3118388d9a04170c0f7330becce96af5849bf62af5bf742401d43d32065f8f18
tools-temp/ze-full-decompile/ZoneEngine.Core/WeaponDamageCandidateEvaluator.cs,8610,69348cbfcfcc6e169f9c04fba3447a64fd47ce10ef03a908364164a8b7581bd8
tools-temp/ze-full-decompile/ZoneEngine.Core/WeaponDamageCandidateFormula.cs,1206,f85b7535f3d9825c4e86d82e1c8aeda83c01d17d95ba6a5cb46e555d35acaf6b
tools-temp/ze-full-decompile/ZoneEngine.Core/WeaponDamageCandidateStage.cs,484,7cafcd896d815f87b4db84982cdb9b34329bfd367d998ccb63de02b2e3398f14
tools-temp/ze-full-decompile/ZoneEngine.Core/WeaponDamageDefinition.cs,99,d466b01d50f3a520704033c574f03fbac1c2a6cc7288cee36137c3b82fb562f2
tools-temp/ze-full-decompile/ZoneEngine.Core/WeaponDamageDiagnosticSnapshot.cs,636,445edc766be1ace38fcdc71197e06386082afb30785adcbb6784ccf471fa6d71
tools-temp/ze-full-decompile/ZoneEngine.Core/WeaponDamageDiagnosticSnapshotBuilder.cs,1282,32dc967f1707762f8fac7e0f1aba1c968a507b905befe632d21334055e727dc1
tools-temp/ze-full-decompile/ZoneEngine.Core/WeaponDamageEvidenceSet.cs,445,d72ca0636ec844d57665660d727479f58f7abc2ea3b0b75ddc467b708ba80aca
tools-temp/ze-full-decompile/ZoneEngine.Core/WeaponDamageHitKind.cs,164,2caa5cbe34b9b929e27cd457c43ee930d089bb607f2c5fde2c2176586c8fd007
tools-temp/ze-full-decompile/ZoneEngine.Core/WeaponDamageInputIssue.cs,458,49e39c99b8332bc9a8809dbb08ed8854514700e399ae7630119b05b4d56659d4
tools-temp/ze-full-decompile/ZoneEngine.Core/WeaponDamageInputIssueKind.cs,481,8f17f0d0e18bf9a0a7e98df3702b6e5d61214bd95d37b861fb15872d98824a4b
tools-temp/ze-full-decompile/ZoneEngine.Core/WeaponDamageInputProvenance.cs,1367,d616c695ff85512850a2301a198973a30d6a4497793ba86afa03fe2ce9181516
tools-temp/ze-full-decompile/ZoneEngine.Core/WeaponDamageObservation.cs,1129,2963482ec62e7385ebd12b89185d88550f355d48bde1588aa2240ddfdc346ee6
tools-temp/ze-full-decompile/ZoneEngine.Core/WeaponDamageObservationDraft.cs,463,e5d7ff81173c0e6ef4cbd861340caa30448860eb1773562e4274c085302bf454
tools-temp/ze-full-decompile/ZoneEngine.Core/WeaponDamageObservationImportResult.cs,380,fb0e680e011edf1d7587daee9187b2c351b72b64102ce006e0f6b8a39e378822
tools-temp/ze-full-decompile/ZoneEngine.Core/WeaponDamageObservationInput.cs,1844,0229c55aa6a412fd002f7e90004c85d93e1e47a1597ddb40acb4a8b7357127ae
tools-temp/ze-full-decompile/ZoneEngine.Core/WeaponDamageObservationIssue.cs,356,2f16d9a4f195ff561f106a517eb0957a2f7e4f7a2ece103a45f3460df948e27e
tools-temp/ze-full-decompile/ZoneEngine.Core/WeaponDamageObservationIssueKind.cs,409,f92cdca1752b027c52b5c36b3af9a3a453e9fad4ae646ec0923941f780b261bd
tools-temp/ze-full-decompile/ZoneEngine.Core/WeaponDamageObservationJsonImporter.cs,4763,2c88fcd964b6fe5d7ba110ff3f5a1ef3cb0e8e2065b50b8408f21c9c6151c650
tools-temp/ze-full-decompile/ZoneEngine.Core/WeaponDamageObservationResult.cs,380,7d3fb30b500fb721b17e98b225480eb858a004ec8362915f056e8c8059a05d77
tools-temp/ze-full-decompile/ZoneEngine.Core/WeaponDamageObservationSource.cs,908,82771eb603bf77032c29b1cf44c3e4b753ffce969db521d8326187fd3ecaf465
tools-temp/ze-full-decompile/ZoneEngine.Core/WeaponDamageObservationSourceKind.cs,154,23777c00f52691659631ef84225a087840b0b116a74e7b67aa6ea9dc9fceed71
tools-temp/ze-full-decompile/ZoneEngine.Core/WeaponDamageObservationValidationStatus.cs,126,9c5461582217b0fa2efdd03435a7f3cec8bde4f235885724dacabc27fd31a5f8
tools-temp/ze-full-decompile/ZoneEngine.Core/WeaponDamageObservationValidator.cs,7362,ffe112c8a21715cbba4fb8b88ac135276256c85adbfababf957b5d559959ee57
tools-temp/ze-full-decompile/ZoneEngine.Core/WeaponDamageParityReport.cs,1305,d96d82fdba6e15a9f9d4315ad5f3259ac92bcc7a8c1562774e99aa6c0d3961d1
tools-temp/ze-full-decompile/ZoneEngine.Core/WeaponDamageParityReporter.cs,2839,b52fdaeba96f969f9764f1bcf959c960c3f96878d46089444a269235b57a1972
tools-temp/ze-full-decompile/ZoneEngine.Core/WeaponDamageRequestBuildClassification.cs,189,4c01d14c37e1dcd31a8c0024c7d07ebb3b04596588c586afa88f55968f58e7e9
tools-temp/ze-full-decompile/ZoneEngine.Core/WeaponDamageRequestBuildInput.cs,819,f5ab5767946fb9ef92f0f04d66f02ed0c906527a9a0ea636d8cad69cd3380210
tools-temp/ze-full-decompile/ZoneEngine.Core/WeaponDamageRequestBuildResult.cs,917,1c87aa936ca520669c7754a805db0b4dd243a01f3eb04295ca390570ecf83eab
tools-temp/ze-full-decompile/ZoneEngine.Core/WeaponDamageRequestBuilder.cs,19362,e71e7f70a5d6bfda4350284253416783bc85c0372c7eb394f615e455e55fa0ef
tools-temp/ze-full-decompile/ZoneEngine.Core/WeaponDamageStatSnapshot.cs,262,613889e27bf7f804cace20e1a227e8e923022185535686c91004380bc94f088b
tools-temp/ze-full-decompile/ZoneEngine.Core/WeaponDamageWeaponSnapshot.cs,1271,3113d8ae54f0ee177d76cae1795febd63cce19431daa5661a9c0464b05881495
tools-temp/ze-full-decompile/ZoneEngine.Core/WorldEntrySummary.cs,13689,72846d23a258161a7d9dbab40c6b24c2ccafd6973065d0049b721afe38c254e1
tools-temp/ze-full-decompile/ZoneEngine.Core/ZoneClient.cs,21141,eb3371ed55cc12afa94ec74740627b90356a1d285dba02da3cbed0a57ac97429
tools-temp/ze-full-decompile/ZoneEngine.Core/ZoneClientSessionLifecycleCoordinator.cs,3684,4aa5b42976fcaae79c9d56ce98d4b57a1ed6d9a3474d1c080f16931a90d67e25
tools-temp/ze-full-decompile/ZoneEngine.Core/ZoneClientSessionPhase.cs,214,5f57a45568d3f30081abcc55ed9a0ef778067ae715baed7d2c410568b721800e
tools-temp/ze-full-decompile/ZoneEngine.Core/ZoneServer.cs,11428,e8067be14fa987751593f40245f905c10148848e18b6a3219166205420d18bb8
tools-temp/ze-full-decompile/ZoneEngine.Script/IAOScript.cs,94,57929aeaafe42f10a7c59aa4c099a44fae4b6b22cedb47561ae8e5f5948b2feb
tools-temp/ze-full-decompile/ZoneEngine.Script/ScriptCompiler.cs,16439,7ace0ec5299ed703b2d89bad0c835730dd29e5882678be5d4c330fa6a61402d9
tools-temp/ze-full-decompile/ZoneEngine.Scripts/KnuBotItemGiver.cs,9656,b0e09d7c17197dcc7ddfd6bb72b4aff6757ed72573fa2476014dd156cf0493b2
tools-temp/ze-full-decompile/ZoneEngine.Scripts/PerkResetService.cs,1024,5a86f8234c709824c61b67567128a3bde78cd1a07e906e329a068ecc90fda2f9
tools-temp/ze-full-decompile/ZoneEngine.Scripts/PerkResetServiceKnu.cs,4589,6777083c1080edfd73c846dd0ce605b642c4fb65735b938dc08d863fcd7dad28
tools-temp/ze-full-decompile/ZoneEngine.csproj,1655,c4b1418d090d0c121e630cc362c97fc583215b61f8c652e1606258d229ffd051
tools-temp/ze-full-decompile/ZoneEngine/Program.cs,17128,8bb7bcbbea4a527d09199d671acb4ee363c1cbd43f454321523dd3cceee94dc2
tools-temp/ze-full-decompile/app.config,1358,4e3d89e8e8d8a50619acced0fd5cdf1b5808eb7da7df167f3a0eff5eed896acd
tools-temp/ze-full-decompile/app.ico,42946,822c5449854156ca916819b57eeac1a5ac651cd8ccabbc0d769742b055f19020
