mission_ql,low_id,high_id,observed_item_ql,unknown,item_name,observation_count
4,25820,25821,4,0,Basic Nano Recharger,1
4,26471,26471,14,0,Nano Crystal (Ranged Special Attacks Incompetence),3
4,26489,26489,10,0,Nano Crystal (Nano Skills Incompetence),1
4,26503,26503,14,0,Nano Crystal (Melee Special Attacks Incompetence),2
4,27223,27223,4,0,Nano Crystal (Lethargy),1
4,27381,27381,1,0,Omni-Med Suit Gloves,1
4,27385,27385,1,0,Omni-Med Suit Sleeves,1
4,27387,27387,1,0,Omni-Med Female Suit Shirt,1
4,28751,28751,4,0,Nano Crystal (Team Quick Heal),2
4,28752,28752,10,0,Nano Crystal (Terrain Knowledge),7
4,28767,28767,7,0,Nano Crystal (Doctor's Grace),3
4,28780,28780,7,0,Nano Crystal (Inflict Harm),2
4,28805,28805,4,0,Nano Crystal (Corruption),2
4,28811,28811,7,0,Nano Crystal (Fire Stream),3
4,28814,28814,14,0,Nano Crystal (Hot Feet),1
4,28834,28834,4,0,Nano Crystal (Radiation Pulse),1
4,28836,28836,14,0,Nano Crystal (Shockball),2
4,28932,28932,7,0,Nano Crystal (Give Energy: 10),1
4,28936,28936,7,0,Nano Crystal (Give Life: 10),3
4,28938,28938,14,0,Nano Crystal (Give Life: 25),1
4,28943,28943,4,0,Nano Crystal (Iron Fist),4
4,29192,29192,10,0,Nano Crystal (Symbol Helper),3
4,29823,29823,1,0,Nano Crystal (Armor Megaboost),4
4,29844,29844,10,0,Nano Crystal (Gun Enhancement),1
4,29862,29862,7,0,Nano Crystal (Spike Shield),1
4,30110,30110,10,0,Nano Crystal (Distracted Gaze),2
4,30122,30122,14,0,Nano Crystal (Gunslinger),2
4,30781,30781,10,0,Nano Crystal (Lend Nano: 50),1
4,30790,30790,14,0,Nano Crystal (Margin Call),1
4,31420,31420,14,0,Nano Crystal (Cracker's Luck),2
4,31436,31436,1,0,Nano Crystal (Poison Modification),2
4,31498,31498,1,0,White Cloak,9
4,31499,31499,1,0,Red Cloak,1
4,31500,31500,1,0,Grey Cloak,3
4,31501,31501,1,0,Green Cloak,8
4,31502,31502,1,0,Brown Cloak,6
4,31503,31503,1,0,Blue Cloak,8
4,31504,31504,1,0,Jean Trenchcoat,1
4,31505,31505,1,0,Black Trenchcoat,7
4,31506,31506,1,0,Black Omni-Tek Commander Cloak,3
4,31515,31515,1,0,Red Omni-Tek Commander Cloak,7
4,31516,31516,1,0,Trenchcoat,10
4,31517,31517,1,0,Black Cloak,1
4,31528,31528,1,0,Red Cloak Hood,2
4,31530,31530,1,0,Grey Cloak Hood,3
4,31531,31531,1,0,Green Cloak Hood,1
4,31532,31532,1,0,Brown Cloak Hood,3
4,31533,31533,1,0,Blue Cloak Hood,4
4,31534,31534,1,0,Black Cloak Hood,7
4,32076,32076,14,0,Nano Crystal (False Profession: Martial Artist),2
4,32079,32079,14,0,Nano Crystal (False Profession: Soldier),2
4,32082,32082,10,0,Nano Crystal (False Profession: Enforcer),3
4,36779,36778,4,0,2 - 3 NCU Memory,2
4,36783,36782,4,0,Belt Component Platform Ti-100X,2
4,42412,42412,1,0,Nano Crystal (Enhance Team Health),1
4,42416,42416,14,0,Nano Crystal (Lasting Heal),1
4,42423,42423,4,0,Nano Crystal (Weak Team Heal),2
4,43975,43975,14,0,Nano Crystal (Inferior Cleanse Wounds),3
4,43978,43978,4,0,Nano Crystal (Emergency Stitching),1
4,45965,45965,1,0,Nano Crystal (Minor Toxic Barb),2
4,45966,45966,10,0,Nano Crystal (Minor Toxic Field),2
4,45969,45969,14,0,Nano Crystal (Ion Stream),2
4,46010,46010,10,0,Nano Crystal (Upgraded Automaton),3
4,46040,46040,14,0,Nano Crystal (Perfected Automaton),1
4,46059,46059,4,0,Nano Crystal (Lesser Automaton),2
4,46074,46074,7,0,Nano Crystal (Automaton),5
4,46082,46082,14,0,Nano Crystal (Advanced Automaton),1
4,46454,46454,14,0,Nano Crystal (Director-Grade Worker-Droid),2
4,46462,46462,7,0,Nano Crystal (Advanced Worker),1
4,49823,49823,14,0,Nano Crystal (Brave Challenger to Cyclops),3
4,55679,55678,4,0,Weapon Smithing Tutoring Device,1
4,55683,55682,4,0,Pharma Tech Tutoring Device,3
4,55685,55684,4,0,Nano Programming Tutoring Device,2
4,55687,55686,4,0,Computer Literacy Tutoring Device,1
4,55694,55693,4,0,Electrical Engineering Tutoring Device,4
4,55761,55761,10,0,Nano Crystal (Bristling Shield),1
4,55762,55762,4,0,Nano Crystal (Avenging Shield),1
4,55838,55838,7,0,Nano Crystal (Frost With Snow),3
4,55863,55863,1,0,Nano Crystal (Coat of Barbs),1
4,56003,56003,4,0,Nano Crystal (Lesser Illusory Paralysis),2
4,56178,56178,14,0,Nano Crystal (Feet of Stone),4
4,56238,56238,1,0,Nano Crystal (Detain Suspect),2
4,56266,56266,14,0,Nano Crystal (Lesser Embrace of Greed),1
4,70397,70397,14,0,Nano Crystal (Minor Deflection Shield),3
4,70403,70403,7,0,Nano Crystal (Partial Deflection Shield (Extended)),1
4,70411,70411,10,0,Nano Crystal (Total Mirror Shield Mk I),3
4,70558,85640,4,0,Battered Low-Tech Armor Boots,7
4,70559,85689,4,0,Battered Low-Tech Body Armor,2
4,70560,85688,4,0,Battered Low-Tech Female Body Armor,6
4,70561,85744,4,0,Battered Low-Tech Armor Sleeves,7
4,70562,85597,4,0,Battered Low-Tech Armor Gloves,4
4,70563,85558,4,0,Battered Low-Tech Armor Helmet,9
4,70564,85515,4,0,Battered Low-Tech Armor Pants,6
4,70565,85514,4,0,Battered Low-Tech Armor Shorts,3
4,70577,70577,4,0,Nano Crystal (Greater Armor Megaboost),1
4,70581,70581,14,0,Nano Crystal (Flawed Protective Field),2
4,70582,70582,7,0,Nano Crystal (Flawed Shielding Barrier),2
4,75415,75415,4,0,Nano Crystal (Minor Combat Barrier),2
4,75416,75416,14,0,Nano Crystal (Minor Absorption Shield),3
4,78418,78418,10,0,Nano Crystal (Lossy Health Funnel),1
4,81848,81848,10,0,Nano Crystal (Crash of Thunder),1
4,81952,81952,4,0,Nano Crystal (Lesser Suspicious Death),1
4,81956,81956,14,0,Nano Crystal (Inject Poison),1
4,82071,82071,10,0,Nano Crystal (Lesser Healing Touch),1
4,82188,82188,10,0,Nano Crystal (Mass Daze),2
4,82802,82802,10,0,Nano Crystal (Lesser Nano Net),1
4,82807,82807,14,0,Nano Crystal (Postpone Encounter),1
4,82838,82838,20,0,Nano Crystal (Pronouncement of Greatness),4
4,83920,83919,4,0,Aggression Enhancer,1
4,83984,83984,7,0,Nano Crystal (Claw Eyes),2
4,85273,85273,4,0,Nano Crystal (Basic Insurance Hack),1
4,85279,85279,7,0,Nano Crystal (Passive Distributed Entanglement),1
4,85366,85367,4,0,Simple Nano Kit,1
4,85368,85369,4,0,Burst of Speed Stim,1
4,85477,21917,4,0,Worn Cyber Armor Sleeves,6
4,85481,85690,4,0,Battered Leather Vest,2
4,85510,85509,4,0,Inferior Nail Armor Pants,8
4,85517,27360,4,0,Battered Flak Armor Pants,8
4,85531,22289,4,0,Worn Cyber Armor Pants,5
4,85533,85532,4,0,Battered Light Combat Armor Pants,6
4,85572,22219,4,0,Worn Cyber Armor Helmet,7
4,85612,22166,4,0,Worn Cyber Armor Gloves,6
4,85636,85635,4,0,Inferior Nail Armor Boots,5
4,85655,22104,4,0,Worn Cyber Armor Boots,3
4,85657,85656,4,0,Battered Light Combat Armor Boots,3
4,85684,85683,4,0,Inferior Nail Body Armor,4
4,85691,22004,4,0,Inferior Kevlar Vest,3
4,85693,27389,4,0,Battered Flak Body Armor,5
4,85711,22014,4,0,Worn Cyber Female Body Armor,7
4,85712,22010,4,0,Worn Cyber Body Armor,10
4,85714,85713,4,0,Battered Light Combat Body Armor,3
4,85723,85722,4,0,Worn Nadir Steel-Ribbed Armor Sleeves,3
4,85740,85739,4,0,Inferior Nail Armor Sleeves,4
4,85746,27391,4,0,Battered Flak Armor Sleeves,4
4,85761,85760,4,0,Battered Light Combat Armor Sleeves,10
4,85873,85873,10,0,Nano Crystal (Ransack Skills (Weak)),1
4,85894,85894,4,0,Nano Crystal (Deprive Skills (Weak)),1
4,85895,85895,14,0,Nano Crystal (Deprive Skills (Minor)),2
4,86438,86438,1,0,Katara Sunglasses,1
4,87470,87470,1,0,Tattoo,1
4,87471,87471,1,0,Tattoo,1
4,87472,87472,1,0,Tattoo,2
4,87473,87473,1,0,Tattoo,1
4,87474,87474,1,0,Tattoo,1
4,87475,87475,1,0,Tattoo,2
4,87479,87479,1,0,Tattoo,1
4,87810,87814,4,0,Hacker Tool,1
4,88385,88386,4,0,Trimmer - Negative Aggressive-Defensive,2
4,90409,90409,1,0,Nano Crystal (Rudimentary Humidity Extractor),1
4,95427,95427,10,0,Nano Crystal (CrunchCom Code Sieve),2
4,95452,95452,4,0,Nano Crystal (Enhance Nano Communication),1
4,95536,95536,14,0,Nano Crystal (Internal Focus),1
4,95728,95728,14,0,Nano Crystal (Essence of Vitality),3
4,95729,95729,4,0,Nano Crystal (Mongo's Troll),2
4,97459,97459,4,0,Nano Crystal (Health Augmentation),1
4,99133,99133,7,0,Nano Crystal (Shed Anger),2
4,99139,99139,14,0,Nano Crystal (Douse Anger),2
4,99212,99212,20,0,Nano Crystal (Temporary Glamor),1
4,99589,99589,7,0,Nano Crystal (Tired Limbs),1
4,100005,100005,1,0,"Body Tattoo, Front",1
4,100006,100006,1,0,"Body Tattoo, Back",2
4,100010,100010,1,0,"Body Tattoo, Back",1
4,100011,100011,1,0,"Body Tattoo, Front",1
4,100012,100012,1,0,Tattoo,1
4,100013,100013,1,0,Tattoo,2
4,100202,100202,17,0,Nano Crystal (Mongo Slam!),1
4,100228,100228,14,0,Nano Crystal (Draw Attention),3
4,101101,101102,4,0,Basic Eye Implant,1
4,101163,101164,4,0,"Right-Arm Implant: 1h Blunt, Shiny",1
4,101177,101178,4,0,"Chest Implant: Melee/Ma AC, Shiny",1
4,101183,101184,4,0,"Left-Arm Implant: Chemical AC, Faded",1
4,101245,101246,4,0,Basic Right Hand Implant,1
4,101275,101276,4,0,"Leg Implant: Imp/Proj AC, Shiny",1
4,101297,101298,4,0,"Feet Implant: Martial Arts, Bright",1
4,101309,101310,4,0,Imp/Proj AC Cluster - Faded (Waist),1
4,101311,101312,4,0,Imp/Proj AC Cluster - Bright (Chest),2
4,101313,101314,4,0,Imp/Proj AC Cluster - Shiny (Leg),1
4,101315,101316,4,0,Melee/Ma AC Cluster - Faded (Leg),1
4,101325,101326,4,0,Energy AC Cluster - Shiny (Chest),2
4,101327,101328,4,0,Chemical AC Cluster - Faded (Left-Arm),1
4,101329,101330,4,0,Chemical AC Cluster - Bright (Right-Arm),2
4,101333,101371,4,0,Radiation AC Cluster - Faded (Right-Arm),1
4,101337,101338,4,0,1h Blunt Cluster - Shiny (Right-Arm),1
4,101339,101340,4,0,1h Edged Weapon Cluster - Faded (Right-Hand),4
4,101345,101346,4,0,Melee Ener Cluster - Faded (Right-Wrist),1
4,101347,101348,4,0,Melee Ener Cluster - Bright (Left-Wrist),1
4,101351,101352,4,0,2h Edged Cluster - Faded (Waist),1
4,101353,101354,4,0,2h Edged Cluster - Bright (Left-Arm),1
4,101355,101356,4,0,2h Edged Cluster - Shiny (Right-Arm),1
4,101357,101358,4,0,Piercing Cluster - Faded (Waist),2
4,101359,101360,4,0,Piercing Cluster - Bright (Left-Arm),2
4,101363,101364,4,0,2h Blunt Cluster - Faded (Chest),1
4,101365,101366,4,0,2h Blunt Cluster - Bright (Left-Arm),1
4,101372,101373,4,0,Radiation AC Cluster - Bright (Left-Arm),1
4,101378,101379,4,0,Cold AC Cluster - Bright (Right-Hand),1
4,101384,101385,4,0,Nano Resist Cluster - Bright (Right-Wrist),1
4,101388,101389,4,0,Fire AC Cluster - Faded (Right-Hand),1
4,101390,101391,4,0,Fire AC Cluster - Bright (Left-Hand),2
4,101392,101393,4,0,Fire AC Cluster - Shiny (Waist),1
4,101398,101399,4,0,Martial Arts Cluster - Shiny (Right-Hand),1
4,101402,101403,4,0,Mult. Melee Cluster - Bright (Eye),1
4,101404,101405,4,0,Mult. Melee Cluster - Shiny (Left-Wrist),4
4,101408,101409,4,0,Matter Crea Cluster - Faded (Eye),1
4,101410,101411,4,0,Matter Crea Cluster - Bright (Right-Hand),1
4,101418,101419,4,0,Time & Space Cluster - Shiny (Head),1
4,101420,101421,4,0,Nano Pool Cluster - Faded (Waist),3
4,101422,101423,4,0,Nano Pool Cluster - Bright (Head),2
4,101425,101426,4,0,Sharp Obj Cluster - Bright (Right-Hand),2
4,101431,101432,4,0,Grenade Cluster - Bright (Eye),1
4,101433,101434,4,0,Grenade Cluster - Shiny (Right-Arm),1
4,101435,101436,4,0,Heavy Weapons Cluster - Faded (Right-Hand),1
4,101437,101438,4,0,Heavy Weapons Cluster - Bright (Eye),2
4,101443,101444,4,0,Bow Cluster - Bright (Left-Arm),1
4,101445,101446,4,0,Bow Cluster - Shiny (Right-Arm),1
4,101447,101448,4,0,Pistol Cluster - Faded (Eye),2
4,101451,101452,4,0,Pistol Cluster - Shiny (Right-Wrist),1
4,101453,101454,4,0,Rifle Cluster - Faded (Left-Wrist),2
4,101455,101456,4,0,Rifle Cluster - Bright (Right-Wrist),1
4,101459,101460,4,0,MG / SMG Cluster - Faded (Chest),1
4,101463,101464,4,0,MG / SMG Cluster - Shiny (Right-Arm),1
4,101465,101466,4,0,Shotgun Cluster - Faded (Waist),1
4,101467,101468,4,0,Shotgun Cluster - Bright (Right-Hand),1
4,101469,101470,4,0,Shotgun Cluster - Shiny (Right-Arm),1
4,101477,101478,4,0,Vehicle Hydr Cluster - Faded (Ear),1
4,101483,101484,4,0,Melee. Init Cluster - Faded (Waist),1
4,101493,101494,4,0,Ranged. Init Cluster - Shiny (Right-Wrist),1
4,101503,101504,4,0,Bow Spc Att Cluster - Bright (Right-Hand),1
4,101505,101506,4,0,Bow Spc Att Cluster - Shiny (Head),1
4,101509,101510,4,0,Sensory Impr Cluster - Bright (Eye),2
4,101513,101514,4,0,First Aid Cluster - Faded (Left-Hand),2
4,101515,101516,4,0,First Aid Cluster - Bright (Right-Hand),1
4,101519,101520,4,0,Treatment Cluster - Faded (Right-Hand),1
4,101523,101524,4,0,Treatment Cluster - Shiny (Head),2
4,101527,101528,4,0,Mech. Engi Cluster - Bright (Eye),4
4,101529,101530,4,0,Mech. Engi Cluster - Shiny (Head),1
4,101533,101534,4,0,Elec. Engi Cluster - Bright (Head),1
4,101535,101536,4,0,Elec. Engi Cluster - Shiny (Eye),1
4,101537,101538,4,0,Matt.Metam Cluster - Faded (Left-Arm),1
4,101539,101540,4,0,Matt.Metam Cluster - Bright (Chest),2
4,101541,101542,4,0,Matt.Metam Cluster - Shiny (Head),1
4,101545,101546,4,0,Bio.Metamor Cluster - Bright (Chest),2
4,101547,101548,4,0,Bio.Metamor Cluster - Shiny (Head),2
4,101549,101550,4,0,Psycho Modi Cluster - Faded (Ear),3
4,101557,101558,4,0,Ranged Ener Cluster - Bright (Eye),1
4,101559,101560,4,0,Ranged Ener Cluster - Shiny (Head),1
4,101563,101564,4,0,Multi Ranged Cluster - Bright (Right-Wrist),2
4,101569,101570,4,0,Trap Disarm Cluster - Bright (Left-Hand),1
4,101573,101574,4,0,Perception Cluster - Faded (Head),1
4,101575,101576,4,0,Perception Cluster - Bright (Eye),1
4,101593,101594,4,0,Vehicle Air Cluster - Bright (Ear),3
4,101609,101610,4,0,Brawling Cluster - Faded (Waist),1
4,101611,101612,4,0,Brawling Cluster - Bright (Right-Arm),1
4,101613,101614,4,0,Brawling Cluster - Shiny (Left-Arm),2
4,101615,101616,4,0,Riposte Cluster - Faded (Right-Arm),1
4,101617,101618,4,0,Riposte Cluster - Bright (Left-Wrist),2
4,101619,101620,4,0,Riposte Cluster - Shiny (Right-Wrist),1
4,101623,101624,4,0,Dimach Cluster - Bright (Head),1
4,101625,101626,4,0,Dimach Cluster - Shiny (Chest),1
4,101631,101632,4,0,Parry Cluster - Shiny (Right-Wrist),2
4,101633,101634,4,0,Sneak Atck Cluster - Faded (Eye),1
4,101637,101638,4,0,Sneak Atck Cluster - Shiny (Feet),1
4,101639,101640,4,0,Fast Attack Cluster - Faded (Right-Arm),1
4,101643,101644,4,0,Fast Attack Cluster - Shiny (Left-Hand),2
4,101645,101646,4,0,NanoC. Init Cluster - Faded (Chest),1
4,101649,101650,4,0,NanoC. Init Cluster - Shiny (Head),2
4,101653,101654,4,0,Fling Shot Cluster - Bright (Right-Hand),3
4,101655,101656,4,0,Fling Shot Cluster - Shiny (Right-Arm),1
4,101657,101658,4,0,Aimed Shot Cluster - Faded (Right-Hand),1
4,101663,101664,4,0,Body Dev Cluster - Faded (Leg),1
4,101665,101666,4,0,Body Dev Cluster - Bright (Waist),1
4,101671,101672,4,0,Duck-Exp Cluster - Bright (Waist),2
4,101673,101674,4,0,Duck-Exp Cluster - Shiny (Leg),1
4,101679,101680,4,0,Dodge-Rng Cluster - Shiny (Leg),1
4,101681,101682,4,0,Evade-ClsC Cluster - Faded (Waist),2
4,101683,101684,4,0,Evade-ClsC Cluster - Bright (Leg),2
4,101685,101686,4,0,Evade-ClsC Cluster - Shiny (Feet),2
4,101697,101698,4,0,Weapon Smt Cluster - Shiny (Right-Hand),2
4,101707,101708,4,0,Nano Progra Cluster - Bright (Eye),2
4,101709,101710,4,0,Nano Progra Cluster - Shiny (Head),1
4,101713,101714,4,0,Comp. Liter Cluster - Bright (Eye),1
4,101717,101718,4,0,Psychology Cluster - Faded (Eye),2
4,101719,101720,4,0,Psychology Cluster - Bright (Ear),1
4,101723,101724,4,0,Chemistry Cluster - Faded (Right-Hand),1
4,101729,101730,4,0,Concealment Cluster - Faded (Eye),2
4,101731,101732,4,0,Concealment Cluster - Bright (Ear),2
4,101743,101744,4,0,Vehicle Grnd Cluster - Bright (Eye),1
4,101745,101746,4,0,Vehicle Grnd Cluster - Shiny (Head),1
4,101747,101748,4,0,Full Auto Cluster - Faded (Waist),1
4,101751,101752,4,0,Full Auto Cluster - Shiny (Right-Arm),1
4,101755,101756,4,0,Burst Cluster - Bright (Right-Wrist),1
4,101757,101758,4,0,Burst Cluster - Shiny (Right-Arm),1
4,101763,101764,4,0,Disease AC Cluster - Shiny (Head),3
4,101771,101772,4,0,Strength Cluster - Faded (Chest),1
4,101773,101774,4,0,Strength Cluster - Bright (Left-Arm),2
4,101775,101776,4,0,Strength Cluster - Shiny (Right-Arm),1
4,101777,101778,4,0,Agility Cluster - Faded (Waist),1
4,101781,101782,4,0,Agility Cluster - Shiny (Leg),1
4,101783,101784,4,0,Stamina Cluster - Faded (Waist),1
4,101787,101788,4,0,Stamina Cluster - Shiny (Chest),1
4,101795,101796,4,0,Sense Cluster - Faded (Head),1
4,101797,101798,4,0,Sense Cluster - Bright (Waist),2
4,101801,101802,4,0,Psychic Cluster - Faded (Ear),4
4,101805,101806,4,0,Psychic Cluster - Shiny (Head),1
4,101807,101808,4,0,Max Health Cluster - Faded (Leg),2
4,101809,101810,4,0,Max Health Cluster - Bright (Waist),1
4,101811,101812,4,0,Max Health Cluster - Shiny (Chest),1
4,101813,101814,4,0,Max Nano Cluster - Faded (Chest),2
4,101815,101816,4,0,Max Nano Cluster - Bright (Waist),3
4,101817,101818,4,0,Max Nano Cluster - Shiny (Head),1
4,101827,101828,4,0,"Eye Implant: Vehicle Air, Shiny",1
4,101853,101854,4,0,"Eye Implant: Aimed Shot, Shiny",1
4,101863,101864,4,0,"Eye Implant: Rifle, Shiny",1
4,101887,101888,4,0,"Eye Implant: Heavy Weapons, Bright",1
4,101945,101946,4,0,"Eye Implant: Sensory Impr, Bright",1
4,101983,101984,4,0,"Eye Implant: Vehicle Air, Shiny",1
4,102015,102016,4,0,"Eye Implant: Map Navig, Shiny",2
4,102160,102161,4,0,"Eye Implant: Quantum FT, Bright",1
4,102206,102207,4,0,"Eye Implant: Comp. Liter, Bright",1
4,102358,102359,4,0,"Eye Implant: Rifle, Shiny",1
4,102453,102454,4,0,"Eye Implant: Aimed Shot, Shiny",1
4,102455,102456,4,0,"Eye Implant: Nano Progra, Bright",1
4,102508,102509,4,0,"Eye Implant: NanoC. Init, Bright",1
4,102573,102574,4,0,"Eye Implant: Vehicle Grnd, Bright",2
4,102623,102624,4,0,"Eye Implant: Aimed Shot, Shiny",1
4,102735,102736,4,0,"Eye Implant: Comp. Liter, Bright",1
4,102813,102814,4,0,"Eye Implant: Mech. Engi, Bright",1
4,102952,102953,4,0,"Eye Implant: Vehicle Air, Shiny",1
4,103067,103068,4,0,"Eye Implant: Elec. Engi, Shiny",1
4,103078,103079,4,0,"Eye Implant: Tutoring, Shiny",1
4,103112,103113,4,0,"Eye Implant: Rifle, Shiny",1
4,103243,103244,4,0,"Eye Implant: Aimed Shot, Shiny",1
4,103322,103361,4,0,"Eye Implant: Map Navig, Shiny",1
4,103348,103349,4,0,"Eye Implant: Nano Progra, Bright",1
4,103372,103373,4,0,"Eye Implant: Vehicle Air, Shiny",1
4,103392,103393,4,0,"Eye Implant: Vehicle Air, Shiny",1
4,103461,103462,4,0,"Eye Implant: Map Navig, Shiny",1
4,103498,103499,4,0,"Eye Implant: Heavy Weapons, Bright",1
4,103500,103501,4,0,"Eye Implant: Rifle, Shiny",1
4,103504,103505,4,0,"Eye Implant: Vehicle Air, Shiny",1
4,103550,103551,4,0,"Eye Implant: Tutoring, Shiny",1
4,103600,103601,4,0,"Eye Implant: Elec. Engi, Shiny",1
4,103612,103613,4,0,"Eye Implant: Rifle, Shiny",1
4,103693,103694,4,0,"Eye Implant: Elec. Engi, Shiny",1
4,103839,103840,4,0,"Eye Implant: Vehicle Air, Shiny",1
4,103869,103870,4,0,"Eye Implant: Map Navig, Shiny",1
4,103920,103921,4,0,"Eye Implant: Aimed Shot, Shiny",1
4,103922,103923,4,0,"Eye Implant: Vehicle Grnd, Bright",1
4,103935,103936,4,0,"Eye Implant: Rifle, Shiny",1
4,103963,103964,4,0,"Eye Implant: Elec. Engi, Shiny",1
4,103991,103992,4,0,"Eye Implant: Elec. Engi, Shiny",1
4,104035,104036,4,0,"Eye Implant: Vehicle Air, Shiny",1
4,104043,104044,4,0,"Eye Implant: Psycho Modi, Bright",1
4,104141,104142,4,0,"Eye Implant: Comp. Liter, Bright",1
4,104190,104191,4,0,"Eye Implant: Rifle, Shiny",1
4,104214,104215,4,0,"Eye Implant: Aimed Shot, Shiny",1
4,104240,104241,4,0,"Eye Implant: Vehicle Air, Shiny",1
4,104446,104447,4,0,"Eye Implant: Map Navig, Shiny",1
4,104450,104451,4,0,"Eye Implant: Aimed Shot, Shiny",1
4,104542,104543,4,0,"Eye Implant: Tutoring, Shiny",1
4,104564,104565,4,0,"Eye Implant: Rifle, Shiny",1
4,104625,104626,4,0,"Eye Implant: Aimed Shot, Shiny",1
4,104641,104642,4,0,"Eye Implant: Perception, Bright",1
4,104691,104692,4,0,"Eye Implant: Map Navig, Shiny",1
4,104722,104723,4,0,"Eye Implant: Rifle, Shiny",1
4,104784,104785,4,0,"Eye Implant: Map Navig, Shiny",1
4,104848,104849,4,0,"Eye Implant: Aimed Shot, Shiny",1
4,104850,104851,4,0,"Eye Implant: Perception, Bright",1
4,104880,104881,4,0,"Eye Implant: Rifle, Shiny",1
4,105012,105013,4,0,"Eye Implant: Aimed Shot, Shiny",1
4,105163,105164,4,0,"Head Implant: Nano Progra, Shiny",1
4,105333,105334,4,0,"Head Implant: Treatment, Shiny",1
4,105365,105366,4,0,"Head Implant: NanoC. Init, Shiny",1
4,105369,105370,4,0,"Head Implant: Quantum FT, Shiny",1
4,105406,105407,4,0,"Head Implant: Chemistry, Shiny",1
4,105443,105444,4,0,"Head Implant: Mech. Engi, Shiny",1
4,105501,105502,4,0,"Head Implant: Vehicle Grnd, Shiny",1
4,105607,105608,4,0,"Head Implant: Vehicle Grnd, Shiny",1
4,105681,105682,4,0,"Head Implant: Time & Space, Shiny",1
4,105723,105724,4,0,"Head Implant: Intelligence, Shiny",1
4,105763,105764,4,0,"Head Implant: Treatment, Shiny",1
4,105819,105820,4,0,"Head Implant: Quantum FT, Shiny",1
4,105821,105822,4,0,"Head Implant: Pharma Tech, Shiny",1
4,105856,105857,4,0,"Head Implant: Psychic, Shiny",1
4,105963,105964,4,0,"Head Implant: First Aid, Shiny",1
4,106013,106014,4,0,"Head Implant: Bow Spc Att, Shiny",1
4,106097,106098,4,0,"Head Implant: Nano Resist, Shiny",1
4,106227,106228,4,0,"Head Implant: Vehicle Grnd, Shiny",1
4,106233,106234,4,0,"Head Implant: Psychic, Shiny",1
4,106353,106354,4,0,"Head Implant: Matter Crea, Shiny",1
4,106359,106360,4,0,"Head Implant: NanoC. Init, Shiny",1
4,106449,106450,4,0,"Head Implant: NanoC. Init, Shiny",1
4,106485,106486,4,0,"Head Implant: Vehicle Hydr, Shiny",1
4,106544,106545,4,0,"Head Implant: Treatment, Shiny",1
4,106560,106561,4,0,"Head Implant: Matter Crea, Shiny",1
4,106562,106563,4,0,"Head Implant: Time & Space, Shiny",1
4,106687,106688,4,0,"Head Implant: Pharma Tech, Shiny",1
4,106773,106774,4,0,"Head Implant: NanoC. Init, Shiny",1
4,106787,106788,4,0,"Head Implant: Time & Space, Shiny",1
4,106815,106816,4,0,"Head Implant: Weapon Smt, Bright",1
4,107011,107012,4,0,"Head Implant: Pharma Tech, Shiny",1
4,107043,107044,4,0,"Head Implant: First Aid, Shiny",1
4,107065,107066,4,0,"Head Implant: Pharma Tech, Shiny",1
4,107099,107100,4,0,"Head Implant: Treatment, Shiny",1
4,107193,107194,4,0,"Head Implant: Weapon Smt, Bright",1
4,107229,107230,4,0,"Ear Implant: Tutoring, Bright",1
4,107285,107286,4,0,"Ear Implant: Perception, Shiny",1
4,107307,107308,4,0,"Ear Implant: Concealment, Bright",1
4,107343,107344,4,0,"Ear Implant: Psychology, Bright",1
4,107396,107397,4,0,"Right-Arm Implant: 2h Edged, Shiny",1
4,107454,107455,4,0,"Right-Arm Implant: Shotgun, Shiny",1
4,107631,107632,4,0,"Right-Arm Implant: 1h Blunt, Shiny",1
4,107653,107654,4,0,"Right-Arm Implant: Grenade, Shiny",1
4,107735,107736,4,0,"Right-Arm Implant: Shotgun, Shiny",1
4,107741,107742,4,0,"Right-Arm Implant: Assault Rif, Shiny",1
4,107753,107754,4,0,"Right-Arm Implant: Full Auto, Shiny",1
4,107861,107862,4,0,"Right-Arm Implant: Burst, Shiny",1
4,107879,107880,4,0,"Right-Arm Implant: Heavy Weapons, Shiny",1
4,107891,107892,4,0,"Right-Arm Implant: Grenade, Shiny",1
4,107909,107910,4,0,"Right-Arm Implant: Assault Rif, Shiny",1
4,108083,108084,4,0,"Right-Arm Implant: Fling Shot, Shiny",1
4,108142,108143,4,0,"Right-Arm Implant: Strength, Shiny",1
4,108188,108189,4,0,"Right-Arm Implant: 2h Blunt, Shiny",1
4,108268,108269,4,0,"Right-Arm Implant: Full Auto, Shiny",1
4,108288,108289,4,0,"Right-Arm Implant: Piercing, Shiny",1
4,108290,108291,4,0,"Right-Arm Implant: 2h Blunt, Shiny",1
4,108304,108305,4,0,"Right-Arm Implant: Fling Shot, Shiny",1
4,108335,108336,4,0,"Right-Arm Implant: 1h Edged Weapon, Shiny",1
4,108383,108384,4,0,"Chest Implant: Dimach, Shiny",1
4,108496,108497,4,0,"Chest Implant: Body Dev, Shiny",1
4,108500,108501,4,0,"Chest Implant: Stamina, Shiny",1
4,108588,108589,4,0,"Chest Implant: Nano Pool, Shiny",1
4,108602,108603,4,0,"Chest Implant: Melee/Ma AC, Shiny",1
4,108628,108629,4,0,"Chest Implant: Body Dev, Shiny",1
4,108662,108663,4,0,"Chest Implant: Dimach, Shiny",1
4,108708,108709,4,0,"Chest Implant: Matt.Metam, Bright",1
4,108782,108783,4,0,"Chest Implant: Melee/Ma AC, Shiny",1
4,108810,108811,4,0,"Chest Implant: Stamina, Shiny",1
4,108818,108819,4,0,"Chest Implant: Melee/Ma AC, Shiny",1
4,108846,108847,4,0,"Chest Implant: Sense, Shiny",1
4,108866,108867,4,0,"Chest Implant: Sense, Shiny",1
4,108946,108947,4,0,"Chest Implant: Energy AC, Shiny",1
4,109092,109093,4,0,"Chest Implant: Melee/Ma AC, Shiny",1
4,109100,109101,4,0,"Chest Implant: Nano Pool, Shiny",1
4,109156,109157,4,0,"Chest Implant: Max Health, Shiny",1
4,109164,109165,4,0,"Chest Implant: Melee/Ma AC, Shiny",1
4,109210,109211,4,0,"Chest Implant: Max Health, Shiny",1
4,109271,109272,4,0,"Left-Arm Implant: Brawling, Shiny",1
4,109315,109316,4,0,"Left-Arm Implant: Brawling, Shiny",1
4,109400,109401,4,0,"Left-Arm Implant: Brawling, Shiny",1
4,109518,109519,4,0,"Right-Wrist Implant: Rifle, Bright",2
4,109520,109521,4,0,"Right-Wrist Implant: Rifle, Bright",1
4,109534,109535,4,0,"Right-Wrist Implant: Sharp Obj, Shiny",1
4,109540,109541,4,0,"Right-Wrist Implant: Pistol, Shiny",1
4,109550,109551,4,0,"Right-Wrist Implant: Parry, Shiny",1
4,109726,109727,4,0,"Right-Wrist Implant: Rifle, Bright",1
4,109744,109745,4,0,"Right-Wrist Implant: Pistol, Shiny",1
4,109748,109749,4,0,"Right-Wrist Implant: Riposte, Shiny",1
4,109756,109757,4,0,"Right-Wrist Implant: Parry, Shiny",1
4,109824,109825,4,0,"Right-Wrist Implant: Ranged. Init, Shiny",1
4,109890,109891,4,0,"Right-Wrist Implant: Riposte, Shiny",1
4,109900,109901,4,0,"Right-Wrist Implant: Pistol, Shiny",1
4,109966,109967,4,0,"Right-Wrist Implant: Riposte, Shiny",1
4,109978,109979,4,0,"Right-Wrist Implant: 1h Blunt, Bright",1
4,109984,109985,4,0,"Right-Wrist Implant: Ranged. Init, Shiny",1
4,110022,110023,4,0,"Right-Wrist Implant: Pistol, Shiny",1
4,110102,110103,4,0,"Waist Implant: Cold AC, Shiny",1
4,110140,110141,4,0,"Waist Implant: Radiation AC, Shiny",1
4,110170,110171,4,0,"Waist Implant: Radiation AC, Shiny",1
4,110220,110221,4,0,"Waist Implant: Cold AC, Shiny",1
4,110244,110245,4,0,"Waist Implant: Fire AC, Shiny",1
4,110262,110263,4,0,"Waist Implant: Fire AC, Shiny",1
4,110362,110363,4,0,"Waist Implant: Cold AC, Shiny",1
4,110366,110367,4,0,"Waist Implant: Fire AC, Shiny",1
4,110408,110409,4,0,"Waist Implant: Fire AC, Shiny",1
4,110420,110421,4,0,"Waist Implant: Radiation AC, Shiny",1
4,110540,110541,4,0,"Waist Implant: Sense, Bright",1
4,110572,110573,4,0,"Waist Implant: Adventuring, Bright",1
4,110670,110671,4,0,"Waist Implant: Adventuring, Bright",1
4,110686,110687,4,0,"Waist Implant: Cold AC, Shiny",1
4,110810,110811,4,0,"Waist Implant: Brawling, Faded",1
4,110880,110881,4,0,"Waist Implant: Radiation AC, Shiny",1
4,110896,110897,4,0,"Waist Implant: Fire AC, Shiny",1
4,110910,110911,4,0,"Waist Implant: Adventuring, Bright",1
4,110914,110915,4,0,"Waist Implant: Radiation AC, Shiny",1
4,110934,110935,4,0,"Waist Implant: Fire AC, Shiny",1
4,110942,110943,4,0,"Waist Implant: Radiation AC, Shiny",1
4,110984,110985,4,0,"Waist Implant: Chemical AC, Shiny",2
4,110990,110991,4,0,"Waist Implant: Fire AC, Shiny",1
4,111022,111023,4,0,"Waist Implant: Max Nano, Bright",1
4,111164,111165,4,0,"Waist Implant: Fire AC, Shiny",1
4,111201,111202,4,0,"Left-Wrist Implant: Multi Ranged, Shiny",2
4,111319,111320,4,0,"Waist Implant: Cold AC, Shiny",1
4,111337,111338,4,0,"Waist Implant: Body Dev, Bright",1
4,111418,111419,4,0,"Left-Wrist Implant: Mult. Melee, Shiny",1
4,111433,111434,4,0,"Left-Wrist Implant: Mult. Melee, Shiny",1
4,111596,111597,4,0,"Right-Hand Implant: Trap Disarm, Shiny",1
4,111611,111612,4,0,"Right-Hand Implant: Martial Arts, Shiny",1
4,111613,111614,4,0,"Right-Hand Implant: Trap Disarm, Shiny",2
4,111629,111630,4,0,"Right-Hand Implant: Trap Disarm, Shiny",1
4,111664,111665,4,0,"Right-Hand Implant: Weapon Smt, Shiny",1
4,111676,111677,4,0,"Right-Hand Implant: Martial Arts, Shiny",1
4,111698,111699,4,0,"Right-Hand Implant: Trap Disarm, Shiny",1
4,111720,111721,4,0,"Right-Hand Implant: Trap Disarm, Shiny",1
4,111801,111802,4,0,"Right-Hand Implant: Weapon Smt, Shiny",1
4,111850,111851,4,0,"Right-Hand Implant: Martial Arts, Shiny",1
4,111878,111879,4,0,"Right-Hand Implant: Martial Arts, Shiny",1
4,111880,111881,4,0,"Right-Hand Implant: Trap Disarm, Shiny",1
4,111894,111895,4,0,"Right-Hand Implant: Martial Arts, Shiny",1
4,111983,111984,4,0,"Right-Hand Implant: Weapon Smt, Shiny",1
4,112045,112046,4,0,"Right-Hand Implant: Time & Space, Bright",1
4,112067,112068,4,0,"Right-Hand Implant: Weapon Smt, Shiny",1
4,112069,112070,4,0,"Right-Hand Implant: Ranged. Init, Faded",1
4,112122,112123,4,0,"Right-Hand Implant: Trap Disarm, Shiny",2
4,112124,112125,4,0,"Right-Hand Implant: Weapon Smt, Shiny",1
4,112132,112133,4,0,"Right-Hand Implant: Weapon Smt, Shiny",1
4,112166,112167,4,0,"Right-Hand Implant: Trap Disarm, Shiny",1
4,112324,112325,4,0,"Right-Hand Implant: Weapon Smt, Shiny",1
4,112346,112347,4,0,"Right-Hand Implant: Trap Disarm, Shiny",1
4,112394,112395,4,0,"Right-Hand Implant: Trap Disarm, Shiny",1
4,112418,112419,4,0,"Right-Hand Implant: Trap Disarm, Shiny",1
4,112463,112464,4,0,"Right-Hand Implant: Fling Shot, Bright",1
4,112500,112501,4,0,"Right-Hand Implant: Weapon Smt, Shiny",1
4,112554,112555,4,0,"Right-Hand Implant: Trap Disarm, Shiny",1
4,112579,112580,4,0,"Right-Hand Implant: Martial Arts, Shiny",1
4,112731,112800,4,0,"Right-Hand Implant: Trap Disarm, Shiny",1
4,112742,112743,4,0,"Right-Hand Implant: Time & Space, Bright",2
4,112756,112757,4,0,"Right-Hand Implant: Weapon Smt, Shiny",1
4,112768,112769,4,0,"Right-Hand Implant: Cold AC, Bright",1
4,112867,112868,4,0,"Right-Hand Implant: Trap Disarm, Shiny",1
4,112990,112991,4,0,"Right-Hand Implant: Fast Attack, Bright",1
4,113056,113057,4,0,"Right-Hand Implant: Martial Arts, Shiny",1
4,113092,113093,4,0,"Right-Hand Implant: Weapon Smt, Shiny",1
4,113106,113107,4,0,"Right-Hand Implant: Trap Disarm, Shiny",1
4,113141,113142,4,0,"Leg Implant: Imp/Proj AC, Shiny",1
4,113164,113165,4,0,"Leg Implant: Dodge-Rng, Shiny",1
4,113192,113193,4,0,"Leg Implant: Energy AC, Bright",1
4,113208,113209,4,0,"Leg Implant: Duck-Exp, Shiny",1
4,113225,113226,4,0,"Leg Implant: Agility, Shiny",1
4,113259,113260,4,0,"Leg Implant: Stamina, Bright",1
4,113295,113296,4,0,"Leg Implant: Swimming, Shiny",1
4,113416,113417,4,0,"Leg Implant: Dodge-Rng, Shiny",1
4,113462,113463,4,0,"Left-Hand Implant: First Aid, Faded",1
4,113528,113529,4,0,"Feet Implant: Physic. Init, Shiny",1
4,113619,113620,4,0,"Feet Implant: Concealment, Shiny",1
4,116800,116800,14,0,Nano Crystal (Quick Fix),1
4,120609,120609,1,0,Omni-Med Cloak,9
4,121305,121304,4,0,Information Tool - Aggressive,2
4,121360,121360,8,0,Nano Crystal (Skill Wrangler (Weak)),1
4,121367,121367,14,0,Nano Crystal (Skill Wrangler (Patchy)),2
4,121515,121515,11,0,Nano Crystal (Novice Health Haggler),1
4,121518,121518,4,0,Nano Crystal (Amateur Health Haggler),1
4,121572,121573,4,0,Useless Triple-Blade,1
4,121591,121592,4,0,Rusty Hand Blade,1
4,121629,121630,4,0,Rusty Spiked Axe,1
4,121648,121649,4,0,Chipped Polearm,1
4,121684,121685,4,0,Cracked  Bolter 42mm,1
4,121703,121704,4,0,Dull Whings,1
4,121722,121723,4,0,Dull Haxor 9922,1
4,121741,121742,4,0,Unbalanced Right Slice,1
4,121760,121761,4,0,Unbalanced Mini Axe,2
4,121817,121818,4,0,Irreparable Sleekblaster Minor,1
4,121836,121837,4,0,Irreparable Sleekblaster,1
4,121950,121951,4,0,Unbalanced Slank Chop,3
4,121969,121970,4,0,Dull Katana,1
4,122007,122008,4,0,Ill-Treated Blackened Blaster,1
4,122026,122027,4,0,Irreparable Triplejolt,2
4,122083,122084,4,0,Ill-Treated Blackened Blaster Rifle,2
4,122102,122103,4,0,Unbalanced Stabber,1
4,122197,122198,4,0,Ill-Treated DNA-Locked Blaster Rifle,3
4,122292,122293,4,0,Irreparable Omni-Flamer Mk IV,1
4,122349,122350,4,0,Punctured Metaphysic Energy Shield,3
4,122387,122388,4,0,Punctured Esoteric Energy Buckler,1
4,122406,122407,4,0,Punctured Energy Buckler,1
4,122425,122426,4,0,Ill-Treated Mausser Particle Streamer,2
4,122444,122445,4,0,Irreparable El Dieu,1
4,122463,122464,4,0,Irreparable El Diablo,2
4,122482,122483,4,0,Irreparable Ingram Blaster 23-X,1
4,122520,122521,4,0,Ill-Treated Omni-Flamer Strategic,2
4,122539,122540,4,0,Ill-Treated Omni-Pol Standard Flamer,1
4,122577,122578,4,0,Ill-Treated Supernova Mk VI,2
4,122596,122597,4,0,Ill-Treated Blackhole Mk IX,2
4,122615,122616,4,0,Irreparable Aero Borealis Corona,2
4,122634,122635,4,0,Irreparable The Original Plasma-Emitter,1
4,122672,122673,4,0,Ill-Treated Heavy Lead Sprayer,1
4,122691,122692,4,0,Unbalanced Advanced Baseballbat,5
4,122729,122730,4,0,Unbalanced Blackjack,1
4,122748,122749,4,0,Dull Two-Handed Blackjack,2
4,122767,122768,4,0,Ill-Treated Bow-Blaster,3
4,122824,122825,4,0,Worn-Out Chair,1
4,122848,122849,4,0,Unbalanced Stun-Baton,1
4,122924,122925,4,0,Dull Blackjohn,2
4,122943,122944,4,0,Unbalanced Mace,1
4,122962,122963,4,0,Dull Notum Staff,1
4,122981,122982,4,0,Irreparable Kolt 58 Magnum,1
4,123000,123001,4,0,Dull Notum Spear,1
4,123019,123020,4,0,Ill-Treated Mini-Shotgun,1
4,123038,123039,4,0,Ill-Treated Medium Shotgun,1
4,123171,123172,4,0,Irreparable Electron-Charged Pistol,1
4,123400,123401,4,0,Gluegun,1
4,123419,123420,4,0,Ill-Treated Netgun,1
4,123628,123629,4,0,Irreparable BBI Sigma III,2
4,123647,123648,4,0,Irreparable Sentinels ETE Strike Gun,3
4,123685,123686,4,0,Irreparable Seburo Bobsons,1
4,123704,123705,4,0,Rotting OT Biomag,2
4,123723,123724,4,0,M-1 Bipower Prototype,1
4,123742,123743,4,0,Rusty OT M-10 Flechette Pistol,5
4,123761,123762,4,0,Rusty Polizziotto M202F,2
4,123774,123775,4,0,Rusty MTI 95 Match Pistol,2
4,123837,123838,4,0,Rusty Zastaba Cz-200,1
4,123844,123845,4,0,Rusty Freedom Arms Super 90,1
4,123855,123856,4,0,Second-Hand Old English Trading Co.,2
4,123886,123887,4,0,Sparkling HSR Arms,1
4,123893,123894,4,0,Rusty OT Backup,1
4,123928,123929,4,0,Rusty FN 7-7 Pistol,1
4,123933,123934,4,0,Stained MTI USP 1200,1
4,123942,123943,4,0,Burned-Out Galahad Inc T70,2
4,123968,123970,4,0,Rusty OT Boomer M30,2
4,123979,123980,4,0,Rusty Nomad 21.7 BMG Ranger,1
4,123984,123985,4,0,Rusty MTI-OT PF55 Flechette System,1
4,124004,124005,4,0,Rusty M150 Booster Edition,1
4,124016,124017,4,0,Rusty Sig SG 992 SWAT Edition 2,1
4,124092,124093,4,0,Rusted AcuTek Cruncher,1
4,124136,124137,4,0,ICC Arms 2Q2B Gun Bag,1
4,124162,124163,4,0,Battered MTI SL70 Rifle,2
4,124183,124184,4,0,Worn OT-Windchaser RM70,1
4,124198,124199,4,0,Worn OT-Windchaser RM70 Junior,1
4,124241,124242,4,0,Rusty OT M50 Shotgun,2
4,124285,124286,4,0,Rusty OT-Windchaser SM30 Shotgun,3
4,124302,124303,4,0,Flawed Old English Trading Co. Urban Sniper,2
4,124313,124314,4,0,Rusty Ithaca Ki-8,1
4,124364,124365,4,0,Rusty OT Anti-Cyborg Rifle,2
4,124369,124370,4,0,Barret M-00 Anti-Material Rifle,1
4,124391,124392,4,0,OT Rancho Colonial Carbine,4
4,124407,124408,4,0,Rusty MTI G-70,1
4,124431,124432,4,0,Bent BBI Minami-90,2
4,124444,124445,4,0,Loose Kalinkalov Mz-99,1
4,124453,124454,4,0,Rusty EN-RAL,1
4,124465,124466,4,0,Rusty G.C. AKMR 1K20,1
4,124484,124485,4,0,Ingram Morning Star,1
4,124494,124495,4,0,Old Manex STR 77,1
4,124503,124504,4,0,Rusty OT Eskorpio 21,1
4,124510,124511,4,0,Rusty Sentinels Personal Edition,1
4,124529,124530,4,0,Prototype Sito-Tech Model 00,1
4,124545,124546,4,0,YES Support 1010,2
4,124560,124561,4,0,Ill-Treated OT Saladin,2
4,124579,124580,4,0,Irreparable OT Viper IX,1
4,124617,124618,4,0,Used MTI SO1210,1
4,124681,124682,4,0,Ill-Treated MTI MPK-22 Briefcase Gun,2
4,124730,124731,4,0,Ill-Treated FN P00,1
4,124749,124750,4,0,Ill-Treated BBI WMMA CAW,1
4,124768,124769,4,0,Ill-Treated OT ARL-10 Micromissile Launcher,2
4,124779,124780,4,0,Ill-Treated Tsunami Raiden MP-Drum,1
4,124817,124818,4,0,Ill-Treated OT M-70 HardRain GPMG,1
4,124855,124856,4,0,Ill-Treated Planet Gripon Arms Hard-Boomer,1
4,124874,124875,4,0,Ill-Treated GE ME30 Mom,1
4,124929,124930,4,0,Ill-Treated IEC Flashpoint Laser Rifle,2
4,124967,124968,4,0,Ill-Treated GE XM-559 Man-Portable Laser,1
4,125024,125025,4,0,Ill-Treated Joint Clans Patriot,3
4,125043,125044,4,0,Ill-Treated Reet-Tech Junior Urban Crossbow,2
4,125081,125082,4,0,Ill-Treated Oneida Razor Half-Bow,1
4,125296,125297,4,0,Splintered Peasant Squibber,1
4,125330,125331,4,0,Splintered Large Rider Squibber,1
4,125343,125344,4,0,Splintered Protector Squibber,3
4,125419,125420,4,0,Splintered Torch,2
4,125459,125460,4,0,5th level Ninja Wakisashi,2
4,125751,125751,17,0,Nano Crystal (Calling of Medinos),2
4,128627,128628,4,0,Rusty Ares Arms AR-90 Jet Rifle,1
4,128674,128675,4,0,Ill-treated HSR Arms Tech Assault V,2
4,128734,128735,4,0,1st edition Pistola Di Macchina Mini Automatico 2,3
4,128784,128785,4,0,MTI MP903A3D9,1
4,128792,128793,4,0,Ill-treated OT Cobra M-33,1
4,128830,128831,4,0,Rusty Freedom Arms Defender,1
4,128916,128917,4,0,Water balloon,2
4,128938,128939,4,0,Obtuse Peasant Warblade,2
4,128995,128996,4,0,Obtuse Protector Warblade,2
4,129014,129015,4,0,Omni-Med Butter Cake,1
4,129017,129018,4,0,Fast Chocolate Surprise,1
4,129045,129046,4,0,10th level Ninja Katana,3
4,129638,129639,4,0,Over-tuned Wen-Wen,1
4,130060,130061,4,0,Unbalanced Heavy Staff,1
4,130071,130072,4,0,Splintered Light Staff,1
4,130082,130083,4,0,Faded Magical Stave of Inferno,1
4,130087,130088,4,0,Splintered Native Alloy Staff,3
4,130144,130145,4,0,Rusty Hayfork,3
4,130163,130164,4,0,Loose MTI Sword,1
4,130197,130198,4,0,Splintered Bloodworm Carapace,1
4,130214,130215,4,0,Splintered Light Spear,1
4,130255,130256,4,0,"Right-Wrist Implant: Run Speed, Shiny",1
4,130293,130294,4,0,"Right-Wrist Implant: Run Speed, Shiny",2
4,130358,130359,4,0,"Left-Wrist Implant: Multi Ranged, Shiny",1
4,136690,136690,14,0,Nano Crystal (Slipshod Bandaging),2
4,142773,142773,4,0,Nano Crystal (Swap Psyche),1
4,142817,142818,4,0,Obtuse Survival Knife,2
4,142836,142837,4,0,Splintered Metaplast Mace,1
4,142855,142856,4,0,Cast-off Eye Wind Onehander,1
4,144063,144064,4,0,Splintered Survival Axe,1
4,144101,144102,4,0,Sparkling Freedom Arms 4200,5
4,150223,150224,4,0,,2
4,150241,150242,4,0,,2
4,150254,150255,4,0,,1
4,150633,150633,14,0,,1
4,151834,151834,14,0,,2
4,152064,152065,4,0,,1
4,152135,152136,4,0,,1
4,152279,152280,4,0,,1
4,152311,152312,4,0,,3
4,152339,152340,4,0,,2
4,152367,152368,4,0,,1
4,152723,152724,4,0,,1
4,152732,152733,4,0,,1
4,153083,153084,4,0,,1
4,154069,150213,4,0,,3
4,155379,155379,8,0,,1
4,155392,155392,8,0,,1
4,156142,156142,4,0,,2
4,156146,156146,11,0,,3
4,159007,159008,4,0,,1
4,159021,159022,4,0,,3
4,159035,159036,4,0,,2
4,160184,160185,4,0,,2
4,160219,160220,4,0,,2
4,160239,160240,4,0,,1
4,160264,160265,4,0,,3
4,160279,160280,4,0,,2
4,169968,169969,4,0,,1
4,171665,172757,4,0,,1
4,171685,171686,4,0,,1
4,177587,177588,4,0,,1
4,178114,178115,4,0,,1
4,178122,178123,4,0,,1
4,178126,178127,4,0,,1
4,191173,191174,4,0,,1
4,191687,191688,4,0,,1
4,191691,191692,4,0,,1
4,191703,191704,4,0,,1
4,202827,202827,8,0,,3
4,202871,202871,10,0,,2
4,203870,203870,14,0,,2
4,204103,204104,4,0,,1
4,204267,204268,4,0,,1
4,204270,204271,4,0,,1
4,205224,205225,4,0,,1
4,206289,206290,4,0,,3
4,209489,209489,4,0,,3
4,210322,210322,14,0,,8
4,210354,210354,4,0,,3
4,210529,210529,1,0,,5
4,210590,210590,2,0,,4
4,210612,210612,8,0,,3
4,210733,210733,5,0,,2
4,210805,210805,14,0,,6
4,218780,218781,4,0,,1
4,218822,218823,4,0,,1
4,227473,227473,30,0,,2
4,233792,233793,4,0,,1
5,23314,23316,5,0,Simple First-Aid Kit,1
5,26471,26471,14,0,Nano Crystal (Ranged Special Attacks Incompetence),5
5,26489,26489,10,0,Nano Crystal (Nano Skills Incompetence),2
5,26503,26503,14,0,Nano Crystal (Melee Special Attacks Incompetence),1
5,26541,26541,10,0,Nano Crystal (Drain Abilities),3
5,27199,27199,10,0,Nano Crystal (Melee Weapons Incompetence),1
5,27223,27223,4,0,Nano Crystal (Lethargy),3
5,27263,27263,10,0,Nano Crystal (Ranged Weapons Incompetence),1
5,27381,27381,1,0,Omni-Med Suit Gloves,1
5,27383,27383,1,0,Omni-Med Suit Shirt,1
5,27385,27385,1,0,Omni-Med Suit Sleeves,1
5,27386,27386,1,0,Omni-Med Suit Trousers,1
5,28751,28751,4,0,Nano Crystal (Team Quick Heal),3
5,28752,28752,10,0,Nano Crystal (Terrain Knowledge),2
5,28767,28767,7,0,Nano Crystal (Doctor's Grace),3
5,28770,28770,14,0,Nano Crystal (Enhanced First Aid),2
5,28834,28834,4,0,Nano Crystal (Radiation Pulse),1
5,28932,28932,7,0,Nano Crystal (Give Energy: 10),1
5,28936,28936,7,0,Nano Crystal (Give Life: 10),3
5,28938,28938,14,0,Nano Crystal (Give Life: 25),1
5,28943,28943,4,0,Nano Crystal (Iron Fist),1
5,29823,29823,1,0,Nano Crystal (Armor Megaboost),2
5,29844,29844,10,0,Nano Crystal (Gun Enhancement),1
5,29862,29862,7,0,Nano Crystal (Spike Shield),3
5,30110,30110,10,0,Nano Crystal (Distracted Gaze),1
5,30122,30122,14,0,Nano Crystal (Gunslinger),1
5,30781,30781,10,0,Nano Crystal (Lend Nano: 50),1
5,30790,30790,14,0,Nano Crystal (Margin Call),3
5,31436,31436,1,0,Nano Crystal (Poison Modification),1
5,31498,31498,1,0,White Cloak,6
5,31499,31499,1,0,Red Cloak,7
5,31500,31500,1,0,Grey Cloak,6
5,31501,31501,1,0,Green Cloak,5
5,31502,31502,1,0,Brown Cloak,3
5,31503,31503,1,0,Blue Cloak,4
5,31504,31504,1,0,Jean Trenchcoat,2
5,31505,31505,1,0,Black Trenchcoat,10
5,31506,31506,1,0,Black Omni-Tek Commander Cloak,4
5,31515,31515,1,0,Red Omni-Tek Commander Cloak,2
5,31516,31516,1,0,Trenchcoat,5
5,31517,31517,1,0,Black Cloak,4
5,31528,31528,1,0,Red Cloak Hood,6
5,31530,31530,1,0,Grey Cloak Hood,6
5,31531,31531,1,0,Green Cloak Hood,5
5,31532,31532,1,0,Brown Cloak Hood,2
5,31533,31533,1,0,Blue Cloak Hood,7
5,31534,31534,1,0,Black Cloak Hood,1
5,32076,32076,14,0,Nano Crystal (False Profession: Martial Artist),3
5,32079,32079,14,0,Nano Crystal (False Profession: Soldier),4
5,32082,32082,10,0,Nano Crystal (False Profession: Enforcer),1
5,36783,36782,5,0,Belt Component Platform Ti-100X,1
5,42412,42412,1,0,Nano Crystal (Enhance Team Health),1
5,42423,42423,4,0,Nano Crystal (Weak Team Heal),2
5,43145,43146,5,0,Attack of the Snake,3
5,43552,43551,5,0,Portable Surgery Clinic,1
5,43780,43780,14,0,Nano Crystal (Summon Fury Externalization),3
5,43993,43993,10,0,Nano Crystal (Dress Wounds),1
5,44185,44185,14,0,Nano Crystal (Elementary Nano Contagion),3
5,45956,45956,7,0,Nano Crystal (Open Wound),1
5,45965,45965,1,0,Nano Crystal (Minor Toxic Barb),3
5,45966,45966,10,0,Nano Crystal (Minor Toxic Field),2
5,45973,45973,14,0,Nano Crystal (Lesser RNA Reaper),1
5,45994,45994,7,0,Nano Crystal (Feeble Blade Chaos),3
5,46010,46010,10,0,Nano Crystal (Upgraded Automaton),1
5,46040,46040,14,0,Nano Crystal (Perfected Automaton),2
5,46059,46059,4,0,Nano Crystal (Lesser Automaton),2
5,46074,46074,7,0,Nano Crystal (Automaton),1
5,46082,46082,14,0,Nano Crystal (Advanced Automaton),1
5,46456,46456,1,0,Nano Crystal (Basic Worker-Droid),3
5,46462,46462,7,0,Nano Crystal (Advanced Worker),2
5,49823,49823,14,0,Nano Crystal (Brave Challenger to Cyclops),1
5,55679,55678,5,0,Weapon Smithing Tutoring Device,2
5,55683,55682,5,0,Pharma Tech Tutoring Device,4
5,55685,55684,5,0,Nano Programming Tutoring Device,1
5,55687,55686,5,0,Computer Literacy Tutoring Device,2
5,55688,55677,5,0,Chemistry Tutoring Device,1
5,55690,55689,5,0,Mechanical Engineering Tutoring Device,1
5,55692,55691,5,0,Field Quantum Physics Tutoring Device,1
5,55694,55693,5,0,Electrical Engineering Tutoring Device,2
5,55761,55761,10,0,Nano Crystal (Bristling Shield),2
5,55762,55762,4,0,Nano Crystal (Avenging Shield),2
5,55838,55838,7,0,Nano Crystal (Frost With Snow),2
5,56003,56003,4,0,Nano Crystal (Lesser Illusory Paralysis),4
5,56178,56178,14,0,Nano Crystal (Feet of Stone),1
5,56238,56238,1,0,Nano Crystal (Detain Suspect),3
5,56250,56250,4,0,Nano Crystal (Halt Flight),1
5,56252,56252,14,0,Nano Crystal (No Escape Possible),1
5,56259,56259,1,0,Nano Crystal (Lesser Detain Customer),4
5,70397,70397,14,0,Nano Crystal (Minor Deflection Shield),4
5,70401,70401,1,0,Nano Crystal (Partial Deflection Shield),1
5,70403,70403,7,0,Nano Crystal (Partial Deflection Shield (Extended)),2
5,70411,70411,10,0,Nano Crystal (Total Mirror Shield Mk I),1
5,70558,85640,5,0,Battered Low-Tech Armor Boots,6
5,70559,85689,5,0,Battered Low-Tech Body Armor,5
5,70560,85688,5,0,Battered Low-Tech Female Body Armor,10
5,70561,85744,5,0,Battered Low-Tech Armor Sleeves,2
5,70562,85597,5,0,Battered Low-Tech Armor Gloves,5
5,70563,85558,5,0,Battered Low-Tech Armor Helmet,6
5,70564,85515,5,0,Battered Low-Tech Armor Pants,3
5,70565,85514,5,0,Battered Low-Tech Armor Shorts,5
5,70577,70577,4,0,Nano Crystal (Greater Armor Megaboost),3
5,70582,70582,7,0,Nano Crystal (Flawed Shielding Barrier),2
5,75354,75354,1,0,Nano Crystal (Toughen Skin),1
5,75355,75355,14,0,Nano Crystal (Harden Skin),1
5,75415,75415,4,0,Nano Crystal (Minor Combat Barrier),1
5,75416,75416,14,0,Nano Crystal (Minor Absorption Shield),5
5,78418,78418,10,0,Nano Crystal (Lossy Health Funnel),1
5,81952,81952,4,0,Nano Crystal (Lesser Suspicious Death),3
5,81956,81956,14,0,Nano Crystal (Inject Poison),2
5,82071,82071,10,0,Nano Crystal (Lesser Healing Touch),6
5,82188,82188,10,0,Nano Crystal (Mass Daze),3
5,82800,82800,4,0,Nano Crystal (Passive Micro Entanglement),2
5,82807,82807,14,0,Nano Crystal (Postpone Encounter),5
5,82838,82838,20,0,Nano Crystal (Pronouncement of Greatness),3
5,83975,83975,4,0,Nano Crystal (Poke Eyes),2
5,85273,85273,4,0,Nano Crystal (Basic Insurance Hack),2
5,85368,85369,5,0,Burst of Speed Stim,1
5,85477,21917,5,0,Worn Cyber Armor Sleeves,5
5,85481,85690,5,0,Battered Leather Vest,5
5,85510,85509,5,0,Inferior Nail Armor Pants,2
5,85512,85511,5,0,Worn Metaplast Armor Pants,5
5,85517,27360,5,0,Battered Flak Armor Pants,3
5,85521,85520,5,0,Battered Leather Armor Pants,4
5,85531,22289,5,0,Worn Cyber Armor Pants,7
5,85533,85532,5,0,Battered Light Combat Armor Pants,10
5,85557,85556,5,0,Worn Metaplast Armor Helmet,5
5,85562,85561,5,0,Battered Leather Armor Helmet,2
5,85572,22219,5,0,Worn Cyber Armor Helmet,3
5,85596,85595,5,0,Worn Metaplast Armor Gloves,3
5,85602,85601,5,0,Battered Leather Armor Gloves,1
5,85612,22166,5,0,Worn Cyber Armor Gloves,3
5,85636,85635,5,0,Inferior Nail Armor Boots,3
5,85638,85637,5,0,Worn Metaplast Armor Boots,6
5,85645,85644,5,0,Battered Leather Armor Boots,3
5,85655,22104,5,0,Worn Cyber Armor Boots,4
5,85657,85656,5,0,Battered Light Combat Armor Boots,4
5,85684,85683,5,0,Inferior Nail Body Armor,5
5,85686,85685,5,0,Worn Metaplast Body Armor,4
5,85691,22004,5,0,Inferior Kevlar Vest,5
5,85693,27389,5,0,Battered Flak Body Armor,5
5,85697,85696,5,0,Battered Leather Body Armor,2
5,85711,22014,5,0,Worn Cyber Female Body Armor,3
5,85712,22010,5,0,Worn Cyber Body Armor,7
5,85714,85713,5,0,Battered Light Combat Body Armor,7
5,85723,85722,5,0,Worn Nadir Steel-Ribbed Armor Sleeves,4
5,85740,85739,5,0,Inferior Nail Armor Sleeves,5
5,85742,85741,5,0,Worn Metaplast Armor Sleeves,3
5,85746,27391,5,0,Battered Flak Armor Sleeves,4
5,85750,85749,5,0,Battered Leather Armor Sleeves,5
5,85761,85760,5,0,Battered Light Combat Armor Sleeves,2
5,85873,85873,10,0,Nano Crystal (Ransack Skills (Weak)),3
5,85894,85894,4,0,Nano Crystal (Deprive Skills (Weak)),2
5,86438,86438,1,0,Katara Sunglasses,1
5,86441,86441,1,0,Keelarr Sunglasses,1
5,86443,86443,1,0,Visor,3
5,87470,87470,1,0,Tattoo,1
5,87473,87473,1,0,Tattoo,1
5,87475,87475,1,0,Tattoo,2
5,87479,87479,1,0,Tattoo,1
5,88383,88384,5,0,Trimmer - Positive Aggressive-Defensive,1
5,88385,88386,5,0,Trimmer - Negative Aggressive-Defensive,1
5,90409,90409,1,0,Nano Crystal (Rudimentary Humidity Extractor),1
5,95427,95427,10,0,Nano Crystal (CrunchCom Code Sieve),1
5,95536,95536,14,0,Nano Crystal (Internal Focus),1
5,95729,95729,4,0,Nano Crystal (Mongo's Troll),1
5,99139,99139,14,0,Nano Crystal (Douse Anger),2
5,99212,99212,20,0,Nano Crystal (Temporary Glamor),2
5,99589,99589,7,0,Nano Crystal (Tired Limbs),3
5,99999,99999,1,0,"Body Tattoo, Back",3
5,100005,100005,1,0,"Body Tattoo, Front",2
5,100006,100006,1,0,"Body Tattoo, Back",3
5,100007,100007,1,0,"Body Tattoo, Front",2
5,100009,100009,1,0,"Body Tattoo, Back",1
5,100012,100012,1,0,Tattoo,2
5,100013,100013,1,0,Tattoo,2
5,100202,100202,17,0,Nano Crystal (Mongo Slam!),1
5,101107,101108,5,0,"Eye Implant: Mult. Melee, Bright",1
5,101163,101164,5,0,"Right-Arm Implant: 1h Blunt, Shiny",1
5,101173,101174,5,0,"Chest Implant: Melee/Ma AC, Shiny",1
5,101243,101244,5,0,"Left-Wrist Implant: Mult. Melee, Shiny",1
5,101313,101314,5,0,Imp/Proj AC Cluster - Shiny (Leg),1
5,101321,101322,5,0,Energy AC Cluster - Faded (Waist),1
5,101323,101324,5,0,Energy AC Cluster - Bright (Leg),1
5,101327,101328,5,0,Chemical AC Cluster - Faded (Left-Arm),1
5,101331,101332,5,0,Chemical AC Cluster - Shiny (Waist),1
5,101333,101371,5,0,Radiation AC Cluster - Faded (Right-Arm),1
5,101335,101336,5,0,1h Blunt Cluster - Bright (Right-Wrist),2
5,101343,101344,5,0,1h Edged Weapon Cluster - Shiny (Right-Arm),1
5,101345,101346,5,0,Melee Ener Cluster - Faded (Right-Wrist),1
5,101355,101356,5,0,2h Edged Cluster - Shiny (Right-Arm),3
5,101359,101360,5,0,Piercing Cluster - Bright (Left-Arm),1
5,101361,101362,5,0,Piercing Cluster - Shiny (Right-Arm),1
5,101365,101366,5,0,2h Blunt Cluster - Bright (Left-Arm),2
5,101367,101368,5,0,2h Blunt Cluster - Shiny (Right-Arm),1
5,101369,101370,5,0,Sharp Obj Cluster - Faded (Eye),1
5,101374,101375,5,0,Radiation AC Cluster - Shiny (Waist),2
5,101376,101377,5,0,Cold AC Cluster - Faded (Left-Hand),3
5,101384,101385,5,0,Nano Resist Cluster - Bright (Right-Wrist),2
5,101386,101387,5,0,Nano Resist Cluster - Shiny (Head),2
5,101388,101389,5,0,Fire AC Cluster - Faded (Right-Hand),1
5,101390,101391,5,0,Fire AC Cluster - Bright (Left-Hand),1
5,101392,101393,5,0,Fire AC Cluster - Shiny (Waist),1
5,101400,101401,5,0,Mult. Melee Cluster - Faded (Right-Wrist),2
5,101408,101409,5,0,Matter Crea Cluster - Faded (Eye),1
5,101410,101411,5,0,Matter Crea Cluster - Bright (Right-Hand),1
5,101412,101413,5,0,Matter Crea Cluster - Shiny (Head),1
5,101414,101415,5,0,Time & Space Cluster - Faded (Eye),3
5,101420,101421,5,0,Nano Pool Cluster - Faded (Waist),1
5,101433,101434,5,0,Grenade Cluster - Shiny (Right-Arm),1
5,101435,101436,5,0,Heavy Weapons Cluster - Faded (Right-Hand),1
5,101437,101438,5,0,Heavy Weapons Cluster - Bright (Eye),3
5,101441,101442,5,0,Bow Cluster - Faded (Eye),4
5,101443,101444,5,0,Bow Cluster - Bright (Left-Arm),2
5,101445,101446,5,0,Bow Cluster - Shiny (Right-Arm),1
5,101451,101452,5,0,Pistol Cluster - Shiny (Right-Wrist),1
5,101457,101458,5,0,Rifle Cluster - Shiny (Eye),2
5,101465,101466,5,0,Shotgun Cluster - Faded (Waist),4
5,101471,101472,5,0,Assault Rif Cluster - Faded (Eye),1
5,101481,101482,5,0,Vehicle Hydr Cluster - Shiny (Head),2
5,101483,101484,5,0,Melee. Init Cluster - Faded (Waist),1
5,101489,101490,5,0,Ranged. Init Cluster - Faded (Right-Hand),1
5,101491,101492,5,0,Ranged. Init Cluster - Bright (Head),1
5,101493,101494,5,0,Ranged. Init Cluster - Shiny (Right-Wrist),1
5,101497,101498,5,0,Physic. Init Cluster - Bright (Right-Arm),2
5,101501,101502,5,0,Bow Spc Att Cluster - Faded (Right-Wrist),1
5,101503,101504,5,0,Bow Spc Att Cluster - Bright (Right-Hand),2
5,101505,101506,5,0,Bow Spc Att Cluster - Shiny (Head),1
5,101507,101508,5,0,Sensory Impr Cluster - Faded (Chest),1
5,101511,101512,5,0,Sensory Impr Cluster - Shiny (Head),2
5,101513,101514,5,0,First Aid Cluster - Faded (Left-Hand),1
5,101515,101516,5,0,First Aid Cluster - Bright (Right-Hand),2
5,101517,101518,5,0,First Aid Cluster - Shiny (Head),1
5,101519,101520,5,0,Treatment Cluster - Faded (Right-Hand),1
5,101521,101522,5,0,Treatment Cluster - Bright (Eye),1
5,101523,101524,5,0,Treatment Cluster - Shiny (Head),1
5,101525,101526,5,0,Mech. Engi Cluster - Faded (Right-Arm),2
5,101527,101528,5,0,Mech. Engi Cluster - Bright (Eye),1
5,101531,101532,5,0,Elec. Engi Cluster - Faded (Right-Hand),1
5,101537,101538,5,0,Matt.Metam Cluster - Faded (Left-Arm),1
5,101543,101544,5,0,Bio.Metamor Cluster - Faded (Waist),2
5,101545,101546,5,0,Bio.Metamor Cluster - Bright (Chest),1
5,101547,101548,5,0,Bio.Metamor Cluster - Shiny (Head),1
5,101549,101550,5,0,Psycho Modi Cluster - Faded (Ear),1
5,101551,101552,5,0,Psycho Modi Cluster - Bright (Eye),1
5,101553,101407,5,0,Psycho Modi Cluster - Shiny (Head),1
5,101555,101556,5,0,Ranged Ener Cluster - Faded (Left-Hand),1
5,101557,101558,5,0,Ranged Ener Cluster - Bright (Eye),1
5,101561,101562,5,0,Multi Ranged Cluster - Faded (Eye),2
5,101567,101568,5,0,Trap Disarm Cluster - Faded (Head),1
5,101569,101570,5,0,Trap Disarm Cluster - Bright (Left-Hand),1
5,101571,101572,5,0,Trap Disarm Cluster - Shiny (Right-Hand),1
5,101573,101574,5,0,Perception Cluster - Faded (Head),2
5,101575,101576,5,0,Perception Cluster - Bright (Eye),1
5,101577,101578,5,0,Perception Cluster - Shiny (Ear),1
5,101579,101580,5,0,Adventuring Cluster - Faded (Chest),1
5,101583,101584,5,0,Adventuring Cluster - Shiny (Leg),3
5,101591,101592,5,0,Vehicle Air Cluster - Faded (Head),1
5,101595,101596,5,0,Vehicle Air Cluster - Shiny (Eye),1
5,101603,101604,5,0,Tutoring Cluster - Faded (Head),2
5,101605,101606,5,0,Tutoring Cluster - Bright (Ear),2
5,101611,101612,5,0,Brawling Cluster - Bright (Right-Arm),1
5,101615,101616,5,0,Riposte Cluster - Faded (Right-Arm),1
5,101623,101624,5,0,Dimach Cluster - Bright (Head),1
5,101629,101630,5,0,Parry Cluster - Bright (Left-Wrist),1
5,101639,101640,5,0,Fast Attack Cluster - Faded (Right-Arm),2
5,101659,101660,5,0,Aimed Shot Cluster - Bright (Right-Wrist),2
5,101665,101666,5,0,Body Dev Cluster - Bright (Waist),1
5,101667,101668,5,0,Body Dev Cluster - Shiny (Chest),1
5,101673,101674,5,0,Duck-Exp Cluster - Shiny (Leg),1
5,101677,101678,5,0,Dodge-Rng Cluster - Bright (Feet),1
5,101679,101680,5,0,Dodge-Rng Cluster - Shiny (Leg),1
5,101685,101686,5,0,Evade-ClsC Cluster - Shiny (Feet),1
5,101693,101694,5,0,Weapon Smt Cluster - Faded (Eye),1
5,101695,101696,5,0,Weapon Smt Cluster - Bright (Head),1
5,101697,101698,5,0,Weapon Smt Cluster - Shiny (Right-Hand),3
5,101703,101704,5,0,Pharma Tech Cluster - Shiny (Head),2
5,101707,101708,5,0,Nano Progra Cluster - Bright (Eye),1
5,101711,101712,5,0,Comp. Liter Cluster - Faded (Right-Hand),1
5,101721,101722,5,0,Psychology Cluster - Shiny (Head),1
5,101731,101732,5,0,Concealment Cluster - Bright (Ear),1
5,101737,101738,5,0,Break & Entry Cluster - Bright (Left-Arm),1
5,101739,101740,5,0,Break & Entry Cluster - Shiny (Right-Arm),2
5,101741,101742,5,0,Vehicle Grnd Cluster - Faded (Ear),1
5,101743,101744,5,0,Vehicle Grnd Cluster - Bright (Eye),3
5,101745,101746,5,0,Vehicle Grnd Cluster - Shiny (Head),1
5,101749,101750,5,0,Full Auto Cluster - Bright (Right-Wrist),1
5,101751,101752,5,0,Full Auto Cluster - Shiny (Right-Arm),2
5,101755,101756,5,0,Burst Cluster - Bright (Right-Wrist),1
5,101773,101774,5,0,Strength Cluster - Bright (Left-Arm),1
5,101777,101778,5,0,Agility Cluster - Faded (Waist),1
5,101779,101780,5,0,Agility Cluster - Bright (Feet),1
5,101781,101782,5,0,Agility Cluster - Shiny (Leg),2
5,101783,101784,5,0,Stamina Cluster - Faded (Waist),1
5,101785,101786,5,0,Stamina Cluster - Bright (Leg),1
5,101789,101790,5,0,Intelligence Cluster - Faded (Ear),1
5,101793,101794,5,0,Intelligence Cluster - Shiny (Head),3
5,101797,101798,5,0,Sense Cluster - Bright (Waist),1
5,101801,101802,5,0,Psychic Cluster - Faded (Ear),1
5,101805,101806,5,0,Psychic Cluster - Shiny (Head),2
5,101807,101808,5,0,Max Health Cluster - Faded (Leg),1
5,101809,101810,5,0,Max Health Cluster - Bright (Waist),2
5,101811,101812,5,0,Max Health Cluster - Shiny (Chest),1
5,101813,101814,5,0,Max Nano Cluster - Faded (Chest),1
5,101815,101816,5,0,Max Nano Cluster - Bright (Waist),1
5,101817,101818,5,0,Max Nano Cluster - Shiny (Head),1
5,101819,101820,5,0,"Eye Implant: Elec. Engi, Shiny",1
5,101891,101892,5,0,"Eye Implant: Rifle, Shiny",1
5,101973,101974,5,0,"Eye Implant: Treatment, Bright",1
5,102053,102054,5,0,"Eye Implant: Aimed Shot, Shiny",1
5,102055,102056,5,0,"Eye Implant: Ranged Ener, Bright",1
5,102124,102125,5,0,"Eye Implant: Tutoring, Shiny",1
5,102156,102157,5,0,"Eye Implant: Aimed Shot, Shiny",1
5,102234,102235,5,0,"Eye Implant: Chemistry, Bright",1
5,102266,102267,5,0,"Eye Implant: Rifle, Shiny",1
5,102291,102292,5,0,"Eye Implant: Elec. Engi, Shiny",1
5,102301,102302,5,0,"Eye Implant: Tutoring, Shiny",1
5,102307,102308,5,0,"Eye Implant: Intelligence, Bright",1
5,102390,102391,5,0,"Eye Implant: Map Navig, Shiny",1
5,102453,102454,5,0,"Eye Implant: Aimed Shot, Shiny",1
5,102500,102501,5,0,"Eye Implant: Vehicle Air, Shiny",1
5,102615,102616,5,0,"Eye Implant: Tutoring, Shiny",1
5,102671,102672,5,0,"Eye Implant: Sensory Impr, Bright",1
5,102838,102839,5,0,"Eye Implant: Aimed Shot, Shiny",1
5,102866,102867,5,0,"Eye Implant: Map Navig, Shiny",1
5,102876,102877,5,0,"Eye Implant: Grenade, Bright",1
5,103002,103003,5,0,"Eye Implant: NanoC. Init, Bright",1
5,103082,103083,5,0,"Eye Implant: Nano Progra, Bright",1
5,103084,103085,5,0,"Eye Implant: Rifle, Shiny",1
5,103090,103091,5,0,"Eye Implant: Map Navig, Shiny",1
5,103098,103099,5,0,"Eye Implant: Rifle, Shiny",1
5,103233,103234,5,0,"Eye Implant: Rifle, Shiny",1
5,103235,103236,5,0,"Eye Implant: Elec. Engi, Shiny",1
5,103256,103257,5,0,"Eye Implant: Rifle, Shiny",1
5,103330,103331,5,0,"Eye Implant: Tutoring, Shiny",1
5,103338,103339,5,0,"Eye Implant: Elec. Engi, Shiny",1
5,103394,103395,5,0,"Eye Implant: Vehicle Air, Shiny",1
5,103400,103401,5,0,"Eye Implant: Tutoring, Shiny",1
5,103502,103503,5,0,"Eye Implant: Elec. Engi, Shiny",1
5,103805,103806,5,0,"Eye Implant: Perception, Bright",1
5,103819,103820,5,0,"Eye Implant: NanoC. Init, Bright",1
5,103912,103913,5,0,"Eye Implant: Elec. Engi, Shiny",1
5,103949,103950,5,0,"Eye Implant: Map Navig, Shiny",1
5,103999,104000,5,0,"Eye Implant: Aimed Shot, Shiny",1
5,104031,104032,5,0,"Eye Implant: Rifle, Shiny",1
5,104133,104134,5,0,"Eye Implant: Vehicle Air, Shiny",1
5,104163,104164,5,0,"Eye Implant: Heavy Weapons, Bright",1
5,104234,104273,5,0,"Eye Implant: Map Navig, Shiny",1
5,104288,104289,5,0,"Eye Implant: Vehicle Air, Shiny",1
5,104299,104300,5,0,"Eye Implant: Elec. Engi, Shiny",1
5,104400,104401,5,0,"Eye Implant: Aimed Shot, Shiny",1
5,104544,104545,5,0,"Eye Implant: Aimed Shot, Shiny",1
5,104546,104547,5,0,"Eye Implant: Aimed Shot, Shiny",1
5,104560,104561,5,0,"Eye Implant: Aimed Shot, Shiny",1
5,104647,104648,5,0,"Eye Implant: Vehicle Air, Shiny",1
5,104804,104482,5,0,"Eye Implant: Vehicle Hydr, Bright",1
5,104826,104827,5,0,"Eye Implant: Elec. Engi, Shiny",1
5,104834,104835,5,0,"Eye Implant: Aimed Shot, Shiny",1
5,104854,104855,5,0,"Eye Implant: Elec. Engi, Shiny",1
5,104860,104861,5,0,"Eye Implant: Tutoring, Shiny",1
5,104907,104908,5,0,"Head Implant: Sensory Impr, Shiny",1
5,104915,104916,5,0,"Head Implant: First Aid, Shiny",1
5,104944,104945,5,0,"Eye Implant: Nano Progra, Bright",1
5,105023,105024,5,0,"Head Implant: Bio.Metamor, Shiny",1
5,105029,105030,5,0,"Head Implant: Psycho Modi, Shiny",1
5,105080,105081,5,0,"Head Implant: Comp. Liter, Shiny",1
5,105163,105164,5,0,"Head Implant: Nano Progra, Shiny",1
5,105189,105190,5,0,"Head Implant: Max Nano, Shiny",1
5,105295,105296,5,0,"Head Implant: Psychic, Shiny",1
5,105321,105322,5,0,"Head Implant: Bow Spc Att, Shiny",1
5,105495,105496,5,0,"Head Implant: Chemistry, Shiny",2
5,105501,105502,5,0,"Head Implant: Vehicle Grnd, Shiny",1
5,105513,105514,5,0,"Head Implant: Psychic, Shiny",1
5,105537,105538,5,0,"Head Implant: Bow Spc Att, Shiny",1
5,105569,105570,5,0,"Head Implant: Matter Crea, Shiny",1
5,105607,105608,5,0,"Head Implant: Vehicle Grnd, Shiny",1
5,105639,105640,5,0,"Head Implant: Vehicle Hydr, Shiny",1
5,105641,105642,5,0,"Head Implant: Vehicle Hydr, Shiny",1
5,105821,105822,5,0,"Head Implant: Pharma Tech, Shiny",1
5,105870,105871,5,0,"Head Implant: Ranged Ener, Shiny",1
5,105927,105928,5,0,"Head Implant: NanoC. Init, Shiny",1
5,106114,106115,5,0,"Head Implant: Ranged Ener, Shiny",1
5,106207,106208,5,0,"Head Implant: Matter Crea, Shiny",1
5,106305,106306,5,0,"Head Implant: NanoC. Init, Shiny",1
5,106333,106334,5,0,"Head Implant: Psychology, Shiny",1
5,106345,106346,5,0,"Head Implant: Mech. Engi, Shiny",1
5,106441,106442,5,0,"Head Implant: Psycho Modi, Shiny",1
5,106471,106472,5,0,"Head Implant: Max Nano, Shiny",1
5,106493,106494,5,0,"Head Implant: Sensory Impr, Shiny",1
5,106580,106581,5,0,"Head Implant: Elec. Engi, Bright",1
5,106643,106644,5,0,"Head Implant: Vehicle Grnd, Shiny",1
5,106651,106652,5,0,"Head Implant: Max Nano, Shiny",1
5,106775,106776,5,0,"Head Implant: Quantum FT, Shiny",1
5,106924,106925,5,0,"Head Implant: Nano Progra, Shiny",1
5,107035,107036,5,0,"Head Implant: Melee Ener, Shiny",1
5,107049,107050,5,0,"Head Implant: Matt.Metam, Shiny",1
5,107093,107094,5,0,"Head Implant: Bow Spc Att, Shiny",1
5,107101,107102,5,0,"Head Implant: Mech. Engi, Shiny",1
5,107119,107120,5,0,"Head Implant: Pharma Tech, Shiny",1
5,107123,107124,5,0,"Head Implant: Comp. Liter, Shiny",1
5,107229,107230,5,0,"Ear Implant: Tutoring, Bright",1
5,107237,107238,5,0,"Ear Implant: Psychology, Bright",1
5,107253,107254,5,0,"Ear Implant: Psycho Modi, Faded",1
5,107281,107282,5,0,"Ear Implant: Perception, Shiny",1
5,107311,107312,5,0,"Ear Implant: Vehicle Grnd, Faded",1
5,107339,107340,5,0,"Ear Implant: Tutoring, Bright",1
5,107380,107381,5,0,"Right-Arm Implant: Break & Entry, Shiny",1
5,107402,107403,5,0,"Right-Arm Implant: 2h Edged, Shiny",1
5,107452,107453,5,0,"Right-Arm Implant: Shotgun, Shiny",1
5,107456,107457,5,0,"Right-Arm Implant: Shotgun, Shiny",1
5,107485,107486,5,0,"Right-Arm Implant: Strength, Shiny",1
5,107512,107513,5,0,"Right-Arm Implant: MG / SMG, Shiny",1
5,107524,107525,5,0,"Right-Arm Implant: Fling Shot, Shiny",1
5,107534,107535,5,0,"Right-Arm Implant: Burst, Shiny",1
5,107592,107593,5,0,"Right-Arm Implant: Piercing, Shiny",1
5,107599,107600,5,0,"Right-Arm Implant: Shotgun, Shiny",1
5,107625,107626,5,0,"Right-Arm Implant: Strength, Shiny",1
5,107659,107660,5,0,"Right-Arm Implant: Bow, Shiny",1
5,107695,107696,5,0,"Right-Arm Implant: Mech. Engi, Faded",1
5,107733,107734,5,0,"Right-Arm Implant: MG / SMG, Shiny",1
5,107897,107898,5,0,"Right-Arm Implant: Bow, Shiny",1
5,108070,108071,5,0,"Right-Arm Implant: Piercing, Shiny",1
5,108200,108201,5,0,"Right-Arm Implant: Assault Rif, Shiny",1
5,108408,108409,5,0,"Chest Implant: Body Dev, Shiny",1
5,108474,108475,5,0,"Chest Implant: Matt.Metam, Bright",1
5,108480,108481,5,0,"Chest Implant: Melee/Ma AC, Shiny",1
5,108548,108549,5,0,"Chest Implant: Imp/Proj AC, Bright",1
5,108564,108565,5,0,"Chest Implant: Dimach, Shiny",1
5,108618,108619,5,0,"Chest Implant: Psychic, Bright",1
5,108682,108683,5,0,"Chest Implant: Body Dev, Shiny",1
5,108712,108713,5,0,"Chest Implant: Energy AC, Shiny",1
5,108752,108753,5,0,"Chest Implant: Stamina, Shiny",1
5,108788,108789,5,0,"Chest Implant: Dimach, Shiny",1
5,108790,108791,5,0,"Chest Implant: Body Dev, Shiny",1
5,108876,108877,5,0,"Chest Implant: Nano Pool, Shiny",1
5,108878,108879,5,0,"Chest Implant: Dimach, Shiny",1
5,108918,108919,5,0,"Chest Implant: Stamina, Shiny",1
5,108928,108929,5,0,"Chest Implant: Body Dev, Shiny",1
5,108976,108977,5,0,"Chest Implant: Max Health, Shiny",1
5,109088,109089,5,0,"Chest Implant: Melee/Ma AC, Shiny",1
5,109126,109127,5,0,"Chest Implant: Energy AC, Shiny",1
5,109224,109225,5,0,"Chest Implant: Stamina, Shiny",1
5,109236,109237,5,0,"Chest Implant: Nano Pool, Shiny",1
5,109297,109298,5,0,"Left-Arm Implant: Brawling, Shiny",1
5,109331,109332,5,0,"Left-Arm Implant: Radiation AC, Bright",1
5,109366,109367,5,0,"Left-Arm Implant: Bow, Bright",1
5,109404,109405,5,0,"Left-Arm Implant: Brawling, Shiny",1
5,109488,109489,5,0,"Right-Wrist Implant: Pistol, Shiny",1
5,109514,109456,5,0,"Right-Wrist Implant: Pistol, Shiny",1
5,109528,109529,5,0,"Right-Wrist Implant: Pistol, Shiny",1
5,109544,109545,5,0,"Right-Wrist Implant: Ranged. Init, Shiny",1
5,109600,109601,5,0,"Right-Wrist Implant: Full Auto, Bright",2
5,109662,109663,5,0,"Right-Wrist Implant: Sharp Obj, Shiny",1
5,109672,109673,5,0,"Right-Wrist Implant: Ranged. Init, Shiny",1
5,109750,109751,5,0,"Right-Wrist Implant: Parry, Shiny",1
5,109774,109775,5,0,"Right-Wrist Implant: Riposte, Shiny",1
5,109928,109929,5,0,"Right-Wrist Implant: Pistol, Shiny",1
5,109956,109957,5,0,"Right-Wrist Implant: Pistol, Shiny",1
5,109978,109979,5,0,"Right-Wrist Implant: 1h Blunt, Bright",1
5,109992,109993,5,0,"Right-Wrist Implant: 1h Edged Weapon, Bright",1
5,110032,110033,5,0,"Right-Wrist Implant: Parry, Shiny",1
5,110072,110073,5,0,"Right-Wrist Implant: Parry, Shiny",1
5,110080,110081,5,0,"Right-Wrist Implant: Pistol, Shiny",1
5,110210,110211,5,0,"Waist Implant: Chemical AC, Shiny",1
5,110278,110279,5,0,"Waist Implant: Cold AC, Shiny",1
5,110410,110411,5,0,"Waist Implant: Piercing, Faded",1
5,110446,110447,5,0,"Waist Implant: Fire AC, Shiny",1
5,110484,110485,5,0,"Waist Implant: Cold AC, Shiny",1
5,110492,110493,5,0,"Waist Implant: Radiation AC, Shiny",1
5,110532,110533,5,0,"Waist Implant: Chemical AC, Shiny",1
5,110590,110591,5,0,"Waist Implant: Fire AC, Shiny",1
5,110614,110615,5,0,"Waist Implant: Max Nano, Bright",1
5,110684,110685,5,0,"Waist Implant: Radiation AC, Shiny",1
5,110802,110803,5,0,"Waist Implant: Chemical AC, Shiny",1
5,110812,110813,5,0,"Waist Implant: Melee/Ma AC, Bright",1
5,110818,110819,5,0,"Waist Implant: Radiation AC, Shiny",1
5,110850,110851,5,0,"Waist Implant: Duck-Exp, Bright",1
5,110938,110939,5,0,"Waist Implant: Body Dev, Bright",1
5,110948,110949,5,0,"Waist Implant: Duck-Exp, Bright",1
5,110958,110959,5,0,"Waist Implant: Sense, Bright",1
5,111060,111061,5,0,"Waist Implant: Radiation AC, Shiny",1
5,111128,111129,5,0,"Waist Implant: Max Health, Bright",1
5,111170,111171,5,0,"Waist Implant: Chemical AC, Shiny",1
5,111176,111177,5,0,"Waist Implant: Fire AC, Shiny",1
5,111180,111181,5,0,"Waist Implant: Chemical AC, Shiny",1
5,111335,111336,5,0,"Waist Implant: Fire AC, Shiny",1
5,111353,111354,5,0,"Waist Implant: Cold AC, Shiny",1
5,111444,111445,5,0,"Right-Hand Implant: Trap Disarm, Shiny",1
5,111480,111481,5,0,"Right-Hand Implant: Martial Arts, Shiny",1
5,111502,111503,5,0,"Right-Hand Implant: Trap Disarm, Shiny",1
5,111570,111571,5,0,"Right-Hand Implant: Weapon Smt, Shiny",1
5,111592,111593,5,0,"Right-Hand Implant: Martial Arts, Shiny",1
5,111644,111645,5,0,"Right-Hand Implant: Martial Arts, Shiny",1
5,111842,111843,5,0,"Right-Hand Implant: Weapon Smt, Shiny",1
5,111856,111857,5,0,"Right-Hand Implant: Weapon Smt, Shiny",1
5,111923,111924,5,0,"Right-Hand Implant: Fling Shot, Bright",1
5,111953,111954,5,0,"Right-Hand Implant: Weapon Smt, Shiny",2
5,111970,111971,5,0,"Right-Hand Implant: Bow Spc Att, Bright",1
5,111978,111979,5,0,"Right-Hand Implant: First Aid, Bright",1
5,111989,111990,5,0,"Right-Hand Implant: Trap Disarm, Shiny",1
5,112049,112050,5,0,"Right-Hand Implant: Trap Disarm, Shiny",1
5,112098,112099,5,0,"Right-Hand Implant: Trap Disarm, Shiny",1
5,112104,112105,5,0,"Right-Hand Implant: Martial Arts, Shiny",1
5,112108,112109,5,0,"Right-Hand Implant: Weapon Smt, Shiny",1
5,112150,112151,5,0,"Right-Hand Implant: Fling Shot, Bright",2
5,112152,112153,5,0,"Right-Hand Implant: Martial Arts, Shiny",1
5,112168,112169,5,0,"Right-Hand Implant: Trap Disarm, Shiny",1
5,112215,112216,5,0,"Right-Hand Implant: Martial Arts, Shiny",1
5,112300,112301,5,0,"Right-Hand Implant: Weapon Smt, Shiny",1
5,112306,112307,5,0,"Right-Hand Implant: Trap Disarm, Shiny",1
5,112382,112383,5,0,"Right-Hand Implant: Sharp Obj, Bright",1
5,112422,112423,5,0,"Right-Hand Implant: Bow Spc Att, Bright",1
5,112445,112446,5,0,"Right-Hand Implant: Weapon Smt, Shiny",1
5,112516,112517,5,0,"Right-Hand Implant: Weapon Smt, Shiny",2
5,112717,112718,5,0,"Right-Hand Implant: Weapon Smt, Shiny",1
5,112742,112743,5,0,"Right-Hand Implant: Time & Space, Bright",1
5,112752,112753,5,0,"Right-Hand Implant: Martial Arts, Shiny",1
5,112784,112785,5,0,"Right-Hand Implant: Martial Arts, Shiny",1
5,112827,112828,5,0,"Right-Hand Implant: Trap Disarm, Shiny",2
5,112869,112870,5,0,"Right-Hand Implant: Weapon Smt, Shiny",1
5,112887,112888,5,0,"Right-Hand Implant: Chemistry, Faded",1
5,112927,112928,5,0,"Right-Hand Implant: Shotgun, Bright",1
5,112935,112936,5,0,"Right-Hand Implant: Assault Rif, Bright",1
5,112949,112950,5,0,"Right-Hand Implant: Weapon Smt, Shiny",1
5,112969,112985,5,0,"Right-Hand Implant: Martial Arts, Shiny",1
5,112992,112993,5,0,"Right-Hand Implant: Martial Arts, Shiny",1
5,112998,112999,5,0,"Right-Hand Implant: Fling Shot, Bright",1
5,113031,113032,5,0,"Right-Hand Implant: Trap Disarm, Shiny",1
5,113066,113067,5,0,"Right-Hand Implant: Trap Disarm, Shiny",1
5,113068,113069,5,0,"Right-Hand Implant: Weapon Smt, Shiny",1
5,113082,113083,5,0,"Right-Hand Implant: Trap Disarm, Shiny",1
5,113174,113175,5,0,"Leg Implant: Dodge-Rng, Shiny",1
5,113206,113207,5,0,"Leg Implant: Duck-Exp, Shiny",1
5,113273,113274,5,0,"Leg Implant: Duck-Exp, Shiny",1
5,113293,113294,5,0,"Leg Implant: Adventuring, Shiny",1
5,113414,113415,5,0,"Leg Implant: Duck-Exp, Shiny",1
5,113540,113541,5,0,"Feet Implant: Sneak Atck, Shiny",1
5,113560,113561,5,0,"Feet Implant: Dodge-Rng, Bright",1
5,113595,113596,5,0,"Feet Implant: Concealment, Shiny",1
5,113607,113608,5,0,"Feet Implant: Physic. Init, Shiny",1
5,113621,113622,5,0,"Feet Implant: Concealment, Shiny",1
5,116800,116800,14,0,Nano Crystal (Quick Fix),1
5,120609,120609,1,0,Omni-Med Cloak,5
5,120628,120628,1,0,Medical Cloak,1
5,121305,121304,5,0,Information Tool - Aggressive,1
5,121306,121307,5,0,Information Tool - Level,2
5,121309,121308,5,0,Information Tool - Life and Nano Points,1
5,121360,121360,8,0,Nano Crystal (Skill Wrangler (Weak)),1
5,121367,121367,14,0,Nano Crystal (Skill Wrangler (Patchy)),2
5,121515,121515,11,0,Nano Crystal (Novice Health Haggler),1
5,121610,121611,5,0,Refitted Polearm,1
5,121629,121630,5,0,Rusty Spiked Axe,1
5,121648,121649,5,0,Chipped Polearm,2
5,121665,121666,5,0,Dulled Thagh Whings,1
5,121703,121704,5,0,Dull Whings,2
5,121760,121761,5,0,Unbalanced Mini Axe,2
5,121836,121837,5,0,Irreparable Sleekblaster,1
5,121855,121856,5,0,Ill-Treated Chunkprojector,1
5,121893,121894,5,0,Ill-Treated Heavy Grinner,1
5,121912,121913,5,0,Ill-Treated Flamethrower,3
5,121950,121951,5,0,Unbalanced Slank Chop,2
5,121969,121970,5,0,Dull Katana,1
5,122045,122046,5,0,Dull Longmoon,1
5,122064,122065,5,0,Unbalanced Clean Slay Axe,1
5,122083,122084,5,0,Ill-Treated Blackened Blaster Rifle,2
5,122140,122141,5,0,Unbalanced Cutlass,1
5,122216,122217,5,0,Ill-Treated Stigma Rifle,1
5,122273,122274,5,0,Irreparable Kolt PDW-37,2
5,122292,122293,5,0,Irreparable Omni-Flamer Mk IV,3
5,122330,122331,5,0,Irreparable Minigrinner,1
5,122349,122350,5,0,Punctured Metaphysic Energy Shield,2
5,122368,122369,5,0,Punctured Energy Shield,1
5,122406,122407,5,0,Punctured Energy Buckler,1
5,122425,122426,5,0,Ill-Treated Mausser Particle Streamer,1
5,122444,122445,5,0,Irreparable El Dieu,1
5,122501,122502,5,0,Ill-Treated Biogun,1
5,122539,122540,5,0,Ill-Treated Omni-Pol Standard Flamer,1
5,122577,122578,5,0,Ill-Treated Supernova Mk VI,2
5,122596,122597,5,0,Ill-Treated Blackhole Mk IX,2
5,122615,122616,5,0,Irreparable Aero Borealis Corona,1
5,122672,122673,5,0,Ill-Treated Heavy Lead Sprayer,1
5,122691,122692,5,0,Unbalanced Advanced Baseballbat,1
5,122729,122730,5,0,Unbalanced Blackjack,2
5,122767,122768,5,0,Ill-Treated Bow-Blaster,2
5,122829,122830,5,0,Unbalanced Titanium Crowbar,1
5,122848,122849,5,0,Unbalanced Stun-Baton,1
5,122924,122925,5,0,Dull Blackjohn,1
5,122943,122944,5,0,Unbalanced Mace,1
5,123171,123172,5,0,Irreparable Electron-Charged Pistol,3
5,123305,123306,5,0,Ill-Treated Enriched Uranium Sprayer,1
5,123343,123344,5,0,Unbalanced Hand Axe,1
5,123362,123363,5,0,Unbalanced Lead Pipe,1
5,123381,123382,5,0,Unbalanced Meat-Cleaver,2
5,123400,123401,5,0,Gluegun,2
5,123457,123458,5,0,Irreparable OT Boomer+.90AE,2
5,123495,123496,5,0,Irreparable IMI Desert Reet 1000,1
5,123628,123629,5,0,Irreparable BBI Sigma III,1
5,123647,123648,5,0,Irreparable Sentinels ETE Strike Gun,4
5,123666,123667,5,0,Irreparable River MV,1
5,123685,123686,5,0,Irreparable Seburo Bobsons,2
5,123704,123705,5,0,Rotting OT Biomag,2
5,123723,123724,5,0,M-1 Bipower Prototype,1
5,123742,123743,5,0,Rusty OT M-10 Flechette Pistol,1
5,123774,123775,5,0,Rusty MTI 95 Match Pistol,1
5,123789,123790,5,0,Leaking MTI VP300 Caseless,1
5,123844,123845,5,0,Rusty Freedom Arms Super 90,1
5,123855,123856,5,0,Second-Hand Old English Trading Co.,5
5,123879,123880,5,0,Worn BigBurger Inc.,2
5,123886,123887,5,0,Sparkling HSR Arms,1
5,123928,123929,5,0,Rusty FN 7-7 Pistol,3
5,123933,123934,5,0,Stained MTI USP 1200,1
5,123979,123980,5,0,Rusty Nomad 21.7 BMG Ranger,1
5,123984,123985,5,0,Rusty MTI-OT PF55 Flechette System,2
5,124042,124043,5,0,F.D.A. Insurgent Fly,1
5,124073,124074,5,0,Rusty BBI PS500,1
5,124092,124093,5,0,Rusted AcuTek Cruncher,1
5,124101,124102,5,0,O.E.T. Co. C70 Brigand,1
5,124106,124107,5,0,Worn Kalo-BBI Model 55,1
5,124121,124122,5,0,Rusty ICC Arms SB21 Assault Shotgun,2
5,124136,124137,5,0,ICC Arms 2Q2B Gun Bag,1
5,124230,124231,5,0,Old Springfield Arms Home Defender,1
5,124258,124258,5,0,Vektor ND Shotgun,2
5,124263,124264,5,0,Old OT MPS-00 Police Shotgun,1
5,124276,124277,5,0,Rusty Krutt Assault 219,1
5,124302,124303,5,0,Flawed Old English Trading Co. Urban Sniper,1
5,124313,124314,5,0,Rusty Ithaca Ki-8,1
5,124328,124329,5,0,Worn Sako J-21 P-96 Response Rifle,1
5,124348,124349,5,0,Battered OT M500 SWAT Rifle,2
5,124364,124365,5,0,Rusty OT Anti-Cyborg Rifle,2
5,124372,124373,5,0,Battered BBI AS-90,1
5,124383,124384,5,0,HSR Arms F-59,2
5,124386,124387,5,0,Rusty MTI G02K,1
5,124391,124392,5,0,OT Rancho Colonial Carbine,1
5,124407,124408,5,0,Rusty MTI G-70,1
5,124444,124445,5,0,Loose Kalinkalov Mz-99,2
5,124458,124459,5,0,BBI Ranged Restraint Carbine (Joith gun),2
5,124484,124485,5,0,Ingram Morning Star,1
5,124487,124488,5,0,Manex SD 4004,1
5,124504,124504,5,0,Rusty OT Eskorpio 21,1
5,124545,124546,5,0,YES Support 1010,1
5,124548,124549,5,0,Ill-Treated Seburo M35,1
5,124579,124580,5,0,Irreparable OT Viper IX,2
5,124598,124599,5,0,Ill-Treated MTI MP200,1
5,124617,124618,5,0,Used MTI SO1210,1
5,124681,124682,5,0,Ill-Treated MTI MPK-22 Briefcase Gun,1
5,124700,124701,5,0,Ill-Treated Seburo C-19a,3
5,124711,124712,5,0,Ill-Treated Nord Armwerk MAX,1
5,124730,124731,5,0,Ill-Treated FN P00,1
5,124749,124750,5,0,Ill-Treated BBI WMMA CAW,1
5,124768,124769,5,0,Ill-Treated OT ARL-10 Micromissile Launcher,1
5,124779,124780,5,0,Ill-Treated Tsunami Raiden MP-Drum,1
5,124798,124799,5,0,Ill-Treated OT M-110 Renegade SAW,1
5,124817,124818,5,0,Ill-Treated OT M-70 HardRain GPMG,2
5,124891,124892,5,0,Ill-Treated OT M-00 Crystal,1
5,124948,124949,5,0,Ill-Treated Techtronica Neural Disruptor,1
5,124967,124968,5,0,Ill-Treated GE XM-559 Man-Portable Laser,1
5,124986,124987,5,0,Ill-Treated Reet-Tech Stryker X,2
5,125005,125006,5,0,Ill-Treated Joint Clans Exocet II,1
5,125024,125025,5,0,Ill-Treated Joint Clans Patriot,3
5,125062,125063,5,0,Ill-Treated Reet-Tech Venom Compound Bow,1
5,125081,125082,5,0,Ill-Treated Oneida Razor Half-Bow,3
5,125311,125312,5,0,Splintered Merchant Squibber,1
5,125330,125331,5,0,Splintered Large Rider Squibber,1
5,125343,125344,5,0,Splintered Protector Squibber,2
5,125362,125363,5,0,Splintered Merchant Executioner,2
5,125419,125420,5,0,Splintered Torch,1
5,125438,125439,5,0,Crumbling Paper Hammer,1
5,125454,125455,5,0,Creviced Concrete Cushion,2
5,125459,125460,5,0,5th level Ninja Wakisashi,1
5,125751,125751,17,0,Nano Crystal (Calling of Medinos),1
5,128497,128498,5,0,Uncle Bazzit Custom 22mm,2
5,128603,128604,5,0,Fragile D-nort Compact Assault Rifle,1
5,128627,128628,5,0,Rusty Ares Arms AR-90 Jet Rifle,1
5,128655,128656,5,0,Ill-treated HSR Arms Tech Assault IV,2
5,128715,128716,5,0,Ill-treated Galahad Inc. 077 Personal Weapon,1
5,128739,128740,5,0,Ill-treated Galahad Inc. Tactical Machine Pistol ,1
5,128758,128759,5,0,Ill-treated Fabrique Des Armes Bizon 20-19,1
5,128787,128788,5,0,Leaky Old English Trading Co. SPP-502,1
5,128830,128831,5,0,Rusty Freedom Arms Defender,1
5,128871,128872,5,0,Ill-treated Arwen MM-50 Grenade Launcher,1
5,128909,128910,5,0,Outdated Fett j-8 Flammable,1
5,128976,128977,5,0,Obtuse Rider Warblade,1
5,128995,128996,5,0,Obtuse Protector Warblade,2
5,129017,129018,5,0,Fast Chocolate Surprise,2
5,129045,129046,5,0,10th level Ninja Katana,2
5,129069,129070,5,0,Sparkling Breathing Space,1
5,129715,129715,10,0,Nano Crystal (Restock Ammo (Level OP-I)),1
5,130003,130004,5,0,Run Speed Cluster - Faded (Leg),1
5,130005,130006,5,0,Run Speed Cluster - Bright (Left-Wrist),2
5,130007,130008,5,0,Run Speed Cluster - Shiny (Right-Wrist),1
5,130011,130012,5,0,"Right-Wrist Implant: Run Speed, Shiny",1
5,130051,130052,5,0,Ancient Featherwood Staff,1
5,130071,130072,5,0,Splintered Light Staff,2
5,130087,130088,5,0,Splintered Native Alloy Staff,1
5,130125,130126,5,0,Splintered Denunciatory Spear,3
5,130163,130164,5,0,Loose MTI Sword,1
5,130181,130182,5,0,Leaky Hot Air Stick,2
5,130214,130215,5,0,Splintered Light Spear,1
5,130267,130268,5,0,"Right-Wrist Implant: Run Speed, Shiny",1
5,130323,130324,5,0,"Right-Wrist Implant: Run Speed, Shiny",1
5,131605,131606,5,0,Rough Club,2
5,136690,136690,14,0,Nano Crystal (Slipshod Bandaging),3
5,142804,142805,5,0,Silent SSC Rustling Wakisashi,1
5,144063,144064,5,0,Splintered Survival Axe,1
5,144082,144083,5,0,Bent Tanto,2
5,144101,144102,5,0,Sparkling Freedom Arms 4200,2
5,144146,144147,5,0,Obtuse Burning Copper Katana,1
5,150193,150194,5,0,,1
5,150633,150633,14,0,,1
5,151834,151834,14,0,,1
5,152109,152110,5,0,,1
5,152122,152123,5,0,,1
5,152154,152155,5,0,,1
5,152311,152312,5,0,,1
5,152358,152359,5,0,,1
5,152367,152368,5,0,,1
5,152732,152733,5,0,,2
5,152747,152748,5,0,,1
5,152766,152767,5,0,,1
5,153083,153084,5,0,,2
5,155392,155392,8,0,,3
5,156146,156146,11,0,,1
5,159021,159022,5,0,,1
5,159040,159041,5,0,,1
5,159083,159087,5,0,,1
5,159109,159110,5,0,,1
5,159196,159197,5,0,,2
5,160216,160217,5,0,,2
5,160219,160220,5,0,,1
5,160233,160234,5,0,,2
5,160245,160246,5,0,,1
5,160476,160477,5,0,,1
5,166253,166254,5,0,,3
5,170949,170950,5,0,,1
5,171135,171136,5,0,,1
5,171555,171556,5,0,,1
5,171685,171686,5,0,,1
5,172581,172582,5,0,,1
5,172879,171673,5,0,,1
5,178102,178103,5,0,,1
5,178206,178207,5,0,,1
5,191267,191293,5,0,,1
5,202827,202827,8,0,,2
5,202871,202871,10,0,,1
5,203594,203594,10,0,,1
5,203870,203870,14,0,,1
5,204103,204104,5,0,,1
5,204262,204263,5,0,,2
5,204267,204268,5,0,,1
5,204270,204271,5,0,,2
5,205224,205225,5,0,,1
5,205230,205230,15,0,,2
5,206289,206290,5,0,,2
5,210322,210322,14,0,,7
5,210354,210354,4,0,,6
5,210529,210529,1,0,,2
5,210590,210590,2,0,,5
5,210612,210612,8,0,,2
5,210733,210733,5,0,,6
5,210805,210805,14,0,,5
5,218351,218352,5,0,,1
5,227473,227473,30,0,,2
5,233792,233793,5,0,,2
5,297633,297633,10,0,,2
6,25812,25811,6,0,Treatment Laboratory,4
6,26471,26471,14,0,Nano Crystal (Ranged Special Attacks Incompetence),4
6,26489,26489,10,0,Nano Crystal (Nano Skills Incompetence),2
6,26503,26503,14,0,Nano Crystal (Melee Special Attacks Incompetence),4
6,26541,26541,10,0,Nano Crystal (Drain Abilities),2
6,27223,27223,4,0,Nano Crystal (Lethargy),2
6,27263,27263,10,0,Nano Crystal (Ranged Weapons Incompetence),5
6,27386,27386,1,0,Omni-Med Suit Trousers,1
6,27387,27387,1,0,Omni-Med Female Suit Shirt,2
6,28751,28751,4,0,Nano Crystal (Team Quick Heal),3
6,28752,28752,10,0,Nano Crystal (Terrain Knowledge),5
6,28770,28770,14,0,Nano Crystal (Enhanced First Aid),2
6,28780,28780,7,0,Nano Crystal (Inflict Harm),1
6,28811,28811,7,0,Nano Crystal (Fire Stream),1
6,28834,28834,4,0,Nano Crystal (Radiation Pulse),1
6,28932,28932,7,0,Nano Crystal (Give Energy: 10),1
6,28934,28934,14,0,Nano Crystal (Give Energy: 25),3
6,28936,28936,7,0,Nano Crystal (Give Life: 10),1
6,28938,28938,14,0,Nano Crystal (Give Life: 25),2
6,28943,28943,4,0,Nano Crystal (Iron Fist),2
6,29192,29192,10,0,Nano Crystal (Symbol Helper),2
6,29823,29823,1,0,Nano Crystal (Armor Megaboost),4
6,29844,29844,10,0,Nano Crystal (Gun Enhancement),1
6,30122,30122,14,0,Nano Crystal (Gunslinger),3
6,30781,30781,10,0,Nano Crystal (Lend Nano: 50),1
6,31420,31420,14,0,Nano Crystal (Cracker's Luck),1
6,31498,31498,1,0,White Cloak,3
6,31499,31499,1,0,Red Cloak,5
6,31500,31500,1,0,Grey Cloak,5
6,31501,31501,1,0,Green Cloak,7
6,31502,31502,1,0,Brown Cloak,4
6,31503,31503,1,0,Blue Cloak,3
6,31504,31504,1,0,Jean Trenchcoat,1
6,31505,31505,1,0,Black Trenchcoat,9
6,31506,31506,1,0,Black Omni-Tek Commander Cloak,5
6,31515,31515,1,0,Red Omni-Tek Commander Cloak,4
6,31516,31516,1,0,Trenchcoat,6
6,31517,31517,1,0,Black Cloak,6
6,31528,31528,1,0,Red Cloak Hood,3
6,31530,31530,1,0,Grey Cloak Hood,8
6,31531,31531,1,0,Green Cloak Hood,2
6,31532,31532,1,0,Brown Cloak Hood,4
6,31533,31533,1,0,Blue Cloak Hood,1
6,31534,31534,1,0,Black Cloak Hood,5
6,32076,32076,14,0,Nano Crystal (False Profession: Martial Artist),3
6,32079,32079,14,0,Nano Crystal (False Profession: Soldier),3
6,32082,32082,10,0,Nano Crystal (False Profession: Enforcer),2
6,36779,36778,6,0,2 - 3 NCU Memory,1
6,36783,36782,6,0,Belt Component Platform Ti-100X,1
6,42412,42412,1,0,Nano Crystal (Enhance Team Health),2
6,42416,42416,14,0,Nano Crystal (Lasting Heal),1
6,43145,43146,6,0,Attack of the Snake,2
6,43552,43551,6,0,Portable Surgery Clinic,1
6,43780,43780,14,0,Nano Crystal (Summon Fury Externalization),4
6,43993,43993,10,0,Nano Crystal (Dress Wounds),2
6,44186,44186,10,0,Nano Crystal (Dissolve Molecular Bonding),1
6,44189,44189,7,0,Nano Crystal (Limited Nano Reaper),2
6,45956,45956,7,0,Nano Crystal (Open Wound),3
6,45966,45966,10,0,Nano Crystal (Minor Toxic Field),1
6,45969,45969,14,0,Nano Crystal (Ion Stream),1
6,45994,45994,7,0,Nano Crystal (Feeble Blade Chaos),1
6,46010,46010,10,0,Nano Crystal (Upgraded Automaton),3
6,46040,46040,14,0,Nano Crystal (Perfected Automaton),2
6,46059,46059,4,0,Nano Crystal (Lesser Automaton),1
6,46074,46074,7,0,Nano Crystal (Automaton),1
6,46082,46082,14,0,Nano Crystal (Advanced Automaton),1
6,46454,46454,14,0,Nano Crystal (Director-Grade Worker-Droid),2
6,46456,46456,1,0,Nano Crystal (Basic Worker-Droid),1
6,46462,46462,7,0,Nano Crystal (Advanced Worker),1
6,46468,46468,14,0,Nano Crystal (Basic Helper-Droid),1
6,55679,55678,6,0,Weapon Smithing Tutoring Device,3
6,55681,55680,6,0,Psychology Tutoring Device,1
6,55683,55682,6,0,Pharma Tech Tutoring Device,2
6,55687,55686,6,0,Computer Literacy Tutoring Device,1
6,55688,55677,6,0,Chemistry Tutoring Device,3
6,55690,55689,6,0,Mechanical Engineering Tutoring Device,1
6,55692,55691,6,0,Field Quantum Physics Tutoring Device,2
6,55697,55696,6,0,Boosted Stim,1
6,55761,55761,10,0,Nano Crystal (Bristling Shield),3
6,55762,55762,4,0,Nano Crystal (Avenging Shield),2
6,56003,56003,4,0,Nano Crystal (Lesser Illusory Paralysis),2
6,56238,56238,1,0,Nano Crystal (Detain Suspect),2
6,56259,56259,1,0,Nano Crystal (Lesser Detain Customer),3
6,70397,70397,14,0,Nano Crystal (Minor Deflection Shield),1
6,70401,70401,1,0,Nano Crystal (Partial Deflection Shield),3
6,70403,70403,7,0,Nano Crystal (Partial Deflection Shield (Extended)),2
6,70411,70411,10,0,Nano Crystal (Total Mirror Shield Mk I),3
6,70558,85640,6,0,Battered Low-Tech Armor Boots,3
6,70559,85689,6,0,Battered Low-Tech Body Armor,5
6,70560,85688,6,0,Battered Low-Tech Female Body Armor,3
6,70561,85744,6,0,Battered Low-Tech Armor Sleeves,1
6,70562,85597,6,0,Battered Low-Tech Armor Gloves,3
6,70563,85558,6,0,Battered Low-Tech Armor Helmet,7
6,70564,85515,6,0,Battered Low-Tech Armor Pants,1
6,70565,85514,6,0,Battered Low-Tech Armor Shorts,5
6,70577,70577,4,0,Nano Crystal (Greater Armor Megaboost),1
6,70581,70581,14,0,Nano Crystal (Flawed Protective Field),1
6,75354,75354,1,0,Nano Crystal (Toughen Skin),3
6,75355,75355,14,0,Nano Crystal (Harden Skin),2
6,75415,75415,4,0,Nano Crystal (Minor Combat Barrier),6
6,75416,75416,14,0,Nano Crystal (Minor Absorption Shield),2
6,78418,78418,10,0,Nano Crystal (Lossy Health Funnel),1
6,81848,81848,10,0,Nano Crystal (Crash of Thunder),1
6,81952,81952,4,0,Nano Crystal (Lesser Suspicious Death),4
6,81956,81956,14,0,Nano Crystal (Inject Poison),2
6,82071,82071,10,0,Nano Crystal (Lesser Healing Touch),5
6,82188,82188,10,0,Nano Crystal (Mass Daze),3
6,82800,82800,4,0,Nano Crystal (Passive Micro Entanglement),2
6,82802,82802,10,0,Nano Crystal (Lesser Nano Net),1
6,82807,82807,14,0,Nano Crystal (Postpone Encounter),2
6,82838,82838,20,0,Nano Crystal (Pronouncement of Greatness),4
6,83920,83919,6,0,Aggression Enhancer,2
6,83975,83975,4,0,Nano Crystal (Poke Eyes),1
6,83984,83984,7,0,Nano Crystal (Claw Eyes),1
6,85273,85273,4,0,Nano Crystal (Basic Insurance Hack),5
6,85279,85279,7,0,Nano Crystal (Passive Distributed Entanglement),2
6,85366,85367,6,0,Simple Nano Kit,1
6,85368,85369,6,0,Burst of Speed Stim,1
6,85477,21917,6,0,Worn Cyber Armor Sleeves,3
6,85481,85690,6,0,Battered Leather Vest,2
6,85510,85509,6,0,Inferior Nail Armor Pants,7
6,85512,85511,6,0,Worn Metaplast Armor Pants,4
6,85517,27360,6,0,Battered Flak Armor Pants,11
6,85521,85520,6,0,Battered Leather Armor Pants,3
6,85531,22289,6,0,Worn Cyber Armor Pants,4
6,85533,85532,6,0,Battered Light Combat Armor Pants,5
6,85557,85556,6,0,Worn Metaplast Armor Helmet,5
6,85562,85561,6,0,Battered Leather Armor Helmet,8
6,85572,22219,6,0,Worn Cyber Armor Helmet,6
6,85596,85595,6,0,Worn Metaplast Armor Gloves,2
6,85602,85601,6,0,Battered Leather Armor Gloves,3
6,85612,22166,6,0,Worn Cyber Armor Gloves,1
6,85636,85635,6,0,Inferior Nail Armor Boots,1
6,85638,85637,6,0,Worn Metaplast Armor Boots,3
6,85645,85644,6,0,Battered Leather Armor Boots,2
6,85655,22104,6,0,Worn Cyber Armor Boots,3
6,85657,85656,6,0,Battered Light Combat Armor Boots,10
6,85684,85683,6,0,Inferior Nail Body Armor,6
6,85686,85685,6,0,Worn Metaplast Body Armor,2
6,85691,22004,6,0,Inferior Kevlar Vest,4
6,85693,27389,6,0,Battered Flak Body Armor,2
6,85697,85696,6,0,Battered Leather Body Armor,1
6,85711,22014,6,0,Worn Cyber Female Body Armor,6
6,85712,22010,6,0,Worn Cyber Body Armor,10
6,85714,85713,6,0,Battered Light Combat Body Armor,2
6,85723,85722,6,0,Worn Nadir Steel-Ribbed Armor Sleeves,1
6,85740,85739,6,0,Inferior Nail Armor Sleeves,3
6,85742,85741,6,0,Worn Metaplast Armor Sleeves,3
6,85746,27391,6,0,Battered Flak Armor Sleeves,5
6,85750,85749,6,0,Battered Leather Armor Sleeves,3
6,85761,85760,6,0,Battered Light Combat Armor Sleeves,4
6,85873,85873,10,0,Nano Crystal (Ransack Skills (Weak)),1
6,85894,85894,4,0,Nano Crystal (Deprive Skills (Weak)),2
6,85895,85895,14,0,Nano Crystal (Deprive Skills (Minor)),2
6,86438,86438,1,0,Katara Sunglasses,1
6,86441,86441,1,0,Keelarr Sunglasses,1
6,86443,86443,1,0,Visor,2
6,87470,87470,1,0,Tattoo,1
6,87471,87471,1,0,Tattoo,1
6,87472,87472,1,0,Tattoo,1
6,87475,87475,1,0,Tattoo,1
6,87476,87476,1,0,Tattoo,1
6,87479,87479,1,0,Tattoo,3
6,87483,87483,1,0,Tattoo,1
6,88373,88374,6,0,Yatamutchy Movement Predictor -X7B,1
6,95427,95427,10,0,Nano Crystal (CrunchCom Code Sieve),3
6,95536,95536,14,0,Nano Crystal (Internal Focus),1
6,95728,95728,14,0,Nano Crystal (Essence of Vitality),1
6,95729,95729,4,0,Nano Crystal (Mongo's Troll),1
6,97449,97449,14,0,Nano Crystal (Survivability Booster),2
6,97459,97459,4,0,Nano Crystal (Health Augmentation),1
6,99133,99133,7,0,Nano Crystal (Shed Anger),1
6,99139,99139,14,0,Nano Crystal (Douse Anger),2
6,99589,99589,7,0,Nano Crystal (Tired Limbs),1
6,99999,99999,1,0,"Body Tattoo, Back",2
6,100004,100004,1,0,"Body Tattoo, Front",2
6,100006,100006,1,0,"Body Tattoo, Back",3
6,100010,100010,1,0,"Body Tattoo, Back",2
6,100202,100202,17,0,Nano Crystal (Mongo Slam!),1
6,100228,100228,14,0,Nano Crystal (Draw Attention),1
6,101219,101220,6,0,"Waist Implant: Melee/Ma AC, Bright",1
6,101313,101314,6,0,Imp/Proj AC Cluster - Shiny (Leg),2
6,101315,101316,6,0,Melee/Ma AC Cluster - Faded (Leg),3
6,101317,101318,6,0,Melee/Ma AC Cluster - Bright (Waist),1
6,101319,101320,6,0,Melee/Ma AC Cluster - Shiny (Chest),2
6,101321,101322,6,0,Energy AC Cluster - Faded (Waist),2
6,101323,101324,6,0,Energy AC Cluster - Bright (Leg),1
6,101329,101330,6,0,Chemical AC Cluster - Bright (Right-Arm),3
6,101331,101332,6,0,Chemical AC Cluster - Shiny (Waist),1
6,101341,101342,6,0,1h Edged Weapon Cluster - Bright (Right-Wrist),1
6,101349,101350,6,0,Melee Ener Cluster - Shiny (Head),1
6,101351,101352,6,0,2h Edged Cluster - Faded (Waist),1
6,101353,101354,6,0,2h Edged Cluster - Bright (Left-Arm),1
6,101355,101356,6,0,2h Edged Cluster - Shiny (Right-Arm),1
6,101363,101364,6,0,2h Blunt Cluster - Faded (Chest),1
6,101367,101368,6,0,2h Blunt Cluster - Shiny (Right-Arm),1
6,101369,101370,6,0,Sharp Obj Cluster - Faded (Eye),1
6,101372,101373,6,0,Radiation AC Cluster - Bright (Left-Arm),1
6,101374,101375,6,0,Radiation AC Cluster - Shiny (Waist),1
6,101376,101377,6,0,Cold AC Cluster - Faded (Left-Hand),3
6,101384,101385,6,0,Nano Resist Cluster - Bright (Right-Wrist),1
6,101386,101387,6,0,Nano Resist Cluster - Shiny (Head),1
6,101394,101395,6,0,Martial Arts Cluster - Faded (Left-Hand),1
6,101396,101397,6,0,Martial Arts Cluster - Bright (Feet),3
6,101398,101399,6,0,Martial Arts Cluster - Shiny (Right-Hand),1
6,101400,101401,6,0,Mult. Melee Cluster - Faded (Right-Wrist),1
6,101402,101403,6,0,Mult. Melee Cluster - Bright (Eye),1
6,101404,101405,6,0,Mult. Melee Cluster - Shiny (Left-Wrist),1
6,101408,101409,6,0,Matter Crea Cluster - Faded (Eye),1
6,101412,101413,6,0,Matter Crea Cluster - Shiny (Head),2
6,101414,101415,6,0,Time & Space Cluster - Faded (Eye),2
6,101418,101419,6,0,Time & Space Cluster - Shiny (Head),2
6,101424,101554,6,0,Nano Pool Cluster - Shiny (Chest),1
6,101425,101426,6,0,Sharp Obj Cluster - Bright (Right-Hand),1
6,101431,101432,6,0,Grenade Cluster - Bright (Eye),1
6,101439,101440,6,0,Heavy Weapons Cluster - Shiny (Right-Arm),1
6,101441,101442,6,0,Bow Cluster - Faded (Eye),2
6,101445,101446,6,0,Bow Cluster - Shiny (Right-Arm),2
6,101447,101448,6,0,Pistol Cluster - Faded (Eye),1
6,101449,101450,6,0,Pistol Cluster - Bright (Right-Hand),1
6,101451,101452,6,0,Pistol Cluster - Shiny (Right-Wrist),2
6,101453,101454,6,0,Rifle Cluster - Faded (Left-Wrist),1
6,101455,101456,6,0,Rifle Cluster - Bright (Right-Wrist),1
6,101465,101466,6,0,Shotgun Cluster - Faded (Waist),1
6,101469,101470,6,0,Shotgun Cluster - Shiny (Right-Arm),1
6,101473,101474,6,0,Assault Rif Cluster - Bright (Right-Hand),1
6,101477,101478,6,0,Vehicle Hydr Cluster - Faded (Ear),1
6,101489,101490,6,0,Ranged. Init Cluster - Faded (Right-Hand),2
6,101491,101492,6,0,Ranged. Init Cluster - Bright (Head),1
6,101493,101494,6,0,Ranged. Init Cluster - Shiny (Right-Wrist),1
6,101501,101502,6,0,Bow Spc Att Cluster - Faded (Right-Wrist),1
6,101505,101506,6,0,Bow Spc Att Cluster - Shiny (Head),2
6,101507,101508,6,0,Sensory Impr Cluster - Faded (Chest),1
6,101511,101512,6,0,Sensory Impr Cluster - Shiny (Head),2
6,101513,101514,6,0,First Aid Cluster - Faded (Left-Hand),1
6,101515,101516,6,0,First Aid Cluster - Bright (Right-Hand),1
6,101517,101518,6,0,First Aid Cluster - Shiny (Head),1
6,101521,101522,6,0,Treatment Cluster - Bright (Eye),1
6,101527,101528,6,0,Mech. Engi Cluster - Bright (Eye),1
6,101531,101532,6,0,Elec. Engi Cluster - Faded (Right-Hand),1
6,101533,101534,6,0,Elec. Engi Cluster - Bright (Head),3
6,101535,101536,6,0,Elec. Engi Cluster - Shiny (Eye),1
6,101539,101540,6,0,Matt.Metam Cluster - Bright (Chest),1
6,101541,101542,6,0,Matt.Metam Cluster - Shiny (Head),1
6,101543,101544,6,0,Bio.Metamor Cluster - Faded (Waist),1
6,101545,101546,6,0,Bio.Metamor Cluster - Bright (Chest),1
6,101547,101548,6,0,Bio.Metamor Cluster - Shiny (Head),2
6,101555,101556,6,0,Ranged Ener Cluster - Faded (Left-Hand),2
6,101561,101562,6,0,Multi Ranged Cluster - Faded (Eye),1
6,101567,101568,6,0,Trap Disarm Cluster - Faded (Head),1
6,101569,101570,6,0,Trap Disarm Cluster - Bright (Left-Hand),1
6,101573,101574,6,0,Perception Cluster - Faded (Head),1
6,101575,101576,6,0,Perception Cluster - Bright (Eye),1
6,101605,101606,6,0,Tutoring Cluster - Bright (Ear),2
6,101607,101608,6,0,Tutoring Cluster - Shiny (Eye),1
6,101609,101610,6,0,Brawling Cluster - Faded (Waist),1
6,101613,101614,6,0,Brawling Cluster - Shiny (Left-Arm),1
6,101617,101618,6,0,Riposte Cluster - Bright (Left-Wrist),1
6,101621,101622,6,0,Dimach Cluster - Faded (Waist),1
6,101623,101624,6,0,Dimach Cluster - Bright (Head),1
6,101627,101628,6,0,Parry Cluster - Faded (Right-Arm),1
6,101629,101630,6,0,Parry Cluster - Bright (Left-Wrist),2
6,101635,101636,6,0,Sneak Atck Cluster - Bright (Right-Wrist),1
6,101637,101638,6,0,Sneak Atck Cluster - Shiny (Feet),1
6,101639,101640,6,0,Fast Attack Cluster - Faded (Right-Arm),1
6,101641,101642,6,0,Fast Attack Cluster - Bright (Right-Hand),1
6,101643,101644,6,0,Fast Attack Cluster - Shiny (Left-Hand),1
6,101649,101650,6,0,NanoC. Init Cluster - Shiny (Head),1
6,101655,101656,6,0,Fling Shot Cluster - Shiny (Right-Arm),1
6,101657,101658,6,0,Aimed Shot Cluster - Faded (Right-Hand),1
6,101661,101662,6,0,Aimed Shot Cluster - Shiny (Eye),2
6,101665,101666,6,0,Body Dev Cluster - Bright (Waist),2
6,101667,101668,6,0,Body Dev Cluster - Shiny (Chest),1
6,101677,101678,6,0,Dodge-Rng Cluster - Bright (Feet),1
6,101687,101688,6,0,Quantum FT Cluster - Faded (Right-Hand),4
6,101691,101692,6,0,Quantum FT Cluster - Shiny (Head),1
6,101693,101694,6,0,Weapon Smt Cluster - Faded (Eye),1
6,101697,101698,6,0,Weapon Smt Cluster - Shiny (Right-Hand),2
6,101699,101700,6,0,Pharma Tech Cluster - Faded (Right-Hand),1
6,101703,101704,6,0,Pharma Tech Cluster - Shiny (Head),1
6,101705,101706,6,0,Nano Progra Cluster - Faded (Right-Hand),1
6,101713,101714,6,0,Comp. Liter Cluster - Bright (Eye),1
6,101715,101716,6,0,Comp. Liter Cluster - Shiny (Head),1
6,101721,101722,6,0,Psychology Cluster - Shiny (Head),1
6,101723,101724,6,0,Chemistry Cluster - Faded (Right-Hand),1
6,101725,101726,6,0,Chemistry Cluster - Bright (Eye),2
6,101739,101740,6,0,Break & Entry Cluster - Shiny (Right-Arm),1
6,101745,101746,6,0,Vehicle Grnd Cluster - Shiny (Head),1
6,101747,101748,6,0,Full Auto Cluster - Faded (Waist),2
6,101749,101750,6,0,Full Auto Cluster - Bright (Right-Wrist),1
6,101751,101752,6,0,Full Auto Cluster - Shiny (Right-Arm),2
6,101753,101754,6,0,Burst Cluster - Faded (Right-Hand),1
6,101755,101756,6,0,Burst Cluster - Bright (Right-Wrist),3
6,101757,101758,6,0,Burst Cluster - Shiny (Right-Arm),6
6,101759,101760,6,0,Disease AC Cluster - Faded (Chest),2
6,101763,101764,6,0,Disease AC Cluster - Shiny (Head),1
6,101775,101776,6,0,Strength Cluster - Shiny (Right-Arm),1
6,101779,101780,6,0,Agility Cluster - Bright (Feet),2
6,101781,101782,6,0,Agility Cluster - Shiny (Leg),2
6,101783,101784,6,0,Stamina Cluster - Faded (Waist),1
6,101793,101794,6,0,Intelligence Cluster - Shiny (Head),2
6,101799,101800,6,0,Sense Cluster - Shiny (Chest),1
6,101809,101810,6,0,Max Health Cluster - Bright (Waist),1
6,101815,101816,6,0,Max Nano Cluster - Bright (Waist),1
6,101829,101830,6,0,"Eye Implant: Vehicle Air, Shiny",1
6,101917,101918,6,0,"Eye Implant: Vehicle Hydr, Bright",1
6,101953,101954,6,0,"Eye Implant: Elec. Engi, Shiny",1
6,101981,101982,6,0,"Eye Implant: Elec. Engi, Shiny",2
6,102019,102020,6,0,"Eye Implant: Tutoring, Shiny",1
6,102021,102022,6,0,"Eye Implant: Tutoring, Shiny",1
6,102116,102117,6,0,"Eye Implant: Vehicle Air, Shiny",1
6,102417,102418,6,0,"Eye Implant: Aimed Shot, Shiny",1
6,102478,102479,6,0,"Eye Implant: Aimed Shot, Shiny",1
6,102486,102487,6,0,"Eye Implant: Vehicle Air, Shiny",1
6,102532,102533,6,0,"Eye Implant: Vehicle Air, Shiny",1
6,102545,102546,6,0,"Eye Implant: Elec. Engi, Shiny",1
6,102579,102580,6,0,"Eye Implant: Vehicle Air, Shiny",1
6,102623,102624,6,0,"Eye Implant: Aimed Shot, Shiny",1
6,102653,102654,6,0,"Eye Implant: Vehicle Air, Shiny",1
6,102769,102770,6,0,"Eye Implant: Quantum FT, Bright",1
6,102792,102793,6,0,"Eye Implant: Tutoring, Shiny",1
6,102827,102828,6,0,"Eye Implant: Psycho Modi, Bright",1
6,102832,102833,6,0,"Eye Implant: Vehicle Air, Shiny",1
6,102882,102883,6,0,"Eye Implant: Vehicle Air, Shiny",1
6,103035,103036,6,0,"Eye Implant: Map Navig, Shiny",1
6,103037,102943,6,0,"Eye Implant: Tutoring, Shiny",1
6,103094,103095,6,0,"Eye Implant: Aimed Shot, Shiny",1
6,103191,103192,6,0,"Eye Implant: Rifle, Shiny",1
6,103197,103198,6,0,"Eye Implant: Map Navig, Shiny",1
6,103245,103246,6,0,"Eye Implant: Psycho Modi, Bright",1
6,103258,103259,6,0,"Eye Implant: Elec. Engi, Shiny",1
6,103297,103298,6,0,"Eye Implant: Ranged Ener, Bright",1
6,103310,103311,6,0,"Eye Implant: Tutoring, Shiny",1
6,103362,103363,6,0,"Eye Implant: Tutoring, Shiny",1
6,103372,103373,6,0,"Eye Implant: Vehicle Air, Shiny",1
6,103392,103393,6,0,"Eye Implant: Vehicle Air, Shiny",1
6,103435,103436,6,0,"Eye Implant: Rifle, Shiny",1
6,103437,103438,6,0,"Eye Implant: Tutoring, Shiny",1
6,103441,103442,6,0,"Eye Implant: Heavy Weapons, Bright",1
6,103455,103513,6,0,"Eye Implant: Vehicle Hydr, Bright",1
6,103476,103477,6,0,"Eye Implant: Tutoring, Shiny",1
6,103482,103483,6,0,"Eye Implant: Aimed Shot, Shiny",1
6,103594,103595,6,0,"Eye Implant: Aimed Shot, Shiny",1
6,103773,103774,6,0,"Eye Implant: Tutoring, Shiny",1
6,103791,103792,6,0,"Eye Implant: Ranged Ener, Bright",1
6,103811,103812,6,0,"Eye Implant: Vehicle Air, Shiny",1
6,103843,103844,6,0,"Eye Implant: Tutoring, Shiny",1
6,103863,103864,6,0,"Eye Implant: Rifle, Shiny",1
6,103865,103866,6,0,"Eye Implant: Elec. Engi, Shiny",1
6,103900,103901,6,0,"Eye Implant: Rifle, Shiny",1
6,103922,103923,6,0,"Eye Implant: Vehicle Grnd, Bright",1
6,103961,103962,6,0,"Eye Implant: Rifle, Shiny",1
6,103977,103978,6,0,"Eye Implant: Elec. Engi, Shiny",1
6,104073,104074,6,0,"Eye Implant: Rifle, Shiny",1
6,104079,104080,6,0,"Eye Implant: Map Navig, Shiny",1
6,104125,104126,6,0,"Eye Implant: Aimed Shot, Shiny",1
6,104137,104138,6,0,"Eye Implant: Tutoring, Shiny",1
6,104427,104428,6,0,"Eye Implant: Vehicle Air, Shiny",1
6,104429,104430,6,0,"Eye Implant: Map Navig, Shiny",1
6,104530,104531,6,0,"Eye Implant: Elec. Engi, Shiny",1
6,104544,104545,6,0,"Eye Implant: Aimed Shot, Shiny",1
6,104568,104569,6,0,"Eye Implant: Vehicle Air, Shiny",1
6,104615,104616,6,0,"Eye Implant: Rifle, Shiny",1
6,104677,104678,6,0,"Eye Implant: Map Navig, Shiny",1
6,104695,104696,6,0,"Eye Implant: Aimed Shot, Shiny",1
6,104892,104893,6,0,"Eye Implant: Pharma Tech, Bright",1
6,104937,104805,6,0,"Eye Implant: Tutoring, Shiny",1
6,104946,104947,6,0,"Eye Implant: Rifle, Shiny",1
6,104952,104953,6,0,"Eye Implant: Map Navig, Shiny",1
6,104982,104983,6,0,"Eye Implant: Tutoring, Shiny",1
6,105062,105063,6,0,"Head Implant: Mech. Engi, Shiny",1
6,105096,105097,6,0,"Head Implant: Chemistry, Shiny",1
6,105185,105186,6,0,"Head Implant: Psychic, Shiny",1
6,105211,105212,6,0,"Head Implant: Bow Spc Att, Shiny",1
6,105233,105234,6,0,"Head Implant: Matt.Metam, Shiny",1
6,105243,105244,6,0,"Head Implant: Matter Crea, Shiny",1
6,105269,105270,6,0,"Head Implant: Nano Progra, Shiny",1
6,105301,105302,6,0,"Head Implant: Max Nano, Shiny",1
6,105323,105324,6,0,"Head Implant: Sensory Impr, Shiny",1
6,105349,105350,6,0,"Head Implant: Psycho Modi, Shiny",1
6,105400,105401,6,0,"Head Implant: Comp. Liter, Shiny",2
6,105402,105403,6,0,"Head Implant: Psychology, Shiny",1
6,105415,105416,6,0,"Head Implant: Nano Resist, Shiny",1
6,105459,105460,6,0,"Head Implant: Matter Crea, Shiny",1
6,105541,105542,6,0,"Head Implant: Sensory Impr, Shiny",1
6,105573,105574,6,0,"Head Implant: Time & Space, Shiny",1
6,105621,105622,6,0,"Head Implant: Psychic, Shiny",1
6,105631,105632,6,0,"Head Implant: Nano Resist, Shiny",1
6,105723,105724,6,0,"Head Implant: Intelligence, Shiny",1
6,105785,105786,6,0,"Head Implant: Matter Crea, Shiny",1
6,105907,105908,6,0,"Head Implant: Sensory Impr, Shiny",1
6,105941,105851,6,0,"Head Implant: Vehicle Grnd, Shiny",1
6,105961,105962,6,0,"Head Implant: Sensory Impr, Shiny",1
6,105981,105982,6,0,"Head Implant: NanoC. Init, Shiny",1
6,105989,105990,6,0,"Head Implant: Comp. Liter, Shiny",1
6,106037,106038,6,0,"Head Implant: Quantum FT, Shiny",1
6,106089,106090,6,0,"Head Implant: Intelligence, Shiny",1
6,106097,106098,6,0,"Head Implant: Nano Resist, Shiny",1
6,106103,106050,6,0,"Head Implant: Bow Spc Att, Shiny",1
6,106285,106286,6,0,"Head Implant: Sensory Impr, Shiny",1
6,106351,106352,6,0,"Head Implant: Psycho Modi, Shiny",2
6,106359,106360,6,0,"Head Implant: NanoC. Init, Shiny",1
6,106383,106384,6,0,"Head Implant: Dimach, Bright",1
6,106625,106626,6,0,"Head Implant: Time & Space, Shiny",1
6,106633,106634,6,0,"Head Implant: Pharma Tech, Shiny",1
6,106697,106698,6,0,"Head Implant: Vehicle Grnd, Shiny",1
6,106725,106726,6,0,"Head Implant: Matt.Metam, Shiny",1
6,106757,106758,6,0,"Head Implant: Treatment, Shiny",1
6,106767,106768,6,0,"Head Implant: Matter Crea, Shiny",1
6,106773,106774,6,0,"Head Implant: NanoC. Init, Shiny",1
6,106821,106822,6,0,"Head Implant: Vehicle Hydr, Shiny",1
6,106823,106824,6,0,"Head Implant: Bow Spc Att, Shiny",1
6,106891,106892,6,0,"Head Implant: Sensory Impr, Shiny",1
6,106918,106919,6,0,"Head Implant: Pharma Tech, Shiny",1
6,107031,107032,6,0,"Head Implant: Nano Pool, Bright",1
6,107037,107038,6,0,"Head Implant: Vehicle Hydr, Shiny",1
6,107049,107050,6,0,"Head Implant: Matt.Metam, Shiny",1
6,107107,107108,6,0,"Head Implant: Psycho Modi, Shiny",1
6,107280,107204,6,0,"Head Implant: Ranged Ener, Shiny",1
6,107309,107310,6,0,"Ear Implant: Perception, Shiny",1
6,107339,107340,6,0,"Ear Implant: Tutoring, Bright",1
6,107343,107344,6,0,"Ear Implant: Psychology, Bright",1
6,107400,107401,6,0,"Right-Arm Implant: 2h Edged, Shiny",1
6,107418,107419,6,0,"Right-Arm Implant: 2h Blunt, Shiny",1
6,107436,107437,6,0,"Right-Arm Implant: Bow, Shiny",1
6,107524,107525,6,0,"Right-Arm Implant: Fling Shot, Shiny",1
6,107601,107602,6,0,"Right-Arm Implant: Shotgun, Shiny",1
6,107635,107636,6,0,"Right-Arm Implant: 1h Edged Weapon, Shiny",1
6,107677,107678,6,0,"Right-Arm Implant: Fling Shot, Shiny",1
6,107947,107948,6,0,"Right-Arm Implant: Heavy Weapons, Shiny",1
6,107967,107968,6,0,"Right-Arm Implant: Swimming, Bright",1
6,107973,107974,6,0,"Right-Arm Implant: 2h Edged, Shiny",1
6,107991,107992,6,0,"Right-Arm Implant: Grenade, Shiny",1
6,108070,108071,6,0,"Right-Arm Implant: Piercing, Shiny",1
6,108101,108102,6,0,"Right-Arm Implant: Strength, Shiny",1
6,108109,108110,6,0,"Right-Arm Implant: 2h Edged, Shiny",1
6,108158,108159,6,0,"Right-Arm Implant: Heavy Weapons, Shiny",1
6,108164,108165,6,0,"Right-Arm Implant: Shotgun, Shiny",1
6,108192,108193,6,0,"Right-Arm Implant: Heavy Weapons, Shiny",1
6,108272,108273,6,0,"Right-Arm Implant: Burst, Shiny",1
6,108302,108303,6,0,"Right-Arm Implant: Assault Rif, Shiny",1
6,108332,108333,6,0,"Right-Arm Implant: MG / SMG, Shiny",1
6,108345,108346,6,0,"Right-Arm Implant: Heavy Weapons, Shiny",1
6,108414,108415,6,0,"Chest Implant: Stamina, Shiny",1
6,108442,108443,6,0,"Chest Implant: Melee/Ma AC, Shiny",1
6,108502,108503,6,0,"Chest Implant: Sense, Shiny",1
6,108516,108517,6,0,"Chest Implant: Melee/Ma AC, Shiny",1
6,108632,108633,6,0,"Chest Implant: Sense, Shiny",1
6,108670,108671,6,0,"Chest Implant: Max Health, Shiny",1
6,108728,108729,6,0,"Chest Implant: Imp/Proj AC, Bright",1
6,108740,108741,6,0,"Chest Implant: Nano Pool, Shiny",1
6,108742,108743,6,0,"Chest Implant: Dimach, Shiny",1
6,108934,108935,6,0,"Chest Implant: Sense, Shiny",1
6,109068,109069,6,0,"Chest Implant: Strength, Faded",1
6,109098,109099,6,0,"Chest Implant: Nano Pool, Shiny",1
6,109122,109123,6,0,"Chest Implant: Bio.Metamor, Bright",1
6,109138,109139,6,0,"Chest Implant: Max Health, Shiny",1
6,109142,109143,6,0,"Chest Implant: Melee/Ma AC, Shiny",1
6,109150,109151,6,0,"Chest Implant: Body Dev, Shiny",1
6,109299,109300,6,0,"Left-Arm Implant: 2h Blunt, Bright",1
6,109360,109361,6,0,"Left-Arm Implant: Brawling, Shiny",1
6,109520,109521,6,0,"Right-Wrist Implant: Rifle, Bright",1
6,109528,109529,6,0,"Right-Wrist Implant: Pistol, Shiny",1
6,109694,109695,6,0,"Right-Wrist Implant: Pistol, Shiny",1
6,109760,109761,6,0,"Right-Wrist Implant: 1h Edged Weapon, Bright",1
6,109828,109829,6,0,"Right-Wrist Implant: Parry, Shiny",1
6,109832,109833,6,0,"Right-Wrist Implant: Aimed Shot, Bright",1
6,109834,109835,6,0,"Right-Wrist Implant: Sharp Obj, Shiny",1
6,109948,109949,6,0,"Right-Wrist Implant: Parry, Shiny",1
6,110022,110023,6,0,"Right-Wrist Implant: Pistol, Shiny",1
6,110104,110105,6,0,"Waist Implant: Cold AC, Shiny",1
6,110122,110123,6,0,"Right-Wrist Implant: Ranged. Init, Shiny",1
6,110162,110199,6,0,"Waist Implant: Cold AC, Shiny",1
6,110268,110269,6,0,"Waist Implant: Max Nano, Bright",1
6,110354,110355,6,0,"Waist Implant: Chemical AC, Shiny",1
6,110422,110423,6,0,"Waist Implant: Cold AC, Shiny",1
6,110434,110435,6,0,"Waist Implant: Fire AC, Shiny",1
6,110560,110561,6,0,"Waist Implant: Radiation AC, Shiny",1
6,110562,110563,6,0,"Waist Implant: Radiation AC, Shiny",1
6,110742,110743,6,0,"Waist Implant: Cold AC, Shiny",1
6,110768,110769,6,0,"Waist Implant: Fire AC, Shiny",1
6,110834,110835,6,0,"Waist Implant: Radiation AC, Shiny",1
6,110838,110839,6,0,"Waist Implant: Fire AC, Shiny",1
6,110864,110883,6,0,"Waist Implant: Radiation AC, Shiny",2
6,110872,110873,6,0,"Waist Implant: Dimach, Faded",1
6,110944,110945,6,0,"Waist Implant: Cold AC, Shiny",1
6,110998,110999,6,0,"Waist Implant: Cold AC, Shiny",1
6,111044,110919,6,0,"Waist Implant: Melee/Ma AC, Bright",1
6,111062,111081,6,0,"Waist Implant: Cold AC, Shiny",1
6,111078,111079,6,0,"Waist Implant: Cold AC, Shiny",1
6,111098,111099,6,0,"Waist Implant: Body Dev, Bright",1
6,111295,111296,6,0,"Waist Implant: Fire AC, Shiny",1
6,111355,111356,6,0,"Waist Implant: Fire AC, Shiny",1
6,111408,111409,6,0,"Left-Wrist Implant: Multi Ranged, Shiny",1
6,111418,111419,6,0,"Left-Wrist Implant: Mult. Melee, Shiny",1
6,111421,111422,6,0,"Left-Wrist Implant: Multi Ranged, Shiny",1
6,111508,111509,6,0,"Right-Hand Implant: Shotgun, Bright",2
6,111512,111513,6,0,"Right-Hand Implant: Martial Arts, Shiny",1
6,111633,111634,6,0,"Right-Hand Implant: Weapon Smt, Shiny",1
6,111740,111741,6,0,"Right-Hand Implant: Trap Disarm, Shiny",1
6,111747,111748,6,0,"Right-Hand Implant: Weapon Smt, Shiny",1
6,111781,111782,6,0,"Right-Hand Implant: Pistol, Bright",1
6,111852,111853,6,0,"Right-Hand Implant: Trap Disarm, Shiny",1
6,111925,111926,6,0,"Right-Hand Implant: Martial Arts, Shiny",1
6,111966,111967,6,0,"Right-Hand Implant: Trap Disarm, Shiny",1
6,112130,112131,6,0,"Right-Hand Implant: Trap Disarm, Shiny",1
6,112282,112283,6,0,"Right-Hand Implant: Martial Arts, Shiny",1
6,112358,112359,6,0,"Right-Hand Implant: Fling Shot, Bright",1
6,112646,112596,6,0,"Right-Hand Implant: Weapon Smt, Shiny",1
6,112746,112747,6,0,"Right-Hand Implant: Trap Disarm, Shiny",1
6,112762,112763,6,0,"Right-Hand Implant: Trap Disarm, Shiny",1
6,112819,112820,6,0,"Right-Hand Implant: Trap Disarm, Shiny",1
6,112911,112912,6,0,"Right-Hand Implant: Pistol, Bright",1
6,112931,112932,6,0,"Right-Hand Implant: Trap Disarm, Shiny",1
6,112937,112938,6,0,"Right-Hand Implant: Martial Arts, Shiny",1
6,112965,112966,6,0,"Right-Hand Implant: Weapon Smt, Shiny",1
6,113025,113026,6,0,"Right-Hand Implant: Cold AC, Bright",1
6,113068,113069,6,0,"Right-Hand Implant: Weapon Smt, Shiny",1
6,113084,113085,6,0,"Right-Hand Implant: Weapon Smt, Shiny",1
6,113133,113134,6,0,"Leg Implant: Agility, Shiny",1
6,113285,113286,6,0,"Leg Implant: Dodge-Rng, Shiny",1
6,113410,113411,6,0,"Leg Implant: Swimming, Shiny",1
6,113422,113423,6,0,"Leg Implant: Agility, Shiny",1
6,113446,113447,6,0,"Left-Hand Implant: Fast Attack, Shiny",1
6,113562,113563,6,0,"Feet Implant: Melee. Init, Shiny",1
6,113573,113574,6,0,"Left-Hand Implant: Fire AC, Bright",1
6,113617,113618,6,0,"Feet Implant: Evade-ClsC, Shiny",1
6,113621,113622,6,0,"Feet Implant: Concealment, Shiny",1
6,116800,116800,14,0,Nano Crystal (Quick Fix),1
6,120609,120609,1,0,Omni-Med Cloak,8
6,121306,121307,6,0,Information Tool - Level,3
6,121360,121360,8,0,Nano Crystal (Skill Wrangler (Weak)),1
6,121515,121515,11,0,Nano Crystal (Novice Health Haggler),1
6,121518,121518,4,0,Nano Crystal (Amateur Health Haggler),1
6,121572,121573,6,0,Useless Triple-Blade,1
6,121591,121592,6,0,Rusty Hand Blade,2
6,121629,121630,6,0,Rusty Spiked Axe,1
6,121665,121666,6,0,Dulled Thagh Whings,1
6,121684,121685,6,0,Cracked  Bolter 42mm,2
6,121741,121742,6,0,Unbalanced Right Slice,1
6,121760,121761,6,0,Unbalanced Mini Axe,3
6,121779,121780,6,0,Ill-Treated Subturbine,2
6,121836,121837,6,0,Irreparable Sleekblaster,1
6,121874,121875,6,0,Ill-Treated Plasmaprojector,1
6,121893,121894,6,0,Ill-Treated Heavy Grinner,1
6,121931,121932,6,0,Ill-Treated Gatling Saw 20k,1
6,121950,121951,6,0,Unbalanced Slank Chop,1
6,121969,121970,6,0,Dull Katana,2
6,122026,122027,6,0,Irreparable Triplejolt,2
6,122064,122065,6,0,Unbalanced Clean Slay Axe,1
6,122083,122084,6,0,Ill-Treated Blackened Blaster Rifle,4
6,122178,122179,6,0,Ill-Treated Megajolt,1
6,122235,122236,6,0,Ill-Treated Electrical Pacifier,1
6,122292,122293,6,0,Irreparable Omni-Flamer Mk IV,3
6,122349,122350,6,0,Punctured Metaphysic Energy Shield,1
6,122368,122369,6,0,Punctured Energy Shield,2
6,122406,122407,6,0,Punctured Energy Buckler,2
6,122482,122483,6,0,Irreparable Ingram Blaster 23-X,3
6,122596,122597,6,0,Ill-Treated Blackhole Mk IX,1
6,122615,122616,6,0,Irreparable Aero Borealis Corona,1
6,122672,122673,6,0,Ill-Treated Heavy Lead Sprayer,3
6,122729,122730,6,0,Unbalanced Blackjack,1
6,122748,122749,6,0,Dull Two-Handed Blackjack,1
6,122767,122768,6,0,Ill-Treated Bow-Blaster,2
6,122786,122787,6,0,Dull Sword of Sir Galahad,1
6,122805,122806,6,0,Dull Gofle-Prod,1
6,122824,122825,6,0,Worn-Out Chair,1
6,122829,122830,6,0,Unbalanced Titanium Crowbar,1
6,122848,122849,6,0,Unbalanced Stun-Baton,2
6,122886,122887,6,0,Irreparable Minielectronium,2
6,122962,122963,6,0,Dull Notum Staff,1
6,123000,123001,6,0,Dull Notum Spear,2
6,123038,123039,6,0,Ill-Treated Medium Shotgun,2
6,123076,123077,6,0,Irreparable Sleekblaster Major,1
6,123095,123096,6,0,Irreparable DNA-Targeted Executioner Pistol,1
6,123114,123115,6,0,Unbalanced Bow Split,1
6,123305,123306,6,0,Ill-Treated Enriched Uranium Sprayer,1
6,123343,123344,6,0,Unbalanced Hand Axe,1
6,123362,123363,6,0,Unbalanced Lead Pipe,1
6,123381,123382,6,0,Unbalanced Meat-Cleaver,2
6,123400,123401,6,0,Gluegun,2
6,123419,123420,6,0,Ill-Treated Netgun,1
6,123438,123439,6,0,Irreparable Ultra-Light Missile Pistol Raid 9-X,1
6,123495,123496,6,0,Irreparable IMI Desert Reet 1000,1
6,123514,123515,6,0,Irreparable Khemo-Tech Model 200,1
6,123609,123610,6,0,Irreparable PNG M1007A1 Tactical Revolver,1
6,123628,123629,6,0,Irreparable BBI Sigma III,1
6,123647,123648,6,0,Irreparable Sentinels ETE Strike Gun,1
6,123666,123667,6,0,Irreparable River MV,3
6,123685,123686,6,0,Irreparable Seburo Bobsons,1
6,123704,123705,6,0,Rotting OT Biomag,2
6,123723,123724,6,0,M-1 Bipower Prototype,1
6,123774,123775,6,0,Rusty MTI 95 Match Pistol,1
6,123789,123790,6,0,Leaking MTI VP300 Caseless,2
6,123837,123838,6,0,Rusty Zastaba Cz-200,2
6,123844,123845,6,0,Rusty Freedom Arms Super 90,1
6,123855,123856,6,0,Second-Hand Old English Trading Co.,1
6,123868,123869,6,0,Old Atlas Bern C.V.,1
6,123879,123880,6,0,Worn BigBurger Inc.,1
6,123886,123887,6,0,Sparkling HSR Arms,1
6,123893,123894,6,0,Rusty OT Backup,2
6,123928,123929,6,0,Rusty FN 7-7 Pistol,1
6,123933,123934,6,0,Stained MTI USP 1200,2
6,123942,123943,6,0,Burned-Out Galahad Inc T70,1
6,123968,123970,6,0,Rusty OT Boomer M30,1
6,123976,123977,6,0,Gripo-Com AKR 1K20,1
6,123984,123985,6,0,Rusty MTI-OT PF55 Flechette System,3
6,123991,123992,6,0,Rusty Old English Trading Co. Type 77a,2
6,124004,124005,6,0,Rusty M150 Booster Edition,1
6,124016,124017,6,0,Rusty Sig SG 992 SWAT Edition 2,1
6,124042,124043,6,0,F.D.A. Insurgent Fly,1
6,124070,124071,6,0,M52A Pulse Rifle,1
6,124073,124074,6,0,Rusty BBI PS500,1
6,124121,124122,6,0,Rusty ICC Arms SB21 Assault Shotgun,2
6,124143,124144,6,0,OT-Windchaser M05 Rifle,1
6,124162,124163,6,0,Battered MTI SL70 Rifle,1
6,124198,124199,6,0,Worn OT-Windchaser RM70 Junior,1
6,124285,124286,6,0,Rusty OT-Windchaser SM30 Shotgun,3
6,124348,124349,6,0,Battered OT M500 SWAT Rifle,3
6,124357,124358,6,0,Flawed MTI G-90A3,1
6,124372,124373,6,0,Battered BBI AS-90,1
6,124400,124401,6,0,Vektor V.21 Flechette Rifle,1
6,124420,124421,6,0,Shaky MTI B-94,1
6,124431,124432,6,0,Bent BBI Minami-90,4
6,124444,124445,6,0,Loose Kalinkalov Mz-99,3
6,124453,124454,6,0,Rusty EN-RAL,1
6,124465,124466,6,0,Rusty G.C. AKMR 1K20,1
6,124484,124485,6,0,Ingram Morning Star,1
6,124487,124488,6,0,Manex SD 4004,1
6,124494,124495,6,0,Old Manex STR 77,2
6,124505,124505,6,0,OT Eskorpio 21,2
6,124510,124511,6,0,Rusty Sentinels Personal Edition,1
6,124529,124530,6,0,Prototype Sito-Tech Model 00,1
6,124534,124535,6,0,Sooted YES Assault 1007 Model 5,1
6,124545,124546,6,0,YES Support 1010,2
6,124548,124549,6,0,Ill-Treated Seburo M35,2
6,124579,124580,6,0,Irreparable OT Viper IX,3
6,124700,124701,6,0,Ill-Treated Seburo C-19a,2
6,124711,124712,6,0,Ill-Treated Nord Armwerk MAX,1
6,124730,124731,6,0,Ill-Treated FN P00,2
6,124749,124750,6,0,Ill-Treated BBI WMMA CAW,1
6,124768,124769,6,0,Ill-Treated OT ARL-10 Micromissile Launcher,1
6,124817,124818,6,0,Ill-Treated OT M-70 HardRain GPMG,1
6,124836,124837,6,0,Mistreated Vektor M-31 Automatic Grenade Launcher,3
6,124891,124892,6,0,Ill-Treated OT M-00 Crystal,1
6,124986,124987,6,0,Ill-Treated Reet-Tech Stryker X,1
6,125005,125006,6,0,Ill-Treated Joint Clans Exocet II,1
6,125024,125025,6,0,Ill-Treated Joint Clans Patriot,1
6,125043,125044,6,0,Ill-Treated Reet-Tech Junior Urban Crossbow,2
6,125062,125063,6,0,Ill-Treated Reet-Tech Venom Compound Bow,1
6,125081,125082,6,0,Ill-Treated Oneida Razor Half-Bow,3
6,125311,125312,6,0,Splintered Merchant Squibber,1
6,125381,125382,6,0,Splintered Rider Executioner,1
6,125419,125420,6,0,Splintered Torch,3
6,125751,125751,17,0,Nano Crystal (Calling of Medinos),2
6,128655,128656,6,0,Ill-treated HSR Arms Tech Assault IV,2
6,128674,128675,6,0,Ill-treated HSR Arms Tech Assault V,2
6,128710,128711,6,0,Rusty River Series 6,1
6,128734,128735,6,0,1st edition Pistola Di Macchina Mini Automatico 2,1
6,128758,128759,6,0,Ill-treated Fabrique Des Armes Bizon 20-19,2
6,128792,128793,6,0,Ill-treated OT Cobra M-33,1
6,128811,128812,6,0,Ill-treated Zastaba M0-2 Assault Weapon (Zero),1
6,128830,128831,6,0,Rusty Freedom Arms Defender,1
6,128871,128872,6,0,Ill-treated Arwen MM-50 Grenade Launcher,1
6,128890,128891,6,0,Ill-treated Steiner LM-5 Assault Laser,2
6,128919,128920,6,0,Splintered Peasant Executioner,1
6,128938,128939,6,0,Obtuse Peasant Warblade,1
6,128957,128958,6,0,Obtuse Merchant Warblade,1
6,128976,128977,6,0,Obtuse Rider Warblade,1
6,129014,129015,6,0,Omni-Med Butter Cake,1
6,129017,129018,6,0,Fast Chocolate Surprise,1
6,129045,129046,6,0,10th level Ninja Katana,2
6,129069,129070,6,0,Sparkling Breathing Space,2
6,129638,129639,6,0,Over-tuned Wen-Wen,3
6,130005,130006,6,0,Run Speed Cluster - Bright (Left-Wrist),1
6,130009,130010,6,0,"Right-Wrist Implant: Run Speed, Shiny",1
6,130051,130052,6,0,Ancient Featherwood Staff,1
6,130087,130088,6,0,Splintered Native Alloy Staff,2
6,130106,130107,6,0,Obtuse Notum Lever,3
6,130125,130126,6,0,Splintered Denunciatory Spear,1
6,130181,130182,6,0,Leaky Hot Air Stick,2
6,130197,130198,6,0,Splintered Bloodworm Carapace,1
6,130241,130242,6,0,"Right-Wrist Implant: Run Speed, Shiny",1
6,130356,130357,6,0,"Left-Wrist Implant: Mult. Melee, Shiny",1
6,130391,130392,6,0,"Leg Implant: Dodge-Rng, Shiny",1
6,131605,131606,6,0,Rough Club,2
6,136690,136690,14,0,Nano Crystal (Slipshod Bandaging),2
6,142773,142773,4,0,Nano Crystal (Swap Psyche),1
6,142817,142818,6,0,Obtuse Survival Knife,1
6,142836,142837,6,0,Splintered Metaplast Mace,3
6,143833,143845,6,0,Ill-Treated Sunburst Mk IV,1
6,144082,144083,6,0,Bent Tanto,2
6,144101,144102,6,0,Sparkling Freedom Arms 4200,2
6,144146,144147,6,0,Obtuse Burning Copper Katana,1
6,150223,150224,6,0,,1
6,150306,150307,6,0,,2
6,151834,151834,14,0,,2
6,152064,152065,6,0,,1
6,152083,152084,6,0,,1
6,152096,152097,6,0,,1
6,152109,152110,6,0,,1
6,152122,152123,6,0,,1
6,152279,152280,6,0,,1
6,152326,152327,6,0,,2
6,152358,152359,6,0,,1
6,152367,152368,6,0,,1
6,152386,152387,6,0,,2
6,152747,152748,6,0,,2
6,153083,153084,6,0,,2
6,155369,155369,8,0,,2
6,155379,155379,8,0,,2
6,155392,155392,8,0,,2
6,156142,156142,4,0,,4
6,156146,156146,11,0,,2
6,158963,158964,6,0,,1
6,159035,159036,6,0,,2
6,159040,159041,6,0,,3
6,160184,160185,6,0,,2
6,160224,160225,6,0,,1
6,160233,160234,6,0,,2
6,160236,160237,6,0,,2
6,160239,160240,6,0,,2
6,160242,160243,6,0,,3
6,160264,160265,6,0,,1
6,160279,160280,6,0,,3
6,160476,160477,6,0,,1
6,166253,166254,6,0,,1
6,166257,166258,6,0,,1
6,171469,171470,6,0,,1
6,171923,171924,6,0,,1
6,178150,178151,6,0,,1
6,178174,178175,6,0,,1
6,189669,189670,6,0,,1
6,190278,190279,6,0,,1
6,202724,202724,8,0,,1
6,203594,203594,10,0,,2
6,203870,203870,14,0,,1
6,204103,204104,6,0,,1
6,204262,204263,6,0,,1
6,204267,204268,6,0,,2
6,205198,205198,16,0,,2
6,205224,205225,6,0,,3
6,209283,209284,6,0,,1
6,209489,209489,4,0,,4
6,210322,210322,14,0,,4
6,210354,210354,4,0,,3
6,210529,210529,1,0,,7
6,210590,210590,2,0,,2
6,210612,210612,8,0,,4
6,210733,210733,5,0,,2
6,210805,210805,14,0,,4
6,218351,218352,6,0,,1
6,218744,218745,6,0,,1
6,218780,218781,6,0,,2
6,218822,218823,6,0,,1
6,227473,227473,30,0,,3
6,233792,233793,6,0,,1
6,297633,297633,10,0,,1
7,23314,23316,7,0,Simple First-Aid Kit,2
7,25820,25821,7,0,Basic Nano Recharger,2
7,26471,26471,14,0,Nano Crystal (Ranged Special Attacks Incompetence),1
7,26489,26489,10,0,Nano Crystal (Nano Skills Incompetence),2
7,26503,26503,14,0,Nano Crystal (Melee Special Attacks Incompetence),1
7,26541,26541,10,0,Nano Crystal (Drain Abilities),2
7,27199,27199,10,0,Nano Crystal (Melee Weapons Incompetence),1
7,27223,27223,4,0,Nano Crystal (Lethargy),1
7,27263,27263,10,0,Nano Crystal (Ranged Weapons Incompetence),3
7,27381,27381,1,0,Omni-Med Suit Gloves,2
7,27383,27383,1,0,Omni-Med Suit Shirt,1
7,27387,27387,1,0,Omni-Med Female Suit Shirt,1
7,28752,28752,10,0,Nano Crystal (Terrain Knowledge),3
7,28770,28770,14,0,Nano Crystal (Enhanced First Aid),1
7,28780,28780,7,0,Nano Crystal (Inflict Harm),2
7,28805,28805,4,0,Nano Crystal (Corruption),1
7,28811,28811,7,0,Nano Crystal (Fire Stream),1
7,28834,28834,4,0,Nano Crystal (Radiation Pulse),2
7,28932,28932,7,0,Nano Crystal (Give Energy: 10),2
7,28934,28934,14,0,Nano Crystal (Give Energy: 25),2
7,28936,28936,7,0,Nano Crystal (Give Life: 10),1
7,28938,28938,14,0,Nano Crystal (Give Life: 25),2
7,28945,28945,17,0,Nano Crystal (Limbo Mastery),3
7,29192,29192,10,0,Nano Crystal (Symbol Helper),1
7,29356,29356,17,0,Nano Crystal (Persistent Damage Multiplier),2
7,29360,29360,17,0,Nano Crystal (Quickshot),2
7,29823,29823,1,0,Nano Crystal (Armor Megaboost),1
7,29844,29844,10,0,Nano Crystal (Gun Enhancement),1
7,30110,30110,10,0,Nano Crystal (Distracted Gaze),1
7,30122,30122,14,0,Nano Crystal (Gunslinger),2
7,30781,30781,10,0,Nano Crystal (Lend Nano: 50),1
7,30790,30790,14,0,Nano Crystal (Margin Call),2
7,31420,31420,14,0,Nano Crystal (Cracker's Luck),1
7,31436,31436,1,0,Nano Crystal (Poison Modification),1
7,31498,31498,1,0,White Cloak,2
7,31499,31499,1,0,Red Cloak,1
7,31500,31500,1,0,Grey Cloak,3
7,31501,31501,1,0,Green Cloak,5
7,31502,31502,1,0,Brown Cloak,4
7,31503,31503,1,0,Blue Cloak,3
7,31505,31505,1,0,Black Trenchcoat,5
7,31506,31506,1,0,Black Omni-Tek Commander Cloak,2
7,31515,31515,1,0,Red Omni-Tek Commander Cloak,2
7,31516,31516,1,0,Trenchcoat,4
7,31517,31517,1,0,Black Cloak,4
7,31528,31528,1,0,Red Cloak Hood,2
7,31530,31530,1,0,Grey Cloak Hood,5
7,31531,31531,1,0,Green Cloak Hood,5
7,31532,31532,1,0,Brown Cloak Hood,5
7,31533,31533,1,0,Blue Cloak Hood,3
7,31534,31534,1,0,Black Cloak Hood,1
7,32076,32076,14,0,Nano Crystal (False Profession: Martial Artist),1
7,32079,32079,14,0,Nano Crystal (False Profession: Soldier),3
7,32082,32082,10,0,Nano Crystal (False Profession: Enforcer),4
7,36779,36778,7,0,2 - 3 NCU Memory,1
7,42412,42412,1,0,Nano Crystal (Enhance Team Health),2
7,42416,42416,14,0,Nano Crystal (Lasting Heal),1
7,42423,42423,4,0,Nano Crystal (Weak Team Heal),1
7,42546,42546,17,0,Nano Crystal (Molecule Lance),1
7,43145,43146,7,0,Attack of the Snake,1
7,43552,43551,7,0,Portable Surgery Clinic,1
7,43780,43780,14,0,Nano Crystal (Summon Fury Externalization),1
7,43962,43962,17,0,Nano Crystal (Lesser Nano Bandage),1
7,43978,43978,4,0,Nano Crystal (Emergency Stitching),1
7,43993,43993,10,0,Nano Crystal (Dress Wounds),2
7,44185,44185,14,0,Nano Crystal (Elementary Nano Contagion),1
7,44186,44186,10,0,Nano Crystal (Dissolve Molecular Bonding),1
7,45956,45956,7,0,Nano Crystal (Open Wound),1
7,45961,45961,17,0,Nano Crystal (Micro Flechette),1
7,45965,45965,1,0,Nano Crystal (Minor Toxic Barb),1
7,45969,45969,14,0,Nano Crystal (Ion Stream),2
7,46010,46010,10,0,Nano Crystal (Upgraded Automaton),1
7,46019,46019,17,0,Nano Crystal (Semi-Sentient Automaton),1
7,46059,46059,4,0,Nano Crystal (Lesser Automaton),1
7,46074,46074,7,0,Nano Crystal (Automaton),1
7,46435,46435,17,0,Nano Crystal (Faithful Helper-Droid),1
7,46454,46454,14,0,Nano Crystal (Director-Grade Worker-Droid),2
7,46462,46462,7,0,Nano Crystal (Advanced Worker),1
7,49823,49823,14,0,Nano Crystal (Brave Challenger to Cyclops),3
7,55679,55678,7,0,Weapon Smithing Tutoring Device,1
7,55681,55680,7,0,Psychology Tutoring Device,1
7,55687,55686,7,0,Computer Literacy Tutoring Device,3
7,55692,55691,7,0,Field Quantum Physics Tutoring Device,1
7,55697,55696,7,0,Boosted Stim,2
7,55761,55761,10,0,Nano Crystal (Bristling Shield),4
7,55762,55762,4,0,Nano Crystal (Avenging Shield),1
7,55838,55838,7,0,Nano Crystal (Frost With Snow),1
7,55840,55840,17,0,Nano Crystal (Jacket of Blades),5
7,55863,55863,1,0,Nano Crystal (Coat of Barbs),5
7,56238,56238,1,0,Nano Crystal (Detain Suspect),2
7,56241,56241,17,0,Nano Crystal (Lesser Hold Victim),3
7,56259,56259,1,0,Nano Crystal (Lesser Detain Customer),1
7,70403,70403,7,0,Nano Crystal (Partial Deflection Shield (Extended)),2
7,70411,70411,10,0,Nano Crystal (Total Mirror Shield Mk I),2
7,70558,85640,7,0,Battered Low-Tech Armor Boots,3
7,70559,85689,7,0,Battered Low-Tech Body Armor,3
7,70560,85688,7,0,Battered Low-Tech Female Body Armor,2
7,70561,85744,7,0,Battered Low-Tech Armor Sleeves,5
7,70562,85597,7,0,Battered Low-Tech Armor Gloves,5
7,70563,85558,7,0,Battered Low-Tech Armor Helmet,6
7,70564,85515,7,0,Battered Low-Tech Armor Pants,3
7,70565,85514,7,0,Battered Low-Tech Armor Shorts,3
7,70582,70582,7,0,Nano Crystal (Flawed Shielding Barrier),3
7,75354,75354,1,0,Nano Crystal (Toughen Skin),2
7,75355,75355,14,0,Nano Crystal (Harden Skin),2
7,75415,75415,4,0,Nano Crystal (Minor Combat Barrier),2
7,78418,78418,10,0,Nano Crystal (Lossy Health Funnel),1
7,78420,78420,17,0,Nano Crystal (Lesser Health Funnel),1
7,78446,78446,10,0,Nano Crystal (Punishing Blade),1
7,81848,81848,10,0,Nano Crystal (Crash of Thunder),1
7,81892,81892,10,0,Nano Crystal (Lesser Nano Boost),4
7,81952,81952,4,0,Nano Crystal (Lesser Suspicious Death),2
7,81956,81956,14,0,Nano Crystal (Inject Poison),1
7,82065,82065,17,0,Nano Crystal (Team Restore Essence),3
7,82071,82071,10,0,Nano Crystal (Lesser Healing Touch),3
7,82078,82078,17,0,Nano Crystal (Team Rough Stitching),3
7,82800,82800,4,0,Nano Crystal (Passive Micro Entanglement),3
7,82807,82807,14,0,Nano Crystal (Postpone Encounter),3
7,82811,82811,17,0,Nano Crystal (Weight of the Guilty),2
7,82838,82838,20,0,Nano Crystal (Pronouncement of Greatness),2
7,83920,83919,7,0,Aggression Enhancer,1
7,83975,83975,4,0,Nano Crystal (Poke Eyes),1
7,85279,85279,7,0,Nano Crystal (Passive Distributed Entanglement),1
7,85320,85320,14,0,Nano Crystal (Lesser Enforced Sloth),1
7,85368,85369,7,0,Burst of Speed Stim,3
7,85477,21917,7,0,Worn Cyber Armor Sleeves,2
7,85481,85690,7,0,Battered Leather Vest,2
7,85501,22343,7,0,Inferior Heated Plasteel Armor Pants,6
7,85510,85509,7,0,Inferior Nail Armor Pants,7
7,85512,85511,7,0,Worn Metaplast Armor Pants,3
7,85517,27360,7,0,Battered Flak Armor Pants,1
7,85521,85520,7,0,Battered Leather Armor Pants,3
7,85526,22293,7,0,Inferior Energized Armor Pants,2
7,85531,22289,7,0,Worn Cyber Armor Pants,4
7,85533,85532,7,0,Battered Light Combat Armor Pants,3
7,85547,85546,7,0,Inferior Chilled Plasteel Armor Helmet,2
7,85548,22258,7,0,Inferior Heated Plasteel Armor Helmet,5
7,85557,85556,7,0,Worn Metaplast Armor Helmet,3
7,85562,85561,7,0,Battered Leather Armor Helmet,4
7,85567,22223,7,0,Inferior Energized Armor Helmet,2
7,85572,22219,7,0,Worn Cyber Armor Helmet,4
7,85586,85585,7,0,Inferior Chilled Plasteel Armor Gloves,4
7,85587,22208,7,0,Inferior Heated Plasteel Armor Gloves,6
7,85596,85595,7,0,Worn Metaplast Armor Gloves,3
7,85602,85601,7,0,Battered Leather Armor Gloves,3
7,85607,22170,7,0,Inferior Energized Armor Gloves,4
7,85612,22166,7,0,Worn Cyber Armor Gloves,4
7,85626,85625,7,0,Inferior Chilled Plasteel Armor Boots,2
7,85627,22154,7,0,Inferior Heated Plasteel Armor Boots,4
7,85636,85635,7,0,Inferior Nail Armor Boots,4
7,85638,85637,7,0,Worn Metaplast Armor Boots,3
7,85645,85644,7,0,Battered Leather Armor Boots,4
7,85650,22108,7,0,Inferior Energized Armor Boots,5
7,85655,22104,7,0,Worn Cyber Armor Boots,5
7,85657,85656,7,0,Battered Light Combat Armor Boots,2
7,85674,85673,7,0,Inferior Chilled Plasteel Body Armor,5
7,85675,22076,7,0,Inferior Heated Plasteel Body Armor,3
7,85684,85683,7,0,Inferior Nail Body Armor,3
7,85686,85685,7,0,Worn Metaplast Body Armor,3
7,85693,27389,7,0,Battered Flak Body Armor,2
7,85697,85696,7,0,Battered Leather Body Armor,4
7,85702,22018,7,0,Inferior Energized Body Armor,4
7,85711,22014,7,0,Worn Cyber Female Body Armor,4
7,85712,22010,7,0,Worn Cyber Body Armor,3
7,85714,85713,7,0,Battered Light Combat Body Armor,4
7,85723,85722,7,0,Worn Nadir Steel-Ribbed Armor Sleeves,3
7,85730,85729,7,0,Inferior Chilled Plasteel Armor Sleeves,3
7,85731,21967,7,0,Inferior Heated Plasteel Armor Sleeves,2
7,85740,85739,7,0,Inferior Nail Armor Sleeves,2
7,85742,85741,7,0,Worn Metaplast Armor Sleeves,5
7,85746,27391,7,0,Battered Flak Armor Sleeves,3
7,85750,85749,7,0,Battered Leather Armor Sleeves,9
7,85755,21921,7,0,Inferior Energized Armor Sleeves,2
7,85761,85760,7,0,Battered Light Combat Armor Sleeves,3
7,85873,85873,10,0,Nano Crystal (Ransack Skills (Weak)),1
7,85895,85895,14,0,Nano Crystal (Deprive Skills (Minor)),2
7,86438,86438,1,0,Katara Sunglasses,1
7,86443,86443,1,0,Visor,1
7,87471,87471,1,0,Tattoo,1
7,87472,87472,1,0,Tattoo,2
7,87473,87473,1,0,Tattoo,2
7,87475,87475,1,0,Tattoo,1
7,87476,87476,1,0,Tattoo,1
7,87477,87477,1,0,Tattoo,1
7,87483,87483,1,0,Tattoo,1
7,87810,87814,7,0,Hacker Tool,1
7,88373,88374,7,0,Yatamutchy Movement Predictor -X7B,1
7,88385,88386,7,0,Trimmer - Negative Aggressive-Defensive,1
7,90407,90407,17,0,Nano Crystal (Basic Humidity Extractor),1
7,95427,95427,10,0,Nano Crystal (CrunchCom Code Sieve),1
7,95536,95536,14,0,Nano Crystal (Internal Focus),1
7,95727,95727,17,0,Nano Crystal (Boot Camp Toughness),1
7,95728,95728,14,0,Nano Crystal (Essence of Vitality),4
7,95729,95729,4,0,Nano Crystal (Mongo's Troll),1
7,99133,99133,7,0,Nano Crystal (Shed Anger),1
7,99139,99139,14,0,Nano Crystal (Douse Anger),1
7,99618,99618,17,0,Nano Crystal (Unfriendly Merger),1
7,100004,100004,1,0,"Body Tattoo, Front",1
7,100007,100007,1,0,"Body Tattoo, Front",2
7,100010,100010,1,0,"Body Tattoo, Back",1
7,100228,100228,14,0,Nano Crystal (Draw Attention),6
7,101251,101252,7,0,"Right-Hand Implant: Cold AC, Bright",1
7,101311,101312,7,0,Imp/Proj AC Cluster - Bright (Chest),2
7,101327,101328,7,0,Chemical AC Cluster - Faded (Left-Arm),1
7,101331,101332,7,0,Chemical AC Cluster - Shiny (Waist),1
7,101337,101338,7,0,1h Blunt Cluster - Shiny (Right-Arm),1
7,101339,101340,7,0,1h Edged Weapon Cluster - Faded (Right-Hand),2
7,101341,101342,7,0,1h Edged Weapon Cluster - Bright (Right-Wrist),2
7,101345,101346,7,0,Melee Ener Cluster - Faded (Right-Wrist),1
7,101349,101350,7,0,Melee Ener Cluster - Shiny (Head),1
7,101351,101352,7,0,2h Edged Cluster - Faded (Waist),1
7,101353,101354,7,0,2h Edged Cluster - Bright (Left-Arm),1
7,101355,101356,7,0,2h Edged Cluster - Shiny (Right-Arm),2
7,101357,101358,7,0,Piercing Cluster - Faded (Waist),1
7,101359,101360,7,0,Piercing Cluster - Bright (Left-Arm),1
7,101365,101366,7,0,2h Blunt Cluster - Bright (Left-Arm),1
7,101367,101368,7,0,2h Blunt Cluster - Shiny (Right-Arm),2
7,101372,101373,7,0,Radiation AC Cluster - Bright (Left-Arm),1
7,101376,101377,7,0,Cold AC Cluster - Faded (Left-Hand),1
7,101384,101385,7,0,Nano Resist Cluster - Bright (Right-Wrist),1
7,101386,101387,7,0,Nano Resist Cluster - Shiny (Head),1
7,101390,101391,7,0,Fire AC Cluster - Bright (Left-Hand),2
7,101392,101393,7,0,Fire AC Cluster - Shiny (Waist),2
7,101402,101403,7,0,Mult. Melee Cluster - Bright (Eye),1
7,101406,101334,7,0,1h Blunt Cluster - Faded (Right-Hand),1
7,101412,101413,7,0,Matter Crea Cluster - Shiny (Head),1
7,101420,101421,7,0,Nano Pool Cluster - Faded (Waist),1
7,101425,101426,7,0,Sharp Obj Cluster - Bright (Right-Hand),1
7,101429,101430,7,0,Grenade Cluster - Faded (Right-Hand),1
7,101439,101440,7,0,Heavy Weapons Cluster - Shiny (Right-Arm),1
7,101441,101442,7,0,Bow Cluster - Faded (Eye),2
7,101443,101444,7,0,Bow Cluster - Bright (Left-Arm),2
7,101447,101448,7,0,Pistol Cluster - Faded (Eye),1
7,101453,101454,7,0,Rifle Cluster - Faded (Left-Wrist),2
7,101455,101456,7,0,Rifle Cluster - Bright (Right-Wrist),1
7,101465,101466,7,0,Shotgun Cluster - Faded (Waist),1
7,101467,101468,7,0,Shotgun Cluster - Bright (Right-Hand),1
7,101469,101470,7,0,Shotgun Cluster - Shiny (Right-Arm),2
7,101471,101472,7,0,Assault Rif Cluster - Faded (Eye),1
7,101477,101478,7,0,Vehicle Hydr Cluster - Faded (Ear),2
7,101479,101480,7,0,Vehicle Hydr Cluster - Bright (Eye),1
7,101483,101484,7,0,Melee. Init Cluster - Faded (Waist),1
7,101487,101488,7,0,Melee. Init Cluster - Shiny (Feet),1
7,101489,101490,7,0,Ranged. Init Cluster - Faded (Right-Hand),1
7,101493,101494,7,0,Ranged. Init Cluster - Shiny (Right-Wrist),1
7,101499,101500,7,0,Physic. Init Cluster - Shiny (Feet),2
7,101509,101510,7,0,Sensory Impr Cluster - Bright (Eye),3
7,101511,101512,7,0,Sensory Impr Cluster - Shiny (Head),1
7,101515,101516,7,0,First Aid Cluster - Bright (Right-Hand),1
7,101517,101518,7,0,First Aid Cluster - Shiny (Head),1
7,101525,101526,7,0,Mech. Engi Cluster - Faded (Right-Arm),2
7,101527,101528,7,0,Mech. Engi Cluster - Bright (Eye),1
7,101529,101530,7,0,Mech. Engi Cluster - Shiny (Head),1
7,101531,101532,7,0,Elec. Engi Cluster - Faded (Right-Hand),2
7,101533,101534,7,0,Elec. Engi Cluster - Bright (Head),1
7,101535,101536,7,0,Elec. Engi Cluster - Shiny (Eye),1
7,101539,101540,7,0,Matt.Metam Cluster - Bright (Chest),1
7,101541,101542,7,0,Matt.Metam Cluster - Shiny (Head),5
7,101547,101548,7,0,Bio.Metamor Cluster - Shiny (Head),1
7,101549,101550,7,0,Psycho Modi Cluster - Faded (Ear),1
7,101551,101552,7,0,Psycho Modi Cluster - Bright (Eye),1
7,101561,101562,7,0,Multi Ranged Cluster - Faded (Eye),1
7,101563,101564,7,0,Multi Ranged Cluster - Bright (Right-Wrist),1
7,101565,101566,7,0,Multi Ranged Cluster - Shiny (Left-Wrist),2
7,101569,101570,7,0,Trap Disarm Cluster - Bright (Left-Hand),1
7,101573,101574,7,0,Perception Cluster - Faded (Head),1
7,101579,101580,7,0,Adventuring Cluster - Faded (Chest),1
7,101581,101582,7,0,Adventuring Cluster - Bright (Waist),2
7,101583,101584,7,0,Adventuring Cluster - Shiny (Leg),1
7,101591,101592,7,0,Vehicle Air Cluster - Faded (Head),1
7,101595,101596,7,0,Vehicle Air Cluster - Shiny (Eye),1
7,101605,101606,7,0,Tutoring Cluster - Bright (Ear),1
7,101607,101608,7,0,Tutoring Cluster - Shiny (Eye),1
7,101609,101610,7,0,Brawling Cluster - Faded (Waist),1
7,101613,101614,7,0,Brawling Cluster - Shiny (Left-Arm),1
7,101615,101616,7,0,Riposte Cluster - Faded (Right-Arm),1
7,101619,101620,7,0,Riposte Cluster - Shiny (Right-Wrist),2
7,101625,101626,7,0,Dimach Cluster - Shiny (Chest),1
7,101627,101628,7,0,Parry Cluster - Faded (Right-Arm),2
7,101633,101634,7,0,Sneak Atck Cluster - Faded (Eye),1
7,101635,101636,7,0,Sneak Atck Cluster - Bright (Right-Wrist),1
7,101637,101638,7,0,Sneak Atck Cluster - Shiny (Feet),1
7,101643,101644,7,0,Fast Attack Cluster - Shiny (Left-Hand),2
7,101647,101648,7,0,NanoC. Init Cluster - Bright (Eye),1
7,101651,101652,7,0,Fling Shot Cluster - Faded (Right-Wrist),1
7,101653,101654,7,0,Fling Shot Cluster - Bright (Right-Hand),1
7,101655,101656,7,0,Fling Shot Cluster - Shiny (Right-Arm),1
7,101657,101658,7,0,Aimed Shot Cluster - Faded (Right-Hand),1
7,101659,101660,7,0,Aimed Shot Cluster - Bright (Right-Wrist),1
7,101661,101662,7,0,Aimed Shot Cluster - Shiny (Eye),2
7,101665,101666,7,0,Body Dev Cluster - Bright (Waist),1
7,101667,101668,7,0,Body Dev Cluster - Shiny (Chest),2
7,101669,101670,7,0,Duck-Exp Cluster - Faded (Feet),1
7,101673,101674,7,0,Duck-Exp Cluster - Shiny (Leg),1
7,101675,101676,7,0,Dodge-Rng Cluster - Faded (Waist),1
7,101681,101682,7,0,Evade-ClsC Cluster - Faded (Waist),2
7,101685,101686,7,0,Evade-ClsC Cluster - Shiny (Feet),2
7,101687,101688,7,0,Quantum FT Cluster - Faded (Right-Hand),3
7,101689,101690,7,0,Quantum FT Cluster - Bright (Eye),1
7,101691,101692,7,0,Quantum FT Cluster - Shiny (Head),1
7,101693,101694,7,0,Weapon Smt Cluster - Faded (Eye),2
7,101697,101698,7,0,Weapon Smt Cluster - Shiny (Right-Hand),1
7,101699,101700,7,0,Pharma Tech Cluster - Faded (Right-Hand),1
7,101709,101710,7,0,Nano Progra Cluster - Shiny (Head),2
7,101711,101712,7,0,Comp. Liter Cluster - Faded (Right-Hand),2
7,101713,101714,7,0,Comp. Liter Cluster - Bright (Eye),1
7,101719,101720,7,0,Psychology Cluster - Bright (Ear),1
7,101721,101722,7,0,Psychology Cluster - Shiny (Head),1
7,101729,101730,7,0,Concealment Cluster - Faded (Eye),1
7,101731,101732,7,0,Concealment Cluster - Bright (Ear),2
7,101737,101738,7,0,Break & Entry Cluster - Bright (Left-Arm),3
7,101739,101740,7,0,Break & Entry Cluster - Shiny (Right-Arm),1
7,101755,101756,7,0,Burst Cluster - Bright (Right-Wrist),2
7,101761,101762,7,0,Disease AC Cluster - Bright (Leg),1
7,101763,101764,7,0,Disease AC Cluster - Shiny (Head),1
7,101771,101772,7,0,Strength Cluster - Faded (Chest),1
7,101773,101774,7,0,Strength Cluster - Bright (Left-Arm),1
7,101777,101778,7,0,Agility Cluster - Faded (Waist),1
7,101779,101780,7,0,Agility Cluster - Bright (Feet),1
7,101783,101784,7,0,Stamina Cluster - Faded (Waist),1
7,101787,101788,7,0,Stamina Cluster - Shiny (Chest),1
7,101789,101790,7,0,Intelligence Cluster - Faded (Ear),1
7,101793,101794,7,0,Intelligence Cluster - Shiny (Head),1
7,101799,101800,7,0,Sense Cluster - Shiny (Chest),1
7,101803,101804,7,0,Psychic Cluster - Bright (Chest),1
7,101809,101810,7,0,Max Health Cluster - Bright (Waist),2
7,101813,101814,7,0,Max Nano Cluster - Faded (Chest),1
7,101815,101816,7,0,Max Nano Cluster - Bright (Waist),1
7,101865,101866,7,0,"Eye Implant: Rifle, Shiny",1
7,101879,101880,7,0,"Eye Implant: Tutoring, Shiny",1
7,101889,101890,7,0,"Eye Implant: Heavy Weapons, Bright",1
7,102001,102002,7,0,"Eye Implant: Mech. Engi, Bright",1
7,102069,102070,7,0,"Eye Implant: Rifle, Shiny",1
7,102114,102115,7,0,"Eye Implant: Vehicle Air, Shiny",1
7,102230,102231,7,0,"Eye Implant: Aimed Shot, Shiny",1
7,102307,102308,7,0,"Eye Implant: Intelligence, Bright",1
7,102311,102312,7,0,"Eye Implant: Rifle, Shiny",1
7,102321,102322,7,0,"Eye Implant: Vehicle Air, Shiny",1
7,102486,102487,7,0,"Eye Implant: Vehicle Air, Shiny",2
7,102510,102511,7,0,"Eye Implant: Rifle, Shiny",1
7,102518,102519,7,0,"Eye Implant: Tutoring, Shiny",1
7,102567,102568,7,0,"Eye Implant: Map Navig, Shiny",1
7,102583,102584,7,0,"Eye Implant: Tutoring, Shiny",1
7,102613,102614,7,0,"Eye Implant: Map Navig, Shiny",1
7,102647,102648,7,0,"Eye Implant: Elec. Engi, Shiny",1
7,102737,102738,7,0,"Eye Implant: Rifle, Shiny",1
7,102780,102781,7,0,"Eye Implant: Aimed Shot, Shiny",1
7,102802,102803,7,0,"Eye Implant: Vehicle Air, Shiny",1
7,102876,102877,7,0,"Eye Implant: Grenade, Bright",1
7,102894,102895,7,0,"Eye Implant: Rifle, Shiny",1
7,102896,102897,7,0,"Eye Implant: Elec. Engi, Shiny",1
7,102931,102932,7,0,"Eye Implant: Map Navig, Shiny",1
7,102996,102997,7,0,"Eye Implant: Map Navig, Shiny",1
7,103146,103147,7,0,"Eye Implant: Map Navig, Shiny",1
7,103153,103154,7,0,"Eye Implant: Tutoring, Shiny",1
7,103175,103176,7,0,"Eye Implant: Heavy Weapons, Bright",1
7,103181,103182,7,0,"Eye Implant: Vehicle Air, Shiny",1
7,103195,103196,7,0,"Eye Implant: Vehicle Air, Shiny",1
7,103213,103214,7,0,"Eye Implant: Tutoring, Shiny",1
7,103274,103275,7,0,"Eye Implant: Vehicle Air, Shiny",1
7,103308,103309,7,0,"Eye Implant: Map Navig, Shiny",1
7,103400,103401,7,0,"Eye Implant: Tutoring, Shiny",1
7,103406,103407,7,0,"Eye Implant: Aimed Shot, Shiny",1
7,103410,103411,7,0,"Eye Implant: Rifle, Shiny",1
7,103514,103515,7,0,"Eye Implant: Rifle, Shiny",1
7,103536,103537,7,0,"Eye Implant: Tutoring, Shiny",1
7,103564,103565,7,0,"Eye Implant: Tutoring, Shiny",1
7,103580,103581,7,0,"Eye Implant: Aimed Shot, Shiny",1
7,103584,103585,7,0,"Eye Implant: Rifle, Shiny",1
7,103604,103605,7,0,"Eye Implant: Map Navig, Shiny",1
7,103685,103686,7,0,"Eye Implant: Tutoring, Shiny",1
7,103691,103692,7,0,"Eye Implant: Rifle, Shiny",1
7,103731,103732,7,0,"Eye Implant: Tutoring, Shiny",1
7,103931,103932,7,0,"Eye Implant: Sneak Atck, Faded",1
7,103939,103940,7,0,"Eye Implant: Elec. Engi, Shiny",1
7,103947,103948,7,0,"Eye Implant: Map Navig, Shiny",1
7,103951,103952,7,0,"Eye Implant: Tutoring, Shiny",1
7,104023,104024,7,0,"Eye Implant: Map Navig, Shiny",2
7,104153,104154,7,0,"Eye Implant: Aimed Shot, Shiny",1
7,104222,104223,7,0,"Eye Implant: Rifle, Shiny",1
7,104256,104257,7,0,"Eye Implant: Map Navig, Shiny",1
7,104262,104263,7,0,"Eye Implant: Treatment, Bright",1
7,104282,104283,7,0,"Eye Implant: Grenade, Bright",1
7,104288,104289,7,0,"Eye Implant: Vehicle Air, Shiny",1
7,104305,104306,7,0,"Eye Implant: Tutoring, Shiny",1
7,104400,104401,7,0,"Eye Implant: Aimed Shot, Shiny",2
7,104408,104409,7,0,"Eye Implant: NanoC. Init, Bright",1
7,104425,104426,7,0,"Eye Implant: Elec. Engi, Shiny",1
7,104433,104434,7,0,"Eye Implant: Aimed Shot, Shiny",1
7,104476,104477,7,0,"Eye Implant: Aimed Shot, Shiny",1
7,104489,104490,7,0,"Eye Implant: Map Navig, Shiny",1
7,104493,104494,7,0,"Eye Implant: Aimed Shot, Shiny",1
7,104516,104517,7,0,"Eye Implant: Tutoring, Shiny",1
7,104532,104533,7,0,"Eye Implant: Vehicle Air, Shiny",1
7,104536,104537,7,0,"Eye Implant: Map Navig, Shiny",1
7,104607,104608,7,0,"Eye Implant: Map Navig, Shiny",1
7,104689,104690,7,0,"Eye Implant: Vehicle Air, Shiny",1
7,104703,104704,7,0,"Eye Implant: Vehicle Air, Shiny",1
7,104732,104733,7,0,"Eye Implant: Aimed Shot, Shiny",1
7,104772,104773,7,0,"Eye Implant: Aimed Shot, Shiny",1
7,104794,104795,7,0,"Eye Implant: Elec. Engi, Shiny",1
7,104834,104835,7,0,"Eye Implant: Aimed Shot, Shiny",1
7,104840,104841,7,0,"Eye Implant: Elec. Engi, Shiny",1
7,104884,104885,7,0,"Eye Implant: Vehicle Air, Shiny",1
7,105006,105007,7,0,"Eye Implant: Vehicle Air, Shiny",1
7,105086,105087,7,0,"Head Implant: Psychology, Shiny",1
7,105129,105130,7,0,"Head Implant: Ranged Ener, Shiny",1
7,105145,105146,7,0,"Head Implant: Quantum FT, Shiny",1
7,105151,105152,7,0,"Head Implant: Quantum FT, Shiny",1
7,105245,105246,7,0,"Head Implant: Matter Crea, Shiny",1
7,105277,105278,7,0,"Head Implant: Psychology, Shiny",1
7,105295,105296,7,0,"Head Implant: Psychic, Shiny",1
7,105309,105310,7,0,"Head Implant: Nano Resist, Shiny",1
7,105402,105403,7,0,"Head Implant: Psychology, Shiny",1
7,105471,105472,7,0,"Head Implant: NanoC. Init, Shiny",1
7,105579,105580,7,0,"Head Implant: NanoC. Init, Shiny",1
7,105747,105748,7,0,"Head Implant: Vehicle Hydr, Shiny",1
7,105777,105778,7,0,"Head Implant: Bio.Metamor, Shiny",1
7,105779,105780,7,0,"Head Implant: Psycho Modi, Shiny",1
7,105808,105809,7,0,"Head Implant: Psycho Modi, Shiny",1
7,105843,105844,7,0,"Head Implant: Vehicle Grnd, Shiny",1
7,105864,105865,7,0,"Head Implant: Melee Ener, Shiny",1
7,106063,106064,7,0,"Head Implant: Psycho Modi, Shiny",1
7,106075,106076,7,0,"Head Implant: Pharma Tech, Shiny",1
7,106116,106117,7,0,"Head Implant: NanoC. Init, Shiny",1
7,106128,106129,7,0,"Head Implant: Psychic, Shiny",1
7,106223,106224,7,0,"Head Implant: Psychology, Shiny",1
7,106341,106342,7,0,"Head Implant: Intelligence, Shiny",1
7,106419,106420,7,0,"Head Implant: Nano Progra, Shiny",1
7,106439,106440,7,0,"Head Implant: Bio.Metamor, Shiny",1
7,106451,106452,7,0,"Head Implant: Quantum FT, Shiny",1
7,106455,106456,7,0,"Head Implant: Nano Progra, Shiny",1
7,106467,106468,7,0,"Head Implant: Intelligence, Shiny",2
7,106528,106529,7,0,"Head Implant: Max Nano, Shiny",1
7,106554,106555,7,0,"Head Implant: Psycho Modi, Shiny",1
7,106582,106583,7,0,"Head Implant: Nano Resist, Shiny",1
7,106625,106626,7,0,"Head Implant: Time & Space, Shiny",1
7,106635,106636,7,0,"Head Implant: Nano Progra, Shiny",1
7,106639,106640,7,0,"Head Implant: Psychology, Shiny",1
7,106661,106662,7,0,"Head Implant: Bow Spc Att, Shiny",1
7,106735,106736,7,0,"Head Implant: Ranged Ener, Shiny",1
7,106777,106778,7,0,"Head Implant: Pharma Tech, Shiny",1
7,106805,106806,7,0,"Head Implant: Vehicle Grnd, Shiny",1
7,106831,106832,7,0,"Head Implant: Mech. Engi, Shiny",1
7,106881,106882,7,0,"Head Implant: Vehicle Hydr, Shiny",1
7,106885,106886,7,0,"Head Implant: Bow Spc Att, Shiny",1
7,106889,106890,7,0,"Head Implant: Sensory Impr, Shiny",1
7,106983,106984,7,0,"Head Implant: Vehicle Hydr, Shiny",1
7,107147,107148,7,0,"Head Implant: Vehicle Grnd, Shiny",1
7,107157,107158,7,0,"Head Implant: Dimach, Bright",1
7,107223,107224,7,0,"Head Implant: Intelligence, Shiny",1
7,107270,107271,7,0,"Head Implant: Matt.Metam, Shiny",1
7,107315,107316,7,0,"Ear Implant: Perception, Shiny",1
7,107378,107379,7,0,"Right-Arm Implant: Break & Entry, Shiny",1
7,107627,107628,7,0,"Right-Arm Implant: Brawling, Bright",1
7,107685,107686,7,0,"Right-Arm Implant: Full Auto, Shiny",1
7,107757,107758,7,0,"Right-Arm Implant: Burst, Shiny",1
7,107797,107798,7,0,"Right-Arm Implant: Brawling, Bright",1
7,107807,107808,7,0,"Right-Arm Implant: 2h Blunt, Shiny",1
7,107947,107948,7,0,"Right-Arm Implant: Heavy Weapons, Shiny",1
7,107999,108000,7,0,"Right-Arm Implant: Bow, Shiny",1
7,108048,108049,7,0,"Right-Arm Implant: Burst, Shiny",1
7,108085,108086,7,0,"Right-Arm Implant: Fling Shot, Shiny",1
7,108091,108092,7,0,"Right-Arm Implant: Full Auto, Shiny",1
7,108099,108100,7,0,"Right-Arm Implant: Strength, Shiny",1
7,108109,108110,7,0,"Right-Arm Implant: 2h Edged, Shiny",1
7,108142,108143,7,0,"Right-Arm Implant: Strength, Shiny",1
7,108164,108165,7,0,"Right-Arm Implant: Shotgun, Shiny",1
7,108268,108269,7,0,"Right-Arm Implant: Full Auto, Shiny",1
7,108286,108287,7,0,"Right-Arm Implant: 2h Edged, Shiny",1
7,108304,108305,7,0,"Right-Arm Implant: Fling Shot, Shiny",1
7,108322,108323,7,0,"Right-Arm Implant: Piercing, Shiny",1
7,108361,108362,7,0,"Right-Arm Implant: Burst, Shiny",1
7,108375,108376,7,0,"Chest Implant: Nano Pool, Shiny",1
7,108404,108405,7,0,"Right-Arm Implant: 1h Blunt, Shiny",1
7,108426,108427,7,0,"Chest Implant: Stamina, Shiny",1
7,108470,108471,7,0,"Chest Implant: Max Health, Shiny",1
7,108472,108473,7,0,"Chest Implant: Max Health, Shiny",1
7,108476,108477,7,0,"Chest Implant: Matt.Metam, Bright",1
7,108490,108491,7,0,"Chest Implant: Dimach, Shiny",1
7,108494,108495,7,0,"Chest Implant: Body Dev, Shiny",1
7,108596,108597,7,0,"Chest Implant: Sense, Shiny",1
7,108600,108601,7,0,"Chest Implant: Bio.Metamor, Bright",1
7,108692,108693,7,0,"Chest Implant: Melee/Ma AC, Shiny",1
7,108732,108733,7,0,"Chest Implant: Melee/Ma AC, Shiny",1
7,108824,108825,7,0,"Chest Implant: Energy AC, Shiny",2
7,108830,108831,7,0,"Chest Implant: Nano Pool, Shiny",1
7,108894,108895,7,0,"Chest Implant: Melee/Ma AC, Shiny",1
7,109070,109071,7,0,"Chest Implant: Imp/Proj AC, Bright",1
7,109082,109083,7,0,"Chest Implant: Sense, Shiny",1
7,109116,109117,7,0,"Chest Implant: Stamina, Shiny",1
7,109130,109131,7,0,"Chest Implant: Dimach, Shiny",1
7,109188,109189,7,0,"Chest Implant: Sense, Shiny",1
7,109313,109314,7,0,"Left-Arm Implant: 2h Blunt, Bright",1
7,109341,109342,7,0,"Left-Arm Implant: Bow, Bright",1
7,109360,109361,7,0,"Left-Arm Implant: Brawling, Shiny",1
7,109370,109371,7,0,"Left-Arm Implant: Break & Entry, Bright",1
7,109407,109408,7,0,"Right-Wrist Implant: Pistol, Shiny",1
7,109546,109547,7,0,"Right-Wrist Implant: Riposte, Shiny",1
7,109570,109571,7,0,"Right-Wrist Implant: Ranged. Init, Shiny",1
7,109574,109575,7,0,"Right-Wrist Implant: Riposte, Shiny",1
7,109646,109647,7,0,"Right-Wrist Implant: Riposte, Shiny",1
7,109694,109695,7,0,"Right-Wrist Implant: Pistol, Shiny",1
7,109754,109819,7,0,"Right-Wrist Implant: Sneak Atck, Bright",1
7,109850,109771,7,0,"Right-Wrist Implant: Pistol, Shiny",1
7,110032,110033,7,0,"Right-Wrist Implant: Parry, Shiny",1
7,110076,110077,7,0,"Right-Wrist Implant: Burst, Bright",1
7,110228,110229,7,0,"Waist Implant: Sense, Bright",1
7,110300,110301,7,0,"Waist Implant: Chemical AC, Shiny",1
7,110304,110305,7,0,"Waist Implant: Cold AC, Shiny",1
7,110336,110337,7,0,"Waist Implant: Fire AC, Shiny",1
7,110398,110399,7,0,"Waist Implant: Fire AC, Shiny",1
7,110424,110425,7,0,"Waist Implant: Cold AC, Shiny",1
7,110622,110623,7,0,"Waist Implant: Fire AC, Shiny",1
7,110706,110707,7,0,"Waist Implant: Cold AC, Shiny",1
7,110736,110737,7,0,"Waist Implant: Chemical AC, Shiny",1
7,110762,110763,7,0,"Waist Implant: Chemical AC, Shiny",1
7,110812,110813,7,0,"Waist Implant: Melee/Ma AC, Bright",1
7,111034,111035,7,0,"Waist Implant: Chemical AC, Shiny",1
7,111114,111115,7,0,"Waist Implant: Cold AC, Shiny",1
7,111168,111169,7,0,"Waist Implant: Adventuring, Bright",1
7,111203,111204,7,0,"Left-Wrist Implant: Multi Ranged, Shiny",1
7,111241,111242,7,0,"Waist Implant: Cold AC, Shiny",1
7,111249,111250,7,0,"Waist Implant: Chemical AC, Shiny",1
7,111251,111252,7,0,"Waist Implant: Radiation AC, Shiny",1
7,111333,111334,7,0,"Waist Implant: Cold AC, Shiny",1
7,111361,111362,7,0,"Waist Implant: Radiation AC, Shiny",1
7,111381,111382,7,0,"Waist Implant: Radiation AC, Shiny",1
7,111406,111407,7,0,"Left-Wrist Implant: Multi Ranged, Shiny",1
7,111429,111430,7,0,"Left-Wrist Implant: Riposte, Bright",1
7,111456,111457,7,0,"Right-Hand Implant: Weapon Smt, Shiny",1
7,111478,111479,7,0,"Right-Hand Implant: Pistol, Bright",1
7,111488,111489,7,0,"Right-Hand Implant: Weapon Smt, Shiny",1
7,111533,111534,7,0,"Right-Hand Implant: Trap Disarm, Shiny",1
7,111623,111624,7,0,"Right-Hand Implant: Fast Attack, Bright",1
7,111753,111754,7,0,"Right-Hand Implant: Trap Disarm, Shiny",1
7,111767,111768,7,0,"Right-Hand Implant: Trap Disarm, Shiny",1
7,111830,111831,7,0,"Right-Hand Implant: Martial Arts, Shiny",1
7,111980,112032,7,0,"Right-Hand Implant: Martial Arts, Shiny",1
7,112017,112018,7,0,"Right-Hand Implant: Sharp Obj, Bright",1
7,112063,112064,7,0,"Right-Hand Implant: Martial Arts, Shiny",1
7,112120,112121,7,0,"Right-Hand Implant: Martial Arts, Shiny",1
7,112276,112277,7,0,"Right-Hand Implant: Trap Disarm, Shiny",1
7,112310,112311,7,0,"Right-Hand Implant: Assault Rif, Bright",1
7,112428,112429,7,0,"Right-Hand Implant: Weapon Smt, Shiny",1
7,112514,112515,7,0,"Right-Hand Implant: Trap Disarm, Shiny",1
7,112537,112538,7,0,"Right-Hand Implant: MG / SMG, Bright",1
7,112543,112544,7,0,"Right-Hand Implant: Weapon Smt, Shiny",1
7,112576,112577,7,0,"Right-Hand Implant: Martial Arts, Shiny",1
7,112660,112661,7,0,"Right-Hand Implant: Weapon Smt, Shiny",1
7,112807,112808,7,0,"Right-Hand Implant: Trap Disarm, Shiny",1
7,112837,112838,7,0,"Right-Hand Implant: Weapon Smt, Shiny",2
7,112869,112870,7,0,"Right-Hand Implant: Weapon Smt, Shiny",1
7,112923,112924,7,0,"Right-Hand Implant: Trap Disarm, Shiny",1
7,112937,112938,7,0,"Right-Hand Implant: Martial Arts, Shiny",1
7,112939,112940,7,0,"Right-Hand Implant: Trap Disarm, Shiny",1
7,112978,112979,7,0,"Leg Implant: Swimming, Shiny",1
7,113023,113024,7,0,"Right-Hand Implant: Burst, Faded",1
7,113048,113049,7,0,"Right-Hand Implant: Martial Arts, Shiny",1
7,113129,113130,7,0,"Leg Implant: Agility, Shiny",1
7,113137,113138,7,0,"Leg Implant: Melee. Init, Bright",1
7,113172,113173,7,0,"Leg Implant: Duck-Exp, Shiny",1
7,113265,113266,7,0,"Leg Implant: Adventuring, Shiny",1
7,113420,113421,7,0,"Leg Implant: Agility, Shiny",1
7,113424,113425,7,0,"Leg Implant: Melee. Init, Bright",1
7,113428,113429,7,0,"Leg Implant: Adventuring, Shiny",1
7,113544,113545,7,0,"Feet Implant: Evade-ClsC, Shiny",1
7,113562,113563,7,0,"Feet Implant: Melee. Init, Shiny",1
7,113583,113584,7,0,"Feet Implant: Physic. Init, Shiny",1
7,113593,113594,7,0,"Feet Implant: Evade-ClsC, Shiny",1
7,116800,116800,14,0,Nano Crystal (Quick Fix),2
7,120609,120609,1,0,Omni-Med Cloak,4
7,121306,121307,7,0,Information Tool - Level,1
7,121309,121308,7,0,Information Tool - Life and Nano Points,2
7,121360,121360,8,0,Nano Crystal (Skill Wrangler (Weak)),4
7,121367,121367,14,0,Nano Crystal (Skill Wrangler (Patchy)),2
7,121518,121518,4,0,Nano Crystal (Amateur Health Haggler),1
7,121591,121592,7,0,Rusty Hand Blade,2
7,121610,121611,7,0,Refitted Polearm,3
7,121629,121630,7,0,Rusty Spiked Axe,2
7,121760,121761,7,0,Unbalanced Mini Axe,1
7,121817,121818,7,0,Irreparable Sleekblaster Minor,1
7,121836,121837,7,0,Irreparable Sleekblaster,1
7,121912,121913,7,0,Ill-Treated Flamethrower,3
7,121931,121932,7,0,Ill-Treated Gatling Saw 20k,2
7,121969,121970,7,0,Dull Katana,3
7,122026,122027,7,0,Irreparable Triplejolt,1
7,122064,122065,7,0,Unbalanced Clean Slay Axe,1
7,122083,122084,7,0,Ill-Treated Blackened Blaster Rifle,1
7,122140,122141,7,0,Unbalanced Cutlass,2
7,122159,122160,7,0,Dull E-Blade,1
7,122216,122217,7,0,Ill-Treated Stigma Rifle,2
7,122235,122236,7,0,Ill-Treated Electrical Pacifier,1
7,122273,122274,7,0,Irreparable Kolt PDW-37,1
7,122292,122293,7,0,Irreparable Omni-Flamer Mk IV,2
7,122311,122312,7,0,Ill-Treated Stanton Stunner IV,1
7,122330,122331,7,0,Irreparable Minigrinner,1
7,122349,122350,7,0,Punctured Metaphysic Energy Shield,1
7,122406,122407,7,0,Punctured Energy Buckler,1
7,122425,122426,7,0,Ill-Treated Mausser Particle Streamer,4
7,122444,122445,7,0,Irreparable El Dieu,2
7,122520,122521,7,0,Ill-Treated Omni-Flamer Strategic,2
7,122539,122540,7,0,Ill-Treated Omni-Pol Standard Flamer,1
7,122577,122578,7,0,Ill-Treated Supernova Mk VI,2
7,122615,122616,7,0,Irreparable Aero Borealis Corona,1
7,122653,122654,7,0,Irreparable Silver Miniblaster,1
7,122672,122673,7,0,Ill-Treated Heavy Lead Sprayer,1
7,122691,122692,7,0,Unbalanced Advanced Baseballbat,1
7,122710,122711,7,0,Ill-Treated Kevlar Bow,2
7,122748,122749,7,0,Dull Two-Handed Blackjack,1
7,122767,122768,7,0,Ill-Treated Bow-Blaster,6
7,122805,122806,7,0,Dull Gofle-Prod,1
7,122824,122825,7,0,Worn-Out Chair,1
7,122829,122830,7,0,Unbalanced Titanium Crowbar,1
7,122848,122849,7,0,Unbalanced Stun-Baton,1
7,122905,122906,7,0,Dull Support Beam,1
7,122943,122944,7,0,Unbalanced Mace,1
7,123000,123001,7,0,Dull Notum Spear,1
7,123019,123020,7,0,Ill-Treated Mini-Shotgun,1
7,123038,123039,7,0,Ill-Treated Medium Shotgun,1
7,123171,123172,7,0,Irreparable Electron-Charged Pistol,2
7,123362,123363,7,0,Unbalanced Lead Pipe,1
7,123438,123439,7,0,Irreparable Ultra-Light Missile Pistol Raid 9-X,1
7,123457,123458,7,0,Irreparable OT Boomer+.90AE,1
7,123495,123496,7,0,Irreparable IMI Desert Reet 1000,1
7,123647,123648,7,0,Irreparable Sentinels ETE Strike Gun,4
7,123666,123667,7,0,Irreparable River MV,1
7,123685,123686,7,0,Irreparable Seburo Bobsons,1
7,123704,123705,7,0,Rotting OT Biomag,1
7,123723,123724,7,0,M-1 Bipower Prototype,1
7,123742,123743,7,0,Rusty OT M-10 Flechette Pistol,1
7,123808,123809,7,0,Rusty MTI SW500,1
7,123837,123838,7,0,Rusty Zastaba Cz-200,1
7,123844,123845,7,0,Rusty Freedom Arms Super 90,4
7,123855,123856,7,0,Second-Hand Old English Trading Co.,1
7,123879,123880,7,0,Worn BigBurger Inc.,2
7,123909,123910,7,0,Rusty MTI SOCOM Mk IV,1
7,123968,123970,7,0,Rusty OT Boomer M30,2
7,123979,123980,7,0,Rusty Nomad 21.7 BMG Ranger,1
7,123991,123992,7,0,Rusty Old English Trading Co. Type 77a,1
7,124004,124005,7,0,Rusty M150 Booster Edition,1
7,124042,124043,7,0,F.D.A. Insurgent Fly,1
7,124073,124074,7,0,Rusty BBI PS500,1
7,124101,124102,7,0,O.E.T. Co. C70 Brigand,2
7,124121,124122,7,0,Rusty ICC Arms SB21 Assault Shotgun,2
7,124143,124144,7,0,OT-Windchaser M05 Rifle,1
7,124162,124163,7,0,Battered MTI SL70 Rifle,1
7,124198,124199,7,0,Worn OT-Windchaser RM70 Junior,1
7,124230,124231,7,0,Old Springfield Arms Home Defender,1
7,124241,124242,7,0,Rusty OT M50 Shotgun,2
7,124258,124259,7,0,Vektor ND Shotgun,1
7,124285,124286,7,0,Rusty OT-Windchaser SM30 Shotgun,2
7,124313,124314,7,0,Rusty Ithaca Ki-8,2
7,124341,124342,7,0,Tsakachumi PTO-HV Counter-Sniper Rifle,1
7,124348,124349,7,0,Battered OT M500 SWAT Rifle,1
7,124364,124365,7,0,Rusty OT Anti-Cyborg Rifle,1
7,124372,124373,7,0,Battered BBI AS-90,1
7,124420,124421,7,0,Shaky MTI B-94,2
7,124431,124432,7,0,Bent BBI Minami-90,2
7,124453,124454,7,0,Rusty EN-RAL,1
7,124487,124488,7,0,Manex SD 4004,1
7,124494,124495,7,0,Old Manex STR 77,1
7,124505,124506,7,0,OT Eskorpio 21,2
7,124545,124546,7,0,YES Support 1010,1
7,124548,124549,7,0,Ill-Treated Seburo M35,1
7,124560,124561,7,0,Ill-Treated OT Saladin,1
7,124579,124580,7,0,Irreparable OT Viper IX,1
7,124598,124599,7,0,Ill-Treated MTI MP200,1
7,124624,124625,7,0,Ill-Treated MTI UMP22,2
7,124662,124663,7,0,Ill-Treated Malorian Arms M25 Goodgun,1
7,124681,124682,7,0,Ill-Treated MTI MPK-22 Briefcase Gun,1
7,124730,124731,7,0,Ill-Treated FN P00,4
7,124749,124750,7,0,Ill-Treated BBI WMMA CAW,1
7,124768,124769,7,0,Ill-Treated OT ARL-10 Micromissile Launcher,2
7,124798,124799,7,0,Ill-Treated OT M-110 Renegade SAW,2
7,124874,124875,7,0,Ill-Treated GE ME30 Mom,2
7,124891,124892,7,0,Ill-Treated OT M-00 Crystal,1
7,124910,124911,7,0,Ill-Treated Westinghouse IM-50 Plasma Burner,2
7,124948,124949,7,0,Ill-Treated Techtronica Neural Disruptor,1
7,124967,124968,7,0,Ill-Treated GE XM-559 Man-Portable Laser,1
7,124986,124987,7,0,Ill-Treated Reet-Tech Stryker X,2
7,125005,125006,7,0,Ill-Treated Joint Clans Exocet II,1
7,125024,125025,7,0,Ill-Treated Joint Clans Patriot,2
7,125043,125044,7,0,Ill-Treated Reet-Tech Junior Urban Crossbow,1
7,125081,125082,7,0,Ill-Treated Oneida Razor Half-Bow,3
7,125343,125344,7,0,Splintered Protector Squibber,1
7,125381,125382,7,0,Splintered Rider Executioner,1
7,125445,125446,7,0,Tear-soaked Pillow with Important Stripes,1
7,125459,125460,7,0,5th level Ninja Wakisashi,1
7,125770,125770,17,0,Nano Crystal (Frost Slivers),4
7,128608,128609,7,0,Ill-treated MTI G-36K,1
7,128627,128628,7,0,Rusty Ares Arms AR-90 Jet Rifle,1
7,128710,128711,7,0,Rusty River Series 6,1
7,128715,128716,7,0,Ill-treated Galahad Inc. 077 Personal Weapon,3
7,128734,128735,7,0,1st edition Pistola Di Macchina Mini Automatico 2,1
7,128787,128788,7,0,Leaky Old English Trading Co. SPP-502,1
7,128792,128793,7,0,Ill-treated OT Cobra M-33,1
7,128811,128812,7,0,Ill-treated Zastaba M0-2 Assault Weapon (Zero),2
7,128871,128872,7,0,Ill-treated Arwen MM-50 Grenade Launcher,1
7,128995,128996,7,0,Obtuse Protector Warblade,1
7,129069,129070,7,0,Sparkling Breathing Space,2
7,129638,129639,7,0,Over-tuned Wen-Wen,1
7,130003,130004,7,0,Run Speed Cluster - Faded (Leg),1
7,130011,130012,7,0,"Right-Wrist Implant: Run Speed, Shiny",1
7,130082,130083,7,0,Faded Magical Stave of Inferno,1
7,130125,130126,7,0,Splintered Denunciatory Spear,1
7,130144,130145,7,0,Rusty Hayfork,1
7,130172,130173,7,0,Bent OT Sword,1
7,130181,130182,7,0,Leaky Hot Air Stick,2
7,130197,130198,7,0,Splintered Bloodworm Carapace,1
7,130259,130260,7,0,"Right-Wrist Implant: Run Speed, Shiny",1
7,130281,130282,7,0,"Right-Wrist Implant: Run Speed, Shiny",1
7,130317,130318,7,0,"Right-Wrist Implant: Run Speed, Shiny",1
7,130361,130362,7,0,"Leg Implant: Imp/Proj AC, Shiny",1
7,136690,136690,14,0,Nano Crystal (Slipshod Bandaging),6
7,142773,142773,4,0,Nano Crystal (Swap Psyche),1
7,142855,142856,7,0,Cast-off Eye Wind Onehander,2
7,144063,144064,7,0,Splintered Survival Axe,2
7,144082,144083,7,0,Bent Tanto,3
7,144101,144102,7,0,Sparkling Freedom Arms 4200,5
7,150193,150194,7,0,,2
7,150223,150224,7,0,,2
7,150633,150633,14,0,,1
7,151775,151775,17,0,,1
7,151834,151834,14,0,,1
7,152064,152065,7,0,,1
7,152083,152084,7,0,,3
7,152096,152097,7,0,,2
7,152109,152110,7,0,,1
7,152279,152280,7,0,,1
7,152298,154071,7,0,,1
7,152339,152340,7,0,,1
7,152358,152359,7,0,,1
7,152367,152368,7,0,,1
7,152747,152748,7,0,,1
7,153083,153084,7,0,,2
7,154070,150196,7,0,,1
7,155369,155369,8,0,,1
7,155379,155379,8,0,,1
7,155392,155392,8,0,,2
7,156142,156142,4,0,,1
7,156146,156146,11,0,,1
7,158045,158046,7,0,,1
7,158963,158964,7,0,,1
7,159007,159008,7,0,,1
7,159040,159041,7,0,,3
7,159109,159110,7,0,,2
7,160216,160217,7,0,,1
7,160233,160234,7,0,,1
7,160236,160237,7,0,,1
7,160239,160240,7,0,,2
7,160245,160246,7,0,,2
7,160279,160280,7,0,,2
7,160481,160482,7,0,,1
7,166257,166258,7,0,,1
7,171666,171383,7,0,,1
7,172581,172582,7,0,,1
7,178094,178095,7,0,,1
7,178178,178179,7,0,,1
7,189665,189666,7,0,,1
7,190286,190287,7,0,,1
7,191131,191132,7,0,,1
7,202724,202724,8,0,,3
7,202827,202827,8,0,,3
7,202871,202871,10,0,,1
7,203870,203870,14,0,,3
7,204103,204104,7,0,,2
7,204139,204140,7,0,,1
7,204267,204268,7,0,,3
7,205198,205198,16,0,,1
7,205224,205225,7,0,,2
7,205230,205230,15,0,,2
7,206289,206290,7,0,,1
7,209283,209284,7,0,,1
7,209489,209489,4,0,,2
7,210322,210322,14,0,,6
7,210354,210354,4,0,,11
7,210356,210356,17,0,,3
7,210529,210529,1,0,,3
7,210590,210590,2,0,,3
7,210612,210612,8,0,,2
7,210733,210733,5,0,,10
7,210805,210805,14,0,,4
7,218744,218745,7,0,,1
7,218780,218781,7,0,,1
7,227473,227473,30,0,,2
7,233792,233793,7,0,,1
7,297633,297633,10,0,,4
8,23314,23316,8,0,Simple First-Aid Kit,1
8,25820,25821,8,0,Basic Nano Recharger,2
8,26471,26471,14,0,Nano Crystal (Ranged Special Attacks Incompetence),2
8,26489,26489,10,0,Nano Crystal (Nano Skills Incompetence),2
8,26503,26503,14,0,Nano Crystal (Melee Special Attacks Incompetence),1
8,26541,26541,10,0,Nano Crystal (Drain Abilities),2
8,27199,27199,10,0,Nano Crystal (Melee Weapons Incompetence),2
8,27223,27223,4,0,Nano Crystal (Lethargy),2
8,27263,27263,10,0,Nano Crystal (Ranged Weapons Incompetence),1
8,27383,27383,1,0,Omni-Med Suit Shirt,2
8,27387,27387,1,0,Omni-Med Female Suit Shirt,1
8,28751,28751,4,0,Nano Crystal (Team Quick Heal),3
8,28752,28752,10,0,Nano Crystal (Terrain Knowledge),1
8,28780,28780,7,0,Nano Crystal (Inflict Harm),1
8,28934,28934,14,0,Nano Crystal (Give Energy: 25),2
8,28938,28938,14,0,Nano Crystal (Give Life: 25),1
8,28945,28945,17,0,Nano Crystal (Limbo Mastery),3
8,29356,29356,17,0,Nano Crystal (Persistent Damage Multiplier),1
8,29844,29844,10,0,Nano Crystal (Gun Enhancement),2
8,30110,30110,10,0,Nano Crystal (Distracted Gaze),1
8,30122,30122,14,0,Nano Crystal (Gunslinger),1
8,30781,30781,10,0,Nano Crystal (Lend Nano: 50),1
8,30790,30790,14,0,Nano Crystal (Margin Call),3
8,31436,31436,1,0,Nano Crystal (Poison Modification),3
8,31498,31498,1,0,White Cloak,5
8,31499,31499,1,0,Red Cloak,4
8,31500,31500,1,0,Grey Cloak,6
8,31501,31501,1,0,Green Cloak,3
8,31502,31502,1,0,Brown Cloak,3
8,31503,31503,1,0,Blue Cloak,3
8,31504,31504,1,0,Jean Trenchcoat,1
8,31505,31505,1,0,Black Trenchcoat,2
8,31506,31506,1,0,Black Omni-Tek Commander Cloak,4
8,31515,31515,1,0,Red Omni-Tek Commander Cloak,1
8,31516,31516,1,0,Trenchcoat,4
8,31517,31517,1,0,Black Cloak,2
8,31528,31528,1,0,Red Cloak Hood,1
8,31530,31530,1,0,Grey Cloak Hood,3
8,31531,31531,1,0,Green Cloak Hood,3
8,31532,31532,1,0,Brown Cloak Hood,1
8,31533,31533,1,0,Blue Cloak Hood,6
8,31534,31534,1,0,Black Cloak Hood,4
8,32071,32071,17,0,Nano Crystal (False Profession: Adventurer),3
8,32076,32076,14,0,Nano Crystal (False Profession: Martial Artist),2
8,32079,32079,14,0,Nano Crystal (False Profession: Soldier),1
8,36779,36778,8,0,2 - 3 NCU Memory,1
8,43962,43962,17,0,Nano Crystal (Lesser Nano Bandage),2
8,43975,43975,14,0,Nano Crystal (Inferior Cleanse Wounds),1
8,43978,43978,4,0,Nano Crystal (Emergency Stitching),1
8,43993,43993,10,0,Nano Crystal (Dress Wounds),1
8,44185,44185,14,0,Nano Crystal (Elementary Nano Contagion),3
8,44189,44189,7,0,Nano Crystal (Limited Nano Reaper),1
8,45956,45956,7,0,Nano Crystal (Open Wound),1
8,45961,45961,17,0,Nano Crystal (Micro Flechette),1
8,46019,46019,17,0,Nano Crystal (Semi-Sentient Automaton),1
8,46040,46040,14,0,Nano Crystal (Perfected Automaton),1
8,46059,46059,4,0,Nano Crystal (Lesser Automaton),1
8,46082,46082,14,0,Nano Crystal (Advanced Automaton),1
8,46427,46427,17,0,Nano Crystal (Limited Helper-bot),1
8,46435,46435,17,0,Nano Crystal (Faithful Helper-Droid),3
8,46454,46454,14,0,Nano Crystal (Director-Grade Worker-Droid),1
8,46456,46456,1,0,Nano Crystal (Basic Worker-Droid),1
8,46462,46462,7,0,Nano Crystal (Advanced Worker),1
8,49821,49821,4,0,Nano Crystal (Challenger to Cyclops),1
8,55679,55678,8,0,Weapon Smithing Tutoring Device,1
8,55681,55680,8,0,Psychology Tutoring Device,2
8,55687,55686,8,0,Computer Literacy Tutoring Device,1
8,55690,55689,8,0,Mechanical Engineering Tutoring Device,1
8,55692,55691,8,0,Field Quantum Physics Tutoring Device,2
8,55697,55696,8,0,Boosted Stim,1
8,55761,55761,10,0,Nano Crystal (Bristling Shield),1
8,55762,55762,4,0,Nano Crystal (Avenging Shield),3
8,55838,55838,7,0,Nano Crystal (Frost With Snow),5
8,55840,55840,17,0,Nano Crystal (Jacket of Blades),1
8,55863,55863,1,0,Nano Crystal (Coat of Barbs),1
8,56178,56178,14,0,Nano Crystal (Feet of Stone),1
8,56238,56238,1,0,Nano Crystal (Detain Suspect),3
8,56241,56241,17,0,Nano Crystal (Lesser Hold Victim),2
8,56250,56250,4,0,Nano Crystal (Halt Flight),1
8,56252,56252,14,0,Nano Crystal (No Escape Possible),4
8,56259,56259,1,0,Nano Crystal (Lesser Detain Customer),1
8,70397,70397,14,0,Nano Crystal (Minor Deflection Shield),1
8,70398,70398,17,0,Nano Crystal (Minor Deflection Shield (Extended)),4
8,70411,70411,10,0,Nano Crystal (Total Mirror Shield Mk I),1
8,70558,85640,8,0,Battered Low-Tech Armor Boots,2
8,70559,85689,8,0,Battered Low-Tech Body Armor,4
8,70560,85688,8,0,Battered Low-Tech Female Body Armor,7
8,70561,85744,8,0,Battered Low-Tech Armor Sleeves,3
8,70562,85597,8,0,Battered Low-Tech Armor Gloves,1
8,70563,85558,8,0,Battered Low-Tech Armor Helmet,3
8,70564,85515,8,0,Battered Low-Tech Armor Pants,5
8,70565,85514,8,0,Battered Low-Tech Armor Shorts,4
8,75355,75355,14,0,Nano Crystal (Harden Skin),3
8,75416,75416,14,0,Nano Crystal (Minor Absorption Shield),2
8,78418,78418,10,0,Nano Crystal (Lossy Health Funnel),1
8,81848,81848,10,0,Nano Crystal (Crash of Thunder),1
8,81892,81892,10,0,Nano Crystal (Lesser Nano Boost),2
8,82071,82071,10,0,Nano Crystal (Lesser Healing Touch),1
8,82078,82078,17,0,Nano Crystal (Team Rough Stitching),5
8,82800,82800,4,0,Nano Crystal (Passive Micro Entanglement),2
8,82802,82802,10,0,Nano Crystal (Lesser Nano Net),4
8,82807,82807,14,0,Nano Crystal (Postpone Encounter),1
8,82811,82811,17,0,Nano Crystal (Weight of the Guilty),2
8,82816,82816,4,0,Nano Crystal (Lesser Stumbling Steps),2
8,83920,83919,8,0,Aggression Enhancer,1
8,85273,85273,4,0,Nano Crystal (Basic Insurance Hack),2
8,85282,85282,17,0,Nano Crystal (Medical Claim),1
8,85320,85320,14,0,Nano Crystal (Lesser Enforced Sloth),1
8,85366,85367,8,0,Simple Nano Kit,1
8,85368,85369,8,0,Burst of Speed Stim,1
8,85477,21917,8,0,Worn Cyber Armor Sleeves,4
8,85481,85690,8,0,Battered Leather Vest,1
8,85500,85499,8,0,Inferior Chilled Plasteel Armor Pants,3
8,85501,22343,8,0,Inferior Heated Plasteel Armor Pants,4
8,85510,85509,8,0,Inferior Nail Armor Pants,2
8,85512,85511,8,0,Worn Metaplast Armor Pants,2
8,85517,27360,8,0,Battered Flak Armor Pants,3
8,85521,85520,8,0,Battered Leather Armor Pants,3
8,85526,22293,8,0,Inferior Energized Armor Pants,4
8,85531,22289,8,0,Worn Cyber Armor Pants,4
8,85533,85532,8,0,Battered Light Combat Armor Pants,5
8,85547,85546,8,0,Inferior Chilled Plasteel Armor Helmet,2
8,85548,22258,8,0,Inferior Heated Plasteel Armor Helmet,2
8,85557,85556,8,0,Worn Metaplast Armor Helmet,4
8,85562,85561,8,0,Battered Leather Armor Helmet,3
8,85567,22223,8,0,Inferior Energized Armor Helmet,4
8,85572,22219,8,0,Worn Cyber Armor Helmet,3
8,85586,85585,8,0,Inferior Chilled Plasteel Armor Gloves,2
8,85587,22208,8,0,Inferior Heated Plasteel Armor Gloves,8
8,85596,85595,8,0,Worn Metaplast Armor Gloves,3
8,85602,85601,8,0,Battered Leather Armor Gloves,6
8,85607,22170,8,0,Inferior Energized Armor Gloves,2
8,85612,22166,8,0,Worn Cyber Armor Gloves,2
8,85626,85625,8,0,Inferior Chilled Plasteel Armor Boots,3
8,85627,22154,8,0,Inferior Heated Plasteel Armor Boots,3
8,85636,85635,8,0,Inferior Nail Armor Boots,2
8,85638,85637,8,0,Worn Metaplast Armor Boots,9
8,85645,85644,8,0,Battered Leather Armor Boots,4
8,85655,22104,8,0,Worn Cyber Armor Boots,3
8,85657,85656,8,0,Battered Light Combat Armor Boots,4
8,85674,85673,8,0,Inferior Chilled Plasteel Body Armor,4
8,85675,22076,8,0,Inferior Heated Plasteel Body Armor,6
8,85684,85683,8,0,Inferior Nail Body Armor,2
8,85686,85685,8,0,Worn Metaplast Body Armor,2
8,85691,22004,8,0,Inferior Kevlar Vest,4
8,85693,27389,8,0,Battered Flak Body Armor,3
8,85697,85696,8,0,Battered Leather Body Armor,2
8,85702,22018,8,0,Inferior Energized Body Armor,6
8,85711,22014,8,0,Worn Cyber Female Body Armor,4
8,85712,22010,8,0,Worn Cyber Body Armor,5
8,85714,85713,8,0,Battered Light Combat Body Armor,2
8,85730,85729,8,0,Inferior Chilled Plasteel Armor Sleeves,4
8,85731,21967,8,0,Inferior Heated Plasteel Armor Sleeves,1
8,85740,85739,8,0,Inferior Nail Armor Sleeves,4
8,85742,85741,8,0,Worn Metaplast Armor Sleeves,5
8,85746,27391,8,0,Battered Flak Armor Sleeves,2
8,85750,85749,8,0,Battered Leather Armor Sleeves,6
8,85755,21921,8,0,Inferior Energized Armor Sleeves,5
8,85761,85760,8,0,Battered Light Combat Armor Sleeves,7
8,85873,85873,10,0,Nano Crystal (Ransack Skills (Weak)),1
8,85894,85894,4,0,Nano Crystal (Deprive Skills (Weak)),1
8,87471,87471,1,0,Tattoo,1
8,87476,87476,1,0,Tattoo,1
8,87477,87477,1,0,Tattoo,1
8,90407,90407,17,0,Nano Crystal (Basic Humidity Extractor),1
8,90409,90409,1,0,Nano Crystal (Rudimentary Humidity Extractor),1
8,90453,90453,17,0,Nano Crystal (Baton of Authority (Team)),2
8,93140,93140,17,0,Nano Crystal (Limited Grid Jump),1
8,95427,95427,10,0,Nano Crystal (CrunchCom Code Sieve),2
8,95536,95536,14,0,Nano Crystal (Internal Focus),1
8,95727,95727,17,0,Nano Crystal (Boot Camp Toughness),3
8,95749,95749,17,0,Nano Crystal (Health Graft),1
8,97449,97449,14,0,Nano Crystal (Survivability Booster),2
8,97459,97459,4,0,Nano Crystal (Health Augmentation),1
8,99133,99133,7,0,Nano Crystal (Shed Anger),2
8,99212,99212,20,0,Nano Crystal (Temporary Glamor),3
8,99589,99589,7,0,Nano Crystal (Tired Limbs),1
8,99618,99618,17,0,Nano Crystal (Unfriendly Merger),1
8,99623,99623,7,0,Nano Crystal (Line of Credit),2
8,99999,99999,1,0,"Body Tattoo, Back",1
8,100004,100004,1,0,"Body Tattoo, Front",1
8,100202,100202,17,0,Nano Crystal (Mongo Slam!),3
8,100228,100228,14,0,Nano Crystal (Draw Attention),1
8,101109,101110,8,0,"Eye Implant: Rifle, Shiny",1
8,101227,101228,8,0,"Waist Implant: Chemical AC, Shiny",1
8,101275,101276,8,0,"Leg Implant: Imp/Proj AC, Shiny",1
8,101311,101312,8,0,Imp/Proj AC Cluster - Bright (Chest),1
8,101315,101316,8,0,Melee/Ma AC Cluster - Faded (Leg),1
8,101325,101326,8,0,Energy AC Cluster - Shiny (Chest),1
8,101327,101328,8,0,Chemical AC Cluster - Faded (Left-Arm),1
8,101331,101332,8,0,Chemical AC Cluster - Shiny (Waist),1
8,101335,101336,8,0,1h Blunt Cluster - Bright (Right-Wrist),1
8,101345,101346,8,0,Melee Ener Cluster - Faded (Right-Wrist),1
8,101347,101348,8,0,Melee Ener Cluster - Bright (Left-Wrist),1
8,101349,101350,8,0,Melee Ener Cluster - Shiny (Head),1
8,101355,101356,8,0,2h Edged Cluster - Shiny (Right-Arm),1
8,101359,101360,8,0,Piercing Cluster - Bright (Left-Arm),1
8,101361,101362,8,0,Piercing Cluster - Shiny (Right-Arm),2
8,101363,101364,8,0,2h Blunt Cluster - Faded (Chest),1
8,101365,101366,8,0,2h Blunt Cluster - Bright (Left-Arm),1
8,101367,101368,8,0,2h Blunt Cluster - Shiny (Right-Arm),2
8,101369,101370,8,0,Sharp Obj Cluster - Faded (Eye),1
8,101374,101375,8,0,Radiation AC Cluster - Shiny (Waist),1
8,101378,101379,8,0,Cold AC Cluster - Bright (Right-Hand),1
8,101382,101383,8,0,Nano Resist Cluster - Faded (Left-Wrist),2
8,101384,101385,8,0,Nano Resist Cluster - Bright (Right-Wrist),1
8,101386,101387,8,0,Nano Resist Cluster - Shiny (Head),2
8,101388,101389,8,0,Fire AC Cluster - Faded (Right-Hand),1
8,101390,101391,8,0,Fire AC Cluster - Bright (Left-Hand),1
8,101394,101395,8,0,Martial Arts Cluster - Faded (Left-Hand),1
8,101396,101397,8,0,Martial Arts Cluster - Bright (Feet),1
8,101400,101401,8,0,Mult. Melee Cluster - Faded (Right-Wrist),1
8,101402,101403,8,0,Mult. Melee Cluster - Bright (Eye),1
8,101408,101409,8,0,Matter Crea Cluster - Faded (Eye),1
8,101410,101411,8,0,Matter Crea Cluster - Bright (Right-Hand),1
8,101418,101419,8,0,Time & Space Cluster - Shiny (Head),1
8,101420,101421,8,0,Nano Pool Cluster - Faded (Waist),1
8,101422,101423,8,0,Nano Pool Cluster - Bright (Head),2
8,101424,101554,8,0,Nano Pool Cluster - Shiny (Chest),2
8,101431,101432,8,0,Grenade Cluster - Bright (Eye),1
8,101433,101434,8,0,Grenade Cluster - Shiny (Right-Arm),2
8,101435,101436,8,0,Heavy Weapons Cluster - Faded (Right-Hand),1
8,101437,101438,8,0,Heavy Weapons Cluster - Bright (Eye),1
8,101439,101440,8,0,Heavy Weapons Cluster - Shiny (Right-Arm),1
8,101443,101444,8,0,Bow Cluster - Bright (Left-Arm),2
8,101455,101456,8,0,Rifle Cluster - Bright (Right-Wrist),2
8,101457,101458,8,0,Rifle Cluster - Shiny (Eye),2
8,101459,101460,8,0,MG / SMG Cluster - Faded (Chest),1
8,101461,101462,8,0,MG / SMG Cluster - Bright (Right-Hand),1
8,101465,101466,8,0,Shotgun Cluster - Faded (Waist),1
8,101467,101468,8,0,Shotgun Cluster - Bright (Right-Hand),1
8,101469,101470,8,0,Shotgun Cluster - Shiny (Right-Arm),2
8,101471,101472,8,0,Assault Rif Cluster - Faded (Eye),2
8,101477,101478,8,0,Vehicle Hydr Cluster - Faded (Ear),1
8,101479,101480,8,0,Vehicle Hydr Cluster - Bright (Eye),1
8,101483,101484,8,0,Melee. Init Cluster - Faded (Waist),3
8,101485,101486,8,0,Melee. Init Cluster - Bright (Leg),1
8,101491,101492,8,0,Ranged. Init Cluster - Bright (Head),1
8,101493,101494,8,0,Ranged. Init Cluster - Shiny (Right-Wrist),1
8,101495,101496,8,0,Physic. Init Cluster - Faded (Left-Arm),1
8,101501,101502,8,0,Bow Spc Att Cluster - Faded (Right-Wrist),2
8,101503,101504,8,0,Bow Spc Att Cluster - Bright (Right-Hand),1
8,101509,101510,8,0,Sensory Impr Cluster - Bright (Eye),1
8,101511,101512,8,0,Sensory Impr Cluster - Shiny (Head),1
8,101513,101514,8,0,First Aid Cluster - Faded (Left-Hand),1
8,101515,101516,8,0,First Aid Cluster - Bright (Right-Hand),1
8,101517,101518,8,0,First Aid Cluster - Shiny (Head),2
8,101521,101522,8,0,Treatment Cluster - Bright (Eye),2
8,101523,101524,8,0,Treatment Cluster - Shiny (Head),1
8,101525,101526,8,0,Mech. Engi Cluster - Faded (Right-Arm),2
8,101531,101532,8,0,Elec. Engi Cluster - Faded (Right-Hand),2
8,101533,101534,8,0,Elec. Engi Cluster - Bright (Head),1
8,101535,101536,8,0,Elec. Engi Cluster - Shiny (Eye),2
8,101539,101540,8,0,Matt.Metam Cluster - Bright (Chest),1
8,101541,101542,8,0,Matt.Metam Cluster - Shiny (Head),2
8,101545,101546,8,0,Bio.Metamor Cluster - Bright (Chest),2
8,101547,101548,8,0,Bio.Metamor Cluster - Shiny (Head),2
8,101551,101552,8,0,Psycho Modi Cluster - Bright (Eye),2
8,101553,101407,8,0,Psycho Modi Cluster - Shiny (Head),1
8,101555,101556,8,0,Ranged Ener Cluster - Faded (Left-Hand),2
8,101561,101562,8,0,Multi Ranged Cluster - Faded (Eye),1
8,101563,101564,8,0,Multi Ranged Cluster - Bright (Right-Wrist),2
8,101567,101568,8,0,Trap Disarm Cluster - Faded (Head),2
8,101569,101570,8,0,Trap Disarm Cluster - Bright (Left-Hand),1
8,101571,101572,8,0,Trap Disarm Cluster - Shiny (Right-Hand),1
8,101573,101574,8,0,Perception Cluster - Faded (Head),1
8,101577,101578,8,0,Perception Cluster - Shiny (Ear),1
8,101579,101580,8,0,Adventuring Cluster - Faded (Chest),1
8,101591,101592,8,0,Vehicle Air Cluster - Faded (Head),1
8,101595,101596,8,0,Vehicle Air Cluster - Shiny (Eye),2
8,101603,101604,8,0,Tutoring Cluster - Faded (Head),1
8,101605,101606,8,0,Tutoring Cluster - Bright (Ear),2
8,101609,101610,8,0,Brawling Cluster - Faded (Waist),1
8,101615,101616,8,0,Riposte Cluster - Faded (Right-Arm),1
8,101617,101618,8,0,Riposte Cluster - Bright (Left-Wrist),2
8,101623,101624,8,0,Dimach Cluster - Bright (Head),1
8,101625,101626,8,0,Dimach Cluster - Shiny (Chest),1
8,101627,101628,8,0,Parry Cluster - Faded (Right-Arm),3
8,101629,101630,8,0,Parry Cluster - Bright (Left-Wrist),1
8,101639,101640,8,0,Fast Attack Cluster - Faded (Right-Arm),1
8,101643,101644,8,0,Fast Attack Cluster - Shiny (Left-Hand),1
8,101647,101648,8,0,NanoC. Init Cluster - Bright (Eye),1
8,101649,101650,8,0,NanoC. Init Cluster - Shiny (Head),2
8,101651,101652,8,0,Fling Shot Cluster - Faded (Right-Wrist),1
8,101653,101654,8,0,Fling Shot Cluster - Bright (Right-Hand),3
8,101655,101656,8,0,Fling Shot Cluster - Shiny (Right-Arm),3
8,101657,101658,8,0,Aimed Shot Cluster - Faded (Right-Hand),1
8,101659,101660,8,0,Aimed Shot Cluster - Bright (Right-Wrist),1
8,101665,101666,8,0,Body Dev Cluster - Bright (Waist),1
8,101667,101668,8,0,Body Dev Cluster - Shiny (Chest),1
8,101671,101672,8,0,Duck-Exp Cluster - Bright (Waist),2
8,101673,101674,8,0,Duck-Exp Cluster - Shiny (Leg),1
8,101677,101678,8,0,Dodge-Rng Cluster - Bright (Feet),1
8,101679,101680,8,0,Dodge-Rng Cluster - Shiny (Leg),1
8,101683,101684,8,0,Evade-ClsC Cluster - Bright (Leg),2
8,101687,101688,8,0,Quantum FT Cluster - Faded (Right-Hand),1
8,101695,101696,8,0,Weapon Smt Cluster - Bright (Head),2
8,101697,101698,8,0,Weapon Smt Cluster - Shiny (Right-Hand),1
8,101699,101700,8,0,Pharma Tech Cluster - Faded (Right-Hand),1
8,101707,101708,8,0,Nano Progra Cluster - Bright (Eye),2
8,101709,101710,8,0,Nano Progra Cluster - Shiny (Head),1
8,101713,101714,8,0,Comp. Liter Cluster - Bright (Eye),1
8,101717,101718,8,0,Psychology Cluster - Faded (Eye),1
8,101719,101720,8,0,Psychology Cluster - Bright (Ear),1
8,101721,101722,8,0,Psychology Cluster - Shiny (Head),1
8,101723,101724,8,0,Chemistry Cluster - Faded (Right-Hand),1
8,101729,101730,8,0,Concealment Cluster - Faded (Eye),2
8,101731,101732,8,0,Concealment Cluster - Bright (Ear),1
8,101733,101734,8,0,Concealment Cluster - Shiny (Feet),1
8,101737,101738,8,0,Break & Entry Cluster - Bright (Left-Arm),1
8,101739,101740,8,0,Break & Entry Cluster - Shiny (Right-Arm),1
8,101749,101750,8,0,Full Auto Cluster - Bright (Right-Wrist),4
8,101751,101752,8,0,Full Auto Cluster - Shiny (Right-Arm),3
8,101755,101756,8,0,Burst Cluster - Bright (Right-Wrist),1
8,101761,101762,8,0,Disease AC Cluster - Bright (Leg),3
8,101771,101772,8,0,Strength Cluster - Faded (Chest),2
8,101777,101778,8,0,Agility Cluster - Faded (Waist),2
8,101779,101780,8,0,Agility Cluster - Bright (Feet),1
8,101783,101784,8,0,Stamina Cluster - Faded (Waist),2
8,101785,101786,8,0,Stamina Cluster - Bright (Leg),3
8,101797,101798,8,0,Sense Cluster - Bright (Waist),1
8,101799,101800,8,0,Sense Cluster - Shiny (Chest),2
8,101803,101804,8,0,Psychic Cluster - Bright (Chest),1
8,101805,101806,8,0,Psychic Cluster - Shiny (Head),1
8,101809,101810,8,0,Max Health Cluster - Bright (Waist),1
8,101811,101812,8,0,Max Health Cluster - Shiny (Chest),1
8,101815,101816,8,0,Max Nano Cluster - Bright (Waist),1
8,101833,101834,8,0,"Eye Implant: Vehicle Air, Shiny",1
8,101927,101928,8,0,"Eye Implant: Vehicle Air, Shiny",1
8,101929,101930,8,0,"Eye Implant: Vehicle Air, Shiny",1
8,101935,101936,8,0,"Eye Implant: Tutoring, Shiny",1
8,102007,102008,8,0,"Eye Implant: Elec. Engi, Shiny",1
8,102023,102024,8,0,"Eye Implant: Aimed Shot, Shiny",1
8,102114,102115,8,0,"Eye Implant: Vehicle Air, Shiny",1
8,102130,102131,8,0,"Eye Implant: NanoC. Init, Bright",1
8,102132,102133,8,0,"Eye Implant: NanoC. Init, Bright",1
8,102178,102179,8,0,"Eye Implant: Nano Progra, Bright",1
8,102200,102201,8,0,"Eye Implant: Aimed Shot, Shiny",1
8,102317,102318,8,0,"Eye Implant: Elec. Engi, Shiny",1
8,102338,102339,8,0,"Eye Implant: Elec. Engi, Shiny",1
8,102376,102377,8,0,"Eye Implant: Tutoring, Shiny",1
8,102463,102464,8,0,"Eye Implant: Map Navig, Shiny",1
8,102504,102505,8,0,"Eye Implant: Tutoring, Shiny",1
8,102641,102642,8,0,"Eye Implant: Mult. Melee, Bright",1
8,102669,102670,8,0,"Eye Implant: Aimed Shot, Shiny",1
8,102780,102781,8,0,"Eye Implant: Aimed Shot, Shiny",1
8,102929,102930,8,0,"Eye Implant: Vehicle Air, Shiny",1
8,102996,102997,8,0,"Eye Implant: Map Navig, Shiny",1
8,103018,103038,8,0,"Eye Implant: Rifle, Shiny",1
8,103065,103066,8,0,"Eye Implant: Elec. Engi, Shiny",1
8,103171,103172,8,0,"Eye Implant: Tutoring, Shiny",1
8,103287,103288,8,0,"Eye Implant: Elec. Engi, Shiny",1
8,103291,103292,8,0,"Eye Implant: Map Navig, Shiny",1
8,103330,103331,8,0,"Eye Implant: Tutoring, Shiny",1
8,103398,103399,8,0,"Eye Implant: Map Navig, Shiny",1
8,103406,103407,8,0,"Eye Implant: Aimed Shot, Shiny",1
8,103480,103481,8,0,"Eye Implant: Aimed Shot, Shiny",1
8,103482,103483,8,0,"Eye Implant: Aimed Shot, Shiny",1
8,103516,103517,8,0,"Eye Implant: Elec. Engi, Shiny",1
8,103612,103613,8,0,"Eye Implant: Rifle, Shiny",1
8,103637,103638,8,0,"Eye Implant: Elec. Engi, Shiny",1
8,103669,103670,8,0,"Eye Implant: Map Navig, Shiny",1
8,103821,103822,8,0,"Eye Implant: Rifle, Shiny",1
8,103855,103856,8,0,"Eye Implant: Map Navig, Shiny",1
8,104051,104052,8,0,"Eye Implant: Map Navig, Shiny",1
8,104083,104084,8,0,"Eye Implant: Aimed Shot, Shiny",1
8,104105,104106,8,0,"Eye Implant: Vehicle Air, Shiny",1
8,104113,104114,8,0,"Eye Implant: Pharma Tech, Bright",1
8,104242,104243,8,0,"Eye Implant: Map Navig, Shiny",1
8,104258,104259,8,0,"Eye Implant: Tutoring, Shiny",1
8,104341,104342,8,0,"Eye Implant: Elec. Engi, Shiny",1
8,104483,104484,8,0,"Eye Implant: Rifle, Shiny",1
8,104548,104549,8,0,"Eye Implant: Grenade, Bright",1
8,104568,104569,8,0,"Eye Implant: Vehicle Air, Shiny",1
8,104576,104577,8,0,"Eye Implant: Vehicle Hydr, Bright",1
8,104594,104595,8,0,"Eye Implant: Elec. Engi, Shiny",1
8,104718,104719,8,0,"Eye Implant: Aimed Shot, Shiny",1
8,104734,104735,8,0,"Eye Implant: Intelligence, Bright",1
8,104752,104753,8,0,"Eye Implant: Rifle, Shiny",1
8,104782,104783,8,0,"Eye Implant: Vehicle Air, Shiny",1
8,104880,104881,8,0,"Eye Implant: Rifle, Shiny",1
8,104921,104922,8,0,"Eye Implant: Map Navig, Shiny",1
8,105066,105067,8,0,"Head Implant: Mech. Engi, Shiny",2
8,105191,105192,8,0,"Head Implant: Max Nano, Shiny",1
8,105215,105216,8,0,"Head Implant: Sensory Impr, Shiny",1
8,105297,105298,8,0,"Head Implant: Psychic, Shiny",1
8,105303,105304,8,0,"Head Implant: Nano Pool, Bright",1
8,105335,105336,8,0,"Head Implant: Mech. Engi, Shiny",1
8,105398,105399,8,0,"Head Implant: Comp. Liter, Shiny",1
8,105545,105546,8,0,"Head Implant: First Aid, Shiny",1
8,105551,105552,8,0,"Head Implant: Mech. Engi, Shiny",1
8,105643,105644,8,0,"Head Implant: Bow Spc Att, Shiny",1
8,105753,105754,8,0,"Head Implant: Bow Spc Att, Shiny",1
8,105787,105788,8,0,"Head Implant: Time & Space, Shiny",1
8,105804,105805,8,0,"Head Implant: Matt.Metam, Shiny",1
8,105849,105850,8,0,"Head Implant: Intelligence, Shiny",1
8,105973,105974,8,0,"Head Implant: Psycho Modi, Shiny",1
8,105979,105980,8,0,"Head Implant: Ranged Ener, Shiny",1
8,106003,106004,8,0,"Head Implant: Max Nano, Shiny",1
8,106005,106006,8,0,"Head Implant: Dimach, Bright",1
8,106009,106010,8,0,"Head Implant: Melee Ener, Shiny",1
8,106057,106058,8,0,"Head Implant: Mech. Engi, Shiny",1
8,106073,106074,8,0,"Head Implant: Quantum FT, Shiny",1
8,106097,106098,8,0,"Head Implant: Nano Resist, Shiny",1
8,106150,106151,8,0,"Head Implant: Bow Spc Att, Shiny",1
8,106192,106193,8,0,"Head Implant: Intelligence, Shiny",1
8,106199,106200,8,0,"Head Implant: Mech. Engi, Shiny",1
8,106205,106206,8,0,"Head Implant: Psycho Modi, Shiny",1
8,106323,106324,8,0,"Head Implant: First Aid, Shiny",1
8,106359,106360,8,0,"Head Implant: NanoC. Init, Shiny",1
8,106389,106390,8,0,"Head Implant: Vehicle Hydr, Shiny",1
8,106441,106442,8,0,"Head Implant: Psycho Modi, Shiny",1
8,106487,106488,8,0,"Head Implant: Vehicle Hydr, Shiny",1
8,106574,106575,8,0,"Head Implant: Psychic, Shiny",1
8,106604,106605,8,0,"Head Implant: Comp. Liter, Shiny",1
8,106629,106630,8,0,"Head Implant: NanoC. Init, Shiny",2
8,106747,106748,8,0,"Head Implant: Melee Ener, Shiny",1
8,106771,106772,8,0,"Head Implant: Ranged Ener, Shiny",1
8,106777,106778,8,0,"Head Implant: Pharma Tech, Shiny",1
8,106898,106899,8,0,"Head Implant: Matter Crea, Shiny",1
8,106960,106961,8,0,"Head Implant: Mech. Engi, Shiny",1
8,106962,106963,8,0,"Head Implant: Matt.Metam, Shiny",1
8,106971,106972,8,0,"Head Implant: Psychic, Shiny",1
8,107013,107014,8,0,"Head Implant: Nano Progra, Shiny",1
8,107205,107206,8,0,"Head Implant: NanoC. Init, Shiny",1
8,107235,107236,8,0,"Ear Implant: Perception, Shiny",1
8,107261,107262,8,0,"Ear Implant: Tutoring, Bright",1
8,107266,107267,8,0,"Head Implant: Treatment, Shiny",1
8,107274,107275,8,0,"Head Implant: Psycho Modi, Shiny",1
8,107355,107356,8,0,"Ear Implant: Perception, Shiny",1
8,107367,107368,8,0,"Ear Implant: Concealment, Bright",1
8,107450,107451,8,0,"Right-Arm Implant: MG / SMG, Shiny",1
8,107460,107461,8,0,"Right-Arm Implant: Assault Rif, Shiny",1
8,107476,107477,8,0,"Right-Arm Implant: Break & Entry, Shiny",1
8,107489,107490,8,0,"Right-Arm Implant: Strength, Shiny",1
8,107532,107533,8,0,"Right-Arm Implant: Full Auto, Shiny",1
8,107633,107634,8,0,"Right-Arm Implant: 1h Blunt, Shiny",1
8,107677,107678,8,0,"Right-Arm Implant: Fling Shot, Shiny",1
8,107703,107704,8,0,"Right-Arm Implant: 1h Edged Weapon, Shiny",1
8,107707,107708,8,0,"Right-Arm Implant: 2h Edged, Shiny",1
8,107739,107740,8,0,"Right-Arm Implant: Assault Rif, Shiny",1
8,107781,107782,8,0,"Right-Arm Implant: MG / SMG, Shiny",2
8,107821,107822,8,0,"Right-Arm Implant: Fling Shot, Shiny",1
8,107827,107828,8,0,"Right-Arm Implant: Burst, Shiny",1
8,107969,107970,8,0,"Right-Arm Implant: 1h Blunt, Shiny",1
8,107993,107994,8,0,"Right-Arm Implant: Grenade, Shiny",1
8,108012,108013,8,0,"Right-Arm Implant: Full Auto, Shiny",1
8,108016,108017,8,0,"Right-Arm Implant: Strength, Shiny",1
8,108066,108067,8,0,"Right-Arm Implant: 2h Edged, Shiny",1
8,108077,108078,8,0,"Right-Arm Implant: Shotgun, Shiny",1
8,108095,108096,8,0,"Right-Arm Implant: Burst, Shiny",1
8,108294,108295,8,0,"Right-Arm Implant: Heavy Weapons, Shiny",1
8,108359,108360,8,0,"Right-Arm Implant: Full Auto, Shiny",1
8,108406,108407,8,0,"Chest Implant: Body Dev, Shiny",1
8,108450,108451,8,0,"Chest Implant: Nano Pool, Shiny",1
8,108452,108453,8,0,"Chest Implant: Nano Pool, Shiny",1
8,108494,108495,8,0,"Chest Implant: Body Dev, Shiny",1
8,108588,108589,8,0,"Chest Implant: Nano Pool, Shiny",1
8,108600,108601,8,0,"Chest Implant: Bio.Metamor, Bright",1
8,108718,108719,8,0,"Chest Implant: Body Dev, Shiny",1
8,108746,108747,8,0,"Chest Implant: Body Dev, Shiny",1
8,108748,108749,8,0,"Chest Implant: Body Dev, Shiny",1
8,108854,108855,8,0,"Chest Implant: Melee/Ma AC, Shiny",1
8,108872,108873,8,0,"Chest Implant: Melee/Ma AC, Shiny",1
8,108898,108899,8,0,"Chest Implant: Energy AC, Shiny",1
8,108922,108923,8,0,"Chest Implant: Max Health, Shiny",1
8,108934,108935,8,0,"Chest Implant: Sense, Shiny",1
8,109124,109125,8,0,"Chest Implant: Melee/Ma AC, Shiny",1
8,109158,109159,8,0,"Chest Implant: Max Nano, Faded",1
8,109256,109257,8,0,"Chest Implant: Dimach, Shiny",1
8,109311,109312,8,0,"Left-Arm Implant: Brawling, Shiny",1
8,109358,109359,8,0,"Left-Arm Implant: Piercing, Bright",1
8,109360,109361,8,0,"Left-Arm Implant: Brawling, Shiny",1
8,109388,109389,8,0,"Left-Arm Implant: Brawling, Shiny",1
8,109398,109399,8,0,"Left-Arm Implant: Bow, Bright",1
8,109424,109425,8,0,"Right-Wrist Implant: Ranged. Init, Shiny",1
8,109434,109435,8,0,"Right-Wrist Implant: Parry, Shiny",1
8,109512,109513,8,0,"Right-Wrist Implant: Sharp Obj, Shiny",1
8,109584,109585,8,0,"Right-Wrist Implant: Riposte, Shiny",1
8,109632,109633,8,0,"Right-Wrist Implant: Ranged. Init, Shiny",1
8,109690,109691,8,0,"Right-Wrist Implant: Sharp Obj, Shiny",1
8,109716,109717,8,0,"Right-Wrist Implant: Sharp Obj, Shiny",1
8,109848,109849,8,0,"Right-Wrist Implant: Sharp Obj, Shiny",1
8,109914,109915,8,0,"Right-Wrist Implant: Pistol, Shiny",2
8,109920,109921,8,0,"Right-Wrist Implant: Parry, Shiny",1
8,109946,109947,8,0,"Right-Wrist Implant: Riposte, Shiny",1
8,109984,109985,8,0,"Right-Wrist Implant: Ranged. Init, Shiny",2
8,110038,110039,8,0,"Right-Wrist Implant: Sharp Obj, Shiny",1
8,110116,110117,8,0,"Right-Wrist Implant: Aimed Shot, Bright",1
8,110140,110141,8,0,"Waist Implant: Radiation AC, Shiny",1
8,110200,110201,8,0,"Waist Implant: Cold AC, Shiny",1
8,110214,110215,8,0,"Waist Implant: Radiation AC, Shiny",1
8,110222,110223,8,0,"Waist Implant: Fire AC, Shiny",1
8,110242,110243,8,0,"Waist Implant: Fire AC, Shiny",1
8,110246,110247,8,0,"Waist Implant: Max Health, Bright",1
8,110318,110319,8,0,"Waist Implant: Sense, Bright",1
8,110348,110349,8,0,"Waist Implant: 2h Edged, Faded",1
8,110364,110365,8,0,"Waist Implant: Fire AC, Shiny",1
8,110402,110403,8,0,"Waist Implant: Chemical AC, Shiny",1
8,110556,110557,8,0,"Waist Implant: Cold AC, Shiny",1
8,110590,110591,8,0,"Waist Implant: Fire AC, Shiny",1
8,110670,110671,8,0,"Waist Implant: Adventuring, Bright",1
8,110740,110741,8,0,"Waist Implant: Radiation AC, Shiny",1
8,110790,110791,8,0,"Waist Implant: Max Health, Bright",1
8,110812,110813,8,0,"Waist Implant: Melee/Ma AC, Bright",1
8,110844,110845,8,0,"Waist Implant: Radiation AC, Shiny",1
8,110860,110861,8,0,"Waist Implant: Sense, Bright",1
8,111028,111029,8,0,"Waist Implant: Cold AC, Shiny",1
8,111032,111033,8,0,"Waist Implant: Max Nano, Bright",1
8,111110,111111,8,0,"Waist Implant: Chemical AC, Shiny",1
8,111193,111194,8,0,"Left-Wrist Implant: Parry, Bright",1
8,111231,111232,8,0,"Waist Implant: Chemical AC, Shiny",1
8,111277,111278,8,0,"Waist Implant: Sense, Bright",1
8,111359,111360,8,0,"Waist Implant: Chemical AC, Shiny",1
8,111381,111382,8,0,"Waist Implant: Radiation AC, Shiny",1
8,111408,111409,8,0,"Left-Wrist Implant: Multi Ranged, Shiny",1
8,111480,111481,8,0,"Right-Hand Implant: Martial Arts, Shiny",1
8,111606,111675,8,0,"Right-Hand Implant: Martial Arts, Shiny",1
8,111619,111620,8,0,"Right-Hand Implant: Weapon Smt, Shiny",1
8,111670,111671,8,0,"Right-Hand Implant: Trap Disarm, Shiny",1
8,111761,111762,8,0,"Right-Hand Implant: Martial Arts, Shiny",1
8,111767,111768,8,0,"Right-Hand Implant: Trap Disarm, Shiny",1
8,111769,111770,8,0,"Right-Hand Implant: Weapon Smt, Shiny",1
8,111848,111849,8,0,"Right-Hand Implant: Martial Arts, Shiny",1
8,111886,111887,8,0,"Right-Hand Implant: Martial Arts, Shiny",1
8,111890,111891,8,0,"Right-Hand Implant: Weapon Smt, Shiny",1
8,111961,111962,8,0,"Right-Hand Implant: Weapon Smt, Shiny",2
8,111972,111973,8,0,"Right-Hand Implant: Martial Arts, Shiny",1
8,111978,111979,8,0,"Right-Hand Implant: First Aid, Bright",1
8,112081,112082,8,0,"Right-Hand Implant: Weapon Smt, Shiny",1
8,112086,112087,8,0,"Right-Hand Implant: Martial Arts, Shiny",1
8,112191,112192,8,0,"Right-Hand Implant: Martial Arts, Shiny",1
8,112232,112233,8,0,"Right-Hand Implant: Shotgun, Bright",1
8,112278,112279,8,0,"Right-Hand Implant: Weapon Smt, Shiny",1
8,112318,112319,8,0,"Right-Hand Implant: Bow Spc Att, Bright",1
8,112358,112359,8,0,"Right-Hand Implant: Fling Shot, Bright",1
8,112360,112361,8,0,"Right-Hand Implant: Martial Arts, Shiny",1
8,112388,112389,8,0,"Right-Hand Implant: Weapon Smt, Shiny",1
8,112402,112403,8,0,"Right-Hand Implant: Trap Disarm, Shiny",1
8,112465,112466,8,0,"Right-Hand Implant: Martial Arts, Shiny",1
8,112546,112547,8,0,"Right-Hand Implant: Trap Disarm, Shiny",1
8,112548,112549,8,0,"Right-Hand Implant: Weapon Smt, Shiny",1
8,112585,112586,8,0,"Right-Hand Implant: Time & Space, Bright",1
8,112642,112643,8,0,"Right-Hand Implant: Martial Arts, Shiny",1
8,112660,112661,8,0,"Right-Hand Implant: Weapon Smt, Shiny",1
8,112681,112682,8,0,"Right-Hand Implant: Matter Crea, Bright",1
8,112685,112686,8,0,"Right-Hand Implant: Trap Disarm, Shiny",1
8,112732,112733,8,0,"Right-Hand Implant: Weapon Smt, Shiny",1
8,112758,112759,8,0,"Right-Hand Implant: Fling Shot, Bright",1
8,112764,112765,8,0,"Right-Hand Implant: Weapon Smt, Shiny",1
8,112780,112781,8,0,"Right-Hand Implant: Weapon Smt, Shiny",1
8,112784,112785,8,0,"Right-Hand Implant: Martial Arts, Shiny",1
8,112877,112878,8,0,"Right-Hand Implant: Weapon Smt, Shiny",1
8,112893,112894,8,0,"Right-Hand Implant: Martial Arts, Shiny",1
8,112955,112956,8,0,"Right-Hand Implant: Trap Disarm, Shiny",1
8,112980,112981,8,0,"Leg Implant: Swimming, Shiny",1
8,112996,112997,8,0,"Right-Hand Implant: Weapon Smt, Shiny",1
8,113025,113026,8,0,"Right-Hand Implant: Cold AC, Bright",1
8,113029,113030,8,0,"Right-Hand Implant: Martial Arts, Shiny",1
8,113084,113085,8,0,"Right-Hand Implant: Weapon Smt, Shiny",1
8,113127,113128,8,0,"Leg Implant: Agility, Shiny",1
8,113139,113140,8,0,"Leg Implant: Imp/Proj AC, Shiny",1
8,113166,113224,8,0,"Leg Implant: Dodge-Rng, Shiny",1
8,113271,113272,8,0,"Leg Implant: Swimming, Shiny",1
8,113406,113407,8,0,"Leg Implant: Adventuring, Shiny",1
8,113428,113429,8,0,"Leg Implant: Adventuring, Shiny",1
8,113558,113559,8,0,"Feet Implant: Dodge-Rng, Bright",1
8,113569,113570,8,0,"Left-Hand Implant: Fast Attack, Shiny",1
8,113621,113622,8,0,"Feet Implant: Concealment, Shiny",1
8,116800,116800,14,0,Nano Crystal (Quick Fix),2
8,120609,120609,1,0,Omni-Med Cloak,7
8,121309,121308,8,0,Information Tool - Life and Nano Points,2
8,121348,121348,18,0,Nano Crystal (Team Skill Wrangler (Weak)),1
8,121367,121367,14,0,Nano Crystal (Skill Wrangler (Patchy)),2
8,121518,121518,4,0,Nano Crystal (Amateur Health Haggler),1
8,121519,121519,17,0,Nano Crystal (Apprentice Health Haggler),1
8,121610,121611,8,0,Refitted Polearm,1
8,121648,121649,8,0,Chipped Polearm,2
8,121665,121666,8,0,Dulled Thagh Whings,2
8,121703,121704,8,0,Dull Whings,1
8,121741,121742,8,0,Unbalanced Right Slice,4
8,121779,121780,8,0,Ill-Treated Subturbine,2
8,121817,121818,8,0,Irreparable Sleekblaster Minor,1
8,121836,121837,8,0,Irreparable Sleekblaster,1
8,121855,121856,8,0,Ill-Treated Chunkprojector,2
8,121893,121894,8,0,Ill-Treated Heavy Grinner,2
8,121912,121913,8,0,Ill-Treated Flamethrower,1
8,121931,121932,8,0,Ill-Treated Gatling Saw 20k,2
8,121950,121951,8,0,Unbalanced Slank Chop,1
8,121969,121970,8,0,Dull Katana,3
8,122007,122008,8,0,Ill-Treated Blackened Blaster,3
8,122045,122046,8,0,Dull Longmoon,2
8,122102,122103,8,0,Unbalanced Stabber,1
8,122178,122179,8,0,Ill-Treated Megajolt,2
8,122235,122236,8,0,Ill-Treated Electrical Pacifier,1
8,122254,122255,8,0,Ill-Treated Eradicator XCI-52,2
8,122273,122274,8,0,Irreparable Kolt PDW-37,1
8,122311,122312,8,0,Ill-Treated Stanton Stunner IV,2
8,122387,122388,8,0,Punctured Esoteric Energy Buckler,1
8,122406,122407,8,0,Punctured Energy Buckler,2
8,122425,122426,8,0,Ill-Treated Mausser Particle Streamer,2
8,122482,122483,8,0,Irreparable Ingram Blaster 23-X,1
8,122501,122502,8,0,Ill-Treated Biogun,2
8,122539,122540,8,0,Ill-Treated Omni-Pol Standard Flamer,1
8,122577,122578,8,0,Ill-Treated Supernova Mk VI,1
8,122596,122597,8,0,Ill-Treated Blackhole Mk IX,1
8,122615,122616,8,0,Irreparable Aero Borealis Corona,2
8,122634,122635,8,0,Irreparable The Original Plasma-Emitter,2
8,122653,122654,8,0,Irreparable Silver Miniblaster,1
8,122672,122673,8,0,Ill-Treated Heavy Lead Sprayer,1
8,122691,122692,8,0,Unbalanced Advanced Baseballbat,1
8,122710,122711,8,0,Ill-Treated Kevlar Bow,2
8,122729,122730,8,0,Unbalanced Blackjack,2
8,122767,122768,8,0,Ill-Treated Bow-Blaster,2
8,122805,122806,8,0,Dull Gofle-Prod,1
8,122829,122830,8,0,Unbalanced Titanium Crowbar,1
8,122848,122849,8,0,Unbalanced Stun-Baton,1
8,122867,122868,8,0,Ill-Treated Grenade-Thrower,2
8,122962,122963,8,0,Dull Notum Staff,1
8,122981,122982,8,0,Irreparable Kolt 58 Magnum,2
8,123000,123001,8,0,Dull Notum Spear,1
8,123076,123077,8,0,Irreparable Sleekblaster Major,1
8,123095,123096,8,0,Irreparable DNA-Targeted Executioner Pistol,1
8,123171,123172,8,0,Irreparable Electron-Charged Pistol,1
8,123343,123344,8,0,Unbalanced Hand Axe,1
8,123419,123420,8,0,Ill-Treated Netgun,2
8,123457,123458,8,0,Irreparable OT Boomer+.90AE,1
8,123514,123515,8,0,Irreparable Khemo-Tech Model 200,1
8,123609,123610,8,0,Irreparable PNG M1007A1 Tactical Revolver,1
8,123628,123629,8,0,Irreparable BBI Sigma III,2
8,123647,123648,8,0,Irreparable Sentinels ETE Strike Gun,2
8,123685,123686,8,0,Irreparable Seburo Bobsons,2
8,123704,123705,8,0,Rotting OT Biomag,2
8,123742,123743,8,0,Rusty OT M-10 Flechette Pistol,1
8,123761,123762,8,0,Rusty Polizziotto M202F,1
8,123774,123775,8,0,Rusty MTI 95 Match Pistol,1
8,123789,123790,8,0,Leaking MTI VP300 Caseless,2
8,123808,123809,8,0,Rusty MTI SW500,1
8,123837,123838,8,0,Rusty Zastaba Cz-200,1
8,123844,123845,8,0,Rusty Freedom Arms Super 90,3
8,123855,123856,8,0,Second-Hand Old English Trading Co.,4
8,123868,123869,8,0,Old Atlas Bern C.V.,2
8,123879,123880,8,0,Worn BigBurger Inc.,2
8,123886,123887,8,0,Sparkling HSR Arms,1
8,123893,123894,8,0,Rusty OT Backup,1
8,123904,123905,8,0,Rusty OT 0120 Machine Pistol,1
8,123928,123929,8,0,Rusty FN 7-7 Pistol,3
8,123933,123934,8,0,Stained MTI USP 1200,2
8,123968,123970,8,0,Rusty OT Boomer M30,2
8,123979,123980,8,0,Rusty Nomad 21.7 BMG Ranger,2
8,123991,123992,8,0,Rusty Old English Trading Co. Type 77a,1
8,124018,124018,8,0,Sig SG 992 SWAT Edition 2,1
8,124025,124026,8,0,Battered Galahad Inc. 055,3
8,124136,124137,8,0,ICC Arms 2Q2B Gun Bag,1
8,124162,124163,8,0,Battered MTI SL70 Rifle,1
8,124183,124184,8,0,Worn OT-Windchaser RM70,1
8,124198,124199,8,0,Worn OT-Windchaser RM70 Junior,1
8,124219,124219,8,0,Galahad Inc. Scout,1
8,124230,124231,8,0,Old Springfield Arms Home Defender,1
8,124241,124242,8,0,Rusty OT M50 Shotgun,1
8,124258,124259,8,0,Vektor ND Shotgun,2
8,124276,124277,8,0,Rusty Krutt Assault 219,1
8,124302,124303,8,0,Flawed Old English Trading Co. Urban Sniper,2
8,124313,124314,8,0,Rusty Ithaca Ki-8,1
8,124348,124349,8,0,Battered OT M500 SWAT Rifle,1
8,124364,124365,8,0,Rusty OT Anti-Cyborg Rifle,2
8,124369,124370,8,0,Barret M-00 Anti-Material Rifle,1
8,124383,124384,8,0,HSR Arms F-59,1
8,124391,124392,8,0,OT Rancho Colonial Carbine,1
8,124420,124421,8,0,Shaky MTI B-94,1
8,124431,124432,8,0,Bent BBI Minami-90,1
8,124453,124454,8,0,Rusty EN-RAL,2
8,124487,124488,8,0,Manex SD 4004,2
8,124494,124495,8,0,Old Manex STR 77,2
8,124505,124506,8,0,OT Eskorpio 21,1
8,124534,124535,8,0,Sooted YES Assault 1007 Model 5,1
8,124557,124558,8,0,Kang Tao Spitting Cobra,1
8,124579,124580,8,0,Irreparable OT Viper IX,1
8,124598,124599,8,0,Ill-Treated MTI MP200,1
8,124617,124618,8,0,Used MTI SO1210,1
8,124624,124625,8,0,Ill-Treated MTI UMP22,1
8,124643,124644,8,0,Ill-Treated Kalinkanov ZU-113 Security Weapon,1
8,124681,124682,8,0,Ill-Treated MTI MPK-22 Briefcase Gun,1
8,124700,124701,8,0,Ill-Treated Seburo C-19a,4
8,124817,124818,8,0,Ill-Treated OT M-70 HardRain GPMG,1
8,124855,124856,8,0,Ill-Treated Planet Gripon Arms Hard-Boomer,1
8,124891,124892,8,0,Ill-Treated OT M-00 Crystal,1
8,124910,124911,8,0,Ill-Treated Westinghouse IM-50 Plasma Burner,1
8,124929,124930,8,0,Ill-Treated IEC Flashpoint Laser Rifle,1
8,124948,124949,8,0,Ill-Treated Techtronica Neural Disruptor,1
8,124967,124968,8,0,Ill-Treated GE XM-559 Man-Portable Laser,1
8,124986,124987,8,0,Ill-Treated Reet-Tech Stryker X,3
8,125005,125006,8,0,Ill-Treated Joint Clans Exocet II,1
8,125024,125025,8,0,Ill-Treated Joint Clans Patriot,1
8,125043,125044,8,0,Ill-Treated Reet-Tech Junior Urban Crossbow,1
8,125081,125082,8,0,Ill-Treated Oneida Razor Half-Bow,1
8,125311,125312,8,0,Splintered Merchant Squibber,1
8,125343,125344,8,0,Splintered Protector Squibber,1
8,125454,125455,8,0,Creviced Concrete Cushion,2
8,125770,125770,17,0,Nano Crystal (Frost Slivers),1
8,128608,128609,8,0,Ill-treated MTI G-36K,2
8,128636,128637,8,0,Ill-treated Seburo C-99a ,4
8,128655,128656,8,0,Ill-treated HSR Arms Tech Assault IV,1
8,128674,128675,8,0,Ill-treated HSR Arms Tech Assault V,1
8,128710,128711,8,0,Rusty River Series 6,1
8,128715,128716,8,0,Ill-treated Galahad Inc. 077 Personal Weapon,2
8,128734,128735,8,0,1st edition Pistola Di Macchina Mini Automatico 2,1
8,128739,128740,8,0,Ill-treated Galahad Inc. Tactical Machine Pistol ,1
8,128758,128759,8,0,Ill-treated Fabrique Des Armes Bizon 20-19,1
8,128811,128812,8,0,Ill-treated Zastaba M0-2 Assault Weapon (Zero),1
8,128830,128831,8,0,Rusty Freedom Arms Defender,1
8,128839,128840,8,0,Ill-treated OET Co. MP-21 Tactical Machine Pistol,1
8,128890,128891,8,0,Ill-treated Steiner LM-5 Assault Laser,1
8,128909,128910,8,0,Outdated Fett j-8 Flammable,1
8,128919,128920,8,0,Splintered Peasant Executioner,1
8,128938,128939,8,0,Obtuse Peasant Warblade,2
8,128957,128958,8,0,Obtuse Merchant Warblade,1
8,128976,128977,8,0,Obtuse Rider Warblade,2
8,129017,129018,8,0,Fast Chocolate Surprise,1
8,129045,129046,8,0,10th level Ninja Katana,1
8,129064,129065,8,0,3rd level Ninja Tanto,1
8,129069,129070,8,0,Sparkling Breathing Space,1
8,129638,129639,8,0,Over-tuned Wen-Wen,1
8,130060,130061,8,0,Unbalanced Heavy Staff,1
8,130071,130072,8,0,Splintered Light Staff,1
8,130082,130083,8,0,Faded Magical Stave of Inferno,1
8,130144,130145,8,0,Rusty Hayfork,1
8,130181,130182,8,0,Leaky Hot Air Stick,1
8,130197,130198,8,0,Splintered Bloodworm Carapace,2
8,130214,130215,8,0,Splintered Light Spear,2
8,130273,130274,8,0,"Right-Wrist Implant: Run Speed, Shiny",1
8,130283,130284,8,0,"Right-Wrist Implant: Run Speed, Shiny",1
8,130285,130286,8,0,"Right-Wrist Implant: Run Speed, Shiny",1
8,130291,130292,8,0,"Right-Wrist Implant: Run Speed, Shiny",1
8,130389,130360,8,0,"Leg Implant: Energy AC, Bright",1
8,131605,131606,8,0,Rough Club,3
8,136690,136690,14,0,Nano Crystal (Slipshod Bandaging),2
8,142773,142773,4,0,Nano Crystal (Swap Psyche),2
8,142804,142805,8,0,Silent SSC Rustling Wakisashi,1
8,142836,142837,8,0,Splintered Metaplast Mace,1
8,142855,142856,8,0,Cast-off Eye Wind Onehander,1
8,143833,143845,8,0,Ill-Treated Sunburst Mk IV,1
8,144082,144083,8,0,Bent Tanto,1
8,144101,144102,8,0,Sparkling Freedom Arms 4200,1
8,150193,150194,8,0,,1
8,150223,150224,8,0,,1
8,150254,150255,8,0,,1
8,150633,150633,14,0,,1
8,152064,152065,8,0,,1
8,152109,152110,8,0,,1
8,152279,152280,8,0,,3
8,152326,152327,8,0,,1
8,152358,152359,8,0,,1
8,152367,152368,8,0,,1
8,152766,152767,8,0,,2
8,153083,153084,8,0,,3
8,154739,154739,17,0,,3
8,155369,155369,8,0,,1
8,155379,155379,8,0,,1
8,156146,156146,11,0,,1
8,158045,158046,8,0,,2
8,159007,159008,8,0,,1
8,159035,159036,8,0,,1
8,159083,159087,8,0,,2
8,159109,159110,8,0,,1
8,159196,159197,8,0,,2
8,160094,160095,8,0,,2
8,160219,160220,8,0,,3
8,160224,160225,8,0,,1
8,160233,160234,8,0,,1
8,160236,160237,8,0,,2
8,160239,160240,8,0,,1
8,160242,160243,8,0,,1
8,160264,160265,8,0,,1
8,160476,160477,8,0,,1
8,172581,172582,8,0,,1
8,190730,190275,8,0,,1
8,202724,202724,8,0,,1
8,202827,202827,8,0,,1
8,202871,202871,10,0,,2
8,203870,203870,14,0,,2
8,204103,204104,8,0,,1
8,204139,204140,8,0,,1
8,204262,204263,8,0,,2
8,205198,205198,16,0,,1
8,205224,205225,8,0,,1
8,209283,209284,8,0,,3
8,209489,209489,4,0,,2
8,210354,210354,4,0,,8
8,210356,210356,17,0,,4
8,210529,210529,1,0,,6
8,210590,210590,2,0,,3
8,210612,210612,8,0,,1
8,210733,210733,5,0,,7
8,210805,210805,14,0,,4
8,218351,218352,8,0,,4
8,218744,218745,8,0,,2
8,218780,218781,8,0,,1
8,227473,227473,30,0,,2
8,233792,233793,8,0,,1
8,297633,297633,10,0,,1
9,25820,25821,9,0,Basic Nano Recharger,2
9,26471,26471,14,0,Nano Crystal (Ranged Special Attacks Incompetence),2
9,26541,26541,10,0,Nano Crystal (Drain Abilities),1
9,27199,27199,10,0,Nano Crystal (Melee Weapons Incompetence),3
9,27223,27223,4,0,Nano Crystal (Lethargy),5
9,27263,27263,10,0,Nano Crystal (Ranged Weapons Incompetence),6
9,27381,27381,1,0,Omni-Med Suit Gloves,2
9,27382,27382,1,0,Omni-Med Suit Boots,3
9,27383,27383,1,0,Omni-Med Suit Shirt,1
9,27385,27385,1,0,Omni-Med Suit Sleeves,2
9,27386,27386,1,0,Omni-Med Suit Trousers,1
9,27387,27387,1,0,Omni-Med Female Suit Shirt,2
9,28751,28751,4,0,Nano Crystal (Team Quick Heal),3
9,28752,28752,10,0,Nano Crystal (Terrain Knowledge),2
9,28767,28767,7,0,Nano Crystal (Doctor's Grace),2
9,28770,28770,14,0,Nano Crystal (Enhanced First Aid),1
9,28780,28780,7,0,Nano Crystal (Inflict Harm),1
9,28804,28804,10,0,Nano Crystal (Corrosive Spray),1
9,28805,28805,4,0,Nano Crystal (Corruption),1
9,28814,28814,14,0,Nano Crystal (Hot Feet),2
9,28834,28834,4,0,Nano Crystal (Radiation Pulse),1
9,28836,28836,14,0,Nano Crystal (Shockball),1
9,28932,28932,7,0,Nano Crystal (Give Energy: 10),1
9,28934,28934,14,0,Nano Crystal (Give Energy: 25),1
9,28936,28936,7,0,Nano Crystal (Give Life: 10),1
9,28938,28938,14,0,Nano Crystal (Give Life: 25),1
9,28945,28945,17,0,Nano Crystal (Limbo Mastery),1
9,29356,29356,17,0,Nano Crystal (Persistent Damage Multiplier),2
9,29360,29360,17,0,Nano Crystal (Quickshot),1
9,29823,29823,1,0,Nano Crystal (Armor Megaboost),1
9,29862,29862,7,0,Nano Crystal (Spike Shield),1
9,30122,30122,14,0,Nano Crystal (Gunslinger),2
9,30790,30790,14,0,Nano Crystal (Margin Call),3
9,31420,31420,14,0,Nano Crystal (Cracker's Luck),2
9,31436,31436,1,0,Nano Crystal (Poison Modification),2
9,31498,31498,1,0,White Cloak,5
9,31499,31499,1,0,Red Cloak,3
9,31500,31500,1,0,Grey Cloak,5
9,31501,31501,1,0,Green Cloak,2
9,31502,31502,1,0,Brown Cloak,2
9,31503,31503,1,0,Blue Cloak,6
9,31505,31505,1,0,Black Trenchcoat,4
9,31506,31506,1,0,Black Omni-Tek Commander Cloak,3
9,31515,31515,1,0,Red Omni-Tek Commander Cloak,5
9,31516,31516,1,0,Trenchcoat,3
9,31517,31517,1,0,Black Cloak,3
9,31528,31528,1,0,Red Cloak Hood,2
9,31530,31530,1,0,Grey Cloak Hood,3
9,31531,31531,1,0,Green Cloak Hood,5
9,31532,31532,1,0,Brown Cloak Hood,3
9,31533,31533,1,0,Blue Cloak Hood,3
9,31534,31534,1,0,Black Cloak Hood,5
9,32071,32071,17,0,Nano Crystal (False Profession: Adventurer),4
9,32076,32076,14,0,Nano Crystal (False Profession: Martial Artist),4
9,32079,32079,14,0,Nano Crystal (False Profession: Soldier),1
9,32082,32082,10,0,Nano Crystal (False Profession: Enforcer),3
9,36779,36778,9,0,2 - 3 NCU Memory,1
9,43145,43146,9,0,Attack of the Snake,1
9,43552,43551,9,0,Portable Surgery Clinic,2
9,43780,43780,14,0,Nano Crystal (Summon Fury Externalization),1
9,43993,43993,10,0,Nano Crystal (Dress Wounds),2
9,44185,44185,14,0,Nano Crystal (Elementary Nano Contagion),2
9,44186,44186,10,0,Nano Crystal (Dissolve Molecular Bonding),1
9,44195,44195,17,0,Nano Crystal (Protein Breakdown),1
9,45965,45965,1,0,Nano Crystal (Minor Toxic Barb),1
9,45966,45966,10,0,Nano Crystal (Minor Toxic Field),1
9,45969,45969,14,0,Nano Crystal (Ion Stream),2
9,45973,45973,14,0,Nano Crystal (Lesser RNA Reaper),1
9,46040,46040,14,0,Nano Crystal (Perfected Automaton),1
9,46059,46059,4,0,Nano Crystal (Lesser Automaton),1
9,46074,46074,7,0,Nano Crystal (Automaton),1
9,46082,46082,14,0,Nano Crystal (Advanced Automaton),1
9,46427,46427,17,0,Nano Crystal (Limited Helper-bot),1
9,46435,46435,17,0,Nano Crystal (Faithful Helper-Droid),1
9,46454,46454,14,0,Nano Crystal (Director-Grade Worker-Droid),2
9,46456,46456,1,0,Nano Crystal (Basic Worker-Droid),2
9,49821,49821,4,0,Nano Crystal (Challenger to Cyclops),5
9,49823,49823,14,0,Nano Crystal (Brave Challenger to Cyclops),2
9,55687,55686,9,0,Computer Literacy Tutoring Device,3
9,55694,55693,9,0,Electrical Engineering Tutoring Device,1
9,55697,55696,9,0,Boosted Stim,1
9,55761,55761,10,0,Nano Crystal (Bristling Shield),4
9,55762,55762,4,0,Nano Crystal (Avenging Shield),4
9,55838,55838,7,0,Nano Crystal (Frost With Snow),2
9,55840,55840,17,0,Nano Crystal (Jacket of Blades),2
9,55863,55863,1,0,Nano Crystal (Coat of Barbs),1
9,56238,56238,1,0,Nano Crystal (Detain Suspect),5
9,56241,56241,17,0,Nano Crystal (Lesser Hold Victim),1
9,56252,56252,14,0,Nano Crystal (No Escape Possible),2
9,70397,70397,14,0,Nano Crystal (Minor Deflection Shield),4
9,70398,70398,17,0,Nano Crystal (Minor Deflection Shield (Extended)),1
9,70401,70401,1,0,Nano Crystal (Partial Deflection Shield),3
9,70403,70403,7,0,Nano Crystal (Partial Deflection Shield (Extended)),1
9,70411,70411,10,0,Nano Crystal (Total Mirror Shield Mk I),2
9,70558,85640,9,0,Battered Low-Tech Armor Boots,5
9,70559,85689,9,0,Battered Low-Tech Body Armor,4
9,70560,85688,9,0,Battered Low-Tech Female Body Armor,1
9,70561,85744,9,0,Battered Low-Tech Armor Sleeves,6
9,70562,85597,9,0,Battered Low-Tech Armor Gloves,2
9,70563,85558,9,0,Battered Low-Tech Armor Helmet,3
9,70564,85515,9,0,Battered Low-Tech Armor Pants,3
9,70565,85514,9,0,Battered Low-Tech Armor Shorts,9
9,70577,70577,4,0,Nano Crystal (Greater Armor Megaboost),3
9,70582,70582,7,0,Nano Crystal (Flawed Shielding Barrier),1
9,75354,75354,1,0,Nano Crystal (Toughen Skin),1
9,75355,75355,14,0,Nano Crystal (Harden Skin),1
9,75415,75415,4,0,Nano Crystal (Minor Combat Barrier),1
9,75416,75416,14,0,Nano Crystal (Minor Absorption Shield),1
9,78418,78418,10,0,Nano Crystal (Lossy Health Funnel),1
9,78420,78420,17,0,Nano Crystal (Lesser Health Funnel),2
9,81848,81848,10,0,Nano Crystal (Crash of Thunder),1
9,81892,81892,10,0,Nano Crystal (Lesser Nano Boost),1
9,81952,81952,4,0,Nano Crystal (Lesser Suspicious Death),2
9,82065,82065,17,0,Nano Crystal (Team Restore Essence),1
9,82071,82071,10,0,Nano Crystal (Lesser Healing Touch),2
9,82078,82078,17,0,Nano Crystal (Team Rough Stitching),1
9,82188,82188,10,0,Nano Crystal (Mass Daze),2
9,82802,82802,10,0,Nano Crystal (Lesser Nano Net),1
9,82811,82811,17,0,Nano Crystal (Weight of the Guilty),1
9,82838,82838,20,0,Nano Crystal (Pronouncement of Greatness),1
9,83975,83975,4,0,Nano Crystal (Poke Eyes),1
9,83984,83984,7,0,Nano Crystal (Claw Eyes),1
9,85273,85273,4,0,Nano Crystal (Basic Insurance Hack),1
9,85279,85279,7,0,Nano Crystal (Passive Distributed Entanglement),2
9,85366,85367,9,0,Simple Nano Kit,1
9,85368,85369,9,0,Burst of Speed Stim,1
9,85477,21917,9,0,Worn Cyber Armor Sleeves,5
9,85481,85690,9,0,Battered Leather Vest,3
9,85500,85499,9,0,Inferior Chilled Plasteel Armor Pants,4
9,85501,22343,9,0,Inferior Heated Plasteel Armor Pants,4
9,85510,85509,9,0,Inferior Nail Armor Pants,4
9,85512,85511,9,0,Worn Metaplast Armor Pants,5
9,85517,27360,9,0,Battered Flak Armor Pants,4
9,85521,85520,9,0,Battered Leather Armor Pants,1
9,85526,22293,9,0,Inferior Energized Armor Pants,3
9,85531,22289,9,0,Worn Cyber Armor Pants,3
9,85533,85532,9,0,Battered Light Combat Armor Pants,4
9,85547,85546,9,0,Inferior Chilled Plasteel Armor Helmet,3
9,85548,22258,9,0,Inferior Heated Plasteel Armor Helmet,1
9,85557,85556,9,0,Worn Metaplast Armor Helmet,5
9,85562,85561,9,0,Battered Leather Armor Helmet,6
9,85567,22223,9,0,Inferior Energized Armor Helmet,5
9,85572,22219,9,0,Worn Cyber Armor Helmet,6
9,85586,85585,9,0,Inferior Chilled Plasteel Armor Gloves,5
9,85587,22208,9,0,Inferior Heated Plasteel Armor Gloves,7
9,85596,85595,9,0,Worn Metaplast Armor Gloves,3
9,85602,85601,9,0,Battered Leather Armor Gloves,2
9,85607,22170,9,0,Inferior Energized Armor Gloves,4
9,85612,22166,9,0,Worn Cyber Armor Gloves,4
9,85626,85625,9,0,Inferior Chilled Plasteel Armor Boots,5
9,85627,22154,9,0,Inferior Heated Plasteel Armor Boots,1
9,85636,85635,9,0,Inferior Nail Armor Boots,1
9,85638,85637,9,0,Worn Metaplast Armor Boots,2
9,85645,85644,9,0,Battered Leather Armor Boots,2
9,85650,22108,9,0,Inferior Energized Armor Boots,1
9,85655,22104,9,0,Worn Cyber Armor Boots,2
9,85657,85656,9,0,Battered Light Combat Armor Boots,3
9,85674,85673,9,0,Inferior Chilled Plasteel Body Armor,1
9,85684,85683,9,0,Inferior Nail Body Armor,1
9,85686,85685,9,0,Worn Metaplast Body Armor,3
9,85693,27389,9,0,Battered Flak Body Armor,3
9,85697,85696,9,0,Battered Leather Body Armor,4
9,85702,22018,9,0,Inferior Energized Body Armor,5
9,85711,22014,9,0,Worn Cyber Female Body Armor,2
9,85712,22010,9,0,Worn Cyber Body Armor,3
9,85714,85713,9,0,Battered Light Combat Body Armor,4
9,85723,85722,9,0,Worn Nadir Steel-Ribbed Armor Sleeves,2
9,85730,85729,9,0,Inferior Chilled Plasteel Armor Sleeves,1
9,85731,21967,9,0,Inferior Heated Plasteel Armor Sleeves,2
9,85740,85739,9,0,Inferior Nail Armor Sleeves,7
9,85746,27391,9,0,Battered Flak Armor Sleeves,4
9,85750,85749,9,0,Battered Leather Armor Sleeves,3
9,85755,21921,9,0,Inferior Energized Armor Sleeves,3
9,85761,85760,9,0,Battered Light Combat Armor Sleeves,3
9,85873,85873,10,0,Nano Crystal (Ransack Skills (Weak)),1
9,85894,85894,4,0,Nano Crystal (Deprive Skills (Weak)),1
9,85895,85895,14,0,Nano Crystal (Deprive Skills (Minor)),2
9,86438,86438,1,0,Katara Sunglasses,1
9,86443,86443,1,0,Visor,1
9,87470,87470,1,0,Tattoo,1
9,87473,87473,1,0,Tattoo,1
9,87474,87474,1,0,Tattoo,2
9,87475,87475,1,0,Tattoo,1
9,87476,87476,1,0,Tattoo,3
9,87478,87478,1,0,Tattoo,3
9,87810,87814,9,0,Hacker Tool,1
9,88383,88384,9,0,Trimmer - Positive Aggressive-Defensive,2
9,90409,90409,1,0,Nano Crystal (Rudimentary Humidity Extractor),1
9,93140,93140,17,0,Nano Crystal (Limited Grid Jump),1
9,95452,95452,4,0,Nano Crystal (Enhance Nano Communication),1
9,95727,95727,17,0,Nano Crystal (Boot Camp Toughness),2
9,95729,95729,4,0,Nano Crystal (Mongo's Troll),3
9,97449,97449,14,0,Nano Crystal (Survivability Booster),1
9,97459,97459,4,0,Nano Crystal (Health Augmentation),3
9,99133,99133,7,0,Nano Crystal (Shed Anger),1
9,99212,99212,20,0,Nano Crystal (Temporary Glamor),1
9,99623,99623,7,0,Nano Crystal (Line of Credit),1
9,100004,100004,1,0,"Body Tattoo, Front",1
9,100007,100007,1,0,"Body Tattoo, Front",1
9,100011,100011,1,0,"Body Tattoo, Front",1
9,100012,100012,1,0,Tattoo,2
9,100228,100228,14,0,Nano Crystal (Draw Attention),2
9,101149,101150,9,0,Basic Right Arm Implant,1
9,101169,101170,9,0,"Chest Implant: Imp/Proj AC, Bright",1
9,101215,101216,9,0,"Waist Implant: Imp/Proj AC, Faded",1
9,101311,101312,9,0,Imp/Proj AC Cluster - Bright (Chest),3
9,101317,101318,9,0,Melee/Ma AC Cluster - Bright (Waist),2
9,101321,101322,9,0,Energy AC Cluster - Faded (Waist),2
9,101323,101324,9,0,Energy AC Cluster - Bright (Leg),1
9,101325,101326,9,0,Energy AC Cluster - Shiny (Chest),1
9,101327,101328,9,0,Chemical AC Cluster - Faded (Left-Arm),1
9,101329,101330,9,0,Chemical AC Cluster - Bright (Right-Arm),2
9,101331,101332,9,0,Chemical AC Cluster - Shiny (Waist),1
9,101333,101371,9,0,Radiation AC Cluster - Faded (Right-Arm),2
9,101339,101340,9,0,1h Edged Weapon Cluster - Faded (Right-Hand),1
9,101343,101344,9,0,1h Edged Weapon Cluster - Shiny (Right-Arm),1
9,101349,101350,9,0,Melee Ener Cluster - Shiny (Head),1
9,101353,101354,9,0,2h Edged Cluster - Bright (Left-Arm),1
9,101355,101356,9,0,2h Edged Cluster - Shiny (Right-Arm),1
9,101359,101360,9,0,Piercing Cluster - Bright (Left-Arm),1
9,101365,101366,9,0,2h Blunt Cluster - Bright (Left-Arm),1
9,101369,101370,9,0,Sharp Obj Cluster - Faded (Eye),3
9,101372,101373,9,0,Radiation AC Cluster - Bright (Left-Arm),2
9,101374,101375,9,0,Radiation AC Cluster - Shiny (Waist),1
9,101378,101379,9,0,Cold AC Cluster - Bright (Right-Hand),1
9,101380,101381,9,0,Cold AC Cluster - Shiny (Waist),1
9,101382,101383,9,0,Nano Resist Cluster - Faded (Left-Wrist),2
9,101388,101389,9,0,Fire AC Cluster - Faded (Right-Hand),1
9,101390,101391,9,0,Fire AC Cluster - Bright (Left-Hand),1
9,101392,101393,9,0,Fire AC Cluster - Shiny (Waist),1
9,101396,101397,9,0,Martial Arts Cluster - Bright (Feet),2
9,101398,101399,9,0,Martial Arts Cluster - Shiny (Right-Hand),1
9,101402,101403,9,0,Mult. Melee Cluster - Bright (Eye),1
9,101404,101405,9,0,Mult. Melee Cluster - Shiny (Left-Wrist),1
9,101406,101334,9,0,1h Blunt Cluster - Faded (Right-Hand),2
9,101408,101409,9,0,Matter Crea Cluster - Faded (Eye),1
9,101412,101413,9,0,Matter Crea Cluster - Shiny (Head),2
9,101420,101421,9,0,Nano Pool Cluster - Faded (Waist),1
9,101422,101423,9,0,Nano Pool Cluster - Bright (Head),2
9,101429,101430,9,0,Grenade Cluster - Faded (Right-Hand),1
9,101431,101432,9,0,Grenade Cluster - Bright (Eye),1
9,101435,101436,9,0,Heavy Weapons Cluster - Faded (Right-Hand),2
9,101437,101438,9,0,Heavy Weapons Cluster - Bright (Eye),1
9,101441,101442,9,0,Bow Cluster - Faded (Eye),1
9,101443,101444,9,0,Bow Cluster - Bright (Left-Arm),1
9,101445,101446,9,0,Bow Cluster - Shiny (Right-Arm),1
9,101453,101454,9,0,Rifle Cluster - Faded (Left-Wrist),2
9,101455,101456,9,0,Rifle Cluster - Bright (Right-Wrist),3
9,101461,101462,9,0,MG / SMG Cluster - Bright (Right-Hand),2
9,101463,101464,9,0,MG / SMG Cluster - Shiny (Right-Arm),1
9,101465,101466,9,0,Shotgun Cluster - Faded (Waist),2
9,101467,101468,9,0,Shotgun Cluster - Bright (Right-Hand),1
9,101471,101472,9,0,Assault Rif Cluster - Faded (Eye),1
9,101475,101476,9,0,Assault Rif Cluster - Shiny (Right-Arm),1
9,101479,101480,9,0,Vehicle Hydr Cluster - Bright (Eye),1
9,101481,101482,9,0,Vehicle Hydr Cluster - Shiny (Head),3
9,101487,101488,9,0,Melee. Init Cluster - Shiny (Feet),1
9,101491,101492,9,0,Ranged. Init Cluster - Bright (Head),1
9,101495,101496,9,0,Physic. Init Cluster - Faded (Left-Arm),2
9,101503,101504,9,0,Bow Spc Att Cluster - Bright (Right-Hand),2
9,101509,101510,9,0,Sensory Impr Cluster - Bright (Eye),1
9,101513,101514,9,0,First Aid Cluster - Faded (Left-Hand),1
9,101515,101516,9,0,First Aid Cluster - Bright (Right-Hand),2
9,101525,101526,9,0,Mech. Engi Cluster - Faded (Right-Arm),1
9,101527,101528,9,0,Mech. Engi Cluster - Bright (Eye),3
9,101529,101530,9,0,Mech. Engi Cluster - Shiny (Head),1
9,101531,101532,9,0,Elec. Engi Cluster - Faded (Right-Hand),2
9,101535,101536,9,0,Elec. Engi Cluster - Shiny (Eye),1
9,101537,101538,9,0,Matt.Metam Cluster - Faded (Left-Arm),1
9,101539,101540,9,0,Matt.Metam Cluster - Bright (Chest),2
9,101541,101542,9,0,Matt.Metam Cluster - Shiny (Head),2
9,101543,101544,9,0,Bio.Metamor Cluster - Faded (Waist),4
9,101547,101548,9,0,Bio.Metamor Cluster - Shiny (Head),1
9,101553,101407,9,0,Psycho Modi Cluster - Shiny (Head),1
9,101555,101556,9,0,Ranged Ener Cluster - Faded (Left-Hand),1
9,101559,101560,9,0,Ranged Ener Cluster - Shiny (Head),1
9,101563,101564,9,0,Multi Ranged Cluster - Bright (Right-Wrist),1
9,101565,101566,9,0,Multi Ranged Cluster - Shiny (Left-Wrist),1
9,101571,101572,9,0,Trap Disarm Cluster - Shiny (Right-Hand),3
9,101575,101576,9,0,Perception Cluster - Bright (Eye),1
9,101591,101592,9,0,Vehicle Air Cluster - Faded (Head),3
9,101593,101594,9,0,Vehicle Air Cluster - Bright (Ear),2
9,101605,101606,9,0,Tutoring Cluster - Bright (Ear),1
9,101613,101614,9,0,Brawling Cluster - Shiny (Left-Arm),2
9,101615,101616,9,0,Riposte Cluster - Faded (Right-Arm),2
9,101621,101622,9,0,Dimach Cluster - Faded (Waist),1
9,101623,101624,9,0,Dimach Cluster - Bright (Head),1
9,101629,101630,9,0,Parry Cluster - Bright (Left-Wrist),2
9,101633,101634,9,0,Sneak Atck Cluster - Faded (Eye),1
9,101637,101638,9,0,Sneak Atck Cluster - Shiny (Feet),2
9,101643,101644,9,0,Fast Attack Cluster - Shiny (Left-Hand),2
9,101645,101646,9,0,NanoC. Init Cluster - Faded (Chest),1
9,101647,101648,9,0,NanoC. Init Cluster - Bright (Eye),2
9,101649,101650,9,0,NanoC. Init Cluster - Shiny (Head),1
9,101655,101656,9,0,Fling Shot Cluster - Shiny (Right-Arm),1
9,101657,101658,9,0,Aimed Shot Cluster - Faded (Right-Hand),2
9,101659,101660,9,0,Aimed Shot Cluster - Bright (Right-Wrist),2
9,101661,101662,9,0,Aimed Shot Cluster - Shiny (Eye),1
9,101667,101668,9,0,Body Dev Cluster - Shiny (Chest),1
9,101669,101670,9,0,Duck-Exp Cluster - Faded (Feet),2
9,101671,101672,9,0,Duck-Exp Cluster - Bright (Waist),1
9,101679,101680,9,0,Dodge-Rng Cluster - Shiny (Leg),2
9,101681,101682,9,0,Evade-ClsC Cluster - Faded (Waist),2
9,101687,101688,9,0,Quantum FT Cluster - Faded (Right-Hand),3
9,101689,101690,9,0,Quantum FT Cluster - Bright (Eye),1
9,101693,101694,9,0,Weapon Smt Cluster - Faded (Eye),1
9,101695,101696,9,0,Weapon Smt Cluster - Bright (Head),1
9,101697,101698,9,0,Weapon Smt Cluster - Shiny (Right-Hand),1
9,101701,101702,9,0,Pharma Tech Cluster - Bright (Eye),2
9,101703,101704,9,0,Pharma Tech Cluster - Shiny (Head),1
9,101705,101706,9,0,Nano Progra Cluster - Faded (Right-Hand),2
9,101707,101708,9,0,Nano Progra Cluster - Bright (Eye),1
9,101711,101712,9,0,Comp. Liter Cluster - Faded (Right-Hand),1
9,101717,101718,9,0,Psychology Cluster - Faded (Eye),1
9,101723,101724,9,0,Chemistry Cluster - Faded (Right-Hand),2
9,101725,101726,9,0,Chemistry Cluster - Bright (Eye),1
9,101727,101728,9,0,Chemistry Cluster - Shiny (Head),1
9,101729,101730,9,0,Concealment Cluster - Faded (Eye),1
9,101731,101732,9,0,Concealment Cluster - Bright (Ear),1
9,101733,101734,9,0,Concealment Cluster - Shiny (Feet),1
9,101735,101736,9,0,Break & Entry Cluster - Faded (Chest),1
9,101741,101742,9,0,Vehicle Grnd Cluster - Faded (Ear),1
9,101745,101746,9,0,Vehicle Grnd Cluster - Shiny (Head),1
9,101749,101750,9,0,Full Auto Cluster - Bright (Right-Wrist),3
9,101751,101752,9,0,Full Auto Cluster - Shiny (Right-Arm),1
9,101755,101756,9,0,Burst Cluster - Bright (Right-Wrist),1
9,101757,101758,9,0,Burst Cluster - Shiny (Right-Arm),2
9,101759,101760,9,0,Disease AC Cluster - Faded (Chest),2
9,101771,101772,9,0,Strength Cluster - Faded (Chest),1
9,101789,101790,9,0,Intelligence Cluster - Faded (Ear),1
9,101793,101794,9,0,Intelligence Cluster - Shiny (Head),1
9,101795,101796,9,0,Sense Cluster - Faded (Head),1
9,101805,101806,9,0,Psychic Cluster - Shiny (Head),1
9,101807,101808,9,0,Max Health Cluster - Faded (Leg),1
9,101811,101812,9,0,Max Health Cluster - Shiny (Chest),2
9,101901,101902,9,0,"Eye Implant: Vehicle Air, Shiny",1
9,101909,101910,9,0,"Eye Implant: Tutoring, Shiny",1
9,101933,101934,9,0,"Eye Implant: Map Navig, Shiny",1
9,101961,101962,9,0,"Eye Implant: Map Navig, Shiny",1
9,101963,101964,9,0,"Eye Implant: Tutoring, Shiny",1
9,101973,101974,9,0,"Eye Implant: Treatment, Bright",1
9,102001,102002,9,0,"Eye Implant: Mech. Engi, Bright",1
9,102009,102010,9,0,"Eye Implant: Elec. Engi, Shiny",1
9,102015,102016,9,0,"Eye Implant: Map Navig, Shiny",1
9,102134,102135,9,0,"Eye Implant: Rifle, Shiny",1
9,102142,102143,9,0,"Eye Implant: Vehicle Air, Shiny",1
9,102144,102145,9,0,"Eye Implant: Vehicle Air, Shiny",1
9,102178,102179,9,0,"Eye Implant: Nano Progra, Bright",1
9,102202,102203,9,0,"Eye Implant: Aimed Shot, Shiny",1
9,102317,102318,9,0,"Eye Implant: Elec. Engi, Shiny",1
9,102340,102341,9,0,"Eye Implant: Vehicle Air, Shiny",1
9,102370,102371,9,0,"Eye Implant: Map Navig, Shiny",1
9,102376,102377,9,0,"Eye Implant: Tutoring, Shiny",1
9,102439,102440,9,0,"Eye Implant: Vehicle Air, Shiny",1
9,102478,102479,9,0,"Eye Implant: Aimed Shot, Shiny",1
9,102480,102481,9,0,"Eye Implant: Ranged Ener, Bright",1
9,102498,102499,9,0,"Eye Implant: Elec. Engi, Shiny",1
9,102589,102590,9,0,"Eye Implant: Aimed Shot, Shiny",1
9,102593,102594,9,0,"Eye Implant: Rifle, Shiny",1
9,102601,102602,9,0,"Eye Implant: Tutoring, Shiny",1
9,102649,102650,9,0,"Eye Implant: Elec. Engi, Shiny",1
9,102655,102656,9,0,"Eye Implant: Map Navig, Shiny",1
9,102669,102670,9,0,"Eye Implant: Aimed Shot, Shiny",1
9,102671,102672,9,0,"Eye Implant: Sensory Impr, Bright",1
9,102698,102699,9,0,"Eye Implant: Elec. Engi, Shiny",1
9,102761,102762,9,0,"Eye Implant: Vehicle Air, Shiny",1
9,102784,102785,9,0,"Eye Implant: Rifle, Shiny",1
9,102786,102787,9,0,"Eye Implant: Elec. Engi, Shiny",2
9,103010,103011,9,0,"Eye Implant: Map Navig, Shiny",1
9,103049,103050,9,0,"Eye Implant: Pharma Tech, Bright",1
9,103094,103095,9,0,"Eye Implant: Aimed Shot, Shiny",1
9,103136,103137,9,0,"Eye Implant: Aimed Shot, Shiny",1
9,103140,103141,9,0,"Eye Implant: Rifle, Shiny",1
9,103183,103184,9,0,"Eye Implant: Map Navig, Shiny",1
9,103189,103190,9,0,"Eye Implant: Vehicle Hydr, Bright",1
9,103221,103222,9,0,"Eye Implant: Elec. Engi, Shiny",1
9,103388,103389,9,0,"Eye Implant: Elec. Engi, Shiny",1
9,103398,103399,9,0,"Eye Implant: Map Navig, Shiny",1
9,103437,103438,9,0,"Eye Implant: Tutoring, Shiny",1
9,103453,103454,9,0,"Eye Implant: Aimed Shot, Shiny",1
9,103459,103460,9,0,"Eye Implant: Vehicle Air, Shiny",1
9,103482,103483,9,0,"Eye Implant: Aimed Shot, Shiny",1
9,103514,103515,9,0,"Eye Implant: Rifle, Shiny",1
9,103641,103642,9,0,"Eye Implant: Map Navig, Shiny",1
9,103761,103762,9,0,"Eye Implant: Aimed Shot, Shiny",1
9,103949,103950,9,0,"Eye Implant: Map Navig, Shiny",1
9,104045,104046,9,0,"Eye Implant: Rifle, Shiny",1
9,104053,104054,9,0,"Eye Implant: Tutoring, Shiny",1
9,104165,104166,9,0,"Eye Implant: Rifle, Shiny",1
9,104264,104265,9,0,"Eye Implant: Rifle, Shiny",1
9,104276,104277,9,0,"Eye Implant: Tutoring, Shiny",1
9,104319,104320,9,0,"Eye Implant: Tutoring, Shiny",1
9,104406,104407,9,0,"Eye Implant: Aimed Shot, Shiny",1
9,104420,104421,9,0,"Eye Implant: Aimed Shot, Shiny",1
9,104439,104440,9,0,"Eye Implant: Elec. Engi, Shiny",1
9,104460,104461,9,0,"Eye Implant: Map Navig, Shiny",1
9,104491,104492,9,0,"Eye Implant: Tutoring, Shiny",1
9,104530,104531,9,0,"Eye Implant: Elec. Engi, Shiny",1
9,104605,104606,9,0,"Eye Implant: Vehicle Air, Shiny",1
9,104641,104642,9,0,"Eye Implant: Perception, Bright",1
9,104651,104652,9,0,"Eye Implant: Tutoring, Shiny",1
9,104653,104654,9,0,"Eye Implant: Aimed Shot, Shiny",1
9,104675,104676,9,0,"Eye Implant: Vehicle Air, Shiny",1
9,104699,104700,9,0,"Eye Implant: Rifle, Shiny",1
9,104705,104706,9,0,"Eye Implant: Map Navig, Shiny",1
9,104742,104743,9,0,"Eye Implant: Map Navig, Shiny",1
9,104909,104910,9,0,"Head Implant: Sensory Impr, Shiny",1
9,104956,104957,9,0,"Eye Implant: Aimed Shot, Shiny",1
9,104964,104965,9,0,"Eye Implant: Vehicle Air, Shiny",1
9,104990,104991,9,0,"Eye Implant: Elec. Engi, Shiny",1
9,105211,105212,9,0,"Head Implant: Bow Spc Att, Shiny",1
9,105225,105226,9,0,"Head Implant: Treatment, Shiny",1
9,105291,105292,9,0,"Head Implant: Intelligence, Shiny",1
9,105297,105298,9,0,"Head Implant: Psychic, Shiny",1
9,105337,105338,9,0,"Head Implant: Mech. Engi, Shiny",1
9,105349,105350,9,0,"Head Implant: Psycho Modi, Shiny",1
9,105615,105616,9,0,"Head Implant: Intelligence, Shiny",1
9,105647,105648,9,0,"Head Implant: Sensory Impr, Shiny",1
9,105651,105652,9,0,"Head Implant: First Aid, Shiny",1
9,105665,105666,9,0,"Head Implant: Matt.Metam, Shiny",1
9,105667,105668,9,0,"Head Implant: Bio.Metamor, Shiny",1
9,105705,105706,9,0,"Head Implant: Comp. Liter, Shiny",1
9,105745,105746,9,0,"Head Implant: Melee Ener, Shiny",1
9,105749,105750,9,0,"Head Implant: Vehicle Hydr, Shiny",1
9,105825,105826,9,0,"Head Implant: Nano Progra, Shiny",2
9,105831,105832,9,0,"Head Implant: Comp. Liter, Shiny",1
9,105835,105836,9,0,"Head Implant: Psychology, Shiny",1
9,105856,105857,9,0,"Head Implant: Psychic, Shiny",1
9,105878,105879,9,0,"Head Implant: Nano Progra, Shiny",1
9,106019,106020,9,0,"Head Implant: Treatment, Shiny",1
9,106067,106068,9,0,"Head Implant: Time & Space, Shiny",2
9,106285,106286,9,0,"Head Implant: Sensory Impr, Shiny",1
9,106387,106388,9,0,"Head Implant: Melee Ener, Shiny",1
9,106447,106448,9,0,"Head Implant: Ranged Ener, Shiny",1
9,106489,106490,9,0,"Head Implant: Bow Spc Att, Shiny",1
9,106503,106504,9,0,"Head Implant: Treatment, Shiny",1
9,106507,106508,9,0,"Head Implant: Mech. Engi, Shiny",1
9,106524,106525,9,0,"Head Implant: Pharma Tech, Shiny",1
9,106841,106842,9,0,"Head Implant: Vehicle Grnd, Shiny",2
9,106958,106959,9,0,"Head Implant: Mech. Engi, Shiny",1
9,106960,106961,9,0,"Head Implant: Mech. Engi, Shiny",1
9,107033,107034,9,0,"Head Implant: Nano Resist, Shiny",1
9,107129,107130,9,0,"Head Implant: Vehicle Grnd, Shiny",1
9,107187,107188,9,0,"Head Implant: Intelligence, Shiny",1
9,107205,107206,9,0,"Head Implant: NanoC. Init, Shiny",1
9,107233,107234,9,0,"Ear Implant: Perception, Shiny",1
9,107323,107324,9,0,"Ear Implant: Psychology, Bright",1
9,107378,107379,9,0,"Right-Arm Implant: Break & Entry, Shiny",1
9,107386,107387,9,0,"Right-Arm Implant: Full Auto, Shiny",1
9,107408,107409,9,0,"Right-Arm Implant: Piercing, Shiny",1
9,107442,107443,9,0,"Right-Arm Implant: Bow, Shiny",1
9,107485,107486,9,0,"Right-Arm Implant: Strength, Shiny",1
9,107504,107505,9,0,"Right-Arm Implant: Heavy Weapons, Shiny",1
9,107584,107585,9,0,"Right-Arm Implant: 1h Edged Weapon, Shiny",1
9,107667,107668,9,0,"Right-Arm Implant: Shotgun, Shiny",1
9,107699,107700,9,0,"Right-Arm Implant: 1h Blunt, Shiny",1
9,107807,107808,9,0,"Right-Arm Implant: 2h Blunt, Shiny",1
9,107857,107858,9,0,"Right-Arm Implant: Break & Entry, Shiny",1
9,107881,107882,9,0,"Right-Arm Implant: Bow, Shiny",1
9,107933,107934,9,0,"Right-Arm Implant: Physic. Init, Bright",1
9,107967,107968,9,0,"Right-Arm Implant: Swimming, Bright",1
9,108062,108063,9,0,"Right-Arm Implant: 1h Edged Weapon, Shiny",1
9,108113,108114,9,0,"Right-Arm Implant: 2h Blunt, Shiny",1
9,108152,108153,9,0,"Right-Arm Implant: Piercing, Shiny",1
9,108162,108163,9,0,"Right-Arm Implant: MG / SMG, Shiny",1
9,108168,108169,9,0,"Right-Arm Implant: Fling Shot, Shiny",1
9,108180,108181,9,0,"Right-Arm Implant: 1h Blunt, Shiny",1
9,108254,108255,9,0,"Right-Arm Implant: Shotgun, Shiny",1
9,108292,108293,9,0,"Right-Arm Implant: Grenade, Shiny",1
9,108357,108358,9,0,"Right-Arm Implant: Break & Entry, Shiny",1
9,108371,108372,9,0,"Chest Implant: Energy AC, Shiny",1
9,108390,108391,9,0,"Right-Arm Implant: Assault Rif, Shiny",1
9,108492,108493,9,0,"Chest Implant: Dimach, Shiny",1
9,108558,108559,9,0,"Chest Implant: Nano Pool, Shiny",1
9,108676,108677,9,0,"Chest Implant: Energy AC, Shiny",1
9,108864,108865,9,0,"Chest Implant: Stamina, Shiny",1
9,108954,108955,9,0,"Chest Implant: Stamina, Shiny",1
9,108962,108963,9,0,"Chest Implant: Melee/Ma AC, Shiny",1
9,109076,109077,9,0,"Chest Implant: Dimach, Shiny",1
9,109098,109099,9,0,"Chest Implant: Nano Pool, Shiny",1
9,109120,109121,9,0,"Chest Implant: Max Health, Shiny",1
9,109244,109245,9,0,"Chest Implant: Sense, Shiny",1
9,109254,109255,9,0,"Chest Implant: Nano Pool, Shiny",1
9,109341,109342,9,0,"Left-Arm Implant: Bow, Bright",1
9,109356,109357,9,0,"Left-Arm Implant: Brawling, Shiny",1
9,109400,109401,9,0,"Left-Arm Implant: Brawling, Shiny",1
9,109576,109577,9,0,"Right-Wrist Implant: Riposte, Shiny",1
9,109578,109611,9,0,"Right-Wrist Implant: Parry, Shiny",1
9,109632,109633,9,0,"Right-Wrist Implant: Ranged. Init, Shiny",1
9,109926,109927,9,0,"Right-Wrist Implant: Sharp Obj, Shiny",1
9,109972,109973,9,0,"Right-Wrist Implant: Parry, Shiny",1
9,109994,109995,9,0,"Right-Wrist Implant: Sharp Obj, Shiny",1
9,109996,109997,9,0,"Right-Wrist Implant: Pistol, Shiny",1
9,110002,110003,9,0,"Right-Wrist Implant: Parry, Shiny",1
9,110158,110159,9,0,"Waist Implant: Radiation AC, Shiny",1
9,110182,110183,9,0,"Waist Implant: Sense, Bright",1
9,110318,110319,9,0,"Waist Implant: Sense, Bright",1
9,110426,110427,9,0,"Waist Implant: Fire AC, Shiny",1
9,110520,110521,9,0,"Waist Implant: Cold AC, Shiny",1
9,110526,110527,9,0,"Waist Implant: Cold AC, Shiny",1
9,110588,110589,9,0,"Waist Implant: Cold AC, Shiny",1
9,110686,110687,9,0,"Waist Implant: Cold AC, Shiny",1
9,110706,110707,9,0,"Waist Implant: Cold AC, Shiny",1
9,110768,110769,9,0,"Waist Implant: Fire AC, Shiny",1
9,110784,110785,9,0,"Waist Implant: Radiation AC, Shiny",1
9,110810,110811,9,0,"Waist Implant: Brawling, Faded",1
9,110912,110913,9,0,"Waist Implant: Chemical AC, Shiny",1
9,110948,110949,9,0,"Waist Implant: Duck-Exp, Bright",1
9,110956,110957,9,0,"Waist Implant: Fire AC, Shiny",1
9,110984,110985,9,0,"Waist Implant: Chemical AC, Shiny",1
9,111018,111019,9,0,"Waist Implant: Cold AC, Shiny",1
9,111028,111029,9,0,"Waist Implant: Cold AC, Shiny",1
9,111030,111031,9,0,"Waist Implant: Fire AC, Shiny",1
9,111046,111047,9,0,"Waist Implant: Cold AC, Shiny",1
9,111068,111069,9,0,"Waist Implant: Cold AC, Shiny",1
9,111116,111117,9,0,"Waist Implant: Fire AC, Shiny",1
9,111132,111133,9,0,"Waist Implant: Radiation AC, Shiny",1
9,111138,111139,9,0,"Waist Implant: Max Nano, Bright",1
9,111146,111147,9,0,"Waist Implant: Fire AC, Shiny",1
9,111191,111192,9,0,"Left-Wrist Implant: Multi Ranged, Shiny",1
9,111199,111200,9,0,"Left-Wrist Implant: Mult. Melee, Shiny",1
9,111203,111204,9,0,"Left-Wrist Implant: Multi Ranged, Shiny",1
9,111271,111272,9,0,"Waist Implant: Radiation AC, Shiny",1
9,111349,111350,9,0,"Waist Implant: Chemical AC, Shiny",1
9,111371,111372,9,0,"Waist Implant: Radiation AC, Shiny",1
9,111598,111599,9,0,"Right-Hand Implant: Weapon Smt, Shiny",1
9,111664,111665,9,0,"Right-Hand Implant: Weapon Smt, Shiny",1
9,111700,111701,9,0,"Right-Hand Implant: Weapon Smt, Shiny",1
9,111769,111770,9,0,"Right-Hand Implant: Weapon Smt, Shiny",2
9,111793,111811,9,0,"Right-Hand Implant: Trap Disarm, Shiny",1
9,111892,111893,9,0,"Right-Hand Implant: Assault Rif, Bright",1
9,111917,111918,9,0,"Right-Hand Implant: Martial Arts, Shiny",1
9,111945,111946,9,0,"Right-Hand Implant: Weapon Smt, Shiny",1
9,112081,112082,9,0,"Right-Hand Implant: Weapon Smt, Shiny",1
9,112088,112090,9,0,"Right-Hand Implant: Trap Disarm, Shiny",1
9,112092,112093,9,0,"Right-Hand Implant: Weapon Smt, Shiny",1
9,112284,112285,9,0,"Right-Hand Implant: Trap Disarm, Shiny",1
9,112294,112295,9,0,"Right-Hand Implant: MG / SMG, Bright",1
9,112302,112303,9,0,"Right-Hand Implant: Shotgun, Bright",1
9,112308,112309,9,0,"Right-Hand Implant: Weapon Smt, Shiny",1
9,112618,112619,9,0,"Right-Hand Implant: Martial Arts, Shiny",1
9,112620,112621,9,0,"Right-Hand Implant: Trap Disarm, Shiny",1
9,112642,112643,9,0,"Right-Hand Implant: Martial Arts, Shiny",1
9,112697,112647,9,0,"Right-Hand Implant: Fast Attack, Bright",1
9,112705,112706,9,0,"Right-Hand Implant: Martial Arts, Shiny",1
9,112766,112767,9,0,"Right-Hand Implant: Comp. Liter, Faded",1
9,112855,112856,9,0,"Right-Hand Implant: Matter Crea, Bright",1
9,112867,112868,9,0,"Right-Hand Implant: Trap Disarm, Shiny",1
9,112919,112920,9,0,"Right-Hand Implant: MG / SMG, Bright",1
9,112957,112958,9,0,"Right-Hand Implant: Weapon Smt, Shiny",1
9,112976,112977,9,0,"Leg Implant: Adventuring, Shiny",1
9,112988,112989,9,0,"Right-Hand Implant: Weapon Smt, Shiny",1
9,113031,113032,9,0,"Right-Hand Implant: Trap Disarm, Shiny",1
9,113072,113073,9,0,"Right-Hand Implant: Martial Arts, Shiny",1
9,113106,113107,9,0,"Right-Hand Implant: Trap Disarm, Shiny",1
9,113162,113163,9,0,"Leg Implant: Duck-Exp, Shiny",1
9,113194,113195,9,0,"Leg Implant: Imp/Proj AC, Shiny",1
9,113225,113226,9,0,"Leg Implant: Agility, Shiny",1
9,113263,113264,9,0,"Leg Implant: Imp/Proj AC, Shiny",1
9,113523,113524,9,0,"Leg Implant: Imp/Proj AC, Shiny",1
9,113558,113559,9,0,"Feet Implant: Dodge-Rng, Bright",1
9,113564,113565,9,0,"Feet Implant: Melee. Init, Shiny",1
9,113579,113580,9,0,"Left-Hand Implant: Trap Disarm, Bright",1
9,113581,113582,9,0,"Left-Hand Implant: Fast Attack, Shiny",1
9,116800,116800,14,0,Nano Crystal (Quick Fix),1
9,120609,120609,1,0,Omni-Med Cloak,6
9,121305,121304,9,0,Information Tool - Aggressive,2
9,121306,121307,9,0,Information Tool - Level,1
9,121309,121308,9,0,Information Tool - Life and Nano Points,1
9,121348,121348,18,0,Nano Crystal (Team Skill Wrangler (Weak)),2
9,121367,121367,14,0,Nano Crystal (Skill Wrangler (Patchy)),2
9,121518,121518,4,0,Nano Crystal (Amateur Health Haggler),1
9,121572,121573,9,0,Useless Triple-Blade,1
9,121591,121592,9,0,Rusty Hand Blade,2
9,121610,121611,9,0,Refitted Polearm,1
9,121648,121649,9,0,Chipped Polearm,1
9,121665,121666,9,0,Dulled Thagh Whings,1
9,121741,121742,9,0,Unbalanced Right Slice,1
9,121760,121761,9,0,Unbalanced Mini Axe,1
9,121798,121799,9,0,Ill-Treated Disaffiliation Sniper,1
9,121836,121837,9,0,Irreparable Sleekblaster,1
9,121855,121856,9,0,Ill-Treated Chunkprojector,2
9,121893,121894,9,0,Ill-Treated Heavy Grinner,1
9,121912,121913,9,0,Ill-Treated Flamethrower,2
9,121931,121932,9,0,Ill-Treated Gatling Saw 20k,1
9,121950,121951,9,0,Unbalanced Slank Chop,1
9,122083,122084,9,0,Ill-Treated Blackened Blaster Rifle,2
9,122178,122179,9,0,Ill-Treated Megajolt,2
9,122197,122198,9,0,Ill-Treated DNA-Locked Blaster Rifle,1
9,122292,122293,9,0,Irreparable Omni-Flamer Mk IV,1
9,122349,122350,9,0,Punctured Metaphysic Energy Shield,2
9,122368,122369,9,0,Punctured Energy Shield,1
9,122406,122407,9,0,Punctured Energy Buckler,1
9,122425,122426,9,0,Ill-Treated Mausser Particle Streamer,1
9,122444,122445,9,0,Irreparable El Dieu,1
9,122463,122464,9,0,Irreparable El Diablo,1
9,122482,122483,9,0,Irreparable Ingram Blaster 23-X,3
9,122501,122502,9,0,Ill-Treated Biogun,1
9,122539,122540,9,0,Ill-Treated Omni-Pol Standard Flamer,2
9,122596,122597,9,0,Ill-Treated Blackhole Mk IX,2
9,122634,122635,9,0,Irreparable The Original Plasma-Emitter,1
9,122672,122673,9,0,Ill-Treated Heavy Lead Sprayer,1
9,122748,122749,9,0,Dull Two-Handed Blackjack,1
9,122767,122768,9,0,Ill-Treated Bow-Blaster,1
9,122805,122806,9,0,Dull Gofle-Prod,1
9,122824,122825,9,0,Worn-Out Chair,1
9,122848,122849,9,0,Unbalanced Stun-Baton,1
9,122867,122868,9,0,Ill-Treated Grenade-Thrower,1
9,122886,122887,9,0,Irreparable Minielectronium,1
9,122905,122906,9,0,Dull Support Beam,3
9,122924,122925,9,0,Dull Blackjohn,2
9,122962,122963,9,0,Dull Notum Staff,2
9,123000,123001,9,0,Dull Notum Spear,1
9,123076,123077,9,0,Irreparable Sleekblaster Major,1
9,123095,123096,9,0,Irreparable DNA-Targeted Executioner Pistol,1
9,123114,123115,9,0,Unbalanced Bow Split,1
9,123171,123172,9,0,Irreparable Electron-Charged Pistol,2
9,123190,123191,9,0,Ill-Treated Suppressor,1
9,123343,123344,9,0,Unbalanced Hand Axe,2
9,123381,123382,9,0,Unbalanced Meat-Cleaver,1
9,123419,123420,9,0,Ill-Treated Netgun,1
9,123495,123496,9,0,Irreparable IMI Desert Reet 1000,1
9,123647,123648,9,0,Irreparable Sentinels ETE Strike Gun,1
9,123666,123667,9,0,Irreparable River MV,2
9,123685,123686,9,0,Irreparable Seburo Bobsons,3
9,123723,123724,9,0,M-1 Bipower Prototype,1
9,123774,123775,9,0,Rusty MTI 95 Match Pistol,2
9,123789,123790,9,0,Leaking MTI VP300 Caseless,1
9,123838,123838,9,0,Rusty Zastaba Cz-200,1
9,123844,123845,9,0,Rusty Freedom Arms Super 90,4
9,123855,123856,9,0,Second-Hand Old English Trading Co.,2
9,123868,123869,9,0,Old Atlas Bern C.V.,1
9,123879,123880,9,0,Worn BigBurger Inc.,4
9,123886,123887,9,0,Sparkling HSR Arms,1
9,123893,123894,9,0,Rusty OT Backup,3
9,123904,123905,9,0,Rusty OT 0120 Machine Pistol,1
9,123909,123910,9,0,Rusty MTI SOCOM Mk IV,1
9,123928,123929,9,0,Rusty FN 7-7 Pistol,4
9,123942,123943,9,0,Burned-Out Galahad Inc T70,1
9,123968,123970,9,0,Rusty OT Boomer M30,3
9,123976,123977,9,0,Gripo-Com AKR 1K20,1
9,123979,123980,9,0,Rusty Nomad 21.7 BMG Ranger,1
9,123992,123992,9,0,Rusty Old English Trading Co. Type 77a,2
9,124018,124019,9,0,Sig SG 992 SWAT Edition 2,1
9,124070,124071,9,0,M52A Pulse Rifle,2
9,124101,124102,9,0,O.E.T. Co. C70 Brigand,3
9,124219,124220,9,0,Galahad Inc. Scout,1
9,124241,124242,9,0,Rusty OT M50 Shotgun,1
9,124263,124264,9,0,Old OT MPS-00 Police Shotgun,1
9,124302,124303,9,0,Flawed Old English Trading Co. Urban Sniper,1
9,124313,124314,9,0,Rusty Ithaca Ki-8,1
9,124357,124358,9,0,Flawed MTI G-90A3,1
9,124364,124365,9,0,Rusty OT Anti-Cyborg Rifle,1
9,124372,124373,9,0,Battered BBI AS-90,1
9,124383,124384,9,0,HSR Arms F-59,1
9,124431,124432,9,0,Bent BBI Minami-90,2
9,124444,124445,9,0,Loose Kalinkalov Mz-99,1
9,124453,124454,9,0,Rusty EN-RAL,1
9,124460,124461,9,0,BBI Ranged Restraint Carbine (Joith gun),3
9,124487,124488,9,0,Manex SD 4004,1
9,124505,124506,9,0,OT Eskorpio 21,1
9,124510,124511,9,0,Rusty Sentinels Personal Edition,3
9,124529,124530,9,0,Prototype Sito-Tech Model 00,1
9,124548,124549,9,0,Ill-Treated Seburo M35,2
9,124579,124580,9,0,Irreparable OT Viper IX,2
9,124598,124599,9,0,Ill-Treated MTI MP200,2
9,124617,124618,9,0,Used MTI SO1210,1
9,124768,124769,9,0,Ill-Treated OT ARL-10 Micromissile Launcher,1
9,124779,124780,9,0,Ill-Treated Tsunami Raiden MP-Drum,1
9,124798,124799,9,0,Ill-Treated OT M-110 Renegade SAW,2
9,124855,124856,9,0,Ill-Treated Planet Gripon Arms Hard-Boomer,2
9,124874,124875,9,0,Ill-Treated GE ME30 Mom,1
9,124891,124892,9,0,Ill-Treated OT M-00 Crystal,1
9,124910,124911,9,0,Ill-Treated Westinghouse IM-50 Plasma Burner,1
9,124929,124930,9,0,Ill-Treated IEC Flashpoint Laser Rifle,2
9,124967,124968,9,0,Ill-Treated GE XM-559 Man-Portable Laser,1
9,124986,124987,9,0,Ill-Treated Reet-Tech Stryker X,2
9,125005,125006,9,0,Ill-Treated Joint Clans Exocet II,1
9,125024,125025,9,0,Ill-Treated Joint Clans Patriot,1
9,125062,125063,9,0,Ill-Treated Reet-Tech Venom Compound Bow,2
9,125081,125082,9,0,Ill-Treated Oneida Razor Half-Bow,1
9,125296,125297,9,0,Splintered Peasant Squibber,1
9,125311,125312,9,0,Splintered Merchant Squibber,1
9,125330,125331,9,0,Splintered Large Rider Squibber,2
9,125343,125344,9,0,Splintered Protector Squibber,1
9,125419,125420,9,0,Splintered Torch,1
9,125445,125446,9,0,Tear-soaked Pillow with Important Stripes,1
9,125455,125455,9,0,Creviced Concrete Cushion,1
9,125751,125751,17,0,Nano Crystal (Calling of Medinos),3
9,125770,125770,17,0,Nano Crystal (Frost Slivers),1
9,128627,128628,9,0,Rusty Ares Arms AR-90 Jet Rifle,1
9,128655,128656,9,0,Ill-treated HSR Arms Tech Assault IV,1
9,128734,128735,9,0,1st edition Pistola Di Macchina Mini Automatico 2,1
9,128758,128759,9,0,Ill-treated Fabrique Des Armes Bizon 20-19,3
9,128784,128785,9,0,MTI MP903A3D9,1
9,128787,128788,9,0,Leaky Old English Trading Co. SPP-502,1
9,128792,128793,9,0,Ill-treated OT Cobra M-33,2
9,128811,128812,9,0,Ill-treated Zastaba M0-2 Assault Weapon (Zero),1
9,128830,128831,9,0,Rusty Freedom Arms Defender,2
9,128871,128872,9,0,Ill-treated Arwen MM-50 Grenade Launcher,1
9,128919,128920,9,0,Splintered Peasant Executioner,2
9,128995,128996,9,0,Obtuse Protector Warblade,1
9,129017,129018,9,0,Fast Chocolate Surprise,1
9,129026,129027,9,0,Cracked Sledgehammer,3
9,129045,129046,9,0,10th level Ninja Katana,1
9,129064,129065,9,0,3rd level Ninja Tanto,2
9,129638,129639,9,0,Over-tuned Wen-Wen,3
9,130005,130006,9,0,Run Speed Cluster - Bright (Left-Wrist),2
9,130051,130052,9,0,Ancient Featherwood Staff,2
9,130060,130061,9,0,Unbalanced Heavy Staff,1
9,130071,130072,9,0,Splintered Light Staff,2
9,130082,130083,9,0,Faded Magical Stave of Inferno,2
9,130125,130126,9,0,Splintered Denunciatory Spear,1
9,130144,130145,9,0,Rusty Hayfork,1
9,130163,130164,9,0,Loose MTI Sword,2
9,130172,130173,9,0,Bent OT Sword,2
9,130181,130182,9,0,Leaky Hot Air Stick,1
9,130197,130198,9,0,Splintered Bloodworm Carapace,1
9,130348,130349,9,0,"Left-Wrist Implant: Mult. Melee, Shiny",1
9,130363,130364,9,0,"Leg Implant: Imp/Proj AC, Shiny",1
9,136690,136690,14,0,Nano Crystal (Slipshod Bandaging),5
9,142777,142777,17,0,Nano Crystal (Project Thought Patterns),2
9,142836,142837,9,0,Splintered Metaplast Mace,1
9,142855,142856,9,0,Cast-off Eye Wind Onehander,1
9,143833,143845,9,0,Ill-Treated Sunburst Mk IV,1
9,144063,144064,9,0,Splintered Survival Axe,2
9,144082,144083,9,0,Bent Tanto,1
9,144101,144102,9,0,Sparkling Freedom Arms 4200,2
9,150193,150194,9,0,,1
9,150223,150224,9,0,,1
9,151775,151775,17,0,,4
9,151780,151780,18,0,,1
9,152109,152110,9,0,,1
9,152122,152123,9,0,,1
9,152154,152155,9,0,,1
9,152367,152368,9,0,,1
9,152723,152724,9,0,,1
9,152747,152748,9,0,,4
9,152766,152767,9,0,,1
9,153083,153084,9,0,,2
9,154069,150213,9,0,,2
9,156142,156142,4,0,,1
9,158045,158046,9,0,,1
9,159021,159022,9,0,,1
9,159040,159041,9,0,,1
9,159083,159087,9,0,,1
9,159109,159110,9,0,,2
9,160216,160217,9,0,,1
9,160219,160220,9,0,,1
9,160236,160237,9,0,,1
9,160264,160265,9,0,,3
9,160279,160280,9,0,,1
9,160481,160482,9,0,,3
9,166257,166258,9,0,,1
9,170870,170871,9,0,,1
9,171666,171383,9,0,,1
9,172184,171047,9,0,,1
9,172413,172414,9,0,,1
9,178190,178191,9,0,,1
9,202724,202724,8,0,,2
9,202827,202827,8,0,,1
9,202871,202871,10,0,,2
9,203594,203594,10,0,,1
9,203870,203870,14,0,,1
9,204139,204140,9,0,,1
9,204267,204268,9,0,,1
9,204270,204271,9,0,,2
9,205198,205198,16,0,,1
9,206289,206290,9,0,,2
9,209283,209284,9,0,,1
9,209489,209489,4,0,,1
9,210322,210322,14,0,,7
9,210354,210354,4,0,,4
9,210356,210356,17,0,,2
9,210529,210529,1,0,,2
9,210590,210590,2,0,,8
9,210612,210612,8,0,,4
9,210733,210733,5,0,,3
9,210805,210805,14,0,,3
9,211153,211153,19,0,,2
9,218351,218352,9,0,,2
9,218744,218745,9,0,,1
9,218780,218781,9,0,,1
9,227473,227473,30,0,,2
9,297633,297633,10,0,,1
10,23314,23316,10,0,Simple First-Aid Kit,2
10,26471,26471,14,0,Nano Crystal (Ranged Special Attacks Incompetence),5
10,26489,26489,10,0,Nano Crystal (Nano Skills Incompetence),1
10,26503,26503,14,0,Nano Crystal (Melee Special Attacks Incompetence),2
10,26541,26541,10,0,Nano Crystal (Drain Abilities),1
10,27199,27199,10,0,Nano Crystal (Melee Weapons Incompetence),2
10,27223,27223,4,0,Nano Crystal (Lethargy),3
10,27263,27263,10,0,Nano Crystal (Ranged Weapons Incompetence),1
10,27381,27381,1,0,Omni-Med Suit Gloves,3
10,27386,27386,1,0,Omni-Med Suit Trousers,1
10,28751,28751,4,0,Nano Crystal (Team Quick Heal),3
10,28752,28752,10,0,Nano Crystal (Terrain Knowledge),2
10,28767,28767,7,0,Nano Crystal (Doctor's Grace),3
10,28780,28780,7,0,Nano Crystal (Inflict Harm),1
10,28936,28936,7,0,Nano Crystal (Give Life: 10),2
10,28943,28943,4,0,Nano Crystal (Iron Fist),3
10,28945,28945,17,0,Nano Crystal (Limbo Mastery),1
10,28950,28950,20,0,Nano Crystal (Muscle Stim),1
10,29192,29192,10,0,Nano Crystal (Symbol Helper),2
10,29195,29195,20,0,Nano Crystal (Crowbar Subtlety),2
10,29356,29356,17,0,Nano Crystal (Persistent Damage Multiplier),1
10,29360,29360,17,0,Nano Crystal (Quickshot),1
10,29823,29823,1,0,Nano Crystal (Armor Megaboost),1
10,29844,29844,10,0,Nano Crystal (Gun Enhancement),3
10,30110,30110,10,0,Nano Crystal (Distracted Gaze),1
10,30122,30122,14,0,Nano Crystal (Gunslinger),1
10,30771,30771,20,0,Nano Crystal (Frequent Customer),1
10,30781,30781,10,0,Nano Crystal (Lend Nano: 50),1
10,31420,31420,14,0,Nano Crystal (Cracker's Luck),1
10,31423,31423,20,0,Nano Crystal (Grid Phreak),1
10,31498,31498,1,0,White Cloak,6
10,31499,31499,1,0,Red Cloak,3
10,31500,31500,1,0,Grey Cloak,1
10,31501,31501,1,0,Green Cloak,4
10,31503,31503,1,0,Blue Cloak,3
10,31504,31504,1,0,Jean Trenchcoat,1
10,31505,31505,1,0,Black Trenchcoat,3
10,31506,31506,1,0,Black Omni-Tek Commander Cloak,1
10,31515,31515,1,0,Red Omni-Tek Commander Cloak,2
10,31516,31516,1,0,Trenchcoat,5
10,31517,31517,1,0,Black Cloak,1
10,31528,31528,1,0,Red Cloak Hood,3
10,31530,31530,1,0,Grey Cloak Hood,2
10,31531,31531,1,0,Green Cloak Hood,2
10,31532,31532,1,0,Brown Cloak Hood,4
10,31533,31533,1,0,Blue Cloak Hood,4
10,31534,31534,1,0,Black Cloak Hood,6
10,32075,32075,20,0,Nano Crystal (False Profession: Engineer),3
10,32076,32076,14,0,Nano Crystal (False Profession: Martial Artist),1
10,32079,32079,14,0,Nano Crystal (False Profession: Soldier),3
10,32082,32082,10,0,Nano Crystal (False Profession: Enforcer),4
10,32103,32103,20,0,Nano Crystal (Shadow Crown),2
10,36783,36782,10,0,Belt Component Platform Ti-100X,2
10,42412,42412,1,0,Nano Crystal (Enhance Team Health),1
10,42416,42416,14,0,Nano Crystal (Lasting Heal),2
10,42423,42423,4,0,Nano Crystal (Weak Team Heal),1
10,42544,42544,20,0,Nano Crystal (Halon Cloud),1
10,42546,42546,17,0,Nano Crystal (Molecule Lance),1
10,43552,43551,10,0,Portable Surgery Clinic,2
10,43780,43780,14,0,Nano Crystal (Summon Fury Externalization),1
10,43930,43930,20,0,Nano Crystal (Team Field Dressings),2
10,43962,43962,17,0,Nano Crystal (Lesser Nano Bandage),1
10,43975,43975,14,0,Nano Crystal (Inferior Cleanse Wounds),1
10,44185,44185,14,0,Nano Crystal (Elementary Nano Contagion),1
10,44189,44189,7,0,Nano Crystal (Limited Nano Reaper),1
10,45961,45961,17,0,Nano Crystal (Micro Flechette),2
10,45965,45965,1,0,Nano Crystal (Minor Toxic Barb),3
10,45966,45966,10,0,Nano Crystal (Minor Toxic Field),4
10,45969,45969,14,0,Nano Crystal (Ion Stream),1
10,45987,45987,20,0,Nano Crystal (Dual Energized Beams),1
10,46019,46019,17,0,Nano Crystal (Semi-Sentient Automaton),2
10,46033,46033,20,0,Nano Crystal (Patchwork Android),1
10,46059,46059,4,0,Nano Crystal (Lesser Automaton),1
10,46063,46063,20,0,Nano Crystal (Feeble Android),2
10,46082,46082,14,0,Nano Crystal (Advanced Automaton),1
10,46435,46435,17,0,Nano Crystal (Faithful Helper-Droid),1
10,46454,46454,14,0,Nano Crystal (Director-Grade Worker-Droid),2
10,46456,46456,1,0,Nano Crystal (Basic Worker-Droid),1
10,46462,46462,7,0,Nano Crystal (Advanced Worker),4
10,46475,46475,20,0,Nano Crystal (Advanced Helper),1
10,49821,49821,4,0,Nano Crystal (Challenger to Cyclops),2
10,49823,49823,14,0,Nano Crystal (Brave Challenger to Cyclops),3
10,55681,55680,10,0,Psychology Tutoring Device,1
10,55685,55684,10,0,Nano Programming Tutoring Device,1
10,55687,55686,10,0,Computer Literacy Tutoring Device,1
10,55688,55677,10,0,Chemistry Tutoring Device,1
10,55690,55689,10,0,Mechanical Engineering Tutoring Device,2
10,55694,55693,10,0,Electrical Engineering Tutoring Device,1
10,55759,55759,20,0,Nano Crystal (Field of Sparks),1
10,55761,55761,10,0,Nano Crystal (Bristling Shield),1
10,55762,55762,4,0,Nano Crystal (Avenging Shield),1
10,55863,55863,1,0,Nano Crystal (Coat of Barbs),4
10,56003,56003,4,0,Nano Crystal (Lesser Illusory Paralysis),1
10,56178,56178,14,0,Nano Crystal (Feet of Stone),1
10,56238,56238,1,0,Nano Crystal (Detain Suspect),3
10,56241,56241,17,0,Nano Crystal (Lesser Hold Victim),1
10,56252,56252,14,0,Nano Crystal (No Escape Possible),2
10,70398,70398,17,0,Nano Crystal (Minor Deflection Shield (Extended)),3
10,70401,70401,1,0,Nano Crystal (Partial Deflection Shield),1
10,70411,70411,10,0,Nano Crystal (Total Mirror Shield Mk I),4
10,70558,85640,10,0,Battered Low-Tech Armor Boots,3
10,70559,85689,10,0,Battered Low-Tech Body Armor,1
10,70560,85688,10,0,Battered Low-Tech Female Body Armor,1
10,70561,85744,10,0,Battered Low-Tech Armor Sleeves,5
10,70562,85597,10,0,Battered Low-Tech Armor Gloves,1
10,70563,85558,10,0,Battered Low-Tech Armor Helmet,5
10,70564,85515,10,0,Battered Low-Tech Armor Pants,6
10,70565,85514,10,0,Battered Low-Tech Armor Shorts,1
10,70610,70610,10,0,Bird of Prey,1
10,75355,75355,14,0,Nano Crystal (Harden Skin),1
10,75369,75369,20,0,Nano Crystal (Lesser Wilderness Protection),1
10,75415,75415,4,0,Nano Crystal (Minor Combat Barrier),1
10,75416,75416,14,0,Nano Crystal (Minor Absorption Shield),1
10,78421,78421,20,0,Nano Crystal (Health Funnel),1
10,78446,78446,10,0,Nano Crystal (Punishing Blade),1
10,81847,81847,20,0,Nano Crystal (Energized Fists),1
10,81848,81848,10,0,Nano Crystal (Crash of Thunder),1
10,81892,81892,10,0,Nano Crystal (Lesser Nano Boost),3
10,81956,81956,14,0,Nano Crystal (Inject Poison),1
10,82003,82003,20,0,Nano Crystal (Subsonic Blast),2
10,82065,82065,17,0,Nano Crystal (Team Restore Essence),2
10,82070,82070,20,0,Nano Crystal (Restore Essence),1
10,82071,82071,10,0,Nano Crystal (Lesser Healing Touch),3
10,82078,82078,17,0,Nano Crystal (Team Rough Stitching),2
10,82188,82188,10,0,Nano Crystal (Mass Daze),1
10,82800,82800,4,0,Nano Crystal (Passive Micro Entanglement),2
10,82802,82802,10,0,Nano Crystal (Lesser Nano Net),1
10,82806,82806,20,0,Nano Crystal (Active Micro Entanglement),1
10,82807,82807,14,0,Nano Crystal (Postpone Encounter),1
10,82838,82838,20,0,Nano Crystal (Pronouncement of Greatness),4
10,83920,83919,10,0,Aggression Enhancer,1
10,83975,83975,4,0,Nano Crystal (Poke Eyes),2
10,83984,83984,7,0,Nano Crystal (Claw Eyes),1
10,85273,85273,4,0,Nano Crystal (Basic Insurance Hack),1
10,85282,85282,17,0,Nano Crystal (Medical Claim),1
10,85368,85369,10,0,Burst of Speed Stim,2
10,85477,21917,10,0,Worn Cyber Armor Sleeves,1
10,85481,85690,10,0,Battered Leather Vest,2
10,85500,85499,10,0,Inferior Chilled Plasteel Armor Pants,2
10,85501,22343,10,0,Inferior Heated Plasteel Armor Pants,5
10,85502,22339,10,0,Recruit-Issue Omni-Pol Forest Armor Pants,3
10,85504,27394,10,0,Recruit-Issue Omni-Pol Desert Armor Pants,1
10,85510,85509,10,0,Inferior Nail Armor Pants,3
10,85512,85511,10,0,Worn Metaplast Armor Pants,1
10,85517,27360,10,0,Battered Flak Armor Pants,3
10,85519,85518,10,0,Battered Sid's Leather Armor Pants,1
10,85521,85520,10,0,Battered Leather Armor Pants,4
10,85526,22293,10,0,Inferior Energized Armor Pants,1
10,85531,22289,10,0,Worn Cyber Armor Pants,4
10,85533,85532,10,0,Battered Light Combat Armor Pants,3
10,85547,85546,10,0,Inferior Chilled Plasteel Armor Helmet,5
10,85549,22254,10,0,Recruit-Issue Omni-Pol Forest Armor Helmet,6
10,85551,27402,10,0,Recruit-Issue Omni-Pol Desert Armor Helmet,2
10,85557,85556,10,0,Worn Metaplast Armor Helmet,3
10,85560,85559,10,0,Battered Sid's Leather Armor Helmet,1
10,85562,85561,10,0,Battered Leather Armor Helmet,2
10,85567,22223,10,0,Inferior Energized Armor Helmet,1
10,85572,22219,10,0,Worn Cyber Armor Helmet,1
10,85586,85585,10,0,Inferior Chilled Plasteel Armor Gloves,4
10,85587,22208,10,0,Inferior Heated Plasteel Armor Gloves,2
10,85588,22204,10,0,Recruit-Issue Omni-Pol Forest Armor Gloves,1
10,85590,27396,10,0,Recruit-Issue Omni-Pol Desert Armor Gloves,3
10,85596,85595,10,0,Worn Metaplast Armor Gloves,1
10,85600,85599,10,0,Battered Sid's Leather Armor Gloves,5
10,85602,85601,10,0,Battered Leather Armor Gloves,8
10,85607,22170,10,0,Inferior Energized Armor Gloves,1
10,85612,22166,10,0,Worn Cyber Armor Gloves,2
10,85626,85625,10,0,Inferior Chilled Plasteel Armor Boots,1
10,85627,22154,10,0,Inferior Heated Plasteel Armor Boots,2
10,85628,22150,10,0,Recruit-Issue Omni-Pol Forest Armor Boots,3
10,85630,27392,10,0,Recruit-Issue Omni-Pol Desert Armor Boots,5
10,85636,85635,10,0,Inferior Nail Armor Boots,2
10,85643,85642,10,0,Battered Sid's Leather Armor Boots,7
10,85645,85644,10,0,Battered Leather Armor Boots,2
10,85650,22108,10,0,Inferior Energized Armor Boots,5
10,85655,22104,10,0,Worn Cyber Armor Boots,3
10,85657,85656,10,0,Battered Light Combat Armor Boots,1
10,85676,22072,10,0,Recruit-Issue Omni-Pol Forest Body Armor,3
10,85678,27398,10,0,Recruit-Issue Omni-Pol Desert Body Armor,2
10,85684,85683,10,0,Inferior Nail Body Armor,3
10,85686,85685,10,0,Worn Metaplast Body Armor,3
10,85691,22004,10,0,Inferior Kevlar Vest,4
10,85693,27389,10,0,Battered Flak Body Armor,2
10,85695,85694,10,0,Battered Sid's Leather Body Armor,4
10,85697,85696,10,0,Battered Leather Body Armor,4
10,85702,22018,10,0,Inferior Energized Body Armor,4
10,85711,22014,10,0,Worn Cyber Female Body Armor,2
10,85712,22010,10,0,Worn Cyber Body Armor,4
10,85714,85713,10,0,Battered Light Combat Body Armor,3
10,85723,85722,10,0,Worn Nadir Steel-Ribbed Armor Sleeves,3
10,85730,85729,10,0,Inferior Chilled Plasteel Armor Sleeves,4
10,85731,21967,10,0,Inferior Heated Plasteel Armor Sleeves,4
10,85732,21963,10,0,Recruit-Issue Omni-Pol Forest Armor Sleeves,1
10,85734,27400,10,0,Recruit-Issue Omni-Pol Desert Armor Sleeves,3
10,85740,85739,10,0,Inferior Nail Armor Sleeves,4
10,85742,85741,10,0,Worn Metaplast Armor Sleeves,5
10,85746,27391,10,0,Battered Flak Armor Sleeves,5
10,85748,85747,10,0,Battered Sid's Leather Armor Sleeves,4
10,85750,85749,10,0,Battered Leather Armor Sleeves,3
10,85755,21921,10,0,Inferior Energized Armor Sleeves,4
10,85874,85874,20,0,Nano Crystal (Ransack Skills (Minor)),1
10,85894,85894,4,0,Nano Crystal (Deprive Skills (Weak)),1
10,86438,86438,1,0,Katara Sunglasses,1
10,86441,86441,1,0,Keelarr Sunglasses,1
10,87471,87471,1,0,Tattoo,1
10,87476,87476,1,0,Tattoo,1
10,87479,87479,1,0,Tattoo,1
10,87483,87483,1,0,Tattoo,1
10,87810,87814,10,0,Hacker Tool,3
10,87893,87893,10,0,Trimmer - Divert Energy to Defense,1
10,88373,88374,10,0,Yatamutchy Movement Predictor -X7B,1
10,88377,88377,10,0,Trimmer - Divert Energy to Offense,2
10,90407,90407,17,0,Nano Crystal (Basic Humidity Extractor),1
10,90453,90453,17,0,Nano Crystal (Baton of Authority (Team)),2
10,95536,95536,14,0,Nano Crystal (Internal Focus),1
10,95727,95727,17,0,Nano Crystal (Boot Camp Toughness),4
10,95728,95728,14,0,Nano Crystal (Essence of Vitality),2
10,99133,99133,7,0,Nano Crystal (Shed Anger),1
10,99139,99139,14,0,Nano Crystal (Douse Anger),1
10,99212,99212,20,0,Nano Crystal (Temporary Glamor),1
10,99589,99589,7,0,Nano Crystal (Tired Limbs),1
10,99594,99594,17,0,Nano Crystal (Muscle Atrophy),1
10,99618,99618,17,0,Nano Crystal (Unfriendly Merger),1
10,99999,99999,1,0,"Body Tattoo, Back",3
10,100004,100004,1,0,"Body Tattoo, Front",1
10,100005,100005,1,0,"Body Tattoo, Front",1
10,100006,100006,1,0,"Body Tattoo, Back",1
10,100011,100011,1,0,"Body Tattoo, Front",1
10,100013,100013,1,0,Tattoo,2
10,100202,100202,17,0,Nano Crystal (Mongo Slam!),2
10,100228,100228,14,0,Nano Crystal (Draw Attention),4
10,100452,100452,20,0,Nano Crystal (Distract with Trinkets),1
10,101109,101110,10,0,"Eye Implant: Rifle, Shiny",1
10,101135,101136,10,0,"Ear Implant: Vehicle Hydr, Faded",1
10,101173,101174,10,0,"Chest Implant: Melee/Ma AC, Shiny",1
10,101217,101218,10,0,"Waist Implant: Melee/Ma AC, Bright",1
10,101267,101268,10,0,"Leg Implant: Energy AC, Bright",1
10,101311,101312,10,0,Imp/Proj AC Cluster - Bright (Chest),1
10,101315,101316,10,0,Melee/Ma AC Cluster - Faded (Leg),2
10,101317,101318,10,0,Melee/Ma AC Cluster - Bright (Waist),1
10,101323,101324,10,0,Energy AC Cluster - Bright (Leg),1
10,101327,101328,10,0,Chemical AC Cluster - Faded (Left-Arm),3
10,101337,101338,10,0,1h Blunt Cluster - Shiny (Right-Arm),1
10,101339,101340,10,0,1h Edged Weapon Cluster - Faded (Right-Hand),1
10,101341,101342,10,0,1h Edged Weapon Cluster - Bright (Right-Wrist),1
10,101349,101350,10,0,Melee Ener Cluster - Shiny (Head),1
10,101353,101354,10,0,2h Edged Cluster - Bright (Left-Arm),1
10,101359,101360,10,0,Piercing Cluster - Bright (Left-Arm),1
10,101367,101368,10,0,2h Blunt Cluster - Shiny (Right-Arm),1
10,101369,101370,10,0,Sharp Obj Cluster - Faded (Eye),1
10,101374,101375,10,0,Radiation AC Cluster - Shiny (Waist),2
10,101380,101381,10,0,Cold AC Cluster - Shiny (Waist),1
10,101384,101385,10,0,Nano Resist Cluster - Bright (Right-Wrist),1
10,101386,101387,10,0,Nano Resist Cluster - Shiny (Head),1
10,101390,101391,10,0,Fire AC Cluster - Bright (Left-Hand),2
10,101394,101395,10,0,Martial Arts Cluster - Faded (Left-Hand),2
10,101396,101397,10,0,Martial Arts Cluster - Bright (Feet),1
10,101404,101405,10,0,Mult. Melee Cluster - Shiny (Left-Wrist),3
10,101406,101334,10,0,1h Blunt Cluster - Faded (Right-Hand),2
10,101416,101417,10,0,Time & Space Cluster - Bright (Right-Hand),1
10,101424,101554,10,0,Nano Pool Cluster - Shiny (Chest),1
10,101427,101428,10,0,Sharp Obj Cluster - Shiny (Right-Wrist),2
10,101429,101430,10,0,Grenade Cluster - Faded (Right-Hand),1
10,101433,101434,10,0,Grenade Cluster - Shiny (Right-Arm),4
10,101437,101438,10,0,Heavy Weapons Cluster - Bright (Eye),1
10,101445,101446,10,0,Bow Cluster - Shiny (Right-Arm),1
10,101449,101450,10,0,Pistol Cluster - Bright (Right-Hand),3
10,101451,101452,10,0,Pistol Cluster - Shiny (Right-Wrist),1
10,101457,101458,10,0,Rifle Cluster - Shiny (Eye),2
10,101459,101460,10,0,MG / SMG Cluster - Faded (Chest),1
10,101461,101462,10,0,MG / SMG Cluster - Bright (Right-Hand),1
10,101465,101466,10,0,Shotgun Cluster - Faded (Waist),2
10,101469,101470,10,0,Shotgun Cluster - Shiny (Right-Arm),1
10,101471,101472,10,0,Assault Rif Cluster - Faded (Eye),2
10,101475,101476,10,0,Assault Rif Cluster - Shiny (Right-Arm),1
10,101481,101482,10,0,Vehicle Hydr Cluster - Shiny (Head),1
10,101483,101484,10,0,Melee. Init Cluster - Faded (Waist),2
10,101489,101490,10,0,Ranged. Init Cluster - Faded (Right-Hand),1
10,101493,101494,10,0,Ranged. Init Cluster - Shiny (Right-Wrist),1
10,101495,101496,10,0,Physic. Init Cluster - Faded (Left-Arm),2
10,101497,101498,10,0,Physic. Init Cluster - Bright (Right-Arm),4
10,101499,101500,10,0,Physic. Init Cluster - Shiny (Feet),1
10,101501,101502,10,0,Bow Spc Att Cluster - Faded (Right-Wrist),1
10,101505,101506,10,0,Bow Spc Att Cluster - Shiny (Head),1
10,101507,101508,10,0,Sensory Impr Cluster - Faded (Chest),2
10,101511,101512,10,0,Sensory Impr Cluster - Shiny (Head),1
10,101513,101514,10,0,First Aid Cluster - Faded (Left-Hand),1
10,101519,101520,10,0,Treatment Cluster - Faded (Right-Hand),1
10,101521,101522,10,0,Treatment Cluster - Bright (Eye),1
10,101527,101528,10,0,Mech. Engi Cluster - Bright (Eye),1
10,101531,101532,10,0,Elec. Engi Cluster - Faded (Right-Hand),1
10,101533,101534,10,0,Elec. Engi Cluster - Bright (Head),1
10,101539,101540,10,0,Matt.Metam Cluster - Bright (Chest),2
10,101541,101542,10,0,Matt.Metam Cluster - Shiny (Head),3
10,101543,101544,10,0,Bio.Metamor Cluster - Faded (Waist),1
10,101547,101548,10,0,Bio.Metamor Cluster - Shiny (Head),1
10,101549,101550,10,0,Psycho Modi Cluster - Faded (Ear),1
10,101551,101552,10,0,Psycho Modi Cluster - Bright (Eye),1
10,101555,101556,10,0,Ranged Ener Cluster - Faded (Left-Hand),2
10,101563,101564,10,0,Multi Ranged Cluster - Bright (Right-Wrist),1
10,101569,101570,10,0,Trap Disarm Cluster - Bright (Left-Hand),2
10,101573,101574,10,0,Perception Cluster - Faded (Head),1
10,101575,101576,10,0,Perception Cluster - Bright (Eye),1
10,101579,101580,10,0,Adventuring Cluster - Faded (Chest),3
10,101581,101582,10,0,Adventuring Cluster - Bright (Waist),1
10,101583,101584,10,0,Adventuring Cluster - Shiny (Leg),1
10,101593,101594,10,0,Vehicle Air Cluster - Bright (Ear),3
10,101603,101604,10,0,Tutoring Cluster - Faded (Head),2
10,101605,101606,10,0,Tutoring Cluster - Bright (Ear),1
10,101607,101608,10,0,Tutoring Cluster - Shiny (Eye),2
10,101611,101612,10,0,Brawling Cluster - Bright (Right-Arm),1
10,101619,101620,10,0,Riposte Cluster - Shiny (Right-Wrist),1
10,101629,101630,10,0,Parry Cluster - Bright (Left-Wrist),1
10,101633,101634,10,0,Sneak Atck Cluster - Faded (Eye),1
10,101641,101642,10,0,Fast Attack Cluster - Bright (Right-Hand),1
10,101645,101646,10,0,NanoC. Init Cluster - Faded (Chest),1
10,101649,101650,10,0,NanoC. Init Cluster - Shiny (Head),1
10,101651,101652,10,0,Fling Shot Cluster - Faded (Right-Wrist),1
10,101653,101654,10,0,Fling Shot Cluster - Bright (Right-Hand),1
10,101659,101660,10,0,Aimed Shot Cluster - Bright (Right-Wrist),2
10,101661,101662,10,0,Aimed Shot Cluster - Shiny (Eye),1
10,101663,101664,10,0,Body Dev Cluster - Faded (Leg),1
10,101669,101670,10,0,Duck-Exp Cluster - Faded (Feet),2
10,101671,101672,10,0,Duck-Exp Cluster - Bright (Waist),1
10,101675,101676,10,0,Dodge-Rng Cluster - Faded (Waist),2
10,101677,101678,10,0,Dodge-Rng Cluster - Bright (Feet),1
10,101689,101690,10,0,Quantum FT Cluster - Bright (Eye),1
10,101693,101694,10,0,Weapon Smt Cluster - Faded (Eye),2
10,101701,101702,10,0,Pharma Tech Cluster - Bright (Eye),1
10,101703,101704,10,0,Pharma Tech Cluster - Shiny (Head),1
10,101707,101708,10,0,Nano Progra Cluster - Bright (Eye),2
10,101713,101714,10,0,Comp. Liter Cluster - Bright (Eye),1
10,101715,101716,10,0,Comp. Liter Cluster - Shiny (Head),1
10,101721,101722,10,0,Psychology Cluster - Shiny (Head),1
10,101723,101724,10,0,Chemistry Cluster - Faded (Right-Hand),1
10,101725,101726,10,0,Chemistry Cluster - Bright (Eye),1
10,101727,101728,10,0,Chemistry Cluster - Shiny (Head),2
10,101731,101732,10,0,Concealment Cluster - Bright (Ear),1
10,101741,101742,10,0,Vehicle Grnd Cluster - Faded (Ear),2
10,101743,101744,10,0,Vehicle Grnd Cluster - Bright (Eye),2
10,101749,101750,10,0,Full Auto Cluster - Bright (Right-Wrist),1
10,101753,101754,10,0,Burst Cluster - Faded (Right-Hand),1
10,101755,101756,10,0,Burst Cluster - Bright (Right-Wrist),2
10,101759,101760,10,0,Disease AC Cluster - Faded (Chest),1
10,101761,101762,10,0,Disease AC Cluster - Bright (Leg),1
10,101771,101772,10,0,Strength Cluster - Faded (Chest),3
10,101775,101776,10,0,Strength Cluster - Shiny (Right-Arm),2
10,101777,101778,10,0,Agility Cluster - Faded (Waist),2
10,101781,101782,10,0,Agility Cluster - Shiny (Leg),1
10,101785,101786,10,0,Stamina Cluster - Bright (Leg),1
10,101787,101788,10,0,Stamina Cluster - Shiny (Chest),1
10,101789,101790,10,0,Intelligence Cluster - Faded (Ear),2
10,101793,101794,10,0,Intelligence Cluster - Shiny (Head),2
10,101795,101796,10,0,Sense Cluster - Faded (Head),4
10,101797,101798,10,0,Sense Cluster - Bright (Waist),1
10,101801,101802,10,0,Psychic Cluster - Faded (Ear),1
10,101807,101808,10,0,Max Health Cluster - Faded (Leg),2
10,101809,101810,10,0,Max Health Cluster - Bright (Waist),1
10,101815,101816,10,0,Max Nano Cluster - Bright (Waist),1
10,101821,101822,10,0,"Eye Implant: Elec. Engi, Shiny",1
10,101837,101838,10,0,"Eye Implant: Map Navig, Shiny",1
10,101871,101872,10,0,"Eye Implant: Vehicle Air, Shiny",1
10,101881,101882,10,0,"Eye Implant: Tutoring, Shiny",1
10,101903,101904,10,0,"Eye Implant: Map Navig, Shiny",1
10,102001,102002,10,0,"Eye Implant: Mech. Engi, Bright",2
10,102039,102040,10,0,"Eye Implant: Vehicle Air, Shiny",1
10,102083,102084,10,0,"Eye Implant: Tutoring, Shiny",1
10,102242,102243,10,0,"Eye Implant: Elec. Engi, Shiny",1
10,102274,102275,10,0,"Eye Implant: Vehicle Air, Shiny",1
10,102394,102395,10,0,"Eye Implant: Aimed Shot, Shiny",1
10,102480,102481,10,0,"Eye Implant: Ranged Ener, Bright",1
10,102486,102487,10,0,"Eye Implant: Vehicle Air, Shiny",1
10,102587,102588,10,0,"Eye Implant: Aimed Shot, Shiny",1
10,102645,102646,10,0,"Eye Implant: Rifle, Shiny",1
10,102687,102688,10,0,"Eye Implant: Rifle, Shiny",1
10,102708,102709,10,0,"Eye Implant: Ranged Ener, Bright",1
10,102749,102750,10,0,"Eye Implant: Chemistry, Bright",1
10,102790,102791,10,0,"Eye Implant: Map Navig, Shiny",1
10,102937,102938,10,0,"Eye Implant: Sensory Impr, Bright",1
10,102941,102942,10,0,"Eye Implant: Elec. Engi, Shiny",1
10,103018,103038,10,0,"Eye Implant: Rifle, Shiny",1
10,103021,103022,10,0,"Eye Implant: Map Navig, Shiny",1
10,103035,103036,10,0,"Eye Implant: Map Navig, Shiny",1
10,103140,103141,10,0,"Eye Implant: Rifle, Shiny",1
10,103177,103178,10,0,"Eye Implant: Rifle, Shiny",1
10,103205,103206,10,0,"Eye Implant: Rifle, Shiny",1
10,103213,103214,10,0,"Eye Implant: Tutoring, Shiny",1
10,103241,103242,10,0,"Eye Implant: Tutoring, Shiny",1
10,103266,103267,10,0,"Eye Implant: Aimed Shot, Shiny",1
10,103285,103286,10,0,"Eye Implant: Rifle, Shiny",1
10,103310,103311,10,0,"Eye Implant: Tutoring, Shiny",1
10,103384,103385,10,0,"Eye Implant: Rifle, Shiny",1
10,103425,103426,10,0,"Eye Implant: Vehicle Air, Shiny",1
10,103441,103442,10,0,"Eye Implant: Heavy Weapons, Bright",1
10,103453,103454,10,0,"Eye Implant: Aimed Shot, Shiny",1
10,103508,103509,10,0,"Eye Implant: Tutoring, Shiny",1
10,103528,103529,10,0,"Eye Implant: Rifle, Shiny",1
10,103651,103652,10,0,"Eye Implant: Elec. Engi, Shiny",1
10,103663,103664,10,0,"Eye Implant: Rifle, Shiny",1
10,103755,103756,10,0,"Eye Implant: Vehicle Air, Shiny",1
10,103821,103822,10,0,"Eye Implant: Rifle, Shiny",1
10,103877,103878,10,0,"Eye Implant: Rifle, Shiny",1
10,103896,103897,10,0,"Eye Implant: Aimed Shot, Shiny",1
10,103985,103986,10,0,"Eye Implant: Aimed Shot, Shiny",1
10,104266,104267,10,0,"Eye Implant: Elec. Engi, Shiny",1
10,104270,104271,10,0,"Eye Implant: Map Navig, Shiny",1
10,104382,104383,10,0,"Eye Implant: Map Navig, Shiny",1
10,104570,104571,10,0,"Eye Implant: Map Navig, Shiny",1
10,104576,104577,10,0,"Eye Implant: Vehicle Hydr, Bright",1
10,104705,104706,10,0,"Eye Implant: Map Navig, Shiny",1
10,104782,104783,10,0,"Eye Implant: Vehicle Air, Shiny",1
10,104796,104797,10,0,"Eye Implant: Vehicle Air, Shiny",1
10,104880,104881,10,0,"Eye Implant: Rifle, Shiny",1
10,104970,104971,10,0,"Eye Implant: Aimed Shot, Shiny",1
10,104984,104985,10,0,"Eye Implant: Aimed Shot, Shiny",1
10,104990,104991,10,0,"Eye Implant: Elec. Engi, Shiny",1
10,105074,105075,10,0,"Head Implant: Comp. Liter, Shiny",1
10,105207,105208,10,0,"Head Implant: Vehicle Hydr, Shiny",1
10,105257,105258,10,0,"Head Implant: NanoC. Init, Shiny",1
10,105392,105393,10,0,"Head Implant: Map Navig, Bright",1
10,105425,105426,10,0,"Head Implant: Vehicle Hydr, Shiny",1
10,105455,105456,10,0,"Head Implant: Psycho Modi, Shiny",1
10,105457,105458,10,0,"Head Implant: Psycho Modi, Shiny",1
10,105551,105552,10,0,"Head Implant: Mech. Engi, Shiny",1
10,105593,105594,10,0,"Head Implant: Nano Progra, Shiny",1
10,105617,105618,10,0,"Head Implant: Intelligence, Shiny",1
10,105693,105694,10,0,"Head Implant: Quantum FT, Shiny",2
10,105727,105728,10,0,"Head Implant: Psychic, Shiny",1
10,105983,105984,10,0,"Head Implant: Quantum FT, Shiny",1
10,106027,106028,10,0,"Head Implant: Psycho Modi, Shiny",1
10,106037,106038,10,0,"Head Implant: Quantum FT, Shiny",1
10,106281,106282,10,0,"Head Implant: Vehicle Hydr, Shiny",1
10,106287,106288,10,0,"Head Implant: First Aid, Shiny",1
10,106289,106290,10,0,"Head Implant: Treatment, Shiny",1
10,106293,106294,10,0,"Head Implant: Matt.Metam, Shiny",1
10,106353,106354,10,0,"Head Implant: Matter Crea, Shiny",1
10,106459,106460,10,0,"Head Implant: Psychology, Shiny",1
10,106493,106494,10,0,"Head Implant: Sensory Impr, Shiny",1
10,106499,106500,10,0,"Head Implant: First Aid, Shiny",1
10,106514,106515,10,0,"Head Implant: NanoC. Init, Shiny",1
10,106669,106670,10,0,"Head Implant: Mech. Engi, Shiny",1
10,106685,106686,10,0,"Head Implant: Quantum FT, Shiny",1
10,106695,106696,10,0,"Head Implant: Chemistry, Shiny",1
10,106779,106780,10,0,"Head Implant: Nano Progra, Shiny",1
10,106877,106878,10,0,"Head Implant: Melee Ener, Shiny",1
10,106885,106886,10,0,"Head Implant: Bow Spc Att, Shiny",1
10,106930,106931,10,0,"Head Implant: Psychology, Shiny",1
10,106966,106967,10,0,"Head Implant: Bio.Metamor, Shiny",2
10,107091,107092,10,0,"Head Implant: Vehicle Hydr, Shiny",1
10,107115,107116,10,0,"Head Implant: NanoC. Init, Shiny",1
10,107163,107164,10,0,"Head Implant: Vehicle Hydr, Shiny",1
10,107259,107260,10,0,"Ear Implant: Perception, Shiny",1
10,107266,107267,10,0,"Head Implant: Treatment, Shiny",1
10,107311,107312,10,0,"Ear Implant: Vehicle Grnd, Faded",1
10,107321,107322,10,0,"Ear Implant: Perception, Shiny",1
10,107398,107399,10,0,"Right-Arm Implant: 2h Edged, Shiny",1
10,107487,107488,10,0,"Right-Arm Implant: Strength, Shiny",1
10,107538,107539,10,0,"Right-Arm Implant: Strength, Shiny",1
10,107665,107666,10,0,"Right-Arm Implant: MG / SMG, Shiny",1
10,107691,107692,10,0,"Right-Arm Implant: Strength, Shiny",1
10,107723,107724,10,0,"Right-Arm Implant: Heavy Weapons, Shiny",1
10,107787,107788,10,0,"Right-Arm Implant: Fling Shot, Shiny",2
10,107803,107804,10,0,"Right-Arm Implant: 2h Edged, Shiny",1
10,107837,107838,10,0,"Right-Arm Implant: 1h Blunt, Shiny",1
10,107965,107966,10,0,"Right-Arm Implant: Strength, Shiny",1
10,108046,108047,10,0,"Right-Arm Implant: Full Auto, Shiny",1
10,108089,108090,10,0,"Right-Arm Implant: Break & Entry, Shiny",1
10,108095,108096,10,0,"Right-Arm Implant: Burst, Shiny",1
10,108146,108147,10,0,"Right-Arm Implant: 1h Blunt, Shiny",1
10,108180,108181,10,0,"Right-Arm Implant: 1h Blunt, Shiny",1
10,108210,108211,10,0,"Right-Arm Implant: Strength, Shiny",1
10,108278,108279,10,0,"Right-Arm Implant: Strength, Shiny",1
10,108286,108287,10,0,"Right-Arm Implant: 2h Edged, Shiny",1
10,108359,108360,10,0,"Right-Arm Implant: Full Auto, Shiny",1
10,108375,108376,10,0,"Chest Implant: Nano Pool, Shiny",1
10,108426,108427,10,0,"Chest Implant: Stamina, Shiny",1
10,108430,108431,10,0,"Chest Implant: Sense, Shiny",1
10,108444,108445,10,0,"Chest Implant: Melee/Ma AC, Shiny",1
10,108488,108489,10,0,"Chest Implant: Nano Pool, Shiny",1
10,108498,108499,10,0,"Chest Implant: Stamina, Shiny",1
10,108528,108529,10,0,"Chest Implant: Dimach, Shiny",1
10,108546,108547,10,0,"Chest Implant: MG / SMG, Faded",1
10,108580,108581,10,0,"Chest Implant: Max Health, Shiny",1
10,108590,108591,10,0,"Chest Implant: Dimach, Shiny",1
10,108592,108593,10,0,"Chest Implant: Body Dev, Shiny",1
10,108622,108623,10,0,"Chest Implant: Energy AC, Shiny",1
10,108730,108731,10,0,"Chest Implant: Melee/Ma AC, Shiny",1
10,108770,108771,10,0,"Chest Implant: Dimach, Shiny",1
10,108782,108783,10,0,"Chest Implant: Melee/Ma AC, Shiny",1
10,108890,108891,10,0,"Chest Implant: Imp/Proj AC, Bright",1
10,108906,108907,10,0,"Chest Implant: Dimach, Shiny",1
10,108920,108921,10,0,"Chest Implant: Sense, Shiny",1
10,108928,108929,10,0,"Chest Implant: Body Dev, Shiny",1
10,109164,109165,10,0,"Chest Implant: Melee/Ma AC, Shiny",1
10,109232,109233,10,0,"Chest Implant: Melee/Ma AC, Shiny",1
10,109246,109247,10,0,"Chest Implant: Max Health, Shiny",1
10,109337,109338,10,0,"Left-Arm Implant: 2h Edged, Bright",1
10,109400,109401,10,0,"Left-Arm Implant: Brawling, Shiny",1
10,109498,109499,10,0,"Right-Wrist Implant: Parry, Shiny",1
10,109704,109705,10,0,"Right-Wrist Implant: Riposte, Shiny",1
10,109720,109721,10,0,"Right-Wrist Implant: Ranged. Init, Shiny",1
10,109792,109793,10,0,"Right-Wrist Implant: Ranged. Init, Shiny",1
10,109796,109797,10,0,"Right-Wrist Implant: Riposte, Shiny",1
10,109808,109809,10,0,"Right-Wrist Implant: Sharp Obj, Shiny",2
10,109946,109947,10,0,"Right-Wrist Implant: Riposte, Shiny",1
10,109994,109995,10,0,"Right-Wrist Implant: Sharp Obj, Shiny",1
10,110024,110025,10,0,"Right-Wrist Implant: Pistol, Shiny",1
10,110030,110031,10,0,"Right-Wrist Implant: Riposte, Shiny",1
10,110068,110069,10,0,"Right-Wrist Implant: Ranged. Init, Shiny",1
10,110094,110095,10,0,"Waist Implant: Radiation AC, Shiny",1
10,110106,110107,10,0,"Waist Implant: Fire AC, Shiny",1
10,110118,110119,10,0,"Right-Wrist Implant: Sharp Obj, Shiny",1
10,110176,110177,10,0,"Waist Implant: Fire AC, Shiny",1
10,110300,110301,10,0,"Waist Implant: Chemical AC, Shiny",1
10,110430,110431,10,0,"Waist Implant: Adventuring, Bright",1
10,110436,110437,10,0,"Waist Implant: Fire AC, Shiny",2
10,110450,110523,10,0,"Waist Implant: Chemical AC, Shiny",1
10,110540,110541,10,0,"Waist Implant: Sense, Bright",1
10,110616,110617,10,0,"Waist Implant: Chemical AC, Shiny",1
10,110782,110783,10,0,"Waist Implant: Chemical AC, Shiny",1
10,110910,110911,10,0,"Waist Implant: Adventuring, Bright",1
10,110974,110975,10,0,"Waist Implant: Chemical AC, Shiny",1
10,111048,111049,10,0,"Waist Implant: Fire AC, Shiny",1
10,111082,111083,10,0,"Waist Implant: Cold AC, Shiny",1
10,111130,111131,10,0,"Waist Implant: Chemical AC, Shiny",1
10,111176,111177,10,0,"Waist Implant: Fire AC, Shiny",1
10,111201,111202,10,0,"Left-Wrist Implant: Multi Ranged, Shiny",1
10,111209,111210,10,0,"Waist Implant: Chemical AC, Shiny",1
10,111257,111258,10,0,"Waist Implant: Body Dev, Bright",1
10,111293,111294,10,0,"Waist Implant: Cold AC, Shiny",1
10,111402,111403,10,0,"Left-Wrist Implant: Mult. Melee, Shiny",1
10,111427,111428,10,0,"Left-Wrist Implant: Multi Ranged, Shiny",1
10,111506,111507,10,0,"Right-Hand Implant: Weapon Smt, Shiny",1
10,111518,111519,10,0,"Right-Hand Implant: Trap Disarm, Shiny",1
10,111541,111542,10,0,"Right-Hand Implant: Assault Rif, Bright",1
10,111556,111557,10,0,"Right-Hand Implant: First Aid, Bright",1
10,111570,111571,10,0,"Right-Hand Implant: Weapon Smt, Shiny",1
10,111576,111577,10,0,"Right-Hand Implant: Martial Arts, Shiny",1
10,111598,111599,10,0,"Right-Hand Implant: Weapon Smt, Shiny",1
10,111611,111612,10,0,"Right-Hand Implant: Martial Arts, Shiny",1
10,111631,111632,10,0,"Right-Hand Implant: Trap Disarm, Shiny",1
10,111682,111683,10,0,"Right-Hand Implant: Weapon Smt, Shiny",1
10,111716,111717,10,0,"Right-Hand Implant: Time & Space, Bright",1
10,111765,111766,10,0,"Right-Hand Implant: Trap Disarm, Shiny",1
10,111822,111823,10,0,"Right-Hand Implant: Assault Rif, Bright",1
10,111905,111906,10,0,"Right-Hand Implant: Weapon Smt, Shiny",1
10,111945,111946,10,0,"Right-Hand Implant: Weapon Smt, Shiny",1
10,111970,111971,10,0,"Right-Hand Implant: Bow Spc Att, Bright",1
10,112019,112020,10,0,"Right-Hand Implant: Martial Arts, Shiny",1
10,112067,112068,10,0,"Right-Hand Implant: Weapon Smt, Shiny",1
10,112142,112143,10,0,"Right-Hand Implant: Fast Attack, Bright",1
10,112146,112147,10,0,"Right-Hand Implant: Trap Disarm, Shiny",1
10,112251,112252,10,0,"Right-Hand Implant: Martial Arts, Shiny",1
10,112267,112268,10,0,"Right-Hand Implant: Weapon Smt, Shiny",1
10,112350,112351,10,0,"Right-Hand Implant: Fast Attack, Bright",1
10,112412,112413,10,0,"Right-Hand Implant: Weapon Smt, Shiny",1
10,112420,112421,10,0,"Right-Hand Implant: Weapon Smt, Shiny",2
10,112477,112478,10,0,"Right-Hand Implant: Martial Arts, Shiny",1
10,112736,112737,10,0,"Right-Hand Implant: Martial Arts, Shiny",1
10,112766,112767,10,0,"Right-Hand Implant: Comp. Liter, Faded",1
10,112774,112775,10,0,"Right-Hand Implant: Trap Disarm, Shiny",1
10,112784,112785,10,0,"Right-Hand Implant: Martial Arts, Shiny",1
10,112823,112824,10,0,"Right-Hand Implant: Shotgun, Bright",1
10,112863,112864,10,0,"Right-Hand Implant: Time & Space, Bright",1
10,112915,112916,10,0,"Right-Hand Implant: Trap Disarm, Shiny",1
10,112969,112985,10,0,"Right-Hand Implant: Martial Arts, Shiny",1
10,113027,113028,10,0,"Right-Hand Implant: Martial Arts, Shiny",1
10,113029,113030,10,0,"Right-Hand Implant: Martial Arts, Shiny",1
10,113052,113053,10,0,"Right-Hand Implant: Weapon Smt, Shiny",1
10,113102,113103,10,0,"Right-Hand Implant: Fling Shot, Bright",2
10,113111,113112,10,0,"Leg Implant: Duck-Exp, Shiny",1
10,113194,113195,10,0,"Leg Implant: Imp/Proj AC, Shiny",1
10,113257,113258,10,0,"Leg Implant: Stamina, Bright",1
10,113259,113260,10,0,"Leg Implant: Stamina, Bright",1
10,113271,113272,10,0,"Leg Implant: Swimming, Shiny",1
10,113319,113320,10,0,"Leg Implant: Imp/Proj AC, Shiny",1
10,113420,113421,10,0,"Leg Implant: Agility, Shiny",1
10,113444,113445,10,0,"Left-Hand Implant: Trap Disarm, Bright",1
10,113489,113490,10,0,"Leg Implant: Dodge-Rng, Shiny",1
10,113605,113606,10,0,"Feet Implant: Melee. Init, Shiny",1
10,116800,116800,14,0,Nano Crystal (Quick Fix),1
10,120609,120609,1,0,Omni-Med Cloak,2
10,121306,121307,10,0,Information Tool - Level,2
10,121348,121348,18,0,Nano Crystal (Team Skill Wrangler (Weak)),1
10,121360,121360,8,0,Nano Crystal (Skill Wrangler (Weak)),2
10,121367,121367,14,0,Nano Crystal (Skill Wrangler (Patchy)),1
10,121518,121518,4,0,Nano Crystal (Amateur Health Haggler),1
10,121572,121573,10,0,Useless Triple-Blade,1
10,121591,121592,10,0,Rusty Hand Blade,1
10,121610,121611,10,0,Refitted Polearm,2
10,121629,121630,10,0,Rusty Spiked Axe,1
10,121648,121649,10,0,Chipped Polearm,2
10,121665,121666,10,0,Dulled Thagh Whings,2
10,121684,121685,10,0,Cracked  Bolter 42mm,1
10,121760,121761,10,0,Unbalanced Mini Axe,2
10,121855,121856,10,0,Ill-Treated Chunkprojector,1
10,121874,121875,10,0,Ill-Treated Plasmaprojector,2
10,121912,121913,10,0,Ill-Treated Flamethrower,1
10,121950,121951,10,0,Unbalanced Slank Chop,2
10,121969,121970,10,0,Dull Katana,2
10,121988,121989,10,0,Irreparable Blackened Miniblaster,1
10,122045,122046,10,0,Dull Longmoon,1
10,122102,122103,10,0,Unbalanced Stabber,2
10,122140,122141,10,0,Unbalanced Cutlass,3
10,122159,122160,10,0,Dull E-Blade,1
10,122178,122179,10,0,Ill-Treated Megajolt,2
10,122216,122217,10,0,Ill-Treated Stigma Rifle,2
10,122235,122236,10,0,Ill-Treated Electrical Pacifier,1
10,122330,122331,10,0,Irreparable Minigrinner,1
10,122368,122369,10,0,Punctured Energy Shield,1
10,122444,122445,10,0,Irreparable El Dieu,1
10,122482,122483,10,0,Irreparable Ingram Blaster 23-X,1
10,122501,122502,10,0,Ill-Treated Biogun,1
10,122520,122521,10,0,Ill-Treated Omni-Flamer Strategic,1
10,122577,122578,10,0,Ill-Treated Supernova Mk VI,1
10,122615,122616,10,0,Irreparable Aero Borealis Corona,4
10,122653,122654,10,0,Irreparable Silver Miniblaster,2
10,122710,122711,10,0,Ill-Treated Kevlar Bow,1
10,122729,122730,10,0,Unbalanced Blackjack,1
10,122748,122749,10,0,Dull Two-Handed Blackjack,2
10,122767,122768,10,0,Ill-Treated Bow-Blaster,4
10,122786,122787,10,0,Dull Sword of Sir Galahad,1
10,122829,122830,10,0,Unbalanced Titanium Crowbar,1
10,122848,122849,10,0,Unbalanced Stun-Baton,1
10,122905,122906,10,0,Dull Support Beam,3
10,122962,122963,10,0,Dull Notum Staff,1
10,122981,122982,10,0,Irreparable Kolt 58 Magnum,1
10,123000,123001,10,0,Dull Notum Spear,1
10,123038,123039,10,0,Ill-Treated Medium Shotgun,1
10,123076,123077,10,0,Irreparable Sleekblaster Major,1
10,123114,123115,10,0,Unbalanced Bow Split,2
10,123171,123172,10,0,Irreparable Electron-Charged Pistol,1
10,123267,123267,10,0,Ill-Treated Nova Flow - Mk IV,2
10,123324,123324,10,0,Dull Banjo,2
10,123362,123363,10,0,Unbalanced Lead Pipe,1
10,123381,123382,10,0,Unbalanced Meat-Cleaver,1
10,123400,123401,10,0,Gluegun,2
10,123419,123420,10,0,Ill-Treated Netgun,1
10,123438,123439,10,0,Irreparable Ultra-Light Missile Pistol Raid 9-X,1
10,123476,123477,10,0,Irreparable MTI USP 21,1
10,123495,123496,10,0,Irreparable IMI Desert Reet 1000,1
10,123609,123610,10,0,Irreparable PNG M1007A1 Tactical Revolver,1
10,123628,123629,10,0,Irreparable BBI Sigma III,5
10,123685,123686,10,0,Irreparable Seburo Bobsons,1
10,123742,123743,10,0,Rusty OT M-10 Flechette Pistol,4
10,123774,123775,10,0,Rusty MTI 95 Match Pistol,2
10,123789,123790,10,0,Leaking MTI VP300 Caseless,1
10,123808,123809,10,0,Rusty MTI SW500,1
10,123844,123845,10,0,Rusty Freedom Arms Super 90,1
10,123855,123856,10,0,Second-Hand Old English Trading Co.,4
10,123879,123880,10,0,Worn BigBurger Inc.,1
10,123893,123894,10,0,Rusty OT Backup,1
10,123904,123905,10,0,Rusty OT 0120 Machine Pistol,1
10,123909,123910,10,0,Rusty MTI SOCOM Mk IV,3
10,123968,123970,10,0,Rusty OT Boomer M30,2
10,123976,123977,10,0,Gripo-Com AKR 1K20,1
10,124025,124026,10,0,Battered Galahad Inc. 055,1
10,124042,124043,10,0,F.D.A. Insurgent Fly,1
10,124070,124071,10,0,M52A Pulse Rifle,2
10,124073,124074,10,0,Rusty BBI PS500,1
10,124092,124093,10,0,Rusted AcuTek Cruncher,1
10,124101,124102,10,0,O.E.T. Co. C70 Brigand,2
10,124106,124107,10,0,Worn Kalo-BBI Model 55,1
10,124121,124122,10,0,Rusty ICC Arms SB21 Assault Shotgun,1
10,124198,124199,10,0,Worn OT-Windchaser RM70 Junior,3
10,124230,124231,10,0,Old Springfield Arms Home Defender,1
10,124241,124242,10,0,Rusty OT M50 Shotgun,2
10,124263,124264,10,0,Old OT MPS-00 Police Shotgun,1
10,124276,124277,10,0,Rusty Krutt Assault 219,1
10,124302,124303,10,0,Flawed Old English Trading Co. Urban Sniper,2
10,124313,124314,10,0,Rusty Ithaca Ki-8,1
10,124348,124349,10,0,Battered OT M500 SWAT Rifle,1
10,124364,124365,10,0,Rusty OT Anti-Cyborg Rifle,1
10,124369,124370,10,0,Barret M-00 Anti-Material Rifle,3
10,124383,124384,10,0,HSR Arms F-59,2
10,124391,124392,10,0,OT Rancho Colonial Carbine,2
10,124444,124445,10,0,Loose Kalinkalov Mz-99,1
10,124453,124454,10,0,Rusty EN-RAL,1
10,124465,124466,10,0,Rusty G.C. AKMR 1K20,1
10,124494,124495,10,0,Old Manex STR 77,1
10,124510,124511,10,0,Rusty Sentinels Personal Edition,2
10,124545,124546,10,0,YES Support 1010,1
10,124548,124549,10,0,Ill-Treated Seburo M35,1
10,124579,124580,10,0,Irreparable OT Viper IX,1
10,124598,124599,10,0,Ill-Treated MTI MP200,1
10,124662,124663,10,0,Ill-Treated Malorian Arms M25 Goodgun,1
10,124681,124682,10,0,Ill-Treated MTI MPK-22 Briefcase Gun,2
10,124711,124712,10,0,Ill-Treated Nord Armwerk MAX,2
10,124730,124731,10,0,Ill-Treated FN P00,1
10,124768,124769,10,0,Ill-Treated OT ARL-10 Micromissile Launcher,2
10,124798,124799,10,0,Ill-Treated OT M-110 Renegade SAW,1
10,124817,124818,10,0,Ill-Treated OT M-70 HardRain GPMG,1
10,124836,124837,10,0,Mistreated Vektor M-31 Automatic Grenade Launcher,2
10,124891,124892,10,0,Ill-Treated OT M-00 Crystal,1
10,124929,124930,10,0,Ill-Treated IEC Flashpoint Laser Rifle,1
10,124986,124987,10,0,Ill-Treated Reet-Tech Stryker X,2
10,125005,125006,10,0,Ill-Treated Joint Clans Exocet II,1
10,125043,125044,10,0,Ill-Treated Reet-Tech Junior Urban Crossbow,2
10,125062,125063,10,0,Ill-Treated Reet-Tech Venom Compound Bow,1
10,125081,125082,10,0,Ill-Treated Oneida Razor Half-Bow,3
10,125296,125297,10,0,Splintered Peasant Squibber,1
10,125330,125331,10,0,Splintered Large Rider Squibber,1
10,125343,125344,10,0,Splintered Protector Squibber,1
10,125362,125363,10,0,Splintered Merchant Executioner,1
10,125445,125446,10,0,Tear-soaked Pillow with Important Stripes,1
10,125456,125456,10,0,Concrete Cushion,4
10,128603,128604,10,0,Fragile D-nort Compact Assault Rifle,2
10,128627,128628,10,0,Rusty Ares Arms AR-90 Jet Rifle,1
10,128636,128637,10,0,Ill-treated Seburo C-99a ,1
10,128710,128711,10,0,Rusty River Series 6,1
10,128715,128716,10,0,Ill-treated Galahad Inc. 077 Personal Weapon,1
10,128831,128831,10,0,Rusty Freedom Arms Defender,1
10,128839,128840,10,0,Ill-treated OET Co. MP-21 Tactical Machine Pistol,1
10,128858,128859,10,0,Ill-treated MTI MPK-22 ,1
10,128890,128891,10,0,Ill-treated Steiner LM-5 Assault Laser,1
10,128916,128917,10,0,Water balloon,1
10,128919,128920,10,0,Splintered Peasant Executioner,1
10,128938,128939,10,0,Obtuse Peasant Warblade,3
10,128957,128958,10,0,Obtuse Merchant Warblade,1
10,128976,128977,10,0,Obtuse Rider Warblade,1
10,129017,129018,10,0,Fast Chocolate Surprise,2
10,129045,129046,10,0,10th level Ninja Katana,1
10,129064,129065,10,0,3rd level Ninja Tanto,2
10,130061,130061,10,0,Unbalanced Heavy Staff,1
10,130125,130126,10,0,Splintered Denunciatory Spear,1
10,130163,130164,10,0,Loose MTI Sword,1
10,130172,130173,10,0,Bent OT Sword,1
10,130275,130276,10,0,"Right-Wrist Implant: Run Speed, Shiny",1
10,130283,130284,10,0,"Right-Wrist Implant: Run Speed, Shiny",1
10,130399,130400,10,0,"Leg Implant: Imp/Proj AC, Shiny",1
10,130403,130404,10,0,"Leg Implant: Swimming, Shiny",1
10,130413,130414,10,0,"Leg Implant: Imp/Proj AC, Shiny",1
10,131605,131606,10,0,Rough Club,1
10,142773,142773,4,0,Nano Crystal (Swap Psyche),2
10,142804,142805,10,0,Silent SSC Rustling Wakisashi,1
10,142837,142837,10,0,Splintered Metaplast Mace,1
10,144101,144102,10,0,Sparkling Freedom Arms 4200,3
10,150193,150194,10,0,,2
10,150223,150224,10,0,,1
10,150306,150307,10,0,,3
10,151775,151775,17,0,,2
10,151780,151780,18,0,,2
10,152083,152084,10,0,,1
10,152109,152110,10,0,,2
10,152122,152123,10,0,,3
10,152155,152155,10,0,,2
10,152279,152280,10,0,,2
10,152298,154071,10,0,,1
10,152311,152312,10,0,,2
10,152339,152340,10,0,,1
10,152368,152368,10,0,,1
10,152386,152387,10,0,,1
10,152723,152724,10,0,,2
10,152732,152733,10,0,,2
10,152747,152748,10,0,,1
10,153083,153084,10,0,,4
10,154069,150213,10,0,,1
10,154739,154739,17,0,,1
10,155379,155379,8,0,,1
10,156142,156142,4,0,,2
10,156146,156146,11,0,,1
10,158019,158019,10,0,,2
10,158037,158037,10,0,,1
10,158963,158964,10,0,,1
10,159021,159022,10,0,,1
10,159035,159036,10,0,,2
10,159040,159041,10,0,,2
10,159083,159087,10,0,,1
10,160094,160095,10,0,,1
10,160184,160185,10,0,,1
10,160216,160217,10,0,,2
10,160239,160240,10,0,,1
10,160242,160243,10,0,,1
10,160245,160246,10,0,,1
10,160482,160482,10,0,,2
10,178036,178037,10,0,,1
10,178130,178131,10,0,,1
10,178194,178195,10,0,,1
10,191270,191280,10,0,,1
10,191604,191605,10,0,,1
10,202724,202724,8,0,,1
10,202827,202827,8,0,,1
10,203214,203214,20,0,,2
10,203870,203870,14,0,,1
10,204139,204140,10,0,,1
10,204267,204268,10,0,,1
10,205224,205225,10,0,,3
10,209283,209284,10,0,,2
10,209489,209489,4,0,,1
10,210300,210300,20,0,,1
10,210322,210322,14,0,,3
10,210354,210354,4,0,,1
10,210356,210356,17,0,,3
10,210485,210485,20,0,,6
10,210529,210529,1,0,,3
10,210590,210590,2,0,,1
10,210733,210733,5,0,,3
10,210805,210805,14,0,,3
10,211153,211153,19,0,,5
10,227473,227473,30,0,,3
10,233792,233793,10,0,,1
10,297633,297633,10,0,,1
12,23314,23316,12,0,Simple First-Aid Kit,2
12,25812,25811,12,0,Treatment Laboratory,1
12,26471,26471,14,0,Nano Crystal (Ranged Special Attacks Incompetence),1
12,26541,26541,10,0,Nano Crystal (Drain Abilities),2
12,27199,27199,10,0,Nano Crystal (Melee Weapons Incompetence),1
12,27223,27223,4,0,Nano Crystal (Lethargy),2
12,27263,27263,10,0,Nano Crystal (Ranged Weapons Incompetence),4
12,27382,27382,1,0,Omni-Med Suit Boots,1
12,27383,27383,1,0,Omni-Med Suit Shirt,1
12,27386,27386,1,0,Omni-Med Suit Trousers,1
12,27387,27387,1,0,Omni-Med Female Suit Shirt,1
12,28751,28751,4,0,Nano Crystal (Team Quick Heal),1
12,28752,28752,10,0,Nano Crystal (Terrain Knowledge),1
12,28770,28770,14,0,Nano Crystal (Enhanced First Aid),1
12,28780,28780,7,0,Nano Crystal (Inflict Harm),1
12,28804,28804,10,0,Nano Crystal (Corrosive Spray),1
12,28805,28805,4,0,Nano Crystal (Corruption),1
12,28811,28811,7,0,Nano Crystal (Fire Stream),2
12,28814,28814,14,0,Nano Crystal (Hot Feet),2
12,28934,28934,14,0,Nano Crystal (Give Energy: 25),1
12,28936,28936,7,0,Nano Crystal (Give Life: 10),2
12,28938,28938,14,0,Nano Crystal (Give Life: 25),2
12,28945,28945,17,0,Nano Crystal (Limbo Mastery),1
12,29195,29195,20,0,Nano Crystal (Crowbar Subtlety),1
12,29356,29356,17,0,Nano Crystal (Persistent Damage Multiplier),1
12,29360,29360,17,0,Nano Crystal (Quickshot),3
12,29844,29844,10,0,Nano Crystal (Gun Enhancement),1
12,29862,29862,7,0,Nano Crystal (Spike Shield),2
12,30110,30110,10,0,Nano Crystal (Distracted Gaze),1
12,30122,30122,14,0,Nano Crystal (Gunslinger),1
12,31420,31420,14,0,Nano Crystal (Cracker's Luck),1
12,31498,31498,1,0,White Cloak,2
12,31499,31499,1,0,Red Cloak,4
12,31500,31500,1,0,Grey Cloak,1
12,31501,31501,1,0,Green Cloak,5
12,31502,31502,1,0,Brown Cloak,3
12,31503,31503,1,0,Blue Cloak,2
12,31505,31505,1,0,Black Trenchcoat,6
12,31506,31506,1,0,Black Omni-Tek Commander Cloak,2
12,31515,31515,1,0,Red Omni-Tek Commander Cloak,3
12,31516,31516,1,0,Trenchcoat,4
12,31517,31517,1,0,Black Cloak,1
12,31528,31528,1,0,Red Cloak Hood,2
12,31530,31530,1,0,Grey Cloak Hood,1
12,31532,31532,1,0,Brown Cloak Hood,2
12,31533,31533,1,0,Blue Cloak Hood,6
12,31534,31534,1,0,Black Cloak Hood,2
12,32071,32071,17,0,Nano Crystal (False Profession: Adventurer),2
12,32075,32075,20,0,Nano Crystal (False Profession: Engineer),1
12,32076,32076,14,0,Nano Crystal (False Profession: Martial Artist),2
12,32082,32082,10,0,Nano Crystal (False Profession: Enforcer),2
12,32103,32103,20,0,Nano Crystal (Shadow Crown),2
12,36779,36778,12,0,2 - 3 NCU Memory,1
12,36783,36782,12,0,Belt Component Platform Ti-100X,1
12,42416,42416,14,0,Nano Crystal (Lasting Heal),1
12,42423,42423,4,0,Nano Crystal (Weak Team Heal),2
12,43552,43551,12,0,Portable Surgery Clinic,1
12,43939,43939,20,0,Nano Crystal (Relief From Pain),1
12,43962,43962,17,0,Nano Crystal (Lesser Nano Bandage),1
12,43975,43975,14,0,Nano Crystal (Inferior Cleanse Wounds),1
12,43978,43978,4,0,Nano Crystal (Emergency Stitching),1
12,44185,44185,14,0,Nano Crystal (Elementary Nano Contagion),2
12,44186,44186,10,0,Nano Crystal (Dissolve Molecular Bonding),1
12,44195,44195,17,0,Nano Crystal (Protein Breakdown),1
12,45966,45966,10,0,Nano Crystal (Minor Toxic Field),1
12,45987,45987,20,0,Nano Crystal (Dual Energized Beams),1
12,46010,46010,10,0,Nano Crystal (Upgraded Automaton),1
12,46040,46040,14,0,Nano Crystal (Perfected Automaton),1
12,46059,46059,4,0,Nano Crystal (Lesser Automaton),1
12,46063,46063,20,0,Nano Crystal (Feeble Android),2
12,46074,46074,7,0,Nano Crystal (Automaton),1
12,46419,46419,20,0,Nano Crystal (Supervisor-Grade Helper-Droid),1
12,46427,46427,17,0,Nano Crystal (Limited Helper-bot),3
12,46468,46468,14,0,Nano Crystal (Basic Helper-Droid),1
12,49821,49821,4,0,Nano Crystal (Challenger to Cyclops),4
12,55685,55684,12,0,Nano Programming Tutoring Device,2
12,55687,55686,12,0,Computer Literacy Tutoring Device,2
12,55688,55677,12,0,Chemistry Tutoring Device,1
12,55690,55689,12,0,Mechanical Engineering Tutoring Device,1
12,55692,55691,12,0,Field Quantum Physics Tutoring Device,1
12,55694,55693,12,0,Electrical Engineering Tutoring Device,2
12,55759,55759,20,0,Nano Crystal (Field of Sparks),5
12,55761,55761,10,0,Nano Crystal (Bristling Shield),1
12,55762,55762,4,0,Nano Crystal (Avenging Shield),4
12,55838,55838,7,0,Nano Crystal (Frost With Snow),2
12,55840,55840,17,0,Nano Crystal (Jacket of Blades),1
12,56252,56252,14,0,Nano Crystal (No Escape Possible),2
12,56266,56266,14,0,Nano Crystal (Lesser Embrace of Greed),1
12,70397,70397,14,0,Nano Crystal (Minor Deflection Shield),1
12,70403,70403,7,0,Nano Crystal (Partial Deflection Shield (Extended)),3
12,70411,70411,10,0,Nano Crystal (Total Mirror Shield Mk I),3
12,70559,85689,12,0,Battered Low-Tech Body Armor,4
12,70560,85688,12,0,Battered Low-Tech Female Body Armor,5
12,70561,85744,12,0,Battered Low-Tech Armor Sleeves,1
12,70562,85597,12,0,Battered Low-Tech Armor Gloves,4
12,70563,85558,12,0,Battered Low-Tech Armor Helmet,1
12,70564,85515,12,0,Battered Low-Tech Armor Pants,4
12,70581,70581,14,0,Nano Crystal (Flawed Protective Field),1
12,70585,70585,20,0,Nano Crystal (Flawed Defensive Screen),1
12,75355,75355,14,0,Nano Crystal (Harden Skin),2
12,75369,75369,20,0,Nano Crystal (Lesser Wilderness Protection),3
12,75416,75416,14,0,Nano Crystal (Minor Absorption Shield),3
12,75417,75417,20,0,Nano Crystal (Lesser Combat Barrier),2
12,78446,78446,10,0,Nano Crystal (Punishing Blade),2
12,81847,81847,20,0,Nano Crystal (Energized Fists),1
12,81848,81848,10,0,Nano Crystal (Crash of Thunder),1
12,81892,81892,10,0,Nano Crystal (Lesser Nano Boost),1
12,81952,81952,4,0,Nano Crystal (Lesser Suspicious Death),2
12,81956,81956,14,0,Nano Crystal (Inject Poison),2
12,82065,82065,17,0,Nano Crystal (Team Restore Essence),2
12,82070,82070,20,0,Nano Crystal (Restore Essence),3
12,82071,82071,10,0,Nano Crystal (Lesser Healing Touch),4
12,82188,82188,10,0,Nano Crystal (Mass Daze),1
12,82802,82802,10,0,Nano Crystal (Lesser Nano Net),3
12,82807,82807,14,0,Nano Crystal (Postpone Encounter),1
12,82816,82816,4,0,Nano Crystal (Lesser Stumbling Steps),1
12,82838,82838,20,0,Nano Crystal (Pronouncement of Greatness),6
12,83968,83968,20,0,Nano Crystal (Mass Claw Eyes),2
12,83975,83975,4,0,Nano Crystal (Poke Eyes),1
12,83984,83984,7,0,Nano Crystal (Claw Eyes),1
12,85273,85273,4,0,Nano Crystal (Basic Insurance Hack),1
12,85282,85282,17,0,Nano Crystal (Medical Claim),1
12,85366,85367,12,0,Simple Nano Kit,1
12,85368,85369,12,0,Burst of Speed Stim,1
12,85477,21917,12,0,Worn Cyber Armor Sleeves,7
12,85481,85690,12,0,Battered Leather Vest,4
12,85500,85499,12,0,Inferior Chilled Plasteel Armor Pants,1
12,85501,22343,12,0,Inferior Heated Plasteel Armor Pants,3
12,85502,22339,12,0,Recruit-Issue Omni-Pol Forest Armor Pants,2
12,85504,27394,12,0,Recruit-Issue Omni-Pol Desert Armor Pants,3
12,85510,85509,12,0,Inferior Nail Armor Pants,2
12,85512,85511,12,0,Worn Metaplast Armor Pants,2
12,85517,27360,12,0,Battered Flak Armor Pants,2
12,85519,85518,12,0,Battered Sid's Leather Armor Pants,1
12,85521,85520,12,0,Battered Leather Armor Pants,2
12,85526,22293,12,0,Inferior Energized Armor Pants,1
12,85533,85532,12,0,Battered Light Combat Armor Pants,2
12,85547,85546,12,0,Inferior Chilled Plasteel Armor Helmet,1
12,85548,22258,12,0,Inferior Heated Plasteel Armor Helmet,2
12,85549,22254,12,0,Recruit-Issue Omni-Pol Forest Armor Helmet,2
12,85551,27402,12,0,Recruit-Issue Omni-Pol Desert Armor Helmet,2
12,85557,85556,12,0,Worn Metaplast Armor Helmet,2
12,85560,85559,12,0,Battered Sid's Leather Armor Helmet,4
12,85562,85561,12,0,Battered Leather Armor Helmet,4
12,85567,22223,12,0,Inferior Energized Armor Helmet,4
12,85572,22219,12,0,Worn Cyber Armor Helmet,2
12,85586,85585,12,0,Inferior Chilled Plasteel Armor Gloves,2
12,85587,22208,12,0,Inferior Heated Plasteel Armor Gloves,6
12,85588,22204,12,0,Recruit-Issue Omni-Pol Forest Armor Gloves,2
12,85590,27396,12,0,Recruit-Issue Omni-Pol Desert Armor Gloves,4
12,85596,85595,12,0,Worn Metaplast Armor Gloves,2
12,85600,85599,12,0,Battered Sid's Leather Armor Gloves,2
12,85602,85601,12,0,Battered Leather Armor Gloves,2
12,85607,22170,12,0,Inferior Energized Armor Gloves,3
12,85612,22166,12,0,Worn Cyber Armor Gloves,3
12,85627,22154,12,0,Inferior Heated Plasteel Armor Boots,5
12,85630,27392,12,0,Recruit-Issue Omni-Pol Desert Armor Boots,3
12,85636,85635,12,0,Inferior Nail Armor Boots,1
12,85638,85637,12,0,Worn Metaplast Armor Boots,1
12,85643,85642,12,0,Battered Sid's Leather Armor Boots,2
12,85645,85644,12,0,Battered Leather Armor Boots,4
12,85650,22108,12,0,Inferior Energized Armor Boots,4
12,85655,22104,12,0,Worn Cyber Armor Boots,4
12,85657,85656,12,0,Battered Light Combat Armor Boots,2
12,85674,85673,12,0,Inferior Chilled Plasteel Body Armor,2
12,85675,22076,12,0,Inferior Heated Plasteel Body Armor,4
12,85676,22072,12,0,Recruit-Issue Omni-Pol Forest Body Armor,1
12,85678,27398,12,0,Recruit-Issue Omni-Pol Desert Body Armor,1
12,85684,85683,12,0,Inferior Nail Body Armor,6
12,85686,85685,12,0,Worn Metaplast Body Armor,4
12,85691,22004,12,0,Inferior Kevlar Vest,4
12,85693,27389,12,0,Battered Flak Body Armor,3
12,85695,85694,12,0,Battered Sid's Leather Body Armor,3
12,85697,85696,12,0,Battered Leather Body Armor,4
12,85702,22018,12,0,Inferior Energized Body Armor,4
12,85711,22014,12,0,Worn Cyber Female Body Armor,2
12,85712,22010,12,0,Worn Cyber Body Armor,3
12,85714,85713,12,0,Battered Light Combat Body Armor,1
12,85723,85722,12,0,Worn Nadir Steel-Ribbed Armor Sleeves,4
12,85730,85729,12,0,Inferior Chilled Plasteel Armor Sleeves,6
12,85731,21967,12,0,Inferior Heated Plasteel Armor Sleeves,3
12,85732,21963,12,0,Recruit-Issue Omni-Pol Forest Armor Sleeves,6
12,85734,27400,12,0,Recruit-Issue Omni-Pol Desert Armor Sleeves,2
12,85740,85739,12,0,Inferior Nail Armor Sleeves,1
12,85742,85741,12,0,Worn Metaplast Armor Sleeves,2
12,85746,27391,12,0,Battered Flak Armor Sleeves,2
12,85748,85747,12,0,Battered Sid's Leather Armor Sleeves,3
12,85750,85749,12,0,Battered Leather Armor Sleeves,2
12,85755,21921,12,0,Inferior Energized Armor Sleeves,3
12,85761,85760,12,0,Battered Light Combat Armor Sleeves,5
12,85873,85873,10,0,Nano Crystal (Ransack Skills (Weak)),1
12,85874,85874,20,0,Nano Crystal (Ransack Skills (Minor)),2
12,85894,85894,4,0,Nano Crystal (Deprive Skills (Weak)),1
12,86443,86443,1,0,Visor,1
12,87471,87471,1,0,Tattoo,1
12,87472,87472,1,0,Tattoo,3
12,87473,87473,1,0,Tattoo,1
12,87474,87474,1,0,Tattoo,1
12,87476,87476,1,0,Tattoo,2
12,87477,87477,1,0,Tattoo,3
12,87810,87814,12,0,Hacker Tool,1
12,87893,87936,12,0,Trimmer - Divert Energy to Defense,1
12,88377,88378,12,0,Trimmer - Divert Energy to Offense,2
12,88379,88380,12,0,Trimmer - Divert Energy to Avoidance,1
12,88381,88382,12,0,Trimmer - Divert Energy to Hitpoints,1
12,88383,88384,12,0,Trimmer - Positive Aggressive-Defensive,1
12,88385,88386,12,0,Trimmer - Negative Aggressive-Defensive,1
12,90407,90407,17,0,Nano Crystal (Basic Humidity Extractor),1
12,90453,90453,17,0,Nano Crystal (Baton of Authority (Team)),1
12,95427,95427,10,0,Nano Crystal (CrunchCom Code Sieve),1
12,95452,95452,4,0,Nano Crystal (Enhance Nano Communication),1
12,95453,95453,20,0,Nano Crystal (Enhance Nano Cohesion),3
12,95514,95515,12,0,NCU Coolant Sink,2
12,95727,95727,17,0,Nano Crystal (Boot Camp Toughness),2
12,95729,95729,4,0,Nano Crystal (Mongo's Troll),2
12,95749,95749,17,0,Nano Crystal (Health Graft),2
12,97449,97449,14,0,Nano Crystal (Survivability Booster),1
12,97459,97459,4,0,Nano Crystal (Health Augmentation),1
12,99133,99133,7,0,Nano Crystal (Shed Anger),2
12,99212,99212,20,0,Nano Crystal (Temporary Glamor),1
12,99618,99618,17,0,Nano Crystal (Unfriendly Merger),1
12,99999,99999,1,0,"Body Tattoo, Back",1
12,100004,100004,1,0,"Body Tattoo, Front",1
12,100005,100005,1,0,"Body Tattoo, Front",2
12,100007,100007,1,0,"Body Tattoo, Front",1
12,100010,100010,1,0,"Body Tattoo, Back",1
12,100011,100011,1,0,"Body Tattoo, Front",1
12,100013,100013,1,0,Tattoo,2
12,100228,100228,14,0,Nano Crystal (Draw Attention),1
12,101117,101118,12,0,Basic Head Implant,1
12,101139,101140,12,0,"Ear Implant: Vehicle Air, Bright",1
12,101237,101238,12,0,"Left-Wrist Implant: Mult. Melee, Shiny",1
12,101283,101284,12,0,"Left-Hand Implant: Fire AC, Bright",1
12,101311,101312,12,0,Imp/Proj AC Cluster - Bright (Chest),1
12,101313,101314,12,0,Imp/Proj AC Cluster - Shiny (Leg),2
12,101317,101318,12,0,Melee/Ma AC Cluster - Bright (Waist),2
12,101319,101320,12,0,Melee/Ma AC Cluster - Shiny (Chest),1
12,101321,101322,12,0,Energy AC Cluster - Faded (Waist),1
12,101323,101324,12,0,Energy AC Cluster - Bright (Leg),1
12,101325,101326,12,0,Energy AC Cluster - Shiny (Chest),1
12,101329,101330,12,0,Chemical AC Cluster - Bright (Right-Arm),1
12,101331,101332,12,0,Chemical AC Cluster - Shiny (Waist),1
12,101333,101371,12,0,Radiation AC Cluster - Faded (Right-Arm),2
12,101335,101336,12,0,1h Blunt Cluster - Bright (Right-Wrist),1
12,101339,101340,12,0,1h Edged Weapon Cluster - Faded (Right-Hand),1
12,101345,101346,12,0,Melee Ener Cluster - Faded (Right-Wrist),1
12,101347,101348,12,0,Melee Ener Cluster - Bright (Left-Wrist),3
12,101349,101350,12,0,Melee Ener Cluster - Shiny (Head),1
12,101359,101360,12,0,Piercing Cluster - Bright (Left-Arm),3
12,101363,101364,12,0,2h Blunt Cluster - Faded (Chest),1
12,101367,101368,12,0,2h Blunt Cluster - Shiny (Right-Arm),1
12,101378,101379,12,0,Cold AC Cluster - Bright (Right-Hand),1
12,101380,101381,12,0,Cold AC Cluster - Shiny (Waist),1
12,101384,101385,12,0,Nano Resist Cluster - Bright (Right-Wrist),3
12,101388,101389,12,0,Fire AC Cluster - Faded (Right-Hand),1
12,101392,101393,12,0,Fire AC Cluster - Shiny (Waist),1
12,101394,101395,12,0,Martial Arts Cluster - Faded (Left-Hand),1
12,101396,101397,12,0,Martial Arts Cluster - Bright (Feet),2
12,101402,101403,12,0,Mult. Melee Cluster - Bright (Eye),2
12,101404,101405,12,0,Mult. Melee Cluster - Shiny (Left-Wrist),4
12,101412,101413,12,0,Matter Crea Cluster - Shiny (Head),3
12,101414,101415,12,0,Time & Space Cluster - Faded (Eye),3
12,101420,101421,12,0,Nano Pool Cluster - Faded (Waist),2
12,101424,101554,12,0,Nano Pool Cluster - Shiny (Chest),1
12,101425,101426,12,0,Sharp Obj Cluster - Bright (Right-Hand),2
12,101435,101436,12,0,Heavy Weapons Cluster - Faded (Right-Hand),1
12,101437,101438,12,0,Heavy Weapons Cluster - Bright (Eye),1
12,101439,101440,12,0,Heavy Weapons Cluster - Shiny (Right-Arm),2
12,101441,101442,12,0,Bow Cluster - Faded (Eye),1
12,101445,101446,12,0,Bow Cluster - Shiny (Right-Arm),1
12,101447,101448,12,0,Pistol Cluster - Faded (Eye),1
12,101449,101450,12,0,Pistol Cluster - Bright (Right-Hand),1
12,101457,101458,12,0,Rifle Cluster - Shiny (Eye),1
12,101459,101460,12,0,MG / SMG Cluster - Faded (Chest),2
12,101461,101462,12,0,MG / SMG Cluster - Bright (Right-Hand),2
12,101473,101474,12,0,Assault Rif Cluster - Bright (Right-Hand),2
12,101479,101480,12,0,Vehicle Hydr Cluster - Bright (Eye),1
12,101485,101486,12,0,Melee. Init Cluster - Bright (Leg),1
12,101491,101492,12,0,Ranged. Init Cluster - Bright (Head),2
12,101493,101494,12,0,Ranged. Init Cluster - Shiny (Right-Wrist),1
12,101495,101496,12,0,Physic. Init Cluster - Faded (Left-Arm),3
12,101497,101498,12,0,Physic. Init Cluster - Bright (Right-Arm),4
12,101499,101500,12,0,Physic. Init Cluster - Shiny (Feet),1
12,101503,101504,12,0,Bow Spc Att Cluster - Bright (Right-Hand),1
12,101505,101506,12,0,Bow Spc Att Cluster - Shiny (Head),3
12,101509,101510,12,0,Sensory Impr Cluster - Bright (Eye),2
12,101511,101512,12,0,Sensory Impr Cluster - Shiny (Head),1
12,101513,101514,12,0,First Aid Cluster - Faded (Left-Hand),1
12,101515,101516,12,0,First Aid Cluster - Bright (Right-Hand),1
12,101517,101518,12,0,First Aid Cluster - Shiny (Head),2
12,101523,101524,12,0,Treatment Cluster - Shiny (Head),2
12,101529,101530,12,0,Mech. Engi Cluster - Shiny (Head),1
12,101531,101532,12,0,Elec. Engi Cluster - Faded (Right-Hand),1
12,101539,101540,12,0,Matt.Metam Cluster - Bright (Chest),1
12,101541,101542,12,0,Matt.Metam Cluster - Shiny (Head),1
12,101543,101544,12,0,Bio.Metamor Cluster - Faded (Waist),1
12,101545,101546,12,0,Bio.Metamor Cluster - Bright (Chest),1
12,101547,101548,12,0,Bio.Metamor Cluster - Shiny (Head),1
12,101549,101550,12,0,Psycho Modi Cluster - Faded (Ear),2
12,101555,101556,12,0,Ranged Ener Cluster - Faded (Left-Hand),1
12,101557,101558,12,0,Ranged Ener Cluster - Bright (Eye),2
12,101559,101560,12,0,Ranged Ener Cluster - Shiny (Head),1
12,101565,101566,12,0,Multi Ranged Cluster - Shiny (Left-Wrist),1
12,101567,101568,12,0,Trap Disarm Cluster - Faded (Head),1
12,101569,101570,12,0,Trap Disarm Cluster - Bright (Left-Hand),1
12,101575,101576,12,0,Perception Cluster - Bright (Eye),1
12,101583,101584,12,0,Adventuring Cluster - Shiny (Leg),1
12,101593,101594,12,0,Vehicle Air Cluster - Bright (Ear),4
12,101595,101596,12,0,Vehicle Air Cluster - Shiny (Eye),1
12,101603,101604,12,0,Tutoring Cluster - Faded (Head),1
12,101605,101606,12,0,Tutoring Cluster - Bright (Ear),1
12,101607,101608,12,0,Tutoring Cluster - Shiny (Eye),1
12,101613,101614,12,0,Brawling Cluster - Shiny (Left-Arm),1
12,101617,101618,12,0,Riposte Cluster - Bright (Left-Wrist),1
12,101619,101620,12,0,Riposte Cluster - Shiny (Right-Wrist),3
12,101621,101622,12,0,Dimach Cluster - Faded (Waist),2
12,101623,101624,12,0,Dimach Cluster - Bright (Head),1
12,101625,101626,12,0,Dimach Cluster - Shiny (Chest),3
12,101627,101628,12,0,Parry Cluster - Faded (Right-Arm),1
12,101631,101632,12,0,Parry Cluster - Shiny (Right-Wrist),1
12,101633,101634,12,0,Sneak Atck Cluster - Faded (Eye),1
12,101639,101640,12,0,Fast Attack Cluster - Faded (Right-Arm),2
12,101641,101642,12,0,Fast Attack Cluster - Bright (Right-Hand),1
12,101651,101652,12,0,Fling Shot Cluster - Faded (Right-Wrist),1
12,101653,101654,12,0,Fling Shot Cluster - Bright (Right-Hand),1
12,101655,101656,12,0,Fling Shot Cluster - Shiny (Right-Arm),1
12,101657,101658,12,0,Aimed Shot Cluster - Faded (Right-Hand),1
12,101661,101662,12,0,Aimed Shot Cluster - Shiny (Eye),1
12,101667,101668,12,0,Body Dev Cluster - Shiny (Chest),1
12,101671,101672,12,0,Duck-Exp Cluster - Bright (Waist),1
12,101673,101674,12,0,Duck-Exp Cluster - Shiny (Leg),1
12,101677,101678,12,0,Dodge-Rng Cluster - Bright (Feet),1
12,101679,101680,12,0,Dodge-Rng Cluster - Shiny (Leg),3
12,101685,101686,12,0,Evade-ClsC Cluster - Shiny (Feet),1
12,101687,101688,12,0,Quantum FT Cluster - Faded (Right-Hand),1
12,101693,101694,12,0,Weapon Smt Cluster - Faded (Eye),1
12,101697,101698,12,0,Weapon Smt Cluster - Shiny (Right-Hand),2
12,101701,101702,12,0,Pharma Tech Cluster - Bright (Eye),1
12,101703,101704,12,0,Pharma Tech Cluster - Shiny (Head),1
12,101705,101706,12,0,Nano Progra Cluster - Faded (Right-Hand),1
12,101707,101708,12,0,Nano Progra Cluster - Bright (Eye),1
12,101711,101712,12,0,Comp. Liter Cluster - Faded (Right-Hand),1
12,101713,101714,12,0,Comp. Liter Cluster - Bright (Eye),1
12,101717,101718,12,0,Psychology Cluster - Faded (Eye),2
12,101719,101720,12,0,Psychology Cluster - Bright (Ear),1
12,101727,101728,12,0,Chemistry Cluster - Shiny (Head),1
12,101729,101730,12,0,Concealment Cluster - Faded (Eye),2
12,101731,101732,12,0,Concealment Cluster - Bright (Ear),3
12,101733,101734,12,0,Concealment Cluster - Shiny (Feet),1
12,101737,101738,12,0,Break & Entry Cluster - Bright (Left-Arm),1
12,101739,101740,12,0,Break & Entry Cluster - Shiny (Right-Arm),1
12,101749,101750,12,0,Full Auto Cluster - Bright (Right-Wrist),1
12,101751,101752,12,0,Full Auto Cluster - Shiny (Right-Arm),1
12,101753,101754,12,0,Burst Cluster - Faded (Right-Hand),3
12,101759,101760,12,0,Disease AC Cluster - Faded (Chest),1
12,101761,101762,12,0,Disease AC Cluster - Bright (Leg),1
12,101763,101764,12,0,Disease AC Cluster - Shiny (Head),1
12,101771,101772,12,0,Strength Cluster - Faded (Chest),1
12,101773,101774,12,0,Strength Cluster - Bright (Left-Arm),1
12,101775,101776,12,0,Strength Cluster - Shiny (Right-Arm),1
12,101777,101778,12,0,Agility Cluster - Faded (Waist),2
12,101787,101788,12,0,Stamina Cluster - Shiny (Chest),2
12,101789,101790,12,0,Intelligence Cluster - Faded (Ear),1
12,101791,101792,12,0,Intelligence Cluster - Bright (Eye),1
12,101793,101794,12,0,Intelligence Cluster - Shiny (Head),1
12,101795,101796,12,0,Sense Cluster - Faded (Head),2
12,101801,101802,12,0,Psychic Cluster - Faded (Ear),1
12,101803,101804,12,0,Psychic Cluster - Bright (Chest),2
12,101807,101808,12,0,Max Health Cluster - Faded (Leg),1
12,101815,101816,12,0,Max Nano Cluster - Bright (Waist),1
12,101827,101828,12,0,"Eye Implant: Vehicle Air, Shiny",1
12,101941,101942,12,0,"Eye Implant: Aimed Shot, Shiny",1
12,102003,102004,12,0,"Eye Implant: Rifle, Shiny",1
12,102023,102024,12,0,"Eye Implant: Aimed Shot, Shiny",1
12,102071,102072,12,0,"Eye Implant: Elec. Engi, Shiny",1
12,102098,102099,12,0,"Eye Implant: Aimed Shot, Shiny",1
12,102120,102121,12,0,"Eye Implant: Map Navig, Shiny",1
12,102190,102191,12,0,"Eye Implant: Vehicle Air, Shiny",1
12,102202,102203,12,0,"Eye Implant: Aimed Shot, Shiny",1
12,102206,102207,12,0,"Eye Implant: Comp. Liter, Bright",1
12,102238,102239,12,0,"Eye Implant: Rifle, Shiny",1
12,102283,102284,12,0,"Eye Implant: Pharma Tech, Bright",1
12,102325,102326,12,0,"Eye Implant: Map Navig, Shiny",1
12,102374,102375,12,0,"Eye Implant: Tutoring, Shiny",1
12,102413,102414,12,0,"Eye Implant: Map Navig, Shiny",1
12,102508,102509,12,0,"Eye Implant: NanoC. Init, Bright",1
12,102538,102539,12,0,"Eye Implant: Aimed Shot, Shiny",2
12,102551,102552,12,0,"Eye Implant: Tutoring, Shiny",1
12,102585,102586,12,0,"Eye Implant: Tutoring, Shiny",1
12,102587,102588,12,0,"Eye Implant: Aimed Shot, Shiny",1
12,102635,102636,12,0,"Eye Implant: Tutoring, Shiny",1
12,102782,102783,12,0,"Eye Implant: Vehicle Grnd, Bright",1
12,102868,102869,12,0,"Eye Implant: Tutoring, Shiny",1
12,102923,102924,12,0,"Eye Implant: Vehicle Hydr, Bright",1
12,102950,102951,12,0,"Eye Implant: Elec. Engi, Shiny",1
12,103041,103042,12,0,"Eye Implant: Vehicle Air, Shiny",2
12,103078,103079,12,0,"Eye Implant: Tutoring, Shiny",1
12,103163,103164,12,0,"Eye Implant: Rifle, Shiny",1
12,103276,103277,12,0,"Eye Implant: Map Navig, Shiny",1
12,103278,103279,12,0,"Eye Implant: Tutoring, Shiny",1
12,103287,103288,12,0,"Eye Implant: Elec. Engi, Shiny",1
12,103332,103333,12,0,"Eye Implant: Aimed Shot, Shiny",1
12,103348,103349,12,0,"Eye Implant: Nano Progra, Bright",1
12,103392,103393,12,0,"Eye Implant: Vehicle Air, Shiny",1
12,103410,103411,12,0,"Eye Implant: Rifle, Shiny",1
12,103433,103434,12,0,"Eye Implant: Chemistry, Bright",1
12,103461,103462,12,0,"Eye Implant: Map Navig, Shiny",1
12,103465,103466,12,0,"Eye Implant: Aimed Shot, Shiny",1
12,103478,103479,12,0,"Eye Implant: Tutoring, Shiny",1
12,103490,103491,12,0,"Eye Implant: Vehicle Air, Shiny",1
12,103542,103543,12,0,"Eye Implant: Rifle, Shiny",1
12,103641,103642,12,0,"Eye Implant: Map Navig, Shiny",1
12,103731,103732,12,0,"Eye Implant: Tutoring, Shiny",1
12,103763,103764,12,0,"Eye Implant: Mech. Engi, Bright",1
12,103765,103766,12,0,"Eye Implant: Rifle, Shiny",2
12,103793,103794,12,0,"Eye Implant: Rifle, Shiny",1
12,103807,103808,12,0,"Eye Implant: Rifle, Shiny",1
12,103839,103840,12,0,"Eye Implant: Vehicle Air, Shiny",1
12,103930,103893,12,0,"Eye Implant: Map Navig, Shiny",1
12,104021,104022,12,0,"Eye Implant: Vehicle Air, Shiny",1
12,104113,104114,12,0,"Eye Implant: Pharma Tech, Bright",2
12,104143,104144,12,0,"Eye Implant: Rifle, Shiny",1
12,104178,104179,12,0,"Eye Implant: Elec. Engi, Shiny",1
12,104202,104203,12,0,"Eye Implant: Intelligence, Bright",1
12,104301,104302,12,0,"Eye Implant: Vehicle Air, Shiny",1
12,104319,104320,12,0,"Eye Implant: Tutoring, Shiny",1
12,104366,104367,12,0,"Eye Implant: Vehicle Air, Shiny",1
12,104382,104383,12,0,"Eye Implant: Map Navig, Shiny",1
12,104485,104486,12,0,"Eye Implant: Elec. Engi, Shiny",1
12,104508,104509,12,0,"Eye Implant: Rifle, Shiny",1
12,104564,104565,12,0,"Eye Implant: Rifle, Shiny",1
12,104659,104660,12,0,"Eye Implant: Elec. Engi, Shiny",1
12,104679,104680,12,0,"Eye Implant: Tutoring, Shiny",1
12,104788,104789,12,0,"Eye Implant: Aimed Shot, Shiny",1
12,104824,104825,12,0,"Eye Implant: Rifle, Shiny",2
12,104856,104857,12,0,"Eye Implant: Vehicle Air, Shiny",1
12,104872,104873,12,0,"Eye Implant: Map Navig, Shiny",1
12,104911,104912,12,0,"Head Implant: First Aid, Shiny",1
12,105008,105009,12,0,"Eye Implant: Map Navig, Shiny",1
12,105187,105188,12,0,"Head Implant: Max Nano, Shiny",1
12,105203,105204,12,0,"Head Implant: Melee Ener, Shiny",1
12,105249,105250,12,0,"Head Implant: Time & Space, Shiny",1
12,105291,105292,12,0,"Head Implant: Intelligence, Shiny",2
12,105305,105306,12,0,"Head Implant: Nano Pool, Bright",1
12,105485,105486,12,0,"Head Implant: Nano Progra, Shiny",1
12,105535,105536,12,0,"Head Implant: Bow Spc Att, Shiny",1
12,105537,105538,12,0,"Head Implant: Bow Spc Att, Shiny",1
12,105661,105662,12,0,"Head Implant: Mech. Engi, Shiny",1
12,105689,105690,12,0,"Head Implant: NanoC. Init, Shiny",1
12,105785,105786,12,0,"Head Implant: Matter Crea, Shiny",1
12,105823,105824,12,0,"Head Implant: Pharma Tech, Shiny",1
12,105825,105826,12,0,"Head Implant: Nano Progra, Shiny",1
12,105866,105867,12,0,"Head Implant: Vehicle Hydr, Shiny",1
12,105923,105924,12,0,"Head Implant: Time & Space, Shiny",1
12,105931,105932,12,0,"Head Implant: Pharma Tech, Shiny",1
12,106001,106002,12,0,"Head Implant: Psychic, Shiny",1
12,106067,106068,12,0,"Head Implant: Time & Space, Shiny",1
12,106142,106143,12,0,"Head Implant: Melee Ener, Shiny",1
12,106168,106169,12,0,"Head Implant: Nano Progra, Shiny",1
12,106194,106195,12,0,"Head Implant: Psychic, Shiny",1
12,106379,106380,12,0,"Head Implant: Psychic, Shiny",1
12,106487,106488,12,0,"Head Implant: Vehicle Hydr, Shiny",1
12,106564,106509,12,0,"Head Implant: Time & Space, Shiny",1
12,106709,106710,12,0,"Head Implant: Nano Resist, Shiny",1
12,106795,106796,12,0,"Head Implant: Pharma Tech, Shiny",1
12,106835,106836,12,0,"Head Implant: Bio.Metamor, Shiny",1
12,106849,106850,12,0,"Head Implant: Max Nano, Shiny",1
12,106867,106868,12,0,"Head Implant: Max Nano, Shiny",1
12,106900,106901,12,0,"Head Implant: Matter Crea, Shiny",1
12,106914,106915,12,0,"Head Implant: Quantum FT, Shiny",1
12,106936,106937,12,0,"Head Implant: Chemistry, Shiny",2
12,106973,106974,12,0,"Head Implant: Max Nano, Shiny",1
12,107001,107002,12,0,"Head Implant: Matter Crea, Shiny",1
12,107009,107010,12,0,"Head Implant: Quantum FT, Shiny",1
12,107011,107012,12,0,"Head Implant: Pharma Tech, Shiny",1
12,107039,107040,12,0,"Head Implant: Bow Spc Att, Shiny",1
12,107071,107072,12,0,"Head Implant: Psychology, Shiny",1
12,107139,107140,12,0,"Head Implant: Nano Progra, Shiny",1
12,107173,107174,12,0,"Head Implant: Mech. Engi, Shiny",1
12,107307,107308,12,0,"Ear Implant: Concealment, Bright",1
12,107345,107346,12,0,"Ear Implant: Perception, Shiny",1
12,107534,107535,12,0,"Right-Arm Implant: Burst, Shiny",1
12,107580,107581,12,0,"Right-Arm Implant: 1h Blunt, Shiny",1
12,107711,107712,12,0,"Right-Arm Implant: Piercing, Shiny",1
12,107729,107730,12,0,"Right-Arm Implant: Bow, Shiny",1
12,107765,107766,12,0,"Right-Arm Implant: 1h Blunt, Shiny",1
12,107789,107790,12,0,"Right-Arm Implant: Break & Entry, Shiny",1
12,107813,107814,12,0,"Right-Arm Implant: Bow, Shiny",1
12,107907,107908,12,0,"Right-Arm Implant: Shotgun, Shiny",1
12,107995,107996,12,0,"Right-Arm Implant: Heavy Weapons, Shiny",1
12,108056,108057,12,0,"Right-Arm Implant: 1h Blunt, Shiny",1
12,108164,108165,12,0,"Right-Arm Implant: Shotgun, Shiny",1
12,108375,108376,12,0,"Chest Implant: Nano Pool, Shiny",1
12,108416,108417,12,0,"Chest Implant: Stamina, Shiny",1
12,108418,108419,12,0,"Chest Implant: Stamina, Shiny",1
12,108436,108437,12,0,"Chest Implant: Max Health, Shiny",1
12,108492,108493,12,0,"Chest Implant: Dimach, Shiny",1
12,108620,108621,12,0,"Chest Implant: Melee/Ma AC, Shiny",1
12,108676,108677,12,0,"Chest Implant: Energy AC, Shiny",1
12,108836,108837,12,0,"Chest Implant: Body Dev, Shiny",1
12,108928,108929,12,0,"Chest Implant: Body Dev, Shiny",1
12,109112,109113,12,0,"Chest Implant: Dimach, Shiny",1
12,109122,109123,12,0,"Chest Implant: Bio.Metamor, Bright",2
12,109370,109371,12,0,"Left-Arm Implant: Break & Entry, Bright",1
12,109390,109391,12,0,"Left-Arm Implant: Piercing, Bright",1
12,109428,109429,12,0,"Right-Wrist Implant: Riposte, Shiny",1
12,109461,109462,12,0,"Right-Wrist Implant: Ranged. Init, Shiny",1
12,109463,109464,12,0,"Right-Wrist Implant: Riposte, Shiny",1
12,109494,109495,12,0,"Right-Wrist Implant: Riposte, Shiny",1
12,109572,109573,12,0,"Right-Wrist Implant: Ranged. Init, Shiny",1
12,109890,109891,12,0,"Right-Wrist Implant: Riposte, Shiny",1
12,109964,109965,12,0,"Right-Wrist Implant: Ranged. Init, Shiny",1
12,109968,109969,12,0,"Right-Wrist Implant: Riposte, Shiny",1
12,109970,109971,12,0,"Right-Wrist Implant: Parry, Shiny",1
12,110146,110147,12,0,"Waist Implant: Fire AC, Shiny",1
12,110220,110221,12,0,"Waist Implant: Cold AC, Shiny",1
12,110224,110225,12,0,"Waist Implant: Fire AC, Shiny",1
12,110392,110393,12,0,"Waist Implant: Radiation AC, Shiny",1
12,110472,110473,12,0,"Waist Implant: Radiation AC, Shiny",1
12,110512,110513,12,0,"Waist Implant: Chemical AC, Shiny",1
12,110586,110587,12,0,"Waist Implant: Radiation AC, Shiny",1
12,110590,110591,12,0,"Waist Implant: Fire AC, Shiny",1
12,110678,110679,12,0,"Waist Implant: Fire AC, Shiny",1
12,110740,110741,12,0,"Waist Implant: Radiation AC, Shiny",1
12,110744,110745,12,0,"Waist Implant: Cold AC, Shiny",1
12,110770,110771,12,0,"Waist Implant: Duck-Exp, Bright",1
12,110986,110987,12,0,"Waist Implant: Radiation AC, Shiny",1
12,111086,111087,12,0,"Waist Implant: Fire AC, Shiny",1
12,111158,111159,12,0,"Waist Implant: Radiation AC, Shiny",1
12,111189,111190,12,0,"Left-Wrist Implant: Multi Ranged, Shiny",1
12,111201,111202,12,0,"Left-Wrist Implant: Multi Ranged, Shiny",1
12,111207,111208,12,0,"Waist Implant: Max Health, Bright",1
12,111243,111244,12,0,"Waist Implant: Fire AC, Shiny",1
12,111251,111252,12,0,"Waist Implant: Radiation AC, Shiny",1
12,111271,111272,12,0,"Waist Implant: Radiation AC, Shiny",1
12,111277,111278,12,0,"Waist Implant: Sense, Bright",1
12,111371,111372,12,0,"Waist Implant: Radiation AC, Shiny",1
12,111446,111447,12,0,"Right-Hand Implant: Trap Disarm, Shiny",1
12,111543,111544,12,0,"Right-Hand Implant: Assault Rif, Bright",1
12,111572,111573,12,0,"Right-Hand Implant: Matter Crea, Bright",1
12,111629,111630,12,0,"Right-Hand Implant: Trap Disarm, Shiny",1
12,111781,111782,12,0,"Right-Hand Implant: Pistol, Bright",1
12,111929,111930,12,0,"Right-Hand Implant: Weapon Smt, Shiny",1
12,111959,111960,12,0,"Right-Hand Implant: Trap Disarm, Shiny",1
12,112027,112028,12,0,"Right-Hand Implant: Martial Arts, Shiny",1
12,112055,112056,12,0,"Right-Hand Implant: Martial Arts, Shiny",1
12,112086,112087,12,0,"Right-Hand Implant: Martial Arts, Shiny",1
12,112110,112111,12,0,"Right-Hand Implant: Bow Spc Att, Bright",1
12,112112,112113,12,0,"Right-Hand Implant: Martial Arts, Shiny",1
12,112226,112227,12,0,"Right-Hand Implant: Martial Arts, Shiny",1
12,112288,112238,12,0,"Right-Hand Implant: Fling Shot, Bright",1
12,112414,112415,12,0,"Right-Hand Implant: Assault Rif, Bright",1
12,112479,112480,12,0,"Right-Hand Implant: Trap Disarm, Shiny",1
12,112566,112567,12,0,"Right-Hand Implant: Trap Disarm, Shiny",1
12,112644,112645,12,0,"Right-Hand Implant: Trap Disarm, Shiny",1
12,112668,112669,12,0,"Right-Hand Implant: Martial Arts, Shiny",1
12,112734,112735,12,0,"Right-Hand Implant: Matter Crea, Bright",1
12,112748,112749,12,0,"Right-Hand Implant: Weapon Smt, Shiny",1
12,112823,112824,12,0,"Right-Hand Implant: Shotgun, Bright",1
12,112867,112868,12,0,"Right-Hand Implant: Trap Disarm, Shiny",1
12,112976,112977,12,0,"Leg Implant: Adventuring, Shiny",1
12,113021,113022,12,0,"Right-Hand Implant: Weapon Smt, Shiny",1
12,113025,113026,12,0,"Right-Hand Implant: Cold AC, Bright",1
12,113125,113126,12,0,"Leg Implant: Dodge-Rng, Shiny",1
12,113139,113140,12,0,"Leg Implant: Imp/Proj AC, Shiny",1
12,113147,113167,12,0,"Leg Implant: Swimming, Shiny",1
12,113150,113151,12,0,"Leg Implant: Imp/Proj AC, Shiny",1
12,113170,113171,12,0,"Leg Implant: Duck-Exp, Shiny",1
12,113214,113215,12,0,"Leg Implant: Agility, Shiny",1
12,113275,113276,12,0,"Leg Implant: Duck-Exp, Shiny",1
12,113396,113397,12,0,"Leg Implant: Max Health, Faded",1
12,113420,113421,12,0,"Leg Implant: Agility, Shiny",1
12,113428,113429,12,0,"Leg Implant: Adventuring, Shiny",1
12,113450,113451,12,0,"Left-Hand Implant: Martial Arts, Faded",1
12,113497,113498,12,0,"Leg Implant: Adventuring, Shiny",1
12,113501,113502,12,0,"Leg Implant: Duck-Exp, Shiny",1
12,113530,113531,12,0,"Feet Implant: Physic. Init, Shiny",1
12,113560,113561,12,0,"Feet Implant: Dodge-Rng, Bright",1
12,113607,113608,12,0,"Feet Implant: Physic. Init, Shiny",1
12,116800,116800,14,0,Nano Crystal (Quick Fix),1
12,118250,118250,21,0,Nano Crystal (Minor Delayed Health Payment),1
12,120609,120609,1,0,Omni-Med Cloak,4
12,121309,121308,12,0,Information Tool - Life and Nano Points,3
12,121348,121348,18,0,Nano Crystal (Team Skill Wrangler (Weak)),1
12,121360,121360,8,0,Nano Crystal (Skill Wrangler (Weak)),1
12,121366,121366,21,0,Nano Crystal (Skill Wrangler (Minor)),3
12,121515,121515,11,0,Nano Crystal (Novice Health Haggler),1
12,121518,121518,4,0,Nano Crystal (Amateur Health Haggler),1
12,121519,121519,17,0,Nano Crystal (Apprentice Health Haggler),2
12,121591,121592,12,0,Rusty Hand Blade,1
12,121610,121611,12,0,Refitted Polearm,2
12,121629,121630,12,0,Rusty Spiked Axe,2
12,121648,121649,12,0,Chipped Polearm,1
12,121703,121704,12,0,Dull Whings,1
12,121741,121742,12,0,Unbalanced Right Slice,2
12,121760,121761,12,0,Unbalanced Mini Axe,4
12,121817,121818,12,0,Irreparable Sleekblaster Minor,1
12,121836,121837,12,0,Irreparable Sleekblaster,1
12,121893,121894,12,0,Ill-Treated Heavy Grinner,1
12,121931,121932,12,0,Ill-Treated Gatling Saw 20k,1
12,121950,121951,12,0,Unbalanced Slank Chop,1
12,121988,121989,12,0,Irreparable Blackened Miniblaster,1
12,122045,122046,12,0,Dull Longmoon,3
12,122083,122084,12,0,Ill-Treated Blackened Blaster Rifle,1
12,122102,122103,12,0,Unbalanced Stabber,2
12,122159,122160,12,0,Dull E-Blade,1
12,122178,122179,12,0,Ill-Treated Megajolt,1
12,122197,122198,12,0,Ill-Treated DNA-Locked Blaster Rifle,1
12,122254,122255,12,0,Ill-Treated Eradicator XCI-52,1
12,122292,122293,12,0,Irreparable Omni-Flamer Mk IV,2
12,122330,122331,12,0,Irreparable Minigrinner,1
12,122368,122369,12,0,Punctured Energy Shield,1
12,122406,122407,12,0,Punctured Energy Buckler,1
12,122425,122426,12,0,Ill-Treated Mausser Particle Streamer,1
12,122463,122464,12,0,Irreparable El Diablo,1
12,122482,122483,12,0,Irreparable Ingram Blaster 23-X,1
12,122577,122578,12,0,Ill-Treated Supernova Mk VI,2
12,122672,122673,12,0,Ill-Treated Heavy Lead Sprayer,1
12,122767,122768,12,0,Ill-Treated Bow-Blaster,3
12,122848,122849,12,0,Unbalanced Stun-Baton,1
12,122886,122887,12,0,Irreparable Minielectronium,1
12,122905,122906,12,0,Dull Support Beam,1
12,122924,122925,12,0,Dull Blackjohn,1
12,122943,122944,12,0,Unbalanced Mace,1
12,122981,122982,12,0,Irreparable Kolt 58 Magnum,1
12,123019,123020,12,0,Ill-Treated Mini-Shotgun,1
12,123114,123115,12,0,Unbalanced Bow Split,1
12,123267,123268,12,0,Ill-Treated Nova Flow - Mk IV,1
12,123324,123325,12,0,Dull Banjo,1
12,123343,123344,12,0,Unbalanced Hand Axe,1
12,123381,123382,12,0,Unbalanced Meat-Cleaver,1
12,123400,123401,12,0,Gluegun,1
12,123495,123496,12,0,Irreparable IMI Desert Reet 1000,1
12,123628,123629,12,0,Irreparable BBI Sigma III,2
12,123647,123648,12,0,Irreparable Sentinels ETE Strike Gun,3
12,123685,123686,12,0,Irreparable Seburo Bobsons,3
12,123744,123744,12,0,Shortened OT M-10 Flechette Pistol,1
12,123763,123763,12,0,Polizziotto M202F Light,1
12,123774,123775,12,0,Rusty MTI 95 Match Pistol,3
12,123839,123840,12,0,Zastaba Cz-200 Assault Pistol ,2
12,123844,123845,12,0,Rusty Freedom Arms Super 90,1
12,123855,123856,12,0,Second-Hand Old English Trading Co.,2
12,123868,123869,12,0,Old Atlas Bern C.V.,1
12,123879,123880,12,0,Worn BigBurger Inc.,3
12,123886,123887,12,0,Sparkling HSR Arms,1
12,123893,123894,12,0,Rusty OT Backup,2
12,123904,123905,12,0,Rusty OT 0120 Machine Pistol,3
12,123909,123910,12,0,Rusty MTI SOCOM Mk IV,1
12,123928,123929,12,0,Rusty FN 7-7 Pistol,3
12,123933,123934,12,0,Stained MTI USP 1200,2
12,123968,123970,12,0,Rusty OT Boomer M30,4
12,123979,123980,12,0,Rusty Nomad 21.7 BMG Ranger,2
12,123993,123994,12,0,Old English Trading Co. Type 77a,2
12,124018,124019,12,0,Sig SG 992 SWAT Edition 2,1
12,124025,124026,12,0,Battered Galahad Inc. 055,2
12,124042,124043,12,0,F.D.A. Insurgent Fly,3
12,124073,124074,12,0,Rusty BBI PS500,2
12,124092,124093,12,0,Rusted AcuTek Cruncher,1
12,124107,124107,12,0,Worn Kalo-BBI Model 55,1
12,124143,124144,12,0,OT-Windchaser M05 Rifle,2
12,124198,124199,12,0,Worn OT-Windchaser RM70 Junior,1
12,124241,124242,12,0,Rusty OT M50 Shotgun,1
12,124258,124259,12,0,Vektor ND Shotgun,2
12,124328,124329,12,0,Worn Sako J-21 P-96 Response Rifle,2
12,124348,124349,12,0,Battered OT M500 SWAT Rifle,2
12,124357,124358,12,0,Flawed MTI G-90A3,1
12,124369,124370,12,0,Barret M-00 Anti-Material Rifle,1
12,124372,124373,12,0,Battered BBI AS-90,2
12,124391,124392,12,0,OT Rancho Colonial Carbine,1
12,124400,124401,12,0,Vektor V.21 Flechette Rifle,2
12,124422,124422,12,0,MTI B-94,2
12,124431,124432,12,0,Bent BBI Minami-90,1
12,124465,124466,12,0,Rusty G.C. AKMR 1K20,1
12,124487,124488,12,0,Manex SD 4004,2
12,124494,124495,12,0,Old Manex STR 77,1
12,124510,124511,12,0,Rusty Sentinels Personal Edition,1
12,124529,124530,12,0,Prototype Sito-Tech Model 00,3
12,124545,124546,12,0,YES Support 1010,1
12,124557,124558,12,0,Kang Tao Spitting Cobra,1
12,124579,124580,12,0,Irreparable OT Viper IX,2
12,124598,124599,12,0,Ill-Treated MTI MP200,1
12,124624,124625,12,0,Ill-Treated MTI UMP22,1
12,124662,124663,12,0,Ill-Treated Malorian Arms M25 Goodgun,1
12,124711,124712,12,0,Ill-Treated Nord Armwerk MAX,1
12,124768,124769,12,0,Ill-Treated OT ARL-10 Micromissile Launcher,1
12,124779,124780,12,0,Ill-Treated Tsunami Raiden MP-Drum,1
12,124817,124818,12,0,Ill-Treated OT M-70 HardRain GPMG,1
12,124855,124856,12,0,Ill-Treated Planet Gripon Arms Hard-Boomer,1
12,124891,124892,12,0,Ill-Treated OT M-00 Crystal,1
12,124967,124968,12,0,Ill-Treated GE XM-559 Man-Portable Laser,1
12,125005,125006,12,0,Ill-Treated Joint Clans Exocet II,1
12,125024,125025,12,0,Ill-Treated Joint Clans Patriot,1
12,125043,125044,12,0,Ill-Treated Reet-Tech Junior Urban Crossbow,3
12,125062,125063,12,0,Ill-Treated Reet-Tech Venom Compound Bow,2
12,125081,125082,12,0,Ill-Treated Oneida Razor Half-Bow,5
12,125296,125297,12,0,Splintered Peasant Squibber,1
12,125311,125312,12,0,Splintered Merchant Squibber,1
12,125400,125401,12,0,Splintered Protector Executioner,2
12,125419,125420,12,0,Splintered Torch,1
12,125438,125439,12,0,Crumbling Paper Hammer,1
12,125445,125446,12,0,Tear-soaked Pillow with Important Stripes,1
12,125456,125457,12,0,Concrete Cushion,1
12,128608,128609,12,0,Ill-treated MTI G-36K,2
12,128655,128656,12,0,Ill-treated HSR Arms Tech Assault IV,1
12,128674,128675,12,0,Ill-treated HSR Arms Tech Assault V,1
12,128715,128716,12,0,Ill-treated Galahad Inc. 077 Personal Weapon,1
12,128758,128759,12,0,Ill-treated Fabrique Des Armes Bizon 20-19,1
12,128789,128789,12,0,Battered Old English Trading Co. SPP-502,1
12,128832,128833,12,0,Chipped Freedom Arms Defender,1
12,128839,128840,12,0,Ill-treated OET Co. MP-21 Tactical Machine Pistol,2
12,128871,128872,12,0,Ill-treated Arwen MM-50 Grenade Launcher,1
12,128890,128891,12,0,Ill-treated Steiner LM-5 Assault Laser,2
12,128909,128910,12,0,Outdated Fett j-8 Flammable,3
12,128919,128920,12,0,Splintered Peasant Executioner,1
12,128957,128958,12,0,Obtuse Merchant Warblade,1
12,129014,129015,12,0,Omni-Med Butter Cake,1
12,129017,129018,12,0,Fast Chocolate Surprise,3
12,129026,129027,12,0,Cracked Sledgehammer,1
12,129064,129065,12,0,3rd level Ninja Tanto,1
12,129069,129070,12,0,Sparkling Breathing Space,2
12,129715,129715,10,0,Nano Crystal (Restock Ammo (Level OP-I)),1
12,130003,130004,12,0,Run Speed Cluster - Faded (Leg),1
12,130051,130052,12,0,Ancient Featherwood Staff,1
12,130062,130063,12,0,Cracked Heavy Staff,1
12,130073,130073,12,0,Bent Light Staff,2
12,130082,130083,12,0,Faded Magical Stave of Inferno,1
12,130087,130088,12,0,Splintered Native Alloy Staff,4
12,130106,130107,12,0,Obtuse Notum Lever,1
12,130181,130182,12,0,Leaky Hot Air Stick,1
12,130283,130284,12,0,"Right-Wrist Implant: Run Speed, Shiny",1
12,130299,130300,12,0,"Right-Wrist Implant: Run Speed, Shiny",1
12,130303,130304,12,0,"Right-Wrist Implant: Run Speed, Shiny",1
12,130405,130406,12,0,"Leg Implant: Duck-Exp, Shiny",1
12,130409,130410,12,0,"Leg Implant: Agility, Shiny",1
12,130411,130412,12,0,"Leg Implant: Evade-ClsC, Bright",1
12,130443,130444,12,0,"Leg Implant: Adventuring, Shiny",1
12,136690,136690,14,0,Nano Crystal (Slipshod Bandaging),2
12,136701,136701,21,0,Nano Crystal (Lesser Restore to Health),2
12,142773,142773,4,0,Nano Crystal (Swap Psyche),3
12,142804,142805,12,0,Silent SSC Rustling Wakisashi,1
12,144101,144102,12,0,Sparkling Freedom Arms 4200,1
12,144146,144147,12,0,Obtuse Burning Copper Katana,3
12,150223,150224,12,0,,1
12,150306,150307,12,0,,1
12,150633,150633,14,0,,1
12,151777,151777,21,0,,1
12,151778,151778,21,0,,2
12,151779,151779,21,0,,1
12,152064,152065,12,0,,1
12,152135,152136,12,0,,2
12,152279,152280,12,0,,1
12,152298,154071,12,0,,1
12,152311,152312,12,0,,1
12,152326,152327,12,0,,1
12,152358,152359,12,0,,1
12,152386,152387,12,0,,1
12,152732,152733,12,0,,1
12,152747,152748,12,0,,1
12,154069,150213,12,0,,2
12,154070,150196,12,0,,2
12,155391,155391,21,0,,1
12,155392,155392,8,0,,1
12,156142,156142,4,0,,1
12,156144,156144,17,0,,2
12,156146,156146,11,0,,2
12,158019,158020,12,0,,2
12,158963,158964,12,0,,1
12,159007,159008,12,0,,1
12,159040,159041,12,0,,1
12,159196,159197,12,0,,2
12,160184,160185,12,0,,2
12,160224,160225,12,0,,2
12,160233,160234,12,0,,1
12,160236,160237,12,0,,1
12,160242,160243,12,0,,1
12,160264,160265,12,0,,1
12,160476,160477,12,0,,1
12,160483,160484,12,0,,1
12,166253,166254,12,0,,1
12,170870,170871,12,0,,1
12,178150,178151,12,0,,1
12,178154,178155,12,0,,1
12,202827,202827,8,0,,1
12,202871,202871,10,0,,1
12,203214,203214,20,0,,4
12,203594,203594,10,0,,1
12,203658,203658,22,0,,1
12,204103,204104,12,0,,1
12,204139,204140,12,0,,1
12,204262,204263,12,0,,1
12,205224,205225,12,0,,1
12,205230,205230,15,0,,2
12,206289,206290,12,0,,3
12,209489,209489,4,0,,1
12,210300,210300,20,0,,3
12,210322,210322,14,0,,3
12,210354,210354,4,0,,3
12,210356,210356,17,0,,7
12,210388,210388,21,0,,2
12,210485,210485,20,0,,5
12,210590,210590,2,0,,1
12,210612,210612,8,0,,4
12,210733,210733,5,0,,1
12,211153,211153,19,0,,5
12,218744,218745,12,0,,3
12,218823,218824,12,0,,2
12,227473,227473,30,0,,5
