capture_id,capture_path,classification,confidence,pf127_signal,capture_playfield_id,event_playfield_ids,resource_playfield_ids,runtime_playfield_ids,character,validation_status,raw_packet_evidence,packets_hex_bytes,raw_packets_bytes,enemy_name_count,enemy_names,subway_terms,repository_reference_count,repository_references,implementation_reference_count,implementation_references,artifacts,reason
20260509-175138,tools-temp/AOSharpLiveCapture/bin/Debug/captures/20260509-175138,ELSEWHERE,confirmed,,,4582,,,,,packets.hex.log,279,0,0,,,0,,0,,events.log;packets.hex.log,Explicit playfield evidence is present without a PF127 signal.
20260509-182711,tools-temp/AOSharpLiveCapture/bin/Debug/captures/20260509-182711,UNRESOLVED,unresolved,,,,,,,,none,0,0,0,,,0,,0,,events.log;packets.hex.log,No usable capture-info or event playfield evidence exists.
20260509-183006,tools-temp/AOSharpLiveCapture/bin/Debug/captures/20260509-183006,ELSEWHERE,confirmed,,,566;567;705;800;477833;478024,566;567;705;800,,,,packets.hex.log,9233467,0,0,,,0,,0,,events.log;packets.hex.log,Explicit playfield evidence is present without a PF127 signal.
20260509-215425,tools-temp/AOSharpLiveCapture/bin/Debug/captures/20260509-215425,ELSEWHERE,confirmed,,,4582,4582,,,,packets.hex.log,3511,0,0,,,0,,0,,events.log;packets.hex.log,Explicit playfield evidence is present without a PF127 signal.
20260509-221306,tools-temp/AOSharpLiveCapture/bin/Debug/captures/20260509-221306,ELSEWHERE,confirmed,,,4582,4582,,,,packets.hex.log,51128,0,0,,,0,,0,,events.log;packets.hex.log,Explicit playfield evidence is present without a PF127 signal.
20260509-224515,tools-temp/AOSharpLiveCapture/bin/Debug/captures/20260509-224515,ELSEWHERE,confirmed,,,4582,4582,,,,packets.hex.log,39390,0,0,,,0,,0,,events.log;packets.hex.log,Explicit playfield evidence is present without a PF127 signal.
20260509-225115,tools-temp/AOSharpLiveCapture/bin/Debug/captures/20260509-225115,ELSEWHERE,confirmed,,,4582,,,,,packets.hex.log,6946,0,0,,,0,,0,,events.log;packets.hex.log,Explicit playfield evidence is present without a PF127 signal.
20260509-225210,tools-temp/AOSharpLiveCapture/bin/Debug/captures/20260509-225210,ELSEWHERE,confirmed,,,4582,4582,,,,packets.hex.log,26229,0,0,,,0,,0,,events.log;packets.hex.log,Explicit playfield evidence is present without a PF127 signal.
20260509-225300,tools-temp/AOSharpLiveCapture/bin/Debug/captures/20260509-225300,ELSEWHERE,confirmed,,,4582,4582,,,,packets.hex.log,8739,0,0,,,0,,0,,events.log;packets.hex.log,Explicit playfield evidence is present without a PF127 signal.
20260509-225357,tools-temp/AOSharpLiveCapture/bin/Debug/captures/20260509-225357,ELSEWHERE,confirmed,,,4582,,,,,packets.hex.log,2079,0,0,,,0,,0,,events.log;packets.hex.log,Explicit playfield evidence is present without a PF127 signal.
20260509-225700,tools-temp/AOSharpLiveCapture/bin/Debug/captures/20260509-225700,ELSEWHERE,confirmed,,,4582,,,,,packets.hex.log,9485,0,0,,,0,,0,,events.log;packets.hex.log,Explicit playfield evidence is present without a PF127 signal.
20260510-011941,tools-temp/AOSharpLiveCapture/bin/Debug/captures/20260510-011941,ELSEWHERE,confirmed,,,566;800,566;800,,,,packets.hex.log,139440,0,0,,,0,,0,,events.log;packets.hex.log,Explicit playfield evidence is present without a PF127 signal.
20260510-030142,tools-temp/AOSharpLiveCapture/bin/Debug/captures/20260510-030142,ELSEWHERE,confirmed,,,566;655;800;3085;477920,566;655;800;3085,,,,packets.hex.log,886492,0,0,,,0,,0,,events.log;packets.hex.log,Explicit playfield evidence is present without a PF127 signal.
20260510-030750,tools-temp/AOSharpLiveCapture/bin/Debug/captures/20260510-030750,ELSEWHERE,confirmed,,,477920,,,,,packets.hex.log,98822,0,0,,,0,,0,,events.log;packets.hex.log,Explicit playfield evidence is present without a PF127 signal.
20260517-220409,tools-temp/AOSharpLiveCapture/bin/Debug/captures/20260517-220409,ELSEWHERE,confirmed,,,4582,4582,,,,packets.hex.log,107561,0,0,,,0,,0,,events.log;packets.hex.log,Explicit playfield evidence is present without a PF127 signal.
20260517-222543,tools-temp/AOSharpLiveCapture/bin/Debug/captures/20260517-222543,ELSEWHERE,confirmed,,,4582,4582,,,,packets.hex.log,185997,0,0,,,0,,0,,events.log;packets.hex.log,Explicit playfield evidence is present without a PF127 signal.
20260517-223438,tools-temp/AOSharpLiveCapture/bin/Debug/captures/20260517-223438,ELSEWHERE,confirmed,,,4582,4582,,,,packets.hex.log,357280,0,0,,,0,,0,,events.log;packets.hex.log,Explicit playfield evidence is present without a PF127 signal.
20260517-230408,tools-temp/AOSharpLiveCapture/bin/Debug/captures/20260517-230408,ELSEWHERE,confirmed,,,4582,4582,,,,packets.hex.log,36322,0,0,,,0,,0,,events.log;packets.hex.log,Explicit playfield evidence is present without a PF127 signal.
20260517-234942,tools-temp/AOSharpLiveCapture/bin/Debug/captures/20260517-234942,ELSEWHERE,confirmed,,,4582,4582,,,,packets.hex.log,19571,0,0,,,0,,0,,events.log;packets.hex.log,Explicit playfield evidence is present without a PF127 signal.
20260517-235150,tools-temp/AOSharpLiveCapture/bin/Debug/captures/20260517-235150,ELSEWHERE,confirmed,,,4582,4582,,,,packets.hex.log,22833,0,0,,,0,,0,,events.log;packets.hex.log,Explicit playfield evidence is present without a PF127 signal.
20260517-235347,tools-temp/AOSharpLiveCapture/bin/Debug/captures/20260517-235347,ELSEWHERE,confirmed,,,4582,4582,,,,packets.hex.log,20887,0,0,,,0,,0,,events.log;packets.hex.log,Explicit playfield evidence is present without a PF127 signal.
20260524-221111,tools-temp/AOSharpLiveCapture/bin/Debug/captures/20260524-221111,ELSEWHERE,confirmed,,,567,,,,,packets.hex.log,216097,0,0,,,0,,0,,events.log;packets.hex.log,Explicit playfield evidence is present without a PF127 signal.
20260524-221909,tools-temp/AOSharpLiveCapture/bin/Debug/captures/20260524-221909,ELSEWHERE,confirmed,,,4582,4582,,,,packets.hex.log,52726,0,0,,,0,,0,,events.log;packets.hex.log,Explicit playfield evidence is present without a PF127 signal.
20260524-223807,tools-temp/AOSharpLiveCapture/bin/Debug/captures/20260524-223807,ELSEWHERE,confirmed,,,4582,,,,,packets.hex.log,18821,0,0,,,0,,0,,events.log;packets.hex.log,Explicit playfield evidence is present without a PF127 signal.
20260524-224357,tools-temp/AOSharpLiveCapture/bin/Debug/captures/20260524-224357,ELSEWHERE,confirmed,,,567,567,,,,packets.hex.log,9850626,0,0,,,0,,0,,events.log;packets.hex.log,Explicit playfield evidence is present without a PF127 signal.
20260524-225855,tools-temp/AOSharpLiveCapture/bin/Debug/captures/20260524-225855,ELSEWHERE,confirmed,,,4582,,,,,packets.hex.log,5984,0,0,,,0,,0,,events.log;packets.hex.log,Explicit playfield evidence is present without a PF127 signal.
20260524-231847,tools-temp/AOSharpLiveCapture/bin/Debug/captures/20260524-231847,ELSEWHERE,confirmed,,,4582,,,,,packets.hex.log,831,0,0,,,0,,0,,events.log;packets.hex.log,Explicit playfield evidence is present without a PF127 signal.
20260524-232944,tools-temp/AOSharpLiveCapture/bin/Debug/captures/20260524-232944,ELSEWHERE,confirmed,,,4582,,,,,packets.hex.log,9876,0,0,,,0,,0,,events.log;packets.hex.log,Explicit playfield evidence is present without a PF127 signal.
20260528-190456,tools-temp/AOSharpLiveCapture/bin/Debug/captures/20260528-190456,ELSEWHERE,confirmed,,,477565,,,,,packets.hex.log,616041,0,0,,,0,,0,,events.log;packets.hex.log,Explicit playfield evidence is present without a PF127 signal.
20260528-191120,tools-temp/AOSharpLiveCapture/bin/Debug/captures/20260528-191120,ELSEWHERE,confirmed,,,647;655;4001;4310;4531;4677;477565;870423,647;655;4001;4310;4531;4677,,,,packets.hex.log,6720521,0,0,,,1,docs/evidence/SUBWAY_BLOODCREEPER_DISOBEDIENT_BOT_LOOT_AUDIT.md,0,,events.log;packets.hex.log,Explicit playfield evidence is present without a PF127 signal.
20260528-192819,tools-temp/AOSharpLiveCapture/bin/Debug/captures/20260528-192819,ELSEWHERE,confirmed,,,477565,,,,,packets.hex.log,600022,0,0,,,0,,0,,events.log;packets.hex.log,Explicit playfield evidence is present without a PF127 signal.
20260528-210106,tools-temp/AOSharpLiveCapture/bin/Debug/captures/20260528-210106,UNRESOLVED,unresolved,,,,,,,,none,0,0,0,,,0,,0,,events.log;packets.hex.log,No usable capture-info or event playfield evidence exists.
20260529-205920,tools-temp/AOSharpLiveCapture/bin/Debug/captures/20260529-205920,ELSEWHERE,confirmed,,,794626,,,,,packets.hex.log,374288,0,0,,,0,,0,,events.log;packets.hex.log,Explicit playfield evidence is present without a PF127 signal.
20260529-212034,tools-temp/AOSharpLiveCapture/bin/Debug/captures/20260529-212034,ELSEWHERE,confirmed,,,794626,,,,,packets.hex.log,89445813,0,0,,,0,,0,,events.log;packets.hex.log,Explicit playfield evidence is present without a PF127 signal.
20260531-023030,tools-temp/AOSharpLiveCapture/bin/Debug/captures/20260531-023030,ELSEWHERE,confirmed,,,478032,,,,,packets.hex.log,307269,0,0,,,1,docs/reference/packets/LivePacketImplementationGaps.md,0,,events.log;packets.hex.log,Explicit playfield evidence is present without a PF127 signal.
20260531-033152,tools-temp/AOSharpLiveCapture/bin/Debug/captures/20260531-033152,ELSEWHERE,confirmed,,,4582,4582,,,,packets.hex.log,4140,0,0,,,0,,0,,events.log;packets.hex.log,Explicit playfield evidence is present without a PF127 signal.
20260531-034321,tools-temp/AOSharpLiveCapture/bin/Debug/captures/20260531-034321,ELSEWHERE,confirmed,,,4582,4582,,,,packets.hex.log,9444,0,0,,,0,,0,,events.log;packets.hex.log,Explicit playfield evidence is present without a PF127 signal.
20260531-035317,tools-temp/AOSharpLiveCapture/bin/Debug/captures/20260531-035317,ELSEWHERE,confirmed,,,4582,4582,,,,packets.hex.log,28529,0,0,,,0,,0,,events.log;packets.hex.log,Explicit playfield evidence is present without a PF127 signal.
20260531-155930,tools-temp/AOSharpLiveCapture/bin/Debug/captures/20260531-155930,ELSEWHERE,confirmed,,,478032,,,,,packets.hex.log,263380,0,0,,,0,,0,,events.log;packets.hex.log,Explicit playfield evidence is present without a PF127 signal.
20260531-160142,tools-temp/AOSharpLiveCapture/bin/Debug/captures/20260531-160142,ELSEWHERE,confirmed,,,478032,,,,,packets.hex.log,2515578,0,0,,,0,,0,,events.log;packets.hex.log,Explicit playfield evidence is present without a PF127 signal.
20260531-201704,tools-temp/AOSharpLiveCapture/bin/Debug/captures/20260531-201704,ELSEWHERE,confirmed,,,544770,,,,,packets.hex.log,4780,0,0,,,0,,0,,events.log;packets.hex.log,Explicit playfield evidence is present without a PF127 signal.
20260531-201712,tools-temp/AOSharpLiveCapture/bin/Debug/captures/20260531-201712,ELSEWHERE,confirmed,,,544770,,,,,packets.hex.log,29909,0,0,,,0,,0,,events.log;packets.hex.log,Explicit playfield evidence is present without a PF127 signal.
20260531-203605,tools-temp/AOSharpLiveCapture/bin/Debug/captures/20260531-203605,ELSEWHERE,confirmed,,,544770,,,,,packets.hex.log,515237,0,0,,,0,,0,,events.log;packets.hex.log,Explicit playfield evidence is present without a PF127 signal.
20260531-205302,tools-temp/AOSharpLiveCapture/bin/Debug/captures/20260531-205302,ELSEWHERE,confirmed,,,544770,,,,,packets.hex.log,30525,0,0,,,0,,0,,events.log;packets.hex.log,Explicit playfield evidence is present without a PF127 signal.
20260531-224655,tools-temp/AOSharpLiveCapture/bin/Debug/captures/20260531-224655,ELSEWHERE,confirmed,,,544770,,,,,packets.hex.log,6012,0,0,,,0,,0,,events.log;packets.hex.log,Explicit playfield evidence is present without a PF127 signal.
20260531-224658,tools-temp/AOSharpLiveCapture/bin/Debug/captures/20260531-224658,ELSEWHERE,confirmed,,,544770,,,,,packets.hex.log,109170,0,0,,,0,,0,,events.log;packets.hex.log,Explicit playfield evidence is present without a PF127 signal.
20260531-224755,tools-temp/AOSharpLiveCapture/bin/Debug/captures/20260531-224755,ELSEWHERE,confirmed,,,544770,,,,,packets.hex.log,66426,0,0,,,0,,0,,events.log;packets.hex.log,Explicit playfield evidence is present without a PF127 signal.
20260604-235530,tools-temp/AOSharpLiveCapture/bin/Debug/captures/20260604-235530,ELSEWHERE,confirmed,,,800;937984,800,,,,packets.hex.log,24310223,0,0,,,0,,0,,events.log;packets.hex.log,Explicit playfield evidence is present without a PF127 signal.
20260605-173336,tools-temp/AOSharpLiveCapture/bin/Debug/captures/20260605-173336,ELSEWHERE,confirmed,,,937984,,,,,packets.hex.log,359268,0,0,,,0,,0,,events.log;packets.hex.log,Explicit playfield evidence is present without a PF127 signal.
20260605-180144,tools-temp/AOSharpLiveCapture/bin/Debug/captures/20260605-180144,ELSEWHERE,confirmed,,,937984,,,,,packets.hex.log,103654,0,0,,,0,,0,,events.log;packets.hex.log,Explicit playfield evidence is present without a PF127 signal.
20260607-005753,tools-temp/AOSharpLiveCapture/bin/Debug/captures/20260607-005753,ELSEWHERE,confirmed,,,735;940039,735,,,,packets.hex.log,1167992,0,0,,,0,,0,,events.log;packets.hex.log,Explicit playfield evidence is present without a PF127 signal.
20260607-025250,tools-temp/AOSharpLiveCapture/bin/Debug/captures/20260607-025250,ELSEWHERE,confirmed,,,938031,,,,,packets.hex.log,113126,0,0,,,0,,0,,events.log;packets.hex.log,Explicit playfield evidence is present without a PF127 signal.
20260607-025758,tools-temp/AOSharpLiveCapture/bin/Debug/captures/20260607-025758,ELSEWHERE,confirmed,,,938031,,,,,packets.hex.log,1332940,0,0,,,0,,0,,events.log;packets.hex.log,Explicit playfield evidence is present without a PF127 signal.
20260607-042220,tools-temp/AOSharpLiveCapture/bin/Debug/captures/20260607-042220,ELSEWHERE,confirmed,,,800;938031,800,,,,packets.hex.log,810272,0,0,,,0,,0,,events.log;packets.hex.log,Explicit playfield evidence is present without a PF127 signal.
20260607-202610,tools-temp/AOSharpLiveCapture/bin/Debug/captures/20260607-202610,ELSEWHERE,confirmed,,,800;579662,800,,,,packets.hex.log,5342295,0,0,,,1,docs/archive/ai/HANDOFF_2026-06-08_VENDOR_STOCK.md,0,,events.log;packets.hex.log,Explicit playfield evidence is present without a PF127 signal.
20260607-224551,tools-temp/AOSharpLiveCapture/bin/Debug/captures/20260607-224551,ELSEWHERE,confirmed,,,579662,,,,,packets.hex.log,135849,0,0,,,0,,0,,events.log;packets.hex.log,Explicit playfield evidence is present without a PF127 signal.
20260607-230531,tools-temp/AOSharpLiveCapture/bin/Debug/captures/20260607-230531,ELSEWHERE,confirmed,,,800;579662,800,,,,packets.hex.log,212164,0,0,,,0,,0,,events.log;packets.hex.log,Explicit playfield evidence is present without a PF127 signal.
20260607-233326,tools-temp/AOSharpLiveCapture/bin/Debug/captures/20260607-233326,ELSEWHERE,confirmed,,,800;972800,,,,,packets.hex.log,403086,0,0,,,0,,0,,events.log;packets.hex.log,Explicit playfield evidence is present without a PF127 signal.
20260608-000425,tools-temp/AOSharpLiveCapture/bin/Debug/captures/20260608-000425,ELSEWHERE,confirmed,,,800;970752,800,,,,packets.hex.log,140608,0,0,,,0,,0,,events.log;packets.hex.log,Explicit playfield evidence is present without a PF127 signal.
20260608-004711,tools-temp/AOSharpLiveCapture/bin/Debug/captures/20260608-004711,ELSEWHERE,confirmed,,,800;970752,800,,,,packets.hex.log,434541,0,0,,,0,,0,,events.log;packets.hex.log,Explicit playfield evidence is present without a PF127 signal.
20260610-185759,tools-temp/AOSharpLiveCapture/bin/Debug/captures/20260610-185759,ELSEWHERE,confirmed,,,655;1042439,655,,Youwillmezz,,packets.hex.log,507558,0,0,,,0,,0,,capture-session.json;events.log;packets.hex.log,Explicit playfield evidence is present without a PF127 signal.
20260610-214233,tools-temp/AOSharpLiveCapture/bin/Debug/captures/20260610-214233,ELSEWHERE,confirmed,,,655;800;477929;544770;917521;1021955;1042445,655;800,,Youwillmezz,,packets.hex.log,1734798,0,0,,,0,,0,,capture-session.json;events.log;packets.hex.log,Explicit playfield evidence is present without a PF127 signal.
20260610-231453,tools-temp/AOSharpLiveCapture/bin/Debug/captures/20260610-231453,ELSEWHERE,confirmed,,,566;655;800;4530;4531;579662,566;655;800;4530;4531,,,,packets.hex.log,334114,0,0,,,0,,0,,capture-session.json;events.log;packets.hex.log,Explicit playfield evidence is present without a PF127 signal.
20260610-232330,tools-temp/AOSharpLiveCapture/bin/Debug/captures/20260610-232330,ELSEWHERE,confirmed,,,4531;1038340,,,Youwillnuke,,packets.hex.log,105176,0,0,,,0,,0,,capture-session.json;events.log;packets.hex.log,Explicit playfield evidence is present without a PF127 signal.
20260610-233143,tools-temp/AOSharpLiveCapture/bin/Debug/captures/20260610-233143,ELSEWHERE,confirmed,,,4531;1042447;1042454,4531,,Youwillnuke,,packets.hex.log,689174,0,0,,,0,,0,,capture-session.json;events.log;packets.hex.log,Explicit playfield evidence is present without a PF127 signal.
20260611-005202,tools-temp/AOSharpLiveCapture/bin/Debug/captures/20260611-005202,ELSEWHERE,confirmed,,,705;800;4531;4532;4533;477929;917521;970752;1030147;1038338;1038340;1042464,705;800;4531;4532;4533,,Youwillnuke,,packets.hex.log,2507345,0,0,,,0,,0,,capture-session.json;events.log;packets.hex.log,Explicit playfield evidence is present without a PF127 signal.
20260611-015456,tools-temp/AOSharpLiveCapture/bin/Debug/captures/20260611-015456,ELSEWHERE,confirmed,,,566;655;800;4530;4532;1030147,566;655;800;4530;4532,,Youwillnuke,,packets.hex.log,3234013,0,0,,,0,,0,,capture-session.json;events.log;packets.hex.log,Explicit playfield evidence is present without a PF127 signal.
20260611-024905,tools-temp/AOSharpLiveCapture/bin/Debug/captures/20260611-024905,ELSEWHERE,confirmed,,,4532,,,Youwillnuke,,packets.hex.log,31562,0,0,,,0,,0,,capture-session.json;events.log;packets.hex.log,Explicit playfield evidence is present without a PF127 signal.
20260611-031405,tools-temp/AOSharpLiveCapture/bin/Debug/captures/20260611-031405,ELSEWHERE,confirmed,,,710,710,,Youwillnuke,,packets.hex.log,82230,0,0,,,0,,0,,capture-session.json;events.log;packets.hex.log,Explicit playfield evidence is present without a PF127 signal.
20260612-003817,tools-temp/AOSharpLiveCapture/bin/Debug/captures/20260612-003817,ELSEWHERE,confirmed,,,710,710,,Youwillnuke,,packets.hex.log,72090,0,0,,,0,,0,,capture-session.json;events.log;packets.hex.log,Explicit playfield evidence is present without a PF127 signal.
20260612-012644,tools-temp/AOSharpLiveCapture/bin/Debug/captures/20260612-012644,ELSEWHERE,confirmed,,,710;1042487,710,,Youwillnuke,,packets.hex.log,2217991,0,0,,,2,docs/CurrentClientDataVerification.md;docs/project/PROJECT_STATE.md,0,,capture-session.json;events.log;packets.hex.log,Explicit playfield evidence is present without a PF127 signal.
20260612-040856,tools-temp/AOSharpLiveCapture/bin/Debug/captures/20260612-040856,ELSEWHERE,confirmed,,,710;1038349,710,,Youwillnuke,,packets.hex.log,306796,0,0,,,0,,0,,capture-session.json;events.log;packets.hex.log,Explicit playfield evidence is present without a PF127 signal.
20260612-044234,tools-temp/AOSharpLiveCapture/bin/Debug/captures/20260612-044234,ELSEWHERE,confirmed,,,710;1042463,710,,Youwillnuke,,packets.hex.log,14522416,0,0,,,2,docs/CurrentClientDataVerification.md;docs/project/PROJECT_STATE.md,0,,capture-session.json;events.log;packets.hex.log,Explicit playfield evidence is present without a PF127 signal.
20260612-222450,tools-temp/AOSharpLiveCapture/bin/Debug/captures/20260612-222450,ELSEWHERE,confirmed,,,540;640;655;710;1042451,540;640;655;710,,Youwillnuke,,packets.hex.log,960572,0,0,,,0,,0,,capture-session.json;events.log;packets.hex.log,Explicit playfield evidence is present without a PF127 signal.
20260612-225451,tools-temp/AOSharpLiveCapture/bin/Debug/captures/20260612-225451,ELSEWHERE,confirmed,,,540;655;4530;544770;946191;1042481,540;655;4530,,Masterchinny,,packets.hex.log,1159922,0,0,,,0,,0,,capture-session.json;events.log;packets.hex.log,Explicit playfield evidence is present without a PF127 signal.
20260612-225855,tools-temp/AOSharpLiveCapture/bin/Debug/captures/20260612-225855,ELSEWHERE,confirmed,,,540;1038340,540,,Masterchinny,,packets.hex.log,1010383,0,0,,,1,docs/project/PROJECT_STATE.md,0,,capture-session.json;events.log;packets.hex.log,Explicit playfield evidence is present without a PF127 signal.
20260612-232439,tools-temp/AOSharpLiveCapture/bin/Debug/captures/20260612-232439,ELSEWHERE,confirmed,,,540;1042444,540,,Masterchinny,,packets.hex.log,843936,0,0,,,1,docs/project/PROJECT_STATE.md,0,,capture-session.json;events.log;packets.hex.log,Explicit playfield evidence is present without a PF127 signal.
20260613-002705,tools-temp/AOSharpLiveCapture/bin/Debug/captures/20260613-002705,ELSEWHERE,confirmed,,,4531;1042463,4531,,,,packets.hex.log,79514,0,0,,,0,,0,,capture-session.json;events.log;packets.hex.log,Explicit playfield evidence is present without a PF127 signal.
20260613-002828,tools-temp/AOSharpLiveCapture/bin/Debug/captures/20260613-002828,ELSEWHERE,confirmed,,,655;710;4531;1038340;1042467,655;710,,Youwillmezz,,packets.hex.log,1118899,0,0,,,1,docs/project/PROJECT_STATE.md,0,,capture-session.json;events.log;packets.hex.log,Explicit playfield evidence is present without a PF127 signal.
20260613-005616,tools-temp/AOSharpLiveCapture/bin/Debug/captures/20260613-005616,ELSEWHERE,confirmed,,,710;974860;1038340,710,,Youwillmezz,,packets.hex.log,574362,0,0,,,1,docs/project/PROJECT_STATE.md,0,,capture-session.json;events.log;packets.hex.log,Explicit playfield evidence is present without a PF127 signal.
20260613-012810,tools-temp/AOSharpLiveCapture/bin/Debug/captures/20260613-012810,ELSEWHERE,confirmed,,,566;655;710;974860;1021955,566;655;710,,Youwillmezz,,packets.hex.log,783948,0,0,,,1,docs/project/PROJECT_STATE.md,0,,capture-session.json;events.log;packets.hex.log,Explicit playfield evidence is present without a PF127 signal.
20260613-014033,tools-temp/AOSharpLiveCapture/bin/Debug/captures/20260613-014033,ELSEWHERE,confirmed,,,566;800;1042502,566;800,,Dirtytrick,,packets.hex.log,605028,0,0,,,1,docs/project/PROJECT_STATE.md,0,,capture-session.json;events.log;packets.hex.log,Explicit playfield evidence is present without a PF127 signal.
20260613-022718,tools-temp/AOSharpLiveCapture/bin/Debug/captures/20260613-022718,ELSEWHERE,confirmed,,,800,800,,Dirtytrick,,packets.hex.log,257237,0,0,,,0,,0,,capture-session.json;events.log;packets.hex.log,Explicit playfield evidence is present without a PF127 signal.
20260613-034740,tools-temp/AOSharpLiveCapture/bin/Debug/captures/20260613-034740,ELSEWHERE,confirmed,,,540;1042529,540,,Masterchinny,,packets.hex.log,710106,0,0,,,1,docs/project/PROJECT_STATE.md,0,,capture-session.json;events.log;packets.hex.log,Explicit playfield evidence is present without a PF127 signal.
20260613-041644,tools-temp/AOSharpLiveCapture/bin/Debug/captures/20260613-041644,ELSEWHERE,confirmed,,,1042529,,,Masterchinny,,packets.hex.log,138861,0,0,,,0,,0,,capture-session.json;events.log;packets.hex.log,Explicit playfield evidence is present without a PF127 signal.
20260613-170220,tools-temp/AOSharpLiveCapture/bin/Debug/captures/20260613-170220,ELSEWHERE,confirmed,,,800;478081,800,,Youwillmezz,,packets.hex.log,6521591,0,0,,,1,docs/project/PROJECT_STATE.md,0,,capture-session.json;events.log;packets.hex.log,Explicit playfield evidence is present without a PF127 signal.
20260613-172753,tools-temp/AOSharpLiveCapture/bin/Debug/captures/20260613-172753,ELSEWHERE,confirmed,,,478032,,,Yomamalickit,,packets.hex.log,2422523,0,0,,,1,docs/project/PROJECT_STATE.md,0,,capture-session.json;events.log;packets.hex.log,Explicit playfield evidence is present without a PF127 signal.
20260613-181432,tools-temp/AOSharpLiveCapture/bin/Debug/captures/20260613-181432,ELSEWHERE,confirmed,,,478032,,,Yomamalickit,,packets.hex.log,727164,0,0,,,0,,0,,capture-session.json;events.log;packets.hex.log,Explicit playfield evidence is present without a PF127 signal.
20260613-181757,tools-temp/AOSharpLiveCapture/bin/Debug/captures/20260613-181757,ELSEWHERE,confirmed,,,478032,,,Yomamalickit,,packets.hex.log,205803,0,0,,,0,,0,,capture-session.json;events.log;packets.hex.log,Explicit playfield evidence is present without a PF127 signal.
20260613-182139,tools-temp/AOSharpLiveCapture/bin/Debug/captures/20260613-182139,ELSEWHERE,confirmed,,,565,,,Youwillmezz,,packets.hex.log,24267,0,0,,,0,,0,,capture-session.json;events.log;packets.hex.log,Explicit playfield evidence is present without a PF127 signal.
20260613-182530,tools-temp/AOSharpLiveCapture/bin/Debug/captures/20260613-182530,ELSEWHERE,confirmed,,,565;1042442,565,,,,packets.hex.log,99725,0,0,,,0,,0,,capture-session.json;events.log;packets.hex.log,Explicit playfield evidence is present without a PF127 signal.
20260613-182937,tools-temp/AOSharpLiveCapture/bin/Debug/captures/20260613-182937,ELSEWHERE,confirmed,,,565;1042442,,,Youwillmezz,,packets.hex.log,593790,0,0,,,0,,0,,capture-session.json;events.log;packets.hex.log,Explicit playfield evidence is present without a PF127 signal.
20260613-184156,tools-temp/AOSharpLiveCapture/bin/Debug/captures/20260613-184156,ELSEWHERE,confirmed,,,565,565,,Youwillmezz,,packets.hex.log,83241,0,0,,,0,,0,,capture-session.json;events.log;packets.hex.log,Explicit playfield evidence is present without a PF127 signal.
20260613-184615,tools-temp/AOSharpLiveCapture/bin/Debug/captures/20260613-184615,ELSEWHERE,confirmed,,,565;1030147,565,,Youwillmezz,,packets.hex.log,298519,0,0,,,1,docs/project/PROJECT_STATE.md,0,,capture-session.json;events.log;packets.hex.log,Explicit playfield evidence is present without a PF127 signal.
20260613-185338,tools-temp/AOSharpLiveCapture/bin/Debug/captures/20260613-185338,ELSEWHERE,confirmed,,,565;655;705;710;1042502,565;655;705;710,,Youwillmezz,,packets.hex.log,2101913,0,0,,,1,docs/project/PROJECT_STATE.md,0,,capture-session.json;events.log;packets.hex.log,Explicit playfield evidence is present without a PF127 signal.
20260613-211234,tools-temp/AOSharpLiveCapture/bin/Debug/captures/20260613-211234,ELSEWHERE,confirmed,,,540,540,,Masterchinny,,packets.hex.log,117207,0,0,,,1,docs/project/PROJECT_STATE.md,0,,capture-session.json;events.log;packets.hex.log,Explicit playfield evidence is present without a PF127 signal.
20260613-215211,tools-temp/AOSharpLiveCapture/bin/Debug/captures/20260613-215211,ELSEWHERE,confirmed,,,655;665;695;705;710;730;478059;1042502,655;665;695;705;710;730,,Youwillmezz,,packets.hex.log,66551777,0,0,,,1,docs/project/PROJECT_STATE.md,0,,capture-session.json;events.log;packets.hex.log,Explicit playfield evidence is present without a PF127 signal.
20260613-221619,tools-temp/AOSharpLiveCapture/bin/Debug/captures/20260613-221619,ELSEWHERE,confirmed,,,791;800;1042502,800,,Youwillmezz,,packets.hex.log,251033,0,0,,,1,docs/project/PROJECT_STATE.md,0,,capture-session.json;events.log;packets.hex.log,Explicit playfield evidence is present without a PF127 signal.
20260613-223554,tools-temp/AOSharpLiveCapture/bin/Debug/captures/20260613-223554,ELSEWHERE,confirmed,,,566;655;800;6007;6306;880649,566;655;800;6007;6306,,Youwillmezz,,packets.hex.log,1772667,0,0,,,1,docs/project/PROJECT_STATE.md,0,,capture-session.json;events.log;packets.hex.log,Explicit playfield evidence is present without a PF127 signal.
20260613-231115,tools-temp/AOSharpLiveCapture/bin/Debug/captures/20260613-231115,ELSEWHERE,confirmed,,,3037;1044495,3037,,Youwillmezz,,packets.hex.log,331503,0,0,,,1,docs/project/PROJECT_STATE.md,0,,capture-session.json;events.log;packets.hex.log,Explicit playfield evidence is present without a PF127 signal.
20260613-233518,tools-temp/AOSharpLiveCapture/bin/Debug/captures/20260613-233518,ELSEWHERE,confirmed,,,630;980995,,,Youwillmezz,,packets.hex.log,74582,0,0,,,0,,0,,capture-session.json;events.log;packets.hex.log,Explicit playfield evidence is present without a PF127 signal.
20260613-233535,tools-temp/AOSharpLiveCapture/bin/Debug/captures/20260613-233535,ELSEWHERE,confirmed,,,630;980995,630,,Youwillmezz,,packets.hex.log,240479,0,0,,,1,docs/project/PROJECT_STATE.md,0,,capture-session.json;events.log;packets.hex.log,Explicit playfield evidence is present without a PF127 signal.
20260614-000019,tools-temp/AOSharpLiveCapture/bin/Debug/captures/20260614-000019,ELSEWHERE,confirmed,,,478032,,,Yomamalickit,,packets.hex.log,42037,0,0,,,0,,0,,capture-session.json;events.log;packets.hex.log,Explicit playfield evidence is present without a PF127 signal.
20260614-000058,tools-temp/AOSharpLiveCapture/bin/Debug/captures/20260614-000058,ELSEWHERE,confirmed,,,4531;579662;1042530;1044502,4531,,Youwillmezz,,packets.hex.log,665658,0,0,,,1,docs/project/PROJECT_STATE.md,0,,capture-session.json;events.log;packets.hex.log,Explicit playfield evidence is present without a PF127 signal.
20260614-002319,tools-temp/AOSharpLiveCapture/bin/Debug/captures/20260614-002319,ELSEWHERE,confirmed,,,655;800;3080;4530;4532;4533;1030144;1042465;1042502;1042530;1044494;1044500;1044503,655;800;3080;4530;4532;4533,,Youwillmezz,,packets.hex.log,8540448,0,0,,,1,docs/project/PROJECT_STATE.md,0,,capture-session.json;events.log;packets.hex.log,Explicit playfield evidence is present without a PF127 signal.
20260614-014041,tools-temp/AOSharpLiveCapture/bin/Debug/captures/20260614-014041,ELSEWHERE,confirmed,,,800,800,,Youwillmezz,,packets.hex.log,326475,0,0,,,0,,0,,capture-session.json;events.log;packets.hex.log,Explicit playfield evidence is present without a PF127 signal.
20260614-020715,tools-temp/AOSharpLiveCapture/bin/Debug/captures/20260614-020715,ELSEWHERE,confirmed,,,566;800;1044496,566;800,,Youwillmezz,,packets.hex.log,610794,0,0,,,0,,0,,capture-session.json;events.log;packets.hex.log,Explicit playfield evidence is present without a PF127 signal.
20260614-022639,tools-temp/AOSharpLiveCapture/bin/Debug/captures/20260614-022639,ELSEWHERE,confirmed,,,735;7011,735;7011,,Youwillmezz,,packets.hex.log,339833,0,0,,,2,docs/CurrentClientDataVerification.md;docs/project/PROJECT_STATE.md,0,,capture-session.json;events.log;packets.hex.log,Explicit playfield evidence is present without a PF127 signal.
20260614-024525,tools-temp/AOSharpLiveCapture/bin/Debug/captures/20260614-024525,ELSEWHERE,confirmed,,,478032,,,Yomamalickit,,packets.hex.log,13106029,0,0,,,0,,0,,capture-session.json;events.log;packets.hex.log,Explicit playfield evidence is present without a PF127 signal.
20260614-193426,tools-temp/AOSharpLiveCapture/bin/Debug/captures/20260614-193426,ELSEWHERE,confirmed,,478032,478032,,(Playfield2:74B50),Aorebirthmp,complete,packets.hex.log,452299,0,0,,,0,,0,,capture-session.json;capture_info.json;capture-health.json;events.log;packets.hex.log;enemy-state.csv,Explicit playfield evidence is present without a PF127 signal.
20260614-194454,tools-temp/AOSharpLiveCapture/bin/Debug/captures/20260614-194454,ELSEWHERE,confirmed,,478032,478032,,(Playfield2:74B50),Aorebirthmp,complete,packets.hex.log,1606448,0,0,,,27,AORebirth/Server/ZoneEngine/Content/Arete/rex-larsson/dialogue/rex-larsson.dialogue.json;AORebirth/Server/ZoneEngine/Content/Arete/rex-larsson/quests/rex-larsson.quests.json;AORebirth/Server/ZoneEngine/Core/Arete/Quests/RexB18DBoxProgressTracker.cs;AORebirth/Server/ZoneEngine/Core/Arete/Quests/SafeQuestFullUpdateSender.cs;docs/generated/arete_existing_system_audit.md;docs/generated/arete_malfunctioning_cleaning_robot_spawn_result.md;docs/generated/arete_quest_framework_plan.md;docs/generated/genericcmd_use_route_audit_20260630_200105.md;docs/generated/rex_b18c_live_objective_progress_result.md;docs/generated/rex_b18c_quest_preview_result.md;docs/generated/rex_b18c_robot_progress_smoke_result.md;docs/generated/rex_b18d_box_progress_result.md;docs/generated/rex_b18d_cargo_box_staticdynel_result.md;docs/generated/rex_b18d_cargo_box_use_path_result.md;docs/generated/rex_b18d_to_b18e_handoff_analysis.md;docs/generated/rex_b18d_to_b18e_safe_handoff_result.md;docs/generated/rex_b18e_completion_b18f_handoff_result.md;docs/generated/rex_b18e_completion_reward_handoff_analysis.md;docs/generated/rex_b18e_credit_reward_capture_verification.md;docs/generated/rex_larsson_inactive_content_pack_result.md;docs/generated/rex_larsson_packet_semantics_result.md;docs/generated/rex_larsson_vertical_slice_plan.md;docs/generated/rex_mission_window_cleanup_return_state_result.md;docs/generated/rex_objective_event_semantics_result.md;docs/generated/rex_questfullupdate_decoding_result.md;docs/generated/rex_safe_questfullupdate_sender_result.md;docs/project/PROJECT_STATE.md,24,AORebirth/Server/ZoneEngine/Core/Arete/Quests/RexB18DBoxProgressTracker.cs;AORebirth/Server/ZoneEngine/Core/Arete/Quests/SafeQuestFullUpdateSender.cs;docs/generated/arete_existing_system_audit.md;docs/generated/arete_malfunctioning_cleaning_robot_spawn_result.md;docs/generated/arete_quest_framework_plan.md;docs/generated/genericcmd_use_route_audit_20260630_200105.md;docs/generated/rex_b18c_live_objective_progress_result.md;docs/generated/rex_b18c_quest_preview_result.md;docs/generated/rex_b18c_robot_progress_smoke_result.md;docs/generated/rex_b18d_box_progress_result.md;docs/generated/rex_b18d_cargo_box_staticdynel_result.md;docs/generated/rex_b18d_cargo_box_use_path_result.md;docs/generated/rex_b18d_to_b18e_handoff_analysis.md;docs/generated/rex_b18d_to_b18e_safe_handoff_result.md;docs/generated/rex_b18e_completion_b18f_handoff_result.md;docs/generated/rex_b18e_completion_reward_handoff_analysis.md;docs/generated/rex_b18e_credit_reward_capture_verification.md;docs/generated/rex_larsson_inactive_content_pack_result.md;docs/generated/rex_larsson_packet_semantics_result.md;docs/generated/rex_larsson_vertical_slice_plan.md;docs/generated/rex_mission_window_cleanup_return_state_result.md;docs/generated/rex_objective_event_semantics_result.md;docs/generated/rex_questfullupdate_decoding_result.md;docs/generated/rex_safe_questfullupdate_sender_result.md,capture-session.json;capture_info.json;capture-health.json;events.log;packets.hex.log;enemy-state.csv,Explicit playfield evidence is present without a PF127 signal.
20260614-195107,tools-temp/AOSharpLiveCapture/bin/Debug/captures/20260614-195107,ELSEWHERE,confirmed,,478032,478032,,(Playfield2:74B50),Aorebirthmp,complete,packets.hex.log,4068827,0,0,,,4,AORebirth/Server/ZoneEngine/Content/Arete/marcus-stone/dialogue/marcus-stone.dialogue.json;AORebirth/Server/ZoneEngine/Core/Arete/Quests/MarcusB18FCompletionHandler.cs;AORebirth/Server/ZoneEngine/Core/Arete/Quests/SafeQuestFullUpdateSender.cs;docs/project/PROJECT_STATE.md,2,AORebirth/Server/ZoneEngine/Core/Arete/Quests/MarcusB18FCompletionHandler.cs;AORebirth/Server/ZoneEngine/Core/Arete/Quests/SafeQuestFullUpdateSender.cs,capture-session.json;capture_info.json;capture-health.json;events.log;packets.hex.log;enemy-state.csv,Explicit playfield evidence is present without a PF127 signal.
20260614-195725,tools-temp/AOSharpLiveCapture/bin/Debug/captures/20260614-195725,ELSEWHERE,confirmed,,478032,478032,,(Playfield2:74B50),Aorebirthmp,complete,packets.hex.log,2937119,0,0,,,0,,0,,capture-session.json;capture_info.json;capture-health.json;events.log;packets.hex.log;enemy-state.csv,Explicit playfield evidence is present without a PF127 signal.
20260614-200311,tools-temp/AOSharpLiveCapture/bin/Debug/captures/20260614-200311,ELSEWHERE,confirmed,,478032,478032,,(Playfield2:74B50),Aorebirthmp,complete,packets.hex.log,1278736,0,0,,,0,,0,,capture-session.json;capture_info.json;capture-health.json;events.log;packets.hex.log;enemy-state.csv,Explicit playfield evidence is present without a PF127 signal.
20260614-200850,tools-temp/AOSharpLiveCapture/bin/Debug/captures/20260614-200850,ELSEWHERE,confirmed,,478032,478032,,(Playfield2:74B50),Aorebirthmp,complete,packets.hex.log,2606821,0,0,,,0,,0,,capture-session.json;capture_info.json;capture-health.json;events.log;packets.hex.log;enemy-state.csv,Explicit playfield evidence is present without a PF127 signal.
20260614-202500,tools-temp/AOSharpLiveCapture/bin/Debug/captures/20260614-202500,ELSEWHERE,confirmed,,478032,478032,,(Playfield2:74B50),Aorebirthmp,running,packets.hex.log,772218,0,0,,,0,,0,,capture-session.json;capture_info.json;events.log;packets.hex.log;enemy-state.csv,Explicit playfield evidence is present without a PF127 signal.
20260614-203038,tools-temp/AOSharpLiveCapture/bin/Debug/captures/20260614-203038,ELSEWHERE,confirmed,,478032,478032,,(Playfield2:74B50),Aorebirthmp,complete,packets.hex.log,797558,0,0,,,0,,0,,capture-session.json;capture_info.json;capture-health.json;events.log;packets.hex.log;enemy-state.csv,Explicit playfield evidence is present without a PF127 signal.
20260614-203631,tools-temp/AOSharpLiveCapture/bin/Debug/captures/20260614-203631,ELSEWHERE,confirmed,,478032,478032,,(Playfield2:74B50),Aorebirthmp,running,packets.hex.log,5232996,0,0,,,0,,0,,capture-session.json;capture_info.json;events.log;packets.hex.log;enemy-state.csv,Explicit playfield evidence is present without a PF127 signal.
20260614-205724,tools-temp/AOSharpLiveCapture/bin/Debug/captures/20260614-205724,ELSEWHERE,confirmed,,478032,478032,,,Aorebirthmp,complete,packets.hex.log,5346964,0,0,,,3,docs/generated/rex_b18d_box_progress_result.md;docs/generated/rex_b18d_cargo_box_staticdynel_result.md;docs/project/PROJECT_STATE.md,2,docs/generated/rex_b18d_box_progress_result.md;docs/generated/rex_b18d_cargo_box_staticdynel_result.md,capture-session.json;capture_info.json;capture-health.json;events.log;packets.hex.log;enemy-state.csv,Explicit playfield evidence is present without a PF127 signal.
20260614-211754,tools-temp/AOSharpLiveCapture/bin/Debug/captures/20260614-211754,ELSEWHERE,confirmed,,478032,478032,,(Playfield2:74B50),Aorebirthmp,complete,packets.hex.log,1398083,0,0,,,0,,0,,capture-session.json;capture_info.json;capture-health.json;events.log;packets.hex.log;enemy-state.csv,Explicit playfield evidence is present without a PF127 signal.
20260614-212335,tools-temp/AOSharpLiveCapture/bin/Debug/captures/20260614-212335,ELSEWHERE,confirmed,,478032,478032,,(Playfield2:74B50),Aorebirthmp,incomplete,packets.hex.log,694232,0,0,,,0,,0,,capture-session.json;capture_info.json;capture-health.json;events.log;packets.hex.log;enemy-state.csv,Explicit playfield evidence is present without a PF127 signal.
20260614-212914,tools-temp/AOSharpLiveCapture/bin/Debug/captures/20260614-212914,ELSEWHERE,confirmed,,478032,478032,,(Playfield2:74B50),Aorebirthmp,complete,packets.hex.log,2036356,0,0,,,0,,0,,capture-session.json;capture_info.json;capture-health.json;events.log;packets.hex.log;enemy-state.csv,Explicit playfield evidence is present without a PF127 signal.
20260614-213857,tools-temp/AOSharpLiveCapture/bin/Debug/captures/20260614-213857,ELSEWHERE,confirmed,,478032,478032,,(Playfield2:74B50),Aorebirthmp,complete,packets.hex.log,328755,0,0,,,0,,0,,capture-session.json;capture_info.json;capture-health.json;events.log;packets.hex.log;enemy-state.csv,Explicit playfield evidence is present without a PF127 signal.
20260614-214357,tools-temp/AOSharpLiveCapture/bin/Debug/captures/20260614-214357,ELSEWHERE,confirmed,,478032,478032,,,Aorebirthmp,complete,packets.hex.log,814697,0,0,,,0,,0,,capture-session.json;capture_info.json;capture-health.json;events.log;packets.hex.log;enemy-state.csv,Explicit playfield evidence is present without a PF127 signal.
20260614-214819,tools-temp/AOSharpLiveCapture/bin/Debug/captures/20260614-214819,ELSEWHERE,confirmed,,478032,478032,,(Playfield2:74B50),Aorebirthmp,complete,packets.hex.log,5130211,0,0,,,3,docs/generated/rex_b18d_box_progress_result.md;docs/generated/rex_b18d_cargo_box_staticdynel_result.md;docs/project/PROJECT_STATE.md,2,docs/generated/rex_b18d_box_progress_result.md;docs/generated/rex_b18d_cargo_box_staticdynel_result.md,capture-session.json;capture_info.json;capture-health.json;events.log;packets.hex.log;enemy-state.csv,Explicit playfield evidence is present without a PF127 signal.
20260614-215831,tools-temp/AOSharpLiveCapture/bin/Debug/captures/20260614-215831,ELSEWHERE,confirmed,,478032,478032,,,Aorebirthmp,incomplete,packets.hex.log,3647416,0,0,,,3,docs/generated/rex_b18d_box_progress_result.md;docs/generated/rex_b18d_cargo_box_staticdynel_result.md;docs/project/PROJECT_STATE.md,2,docs/generated/rex_b18d_box_progress_result.md;docs/generated/rex_b18d_cargo_box_staticdynel_result.md,capture-session.json;capture_info.json;capture-health.json;events.log;packets.hex.log;enemy-state.csv,Explicit playfield evidence is present without a PF127 signal.
20260614-221915,tools-temp/AOSharpLiveCapture/bin/Debug/captures/20260614-221915,ELSEWHERE,confirmed,,478032,478032,,(Playfield2:74B50),Aorebirthmp,complete,packets.hex.log,1545524,0,0,,,0,,0,,capture-session.json;capture_info.json;capture-health.json;events.log;packets.hex.log;enemy-state.csv,Explicit playfield evidence is present without a PF127 signal.
20260618-075746,tools-temp/AOSharpLiveCapture/bin/Debug/captures/20260618-075746,ELSEWHERE,confirmed,,1044525,1044525,,(Playfield2:FF02D),Ohyeahbaby,complete,packets.hex.log,1115728,0,0,,,0,,0,,capture-session.json;capture_info.json;capture-health.json;events.log;packets.hex.log;enemy-state.csv,Explicit playfield evidence is present without a PF127 signal.
20260618-081630,tools-temp/AOSharpLiveCapture/bin/Debug/captures/20260618-081630,ELSEWHERE,confirmed,,1044525,1044525,,,Aorebirthenf,complete,packets.hex.log,2261775,0,0,,,0,,0,,capture-session.json;capture_info.json;capture-health.json;events.log;packets.hex.log;enemy-state.csv,Explicit playfield evidence is present without a PF127 signal.
20260618-083035,tools-temp/AOSharpLiveCapture/bin/Debug/captures/20260618-083035,ELSEWHERE,confirmed,,1044525,1044525,,(Playfield2:FF02D),Aorebirth,complete,packets.hex.log,648025,0,0,,,3,AORebirth/Server/ZoneEngine/Core/Arete/Quests/RexB18ECompletionHandler.cs;docs/generated/rex_b18e_credit_reward_capture_verification.md;docs/generated/rex_b18e_credit_reward_message_result.md,3,AORebirth/Server/ZoneEngine/Core/Arete/Quests/RexB18ECompletionHandler.cs;docs/generated/rex_b18e_credit_reward_capture_verification.md;docs/generated/rex_b18e_credit_reward_message_result.md,capture-session.json;capture_info.json;capture-health.json;events.log;packets.hex.log;enemy-state.csv,Explicit playfield evidence is present without a PF127 signal.
20260620-064548,tools-temp/AOSharpLiveCapture/bin/Debug/captures/20260620-064548,ELSEWHERE,confirmed,,7011,705;735;800;7011;1077254;1079309,705;735;800,(Playfield2:1B63),Youwillmezz,running,packets.hex.log,3384363,0,0,,,0,,0,,capture-session.json;capture_info.json;events.log;packets.hex.log;enemy-state.csv,Explicit playfield evidence is present without a PF127 signal.
20260620-092230,tools-temp/AOSharpLiveCapture/bin/Debug/captures/20260620-092230,ELSEWHERE,confirmed,,1186,1186,,(Playfield2:04A2),Mikedoc,running,packets.hex.log,7500,0,0,,,0,,0,,capture-session.json;capture_info.json;events.log;packets.hex.log;enemy-state.csv,Explicit playfield evidence is present without a PF127 signal.
20260620-093226,tools-temp/AOSharpLiveCapture/bin/Debug/captures/20260620-093226,ELSEWHERE,confirmed,,1186,1186,,(Playfield2:04A2),Mikedoc,running,packets.hex.log,12915,0,0,,,0,,0,,capture-session.json;capture_info.json;events.log;packets.hex.log;enemy-state.csv,Explicit playfield evidence is present without a PF127 signal.
20260620-093825,tools-temp/AOSharpLiveCapture/bin/Debug/captures/20260620-093825,ELSEWHERE,confirmed,,1079309,1079309,,(Playfield2:10780D),Youwillmezz,complete,packets.hex.log,24389,0,0,,,0,,0,,capture-session.json;capture_info.json;capture-health.json;events.log;packets.hex.log;enemy-state.csv,Explicit playfield evidence is present without a PF127 signal.
20260620-095248,tools-temp/AOSharpLiveCapture/bin/Debug/captures/20260620-095248,ELSEWHERE,confirmed,,,1186,1186,,,running,packets.hex.log,106904,0,0,,,0,,0,,capture-session.json;capture_info.json;events.log;packets.hex.log;enemy-state.csv,Explicit playfield evidence is present without a PF127 signal.
20260620-095610,tools-temp/AOSharpLiveCapture/bin/Debug/captures/20260620-095610,ELSEWHERE,confirmed,,1079309,1079309,,(Playfield2:10780D),Youwillmezz,incomplete,packets.hex.log,54344,0,0,,,0,,0,,capture-session.json;capture_info.json;capture-health.json;events.log;packets.hex.log;enemy-state.csv,Explicit playfield evidence is present without a PF127 signal.
20260620-100151,tools-temp/AOSharpLiveCapture/bin/Debug/captures/20260620-100151,ELSEWHERE,confirmed,,1079309,1079309,,(Playfield2:10780D),Youwillmezz,running,packets.hex.log,94910,0,0,,,0,,0,,capture-session.json;capture_info.json;events.log;packets.hex.log;enemy-state.csv,Explicit playfield evidence is present without a PF127 signal.
20260620-100910,tools-temp/AOSharpLiveCapture/bin/Debug/captures/20260620-100910,ELSEWHERE,confirmed,,1186,1186,,(Playfield2:04A2),Mikedoc,running,packets.hex.log,25515,0,0,,,0,,0,,capture-session.json;capture_info.json;events.log;packets.hex.log;enemy-state.csv,Explicit playfield evidence is present without a PF127 signal.
20260620-101515,tools-temp/AOSharpLiveCapture/bin/Debug/captures/20260620-101515,ELSEWHERE,confirmed,,1186,1186,,(Playfield2:04A2),Mikedoc,running,packets.hex.log,101379,0,0,,,0,,0,,capture-session.json;capture_info.json;events.log;packets.hex.log;enemy-state.csv,Explicit playfield evidence is present without a PF127 signal.
20260620-213807,tools-temp/AOSharpLiveCapture/bin/Debug/captures/20260620-213807,ELSEWHERE,confirmed,,,1186,1186,,,running,packets.hex.log,95476,0,0,,,4,AORebirth/Server/ZoneEngine/Core/MessageHandlers/SurgeryClinicInteractionHandler.cs;docs/generated/genericcmd_use_route_audit_20260630_200105.md;docs/generated/surgery_clinic_terminal_capture_result.md;docs/project/PROJECT_STATE.md,3,AORebirth/Server/ZoneEngine/Core/MessageHandlers/SurgeryClinicInteractionHandler.cs;docs/generated/genericcmd_use_route_audit_20260630_200105.md;docs/generated/surgery_clinic_terminal_capture_result.md,capture-session.json;capture_info.json;events.log;packets.hex.log;enemy-state.csv,Explicit playfield evidence is present without a PF127 signal.
20260620-214025,tools-temp/AOSharpLiveCapture/bin/Debug/captures/20260620-214025,ELSEWHERE,confirmed,,1186,1186,,(Playfield2:04A2),Mikedoc,running,packets.hex.log,12211,0,0,,,0,,0,,capture-session.json;capture_info.json;events.log;packets.hex.log;enemy-state.csv,Explicit playfield evidence is present without a PF127 signal.
20260620-214527,tools-temp/AOSharpLiveCapture/bin/Debug/captures/20260620-214527,ELSEWHERE,confirmed,,1089538,1089538,,(Playfield2:10A002),Youwillmezz,incomplete,packets.hex.log,227830,0,0,,,0,,0,,capture-session.json;capture_info.json;capture-health.json;events.log;packets.hex.log;enemy-state.csv,Explicit playfield evidence is present without a PF127 signal.
20260620-214944,tools-temp/AOSharpLiveCapture/bin/Debug/captures/20260620-214944,ELSEWHERE,confirmed,,1186,800;1186,800,(Playfield2:04A2),Mikedoc,running,packets.hex.log,401973,0,0,,,0,,0,,capture-session.json;capture_info.json;events.log;packets.hex.log;enemy-state.csv,Explicit playfield evidence is present without a PF127 signal.
20260620-221718,tools-temp/AOSharpLiveCapture/bin/Debug/captures/20260620-221718,ELSEWHERE,confirmed,,1089538,1089538,,(Playfield2:10A002),Youwillmezz,complete,packets.hex.log,21423,0,0,,,0,,0,,capture-session.json;capture_info.json;capture-health.json;events.log;packets.hex.log;enemy-state.csv,Explicit playfield evidence is present without a PF127 signal.
20260620-221929,tools-temp/AOSharpLiveCapture/bin/Debug/captures/20260620-221929,ELSEWHERE,confirmed,,,800;1186,800;1186,,,running,packets.hex.log,289834,0,0,,,0,,0,,capture-session.json;capture_info.json;events.log;packets.hex.log;enemy-state.csv,Explicit playfield evidence is present without a PF127 signal.
20260620-222813,tools-temp/AOSharpLiveCapture/bin/Debug/captures/20260620-222813,ELSEWHERE,confirmed,,1186,800;1186,800,(Playfield2:04A2),Mikedoc,running,packets.hex.log,595296,0,0,,,0,,0,,capture-session.json;capture_info.json;events.log;packets.hex.log;enemy-state.csv,Explicit playfield evidence is present without a PF127 signal.
20260620-223429,tools-temp/AOSharpLiveCapture/bin/Debug/captures/20260620-223429,ELSEWHERE,confirmed,,1186,800;1186,800,(Playfield2:04A2),Mikedoc,running,packets.hex.log,776348,0,0,,,0,,0,,capture-session.json;capture_info.json;events.log;packets.hex.log;enemy-state.csv,Explicit playfield evidence is present without a PF127 signal.
20260620-230138,tools-temp/AOSharpLiveCapture/bin/Debug/captures/20260620-230138,ELSEWHERE,confirmed,,6007,6007,,(Playfield2:1777),Youwillmezz,running,packets.hex.log,2125213,0,0,,,1,docs/project/PROJECT_STATE.md,0,,capture-session.json;capture_info.json;events.log;packets.hex.log;enemy-state.csv,Explicit playfield evidence is present without a PF127 signal.
20260620-234156,tools-temp/AOSharpLiveCapture/bin/Debug/captures/20260620-234156,ELSEWHERE,confirmed,,6007,655;6007,655;6007,,Youwillmezz,complete,packets.hex.log,520430,0,0,,,1,docs/project/PROJECT_STATE.md,0,,capture-session.json;capture_info.json;capture-health.json;events.log;packets.hex.log;enemy-state.csv,Explicit playfield evidence is present without a PF127 signal.
20260621-011843,tools-temp/AOSharpLiveCapture/bin/Debug/captures/20260621-011843,ELSEWHERE,confirmed,,6007,6007,,(Playfield2:1777),Youwillmezz,running,packets.hex.log,75476,0,0,,,0,,0,,capture-session.json;capture_info.json;events.log;packets.hex.log;enemy-state.csv,Explicit playfield evidence is present without a PF127 signal.
20260621-013227,tools-temp/AOSharpLiveCapture/bin/Debug/captures/20260621-013227,UNRESOLVED,unresolved,,,,,,,running,none,0,0,0,,,0,,0,,capture-session.json;capture_info.json;events.log;packets.hex.log;enemy-state.csv,No usable capture-info or event playfield evidence exists.
20260621-014250,tools-temp/AOSharpLiveCapture/bin/Debug/captures/20260621-014250,ELSEWHERE,confirmed,,800,800,,(Playfield2:0320),Mikedoc,running,packets.hex.log,4278,0,0,,,0,,0,,capture-session.json;capture_info.json;events.log;packets.hex.log;enemy-state.csv,Explicit playfield evidence is present without a PF127 signal.
20260621-015247,tools-temp/AOSharpLiveCapture/bin/Debug/captures/20260621-015247,ELSEWHERE,confirmed,,800,800,,(Playfield2:0320),Mikedoc,running,packets.hex.log,3690,0,0,,,0,,0,,capture-session.json;capture_info.json;events.log;packets.hex.log;enemy-state.csv,Explicit playfield evidence is present without a PF127 signal.
20260621-015913,tools-temp/AOSharpLiveCapture/bin/Debug/captures/20260621-015913,ELSEWHERE,confirmed,,6007,6007,,(Playfield2:1777),Youwillmezz,running,packets.hex.log,83400,0,0,,,0,,0,,capture-session.json;capture_info.json;events.log;packets.hex.log;enemy-state.csv,Explicit playfield evidence is present without a PF127 signal.
20260621-020852,tools-temp/AOSharpLiveCapture/bin/Debug/captures/20260621-020852,ELSEWHERE,confirmed,,800,800,,(Playfield2:0320),Mikedoc,running,packets.hex.log,8470,0,0,,,0,,0,,capture-session.json;capture_info.json;events.log;packets.hex.log;enemy-state.csv,Explicit playfield evidence is present without a PF127 signal.
20260621-021223,tools-temp/AOSharpLiveCapture/bin/Debug/captures/20260621-021223,ELSEWHERE,confirmed,,800,800,,(Playfield2:0320),Mikedoc,running,packets.hex.log,3722,0,0,,,0,,0,,capture-session.json;capture_info.json;events.log;packets.hex.log;enemy-state.csv,Explicit playfield evidence is present without a PF127 signal.
20260621-021829,tools-temp/AOSharpLiveCapture/bin/Debug/captures/20260621-021829,ELSEWHERE,confirmed,,,800,800,,,running,packets.hex.log,17044,0,0,,,0,,0,,capture-session.json;capture_info.json;events.log;packets.hex.log;enemy-state.csv,Explicit playfield evidence is present without a PF127 signal.
20260621-022335,tools-temp/AOSharpLiveCapture/bin/Debug/captures/20260621-022335,ELSEWHERE,confirmed,,,800,800,,,running,packets.hex.log,30362,0,0,,,0,,0,,capture-session.json;capture_info.json;events.log;packets.hex.log;enemy-state.csv,Explicit playfield evidence is present without a PF127 signal.
20260621-052003,tools-temp/AOSharpLiveCapture/bin/Debug/captures/20260621-052003,ELSEWHERE,confirmed,,1186,1186,,(Playfield2:04A2),Mikedoc,running,packets.hex.log,26074,0,0,,,1,docs/project/PROJECT_STATE.md,0,,capture-session.json;capture_info.json;events.log;packets.hex.log;enemy-state.csv,Explicit playfield evidence is present without a PF127 signal.
20260621-062224,tools-temp/AOSharpLiveCapture/bin/Debug/captures/20260621-062224,ELSEWHERE,confirmed,,1093632,655;6002;1089543;1093632,655;6002,(Playfield2:10B000),Youwillnuke,running,packets.hex.log,832728,0,0,,,4,AORebirth/Server/ZoneEngine/Core/MessageHandlers/SurgeryClinicInteractionHandler.cs;docs/generated/genericcmd_use_route_audit_20260630_200105.md;docs/generated/surgery_clinic_terminal_capture_result.md;docs/project/PROJECT_STATE.md,3,AORebirth/Server/ZoneEngine/Core/MessageHandlers/SurgeryClinicInteractionHandler.cs;docs/generated/genericcmd_use_route_audit_20260630_200105.md;docs/generated/surgery_clinic_terminal_capture_result.md,capture-session.json;capture_info.json;events.log;packets.hex.log;enemy-state.csv,Explicit playfield evidence is present without a PF127 signal.
20260621-063942,tools-temp/AOSharpLiveCapture/bin/Debug/captures/20260621-063942,ELSEWHERE,confirmed,,1089543,1089543,,(Playfield2:10A007),Brackenridge,complete,packets.hex.log,117004,0,0,,,2,docs/generated/surgery_clinic_implant_install_capture_result.md;docs/project/PROJECT_STATE.md,1,docs/generated/surgery_clinic_implant_install_capture_result.md,capture-session.json;capture_info.json;capture-health.json;events.log;packets.hex.log;enemy-state.csv,Explicit playfield evidence is present without a PF127 signal.
20260621-072558,tools-temp/AOSharpLiveCapture/bin/Debug/captures/20260621-072558,ELSEWHERE,confirmed,,1186,1186,,(Playfield2:04A2),Mikedoc,running,packets.hex.log,36756,0,0,,,0,,0,,capture-session.json;capture_info.json;events.log;packets.hex.log;enemy-state.csv,Explicit playfield evidence is present without a PF127 signal.
20260621-073119,tools-temp/AOSharpLiveCapture/bin/Debug/captures/20260621-073119,ELSEWHERE,confirmed,,800,800;1186,800,,Mikedoc,complete,packets.hex.log,44938,0,0,,,0,,0,,capture-session.json;capture_info.json;capture-health.json;events.log;packets.hex.log;enemy-state.csv,Explicit playfield evidence is present without a PF127 signal.
20260621-073837,tools-temp/AOSharpLiveCapture/bin/Debug/captures/20260621-073837,ELSEWHERE,confirmed,,800,800;1130515,800,,Youwillmezz,complete,packets.hex.log,98284,0,0,,,2,docs/generated/bank_wear_mirror_capture_result.md;docs/project/PROJECT_STATE.md,1,docs/generated/bank_wear_mirror_capture_result.md,capture-session.json;capture_info.json;capture-health.json;events.log;packets.hex.log;enemy-state.csv,Explicit playfield evidence is present without a PF127 signal.
20260621-090755,tools-temp/AOSharpLiveCapture/bin/Debug/captures/20260621-090755,ELSEWHERE,confirmed,,1077254,655;1077254,655,,Youwillnuke,complete,packets.hex.log,440207,0,0,,,0,,0,,capture-session.json;capture_info.json;capture-health.json;events.log;packets.hex.log;enemy-state.csv,Explicit playfield evidence is present without a PF127 signal.
20260621-091447,tools-temp/AOSharpLiveCapture/bin/Debug/captures/20260621-091447,ELSEWHERE,confirmed,,655,655;800;1077254,800,(Playfield2:028F),Youwillnuke,running,packets.hex.log,1329312,0,0,,,4,AORebirth/Server/ZoneEngine/Core/MessageHandlers/GridTerminalInteractionHandler.cs;docs/generated/grid_enter_terminal_template_95350_result.md;docs/generated/grid_terminal_c0040320_capture_result.md;docs/generated/grid_terminal_live_capture_20260622_result.md,4,AORebirth/Server/ZoneEngine/Core/MessageHandlers/GridTerminalInteractionHandler.cs;docs/generated/grid_enter_terminal_template_95350_result.md;docs/generated/grid_terminal_c0040320_capture_result.md;docs/generated/grid_terminal_live_capture_20260622_result.md,capture-session.json;capture_info.json;events.log;packets.hex.log;enemy-state.csv,Explicit playfield evidence is present without a PF127 signal.
20260622-003221,tools-temp/AOSharpLiveCapture/bin/Debug/captures/20260622-003221,ELSEWHERE,confirmed,,567,505;560;567;640;665;670;685;695;700;705;730;1181697,505;560;640;665;670;685;695;700;705;730,(Playfield2:0237),Youwillmezz,running,packets.hex.log,3246233,0,0,,,3,AORebirth/Server/ZoneEngine/Core/MessageHandlers/GridTerminalInteractionHandler.cs;docs/generated/grid_enter_terminal_template_95350_result.md;docs/generated/grid_terminal_live_capture_20260622_result.md,3,AORebirth/Server/ZoneEngine/Core/MessageHandlers/GridTerminalInteractionHandler.cs;docs/generated/grid_enter_terminal_template_95350_result.md;docs/generated/grid_terminal_live_capture_20260622_result.md,capture-session.json;capture_info.json;events.log;packets.hex.log;enemy-state.csv,Explicit playfield evidence is present without a PF127 signal.
20260622-071718,tools-temp/AOSharpLiveCapture/bin/Debug/captures/20260622-071718,ELSEWHERE,confirmed,,800,800;1181697,,(Playfield2:0320),Youwillmezz,running,packets.hex.log,296669,0,0,,,0,,0,,capture-session.json;capture_info.json;events.log;packets.hex.log;enemy-state.csv,Explicit playfield evidence is present without a PF127 signal.
20260622-071741,tools-temp/AOSharpLiveCapture/bin/Debug/captures/20260622-071741,ELSEWHERE,confirmed,,800,800;1181697,800,,Youwillmezz,complete,packets.hex.log,201267,0,0,,,0,,0,,capture-session.json;capture_info.json;capture-health.json;events.log;packets.hex.log;enemy-state.csv,Explicit playfield evidence is present without a PF127 signal.
20260622-073015,tools-temp/AOSharpLiveCapture/bin/Debug/captures/20260622-073015,ELSEWHERE,confirmed,,1179653,655;1138688;1179653;1183745,655,,Youwillmezz,complete,packets.hex.log,938308,0,0,,,2,AORebirth/Server/ZoneEngine/Core/PacketHandlers/OrgClient.cs;docs/generated/private_city_citycontroller_compat_result.md,2,AORebirth/Server/ZoneEngine/Core/PacketHandlers/OrgClient.cs;docs/generated/private_city_citycontroller_compat_result.md,capture-session.json;capture_info.json;capture-health.json;events.log;packets.hex.log;enemy-state.csv,Explicit playfield evidence is present without a PF127 signal.
20260622-081426,tools-temp/AOSharpLiveCapture/bin/Debug/captures/20260622-081426,UNRESOLVED,unresolved,,,,,,Youwillmezz,,none,0,0,0,,,0,,0,,capture-session.json;events.log;packets.hex.log;enemy-state.csv,No usable capture-info or event playfield evidence exists.
20260622-081427,tools-temp/AOSharpLiveCapture/bin/Debug/captures/20260622-081427,ELSEWHERE,confirmed,,655,655,,(Playfield2:028F),Youwillmezz,complete,packets.hex.log,421593,0,0,,,1,docs/generated/private_city_citycontroller_compat_result.md,1,docs/generated/private_city_citycontroller_compat_result.md,capture-session.json;capture_info.json;capture-health.json;events.log;packets.hex.log;enemy-state.csv,Explicit playfield evidence is present without a PF127 signal.
20260622-092054,tools-temp/AOSharpLiveCapture/bin/Debug/captures/20260622-092054,ELSEWHERE,confirmed,,1067112,655;1067112,,,Youwillmezz,complete,packets.hex.log,99465,0,0,,,2,AORebirth/Server/ZoneEngine/Core/Playfields/PrivateCityReadyInitCoordinator.cs;docs/generated/private_city_compat_capture_result_20260622.md,2,AORebirth/Server/ZoneEngine/Core/Playfields/PrivateCityReadyInitCoordinator.cs;docs/generated/private_city_compat_capture_result_20260622.md,capture-session.json;capture_info.json;capture-health.json;events.log;packets.hex.log;enemy-state.csv,Explicit playfield evidence is present without a PF127 signal.
20260622-092724,tools-temp/AOSharpLiveCapture/bin/Debug/captures/20260622-092724,ELSEWHERE,confirmed,,1067112,1067112,,(Playfield2:104868),Youwillmezz,complete,packets.hex.log,5620,0,0,,,1,docs/generated/private_city_compat_capture_result_20260622.md,1,docs/generated/private_city_compat_capture_result_20260622.md,capture-session.json;capture_info.json;capture-health.json;events.log;packets.hex.log;enemy-state.csv,Explicit playfield evidence is present without a PF127 signal.
20260622-093102,tools-temp/AOSharpLiveCapture/bin/Debug/captures/20260622-093102,ELSEWHERE,confirmed,,1067112,1067112,,(Playfield2:104868),Youwillmezz,complete,packets.hex.log,23145,0,0,,,2,AORebirth/Server/ZoneEngine/Core/MessageHandlers/OrgClientMessageHandler.cs;docs/generated/private_city_compat_capture_result_20260622.md,2,AORebirth/Server/ZoneEngine/Core/MessageHandlers/OrgClientMessageHandler.cs;docs/generated/private_city_compat_capture_result_20260622.md,capture-session.json;capture_info.json;capture-health.json;events.log;packets.hex.log;enemy-state.csv,Explicit playfield evidence is present without a PF127 signal.
20260622-093540,tools-temp/AOSharpLiveCapture/bin/Debug/captures/20260622-093540,ELSEWHERE,confirmed,,1067112,1067112;1181697,,,Youwillmezz,complete,packets.hex.log,75044,0,0,,,3,AORebirth/Server/ZoneEngine/Core/Functions/GameFunctions/exitproxyplayfield.cs;AORebirth/Server/ZoneEngine/Core/Playfields/PrivateCityReadyInitCoordinator.cs;docs/generated/private_city_compat_capture_result_20260622.md,3,AORebirth/Server/ZoneEngine/Core/Functions/GameFunctions/exitproxyplayfield.cs;AORebirth/Server/ZoneEngine/Core/Playfields/PrivateCityReadyInitCoordinator.cs;docs/generated/private_city_compat_capture_result_20260622.md,capture-session.json;capture_info.json;capture-health.json;events.log;packets.hex.log;enemy-state.csv,Explicit playfield evidence is present without a PF127 signal.
20260622-101935,tools-temp/AOSharpLiveCapture/bin/Debug/captures/20260622-101935,ELSEWHERE,confirmed,,1196045,655;1196045,655,,Youwillnuke,complete,packets.hex.log,387229,0,0,,,5,AORebirth/Server/ZoneEngine/Core/Playfields/Playfield.cs;AORebirth/Server/ZoneEngine/Core/Playfields/PlayfieldContentDataProvider.cs;AORebirth/Server/ZoneEngine/Core/Playfields/PlayfieldStatelTransitionRuntimeService.cs;AORebirth/Server/ZoneEngine/Core/Playfields/PrivateCityReadyInitCoordinator.cs;docs/generated/private_city_montroyal_entry_capture_result_20260622.md,5,AORebirth/Server/ZoneEngine/Core/Playfields/Playfield.cs;AORebirth/Server/ZoneEngine/Core/Playfields/PlayfieldContentDataProvider.cs;AORebirth/Server/ZoneEngine/Core/Playfields/PlayfieldStatelTransitionRuntimeService.cs;AORebirth/Server/ZoneEngine/Core/Playfields/PrivateCityReadyInitCoordinator.cs;docs/generated/private_city_montroyal_entry_capture_result_20260622.md,capture-session.json;capture_info.json;capture-health.json;events.log;packets.hex.log;enemy-state.csv,Explicit playfield evidence is present without a PF127 signal.
20260622-132353,tools-temp/AOSharpLiveCapture/bin/Debug/captures/20260622-132353,ELSEWHERE,confirmed,,1196045,1196045,,(Playfield2:12400D),Mikedoc,complete,packets.hex.log,9975,0,0,,,0,,0,,capture-session.json;capture_info.json;capture-health.json;events.log;packets.hex.log;enemy-state.csv,Explicit playfield evidence is present without a PF127 signal.
20260622-133248,tools-temp/AOSharpLiveCapture/bin/Debug/captures/20260622-133248,ELSEWHERE,confirmed,,655,655;1107971,,(Playfield2:028F),Youwillmezz,running,packets.hex.log,273263,0,0,,,0,,0,,capture-session.json;capture_info.json;events.log;packets.hex.log;enemy-state.csv,Explicit playfield evidence is present without a PF127 signal.
20260623-010420,tools-temp/AOSharpLiveCapture/bin/Debug/captures/20260623-010420,ELSEWHERE,confirmed,,655,655,,(Playfield2:028F),Valk2024,running,packets.hex.log,80518,0,0,,,0,,0,,capture-session.json;capture_info.json;events.log;packets.hex.log;enemy-state.csv,Explicit playfield evidence is present without a PF127 signal.
20260623-010648,tools-temp/AOSharpLiveCapture/bin/Debug/captures/20260623-010648,ELSEWHERE,confirmed,,655,655,,(Playfield2:028F),Valk2024,complete,packets.hex.log,6896,0,0,,,0,,0,,capture-session.json;capture_info.json;capture-health.json;events.log;packets.hex.log;enemy-state.csv,Explicit playfield evidence is present without a PF127 signal.
20260623-010708,tools-temp/AOSharpLiveCapture/bin/Debug/captures/20260623-010708,ELSEWHERE,confirmed,,655,655,,(Playfield2:028F),Valk2024,running,packets.hex.log,115397,0,0,,,0,,0,,capture-session.json;capture_info.json;events.log;packets.hex.log;enemy-state.csv,Explicit playfield evidence is present without a PF127 signal.
20260623-010726,tools-temp/AOSharpLiveCapture/bin/Debug/captures/20260623-010726,ELSEWHERE,confirmed,,655,655,,(Playfield2:028F),Valk2024,complete,packets.hex.log,114507,0,0,,,0,,0,,capture-session.json;capture_info.json;capture-health.json;events.log;packets.hex.log;enemy-state.csv,Explicit playfield evidence is present without a PF127 signal.
20260623-011533,tools-temp/AOSharpLiveCapture/bin/Debug/captures/20260623-011533,ELSEWHERE,confirmed,,655,655,,(Playfield2:028F),Valk2024,running,packets.hex.log,13631,0,0,,,0,,0,,capture-session.json;capture_info.json;events.log;packets.hex.log;enemy-state.csv,Explicit playfield evidence is present without a PF127 signal.
20260623-012720,tools-temp/AOSharpLiveCapture/bin/Debug/captures/20260623-012720,ELSEWHERE,confirmed,,1196034,655;1196034,655,,Valk2024,complete,packets.hex.log,1029996,0,0,,,1,docs/generated/private_city_capture_20260623_012720_guest_key_and_non_owned_controller.md,1,docs/generated/private_city_capture_20260623_012720_guest_key_and_non_owned_controller.md,capture-session.json;capture_info.json;capture-health.json;events.log;packets.hex.log;enemy-state.csv,Explicit playfield evidence is present without a PF127 signal.
20260623-014311,tools-temp/AOSharpLiveCapture/bin/Debug/captures/20260623-014311,ELSEWHERE,confirmed,,1196034,655;1196034,655,,Valk2024,complete,packets.hex.log,135260,0,0,,,0,,0,,capture-session.json;capture_info.json;capture-health.json;events.log;packets.hex.log;enemy-state.csv,Explicit playfield evidence is present without a PF127 signal.
20260623-014854,tools-temp/AOSharpLiveCapture/bin/Debug/captures/20260623-014854,ELSEWHERE,confirmed,,1196034,655;800;1112071;1181697;1196034,655;800,(Playfield2:124002),Valk2024,running,packets.hex.log,361447,0,0,,,0,,0,,capture-session.json;capture_info.json;events.log;packets.hex.log;enemy-state.csv,Explicit playfield evidence is present without a PF127 signal.
20260623-015602,tools-temp/AOSharpLiveCapture/bin/Debug/captures/20260623-015602,ELSEWHERE,confirmed,,1196034,655;800;1112071;1181697;1196034,655;800,(Playfield2:124002),Valk2024,running,packets.hex.log,337331,0,0,,,2,AORebirth/Server/ZoneEngine/Core/MessageHandlers/CityControllerInteractionHandler.cs;docs/generated/private_city_purchase_capture_20260623_015602.md,2,AORebirth/Server/ZoneEngine/Core/MessageHandlers/CityControllerInteractionHandler.cs;docs/generated/private_city_purchase_capture_20260623_015602.md,capture-session.json;capture_info.json;events.log;packets.hex.log;enemy-state.csv,Explicit playfield evidence is present without a PF127 signal.
20260623-021643,tools-temp/AOSharpLiveCapture/bin/Debug/captures/20260623-021643,ELSEWHERE,confirmed,,800,655;800;1181697;1196034,655,(Playfield2:0320),Valk2024,running,packets.hex.log,399372,0,0,,,4,AORebirth/Server/ZoneEngine/Core/Playfields/PlayfieldStatelTransitionRuntimeService.cs;AORebirth/Server/ZoneEngine/Core/Playfields/PrivateCityReadyInitCoordinator.cs;docs/generated/org_command_capture_20260623_084448.md;docs/generated/private_city_owned_entry_capture_20260623_021643.md,4,AORebirth/Server/ZoneEngine/Core/Playfields/PlayfieldStatelTransitionRuntimeService.cs;AORebirth/Server/ZoneEngine/Core/Playfields/PrivateCityReadyInitCoordinator.cs;docs/generated/org_command_capture_20260623_084448.md;docs/generated/private_city_owned_entry_capture_20260623_021643.md,capture-session.json;capture_info.json;events.log;packets.hex.log;enemy-state.csv,Explicit playfield evidence is present without a PF127 signal.
20260623-040642,tools-temp/AOSharpLiveCapture/bin/Debug/captures/20260623-040642,ELSEWHERE,confirmed,,1196045,1196045,,(Playfield2:12400D),Mikedoc,running,packets.hex.log,1356,0,0,,,1,docs/generated/org_info_client_state_capture_20260623_042326.md,1,docs/generated/org_info_client_state_capture_20260623_042326.md,capture-session.json;capture_info.json;events.log;packets.hex.log;enemy-state.csv,Explicit playfield evidence is present without a PF127 signal.
20260623-041728,tools-temp/AOSharpLiveCapture/bin/Debug/captures/20260623-041728,ELSEWHERE,confirmed,,1196045,1196045,,(Playfield2:12400D),Mikedoc,running,packets.hex.log,9687,0,0,,,0,,0,,capture-session.json;capture_info.json;events.log;packets.hex.log;enemy-state.csv,Explicit playfield evidence is present without a PF127 signal.
20260623-042326,tools-temp/AOSharpLiveCapture/bin/Debug/captures/20260623-042326,ELSEWHERE,confirmed,,1108028,655;1108028,655,(Playfield2:10E83C),Valk2024,running,packets.hex.log,93124,0,0,,,2,AORebirth/Server/ZoneEngine/Core/Playfields/PrivateCityReadyInitCoordinator.cs;docs/generated/org_info_client_state_capture_20260623_042326.md,2,AORebirth/Server/ZoneEngine/Core/Playfields/PrivateCityReadyInitCoordinator.cs;docs/generated/org_info_client_state_capture_20260623_042326.md,capture-session.json;capture_info.json;events.log;packets.hex.log;enemy-state.csv,Explicit playfield evidence is present without a PF127 signal.
20260623-044444,tools-temp/AOSharpLiveCapture/bin/Debug/captures/20260623-044444,ELSEWHERE,confirmed,,1196045,1196045,,(Playfield2:12400D),Mikedoc,running,packets.hex.log,408,0,0,,,0,,0,,capture-session.json;capture_info.json;events.log;packets.hex.log;enemy-state.csv,Explicit playfield evidence is present without a PF127 signal.
20260623-045431,tools-temp/AOSharpLiveCapture/bin/Debug/captures/20260623-045431,ELSEWHERE,confirmed,,655,655;1196045,,(Playfield2:028F),Mikedoc,running,packets.hex.log,20272,0,0,,,0,,0,,capture-session.json;capture_info.json;events.log;packets.hex.log;enemy-state.csv,Explicit playfield evidence is present without a PF127 signal.
20260623-081344,tools-temp/AOSharpLiveCapture/bin/Debug/captures/20260623-081344,ELSEWHERE,confirmed,,1179648,1179648,,(Playfield2:120000),Valk2024,running,packets.hex.log,1207,0,0,,,1,docs/generated/city_controller_non_org_capture_20260623_081344.md,1,docs/generated/city_controller_non_org_capture_20260623_081344.md,capture-session.json;capture_info.json;events.log;packets.hex.log;enemy-state.csv,Explicit playfield evidence is present without a PF127 signal.
20260623-091851,tools-temp/AOSharpLiveCapture/bin/Debug/captures/20260623-091851,ELSEWHERE,confirmed,,1067093,655;6002;1067093;1116167,,(Playfield2:104855),Valk2024,running,packets.hex.log,2929,0,0,,,0,,0,,capture-session.json;capture_info.json;events.log;packets.hex.log;enemy-state.csv,Explicit playfield evidence is present without a PF127 signal.
20260623-093029,tools-temp/AOSharpLiveCapture/bin/Debug/captures/20260623-093029,ELSEWHERE,confirmed,,655,655,,(Playfield2:028F),Valk2024,running,packets.hex.log,79586,0,0,,,0,,0,,capture-session.json;capture_info.json;events.log;packets.hex.log;enemy-state.csv,Explicit playfield evidence is present without a PF127 signal.
20260623-093424,tools-temp/AOSharpLiveCapture/bin/Debug/captures/20260623-093424,ELSEWHERE,confirmed,,655,655,,(Playfield2:028F),Youwillnuke,running,packets.hex.log,3401112,0,0,,,0,,0,,capture-session.json;capture_info.json;events.log;packets.hex.log;enemy-state.csv,Explicit playfield evidence is present without a PF127 signal.
20260623-095505,tools-temp/AOSharpLiveCapture/bin/Debug/captures/20260623-095505,ELSEWHERE,confirmed,,655,655;800;3081;1181697;1218560,800;3081,(Playfield2:028F),Youwillnuke,running,packets.hex.log,1069570,0,0,,,0,,0,,capture-session.json;capture_info.json;events.log;packets.hex.log;enemy-state.csv,Explicit playfield evidence is present without a PF127 signal.
20260623-101709,tools-temp/AOSharpLiveCapture/bin/Debug/captures/20260623-101709,ELSEWHERE,confirmed,,1218560,1218560,,(Playfield2:129800),Youwillnuke,running,packets.hex.log,2263922,0,0,,,0,,0,,capture-session.json;capture_info.json;events.log;packets.hex.log;enemy-state.csv,Explicit playfield evidence is present without a PF127 signal.
20260623-111355,tools-temp/AOSharpLiveCapture/bin/Debug/captures/20260623-111355,ELSEWHERE,confirmed,,1044525,1044525,,(Playfield2:FF02D),Shinichi,running,packets.hex.log,873376,0,0,,,0,,0,,capture-session.json;capture_info.json;events.log;packets.hex.log;enemy-state.csv;enemy-combat.csv;enemy-movement.csv,Explicit playfield evidence is present without a PF127 signal.
20260623-115502,tools-temp/AOSharpLiveCapture/bin/Debug/captures/20260623-115502,ELSEWHERE,confirmed,,1044525,1044525,,(Playfield2:FF02D),Shinichi,running,packets.hex.log,246847,0,0,,,1,docs/generated/malfunctioning_cleaning_robot_enemy_20260623_115502.md,1,docs/generated/malfunctioning_cleaning_robot_enemy_20260623_115502.md,capture-session.json;capture_info.json;events.log;packets.hex.log;enemy-state.csv;enemy-combat.csv;enemy-movement.csv,Explicit playfield evidence is present without a PF127 signal.
20260625-175659,tools-temp/AOSharpLiveCapture/bin/Debug/captures/20260625-175659,ELSEWHERE,confirmed,,1044525,1044525,,(Playfield2:FF02D),Shinichi,running,packets.hex.log,4138014,0,0,,,0,,0,,capture-session.json;capture_info.json;events.log;packets.hex.log;enemy-state.csv;enemy-combat.csv;enemy-movement.csv,Explicit playfield evidence is present without a PF127 signal.
20260625-184019,tools-temp/AOSharpLiveCapture/bin/Debug/captures/20260625-184019,ELSEWHERE,confirmed,,4582,4582;6553,6553,(Playfield2:11E6),Mikemp,running,packets.hex.log,40392,0,0,,,0,,0,,capture-session.json;capture_info.json;events.log;packets.hex.log;enemy-state.csv;enemy-combat.csv;enemy-movement.csv,Explicit playfield evidence is present without a PF127 signal.
20260625-184459,tools-temp/AOSharpLiveCapture/bin/Debug/captures/20260625-184459,ELSEWHERE,confirmed,,4582,4582;6553,6553,(Playfield2:11E6),Mikemp,running,packets.hex.log,57781,0,0,,,0,,0,,capture-session.json;capture_info.json;events.log;packets.hex.log;enemy-state.csv;enemy-combat.csv;enemy-movement.csv,Explicit playfield evidence is present without a PF127 signal.
20260625-185456,tools-temp/AOSharpLiveCapture/bin/Debug/captures/20260625-185456,ELSEWHERE,confirmed,,1044525,1044525,,(Playfield2:FF02D),Shinichi,running,packets.hex.log,454615,0,0,,,0,,0,,capture-session.json;capture_info.json;events.log;packets.hex.log;enemy-state.csv;enemy-combat.csv;enemy-movement.csv,Explicit playfield evidence is present without a PF127 signal.
20260625-192120,tools-temp/AOSharpLiveCapture/bin/Debug/captures/20260625-192120,ELSEWHERE,confirmed,,1044525,1044525,,(Playfield2:FF02D),Shinichi,running,packets.hex.log,291245,0,0,,,0,,0,,capture-session.json;capture_info.json;enemy-dossier.json;events.log;packets.hex.log;enemy-state.csv;enemy-combat.csv;enemy-movement.csv,Explicit playfield evidence is present without a PF127 signal.
20260625-192827,tools-temp/AOSharpLiveCapture/bin/Debug/captures/20260625-192827,ELSEWHERE,confirmed,,1044525,7101;1044525,7101,,Shinichi,complete,packets.hex.log,236864,0,1,Malfunctioning Cleaning Robot,,0,,0,,capture-session.json;capture_info.json;capture-health.json;enemy-dossier.json;events.log;packets.hex.log;enemy-state.csv;enemy-combat.csv;enemy-movement.csv,Explicit playfield evidence is present without a PF127 signal.
20260629-142800,tools-temp/AOSharpLiveCapture/bin/Debug/captures/20260629-142800,ELSEWHERE,confirmed,,7101,7101;1277953,,(Playfield2:1BBD),Aorebirth,running,packets.hex.log,666478,0,0,,,1,AORebirth/Server/ZoneEngine/Core/Playfields/GlobalLootRuntimeService.cs,1,AORebirth/Server/ZoneEngine/Core/Playfields/GlobalLootRuntimeService.cs,capture-session.json;capture_info.json;enemy-dossier.json;events.log;packets.hex.log;enemy-state.csv;enemy-combat.csv;enemy-movement.csv,Explicit playfield evidence is present without a PF127 signal.
20260629-173605,tools-temp/AOSharpLiveCapture/bin/Debug/captures/20260629-173605,ELSEWHERE,confirmed,,1044525,7101;1044525,,,Aorebirth,complete,packets.hex.log,364779,0,0,,,1,docs/generated/aorebirth_full_code_sweep_20260630_174335.md,1,docs/generated/aorebirth_full_code_sweep_20260630_174335.md,capture-session.json;capture_info.json;capture-health.json;enemy-dossier.json;events.log;packets.hex.log;enemy-state.csv;enemy-combat.csv;enemy-movement.csv,Explicit playfield evidence is present without a PF127 signal.
20260629-190145,tools-temp/AOSharpLiveCapture/bin/Debug/captures/20260629-190145,ELSEWHERE,confirmed,,6553,6553,,(Playfield2:1999),Mikemp,complete,packets.hex.log,20357,0,0,,,0,,0,,capture-session.json;capture_info.json;capture-health.json;enemy-dossier.json;events.log;packets.hex.log;enemy-state.csv;enemy-combat.csv;enemy-movement.csv,Explicit playfield evidence is present without a PF127 signal.
20260629-193121,tools-temp/AOSharpLiveCapture/bin/Debug/captures/20260629-193121,ELSEWHERE,confirmed,,1304579,7101;1304579,,,Aorebirth,complete,packets.hex.log,181380,0,0,,,6,AORebirth/Server/ZoneEngine/Core/Playfields/CapturedAreteRobotContentProvider.cs;AORebirth/Server/ZoneEngine/Core/Playfields/CapturedAreteRobotSpawnOrchestrator.cs;docs/generated/aorebirth_full_code_sweep_20260630_174335.md;docs/generated/aorebirth_independent_systems_audit_20260630_185305.md;docs/generated/robot_patrol_replay_data_promotion_20260701.md;docs/project/AOREBIRTH_REGRESSION_BACKLOG.md,5,AORebirth/Server/ZoneEngine/Core/Playfields/CapturedAreteRobotContentProvider.cs;AORebirth/Server/ZoneEngine/Core/Playfields/CapturedAreteRobotSpawnOrchestrator.cs;docs/generated/aorebirth_full_code_sweep_20260630_174335.md;docs/generated/aorebirth_independent_systems_audit_20260630_185305.md;docs/generated/robot_patrol_replay_data_promotion_20260701.md,capture-session.json;capture_info.json;capture-health.json;enemy-dossier.json;events.log;packets.hex.log;enemy-state.csv;enemy-combat.csv;enemy-movement.csv,Explicit playfield evidence is present without a PF127 signal.
20260629-193525,tools-temp/AOSharpLiveCapture/bin/Debug/captures/20260629-193525,ELSEWHERE,confirmed,,6553,6553;7101,6553,,Mikemp,complete,packets.hex.log,55068,0,0,,,0,,0,,capture-session.json;capture_info.json;capture-health.json;enemy-dossier.json;events.log;packets.hex.log;enemy-state.csv;enemy-combat.csv;enemy-movement.csv,Explicit playfield evidence is present without a PF127 signal.
20260701-112027,tools-temp/AOSharpLiveCapture/bin/Debug/captures/20260701-112027,ELSEWHERE,confirmed,,655,655,,(Playfield2:028F),Coonbase,running,packets.hex.log,8065,0,0,,,0,,0,,capture-session.json;capture_info.json;enemy-dossier.json;events.log;packets.hex.log;enemy-state.csv;enemy-combat.csv;enemy-movement.csv,Explicit playfield evidence is present without a PF127 signal.
20260702-144858,tools-temp/AOSharpLiveCapture/bin/Debug/captures/20260702-144858,ELSEWHERE,confirmed,,1363993,1363993,,(Playfield2:14D019),Coonbase,running,packets.hex.log,7361,0,0,,,0,,0,,capture-session.json;capture_info.json;enemy-dossier.json;events.log;packets.hex.log;enemy-state.csv;enemy-combat.csv;enemy-movement.csv,Explicit playfield evidence is present without a PF127 signal.
20260702-145059,tools-temp/AOSharpLiveCapture/bin/Debug/captures/20260702-145059,ELSEWHERE,confirmed,,1363993,6002;1363993,6002,,Coonbase,complete,packets.hex.log,59473,0,0,,,0,,0,,capture-session.json;capture_info.json;capture-health.json;enemy-dossier.json;events.log;packets.hex.log;enemy-state.csv;enemy-combat.csv;enemy-movement.csv,Explicit playfield evidence is present without a PF127 signal.
20260706-230919,tools-temp/AOSharpLiveCapture/bin/Debug/captures/20260706-230919,ELSEWHERE,confirmed,,6002,6002;1376365;1376390,6002,,Coonbase,complete,packets.hex.log,16876,0,0,,,0,,0,,capture-session.json;capture_info.json;capture-health.json;enemy-dossier.json;events.log;packets.hex.log;enemy-state.csv;enemy-combat.csv;enemy-movement.csv,Explicit playfield evidence is present without a PF127 signal.
20260707-141257,tools-temp/AOSharpLiveCapture/bin/Debug/captures/20260707-141257,ELSEWHERE,confirmed,,6553,6553,,(Playfield2:1999),Mikemp,running,packets.hex.log,537516,0,0,,,0,,0,,capture-session.json;capture_info.json;enemy-dossier.json;events.log;packets.hex.log;enemy-state.csv;enemy-combat.csv;enemy-movement.csv,Explicit playfield evidence is present without a PF127 signal.
20260707-142139,tools-temp/AOSharpLiveCapture/bin/Debug/captures/20260707-142139,ELSEWHERE,confirmed,,6553,6553,,(Playfield2:1999),Mikemp,running,packets.hex.log,9128849,0,0,,,0,,0,,capture-session.json;capture_info.json;enemy-dossier.json;events.log;packets.hex.log;enemy-state.csv;enemy-combat.csv;enemy-movement.csv,Explicit playfield evidence is present without a PF127 signal.
20260707-171542,tools-temp/AOSharpLiveCapture/bin/Debug/captures/20260707-171542,ELSEWHERE,confirmed,,6553,6553,,(Playfield2:1999),Mikemp,complete,packets.hex.log,130858,0,0,,,0,,0,,capture-session.json;capture_info.json;capture-health.json;enemy-dossier.json;events.log;packets.hex.log;enemy-state.csv;enemy-combat.csv;enemy-movement.csv,Explicit playfield evidence is present without a PF127 signal.
20260707-172254,tools-temp/AOSharpLiveCapture/bin/Debug/captures/20260707-172254,ELSEWHERE,confirmed,,6553,6553,,(Playfield2:1999),Mikemp,complete,packets.hex.log,254239,0,2,Codex Test Beach Leet;Malfunctioning Cleaning Robot,,2,docs/generated/corpse_open_loot_credit_validation_20260707_172254.md;docs/generated/def_agg_tutorial_trigger_analysis_20260708.md,2,docs/generated/corpse_open_loot_credit_validation_20260707_172254.md;docs/generated/def_agg_tutorial_trigger_analysis_20260708.md,capture-session.json;capture_info.json;capture-health.json;enemy-dossier.json;events.log;packets.hex.log;enemy-state.csv;enemy-combat.csv;enemy-movement.csv,Explicit playfield evidence is present without a PF127 signal.
20260708-004038,tools-temp/AOSharpLiveCapture/bin/Debug/captures/20260708-004038,MIXED,high,observed-instance-map,1187842,655;1187842;1364029,655,,Nycsubway,complete,packets.hex.log,5038957,0,4,Asynctrox;Filth Flea;Natalia Akcora;Thief,discarded pet;disobedient bot;filth flea,0,,0,,capture-session.json;capture_info.json;capture-health.json;enemy-dossier.json;events.log;packets.hex.log;enemy-state.csv;enemy-combat.csv;enemy-movement.csv,PF127 signal observed-instance-map conflicts with explicit non-PF127 event playfield evidence.
20260708-143600,tools-temp/AOSharpLiveCapture/bin/Debug/captures/20260708-143600,SUBWAY,high,observed-instance-map,1187842,1187842,,(Playfield2:122002),Nycsubway,complete,packets.hex.log,3929440,0,10,Anger Manifestation;Deranged Shopper;Discarded Pet;Disobedient Bot;Filth Flea;Killer;Looter;Mugger;Stim Fiend;Violent Vagabond,discarded pet;disobedient bot;filth flea;stim fiend;workman striker,4,AORebirth/Server/ZoneEngine/Core/Playfields/OrdinaryEnemyCatalog.cs;docs/evidence/SUBWAY_BLOODCREEPER_DISOBEDIENT_BOT_LOOT_AUDIT.md;docs/generated/def_agg_raw_packet_diff_20260709.md;docs/generated/def_agg_tutorial_trigger_analysis_20260708.md,3,AORebirth/Server/ZoneEngine/Core/Playfields/OrdinaryEnemyCatalog.cs;docs/generated/def_agg_raw_packet_diff_20260709.md;docs/generated/def_agg_tutorial_trigger_analysis_20260708.md,capture-session.json;capture_info.json;capture-health.json;enemy-dossier.json;events.log;packets.hex.log;enemy-state.csv;enemy-combat.csv;enemy-movement.csv,PF127 signal observed-instance-map has no outside event playfield.
20260708-175514,tools-temp/AOSharpLiveCapture/bin/Debug/captures/20260708-175514,MIXED,high,observed-instance-map,1187842,655;1187842,655,,Nycsubway,complete,packets.hex.log,326207,0,0,,discarded pet;disobedient bot;filth flea,0,,0,,capture-session.json;capture_info.json;capture-health.json;enemy-dossier.json;events.log;packets.hex.log;enemy-state.csv;enemy-combat.csv;enemy-movement.csv,PF127 signal observed-instance-map conflicts with explicit non-PF127 event playfield evidence.
20260708-180248,tools-temp/AOSharpLiveCapture/bin/Debug/captures/20260708-180248,MIXED,high,observed-instance-map,1187842,655;1187842,655,,Nycsubway,complete,packets.hex.log,137061,0,0,,discarded pet;disobedient bot;filth flea,1,docs/generated/aosharp_subway_enemy_population_reporting_20260708.md,1,docs/generated/aosharp_subway_enemy_population_reporting_20260708.md,capture-session.json;capture_info.json;capture-health.json;enemy-dossier.json;events.log;packets.hex.log;enemy-state.csv;enemy-combat.csv;enemy-movement.csv,PF127 signal observed-instance-map conflicts with explicit non-PF127 event playfield evidence.
20260708-181729,tools-temp/AOSharpLiveCapture/bin/Debug/captures/20260708-181729,MIXED,high,observed-instance-map,1187842,655;1187842,655,(Playfield2:122002),Nycsubway,complete,packets.hex.log,236620,0,7,Discarded Pet;Disobedient Bot;Filth Flea;Healer;Mugger;Thief;Violent Vagabond,discarded pet;disobedient bot;filth flea,0,,0,,capture-session.json;capture_info.json;capture-health.json;enemy-dossier.json;events.log;packets.hex.log;enemy-state.csv;enemy-combat.csv;enemy-movement.csv,PF127 signal observed-instance-map conflicts with explicit non-PF127 event playfield evidence.
20260708-182237,tools-temp/AOSharpLiveCapture/bin/Debug/captures/20260708-182237,MIXED,confirmed,dossier-resource-127,1187842,655;1187842,127;655,(Playfield2:122002),Nycsubway,complete,packets.hex.log,114797,0,6,Discarded Pet;Disobedient Bot;Filth Flea;Mugger;Thief;Violent Vagabond,discarded pet;disobedient bot;filth flea,0,,0,,capture-session.json;capture_info.json;capture-health.json;enemy-dossier.json;events.log;packets.hex.log;enemy-state.csv;enemy-combat.csv;enemy-movement.csv,PF127 signal dossier-resource-127 conflicts with explicit non-PF127 event playfield evidence.
20260708-185451,tools-temp/AOSharpLiveCapture/bin/Debug/captures/20260708-185451,MIXED,high,event-observed-instance-map,655,127;655,127,(Playfield2:028F),Mikemp,running,packets.hex.log,30558,0,0,,discarded pet;disobedient bot;filth flea,0,,0,,capture-session.json;capture_info.json;enemy-dossier.json;events.log;packets.hex.log;enemy-state.csv;enemy-combat.csv;enemy-movement.csv,PF127 signal event-observed-instance-map conflicts with explicit non-PF127 event playfield evidence.
20260708-185543,tools-temp/AOSharpLiveCapture/bin/Debug/captures/20260708-185543,MIXED,high,observed-instance-map,127,127;655,,(Playfield2:007F),Mikemp,complete,packets.hex.log,35208,0,0,,discarded pet;disobedient bot;filth flea,1,docs/generated/def_agg_tutorial_trigger_analysis_20260708.md,1,docs/generated/def_agg_tutorial_trigger_analysis_20260708.md,capture-session.json;capture_info.json;capture-health.json;enemy-dossier.json;events.log;packets.hex.log;enemy-state.csv;enemy-combat.csv;enemy-movement.csv,PF127 signal observed-instance-map conflicts with explicit non-PF127 event playfield evidence.
20260708-223814,tools-temp/AOSharpLiveCapture/bin/Debug/captures/20260708-223814,MIXED,high,observed-instance-map,127,127;655,,(Playfield2:007F),Mikemp,complete,packets.hex.log,41192,0,1,Thief,discarded pet;disobedient bot;filth flea,1,docs/generated/def_agg_tutorial_trigger_analysis_20260708.md,1,docs/generated/def_agg_tutorial_trigger_analysis_20260708.md,capture-session.json;capture_info.json;capture-health.json;enemy-dossier.json;events.log;packets.hex.log;enemy-state.csv;enemy-combat.csv;enemy-movement.csv,PF127 signal observed-instance-map conflicts with explicit non-PF127 event playfield evidence.
20260708-225850,tools-temp/AOSharpLiveCapture/bin/Debug/captures/20260708-225850,MIXED,confirmed,dossier-resource-127,1187842,655;1187842,127;655,(Playfield2:122002),Nycsubway,complete,packets.hex.log,176767,0,6,Discarded Pet;Disobedient Bot;Filth Flea;Mugger;Thief;Violent Vagabond,discarded pet;disobedient bot;filth flea,2,docs/generated/def_agg_raw_packet_diff_20260709.md;docs/generated/def_agg_tutorial_trigger_analysis_20260708.md,2,docs/generated/def_agg_raw_packet_diff_20260709.md;docs/generated/def_agg_tutorial_trigger_analysis_20260708.md,capture-session.json;capture_info.json;capture-health.json;enemy-dossier.json;events.log;packets.hex.log;enemy-state.csv;enemy-combat.csv;enemy-movement.csv,PF127 signal dossier-resource-127 conflicts with explicit non-PF127 event playfield evidence.
20260709-005934,tools-temp/AOSharpLiveCapture/bin/Debug/captures/20260709-005934,ELSEWHERE,confirmed,,6553,6553,,(Playfield2:1999),Mikemp,complete,packets.hex.log,11488,0,1,Codex Test Beach Leet,,0,,0,,capture-session.json;capture_info.json;capture-health.json;enemy-dossier.json;events.log;packets.hex.log;enemy-state.csv;enemy-combat.csv;enemy-movement.csv,Explicit playfield evidence is present without a PF127 signal.
20260709-164219,tools-temp/AOSharpLiveCapture/bin/Debug/captures/20260709-164219,MIXED,confirmed,dossier-resource-127,1187842,655;1187842,127;655,(Playfield2:122002),Yomamalickit,complete,packets.hex.log,249302,0,6,Discarded Pet;Disobedient Bot;Filth Flea;Mugger;Thief;Violent Vagabond,discarded pet;disobedient bot;filth flea,0,,0,,capture-session.json;capture_info.json;capture-health.json;enemy-dossier.json;events.log;packets.hex.log;enemy-state.csv;enemy-combat.csv;enemy-movement.csv,PF127 signal dossier-resource-127 conflicts with explicit non-PF127 event playfield evidence.
20260709-164414,tools-temp/AOSharpLiveCapture/bin/Debug/captures/20260709-164414,MIXED,confirmed,dossier-resource-127,1187842,655;1187842,127;655,(Playfield2:122002),Yomamalickit,complete,packets.hex.log,157449,0,6,Discarded Pet;Disobedient Bot;Filth Flea;Mugger;Thief;Violent Vagabond,discarded pet;disobedient bot;filth flea,2,AORebirth/Server/ZoneEngine/Core/Packets/CorpseFullUpdate.cs;AORebirth/Server/ZoneEngine/Core/Playfields/CapturedSubwayContentProvider.cs,2,AORebirth/Server/ZoneEngine/Core/Packets/CorpseFullUpdate.cs;AORebirth/Server/ZoneEngine/Core/Playfields/CapturedSubwayContentProvider.cs,capture-session.json;capture_info.json;capture-health.json;enemy-dossier.json;events.log;packets.hex.log;enemy-state.csv;enemy-combat.csv;enemy-movement.csv,PF127 signal dossier-resource-127 conflicts with explicit non-PF127 event playfield evidence.
20260709-165538,tools-temp/AOSharpLiveCapture/bin/Debug/captures/20260709-165538,MIXED,high,event-observed-instance-map,655,127;655,127,(Playfield2:028F),Mpmaster,running,packets.hex.log,74176,0,0,,discarded pet;disobedient bot;filth flea,0,,0,,capture-session.json;capture_info.json;enemy-dossier.json;events.log;packets.hex.log;enemy-state.csv;enemy-combat.csv;enemy-movement.csv,PF127 signal event-observed-instance-map conflicts with explicit non-PF127 event playfield evidence.
20260709-165805,tools-temp/AOSharpLiveCapture/bin/Debug/captures/20260709-165805,MIXED,high,observed-instance-map,127,127;655,,(Playfield2:007F),Mpmaster,complete,packets.hex.log,70927,0,1,Filth Flea,discarded pet;disobedient bot;filth flea,0,,0,,capture-session.json;capture_info.json;capture-health.json;enemy-dossier.json;events.log;packets.hex.log;enemy-state.csv;enemy-combat.csv;enemy-movement.csv,PF127 signal observed-instance-map conflicts with explicit non-PF127 event playfield evidence.
20260709-174823,tools-temp/AOSharpLiveCapture/bin/Debug/captures/20260709-174823,MIXED,high,observed-instance-map,127,127;655,,(Playfield2:007F),Mpmaster,complete,packets.hex.log,133409,0,0,,discarded pet;disobedient bot;filth flea,0,,0,,capture-session.json;capture_info.json;capture-health.json;enemy-dossier.json;events.log;packets.hex.log;enemy-state.csv;enemy-combat.csv;enemy-movement.csv,PF127 signal observed-instance-map conflicts with explicit non-PF127 event playfield evidence.
20260709-184655,tools-temp/AOSharpLiveCapture/bin/Debug/captures/20260709-184655,MIXED,high,observed-instance-map,127,127;655,,(Playfield2:007F),Mpmaster,complete,packets.hex.log,141284,0,1,Filth Flea,discarded pet;disobedient bot;filth flea,0,,0,,capture-session.json;capture_info.json;capture-health.json;enemy-dossier.json;events.log;packets.hex.log;enemy-state.csv;enemy-combat.csv;enemy-movement.csv,PF127 signal observed-instance-map conflicts with explicit non-PF127 event playfield evidence.
20260709-193914,tools-temp/AOSharpLiveCapture/bin/Debug/captures/20260709-193914,MIXED,confirmed,dossier-resource-127,1187842,655;1187842,127;655,(Playfield2:122002),Nycsubway,complete,packets.hex.log,260129,0,6,Discarded Pet;Disobedient Bot;Filth Flea;Mugger;Thief;Violent Vagabond,discarded pet;disobedient bot;filth flea,2,AORebirth/Server/ZoneEngine/Core/Playfields/CapturedEnemyCombatContract.cs;docs/generated/subway_enemy_combat_contracts.json,2,AORebirth/Server/ZoneEngine/Core/Playfields/CapturedEnemyCombatContract.cs;docs/generated/subway_enemy_combat_contracts.json,capture-session.json;capture_info.json;capture-health.json;enemy-dossier.json;events.log;packets.hex.log;enemy-state.csv;enemy-combat.csv;enemy-movement.csv,PF127 signal dossier-resource-127 conflicts with explicit non-PF127 event playfield evidence.
20260709-205921,tools-temp/AOSharpLiveCapture/bin/Debug/captures/20260709-205921,SUBWAY,confirmed,dossier-resource-127,1187842,1187842,127,(Playfield2:122002),Nycsubway,running,packets.hex.log,1005169,0,0,,discarded pet;disobedient bot;filth flea;stim fiend;workman striker,6,AORebirth/Server/ZoneEngine/Core/Playfields/CapturedEnemyCombatContract.cs;AORebirth/Server/ZoneEngine/Core/Playfields/CapturedSubwayOrdinaryContentProvider.cs;AORebirth/Server/ZoneEngine/Core/Playfields/OrdinaryEnemyCatalog.cs;docs/evidence/SUBWAY_BLOODCREEPER_DISOBEDIENT_BOT_LOOT_AUDIT.md;docs/generated/subway_20260709_capture_population_batch.md;docs/generated/subway_enemy_combat_contracts.json,5,AORebirth/Server/ZoneEngine/Core/Playfields/CapturedEnemyCombatContract.cs;AORebirth/Server/ZoneEngine/Core/Playfields/CapturedSubwayOrdinaryContentProvider.cs;AORebirth/Server/ZoneEngine/Core/Playfields/OrdinaryEnemyCatalog.cs;docs/generated/subway_20260709_capture_population_batch.md;docs/generated/subway_enemy_combat_contracts.json,capture-session.json;capture_info.json;enemy-dossier.json;events.log;packets.hex.log;enemy-state.csv;enemy-combat.csv;enemy-movement.csv,PF127 signal dossier-resource-127 has no outside event playfield.
20260709-210452,tools-temp/AOSharpLiveCapture/bin/Debug/captures/20260709-210452,SUBWAY,confirmed,dossier-resource-127,1187842,1187842,127,(Playfield2:122002),Nycsubway,complete,packets.hex.log,2039127,0,17,Basic Quality Armorer;Basic Quality Pharmacist;Basic Quality Weaponsdealer;Basic Tools Merchant;Container Supplier;Deranged Shopper;Discarded Pet;Disobedient Bot;Filth Flea;Looter;Mugger;Shadow;Stim Fiend;Tailor;Thief;Uncontrollable Anger;Violent Vagabond,discarded pet;disobedient bot;filth flea;stim fiend,8,AORebirth/Server/ZoneEngine/Core/Playfields/CapturedEnemyCombatContract.cs;AORebirth/Server/ZoneEngine/Core/Playfields/CapturedSubwayContentProvider.cs;AORebirth/Server/ZoneEngine/Core/Playfields/CapturedSubwayOrdinaryContentProvider.cs;AORebirth/Server/ZoneEngine/Core/Playfields/OrdinaryEnemyCatalog.cs;docs/evidence/SUBWAY_BLOODCREEPER_DISOBEDIENT_BOT_LOOT_AUDIT.md;docs/generated/subway_20260709_capture_population_batch.md;docs/generated/subway_enemy_combat_contracts.json;docs/project/PROJECT_STATE.md,6,AORebirth/Server/ZoneEngine/Core/Playfields/CapturedEnemyCombatContract.cs;AORebirth/Server/ZoneEngine/Core/Playfields/CapturedSubwayContentProvider.cs;AORebirth/Server/ZoneEngine/Core/Playfields/CapturedSubwayOrdinaryContentProvider.cs;AORebirth/Server/ZoneEngine/Core/Playfields/OrdinaryEnemyCatalog.cs;docs/generated/subway_20260709_capture_population_batch.md;docs/generated/subway_enemy_combat_contracts.json,capture-session.json;capture_info.json;capture-health.json;enemy-dossier.json;events.log;packets.hex.log;enemy-state.csv;enemy-combat.csv;enemy-movement.csv,PF127 signal dossier-resource-127 has no outside event playfield.
20260709-212115,tools-temp/AOSharpLiveCapture/bin/Debug/captures/20260709-212115,SUBWAY,confirmed,dossier-resource-127,1187842,1187842,127,(Playfield2:122002),Nycsubway,running,packets.hex.log,3288466,0,0,,architect striker;discarded pet;disobedient bot;filth flea;infected attendant;slum runner;stim fiend;workman striker,3,AORebirth/Server/ZoneEngine/Core/Playfields/CapturedSubwayOrdinaryContentProvider.cs;docs/generated/subway_20260709_capture_population_batch.md;docs/generated/subway_enemy_combat_contracts.json,3,AORebirth/Server/ZoneEngine/Core/Playfields/CapturedSubwayOrdinaryContentProvider.cs;docs/generated/subway_20260709_capture_population_batch.md;docs/generated/subway_enemy_combat_contracts.json,capture-session.json;capture_info.json;enemy-dossier.json;events.log;packets.hex.log;enemy-state.csv;enemy-combat.csv;enemy-movement.csv,PF127 signal dossier-resource-127 has no outside event playfield.
20260709-212336,tools-temp/AOSharpLiveCapture/bin/Debug/captures/20260709-212336,SUBWAY,confirmed,dossier-resource-127,1187842,,127,(Playfield2:122002),Nycsubway,complete,packets.hex.log,2991689,0,22,Architect Striker;Basic Quality Armorer;Basic Quality Pharmacist;Basic Quality Weaponsdealer;Basic Tools Merchant;Container Supplier;Discarded Pet;Disobedient Bot;Filth Flea;Infected Attendant;Killer;Looter;Mugger;Shadow;Slum Runner;Stim Fiend;Strike Foreman;Tailor;Thief;Uncontrollable Anger;Violent Vagabond;Workman Striker,architect striker;discarded pet;disobedient bot;filth flea;infected attendant;slum runner;stim fiend;workman striker,3,AORebirth/Server/ZoneEngine/Core/Playfields/CapturedSubwayOrdinaryContentProvider.cs;docs/generated/subway_20260709_capture_population_batch.md;docs/generated/subway_enemy_combat_contracts.json,3,AORebirth/Server/ZoneEngine/Core/Playfields/CapturedSubwayOrdinaryContentProvider.cs;docs/generated/subway_20260709_capture_population_batch.md;docs/generated/subway_enemy_combat_contracts.json,capture-session.json;capture_info.json;capture-health.json;enemy-dossier.json;events.log;packets.hex.log;enemy-state.csv;enemy-combat.csv;enemy-movement.csv,PF127 signal dossier-resource-127 has no outside event playfield.
20260709-213711,tools-temp/AOSharpLiveCapture/bin/Debug/captures/20260709-213711,SUBWAY,confirmed,dossier-resource-127,1187842,,127,(Playfield2:122002),Nycsubway,running,packets.hex.log,36716,0,0,,architect striker;infected attendant;workman striker,0,,0,,capture-session.json;capture_info.json;enemy-dossier.json;events.log;packets.hex.log;enemy-state.csv;enemy-combat.csv;enemy-movement.csv,PF127 signal dossier-resource-127 has no outside event playfield.
20260709-220439,tools-temp/AOSharpLiveCapture/bin/Debug/captures/20260709-220439,MIXED,confirmed,dossier-resource-127,1187842,655;1187842,127;655,(Playfield2:122002),Nycsubway,complete,packets.hex.log,3258529,0,19,Architect Striker;Discarded Pet;Disobedient Bot;Filth Flea;Healer;Infected Attendant;Infector;Killer;Lost Thought;Mugger;Neural Burnout;Shadow;Slum Runner;Stim Fiend;Strike Foreman;Thief;Uncontrollable Anger;Violent Vagabond;Workman Striker,architect striker;discarded pet;disobedient bot;filth flea;infected attendant;lost thought;neural burnout;slum runner;stim fiend;workman striker,7,AORebirth/Server/ZoneEngine/Core/Playfields/CapturedSubwayContentProvider.cs;AORebirth/Server/ZoneEngine/Core/Playfields/CapturedSubwayOrdinaryContentProvider.cs;AORebirth/Server/ZoneEngine/Core/Playfields/OrdinaryEnemyCatalog.cs;docs/evidence/SUBWAY_BLOODCREEPER_DISOBEDIENT_BOT_LOOT_AUDIT.md;docs/generated/subway_20260709_capture_population_batch.md;docs/generated/subway_enemy_combat_contracts.json;docs/project/PROJECT_STATE.md,5,AORebirth/Server/ZoneEngine/Core/Playfields/CapturedSubwayContentProvider.cs;AORebirth/Server/ZoneEngine/Core/Playfields/CapturedSubwayOrdinaryContentProvider.cs;AORebirth/Server/ZoneEngine/Core/Playfields/OrdinaryEnemyCatalog.cs;docs/generated/subway_20260709_capture_population_batch.md;docs/generated/subway_enemy_combat_contracts.json,capture-session.json;capture_info.json;capture-health.json;enemy-dossier.json;events.log;packets.hex.log;enemy-state.csv;enemy-combat.csv;enemy-movement.csv,PF127 signal dossier-resource-127 conflicts with explicit non-PF127 event playfield evidence.
20260709-222339,tools-temp/AOSharpLiveCapture/bin/Debug/captures/20260709-222339,MIXED,confirmed,dossier-resource-127,1187842,655;1187842,127,(Playfield2:122002),Nycsubway,complete,packets.hex.log,2746738,0,30,Abmouth Supremus;Architect Striker;Bitaxel;Bloodcreeper;Discarded Pet;Disobedient Bot;Empty Shell;Eumenides;Filth Flea;Fragmented Soul;Healer;Incomplete Rebuild;Infected Attendant;Infector;Killer;Lost Thought;Melded Patterns;Molested Molecules;Mugger;Neural Burnout;Premature Pattern;Redundant Scan;Shadow;Slum Runner;Stim Fiend;Strike Foreman;Uncontrollable Anger;Vergil Aeneid;Violent Vagabond;Workman Striker,abmouth supremus;architect striker;bloodcreeper;discarded pet;disobedient bot;eumenides;filth flea;infected attendant;lost thought;melded patterns;neural burnout;redundant scan;slum runner;stim fiend;vergil aeneid;workman striker,8,AORebirth/Server/ZoneEngine/Core/Playfields/CapturedEnemyCombatContract.cs;AORebirth/Server/ZoneEngine/Core/Playfields/CapturedSubwayEncounterRuntimeService.cs;AORebirth/Server/ZoneEngine/Core/Playfields/CapturedSubwayOrdinaryContentProvider.cs;AORebirth/Server/ZoneEngine/Core/Playfields/OrdinaryEnemyCatalog.cs;docs/evidence/SUBWAY_BLOODCREEPER_DISOBEDIENT_BOT_LOOT_AUDIT.md;docs/generated/subway_20260709_capture_population_batch.md;docs/generated/subway_enemy_combat_contracts.json;docs/project/PROJECT_STATE.md,6,AORebirth/Server/ZoneEngine/Core/Playfields/CapturedEnemyCombatContract.cs;AORebirth/Server/ZoneEngine/Core/Playfields/CapturedSubwayEncounterRuntimeService.cs;AORebirth/Server/ZoneEngine/Core/Playfields/CapturedSubwayOrdinaryContentProvider.cs;AORebirth/Server/ZoneEngine/Core/Playfields/OrdinaryEnemyCatalog.cs;docs/generated/subway_20260709_capture_population_batch.md;docs/generated/subway_enemy_combat_contracts.json,capture-session.json;capture_info.json;capture-health.json;enemy-dossier.json;events.log;packets.hex.log;enemy-state.csv;enemy-combat.csv;enemy-movement.csv,PF127 signal dossier-resource-127 conflicts with explicit non-PF127 event playfield evidence.
20260709-225408,tools-temp/AOSharpLiveCapture/bin/Debug/captures/20260709-225408,SUBWAY,confirmed,dossier-resource-127,1187842,,127,(Playfield2:122002),Nycsubway,running,packets.hex.log,3334554,0,0,,abmouth supremus;architect striker;bloodcreeper;discarded pet;disobedient bot;eumenides;filth flea;infected attendant;lost thought;melded patterns;neural burnout;redundant scan;slum runner;stim fiend;vergil aeneid;workman striker,4,AORebirth/Server/ZoneEngine/Core/Playfields/CapturedSubwayOrdinaryContentProvider.cs;docs/ai/CURRENT_TASK.md;docs/evidence/SUBWAY_BLOODCREEPER_DISOBEDIENT_BOT_LOOT_AUDIT.md;docs/generated/subway_enemy_combat_contracts.json,2,AORebirth/Server/ZoneEngine/Core/Playfields/CapturedSubwayOrdinaryContentProvider.cs;docs/generated/subway_enemy_combat_contracts.json,capture-session.json;capture_info.json;enemy-dossier.json;events.log;packets.hex.log;enemy-state.csv;enemy-combat.csv;enemy-movement.csv,PF127 signal dossier-resource-127 has no outside event playfield.
20260710-170510,tools-temp/AOSharpLiveCapture/bin/Debug/captures/20260710-170510,ELSEWHERE,confirmed,,800,800,,(Playfield2:0320),Youwillmezz,complete,packets.hex.log,16267,0,0,,,0,,0,,capture-session.json;capture_info.json;capture-health.json;enemy-dossier.json;events.log;packets.hex.log;enemy-state.csv;enemy-combat.csv;enemy-movement.csv,Explicit playfield evidence is present without a PF127 signal.
20260710-171340,tools-temp/AOSharpLiveCapture/bin/Debug/captures/20260710-171340,ELSEWHERE,confirmed,,790,790,800,(Playfield2:0316),Youwillmezz,complete,packets.hex.log,69434,0,0,,,0,,0,,capture-session.json;capture_info.json;capture-health.json;enemy-dossier.json;events.log;packets.hex.log;enemy-state.csv;enemy-combat.csv;enemy-movement.csv,Explicit playfield evidence is present without a PF127 signal.
20260710-202132,tools-temp/AOSharpLiveCapture/bin/Debug/captures/20260710-202132,MIXED,high,observed-instance-map,1363982,655;1363982,655,(Playfield2:14D00E),Nycsubway,complete,packets.hex.log,946689,0,18,Basic Quality Armorer;Basic Quality Pharmacist;Basic Quality Weaponsdealer;Basic Tools Merchant;Container Supplier;Deranged Shopper;Discarded Pet;Disobedient Bot;Filth Flea;Healer;Killer;Looter;Mugger;Shadow;Stim Fiend;Tailor;Thief;Violent Vagabond,discarded pet;disobedient bot;filth flea;stim fiend,9,AORebirth/Server/ZoneEngine/Core/Playfields/CapturedSubwayOrdinaryContentProvider.cs;AORebirth/Server/ZoneEngine/Core/Playfields/OrdinaryEnemyCatalog.cs;docs/ai/SUBWAY_VISIBILITY_DIAGNOSTICS.md;docs/generated/subway_20260709_capture_population_batch.md;docs/generated/subway_20260710_population_restore.md;docs/generated/subway_20260710_population_restore_manifest.csv;docs/generated/subway_pf127_visibility_diagnostic_manifest.csv;docs/project/PROJECT_STATE.md;docs/project/VISIBILITY_INTEREST.md,6,AORebirth/Server/ZoneEngine/Core/Playfields/CapturedSubwayOrdinaryContentProvider.cs;AORebirth/Server/ZoneEngine/Core/Playfields/OrdinaryEnemyCatalog.cs;docs/generated/subway_20260709_capture_population_batch.md;docs/generated/subway_20260710_population_restore.md;docs/generated/subway_20260710_population_restore_manifest.csv;docs/generated/subway_pf127_visibility_diagnostic_manifest.csv,capture-session.json;capture_info.json;capture-health.json;enemy-dossier.json;events.log;packets.hex.log;enemy-state.csv;enemy-combat.csv;enemy-movement.csv,PF127 signal observed-instance-map conflicts with explicit non-PF127 event playfield evidence.
20260710-202553,tools-temp/AOSharpLiveCapture/bin/Debug/captures/20260710-202553,MIXED,high,observed-instance-map,1363982,655,,(Playfield2:14D00E),Nycsubway,complete,packets.hex.log,20296,0,1,Stim Fiend,discarded pet;stim fiend,0,,0,,capture-session.json;capture_info.json;capture-health.json;enemy-dossier.json;events.log;packets.hex.log;enemy-state.csv;enemy-combat.csv;enemy-movement.csv,PF127 signal observed-instance-map conflicts with explicit non-PF127 event playfield evidence.
20260710-205400,tools-temp/AOSharpLiveCapture/bin/Debug/captures/20260710-205400,SUBWAY,high,observed-instance-map,1363982,1363982,,(Playfield2:14D00E),Nycsubway,complete,packets.hex.log,671034,0,7,Discarded Pet;Disobedient Bot;Filth Flea;Healer;Mugger;Thief;Violent Vagabond,discarded pet;disobedient bot;filth flea,4,AORebirth/Server/ZoneEngine/Core/Packets/CorpseFullUpdate.cs;AORebirth/Server/ZoneEngine/Core/Playfields/CapturedSubwayContentProvider.cs;docs/generated/subway_enemy_combat_contracts.json;docs/project/PROJECT_STATE.md,3,AORebirth/Server/ZoneEngine/Core/Packets/CorpseFullUpdate.cs;AORebirth/Server/ZoneEngine/Core/Playfields/CapturedSubwayContentProvider.cs;docs/generated/subway_enemy_combat_contracts.json,capture-session.json;capture_info.json;capture-health.json;enemy-dossier.json;events.log;packets.hex.log;enemy-state.csv;enemy-combat.csv;enemy-movement.csv;corpse-full-updates.csv,PF127 signal observed-instance-map has no outside event playfield.
20260710-211346,tools-temp/AOSharpLiveCapture/bin/Debug/captures/20260710-211346,MIXED,high,event-observed-instance-map,655,655;1363982,,(Playfield2:028F),Nycsubway,incomplete,packets.hex.log,459644,0,1,Natalia Akcora,discarded pet;disobedient bot;filth flea,0,,0,,capture-session.json;capture_info.json;capture-health.json;enemy-dossier.json;events.log;packets.hex.log;enemy-state.csv;enemy-combat.csv;enemy-movement.csv,PF127 signal event-observed-instance-map conflicts with explicit non-PF127 event playfield evidence.
20260710-211430,tools-temp/AOSharpLiveCapture/bin/Debug/captures/20260710-211430,SUBWAY,high,observed-instance-map,1363982,,,(Playfield2:14D00E),Nycsubway,running,packets.hex.log,1406896,0,0,,architect striker;discarded pet;disobedient bot;filth flea;infected attendant;lost thought;melded patterns;neural burnout;slum runner;stim fiend;workman striker,3,AORebirth/Server/ZoneEngine/Core/Playfields/CapturedSubwayOrdinaryContentProvider.cs;docs/ai/CURRENT_TASK.md;docs/generated/subway_enemy_combat_contracts.json,2,AORebirth/Server/ZoneEngine/Core/Playfields/CapturedSubwayOrdinaryContentProvider.cs;docs/generated/subway_enemy_combat_contracts.json,capture-session.json;capture_info.json;enemy-dossier.json;events.log;packets.hex.log;enemy-state.csv;enemy-combat.csv;enemy-movement.csv,PF127 signal observed-instance-map has no outside event playfield.
20260710-212455,tools-temp/AOSharpLiveCapture/bin/Debug/captures/20260710-212455,MIXED,high,event-observed-instance-map,655,655;1363982,,(Playfield2:028F),Masterchinny,complete,packets.hex.log,614762,0,8,Asyncenf;Discarded Pet;Disobedient Bot;Filth Flea;Mugger;Natalia Akcora;Thief;Violent Vagabond,discarded pet;disobedient bot;filth flea,0,,0,,capture-session.json;capture_info.json;capture-health.json;enemy-dossier.json;events.log;packets.hex.log;enemy-state.csv;enemy-combat.csv;enemy-movement.csv,PF127 signal event-observed-instance-map conflicts with explicit non-PF127 event playfield evidence.
20260711-170337,tools-temp/AOSharpLiveCapture/bin/Debug/captures/20260711-170337,MIXED,high,observed-instance-map,1388552,655;1376269;1388552;1400859,655,(Playfield2:153008),Nycsubway,complete,packets.hex.log,184014,0,6,Discarded Pet;Disobedient Bot;Filth Flea;Mugger;Thief;Violent Vagabond,discarded pet;disobedient bot;filth flea,5,AORebirth/Server/ZoneEngine/Core/Playfields/CapturedEnemyCombatContract.cs;docs/project/DAMAGE_EVIDENCE_MATRIX.md;docs/project/PROJECT_STATE.md;docs/project/damage-evidence/observations/fixed-captured-thief.json;docs/project/damage-golden-vectors.json,1,AORebirth/Server/ZoneEngine/Core/Playfields/CapturedEnemyCombatContract.cs,capture-session.json;capture_info.json;capture-health.json;enemy-dossier.json;events.log;packets.hex.log;enemy-state.csv;enemy-combat.csv;enemy-movement.csv;npc-lifecycle.csv;corpse-full-updates.csv,PF127 signal observed-instance-map conflicts with explicit non-PF127 event playfield evidence.
20260711-172140,tools-temp/AOSharpLiveCapture/bin/Debug/captures/20260711-172140,MIXED,high,event-observed-instance-map,655,127;655,127,(Playfield2:028F),Mpmaster,running,packets.hex.log,168490,0,0,,architect striker;discarded pet;disobedient bot;filth flea;infected attendant;lost thought;neural burnout;slum runner;stim fiend;workman striker,0,,0,,capture-session.json;capture_info.json;enemy-dossier.json;events.log;packets.hex.log;enemy-state.csv;enemy-combat.csv;enemy-movement.csv;npc-lifecycle.csv;corpse-full-updates.csv,PF127 signal event-observed-instance-map conflicts with explicit non-PF127 event playfield evidence.
20260711-172309,tools-temp/AOSharpLiveCapture/bin/Debug/captures/20260711-172309,MIXED,high,observed-instance-map,127,127;655,,(Playfield2:007F),Mpmaster,complete,packets.hex.log,257486,0,1,Thief,architect striker;discarded pet;disobedient bot;filth flea;infected attendant;lost thought;neural burnout;slum runner;stim fiend;workman striker,1,docs/project/PROJECT_STATE.md,0,,capture-session.json;capture_info.json;capture-health.json;enemy-dossier.json;events.log;packets.hex.log;enemy-state.csv;enemy-combat.csv;enemy-movement.csv;npc-lifecycle.csv;corpse-full-updates.csv,PF127 signal observed-instance-map conflicts with explicit non-PF127 event playfield evidence.
20260712-153918,tools-temp/AOSharpLiveCapture/bin/Debug/captures/20260712-153918,MIXED,high,observed-instance-map,1388552,655;1388552,655,(Playfield2:153008),Nycsubway,incomplete,packets.hex.log,1434285,0,6,Discarded Pet;Disobedient Bot;Filth Flea;Mugger;Thief;Violent Vagabond,discarded pet;disobedient bot;filth flea,2,AORebirth/Server/ZoneEngine/Core/Playfields/OrdinaryEnemyCatalog.cs;docs/evidence/SUBWAY_BLOODCREEPER_DISOBEDIENT_BOT_LOOT_AUDIT.md,1,AORebirth/Server/ZoneEngine/Core/Playfields/OrdinaryEnemyCatalog.cs,capture-session.json;capture_info.json;capture-health.json;enemy-dossier.json;events.log;packets.hex.log;enemy-state.csv;enemy-combat.csv;enemy-movement.csv;npc-lifecycle.csv;corpse-full-updates.csv;enemy-respawns.csv,PF127 signal observed-instance-map conflicts with explicit non-PF127 event playfield evidence.
20260712-154941,tools-temp/AOSharpLiveCapture/bin/Debug/captures/20260712-154941,MIXED,high,observed-instance-map,1388552,655,655,(Playfield2:153008),Nycsubway,running,packets.hex.log,344748,0,0,,discarded pet;disobedient bot;filth flea,0,,0,,capture-session.json;capture_info.json;enemy-dossier.json;events.log;packets.hex.log;enemy-state.csv;enemy-combat.csv;enemy-movement.csv;npc-lifecycle.csv;corpse-full-updates.csv,PF127 signal observed-instance-map conflicts with explicit non-PF127 event playfield evidence.
20260712-155528,tools-temp/AOSharpLiveCapture/bin/Debug/captures/20260712-155528,MIXED,high,event-observed-instance-map,655,655;1388552,,(Playfield2:028F),Nycsubway,running,packets.hex.log,971801,0,0,,discarded pet;disobedient bot;filth flea,0,,0,,capture-session.json;capture_info.json;enemy-dossier.json;events.log;packets.hex.log;enemy-state.csv;enemy-combat.csv;enemy-movement.csv;npc-lifecycle.csv;corpse-full-updates.csv;enemy-respawns.csv,PF127 signal event-observed-instance-map conflicts with explicit non-PF127 event playfield evidence.
20260712-160257,tools-temp/AOSharpLiveCapture/bin/Debug/captures/20260712-160257,SUBWAY,high,observed-instance-map,1388552,1388552,,(Playfield2:153008),Nycsubway,incomplete,packets.hex.log,644866,0,1,Filth Flea,discarded pet;disobedient bot;filth flea,2,AORebirth/Server/ZoneEngine/Core/Playfields/OrdinaryEnemyCatalog.cs;docs/evidence/SUBWAY_BLOODCREEPER_DISOBEDIENT_BOT_LOOT_AUDIT.md,1,AORebirth/Server/ZoneEngine/Core/Playfields/OrdinaryEnemyCatalog.cs,capture-session.json;capture_info.json;capture-health.json;enemy-dossier.json;events.log;packets.hex.log;enemy-state.csv;enemy-combat.csv;enemy-movement.csv;npc-lifecycle.csv;corpse-full-updates.csv;enemy-respawns.csv,PF127 signal observed-instance-map has no outside event playfield.
20260712-161506,tools-temp/AOSharpLiveCapture/bin/Debug/captures/20260712-161506,SUBWAY,high,observed-instance-map,1388552,1388552,,(Playfield2:153008),Nycsubway,complete,packets.hex.log,684476,0,6,Discarded Pet;Disobedient Bot;Filth Flea;Mugger;Thief;Violent Vagabond,discarded pet;disobedient bot;filth flea,1,docs/project/PROJECT_STATE.md,0,,capture-session.json;capture_info.json;capture-health.json;enemy-dossier.json;events.log;packets.hex.log;enemy-state.csv;enemy-combat.csv;enemy-movement.csv;npc-lifecycle.csv;corpse-full-updates.csv;enemy-respawns.csv,PF127 signal observed-instance-map has no outside event playfield.
20260712-195019,tools-temp/AOSharpLiveCapture/bin/Debug/captures/20260712-195019,SUBWAY,high,observed-instance-map,1388552,1388552,,(Playfield2:153008),Nycsubway,complete,packets.hex.log,85115,0,6,Discarded Pet;Disobedient Bot;Filth Flea;Mugger;Thief;Violent Vagabond,discarded pet;disobedient bot;filth flea,2,AORebirth/Server/ZoneEngine/Core/Playfields/PlayfieldCorpseAccessRuntimeService.cs;docs/project/PROJECT_STATE.md,1,AORebirth/Server/ZoneEngine/Core/Playfields/PlayfieldCorpseAccessRuntimeService.cs,capture-session.json;capture_info.json;capture-health.json;enemy-dossier.json;events.log;packets.hex.log;enemy-state.csv;enemy-combat.csv;enemy-movement.csv;npc-lifecycle.csv;corpse-full-updates.csv;enemy-respawns.csv,PF127 signal observed-instance-map has no outside event playfield.
20260712-223719,tools-temp/AOSharpLiveCapture/bin/Debug/captures/20260712-223719,SUBWAY,high,observed-instance-map,1388552,1388552,,(Playfield2:153008),Nycsubway,running,packets.hex.log,1137327,0,0,,abmouth supremus;bloodcreeper;eumenides;filth flea;infected attendant;melded patterns;neural burnout;slum runner;vergil aeneid;workman striker,1,docs/evidence/SUBWAY_BLOODCREEPER_DISOBEDIENT_BOT_LOOT_AUDIT.md,0,,capture-session.json;capture_info.json;enemy-dossier.json;events.log;packets.hex.log;enemy-state.csv;enemy-combat.csv;enemy-movement.csv;npc-lifecycle.csv;corpse-full-updates.csv,PF127 signal observed-instance-map has no outside event playfield.
20260712-224608,tools-temp/AOSharpLiveCapture/bin/Debug/captures/20260712-224608,SUBWAY,high,observed-instance-map,1388552,1388552,,(Playfield2:153008),Nycsubway,running,packets.hex.log,256374,0,0,,bloodcreeper;filth flea;melded patterns;neural burnout;redundant scan;slum runner,1,docs/evidence/SUBWAY_BLOODCREEPER_DISOBEDIENT_BOT_LOOT_AUDIT.md,0,,capture-session.json;capture_info.json;enemy-dossier.json;events.log;packets.hex.log;enemy-state.csv;enemy-combat.csv;enemy-movement.csv;npc-lifecycle.csv;corpse-full-updates.csv,PF127 signal observed-instance-map has no outside event playfield.
20260712-224840,tools-temp/AOSharpLiveCapture/bin/Debug/captures/20260712-224840,SUBWAY,high,observed-instance-map,1388552,1388552,,(Playfield2:153008),Nycsubway,complete,packets.hex.log,390336,0,18,Abmouth Supremus;Bloodcreeper;Filth Flea;Fragmented Soul;Healer;Infector;Killer;Melded Patterns;Molested Molecules;Neural Burnout;Premature Pattern;Rage Materialization;Redundant Scan;Sanoo;Shadow;Slum Runner;Uncontrollable Anger;Vergil Aeneid,abmouth supremus;bloodcreeper;filth flea;melded patterns;neural burnout;redundant scan;slum runner;vergil aeneid,3,AORebirth/Server/ZoneEngine/Core/Playfields/CapturedEnemyCombatContract.cs;AORebirth/Server/ZoneEngine/Core/Playfields/CapturedSubwayEncounterRuntimeService.cs;docs/evidence/SUBWAY_BLOODCREEPER_DISOBEDIENT_BOT_LOOT_AUDIT.md,2,AORebirth/Server/ZoneEngine/Core/Playfields/CapturedEnemyCombatContract.cs;AORebirth/Server/ZoneEngine/Core/Playfields/CapturedSubwayEncounterRuntimeService.cs,capture-session.json;capture_info.json;capture-health.json;enemy-dossier.json;events.log;packets.hex.log;enemy-state.csv;enemy-combat.csv;enemy-movement.csv;npc-lifecycle.csv;corpse-full-updates.csv;enemy-respawns.csv,PF127 signal observed-instance-map has no outside event playfield.
20260712-232137,tools-temp/AOSharpLiveCapture/bin/Debug/captures/20260712-232137,SUBWAY,high,observed-instance-map,1388552,1388552,,(Playfield2:153008),Nycsubway,complete,packets.hex.log,568649,0,16,Abmouth Supremus;Bloodcreeper;Filth Flea;Fragmented Soul;Healer;Infector;Killer;Melded Patterns;Molested Molecules;Neural Burnout;Premature Pattern;Redundant Scan;Shadow;Slum Runner;Uncontrollable Anger;Vergil Aeneid,abmouth supremus;bloodcreeper;filth flea;melded patterns;neural burnout;redundant scan;slum runner;vergil aeneid,4,AORebirth/Server/ZoneEngine/Core/Packets/CorpseFullUpdate.cs;AORebirth/Server/ZoneEngine/Core/Playfields/CapturedSubwayEncounterRuntimeService.cs;AORebirth/Server/ZoneEngine/Core/Playfields/GlobalLootRuntimeService.cs;docs/evidence/SUBWAY_BLOODCREEPER_DISOBEDIENT_BOT_LOOT_AUDIT.md,3,AORebirth/Server/ZoneEngine/Core/Packets/CorpseFullUpdate.cs;AORebirth/Server/ZoneEngine/Core/Playfields/CapturedSubwayEncounterRuntimeService.cs;AORebirth/Server/ZoneEngine/Core/Playfields/GlobalLootRuntimeService.cs,capture-session.json;capture_info.json;capture-health.json;enemy-dossier.json;events.log;packets.hex.log;enemy-state.csv;enemy-combat.csv;enemy-movement.csv;npc-lifecycle.csv;corpse-full-updates.csv;enemy-respawns.csv,PF127 signal observed-instance-map has no outside event playfield.
20260712-232711,tools-temp/AOSharpLiveCapture/bin/Debug/captures/20260712-232711,SUBWAY,high,observed-instance-map,1388552,,,(Playfield2:153008),Nycsubway,complete,packets.hex.log,222389,0,16,Bloodcreeper;Filth Flea;Fragmented Soul;Healer;Incomplete Rebuild;Infector;Killer;Melded Patterns;Molested Molecules;Neural Burnout;Premature Pattern;Redundant Scan;Shadow;Slum Runner;Uncontrollable Anger;Vergil Aeneid,bloodcreeper;filth flea;melded patterns;neural burnout;redundant scan;slum runner;vergil aeneid,6,AORebirth/Server/ZoneEngine/Core/Playfields/CapturedEnemyCombatContract.cs;AORebirth/Server/ZoneEngine/Core/Playfields/CapturedSubwayEncounterRuntimeService.cs;AORebirth/Server/ZoneEngine/Core/Playfields/GlobalLootRuntimeService.cs;docs/evidence/SUBWAY_BLOODCREEPER_DISOBEDIENT_BOT_LOOT_AUDIT.md;docs/evidence/SUBWAY_VERGIL_20260716_034433_FOLLOWUP.md;docs/project/PROJECT_STATE.md,3,AORebirth/Server/ZoneEngine/Core/Playfields/CapturedEnemyCombatContract.cs;AORebirth/Server/ZoneEngine/Core/Playfields/CapturedSubwayEncounterRuntimeService.cs;AORebirth/Server/ZoneEngine/Core/Playfields/GlobalLootRuntimeService.cs,capture-session.json;capture_info.json;capture-health.json;enemy-dossier.json;events.log;packets.hex.log;enemy-state.csv;enemy-combat.csv;enemy-movement.csv;npc-lifecycle.csv;corpse-full-updates.csv;enemy-respawns.csv,PF127 signal observed-instance-map has no outside event playfield.
20260712-232848,tools-temp/AOSharpLiveCapture/bin/Debug/captures/20260712-232848,SUBWAY,high,observed-instance-map,1388552,,,(Playfield2:153008),Nycsubway,running,packets.hex.log,288449,0,0,,bloodcreeper;filth flea;melded patterns;neural burnout;redundant scan;slum runner,1,docs/evidence/SUBWAY_BLOODCREEPER_DISOBEDIENT_BOT_LOOT_AUDIT.md,0,,capture-session.json;capture_info.json;enemy-dossier.json;events.log;packets.hex.log;enemy-state.csv;enemy-combat.csv;enemy-movement.csv;npc-lifecycle.csv;corpse-full-updates.csv,PF127 signal observed-instance-map has no outside event playfield.
20260712-234401,tools-temp/AOSharpLiveCapture/bin/Debug/captures/20260712-234401,SUBWAY,high,observed-instance-map,1388552,1388552,,(Playfield2:153008),Nycsubway,complete,packets.hex.log,166881,0,16,Abmouth Supremus;Bloodcreeper;Filth Flea;Fragmented Soul;Healer;Incomplete Rebuild;Killer;Melded Patterns;Molested Molecules;Neural Burnout;Premature Pattern;Redundant Scan;Shadow;Slum Runner;Uncontrollable Anger;Vergil Aeneid,abmouth supremus;bloodcreeper;filth flea;melded patterns;neural burnout;redundant scan;slum runner;vergil aeneid,6,AORebirth/Server/ZoneEngine/Core/Packets/CorpseFullUpdate.cs;AORebirth/Server/ZoneEngine/Core/Playfields/CapturedSubwayEncounterRuntimeService.cs;AORebirth/Server/ZoneEngine/Core/Playfields/GlobalLootRuntimeService.cs;docs/evidence/SUBWAY_BLOODCREEPER_DISOBEDIENT_BOT_LOOT_AUDIT.md;docs/evidence/SUBWAY_VERGIL_20260716_034433_FOLLOWUP.md;docs/project/PROJECT_STATE.md,3,AORebirth/Server/ZoneEngine/Core/Packets/CorpseFullUpdate.cs;AORebirth/Server/ZoneEngine/Core/Playfields/CapturedSubwayEncounterRuntimeService.cs;AORebirth/Server/ZoneEngine/Core/Playfields/GlobalLootRuntimeService.cs,capture-session.json;capture_info.json;capture-health.json;enemy-dossier.json;events.log;packets.hex.log;enemy-state.csv;enemy-combat.csv;enemy-movement.csv;npc-lifecycle.csv;corpse-full-updates.csv;enemy-respawns.csv,PF127 signal observed-instance-map has no outside event playfield.
20260713-013906,tools-temp/AOSharpLiveCapture/bin/Debug/captures/20260713-013906,MIXED,high,event-observed-instance-map,655,655;1388552,,(Playfield2:028F),Nycsubway,running,packets.hex.log,455614,0,0,,discarded pet;disobedient bot;filth flea;stim fiend,1,docs/evidence/SUBWAY_BLOODCREEPER_DISOBEDIENT_BOT_LOOT_AUDIT.md,0,,capture-session.json;capture_info.json;enemy-dossier.json;events.log;packets.hex.log;enemy-state.csv;enemy-combat.csv;enemy-movement.csv;npc-lifecycle.csv;corpse-full-updates.csv,PF127 signal event-observed-instance-map conflicts with explicit non-PF127 event playfield evidence.
20260713-014714,tools-temp/AOSharpLiveCapture/bin/Debug/captures/20260713-014714,SUBWAY,high,observed-instance-map,1388552,1388552,,(Playfield2:153008),Nycsubway,complete,packets.hex.log,135619,0,7,Discarded Pet;Disobedient Bot;Filth Flea;Mugger;Shadow;Thief;Violent Vagabond,discarded pet;disobedient bot;filth flea,3,AORebirth/Server/ZoneEngine/Core/Playfields/CapturedEnemyCombatContract.cs;AORebirth/Server/ZoneEngine/Core/Playfields/OrdinaryEnemyCatalog.cs;docs/evidence/SUBWAY_BLOODCREEPER_DISOBEDIENT_BOT_LOOT_AUDIT.md,2,AORebirth/Server/ZoneEngine/Core/Playfields/CapturedEnemyCombatContract.cs;AORebirth/Server/ZoneEngine/Core/Playfields/OrdinaryEnemyCatalog.cs,capture-session.json;capture_info.json;capture-health.json;enemy-dossier.json;events.log;packets.hex.log;enemy-state.csv;enemy-combat.csv;enemy-movement.csv;npc-lifecycle.csv;corpse-full-updates.csv;enemy-respawns.csv,PF127 signal observed-instance-map has no outside event playfield.
20260713-033511,tools-temp/AOSharpLiveCapture/bin/Debug/captures/20260713-033511,SUBWAY,high,observed-instance-map,1388552,1388552,,(Playfield2:153008),Nycsubway,incomplete,packets.hex.log,275789,0,8,Discarded Pet;Disobedient Bot;Filth Flea;Mugger;Shadow;Stim Fiend;Thief;Violent Vagabond,discarded pet;disobedient bot;filth flea;stim fiend,3,AORebirth/Server/ZoneEngine/Core/Playfields/CapturedSubwayContentProvider.cs;AORebirth/Server/ZoneEngine/Core/Playfields/OrdinaryEnemyCatalog.cs;docs/evidence/SUBWAY_BLOODCREEPER_DISOBEDIENT_BOT_LOOT_AUDIT.md,2,AORebirth/Server/ZoneEngine/Core/Playfields/CapturedSubwayContentProvider.cs;AORebirth/Server/ZoneEngine/Core/Playfields/OrdinaryEnemyCatalog.cs,capture-session.json;capture_info.json;capture-health.json;enemy-dossier.json;events.log;packets.hex.log;enemy-state.csv;enemy-combat.csv;enemy-movement.csv;npc-lifecycle.csv;corpse-full-updates.csv;enemy-respawns.csv,PF127 signal observed-instance-map has no outside event playfield.
20260713-232752,tools-temp/AOSharpLiveCapture/bin/Debug/captures/20260713-232752,ELSEWHERE,confirmed,,1044525,1044525,,(Playfield2:FF02D),Nycfixer,incomplete,both,345477,436330,37,Antonio Stacklund;Barry the Food Vendor;Bodyguard Logan Fixx;Bruiser;Burning Cleaning Robot;Cedric Harding;Cleaning Robot;Desmond Calitri;Dion Giscombe;Dockworker;Dr. Mason;Garbage Flea;ICC Immigration Officer Bill;ICC Peacekeeper;Jamison Clasen;Joseph Schuemann;Kneebreaker Alfonzo Rizzolo;Luna Erke;Malfunctioning Cleaning Robot;Marco Spida;Marcus Stone;Mario Carles;Mitchell Dorph;Obedience Enforcement;Patrick Sun;Protester;Remi Gallois;Rex Larsson;Rollerrat;Shady Guy;Shane Streller;Sherwood Bannister;Shipping Manifest Terminal;Surveillance Droid;Velva Age;Vernon Godfray;Wounded Dockworker,,0,,0,,capture-session.json;capture_info.json;capture-health.json;enemy-dossier.json;events.log;packets.hex.log;raw-packets.csv;enemy-state.csv;enemy-combat.csv;enemy-movement.csv;npc-lifecycle.csv;corpse-full-updates.csv;corpse-loot-observations.csv;enemy-respawns.csv,Explicit playfield evidence is present without a PF127 signal.
20260714-013806,tools-temp/AOSharpLiveCapture/bin/Debug/captures/20260714-013806,ELSEWHERE,confirmed,,1079304,1079304,,(Playfield2:107808),Nycfixer,incomplete,both,311,566,0,,,0,,0,,capture-session.json;capture_info.json;capture-health.json;enemy-dossier.json;events.log;packets.hex.log;raw-packets.csv;enemy-state.csv;enemy-combat.csv;enemy-movement.csv;npc-lifecycle.csv;corpse-full-updates.csv;corpse-loot-observations.csv;enemy-respawns.csv,Explicit playfield evidence is present without a PF127 signal.
20260714-171439,tools-temp/AOSharpLiveCapture/bin/Debug/captures/20260714-171439,SUBWAY,confirmed,dossier-resource-127,127,,,(Playfield2:007F),Soldier,running,both,3,161,0,,pf127 diagnostic artifact,0,,0,,capture-session.json;capture_info.json;enemy-dossier.json;events.log;packets.hex.log;raw-packets.csv;enemy-state.csv;enemy-combat.csv;enemy-movement.csv;npc-lifecycle.csv;corpse-full-updates.csv;corpse-loot-observations.csv,PF127 signal dossier-resource-127 has no outside event playfield.
20260714-182132,tools-temp/AOSharpLiveCapture/bin/Debug/captures/20260714-182132,MIXED,high,event-observed-instance-map,655,127;655,127,(Playfield2:028F),Soldier,running,both,92067,106970,0,,discarded pet;disobedient bot;filth flea;lost thought;neural burnout;pf127 diagnostic artifact;slum runner;stim fiend;vergil aeneid,0,,0,,capture-session.json;capture_info.json;enemy-dossier.json;events.log;packets.hex.log;raw-packets.csv;enemy-state.csv;enemy-combat.csv;enemy-movement.csv;npc-lifecycle.csv;corpse-full-updates.csv;corpse-loot-observations.csv,PF127 signal event-observed-instance-map conflicts with explicit non-PF127 event playfield evidence.
20260714-185728,tools-temp/AOSharpLiveCapture/bin/Debug/captures/20260714-185728,SUBWAY,confirmed,geometry-pf127-observed,,,,,,,none,0,0,0,,pf127 diagnostic artifact,1,docs/project/PROJECT_STATE.md,0,,capture_info.json,PF127 signal geometry-pf127-observed has no outside event playfield.
20260714-202820,tools-temp/AOSharpLiveCapture/bin/Debug/captures/20260714-202820,SUBWAY,confirmed,geometry-pf127-observed,,,,,,,none,0,0,0,,pf127 diagnostic artifact,1,AORebirth/Server/ZoneEngine/Content/Captured/Subway/pf127-geometry.json,0,,capture_info.json,PF127 signal geometry-pf127-observed has no outside event playfield.
20260716-033326,tools-temp/AOSharpLiveCapture/bin/Debug/captures/20260716-033326,SUBWAY,confirmed,dossier-resource-127,1407006,1407006,127,(Playfield2:15781E),Nycsubway,incomplete,both,190088,250499,19,Abmouth Supremus;Bloodcreeper;Empty Shell;Eumenides;Filth Flea;Fragmented Soul;Incomplete Rebuild;Infected Attendant;Infector;Melded Patterns;Molested Molecules;Neural Burnout;Premature Pattern;Redundant Scan;Shadow;Slum Runner;Uncontrollable Anger;Vergil Aeneid;Workman Striker,abmouth supremus;bloodcreeper;eumenides;filth flea;infected attendant;melded patterns;neural burnout;pf127 diagnostic artifact;redundant scan;slum runner;vergil aeneid;workman striker,6,AORebirth/Server/ZoneEngine/Core/Playfields/CapturedEnemyCombatContract.cs;AORebirth/Server/ZoneEngine/Core/Playfields/CapturedSubwayOrdinaryContentProvider.cs;AORebirth/Server/ZoneEngine/Core/Playfields/OrdinaryEnemyCatalog.cs;docs/evidence/SUBWAY_BLOODCREEPER_DISOBEDIENT_BOT_LOOT_AUDIT.md;docs/generated/subway_enemy_combat_contracts.json;docs/project/PROJECT_STATE.md,4,AORebirth/Server/ZoneEngine/Core/Playfields/CapturedEnemyCombatContract.cs;AORebirth/Server/ZoneEngine/Core/Playfields/CapturedSubwayOrdinaryContentProvider.cs;AORebirth/Server/ZoneEngine/Core/Playfields/OrdinaryEnemyCatalog.cs;docs/generated/subway_enemy_combat_contracts.json,capture-session.json;capture_info.json;capture-health.json;enemy-dossier.json;events.log;packets.hex.log;raw-packets.csv;enemy-state.csv;enemy-combat.csv;enemy-movement.csv;npc-lifecycle.csv;corpse-full-updates.csv;corpse-loot-observations.csv;enemy-respawns.csv,PF127 signal dossier-resource-127 has no outside event playfield.
20260716-034104,tools-temp/AOSharpLiveCapture/bin/Debug/captures/20260716-034104,SUBWAY,confirmed,dossier-resource-127,1407006,,127,(Playfield2:15781E),Nycsubway,incomplete,both,494220,655130,20,Abmouth Supremus;Bloodcreeper;Empty Shell;Eumenides;Filth Flea;Fragmented Soul;Incomplete Rebuild;Infected Attendant;Infector;Lost Thought;Melded Patterns;Molested Molecules;Neural Burnout;Premature Pattern;Redundant Scan;Shadow;Slum Runner;Uncontrollable Anger;Vergil Aeneid;Workman Striker,abmouth supremus;bloodcreeper;eumenides;filth flea;infected attendant;lost thought;melded patterns;neural burnout;pf127 diagnostic artifact;redundant scan;slum runner;vergil aeneid;workman striker,5,AORebirth/Server/ZoneEngine/Core/Playfields/CapturedSubwayOrdinaryContentProvider.cs;AORebirth/Server/ZoneEngine/Core/Playfields/OrdinaryEnemyCatalog.cs;docs/evidence/SUBWAY_BLOODCREEPER_DISOBEDIENT_BOT_LOOT_AUDIT.md;docs/generated/subway_enemy_combat_contracts.json;docs/project/PROJECT_STATE.md,3,AORebirth/Server/ZoneEngine/Core/Playfields/CapturedSubwayOrdinaryContentProvider.cs;AORebirth/Server/ZoneEngine/Core/Playfields/OrdinaryEnemyCatalog.cs;docs/generated/subway_enemy_combat_contracts.json,capture-session.json;capture_info.json;capture-health.json;enemy-dossier.json;events.log;packets.hex.log;raw-packets.csv;enemy-state.csv;enemy-combat.csv;enemy-movement.csv;npc-lifecycle.csv;corpse-full-updates.csv;corpse-loot-observations.csv;enemy-respawns.csv,PF127 signal dossier-resource-127 has no outside event playfield.
20260716-034433,tools-temp/AOSharpLiveCapture/bin/Debug/captures/20260716-034433,SUBWAY,confirmed,dossier-resource-127,1407006,,127,(Playfield2:15781E),Nycsubway,incomplete,both,181150,239460,20,Abmouth Supremus;Bloodcreeper;Empty Shell;Eumenides;Filth Flea;Fragmented Soul;Incomplete Rebuild;Infected Attendant;Infector;Lost Thought;Melded Patterns;Molested Molecules;Neural Burnout;Premature Pattern;Redundant Scan;Shadow;Slum Runner;Uncontrollable Anger;Vergil Aeneid;Workman Striker,abmouth supremus;bloodcreeper;eumenides;filth flea;infected attendant;lost thought;melded patterns;neural burnout;pf127 diagnostic artifact;redundant scan;slum runner;vergil aeneid;workman striker,6,AORebirth/Server/ZoneEngine/Core/Playfields/CapturedSubwayEncounterRuntimeService.cs;AORebirth/Server/ZoneEngine/Core/Playfields/GlobalLootRuntimeService.cs;docs/evidence/SUBWAY_BLOODCREEPER_DISOBEDIENT_BOT_LOOT_AUDIT.md;docs/evidence/SUBWAY_VERGIL_20260716_034433_FOLLOWUP.md;docs/generated/subway_enemy_combat_contracts.json;docs/project/PROJECT_STATE.md,3,AORebirth/Server/ZoneEngine/Core/Playfields/CapturedSubwayEncounterRuntimeService.cs;AORebirth/Server/ZoneEngine/Core/Playfields/GlobalLootRuntimeService.cs;docs/generated/subway_enemy_combat_contracts.json,capture-session.json;capture_info.json;capture-health.json;enemy-dossier.json;events.log;packets.hex.log;raw-packets.csv;enemy-state.csv;enemy-combat.csv;enemy-movement.csv;npc-lifecycle.csv;corpse-full-updates.csv;corpse-loot-observations.csv;enemy-respawns.csv,PF127 signal dossier-resource-127 has no outside event playfield.
20260716-034559,tools-temp/AOSharpLiveCapture/bin/Debug/captures/20260716-034559,SUBWAY,confirmed,dossier-resource-127,1407006,,127,(Playfield2:15781E),Nycsubway,incomplete,both,124719,157512,19,Abmouth Supremus;Bloodcreeper;Empty Shell;Eumenides;Filth Flea;Fragmented Soul;Incomplete Rebuild;Infected Attendant;Infector;Lost Thought;Melded Patterns;Molested Molecules;Neural Burnout;Premature Pattern;Redundant Scan;Shadow;Slum Runner;Uncontrollable Anger;Workman Striker,abmouth supremus;bloodcreeper;eumenides;filth flea;infected attendant;lost thought;melded patterns;neural burnout;pf127 diagnostic artifact;redundant scan;slum runner;workman striker,3,AORebirth/Server/ZoneEngine/Core/Playfields/CapturedSubwayOrdinaryContentProvider.cs;docs/evidence/SUBWAY_BLOODCREEPER_DISOBEDIENT_BOT_LOOT_AUDIT.md;docs/generated/subway_enemy_combat_contracts.json,2,AORebirth/Server/ZoneEngine/Core/Playfields/CapturedSubwayOrdinaryContentProvider.cs;docs/generated/subway_enemy_combat_contracts.json,capture-session.json;capture_info.json;capture-health.json;enemy-dossier.json;events.log;packets.hex.log;raw-packets.csv;enemy-state.csv;enemy-combat.csv;enemy-movement.csv;npc-lifecycle.csv;corpse-full-updates.csv;corpse-loot-observations.csv;enemy-respawns.csv,PF127 signal dossier-resource-127 has no outside event playfield.
20260716-034656,tools-temp/AOSharpLiveCapture/bin/Debug/captures/20260716-034656,SUBWAY,confirmed,dossier-resource-127,1407006,,127,(Playfield2:15781E),Nycsubway,running,both,196415,256357,0,,abmouth supremus;bloodcreeper;eumenides;filth flea;infected attendant;lost thought;melded patterns;neural burnout;pf127 diagnostic artifact;redundant scan;slum runner;workman striker,1,docs/evidence/SUBWAY_BLOODCREEPER_DISOBEDIENT_BOT_LOOT_AUDIT.md,0,,capture-session.json;capture_info.json;enemy-dossier.json;events.log;packets.hex.log;raw-packets.csv;enemy-state.csv;enemy-combat.csv;enemy-movement.csv;npc-lifecycle.csv;corpse-full-updates.csv;corpse-loot-observations.csv,PF127 signal dossier-resource-127 has no outside event playfield.
20260716-215947,tools-temp/AOSharpLiveCapture/bin/Debug/captures/20260716-215947,SUBWAY,confirmed,dossier-resource-127,1407006,1407006,127,(Playfield2:15781E),Nycsubway,running,both,289309,375124,0,,abmouth supremus;filth flea;melded patterns;neural burnout;pf127 diagnostic artifact;slum runner,0,,0,,capture-session.json;capture_info.json;enemy-dossier.json;events.log;packets.hex.log;raw-packets.csv;enemy-state.csv;enemy-combat.csv;enemy-movement.csv;npc-lifecycle.csv;corpse-full-updates.csv;corpse-loot-observations.csv,PF127 signal dossier-resource-127 has no outside event playfield.
20260716-220255,tools-temp/AOSharpLiveCapture/bin/Debug/captures/20260716-220255,SUBWAY,confirmed,dossier-resource-127,1407006,1407006,127,(Playfield2:15781E),Nycsubway,running,both,15052,19721,0,,filth flea;neural burnout;pf127 diagnostic artifact;slum runner,0,,0,,capture-session.json;capture_info.json;enemy-dossier.json;events.log;packets.hex.log;raw-packets.csv;enemy-state.csv;enemy-combat.csv;enemy-movement.csv;npc-lifecycle.csv;corpse-full-updates.csv;corpse-loot-observations.csv,PF127 signal dossier-resource-127 has no outside event playfield.
20260716-220400,tools-temp/AOSharpLiveCapture/bin/Debug/captures/20260716-220400,SUBWAY,confirmed,dossier-resource-127,1407006,1407006,127,(Playfield2:15781E),Nycsubway,incomplete,both,743276,975730,16,Abmouth Supremus;Bloodcreeper;Filth Flea;Fragmented Soul;Infector;Melded Patterns;Molested Molecules;Neural Burnout;Premature Pattern;Redundant Scan;Shadow;Slum Runner;Uncontrollable Anger;Valentyia;Vergil Aeneid;Wrath Incarnation,abmouth supremus;bloodcreeper;filth flea;melded patterns;neural burnout;pf127 diagnostic artifact;redundant scan;slum runner;vergil aeneid,5,AORebirth/Server/ZoneEngine/Core/Playfields/CapturedSubwayEncounterRuntimeService.cs;AORebirth/Server/ZoneEngine/Core/Playfields/GlobalLootRuntimeService.cs;docs/evidence/SUBWAY_NAMED_BOSS_LIFECYCLE_20260716.md;docs/generated/subway_enemy_combat_contracts.json;docs/project/PROJECT_STATE.md,3,AORebirth/Server/ZoneEngine/Core/Playfields/CapturedSubwayEncounterRuntimeService.cs;AORebirth/Server/ZoneEngine/Core/Playfields/GlobalLootRuntimeService.cs;docs/generated/subway_enemy_combat_contracts.json,capture-session.json;capture_info.json;capture-health.json;enemy-dossier.json;events.log;packets.hex.log;raw-packets.csv;enemy-state.csv;enemy-combat.csv;enemy-movement.csv;npc-lifecycle.csv;corpse-full-updates.csv;corpse-loot-observations.csv;enemy-respawns.csv,PF127 signal dossier-resource-127 has no outside event playfield.
20260716-221358,tools-temp/AOSharpLiveCapture/bin/Debug/captures/20260716-221358,SUBWAY,confirmed,dossier-resource-127,1407006,,127,(Playfield2:15781E),Nycsubway,complete,both,313328,415843,18,Bloodcreeper;Empty Shell;Eumenides;Filth Flea;Fragmented Soul;Incomplete Rebuild;Infected Attendant;Infector;Lost Thought;Melded Patterns;Molested Molecules;Neural Burnout;Premature Pattern;Redundant Scan;Shadow;Slum Runner;Uncontrollable Anger;Workman Striker,bloodcreeper;eumenides;filth flea;infected attendant;lost thought;melded patterns;neural burnout;pf127 diagnostic artifact;redundant scan;slum runner;workman striker,3,AORebirth/Server/ZoneEngine/Core/Playfields/CapturedSubwayOrdinaryContentProvider.cs;docs/ai/CURRENT_TASK.md;docs/generated/subway_enemy_combat_contracts.json,2,AORebirth/Server/ZoneEngine/Core/Playfields/CapturedSubwayOrdinaryContentProvider.cs;docs/generated/subway_enemy_combat_contracts.json,capture-session.json;capture_info.json;capture-health.json;enemy-dossier.json;events.log;packets.hex.log;raw-packets.csv;enemy-state.csv;enemy-combat.csv;enemy-movement.csv;npc-lifecycle.csv;corpse-full-updates.csv;corpse-loot-observations.csv;enemy-respawns.csv,PF127 signal dossier-resource-127 has no outside event playfield.
20260716-221748,tools-temp/AOSharpLiveCapture/bin/Debug/captures/20260716-221748,SUBWAY,confirmed,dossier-resource-127,1407006,1407006,127,(Playfield2:15781E),Nycsubway,running,both,36309,47913,0,,bloodcreeper;eumenides;filth flea;infected attendant;lost thought;melded patterns;neural burnout;pf127 diagnostic artifact;redundant scan;slum runner;vergil aeneid;workman striker,0,,0,,capture-session.json;capture_info.json;enemy-dossier.json;events.log;packets.hex.log;raw-packets.csv;enemy-state.csv;enemy-combat.csv;enemy-movement.csv;npc-lifecycle.csv;corpse-full-updates.csv;corpse-loot-observations.csv,PF127 signal dossier-resource-127 has no outside event playfield.
20260716-222007,tools-temp/AOSharpLiveCapture/bin/Debug/captures/20260716-222007,SUBWAY,confirmed,dossier-resource-127,1407006,1407006,127,(Playfield2:15781E),Nycsubway,incomplete,both,373043,458021,19,Abmouth Supremus;Bloodcreeper;Empty Shell;Eumenides;Filth Flea;Fragmented Soul;Incomplete Rebuild;Infected Attendant;Infector;Melded Patterns;Molested Molecules;Neural Burnout;Premature Pattern;Redundant Scan;Shadow;Slum Runner;Uncontrollable Anger;Vergil Aeneid;Workman Striker,abmouth supremus;bloodcreeper;eumenides;filth flea;infected attendant;melded patterns;neural burnout;pf127 diagnostic artifact;redundant scan;slum runner;vergil aeneid;workman striker,3,AORebirth/Server/ZoneEngine/Core/Playfields/CapturedSubwayEncounterRuntimeService.cs;docs/project/NPC_CHASE_NAVIGATION.md;docs/project/PROJECT_STATE.md,1,AORebirth/Server/ZoneEngine/Core/Playfields/CapturedSubwayEncounterRuntimeService.cs,capture-session.json;capture_info.json;capture-health.json;enemy-dossier.json;events.log;packets.hex.log;raw-packets.csv;enemy-state.csv;enemy-combat.csv;enemy-movement.csv;npc-lifecycle.csv;corpse-full-updates.csv;corpse-loot-observations.csv;enemy-respawns.csv,PF127 signal dossier-resource-127 has no outside event playfield.
20260716-222201,tools-temp/AOSharpLiveCapture/bin/Debug/captures/20260716-222201,SUBWAY,confirmed,dossier-resource-127,1407006,,127,(Playfield2:15781E),Nycsubway,complete,both,490555,646193,17,Abmouth Supremus;Bloodcreeper;Eumenides;Filth Flea;Incomplete Rebuild;Infected Attendant;Infector;Melded Patterns;Molested Molecules;Neural Burnout;Premature Pattern;Redundant Scan;Shadow;Slum Runner;Uncontrollable Anger;Vergil Aeneid;Workman Striker,abmouth supremus;bloodcreeper;eumenides;filth flea;infected attendant;melded patterns;neural burnout;pf127 diagnostic artifact;redundant scan;slum runner;vergil aeneid;workman striker,3,AORebirth/Server/ZoneEngine/Core/Playfields/CapturedSubwayOrdinaryContentProvider.cs;docs/ai/CURRENT_TASK.md;docs/generated/subway_enemy_combat_contracts.json,2,AORebirth/Server/ZoneEngine/Core/Playfields/CapturedSubwayOrdinaryContentProvider.cs;docs/generated/subway_enemy_combat_contracts.json,capture-session.json;capture_info.json;capture-health.json;enemy-dossier.json;events.log;packets.hex.log;raw-packets.csv;enemy-state.csv;enemy-combat.csv;enemy-movement.csv;npc-lifecycle.csv;corpse-full-updates.csv;corpse-loot-observations.csv;enemy-respawns.csv,PF127 signal dossier-resource-127 has no outside event playfield.
20260717-012522,tools-temp/AOSharpLiveCapture/bin/Debug/captures/20260717-012522,MIXED,high,event-observed-instance-map,655,655;1407006,,(Playfield2:028F),Nycsubway,running,both,302997,374063,0,,discarded pet;disobedient bot;filth flea;pf127 diagnostic artifact,0,,0,,capture-session.json;capture_info.json;enemy-dossier.json;events.log;packets.hex.log;raw-packets.csv;enemy-state.csv;enemy-combat.csv;enemy-movement.csv;npc-lifecycle.csv;corpse-full-updates.csv;corpse-loot-observations.csv,PF127 signal event-observed-instance-map conflicts with explicit non-PF127 event playfield evidence.
20260717-012651,tools-temp/AOSharpLiveCapture/bin/Debug/captures/20260717-012651,SUBWAY,confirmed,dossier-resource-127,1407006,1407006,127,(Playfield2:15781E),Nycsubway,incomplete,both,565687,726270,8,Discarded Pet;Disobedient Bot;Filth Flea;Mugger;Shadow;Stim Fiend;Thief;Violent Vagabond,discarded pet;disobedient bot;filth flea;pf127 diagnostic artifact;stim fiend,3,AORebirth/Server/ZoneEngine/Core/Playfields/CapturedSubwayContentProvider.cs;docs/project/ORDINARY_ENEMY_RUNTIME.md;docs/project/PROJECT_STATE.md,1,AORebirth/Server/ZoneEngine/Core/Playfields/CapturedSubwayContentProvider.cs,capture-session.json;capture_info.json;capture-health.json;enemy-dossier.json;events.log;packets.hex.log;raw-packets.csv;enemy-state.csv;enemy-combat.csv;enemy-movement.csv;npc-lifecycle.csv;corpse-full-updates.csv;corpse-loot-observations.csv;enemy-respawns.csv,PF127 signal dossier-resource-127 has no outside event playfield.
