"CapturedUtc","Direction","Sequence","MessageType","SourceType","SourceInstance","SourceIdentity","SourceName","TargetType","TargetInstance","TargetIdentity","TargetName","FollowKind","CurrentX","CurrentY","CurrentZ","DestinationX","DestinationY","DestinationZ","Speed","Animation","Flags","PathCount","RawParams","RawTailHex"
"2026-07-21T19:55:03.4014435Z","IN","5","FollowTarget","SimpleChar","797D36A5","SimpleChar:797D36A5","Malfunctioning Cleaning Robot","","","","","NpcPath","3596.81177","51.7449989","788.208923","3596.05566","52.2449989","788.68457","","25","base_unknown=0;follow_type=1;follow_unknown=25","2","base_unknown=0;follow_type=1;follow_unknown=25;path_count=2;decoded_path_count=2",""
"2026-07-21T19:55:03.4024431Z","IN","8","FollowTarget","SimpleChar","79543CB6","SimpleChar:79543CB6","Malfunctioning Cleaning Robot","","","","","NpcPath","3596.979","51.7449989","783.935852","3596.10522","51.7449989","783.924805","","25","base_unknown=0;follow_type=1;follow_unknown=25","2","base_unknown=0;follow_type=1;follow_unknown=25;path_count=2;decoded_path_count=2",""
"2026-07-21T19:55:03.4024431Z","IN","7","FollowTarget","SimpleChar","79866553","SimpleChar:79866553","Malfunctioning Cleaning Robot","","","","","NpcPath","3620.47729","51.7449989","785.077393","3621.25732","52.5","784.154419","","24","base_unknown=0;follow_type=1;follow_unknown=24","2","base_unknown=0;follow_type=1;follow_unknown=24;path_count=2;decoded_path_count=2",""
"2026-07-21T19:55:03.4590983Z","IN","10","FollowTarget","SimpleChar","79543CB6","SimpleChar:79543CB6","Malfunctioning Cleaning Robot","","","","","NpcPath","3596.979","51.7449989","783.935852","3596.05493","52.2449989","783.754883","","25","base_unknown=0;follow_type=1;follow_unknown=25","2","base_unknown=0;follow_type=1;follow_unknown=25;path_count=2;decoded_path_count=2",""
"2026-07-21T19:55:03.4590983Z","IN","9","FollowTarget","SimpleChar","797D36A5","SimpleChar:797D36A5","Malfunctioning Cleaning Robot","","","","","NpcPath","3596.81177","51.7449989","788.208923","3596.05518","51.7449989","788.482483","","25","base_unknown=0;follow_type=1;follow_unknown=25","2","base_unknown=0;follow_type=1;follow_unknown=25;path_count=2;decoded_path_count=2",""
"2026-07-21T19:55:03.7049475Z","IN","14","FollowTarget","SimpleChar","79543CB6","SimpleChar:79543CB6","Malfunctioning Cleaning Robot","","","","","NpcPath","3596.979","51.7449989","783.935852","3596.09912","52.2449989","783.980713","","25","base_unknown=0;follow_type=1;follow_unknown=25","2","base_unknown=0;follow_type=1;follow_unknown=25;path_count=2;decoded_path_count=2",""
"2026-07-21T19:55:03.7049475Z","IN","11","FollowTarget","SimpleChar","797D36A5","SimpleChar:797D36A5","Malfunctioning Cleaning Robot","","","","","NpcPath","3596.81177","51.7449989","788.208923","3596.05518","51.7449989","788.482483","","25","base_unknown=0;follow_type=1;follow_unknown=25","2","base_unknown=0;follow_type=1;follow_unknown=25;path_count=2;decoded_path_count=2",""
"2026-07-21T19:55:03.9138187Z","IN","18","FollowTarget","SimpleChar","79543CB6","SimpleChar:79543CB6","Malfunctioning Cleaning Robot","","","","","NpcPath","3596.979","51.7449989","783.935852","3596.0835","52.2449989","784.033142","","25","base_unknown=0;follow_type=1;follow_unknown=25","2","base_unknown=0;follow_type=1;follow_unknown=25;path_count=2;decoded_path_count=2",""
"2026-07-21T19:55:03.9138187Z","IN","17","FollowTarget","SimpleChar","797D36A5","SimpleChar:797D36A5","Malfunctioning Cleaning Robot","","","","","NpcPath","3596.81177","51.7449989","788.208923","3596.073","52.2449989","788.578247","","25","base_unknown=0;follow_type=1;follow_unknown=25","2","base_unknown=0;follow_type=1;follow_unknown=25;path_count=2;decoded_path_count=2",""
"2026-07-21T19:55:04.1107173Z","IN","19","FollowTarget","SimpleChar","797D36A5","SimpleChar:797D36A5","Malfunctioning Cleaning Robot","","","","","NpcPath","3596.81177","51.7449989","788.208923","3596.05518","51.7449989","788.482483","","25","base_unknown=0;follow_type=1;follow_unknown=25","2","base_unknown=0;follow_type=1;follow_unknown=25;path_count=2;decoded_path_count=2",""
"2026-07-21T19:55:04.1117150Z","IN","20","FollowTarget","SimpleChar","79543CB6","SimpleChar:79543CB6","Malfunctioning Cleaning Robot","","","","","NpcPath","3596.979","51.7449989","783.935852","3596.10522","51.7449989","783.924805","","25","base_unknown=0;follow_type=1;follow_unknown=25","2","base_unknown=0;follow_type=1;follow_unknown=25;path_count=2;decoded_path_count=2",""
"2026-07-21T19:55:04.1117150Z","IN","21","FollowTarget","SimpleChar","79866562","SimpleChar:79866562","Malfunctioning Cleaning Robot","","","","","NpcPath","3594.94238","51.7449989","799.75177","3611.21973","52.5","778.204224","","24","base_unknown=0;follow_type=1;follow_unknown=24","2","base_unknown=0;follow_type=1;follow_unknown=24;path_count=2;decoded_path_count=2",""
"2026-07-21T19:55:04.3105940Z","IN","23","FollowTarget","SimpleChar","79543CB6","SimpleChar:79543CB6","Malfunctioning Cleaning Robot","","","","","NpcPath","3596.979","51.7449989","783.935852","3596.10522","51.7449989","783.924805","","25","base_unknown=0;follow_type=1;follow_unknown=25","2","base_unknown=0;follow_type=1;follow_unknown=25;path_count=2;decoded_path_count=2",""
"2026-07-21T19:55:04.3105940Z","IN","22","FollowTarget","SimpleChar","797D36A5","SimpleChar:797D36A5","Malfunctioning Cleaning Robot","","","","","NpcPath","3596.81177","51.7449989","788.208923","3596.05518","51.7449989","788.482483","","25","base_unknown=0;follow_type=1;follow_unknown=25","2","base_unknown=0;follow_type=1;follow_unknown=25;path_count=2;decoded_path_count=2",""
"2026-07-21T19:55:04.5664354Z","IN","26","FollowTarget","SimpleChar","79543CB6","SimpleChar:79543CB6","Malfunctioning Cleaning Robot","","","","","NpcPath","3596.979","51.7449989","783.935852","3596.03003","52.2449989","784.119568","","25","base_unknown=0;follow_type=1;follow_unknown=25","2","base_unknown=0;follow_type=1;follow_unknown=25;path_count=2;decoded_path_count=2",""
"2026-07-21T19:55:04.5664354Z","IN","25","FollowTarget","SimpleChar","797D36A5","SimpleChar:797D36A5","Malfunctioning Cleaning Robot","","","","","NpcPath","3596.81177","51.7449989","788.208923","3596.05518","51.7449989","788.482483","","25","base_unknown=0;follow_type=1;follow_unknown=25","2","base_unknown=0;follow_type=1;follow_unknown=25;path_count=2;decoded_path_count=2",""
"2026-07-21T19:55:04.7533206Z","IN","29","FollowTarget","SimpleChar","79543CB6","SimpleChar:79543CB6","Malfunctioning Cleaning Robot","","","","","NpcPath","3596.979","51.7449989","783.935852","3596.10522","51.7449989","783.924805","","25","base_unknown=0;follow_type=1;follow_unknown=25","2","base_unknown=0;follow_type=1;follow_unknown=25;path_count=2;decoded_path_count=2",""
"2026-07-21T19:55:04.7533206Z","IN","28","FollowTarget","SimpleChar","797D36A5","SimpleChar:797D36A5","Malfunctioning Cleaning Robot","","","","","NpcPath","3596.81177","51.7449989","788.208923","3596.05518","51.7449989","788.482483","","25","base_unknown=0;follow_type=1;follow_unknown=25","2","base_unknown=0;follow_type=1;follow_unknown=25;path_count=2;decoded_path_count=2",""
"2026-07-21T19:55:05.1570621Z","IN","34","FollowTarget","SimpleChar","79543CB6","SimpleChar:79543CB6","Malfunctioning Cleaning Robot","","","","","NpcPath","3596.979","51.7449989","783.935852","3596.05933","52.2449989","783.761475","","25","base_unknown=0;follow_type=1;follow_unknown=25","2","base_unknown=0;follow_type=1;follow_unknown=25;path_count=2;decoded_path_count=2",""
"2026-07-21T19:55:05.1570621Z","IN","39","FollowTarget","SimpleChar","79543CB6","SimpleChar:79543CB6","Malfunctioning Cleaning Robot","","","","","NpcPath","3596.979","51.7449989","783.935852","3596.02808","52.2449989","783.720337","","25","base_unknown=0;follow_type=1;follow_unknown=25","2","base_unknown=0;follow_type=1;follow_unknown=25;path_count=2;decoded_path_count=2",""
"2026-07-21T19:55:05.1570621Z","IN","33","FollowTarget","SimpleChar","797D36A5","SimpleChar:797D36A5","Malfunctioning Cleaning Robot","","","","","NpcPath","3596.81177","51.7449989","788.208923","3596.05518","51.7449989","788.482483","","25","base_unknown=0;follow_type=1;follow_unknown=25","2","base_unknown=0;follow_type=1;follow_unknown=25;path_count=2;decoded_path_count=2",""
"2026-07-21T19:55:05.1570621Z","IN","37","FollowTarget","SimpleChar","797D36A5","SimpleChar:797D36A5","Malfunctioning Cleaning Robot","","","","","NpcPath","3596.81177","51.7449989","788.208923","3596.05518","51.7449989","788.482483","","25","base_unknown=0;follow_type=1;follow_unknown=25","2","base_unknown=0;follow_type=1;follow_unknown=25;path_count=2;decoded_path_count=2",""
"2026-07-21T19:55:05.1570621Z","IN","38","FollowTarget","SimpleChar","79866547","SimpleChar:79866547","Malfunctioning Cleaning Robot","","","","","NpcPath","3612.97583","52.1349983","787.87738","3596.9751","52.5","772.29895","","24","base_unknown=0;follow_type=1;follow_unknown=24","2","base_unknown=0;follow_type=1;follow_unknown=24;path_count=2;decoded_path_count=2",""
"2026-07-21T19:55:05.4029104Z","IN","41","FollowTarget","SimpleChar","79543CB6","SimpleChar:79543CB6","Malfunctioning Cleaning Robot","","","","","NpcPath","3596.979","51.7449989","783.935852","3596.10522","51.7449989","783.924805","","25","base_unknown=0;follow_type=1;follow_unknown=25","2","base_unknown=0;follow_type=1;follow_unknown=25;path_count=2;decoded_path_count=2",""
"2026-07-21T19:55:05.4029104Z","IN","40","FollowTarget","SimpleChar","797D36A5","SimpleChar:797D36A5","Malfunctioning Cleaning Robot","","","","","NpcPath","3596.81177","51.7449989","788.208923","3596.05518","51.7449989","788.482483","","25","base_unknown=0;follow_type=1;follow_unknown=25","2","base_unknown=0;follow_type=1;follow_unknown=25;path_count=2;decoded_path_count=2",""
"2026-07-21T19:55:05.6297706Z","IN","46","FollowTarget","SimpleChar","79543CB6","SimpleChar:79543CB6","Malfunctioning Cleaning Robot","","","","","NpcPath","3596.979","51.7449989","783.935852","3596.09229","52.2449989","784.00824","","25","base_unknown=0;follow_type=1;follow_unknown=25","2","base_unknown=0;follow_type=1;follow_unknown=25;path_count=2;decoded_path_count=2",""
"2026-07-21T19:55:05.6297706Z","IN","44","FollowTarget","SimpleChar","797D36A5","SimpleChar:797D36A5","Malfunctioning Cleaning Robot","","","","","NpcPath","3596.81177","51.7449989","788.208923","3596.05518","51.7449989","788.482483","","25","base_unknown=0;follow_type=1;follow_unknown=25","2","base_unknown=0;follow_type=1;follow_unknown=25;path_count=2;decoded_path_count=2",""
"2026-07-21T19:55:05.8096586Z","IN","50","FollowTarget","SimpleChar","79543CB6","SimpleChar:79543CB6","Malfunctioning Cleaning Robot","","","","","NpcPath","3596.979","51.7449989","783.935852","3596.05176","52.2449989","783.750183","","25","base_unknown=0;follow_type=1;follow_unknown=25","2","base_unknown=0;follow_type=1;follow_unknown=25;path_count=2;decoded_path_count=2",""
"2026-07-21T19:55:05.8096586Z","IN","48","FollowTarget","SimpleChar","797D36A5","SimpleChar:797D36A5","Malfunctioning Cleaning Robot","","","","","NpcPath","3596.81177","51.7449989","788.208923","3596.05518","51.7449989","788.482483","","25","base_unknown=0;follow_type=1;follow_unknown=25","2","base_unknown=0;follow_type=1;follow_unknown=25;path_count=2;decoded_path_count=2",""
"2026-07-21T19:55:05.8096586Z","IN","49","FollowTarget","SimpleChar","79866553","SimpleChar:79866553","Malfunctioning Cleaning Robot","","","","","NpcPath","3620.61938","51.7449989","784.909302","3612.13428","52.5","787.73175","","24","base_unknown=0;follow_type=1;follow_unknown=24","2","base_unknown=0;follow_type=1;follow_unknown=24;path_count=2;decoded_path_count=2",""
"2026-07-21T19:55:06.0155315Z","IN","54","FollowTarget","SimpleChar","79543CB6","SimpleChar:79543CB6","Malfunctioning Cleaning Robot","","","","","NpcPath","3596.979","51.7449989","783.935852","3596.10522","51.7449989","783.924805","","25","base_unknown=0;follow_type=1;follow_unknown=25","2","base_unknown=0;follow_type=1;follow_unknown=25;path_count=2;decoded_path_count=2",""
"2026-07-21T19:55:06.0155315Z","IN","53","FollowTarget","SimpleChar","797D36A5","SimpleChar:797D36A5","Malfunctioning Cleaning Robot","","","","","NpcPath","3596.81177","51.7449989","788.208923","3596.05518","51.7449989","788.482483","","25","base_unknown=0;follow_type=1;follow_unknown=25","2","base_unknown=0;follow_type=1;follow_unknown=25;path_count=2;decoded_path_count=2",""
"2026-07-21T19:55:06.4452688Z","IN","60","FollowTarget","SimpleChar","79543CB6","SimpleChar:79543CB6","Malfunctioning Cleaning Robot","","","","","NpcPath","3596.979","51.7449989","783.935852","3596.10522","51.7449989","783.924805","","25","base_unknown=0;follow_type=1;follow_unknown=25","2","base_unknown=0;follow_type=1;follow_unknown=25;path_count=2;decoded_path_count=2",""
"2026-07-21T19:55:06.4452688Z","IN","62","FollowTarget","SimpleChar","79543CB6","SimpleChar:79543CB6","Malfunctioning Cleaning Robot","","","","","NpcPath","3596.979","51.7449989","783.935852","3596.10522","51.7449989","783.924805","","25","base_unknown=0;follow_type=1;follow_unknown=25","2","base_unknown=0;follow_type=1;follow_unknown=25;path_count=2;decoded_path_count=2",""
"2026-07-21T19:55:06.4452688Z","IN","59","FollowTarget","SimpleChar","797D36A5","SimpleChar:797D36A5","Malfunctioning Cleaning Robot","","","","","NpcPath","3596.81177","51.7449989","788.208923","3596.05518","51.7449989","788.482483","","25","base_unknown=0;follow_type=1;follow_unknown=25","2","base_unknown=0;follow_type=1;follow_unknown=25;path_count=2;decoded_path_count=2",""
"2026-07-21T19:55:06.4452688Z","IN","61","FollowTarget","SimpleChar","797D36A5","SimpleChar:797D36A5","Malfunctioning Cleaning Robot","","","","","NpcPath","3596.81177","51.7449989","788.208923","3596.0127","52.2449989","788.764648","","25","base_unknown=0;follow_type=1;follow_unknown=25","2","base_unknown=0;follow_type=1;follow_unknown=25;path_count=2;decoded_path_count=2",""
"2026-07-21T19:55:06.6941141Z","IN","64","FollowTarget","SimpleChar","79543CB6","SimpleChar:79543CB6","Malfunctioning Cleaning Robot","","","","","NpcPath","3596.979","51.7449989","783.935852","3596.10522","51.7449989","783.924805","","25","base_unknown=0;follow_type=1;follow_unknown=25","2","base_unknown=0;follow_type=1;follow_unknown=25;path_count=2;decoded_path_count=2",""
"2026-07-21T19:55:06.6941141Z","IN","63","FollowTarget","SimpleChar","797D36A5","SimpleChar:797D36A5","Malfunctioning Cleaning Robot","","","","","NpcPath","3596.81177","51.7449989","788.208923","3596.04907","52.2449989","788.467407","","25","base_unknown=0;follow_type=1;follow_unknown=25","2","base_unknown=0;follow_type=1;follow_unknown=25;path_count=2;decoded_path_count=2",""
"2026-07-21T19:55:06.8949902Z","IN","66","FollowTarget","SimpleChar","79543CB6","SimpleChar:79543CB6","Malfunctioning Cleaning Robot","","","","","NpcPath","3596.979","51.7449989","783.935852","3596.00928","52.2449989","783.70105","","25","base_unknown=0;follow_type=1;follow_unknown=25","2","base_unknown=0;follow_type=1;follow_unknown=25;path_count=2;decoded_path_count=2",""
"2026-07-21T19:55:06.8949902Z","IN","65","FollowTarget","SimpleChar","797D36A5","SimpleChar:797D36A5","Malfunctioning Cleaning Robot","","","","","NpcPath","3596.81177","51.7449989","788.208923","3596.01904","52.2449989","788.413025","","25","base_unknown=0;follow_type=1;follow_unknown=25","2","base_unknown=0;follow_type=1;follow_unknown=25;path_count=2;decoded_path_count=2",""
"2026-07-21T19:55:07.1288459Z","IN","70","FollowTarget","SimpleChar","79543CB6","SimpleChar:79543CB6","Malfunctioning Cleaning Robot","","","","","NpcPath","3596.979","51.7449989","783.935852","3596.06787","52.2449989","783.77594","","25","base_unknown=0;follow_type=1;follow_unknown=25","2","base_unknown=0;follow_type=1;follow_unknown=25;path_count=2;decoded_path_count=2",""
"2026-07-21T19:55:07.1288459Z","IN","69","FollowTarget","SimpleChar","797D36A5","SimpleChar:797D36A5","Malfunctioning Cleaning Robot","","","","","NpcPath","3596.81177","51.7449989","788.208923","3596.07251","52.2449989","788.602112","","25","base_unknown=0;follow_type=1;follow_unknown=25","2","base_unknown=0;follow_type=1;follow_unknown=25;path_count=2;decoded_path_count=2",""
"2026-07-21T19:55:07.3297213Z","IN","73","FollowTarget","SimpleChar","79543CB6","SimpleChar:79543CB6","Malfunctioning Cleaning Robot","","","","","NpcPath","3596.979","51.7449989","783.935852","3596.01196","52.2449989","784.138306","","25","base_unknown=0;follow_type=1;follow_unknown=25","2","base_unknown=0;follow_type=1;follow_unknown=25;path_count=2;decoded_path_count=2",""
"2026-07-21T19:55:07.3297213Z","IN","72","FollowTarget","SimpleChar","797D36A5","SimpleChar:797D36A5","Malfunctioning Cleaning Robot","","","","","NpcPath","3596.81177","51.7449989","788.208923","3596.07251","52.2449989","788.600098","","25","base_unknown=0;follow_type=1;follow_unknown=25","2","base_unknown=0;follow_type=1;follow_unknown=25;path_count=2;decoded_path_count=2",""
"2026-07-21T19:55:07.5335963Z","IN","75","FollowTarget","SimpleChar","79543CB6","SimpleChar:79543CB6","Malfunctioning Cleaning Robot","","","","","NpcPath","3596.979","51.7449989","783.935852","3596.10522","51.7449989","783.924805","","25","base_unknown=0;follow_type=1;follow_unknown=25","2","base_unknown=0;follow_type=1;follow_unknown=25;path_count=2;decoded_path_count=2",""
"2026-07-21T19:55:07.5335963Z","IN","74","FollowTarget","SimpleChar","797D36A5","SimpleChar:797D36A5","Malfunctioning Cleaning Robot","","","","","NpcPath","3596.81177","51.7449989","788.208923","3596.0542","52.2449989","788.480286","","25","base_unknown=0;follow_type=1;follow_unknown=25","2","base_unknown=0;follow_type=1;follow_unknown=25;path_count=2;decoded_path_count=2",""
"2026-07-21T19:55:07.7415889Z","IN","76","FollowTarget","SimpleChar","797D36A5","SimpleChar:797D36A5","Malfunctioning Cleaning Robot","","","","","NpcPath","3596.81177","51.7449989","788.208923","3596.02905","52.2449989","788.428284","","25","base_unknown=0;follow_type=1;follow_unknown=25","2","base_unknown=0;follow_type=1;follow_unknown=25;path_count=2;decoded_path_count=2",""
"2026-07-21T19:55:07.7425884Z","IN","78","FollowTarget","SimpleChar","79543CB6","SimpleChar:79543CB6","Malfunctioning Cleaning Robot","","","","","NpcPath","3596.979","51.7449989","783.935852","3596.10522","51.7449989","783.924805","","25","base_unknown=0;follow_type=1;follow_unknown=25","2","base_unknown=0;follow_type=1;follow_unknown=25;path_count=2;decoded_path_count=2",""
"2026-07-21T19:55:07.7425884Z","IN","77","FollowTarget","SimpleChar","7986655E","SimpleChar:7986655E","Malfunctioning Cleaning Robot","","","","","NpcPath","3622.04517","51.7449989","798.417358","3622.76538","52.5","798.812988","","24","base_unknown=0;follow_type=1;follow_unknown=24","2","base_unknown=0;follow_type=1;follow_unknown=24;path_count=2;decoded_path_count=2",""
"2026-07-21T19:55:07.9854363Z","IN","83","FollowTarget","SimpleChar","79543CB6","SimpleChar:79543CB6","Malfunctioning Cleaning Robot","","","","","NpcPath","3596.979","51.7449989","783.935852","3596.01611","52.2449989","784.134277","","25","base_unknown=0;follow_type=1;follow_unknown=25","2","base_unknown=0;follow_type=1;follow_unknown=25;path_count=2;decoded_path_count=2",""
"2026-07-21T19:55:07.9854363Z","IN","81","FollowTarget","SimpleChar","797D36A5","SimpleChar:797D36A5","Malfunctioning Cleaning Robot","","","","","NpcPath","3596.81177","51.7449989","788.208923","3596.05518","51.7449989","788.482483","","25","base_unknown=0;follow_type=1;follow_unknown=25","2","base_unknown=0;follow_type=1;follow_unknown=25;path_count=2;decoded_path_count=2",""
"2026-07-21T19:55:07.9854363Z","IN","84","FollowTarget","SimpleChar","7986655D","SimpleChar:7986655D","Malfunctioning Cleaning Robot","","","","","NpcPath","3613.0686","52.1349983","787.438843","3612.19409","52.5","787.77124","","24","base_unknown=0;follow_type=1;follow_unknown=24","2","base_unknown=0;follow_type=1;follow_unknown=24;path_count=2;decoded_path_count=2",""
"2026-07-21T19:55:07.9854363Z","IN","82","FollowTarget","SimpleChar","7986655E","SimpleChar:7986655E","Malfunctioning Cleaning Robot","","","","","NpcPath","3622.04517","51.7449989","798.417358","3622.87329","52.5","798.728027","","24","base_unknown=0;follow_type=1;follow_unknown=24","2","base_unknown=0;follow_type=1;follow_unknown=24;path_count=2;decoded_path_count=2",""
"2026-07-21T19:55:08.1823158Z","IN","85","FollowTarget","SimpleChar","797D36A5","SimpleChar:797D36A5","Malfunctioning Cleaning Robot","","","","","NpcPath","3596.81177","51.7449989","788.208923","3596.05518","51.7449989","788.482483","","25","base_unknown=0;follow_type=1;follow_unknown=25","2","base_unknown=0;follow_type=1;follow_unknown=25;path_count=2;decoded_path_count=2",""
"2026-07-21T19:55:08.1823158Z","IN","87","FollowTarget","SimpleChar","7986655E","SimpleChar:7986655E","Malfunctioning Cleaning Robot","","","","","NpcPath","3622.04517","51.7449989","798.417358","3623.04614","52.5","798.703552","","24","base_unknown=0;follow_type=1;follow_unknown=24","2","base_unknown=0;follow_type=1;follow_unknown=24;path_count=2;decoded_path_count=2",""
"2026-07-21T19:55:08.1833154Z","IN","88","FollowTarget","SimpleChar","79543CB6","SimpleChar:79543CB6","Malfunctioning Cleaning Robot","","","","","NpcPath","3596.979","51.7449989","783.935852","3596.10522","51.7449989","783.924805","","25","base_unknown=0;follow_type=1;follow_unknown=25","2","base_unknown=0;follow_type=1;follow_unknown=25;path_count=2;decoded_path_count=2",""
"2026-07-21T19:55:08.1833154Z","IN","89","FollowTarget","SimpleChar","7986655D","SimpleChar:7986655D","Malfunctioning Cleaning Robot","","","","","NpcPath","3613.0686","52.1349983","787.438843","3612.08008","52.5","787.710876","","24","base_unknown=0;follow_type=1;follow_unknown=24","2","base_unknown=0;follow_type=1;follow_unknown=24;path_count=2;decoded_path_count=2",""
"2026-07-21T19:55:08.3921877Z","IN","91","FollowTarget","SimpleChar","79543CB6","SimpleChar:79543CB6","Malfunctioning Cleaning Robot","","","","","NpcPath","3596.979","51.7449989","783.935852","3596.10376","52.2449989","783.892822","","25","base_unknown=0;follow_type=1;follow_unknown=25","2","base_unknown=0;follow_type=1;follow_unknown=25;path_count=2;decoded_path_count=2",""
"2026-07-21T19:55:08.3921877Z","IN","90","FollowTarget","SimpleChar","797D36A5","SimpleChar:797D36A5","Malfunctioning Cleaning Robot","","","","","NpcPath","3596.81177","51.7449989","788.208923","3596.07202","52.2449989","788.560425","","25","base_unknown=0;follow_type=1;follow_unknown=25","2","base_unknown=0;follow_type=1;follow_unknown=25;path_count=2;decoded_path_count=2",""
"2026-07-21T19:55:08.3921877Z","IN","92","FollowTarget","SimpleChar","7986655D","SimpleChar:7986655D","Malfunctioning Cleaning Robot","","","","","NpcPath","3613.03882","52.1349983","787.447083","3611.8855","52.5","787.722778","","24","base_unknown=0;follow_type=1;follow_unknown=24","2","base_unknown=0;follow_type=1;follow_unknown=24;path_count=2;decoded_path_count=2",""
"2026-07-21T19:55:08.5986511Z","IN","95","FollowTarget","SimpleChar","79543CB6","SimpleChar:79543CB6","Malfunctioning Cleaning Robot","","","","","NpcPath","3596.979","51.7449989","783.935852","3596.10327","52.2449989","783.95575","","25","base_unknown=0;follow_type=1;follow_unknown=25","2","base_unknown=0;follow_type=1;follow_unknown=25;path_count=2;decoded_path_count=2",""
"2026-07-21T19:55:08.5986511Z","IN","93","FollowTarget","SimpleChar","797D36A5","SimpleChar:797D36A5","Malfunctioning Cleaning Robot","","","","","NpcPath","3596.81177","51.7449989","788.208923","3596.06641","52.2449989","788.647339","","25","base_unknown=0;follow_type=1;follow_unknown=25","2","base_unknown=0;follow_type=1;follow_unknown=25;path_count=2;decoded_path_count=2",""
"2026-07-21T19:55:08.5986511Z","IN","94","FollowTarget","SimpleChar","7986655E","SimpleChar:7986655E","Malfunctioning Cleaning Robot","","","","","NpcPath","3622.10547","51.7449989","798.434509","3622.83398","52.5","799.249878","","24","base_unknown=0;follow_type=1;follow_unknown=24","2","base_unknown=0;follow_type=1;follow_unknown=24;path_count=2;decoded_path_count=2",""
"2026-07-21T19:55:08.7935311Z","IN","97","FollowTarget","SimpleChar","79543CB6","SimpleChar:79543CB6","Malfunctioning Cleaning Robot","","","","","NpcPath","3596.979","51.7449989","783.935852","3596.10522","51.7449989","783.924805","","25","base_unknown=0;follow_type=1;follow_unknown=25","2","base_unknown=0;follow_type=1;follow_unknown=25;path_count=2;decoded_path_count=2",""
"2026-07-21T19:55:08.7935311Z","IN","96","FollowTarget","SimpleChar","797D36A5","SimpleChar:797D36A5","Malfunctioning Cleaning Robot","","","","","NpcPath","3596.81177","51.7449989","788.208923","3596.01831","52.2449989","788.411804","","25","base_unknown=0;follow_type=1;follow_unknown=25","2","base_unknown=0;follow_type=1;follow_unknown=25;path_count=2;decoded_path_count=2",""
"2026-07-21T19:55:08.9964058Z","IN","101","FollowTarget","SimpleChar","79543CB6","SimpleChar:79543CB6","Malfunctioning Cleaning Robot","","","","","NpcPath","3596.979","51.7449989","783.935852","3596.09155","52.2449989","783.832031","","25","base_unknown=0;follow_type=1;follow_unknown=25","2","base_unknown=0;follow_type=1;follow_unknown=25;path_count=2;decoded_path_count=2",""
"2026-07-21T19:55:08.9964058Z","IN","100","FollowTarget","SimpleChar","797D36A5","SimpleChar:797D36A5","Malfunctioning Cleaning Robot","","","","","NpcPath","3596.81177","51.7449989","788.208923","3596.02759","52.2449989","788.743042","","25","base_unknown=0;follow_type=1;follow_unknown=25","2","base_unknown=0;follow_type=1;follow_unknown=25;path_count=2;decoded_path_count=2",""
"2026-07-21T19:55:09.4451280Z","IN","108","FollowTarget","SimpleChar","79543CB6","SimpleChar:79543CB6","Malfunctioning Cleaning Robot","","","","","NpcPath","3596.979","51.7449989","783.935852","3596.09814","52.2449989","783.985474","","25","base_unknown=0;follow_type=1;follow_unknown=25","2","base_unknown=0;follow_type=1;follow_unknown=25;path_count=2;decoded_path_count=2",""
"2026-07-21T19:55:09.4451280Z","IN","111","FollowTarget","SimpleChar","79543CB6","SimpleChar:79543CB6","Malfunctioning Cleaning Robot","","","","","NpcPath","3596.979","51.7449989","783.935852","3596.10522","51.7449989","783.924805","","25","base_unknown=0;follow_type=1;follow_unknown=25","2","base_unknown=0;follow_type=1;follow_unknown=25;path_count=2;decoded_path_count=2",""
"2026-07-21T19:55:09.4451280Z","IN","107","FollowTarget","SimpleChar","797D36A5","SimpleChar:797D36A5","Malfunctioning Cleaning Robot","","","","","NpcPath","3596.81177","51.7449989","788.208923","3596.05518","51.7449989","788.482483","","25","base_unknown=0;follow_type=1;follow_unknown=25","2","base_unknown=0;follow_type=1;follow_unknown=25;path_count=2;decoded_path_count=2",""
"2026-07-21T19:55:09.4451280Z","IN","109","FollowTarget","SimpleChar","797D36A5","SimpleChar:797D36A5","Malfunctioning Cleaning Robot","","","","","NpcPath","3596.81177","51.7449989","788.208923","3596.05518","52.2449989","788.482849","","25","base_unknown=0;follow_type=1;follow_unknown=25","2","base_unknown=0;follow_type=1;follow_unknown=25;path_count=2;decoded_path_count=2",""
"2026-07-21T19:55:09.6969752Z","IN","114","FollowTarget","SimpleChar","79543CB6","SimpleChar:79543CB6","Malfunctioning Cleaning Robot","","","","","NpcPath","3596.979","51.7449989","783.935852","3596.07495","52.2449989","783.789551","","25","base_unknown=0;follow_type=1;follow_unknown=25","2","base_unknown=0;follow_type=1;follow_unknown=25;path_count=2;decoded_path_count=2",""
"2026-07-21T19:55:09.6969752Z","IN","113","FollowTarget","SimpleChar","797D36A5","SimpleChar:797D36A5","Malfunctioning Cleaning Robot","","","","","NpcPath","3596.81177","51.7449989","788.208923","3596.02856","52.2449989","788.427429","","25","base_unknown=0;follow_type=1;follow_unknown=25","2","base_unknown=0;follow_type=1;follow_unknown=25;path_count=2;decoded_path_count=2",""
"2026-07-21T19:55:10.1596887Z","IN","121","FollowTarget","SimpleChar","79543CB6","SimpleChar:79543CB6","Malfunctioning Cleaning Robot","","","","","NpcPath","3596.979","51.7449989","783.935852","3596.02393","52.2449989","784.126282","","25","base_unknown=0;follow_type=1;follow_unknown=25","2","base_unknown=0;follow_type=1;follow_unknown=25;path_count=2;decoded_path_count=2",""
"2026-07-21T19:55:10.1596887Z","IN","120","FollowTarget","SimpleChar","797D36A5","SimpleChar:797D36A5","Malfunctioning Cleaning Robot","","","","","NpcPath","3596.81177","51.7449989","788.208923","3596.05518","51.7449989","788.482483","","25","base_unknown=0;follow_type=1;follow_unknown=25","2","base_unknown=0;follow_type=1;follow_unknown=25;path_count=2;decoded_path_count=2",""
"2026-07-21T19:55:10.1596887Z","IN","127","FollowTarget","SimpleChar","797D36A5","SimpleChar:797D36A5","Malfunctioning Cleaning Robot","","","","","NpcPath","3596.81177","51.7449989","788.208923","3596.05518","51.7449989","788.482483","","25","base_unknown=0;follow_type=1;follow_unknown=25","2","base_unknown=0;follow_type=1;follow_unknown=25;path_count=2;decoded_path_count=2",""
"2026-07-21T19:55:10.1606881Z","IN","128","FollowTarget","SimpleChar","79543CB6","SimpleChar:79543CB6","Malfunctioning Cleaning Robot","","","","","NpcPath","3596.979","51.7449989","783.935852","3596.0752","52.2449989","783.790527","","25","base_unknown=0;follow_type=1;follow_unknown=25","2","base_unknown=0;follow_type=1;follow_unknown=25;path_count=2;decoded_path_count=2",""
"2026-07-21T19:55:10.3545674Z","IN","130","FollowTarget","SimpleChar","79543CB6","SimpleChar:79543CB6","Malfunctioning Cleaning Robot","","","","","NpcPath","3596.979","51.7449989","783.935852","3596.10156","52.2449989","783.874268","","25","base_unknown=0;follow_type=1;follow_unknown=25","2","base_unknown=0;follow_type=1;follow_unknown=25;path_count=2;decoded_path_count=2",""
"2026-07-21T19:55:10.3545674Z","IN","129","FollowTarget","SimpleChar","797D36A5","SimpleChar:797D36A5","Malfunctioning Cleaning Robot","","","","","NpcPath","3596.81177","51.7449989","788.208923","3596.07178","52.2449989","788.610168","","25","base_unknown=0;follow_type=1;follow_unknown=25","2","base_unknown=0;follow_type=1;follow_unknown=25;path_count=2;decoded_path_count=2",""
"2026-07-21T19:55:10.5494485Z","IN","133","FollowTarget","SimpleChar","79543CB6","SimpleChar:79543CB6","Malfunctioning Cleaning Robot","","","","","NpcPath","3596.979","51.7449989","783.935852","3596.02197","52.2449989","783.713623","","25","base_unknown=0;follow_type=1;follow_unknown=25","2","base_unknown=0;follow_type=1;follow_unknown=25;path_count=2;decoded_path_count=2",""
"2026-07-21T19:55:10.5494485Z","IN","132","FollowTarget","SimpleChar","797D36A5","SimpleChar:797D36A5","Malfunctioning Cleaning Robot","","","","","NpcPath","3596.81177","51.7449989","788.208923","3596.05518","51.7449989","788.482483","","25","base_unknown=0;follow_type=1;follow_unknown=25","2","base_unknown=0;follow_type=1;follow_unknown=25;path_count=2;decoded_path_count=2",""
"2026-07-21T19:55:10.7643170Z","IN","138","FollowTarget","SimpleChar","79543CB6","SimpleChar:79543CB6","Malfunctioning Cleaning Robot","","","","","NpcPath","3596.979","51.7449989","783.935852","3596.10522","51.7449989","783.924805","","25","base_unknown=0;follow_type=1;follow_unknown=25","2","base_unknown=0;follow_type=1;follow_unknown=25;path_count=2;decoded_path_count=2",""
"2026-07-21T19:55:10.7643170Z","IN","137","FollowTarget","SimpleChar","797D36A5","SimpleChar:797D36A5","Malfunctioning Cleaning Robot","","","","","NpcPath","3596.81177","51.7449989","788.208923","3596.0708","52.2449989","788.548157","","25","base_unknown=0;follow_type=1;follow_unknown=25","2","base_unknown=0;follow_type=1;follow_unknown=25;path_count=2;decoded_path_count=2",""
"2026-07-21T19:55:10.9711872Z","IN","140","FollowTarget","SimpleChar","79543CB6","SimpleChar:79543CB6","Malfunctioning Cleaning Robot","","","","","NpcPath","3596.979","51.7449989","783.935852","3596.10522","51.7449989","783.924805","","25","base_unknown=0;follow_type=1;follow_unknown=25","2","base_unknown=0;follow_type=1;follow_unknown=25;path_count=2;decoded_path_count=2",""
"2026-07-21T19:55:10.9711872Z","IN","139","FollowTarget","SimpleChar","797D36A5","SimpleChar:797D36A5","Malfunctioning Cleaning Robot","","","","","NpcPath","3596.81177","51.7449989","788.208923","3596.04443","52.2449989","788.456604","","25","base_unknown=0;follow_type=1;follow_unknown=25","2","base_unknown=0;follow_type=1;follow_unknown=25;path_count=2;decoded_path_count=2",""
"2026-07-21T19:55:10.9711872Z","IN","141","FollowTarget","SimpleChar","7986655D","SimpleChar:7986655D","Malfunctioning Cleaning Robot","","","","","NpcPath","3612.84058","52.1349983","787.494568","3596.86011","52.5","772.265381","","24","base_unknown=0;follow_type=1;follow_unknown=24","2","base_unknown=0;follow_type=1;follow_unknown=24;path_count=2;decoded_path_count=2",""
"2026-07-21T19:55:11.1691734Z","IN","147","FollowTarget","SimpleChar","79543CB6","SimpleChar:79543CB6","Malfunctioning Cleaning Robot","","","","","NpcPath","3596.979","51.7449989","783.935852","3596.04321","52.2449989","784.103577","","25","base_unknown=0;follow_type=1;follow_unknown=25","2","base_unknown=0;follow_type=1;follow_unknown=25;path_count=2;decoded_path_count=2",""
"2026-07-21T19:55:11.1691734Z","IN","146","FollowTarget","SimpleChar","797D36A5","SimpleChar:797D36A5","Malfunctioning Cleaning Robot","","","","","NpcPath","3596.81177","51.7449989","788.208923","3596.05518","51.7449989","788.482483","","25","base_unknown=0;follow_type=1;follow_unknown=25","2","base_unknown=0;follow_type=1;follow_unknown=25;path_count=2;decoded_path_count=2",""
"2026-07-21T19:55:11.3980320Z","IN","149","FollowTarget","SimpleChar","79543CB6","SimpleChar:79543CB6","Malfunctioning Cleaning Robot","","","","","NpcPath","3596.979","51.7449989","783.935852","3596.00952","52.2449989","783.701416","","25","base_unknown=0;follow_type=1;follow_unknown=25","2","base_unknown=0;follow_type=1;follow_unknown=25;path_count=2;decoded_path_count=2",""
"2026-07-21T19:55:11.3980320Z","IN","148","FollowTarget","SimpleChar","797D36A5","SimpleChar:797D36A5","Malfunctioning Cleaning Robot","","","","","NpcPath","3596.81177","51.7449989","788.208923","3596.04492","52.2449989","788.711243","","25","base_unknown=0;follow_type=1;follow_unknown=25","2","base_unknown=0;follow_type=1;follow_unknown=25;path_count=2;decoded_path_count=2",""
"2026-07-21T19:55:11.7522138Z","IN","154","FollowTarget","SimpleChar","79543CB6","SimpleChar:79543CB6","Malfunctioning Cleaning Robot","","","","","NpcPath","3596.979","51.7449989","783.935852","3596.10522","51.7449989","783.924805","","25","base_unknown=0;follow_type=1;follow_unknown=25","2","base_unknown=0;follow_type=1;follow_unknown=25;path_count=2;decoded_path_count=2",""
"2026-07-21T19:55:11.7522138Z","IN","152","FollowTarget","SimpleChar","797D36A5","SimpleChar:797D36A5","Malfunctioning Cleaning Robot","","","","","NpcPath","3596.81177","51.7449989","788.208923","3596.05518","51.7449989","788.482483","","25","base_unknown=0;follow_type=1;follow_unknown=25","2","base_unknown=0;follow_type=1;follow_unknown=25;path_count=2;decoded_path_count=2",""
"2026-07-21T19:55:11.7522138Z","IN","153","FollowTarget","SimpleChar","79866553","SimpleChar:79866553","Malfunctioning Cleaning Robot","","","","","NpcPath","3613.0542","52.1349983","787.425842","3612.2229","52.5","787.799194","","24","base_unknown=0;follow_type=1;follow_unknown=24","2","base_unknown=0;follow_type=1;follow_unknown=24;path_count=2;decoded_path_count=2",""
"2026-07-21T19:55:11.7522138Z","IN","155","FollowTarget","SimpleChar","79866565","SimpleChar:79866565","Malfunctioning Cleaning Robot","","","","","NpcPath","3594.16284","51.7449989","798.968323","3594.18677","52.5","799.765198","","24","base_unknown=0;follow_type=1;follow_unknown=24","2","base_unknown=0;follow_type=1;follow_unknown=24;path_count=2;decoded_path_count=2",""
"2026-07-21T19:55:11.9680799Z","IN","159","FollowTarget","SimpleChar","79543CB6","SimpleChar:79543CB6","Malfunctioning Cleaning Robot","","","","","NpcPath","3596.979","51.7449989","783.935852","3596.10327","52.2449989","783.886536","","25","base_unknown=0;follow_type=1;follow_unknown=25","2","base_unknown=0;follow_type=1;follow_unknown=25;path_count=2;decoded_path_count=2",""
"2026-07-21T19:55:11.9680799Z","IN","157","FollowTarget","SimpleChar","797D36A5","SimpleChar:797D36A5","Malfunctioning Cleaning Robot","","","","","NpcPath","3596.81177","51.7449989","788.208923","3596.05518","51.7449989","788.482483","","25","base_unknown=0;follow_type=1;follow_unknown=25","2","base_unknown=0;follow_type=1;follow_unknown=25;path_count=2;decoded_path_count=2",""
"2026-07-21T19:55:11.9680799Z","IN","158","FollowTarget","SimpleChar","79866553","SimpleChar:79866553","Malfunctioning Cleaning Robot","","","","","NpcPath","3613.0542","52.1349983","787.425842","3612.26489","52.5","788.14093","","24","base_unknown=0;follow_type=1;follow_unknown=24","2","base_unknown=0;follow_type=1;follow_unknown=24;path_count=2;decoded_path_count=2",""
"2026-07-21T19:55:11.9680799Z","IN","160","FollowTarget","SimpleChar","79866565","SimpleChar:79866565","Malfunctioning Cleaning Robot","","","","","NpcPath","3594.16284","51.7449989","798.968323","3594.17871","52.5","799.759094","","24","base_unknown=0;follow_type=1;follow_unknown=24","2","base_unknown=0;follow_type=1;follow_unknown=24;path_count=2;decoded_path_count=2",""
"2026-07-21T19:55:12.2249223Z","IN","165","FollowTarget","SimpleChar","79543CB6","SimpleChar:79543CB6","Malfunctioning Cleaning Robot","","","","","NpcPath","3596.979","51.7449989","783.935852","3596.02661","52.2449989","783.718628","","25","base_unknown=0;follow_type=1;follow_unknown=25","2","base_unknown=0;follow_type=1;follow_unknown=25;path_count=2;decoded_path_count=2",""
"2026-07-21T19:55:12.2249223Z","IN","169","FollowTarget","SimpleChar","79543CB6","SimpleChar:79543CB6","Malfunctioning Cleaning Robot","","","","","NpcPath","3596.979","51.7449989","783.935852","3596.09619","52.2449989","783.848083","","25","base_unknown=0;follow_type=1;follow_unknown=25","2","base_unknown=0;follow_type=1;follow_unknown=25;path_count=2;decoded_path_count=2",""
"2026-07-21T19:55:12.2249223Z","IN","164","FollowTarget","SimpleChar","797D36A5","SimpleChar:797D36A5","Malfunctioning Cleaning Robot","","","","","NpcPath","3596.81177","51.7449989","788.208923","3596.06006","52.2449989","788.497314","","25","base_unknown=0;follow_type=1;follow_unknown=25","2","base_unknown=0;follow_type=1;follow_unknown=25;path_count=2;decoded_path_count=2",""
"2026-07-21T19:55:12.2249223Z","IN","167","FollowTarget","SimpleChar","797D36A5","SimpleChar:797D36A5","Malfunctioning Cleaning Robot","","","","","NpcPath","3596.81177","51.7449989","788.208923","3596.07227","52.2449989","788.564331","","25","base_unknown=0;follow_type=1;follow_unknown=25","2","base_unknown=0;follow_type=1;follow_unknown=25;path_count=2;decoded_path_count=2",""
"2026-07-21T19:55:12.2249223Z","IN","168","FollowTarget","SimpleChar","79866553","SimpleChar:79866553","Malfunctioning Cleaning Robot","","","","","NpcPath","3612.99683","52.1349983","787.478149","3612.26416","52.5","788.142029","","24","base_unknown=0;follow_type=1;follow_unknown=24","2","base_unknown=0;follow_type=1;follow_unknown=24;path_count=2;decoded_path_count=2",""
"2026-07-21T19:55:12.2249223Z","IN","166","FollowTarget","SimpleChar","79866565","SimpleChar:79866565","Malfunctioning Cleaning Robot","","","","","NpcPath","3594.16284","51.7449989","798.968323","3594.29736","52.5","800.038818","","24","base_unknown=0;follow_type=1;follow_unknown=24","2","base_unknown=0;follow_type=1;follow_unknown=24;path_count=2;decoded_path_count=2",""
"2026-07-21T19:55:12.4337926Z","IN","178","FollowTarget","SimpleChar","79543CB6","SimpleChar:79543CB6","Malfunctioning Cleaning Robot","","","","","NpcPath","3596.979","51.7449989","783.935852","3596.10327","52.2449989","783.888184","","25","base_unknown=0;follow_type=1;follow_unknown=25","2","base_unknown=0;follow_type=1;follow_unknown=25;path_count=2;decoded_path_count=2",""
"2026-07-21T19:55:12.4337926Z","IN","176","FollowTarget","SimpleChar","797D36A5","SimpleChar:797D36A5","Malfunctioning Cleaning Robot","","","","","NpcPath","3596.81177","51.7449989","788.208923","3596.05518","51.7449989","788.482483","","25","base_unknown=0;follow_type=1;follow_unknown=25","2","base_unknown=0;follow_type=1;follow_unknown=25;path_count=2;decoded_path_count=2",""
"2026-07-21T19:55:12.4337926Z","IN","177","FollowTarget","SimpleChar","79866553","SimpleChar:79866553","Malfunctioning Cleaning Robot","","","","","NpcPath","3612.99683","52.1349983","787.478149","3612.2959","52.5","787.951294","","24","base_unknown=0;follow_type=1;follow_unknown=24","2","base_unknown=0;follow_type=1;follow_unknown=24;path_count=2;decoded_path_count=2",""
"2026-07-21T19:55:12.8705244Z","IN","186","FollowTarget","SimpleChar","79543CB6","SimpleChar:79543CB6","Malfunctioning Cleaning Robot","","","","","NpcPath","3596.979","51.7449989","783.935852","3596.01074","52.2449989","784.139465","","25","base_unknown=0;follow_type=1;follow_unknown=25","2","base_unknown=0;follow_type=1;follow_unknown=25;path_count=2;decoded_path_count=2",""
"2026-07-21T19:55:12.8705244Z","IN","182","FollowTarget","SimpleChar","797D36A5","SimpleChar:797D36A5","Malfunctioning Cleaning Robot","","","","","NpcPath","3596.81177","51.7449989","788.208923","3596.05518","51.7449989","788.482483","","25","base_unknown=0;follow_type=1;follow_unknown=25","2","base_unknown=0;follow_type=1;follow_unknown=25;path_count=2;decoded_path_count=2",""
"2026-07-21T19:55:12.8705244Z","IN","185","FollowTarget","SimpleChar","79866553","SimpleChar:79866553","Malfunctioning Cleaning Robot","","","","","NpcPath","3612.99683","52.1349983","787.478149","3612.25342","52.5","788.160522","","24","base_unknown=0;follow_type=1;follow_unknown=24","2","base_unknown=0;follow_type=1;follow_unknown=24;path_count=2;decoded_path_count=2",""
"2026-07-21T19:55:12.8715237Z","IN","191","FollowTarget","SimpleChar","79543CB6","SimpleChar:79543CB6","Malfunctioning Cleaning Robot","","","","","NpcPath","3596.979","51.7449989","783.935852","3596.10522","51.7449989","783.924805","","25","base_unknown=0;follow_type=1;follow_unknown=25","2","base_unknown=0;follow_type=1;follow_unknown=25;path_count=2;decoded_path_count=2",""
"2026-07-21T19:55:12.8715237Z","IN","189","FollowTarget","SimpleChar","797D36A5","SimpleChar:797D36A5","Malfunctioning Cleaning Robot","","","","","NpcPath","3596.81177","51.7449989","788.208923","3596.05518","51.7449989","788.482483","","25","base_unknown=0;follow_type=1;follow_unknown=25","2","base_unknown=0;follow_type=1;follow_unknown=25;path_count=2;decoded_path_count=2",""
"2026-07-21T19:55:12.8715237Z","IN","190","FollowTarget","SimpleChar","79866553","SimpleChar:79866553","Malfunctioning Cleaning Robot","","","","","NpcPath","3612.98657","52.1349983","787.48761","3612.16309","52.5","788.251831","","24","base_unknown=0;follow_type=1;follow_unknown=24","2","base_unknown=0;follow_type=1;follow_unknown=24;path_count=2;decoded_path_count=2",""
"2026-07-21T19:55:13.0893891Z","IN","195","FollowTarget","SimpleChar","79543CB6","SimpleChar:79543CB6","Malfunctioning Cleaning Robot","","","","","NpcPath","3596.979","51.7449989","783.935852","3596.10254","52.2449989","783.960327","","25","base_unknown=0;follow_type=1;follow_unknown=25","2","base_unknown=0;follow_type=1;follow_unknown=25;path_count=2;decoded_path_count=2",""
"2026-07-21T19:55:13.0893891Z","IN","194","FollowTarget","SimpleChar","797D36A5","SimpleChar:797D36A5","Malfunctioning Cleaning Robot","","","","","NpcPath","3596.81177","51.7449989","788.208923","3596.04102","52.2449989","788.719055","","25","base_unknown=0;follow_type=1;follow_unknown=25","2","base_unknown=0;follow_type=1;follow_unknown=25;path_count=2;decoded_path_count=2",""
"2026-07-21T19:55:13.2922649Z","IN","199","FollowTarget","SimpleChar","79543CB6","SimpleChar:79543CB6","Malfunctioning Cleaning Robot","","","","","NpcPath","3596.979","51.7449989","783.935852","3596.10522","51.7449989","783.924805","","25","base_unknown=0;follow_type=1;follow_unknown=25","2","base_unknown=0;follow_type=1;follow_unknown=25;path_count=2;decoded_path_count=2",""
"2026-07-21T19:55:13.2922649Z","IN","198","FollowTarget","SimpleChar","797D36A5","SimpleChar:797D36A5","Malfunctioning Cleaning Robot","","","","","NpcPath","3596.81177","51.7449989","788.208923","3596.0437","52.2449989","788.455078","","25","base_unknown=0;follow_type=1;follow_unknown=25","2","base_unknown=0;follow_type=1;follow_unknown=25;path_count=2;decoded_path_count=2",""
"2026-07-21T19:55:13.5011344Z","IN","203","FollowTarget","SimpleChar","79543CB6","SimpleChar:79543CB6","Malfunctioning Cleaning Robot","","","","","NpcPath","3596.979","51.7449989","783.935852","3596.07422","52.2449989","783.788452","","25","base_unknown=0;follow_type=1;follow_unknown=25","2","base_unknown=0;follow_type=1;follow_unknown=25;path_count=2;decoded_path_count=2",""
"2026-07-21T19:55:13.5011344Z","IN","202","FollowTarget","SimpleChar","797D36A5","SimpleChar:797D36A5","Malfunctioning Cleaning Robot","","","","","NpcPath","3596.81177","51.7449989","788.208923","3596.05518","51.7449989","788.482483","","25","base_unknown=0;follow_type=1;follow_unknown=25","2","base_unknown=0;follow_type=1;follow_unknown=25;path_count=2;decoded_path_count=2",""
"2026-07-21T19:55:13.6880203Z","IN","206","FollowTarget","SimpleChar","79543CB6","SimpleChar:79543CB6","Malfunctioning Cleaning Robot","","","","","NpcPath","3596.979","51.7449989","783.935852","3596.10522","51.7449989","783.924805","","25","base_unknown=0;follow_type=1;follow_unknown=25","2","base_unknown=0;follow_type=1;follow_unknown=25;path_count=2;decoded_path_count=2",""
"2026-07-21T19:55:13.6880203Z","IN","205","FollowTarget","SimpleChar","797D36A5","SimpleChar:797D36A5","Malfunctioning Cleaning Robot","","","","","NpcPath","3596.81177","51.7449989","788.208923","3596.05518","51.7449989","788.482483","","25","base_unknown=0;follow_type=1;follow_unknown=25","2","base_unknown=0;follow_type=1;follow_unknown=25;path_count=2;decoded_path_count=2",""
"2026-07-21T19:55:13.9378661Z","IN","211","FollowTarget","SimpleChar","79543CB6","SimpleChar:79543CB6","Malfunctioning Cleaning Robot","","","","","NpcPath","3596.979","51.7449989","783.935852","3596.10522","51.7449989","783.924805","","25","base_unknown=0;follow_type=1;follow_unknown=25","2","base_unknown=0;follow_type=1;follow_unknown=25;path_count=2;decoded_path_count=2",""
"2026-07-21T19:55:13.9378661Z","IN","210","FollowTarget","SimpleChar","797D36A5","SimpleChar:797D36A5","Malfunctioning Cleaning Robot","","","","","NpcPath","3596.81177","51.7449989","788.208923","3596.05518","51.7449989","788.482483","","25","base_unknown=0;follow_type=1;follow_unknown=25","2","base_unknown=0;follow_type=1;follow_unknown=25;path_count=2;decoded_path_count=2",""
"2026-07-21T19:55:13.9378661Z","IN","209","FollowTarget","SimpleChar","79866518","SimpleChar:79866518","Malfunctioning Cleaning Robot","","","","","NpcPath","3599.94141","51.9249954","787.695496","3598.85352","52.5","787.26178","","24","base_unknown=0;follow_type=1;follow_unknown=24","2","base_unknown=0;follow_type=1;follow_unknown=24;path_count=2;decoded_path_count=2",""
"2026-07-21T19:55:14.1507346Z","IN","217","FollowTarget","SimpleChar","79543CB6","SimpleChar:79543CB6","Malfunctioning Cleaning Robot","","","","","NpcPath","3596.979","51.7449989","783.935852","3596.10425","52.2449989","783.898132","","25","base_unknown=0;follow_type=1;follow_unknown=25","2","base_unknown=0;follow_type=1;follow_unknown=25;path_count=2;decoded_path_count=2",""
"2026-07-21T19:55:14.1507346Z","IN","216","FollowTarget","SimpleChar","797D36A5","SimpleChar:797D36A5","Malfunctioning Cleaning Robot","","","","","NpcPath","3596.81177","51.7449989","788.208923","3596.04077","52.2449989","788.449219","","25","base_unknown=0;follow_type=1;follow_unknown=25","2","base_unknown=0;follow_type=1;follow_unknown=25;path_count=2;decoded_path_count=2",""
"2026-07-21T19:55:14.3536098Z","IN","222","FollowTarget","SimpleChar","79543CB6","SimpleChar:79543CB6","Malfunctioning Cleaning Robot","","","","","NpcPath","3596.979","51.7449989","783.935852","3596.10522","51.7449989","783.924805","","25","base_unknown=0;follow_type=1;follow_unknown=25","2","base_unknown=0;follow_type=1;follow_unknown=25;path_count=2;decoded_path_count=2",""
"2026-07-21T19:55:14.3536098Z","IN","220","FollowTarget","SimpleChar","797D36A5","SimpleChar:797D36A5","Malfunctioning Cleaning Robot","","","","","NpcPath","3596.81177","51.7449989","788.208923","3596.06958","52.2449989","788.540405","","25","base_unknown=0;follow_type=1;follow_unknown=25","2","base_unknown=0;follow_type=1;follow_unknown=25;path_count=2;decoded_path_count=2",""
"2026-07-21T19:55:14.3536098Z","IN","221","FollowTarget","SimpleChar","7986655E","SimpleChar:7986655E","Malfunctioning Cleaning Robot","","","","","NpcPath","3622.18042","51.7449989","798.518372","3594.20557","52.5","799.781433","","24","base_unknown=0;follow_type=1;follow_unknown=24","2","base_unknown=0;follow_type=1;follow_unknown=24;path_count=2;decoded_path_count=2",""
"2026-07-21T19:55:14.5574839Z","IN","224","FollowTarget","SimpleChar","79543CB6","SimpleChar:79543CB6","Malfunctioning Cleaning Robot","","","","","NpcPath","3596.979","51.7449989","783.935852","3596.10522","51.7449989","783.924805","","25","base_unknown=0;follow_type=1;follow_unknown=25","2","base_unknown=0;follow_type=1;follow_unknown=25;path_count=2;decoded_path_count=2",""
"2026-07-21T19:55:14.5574839Z","IN","223","FollowTarget","SimpleChar","797D36A5","SimpleChar:797D36A5","Malfunctioning Cleaning Robot","","","","","NpcPath","3596.81177","51.7449989","788.208923","3596.04297","52.2449989","788.715027","","25","base_unknown=0;follow_type=1;follow_unknown=25","2","base_unknown=0;follow_type=1;follow_unknown=25;path_count=2;decoded_path_count=2",""
"2026-07-21T19:55:14.7613575Z","IN","228","FollowTarget","SimpleChar","79543CB6","SimpleChar:79543CB6","Malfunctioning Cleaning Robot","","","","","NpcPath","3596.979","51.7449989","783.935852","3596.02344","52.2449989","784.126953","","25","base_unknown=0;follow_type=1;follow_unknown=25","2","base_unknown=0;follow_type=1;follow_unknown=25;path_count=2;decoded_path_count=2",""
"2026-07-21T19:55:14.7613575Z","IN","227","FollowTarget","SimpleChar","797D36A5","SimpleChar:797D36A5","Malfunctioning Cleaning Robot","","","","","NpcPath","3596.81177","51.7449989","788.208923","3596.05518","51.7449989","788.482483","","25","base_unknown=0;follow_type=1;follow_unknown=25","2","base_unknown=0;follow_type=1;follow_unknown=25;path_count=2;decoded_path_count=2",""
"2026-07-21T19:55:14.9582367Z","IN","232","FollowTarget","SimpleChar","79543CB6","SimpleChar:79543CB6","Malfunctioning Cleaning Robot","","","","","NpcPath","3596.979","51.7449989","783.935852","3596.08325","52.2449989","783.80835","","25","base_unknown=0;follow_type=1;follow_unknown=25","2","base_unknown=0;follow_type=1;follow_unknown=25;path_count=2;decoded_path_count=2",""
"2026-07-21T19:55:14.9582367Z","IN","230","FollowTarget","SimpleChar","797D36A5","SimpleChar:797D36A5","Malfunctioning Cleaning Robot","","","","","NpcPath","3596.81177","51.7449989","788.208923","3596.06006","52.2449989","788.497681","","25","base_unknown=0;follow_type=1;follow_unknown=25","2","base_unknown=0;follow_type=1;follow_unknown=25;path_count=2;decoded_path_count=2",""
"2026-07-21T19:55:15.1830970Z","IN","236","FollowTarget","SimpleChar","797D36A5","SimpleChar:797D36A5","Malfunctioning Cleaning Robot","","","","","NpcPath","3596.81177","51.7449989","788.208923","3596.05518","51.7449989","788.482483","","25","base_unknown=0;follow_type=1;follow_unknown=25","2","base_unknown=0;follow_type=1;follow_unknown=25;path_count=2;decoded_path_count=2",""
"2026-07-21T19:55:15.1840966Z","IN","237","FollowTarget","SimpleChar","79543CB6","SimpleChar:79543CB6","Malfunctioning Cleaning Robot","","","","","NpcPath","3596.979","51.7449989","783.935852","3596.09399","52.2449989","784.002075","","25","base_unknown=0;follow_type=1;follow_unknown=25","2","base_unknown=0;follow_type=1;follow_unknown=25;path_count=2;decoded_path_count=2",""
"2026-07-21T19:55:15.3739804Z","IN","246","FollowTarget","SimpleChar","79543CB6","SimpleChar:79543CB6","Malfunctioning Cleaning Robot","","","","","NpcPath","3596.979","51.7449989","783.935852","3596.10522","51.7449989","783.924805","","25","base_unknown=0;follow_type=1;follow_unknown=25","2","base_unknown=0;follow_type=1;follow_unknown=25;path_count=2;decoded_path_count=2",""
"2026-07-21T19:55:15.3739804Z","IN","244","FollowTarget","SimpleChar","797D36A5","SimpleChar:797D36A5","Malfunctioning Cleaning Robot","","","","","NpcPath","3596.81177","51.7449989","788.208923","3596.05518","51.7449989","788.482483","","25","base_unknown=0;follow_type=1;follow_unknown=25","2","base_unknown=0;follow_type=1;follow_unknown=25;path_count=2;decoded_path_count=2",""
"2026-07-21T19:55:15.3739804Z","IN","245","FollowTarget","SimpleChar","79866553","SimpleChar:79866553","Malfunctioning Cleaning Robot","","","","","NpcPath","3612.89087","52.1349983","787.576599","3622.73071","52.5","798.86792","","24","base_unknown=0;follow_type=1;follow_unknown=24","2","base_unknown=0;follow_type=1;follow_unknown=24;path_count=2;decoded_path_count=2",""
"2026-07-21T19:55:15.6178300Z","IN","248","FollowTarget","SimpleChar","797D36A5","SimpleChar:797D36A5","Malfunctioning Cleaning Robot","","","","","NpcPath","3596.81177","51.7449989","788.208923","3596.073","52.2449989","788.580811","","25","base_unknown=0;follow_type=1;follow_unknown=25","2","base_unknown=0;follow_type=1;follow_unknown=25;path_count=2;decoded_path_count=2",""
"2026-07-21T19:55:15.6188295Z","IN","249","FollowTarget","SimpleChar","79543CB6","SimpleChar:79543CB6","Malfunctioning Cleaning Robot","","","","","NpcPath","3596.979","51.7449989","783.935852","3596.10522","51.7449989","783.924805","","25","base_unknown=0;follow_type=1;follow_unknown=25","2","base_unknown=0;follow_type=1;follow_unknown=25;path_count=2;decoded_path_count=2",""
"2026-07-21T19:55:15.8167072Z","IN","253","FollowTarget","SimpleChar","79543CB6","SimpleChar:79543CB6","Malfunctioning Cleaning Robot","","","","","NpcPath","3596.979","51.7449989","783.935852","3596.03271","52.2449989","783.725525","","25","base_unknown=0;follow_type=1;follow_unknown=25","2","base_unknown=0;follow_type=1;follow_unknown=25;path_count=2;decoded_path_count=2",""
"2026-07-21T19:55:15.8167072Z","IN","252","FollowTarget","SimpleChar","797D36A5","SimpleChar:797D36A5","Malfunctioning Cleaning Robot","","","","","NpcPath","3596.81177","51.7449989","788.208923","3596.05518","51.7449989","788.482483","","25","base_unknown=0;follow_type=1;follow_unknown=25","2","base_unknown=0;follow_type=1;follow_unknown=25;path_count=2;decoded_path_count=2",""
"2026-07-21T19:55:16.0215809Z","IN","258","FollowTarget","SimpleChar","79543CB6","SimpleChar:79543CB6","Malfunctioning Cleaning Robot","","","","","NpcPath","3596.979","51.7449989","783.935852","3596.05371","52.2449989","784.08905","","25","base_unknown=0;follow_type=1;follow_unknown=25","2","base_unknown=0;follow_type=1;follow_unknown=25;path_count=2;decoded_path_count=2",""
"2026-07-21T19:55:16.0215809Z","IN","257","FollowTarget","SimpleChar","797D36A5","SimpleChar:797D36A5","Malfunctioning Cleaning Robot","","","","","NpcPath","3596.81177","51.7449989","788.208923","3596.05518","51.7449989","788.482483","","25","base_unknown=0;follow_type=1;follow_unknown=25","2","base_unknown=0;follow_type=1;follow_unknown=25;path_count=2;decoded_path_count=2",""
"2026-07-21T19:55:16.2324508Z","IN","263","FollowTarget","SimpleChar","79543CB6","SimpleChar:79543CB6","Malfunctioning Cleaning Robot","","","","","NpcPath","3596.979","51.7449989","783.935852","3596.04565","52.2449989","783.741821","","25","base_unknown=0;follow_type=1;follow_unknown=25","2","base_unknown=0;follow_type=1;follow_unknown=25;path_count=2;decoded_path_count=2",""
"2026-07-21T19:55:16.2324508Z","IN","262","FollowTarget","SimpleChar","797D36A5","SimpleChar:797D36A5","Malfunctioning Cleaning Robot","","","","","NpcPath","3596.81177","51.7449989","788.208923","3596.03296","52.2449989","788.734192","","25","base_unknown=0;follow_type=1;follow_unknown=25","2","base_unknown=0;follow_type=1;follow_unknown=25;path_count=2;decoded_path_count=2",""
"2026-07-21T19:55:16.4932901Z","IN","267","FollowTarget","SimpleChar","79543CB6","SimpleChar:79543CB6","Malfunctioning Cleaning Robot","","","","","NpcPath","3596.979","51.7449989","783.935852","3596.07397","52.2449989","783.787598","","25","base_unknown=0;follow_type=1;follow_unknown=25","2","base_unknown=0;follow_type=1;follow_unknown=25;path_count=2;decoded_path_count=2",""
"2026-07-21T19:55:16.4932901Z","IN","266","FollowTarget","SimpleChar","797D36A5","SimpleChar:797D36A5","Malfunctioning Cleaning Robot","","","","","NpcPath","3596.81177","51.7449989","788.208923","3596.06616","52.2449989","788.648376","","25","base_unknown=0;follow_type=1;follow_unknown=25","2","base_unknown=0;follow_type=1;follow_unknown=25;path_count=2;decoded_path_count=2",""
"2026-07-21T19:55:16.6871692Z","IN","271","FollowTarget","SimpleChar","79543CB6","SimpleChar:79543CB6","Malfunctioning Cleaning Robot","","","","","NpcPath","3596.979","51.7449989","783.935852","3596.07251","52.2449989","783.784973","","25","base_unknown=0;follow_type=1;follow_unknown=25","2","base_unknown=0;follow_type=1;follow_unknown=25;path_count=2;decoded_path_count=2",""
"2026-07-21T19:55:16.6871692Z","IN","270","FollowTarget","SimpleChar","797D36A5","SimpleChar:797D36A5","Malfunctioning Cleaning Robot","","","","","NpcPath","3596.81177","51.7449989","788.208923","3596.05518","51.7449989","788.482483","","25","base_unknown=0;follow_type=1;follow_unknown=25","2","base_unknown=0;follow_type=1;follow_unknown=25;path_count=2;decoded_path_count=2",""
"2026-07-21T19:55:16.9425594Z","IN","275","FollowTarget","SimpleChar","79543CB6","SimpleChar:79543CB6","Malfunctioning Cleaning Robot","","","","","NpcPath","3596.979","51.7449989","783.935852","3596.10522","51.7449989","783.924805","","25","base_unknown=0;follow_type=1;follow_unknown=25","2","base_unknown=0;follow_type=1;follow_unknown=25;path_count=2;decoded_path_count=2",""
"2026-07-21T19:55:16.9425594Z","IN","274","FollowTarget","SimpleChar","797D36A5","SimpleChar:797D36A5","Malfunctioning Cleaning Robot","","","","","NpcPath","3596.81177","51.7449989","788.208923","3596.05518","51.7449989","788.482483","","25","base_unknown=0;follow_type=1;follow_unknown=25","2","base_unknown=0;follow_type=1;follow_unknown=25;path_count=2;decoded_path_count=2",""
"2026-07-21T19:55:17.2043956Z","IN","280","FollowTarget","SimpleChar","79543CB6","SimpleChar:79543CB6","Malfunctioning Cleaning Robot","","","","","NpcPath","3596.979","51.7449989","783.935852","3596.02686","52.2449989","783.718872","","25","base_unknown=0;follow_type=1;follow_unknown=25","2","base_unknown=0;follow_type=1;follow_unknown=25;path_count=2;decoded_path_count=2",""
"2026-07-21T19:55:17.2043956Z","IN","279","FollowTarget","SimpleChar","797D36A5","SimpleChar:797D36A5","Malfunctioning Cleaning Robot","","","","","NpcPath","3596.81177","51.7449989","788.208923","3596.05518","51.7449989","788.482483","","25","base_unknown=0;follow_type=1;follow_unknown=25","2","base_unknown=0;follow_type=1;follow_unknown=25;path_count=2;decoded_path_count=2",""
"2026-07-21T19:55:17.6841019Z","IN","284","FollowTarget","SimpleChar","79543CB6","SimpleChar:79543CB6","Malfunctioning Cleaning Robot","","","","","NpcPath","3596.979","51.7449989","783.935852","3596.10522","51.7449989","783.924805","","25","base_unknown=0;follow_type=1;follow_unknown=25","2","base_unknown=0;follow_type=1;follow_unknown=25;path_count=2;decoded_path_count=2",""
"2026-07-21T19:55:17.6841019Z","IN","283","FollowTarget","SimpleChar","797D36A5","SimpleChar:797D36A5","Malfunctioning Cleaning Robot","","","","","NpcPath","3596.81177","51.7449989","788.208923","3596.02661","52.2449989","788.424438","","25","base_unknown=0;follow_type=1;follow_unknown=25","2","base_unknown=0;follow_type=1;follow_unknown=25;path_count=2;decoded_path_count=2",""
"2026-07-21T19:55:17.6841019Z","IN","287","FollowTarget","SimpleChar","79866560","SimpleChar:79866560","Malfunctioning Cleaning Robot","","","","","NpcPath","3600.13599","51.9249954","787.586487","3599.24658","52.5","786.828979","","24","base_unknown=0;follow_type=1;follow_unknown=24","2","base_unknown=0;follow_type=1;follow_unknown=24;path_count=2;decoded_path_count=2",""
"2026-07-21T19:55:17.6841019Z","IN","285","FollowTarget","SimpleChar","79866565","SimpleChar:79866565","Malfunctioning Cleaning Robot","","","","","NpcPath","3594.17407","51.7449989","799.059143","3601.70068","52.5","787.978455","","24","base_unknown=0;follow_type=1;follow_unknown=24","2","base_unknown=0;follow_type=1;follow_unknown=24;path_count=2;decoded_path_count=2",""
"2026-07-21T19:55:17.6851019Z","IN","290","FollowTarget","SimpleChar","79543CB6","SimpleChar:79543CB6","Malfunctioning Cleaning Robot","","","","","NpcPath","3596.979","51.7449989","783.935852","3596.0188","52.2449989","783.710266","","25","base_unknown=0;follow_type=1;follow_unknown=25","2","base_unknown=0;follow_type=1;follow_unknown=25;path_count=2;decoded_path_count=2",""
"2026-07-21T19:55:17.6851019Z","IN","289","FollowTarget","SimpleChar","797D36A5","SimpleChar:797D36A5","Malfunctioning Cleaning Robot","","","","","NpcPath","3596.81177","51.7449989","788.208923","3596.0437","52.2449989","788.455444","","25","base_unknown=0;follow_type=1;follow_unknown=25","2","base_unknown=0;follow_type=1;follow_unknown=25;path_count=2;decoded_path_count=2",""
"2026-07-21T19:55:17.8999678Z","IN","292","FollowTarget","SimpleChar","79543CB6","SimpleChar:79543CB6","Malfunctioning Cleaning Robot","","","","","NpcPath","3596.979","51.7449989","783.935852","3596.10522","52.2449989","783.922546","","25","base_unknown=0;follow_type=1;follow_unknown=25","2","base_unknown=0;follow_type=1;follow_unknown=25;path_count=2;decoded_path_count=2",""
"2026-07-21T19:55:17.8999678Z","IN","291","FollowTarget","SimpleChar","797D36A5","SimpleChar:797D36A5","Malfunctioning Cleaning Robot","","","","","NpcPath","3596.81177","51.7449989","788.208923","3596.05518","51.7449989","788.482483","","25","base_unknown=0;follow_type=1;follow_unknown=25","2","base_unknown=0;follow_type=1;follow_unknown=25;path_count=2;decoded_path_count=2",""
"2026-07-21T19:55:17.8999678Z","IN","293","FollowTarget","SimpleChar","79866560","SimpleChar:79866560","Malfunctioning Cleaning Robot","","","","","NpcPath","3599.98706","51.9249954","787.459778","3599.2644","52.5","786.858398","","24","base_unknown=0;follow_type=1;follow_unknown=24","2","base_unknown=0;follow_type=1;follow_unknown=24;path_count=2;decoded_path_count=2",""
"2026-07-21T19:55:18.0938471Z","IN","295","FollowTarget","SimpleChar","79543CB6","SimpleChar:79543CB6","Malfunctioning Cleaning Robot","","","","","NpcPath","3596.979","51.7449989","783.935852","3596.10522","51.7449989","783.924805","","25","base_unknown=0;follow_type=1;follow_unknown=25","2","base_unknown=0;follow_type=1;follow_unknown=25;path_count=2;decoded_path_count=2",""
"2026-07-21T19:55:18.0938471Z","IN","294","FollowTarget","SimpleChar","797D36A5","SimpleChar:797D36A5","Malfunctioning Cleaning Robot","","","","","NpcPath","3596.81177","51.7449989","788.208923","3596.02051","52.2449989","788.4151","","25","base_unknown=0;follow_type=1;follow_unknown=25","2","base_unknown=0;follow_type=1;follow_unknown=25;path_count=2;decoded_path_count=2",""
"2026-07-21T19:55:18.0938471Z","IN","296","FollowTarget","SimpleChar","79866560","SimpleChar:79866560","Malfunctioning Cleaning Robot","","","","","NpcPath","3599.98706","51.9249954","787.459778","3599.15063","52.5","786.740601","","24","base_unknown=0;follow_type=1;follow_unknown=24","2","base_unknown=0;follow_type=1;follow_unknown=24;path_count=2;decoded_path_count=2",""
"2026-07-21T19:55:18.5095929Z","IN","305","FollowTarget","SimpleChar","79543CB6","SimpleChar:79543CB6","Malfunctioning Cleaning Robot","","","","","NpcPath","3596.979","51.7449989","783.935852","3596.10498","52.2449989","783.9328","","25","base_unknown=0;follow_type=1;follow_unknown=25","2","base_unknown=0;follow_type=1;follow_unknown=25;path_count=2;decoded_path_count=2",""
"2026-07-21T19:55:18.5095929Z","IN","307","FollowTarget","SimpleChar","79543CB6","SimpleChar:79543CB6","Malfunctioning Cleaning Robot","","","","","NpcPath","3596.979","51.7449989","783.935852","3596.0498","52.2449989","783.747253","","25","base_unknown=0;follow_type=1;follow_unknown=25","2","base_unknown=0;follow_type=1;follow_unknown=25;path_count=2;decoded_path_count=2",""
"2026-07-21T19:55:18.5095929Z","IN","304","FollowTarget","SimpleChar","797D36A5","SimpleChar:797D36A5","Malfunctioning Cleaning Robot","","","","","NpcPath","3596.81177","51.7449989","788.208923","3596.05518","51.7449989","788.482483","","25","base_unknown=0;follow_type=1;follow_unknown=25","2","base_unknown=0;follow_type=1;follow_unknown=25;path_count=2;decoded_path_count=2",""
"2026-07-21T19:55:18.5095929Z","IN","306","FollowTarget","SimpleChar","797D36A5","SimpleChar:797D36A5","Malfunctioning Cleaning Robot","","","","","NpcPath","3596.81177","51.7449989","788.208923","3596.05518","51.7449989","788.482483","","25","base_unknown=0;follow_type=1;follow_unknown=25","2","base_unknown=0;follow_type=1;follow_unknown=25;path_count=2;decoded_path_count=2",""
"2026-07-21T19:55:18.7114683Z","IN","309","FollowTarget","SimpleChar","79543CB6","SimpleChar:79543CB6","Malfunctioning Cleaning Robot","","","","","NpcPath","3596.979","51.7449989","783.935852","3596.07275","52.2449989","784.056763","","25","base_unknown=0;follow_type=1;follow_unknown=25","2","base_unknown=0;follow_type=1;follow_unknown=25;path_count=2;decoded_path_count=2",""
"2026-07-21T19:55:18.7114683Z","IN","308","FollowTarget","SimpleChar","797D36A5","SimpleChar:797D36A5","Malfunctioning Cleaning Robot","","","","","NpcPath","3596.81177","51.7449989","788.208923","3596.05518","51.7449989","788.482483","","25","base_unknown=0;follow_type=1;follow_unknown=25","2","base_unknown=0;follow_type=1;follow_unknown=25;path_count=2;decoded_path_count=2",""
"2026-07-21T19:55:18.9153405Z","IN","313","FollowTarget","SimpleChar","79543CB6","SimpleChar:79543CB6","Malfunctioning Cleaning Robot","","","","","NpcPath","3596.979","51.7449989","783.935852","3596.09375","52.2449989","784.003113","","25","base_unknown=0;follow_type=1;follow_unknown=25","2","base_unknown=0;follow_type=1;follow_unknown=25;path_count=2;decoded_path_count=2",""
"2026-07-21T19:55:18.9153405Z","IN","312","FollowTarget","SimpleChar","797D36A5","SimpleChar:797D36A5","Malfunctioning Cleaning Robot","","","","","NpcPath","3596.81177","51.7449989","788.208923","3596.05518","51.7449989","788.482483","","25","base_unknown=0;follow_type=1;follow_unknown=25","2","base_unknown=0;follow_type=1;follow_unknown=25;path_count=2;decoded_path_count=2",""
"2026-07-21T19:55:19.1222151Z","IN","317","FollowTarget","SimpleChar","79543CB6","SimpleChar:79543CB6","Malfunctioning Cleaning Robot","","","","","NpcPath","3596.979","51.7449989","783.935852","3596.02124","52.2449989","783.713013","","25","base_unknown=0;follow_type=1;follow_unknown=25","2","base_unknown=0;follow_type=1;follow_unknown=25;path_count=2;decoded_path_count=2",""
"2026-07-21T19:55:19.1222151Z","IN","316","FollowTarget","SimpleChar","797D36A5","SimpleChar:797D36A5","Malfunctioning Cleaning Robot","","","","","NpcPath","3596.81177","51.7449989","788.208923","3596.06494","52.2449989","788.51532","","25","base_unknown=0;follow_type=1;follow_unknown=25","2","base_unknown=0;follow_type=1;follow_unknown=25;path_count=2;decoded_path_count=2",""
"2026-07-21T19:55:19.3230919Z","IN","327","FollowTarget","SimpleChar","797D36A5","SimpleChar:797D36A5","Malfunctioning Cleaning Robot","","","","","NpcPath","3596.81177","51.7449989","788.208923","3596.05518","51.7449989","788.482483","","25","base_unknown=0;follow_type=1;follow_unknown=25","2","base_unknown=0;follow_type=1;follow_unknown=25;path_count=2;decoded_path_count=2",""
"2026-07-21T19:55:19.3240897Z","IN","328","FollowTarget","SimpleChar","79543CB6","SimpleChar:79543CB6","Malfunctioning Cleaning Robot","","","","","NpcPath","3596.979","51.7449989","783.935852","3596.10522","51.7449989","783.924805","","25","base_unknown=0;follow_type=1;follow_unknown=25","2","base_unknown=0;follow_type=1;follow_unknown=25;path_count=2;decoded_path_count=2",""
"2026-07-21T19:55:19.7508274Z","IN","333","FollowTarget","SimpleChar","797D36A5","SimpleChar:797D36A5","Malfunctioning Cleaning Robot","","","","","NpcPath","3596.81177","51.7449989","788.208923","3596.06348","52.2449989","788.509277","","25","base_unknown=0;follow_type=1;follow_unknown=25","2","base_unknown=0;follow_type=1;follow_unknown=25;path_count=2;decoded_path_count=2",""
"2026-07-21T19:55:19.7518268Z","IN","334","FollowTarget","SimpleChar","79543CB6","SimpleChar:79543CB6","Malfunctioning Cleaning Robot","","","","","NpcPath","3596.979","51.7449989","783.935852","3596.10522","51.7449989","783.924805","","25","base_unknown=0;follow_type=1;follow_unknown=25","2","base_unknown=0;follow_type=1;follow_unknown=25;path_count=2;decoded_path_count=2",""
"2026-07-21T19:55:20.0486437Z","IN","337","FollowTarget","SimpleChar","797D36A5","SimpleChar:797D36A5","Malfunctioning Cleaning Robot","","","","","NpcPath","3596.81177","51.7449989","788.208923","3596.06104","52.2449989","788.667969","","25","base_unknown=0;follow_type=1;follow_unknown=25","2","base_unknown=0;follow_type=1;follow_unknown=25;path_count=2;decoded_path_count=2",""
"2026-07-21T19:55:20.0496432Z","IN","338","FollowTarget","SimpleChar","79543CB6","SimpleChar:79543CB6","Malfunctioning Cleaning Robot","","","","","NpcPath","3596.979","51.7449989","783.935852","3596.02856","52.2449989","784.121155","","25","base_unknown=0;follow_type=1;follow_unknown=25","2","base_unknown=0;follow_type=1;follow_unknown=25;path_count=2;decoded_path_count=2",""
"2026-07-21T19:55:20.0496432Z","IN","345","FollowTarget","SimpleChar","79543CB6","SimpleChar:79543CB6","Malfunctioning Cleaning Robot","","","","","NpcPath","3596.979","51.7449989","783.935852","3596.09668","52.2449989","783.991943","","25","base_unknown=0;follow_type=1;follow_unknown=25","2","base_unknown=0;follow_type=1;follow_unknown=25;path_count=2;decoded_path_count=2",""
"2026-07-21T19:55:20.0496432Z","IN","342","FollowTarget","SimpleChar","797D36A5","SimpleChar:797D36A5","Malfunctioning Cleaning Robot","","","","","NpcPath","3596.81177","51.7449989","788.208923","3596.05518","51.7449989","788.482483","","25","base_unknown=0;follow_type=1;follow_unknown=25","2","base_unknown=0;follow_type=1;follow_unknown=25;path_count=2;decoded_path_count=2",""
"2026-07-21T19:55:20.0496432Z","IN","344","FollowTarget","SimpleChar","79866547","SimpleChar:79866547","Malfunctioning Cleaning Robot","","","","","NpcPath","3597.6626","51.7449989","772.967896","3597.18408","52.5","772.236816","","24","base_unknown=0;follow_type=1;follow_unknown=24","2","base_unknown=0;follow_type=1;follow_unknown=24;path_count=2;decoded_path_count=2",""
"2026-07-21T19:55:20.2615103Z","IN","354","FollowTarget","SimpleChar","79543CB6","SimpleChar:79543CB6","Malfunctioning Cleaning Robot","","","","","NpcPath","3596.979","51.7449989","783.935852","3596.10522","51.7449989","783.924805","","25","base_unknown=0;follow_type=1;follow_unknown=25","2","base_unknown=0;follow_type=1;follow_unknown=25;path_count=2;decoded_path_count=2",""
"2026-07-21T19:55:20.2615103Z","IN","352","FollowTarget","SimpleChar","797D36A5","SimpleChar:797D36A5","Malfunctioning Cleaning Robot","","","","","NpcPath","3596.81177","51.7449989","788.208923","3596.05518","51.7449989","788.482483","","25","base_unknown=0;follow_type=1;follow_unknown=25","2","base_unknown=0;follow_type=1;follow_unknown=25;path_count=2;decoded_path_count=2",""
"2026-07-21T19:55:20.2615103Z","IN","353","FollowTarget","SimpleChar","79866547","SimpleChar:79866547","Malfunctioning Cleaning Robot","","","","","NpcPath","3597.6626","51.7449989","772.967896","3597.27979","52.5","771.891968","","24","base_unknown=0;follow_type=1;follow_unknown=24","2","base_unknown=0;follow_type=1;follow_unknown=24;path_count=2;decoded_path_count=2",""
"2026-07-21T19:55:20.4863737Z","IN","356","FollowTarget","SimpleChar","79543CB6","SimpleChar:79543CB6","Malfunctioning Cleaning Robot","","","","","NpcPath","3596.979","51.7449989","783.935852","3596.02881","52.2449989","783.721008","","25","base_unknown=0;follow_type=1;follow_unknown=25","2","base_unknown=0;follow_type=1;follow_unknown=25;path_count=2;decoded_path_count=2",""
"2026-07-21T19:55:20.4863737Z","IN","355","FollowTarget","SimpleChar","797D36A5","SimpleChar:797D36A5","Malfunctioning Cleaning Robot","","","","","NpcPath","3596.81177","51.7449989","788.208923","3596.02441","52.2449989","788.747986","","25","base_unknown=0;follow_type=1;follow_unknown=25","2","base_unknown=0;follow_type=1;follow_unknown=25;path_count=2;decoded_path_count=2",""
"2026-07-21T19:55:20.6932465Z","IN","362","FollowTarget","SimpleChar","79543CB6","SimpleChar:79543CB6","Malfunctioning Cleaning Robot","","","","","NpcPath","3596.979","51.7449989","783.935852","3596.10522","51.7449989","783.924805","","25","base_unknown=0;follow_type=1;follow_unknown=25","2","base_unknown=0;follow_type=1;follow_unknown=25;path_count=2;decoded_path_count=2",""
"2026-07-21T19:55:20.6932465Z","IN","360","FollowTarget","SimpleChar","797D36A5","SimpleChar:797D36A5","Malfunctioning Cleaning Robot","","","","","NpcPath","3596.81177","51.7449989","788.208923","3596.00879","52.2449989","788.398926","","25","base_unknown=0;follow_type=1;follow_unknown=25","2","base_unknown=0;follow_type=1;follow_unknown=25;path_count=2;decoded_path_count=2",""
"2026-07-21T19:55:20.6932465Z","IN","361","FollowTarget","SimpleChar","79866547","SimpleChar:79866547","Malfunctioning Cleaning Robot","","","","","NpcPath","3597.61401","51.7449989","772.831238","3596.8291","52.5","772.246521","","24","base_unknown=0;follow_type=1;follow_unknown=24","2","base_unknown=0;follow_type=1;follow_unknown=24;path_count=2;decoded_path_count=2",""
"2026-07-21T19:55:20.8861251Z","IN","365","FollowTarget","SimpleChar","797D36A5","SimpleChar:797D36A5","Malfunctioning Cleaning Robot","","","","","NpcPath","3596.81177","51.7449989","788.208923","3596.05518","51.7449989","788.482483","","25","base_unknown=0;follow_type=1;follow_unknown=25","2","base_unknown=0;follow_type=1;follow_unknown=25;path_count=2;decoded_path_count=2",""
"2026-07-21T19:55:20.8871243Z","IN","367","FollowTarget","SimpleChar","79543CB6","SimpleChar:79543CB6","Malfunctioning Cleaning Robot","","","","","NpcPath","3596.979","51.7449989","783.935852","3596.05615","52.2449989","784.085266","","25","base_unknown=0;follow_type=1;follow_unknown=25","2","base_unknown=0;follow_type=1;follow_unknown=25;path_count=2;decoded_path_count=2",""
"2026-07-21T19:55:20.8871243Z","IN","366","FollowTarget","SimpleChar","79866547","SimpleChar:79866547","Malfunctioning Cleaning Robot","","","","","NpcPath","3597.61401","51.7449989","772.831238","3597.03613","52.5","772.297852","","24","base_unknown=0;follow_type=1;follow_unknown=24","2","base_unknown=0;follow_type=1;follow_unknown=24;path_count=2;decoded_path_count=2",""
"2026-07-21T19:55:21.1309750Z","IN","372","FollowTarget","SimpleChar","79543CB6","SimpleChar:79543CB6","Malfunctioning Cleaning Robot","","","","","NpcPath","3596.979","51.7449989","783.935852","3596.10522","51.7449989","783.924805","","25","base_unknown=0;follow_type=1;follow_unknown=25","2","base_unknown=0;follow_type=1;follow_unknown=25;path_count=2;decoded_path_count=2",""
"2026-07-21T19:55:21.1309750Z","IN","370","FollowTarget","SimpleChar","797D36A5","SimpleChar:797D36A5","Malfunctioning Cleaning Robot","","","","","NpcPath","3596.81177","51.7449989","788.208923","3596.05908","52.2449989","788.674438","","25","base_unknown=0;follow_type=1;follow_unknown=25","2","base_unknown=0;follow_type=1;follow_unknown=25;path_count=2;decoded_path_count=2",""
"2026-07-21T19:55:21.1309750Z","IN","371","FollowTarget","SimpleChar","79866547","SimpleChar:79866547","Malfunctioning Cleaning Robot","","","","","NpcPath","3597.61401","51.7449989","772.831238","3597.24219","52.5","771.822998","","24","base_unknown=0;follow_type=1;follow_unknown=24","2","base_unknown=0;follow_type=1;follow_unknown=24;path_count=2;decoded_path_count=2",""
"2026-07-21T19:55:21.5627088Z","IN","385","FollowTarget","SimpleChar","79543CB6","SimpleChar:79543CB6","Malfunctioning Cleaning Robot","","","","","NpcPath","3596.979","51.7449989","783.935852","3596.10522","51.7449989","783.924805","","25","base_unknown=0;follow_type=1;follow_unknown=25","2","base_unknown=0;follow_type=1;follow_unknown=25;path_count=2;decoded_path_count=2",""
"2026-07-21T19:55:21.5627088Z","IN","387","FollowTarget","SimpleChar","79543CB6","SimpleChar:79543CB6","Malfunctioning Cleaning Robot","","","","","NpcPath","3596.979","51.7449989","783.935852","3596.04077","52.2449989","783.735291","","25","base_unknown=0;follow_type=1;follow_unknown=25","2","base_unknown=0;follow_type=1;follow_unknown=25;path_count=2;decoded_path_count=2",""
"2026-07-21T19:55:21.5627088Z","IN","384","FollowTarget","SimpleChar","797D36A5","SimpleChar:797D36A5","Malfunctioning Cleaning Robot","","","","","NpcPath","3596.81177","51.7449989","788.208923","3596.05518","51.7449989","788.482483","","25","base_unknown=0;follow_type=1;follow_unknown=25","2","base_unknown=0;follow_type=1;follow_unknown=25;path_count=2;decoded_path_count=2",""
"2026-07-21T19:55:21.5627088Z","IN","386","FollowTarget","SimpleChar","797D36A5","SimpleChar:797D36A5","Malfunctioning Cleaning Robot","","","","","NpcPath","3596.81177","51.7449989","788.208923","3596.05518","51.7449989","788.482483","","25","base_unknown=0;follow_type=1;follow_unknown=25","2","base_unknown=0;follow_type=1;follow_unknown=25;path_count=2;decoded_path_count=2",""
"2026-07-21T19:55:21.7585885Z","IN","389","FollowTarget","SimpleChar","79543CB6","SimpleChar:79543CB6","Malfunctioning Cleaning Robot","","","","","NpcPath","3596.979","51.7449989","783.935852","3596.10522","51.7449989","783.924805","","25","base_unknown=0;follow_type=1;follow_unknown=25","2","base_unknown=0;follow_type=1;follow_unknown=25;path_count=2;decoded_path_count=2",""
"2026-07-21T19:55:21.7585885Z","IN","388","FollowTarget","SimpleChar","797D36A5","SimpleChar:797D36A5","Malfunctioning Cleaning Robot","","","","","NpcPath","3596.81177","51.7449989","788.208923","3596.05518","51.7449989","788.482483","","25","base_unknown=0;follow_type=1;follow_unknown=25","2","base_unknown=0;follow_type=1;follow_unknown=25;path_count=2;decoded_path_count=2",""
"2026-07-21T19:55:21.9574669Z","IN","390","FollowTarget","SimpleChar","797D36A5","SimpleChar:797D36A5","Malfunctioning Cleaning Robot","","","","","NpcPath","3596.81177","51.7449989","788.208923","3596.04517","52.2449989","788.458557","","25","base_unknown=0;follow_type=1;follow_unknown=25","2","base_unknown=0;follow_type=1;follow_unknown=25;path_count=2;decoded_path_count=2",""
"2026-07-21T19:55:21.9584663Z","IN","391","FollowTarget","SimpleChar","79543CB6","SimpleChar:79543CB6","Malfunctioning Cleaning Robot","","","","","NpcPath","3596.979","51.7449989","783.935852","3596.10522","51.7449989","783.924805","","25","base_unknown=0;follow_type=1;follow_unknown=25","2","base_unknown=0;follow_type=1;follow_unknown=25;path_count=2;decoded_path_count=2",""
"2026-07-21T19:55:21.9584663Z","IN","392","FollowTarget","SimpleChar","79866562","SimpleChar:79866562","Malfunctioning Cleaning Robot","","","","","NpcPath","3610.64941","52.1349983","778.958679","3610.92285","52.5","778.289917","","24","base_unknown=0;follow_type=1;follow_unknown=24","2","base_unknown=0;follow_type=1;follow_unknown=24;path_count=2;decoded_path_count=2",""
"2026-07-21T19:55:22.1633396Z","IN","394","FollowTarget","SimpleChar","79543CB6","SimpleChar:79543CB6","Malfunctioning Cleaning Robot","","","","","NpcPath","3596.979","51.7449989","783.935852","3596.10522","51.7449989","783.924805","","25","base_unknown=0;follow_type=1;follow_unknown=25","2","base_unknown=0;follow_type=1;follow_unknown=25;path_count=2;decoded_path_count=2",""
"2026-07-21T19:55:22.1633396Z","IN","393","FollowTarget","SimpleChar","797D36A5","SimpleChar:797D36A5","Malfunctioning Cleaning Robot","","","","","NpcPath","3596.81177","51.7449989","788.208923","3596.05518","51.7449989","788.482483","","25","base_unknown=0;follow_type=1;follow_unknown=25","2","base_unknown=0;follow_type=1;follow_unknown=25;path_count=2;decoded_path_count=2",""
"2026-07-21T19:55:22.1633396Z","IN","395","FollowTarget","SimpleChar","79866562","SimpleChar:79866562","Malfunctioning Cleaning Robot","","","","","NpcPath","3610.64941","52.1349983","778.958679","3610.70166","52.5","778.031738","","24","base_unknown=0;follow_type=1;follow_unknown=24","2","base_unknown=0;follow_type=1;follow_unknown=24;path_count=2;decoded_path_count=2",""
"2026-07-21T19:55:22.4361701Z","IN","400","FollowTarget","SimpleChar","79543CB6","SimpleChar:79543CB6","Malfunctioning Cleaning Robot","","","","","NpcPath","3596.979","51.7449989","783.935852","3596.10522","51.7449989","783.924805","","25","base_unknown=0;follow_type=1;follow_unknown=25","2","base_unknown=0;follow_type=1;follow_unknown=25;path_count=2;decoded_path_count=2",""
"2026-07-21T19:55:22.4361701Z","IN","399","FollowTarget","SimpleChar","797D36A5","SimpleChar:797D36A5","Malfunctioning Cleaning Robot","","","","","NpcPath","3596.81177","51.7449989","788.208923","3596.07227","52.2449989","788.60553","","25","base_unknown=0;follow_type=1;follow_unknown=25","2","base_unknown=0;follow_type=1;follow_unknown=25;path_count=2;decoded_path_count=2",""
"2026-07-21T19:55:22.4371709Z","IN","401","FollowTarget","SimpleChar","79866562","SimpleChar:79866562","Malfunctioning Cleaning Robot","","","","","NpcPath","3610.64941","52.1349983","778.958679","3610.74902","52.5","778.164185","","24","base_unknown=0;follow_type=1;follow_unknown=24","2","base_unknown=0;follow_type=1;follow_unknown=24;path_count=2;decoded_path_count=2",""
"2026-07-21T19:55:22.6320500Z","IN","405","FollowTarget","SimpleChar","79543CB6","SimpleChar:79543CB6","Malfunctioning Cleaning Robot","","","","","NpcPath","3596.979","51.7449989","783.935852","3596.10522","51.7449989","783.924805","","25","base_unknown=0;follow_type=1;follow_unknown=25","2","base_unknown=0;follow_type=1;follow_unknown=25;path_count=2;decoded_path_count=2",""
"2026-07-21T19:55:22.6320500Z","IN","404","FollowTarget","SimpleChar","797D36A5","SimpleChar:797D36A5","Malfunctioning Cleaning Robot","","","","","NpcPath","3596.81177","51.7449989","788.208923","3596.05518","51.7449989","788.482483","","25","base_unknown=0;follow_type=1;follow_unknown=25","2","base_unknown=0;follow_type=1;follow_unknown=25;path_count=2;decoded_path_count=2",""
"2026-07-21T19:55:22.6320500Z","IN","403","FollowTarget","SimpleChar","79866518","SimpleChar:79866518","Malfunctioning Cleaning Robot","","","","","NpcPath","3599.75732","51.7449989","787.622009","3610.80078","52.5","778.224243","","24","base_unknown=0;follow_type=1;follow_unknown=24","2","base_unknown=0;follow_type=1;follow_unknown=24;path_count=2;decoded_path_count=2",""
"2026-07-21T19:55:22.6320500Z","IN","406","FollowTarget","SimpleChar","79866562","SimpleChar:79866562","Malfunctioning Cleaning Robot","","","","","NpcPath","3610.64941","52.1349983","778.958679","3611.18408","52.5","778.236877","","24","base_unknown=0;follow_type=1;follow_unknown=24","2","base_unknown=0;follow_type=1;follow_unknown=24;path_count=2;decoded_path_count=2",""
"2026-07-21T19:55:22.8469182Z","IN","407","FollowTarget","SimpleChar","797D36A5","SimpleChar:797D36A5","Malfunctioning Cleaning Robot","","","","","NpcPath","3596.81177","51.7449989","788.208923","3596.05518","51.7449989","788.482483","","25","base_unknown=0;follow_type=1;follow_unknown=25","2","base_unknown=0;follow_type=1;follow_unknown=25;path_count=2;decoded_path_count=2",""
"2026-07-21T19:55:22.8479175Z","IN","408","FollowTarget","SimpleChar","79543CB6","SimpleChar:79543CB6","Malfunctioning Cleaning Robot","","","","","NpcPath","3596.979","51.7449989","783.935852","3596.10522","51.7449989","783.924805","","25","base_unknown=0;follow_type=1;follow_unknown=25","2","base_unknown=0;follow_type=1;follow_unknown=25;path_count=2;decoded_path_count=2",""
"2026-07-21T19:55:22.8479175Z","IN","409","FollowTarget","SimpleChar","79866562","SimpleChar:79866562","Malfunctioning Cleaning Robot","","","","","NpcPath","3610.64941","52.1349983","778.958679","3610.71338","52.5","777.911316","","24","base_unknown=0;follow_type=1;follow_unknown=24","2","base_unknown=0;follow_type=1;follow_unknown=24;path_count=2;decoded_path_count=2",""
"2026-07-21T19:55:23.0427951Z","IN","411","FollowTarget","SimpleChar","79543CB6","SimpleChar:79543CB6","Malfunctioning Cleaning Robot","","","","","NpcPath","3596.979","51.7449989","783.935852","3596.10449","52.2449989","783.940369","","25","base_unknown=0;follow_type=1;follow_unknown=25","2","base_unknown=0;follow_type=1;follow_unknown=25;path_count=2;decoded_path_count=2",""
"2026-07-21T19:55:23.0427951Z","IN","410","FollowTarget","SimpleChar","797D36A5","SimpleChar:797D36A5","Malfunctioning Cleaning Robot","","","","","NpcPath","3596.81177","51.7449989","788.208923","3596.05518","51.7449989","788.482483","","25","base_unknown=0;follow_type=1;follow_unknown=25","2","base_unknown=0;follow_type=1;follow_unknown=25;path_count=2;decoded_path_count=2",""
"2026-07-21T19:55:23.2896429Z","IN","418","FollowTarget","SimpleChar","79543CB6","SimpleChar:79543CB6","Malfunctioning Cleaning Robot","","","","","NpcPath","3596.979","51.7449989","783.935852","3596.10522","51.7449989","783.924805","","25","base_unknown=0;follow_type=1;follow_unknown=25","2","base_unknown=0;follow_type=1;follow_unknown=25;path_count=2;decoded_path_count=2",""
"2026-07-21T19:55:23.2896429Z","IN","417","FollowTarget","SimpleChar","797D36A5","SimpleChar:797D36A5","Malfunctioning Cleaning Robot","","","","","NpcPath","3596.81177","51.7449989","788.208923","3596.05518","51.7449989","788.482483","","25","base_unknown=0;follow_type=1;follow_unknown=25","2","base_unknown=0;follow_type=1;follow_unknown=25;path_count=2;decoded_path_count=2",""
"2026-07-21T19:55:23.5414899Z","IN","422","FollowTarget","SimpleChar","79543CB6","SimpleChar:79543CB6","Malfunctioning Cleaning Robot","","","","","NpcPath","3596.979","51.7449989","783.935852","3596.10522","51.7449989","783.924805","","25","base_unknown=0;follow_type=1;follow_unknown=25","2","base_unknown=0;follow_type=1;follow_unknown=25;path_count=2;decoded_path_count=2",""
"2026-07-21T19:55:23.5414899Z","IN","421","FollowTarget","SimpleChar","797D36A5","SimpleChar:797D36A5","Malfunctioning Cleaning Robot","","","","","NpcPath","3596.81177","51.7449989","788.208923","3596.05518","51.7449989","788.482483","","25","base_unknown=0;follow_type=1;follow_unknown=25","2","base_unknown=0;follow_type=1;follow_unknown=25;path_count=2;decoded_path_count=2",""
"2026-07-21T19:55:23.7463634Z","IN","425","FollowTarget","SimpleChar","79543CB6","SimpleChar:79543CB6","Malfunctioning Cleaning Robot","","","","","NpcPath","3596.979","51.7449989","783.935852","3596.10522","51.7449989","783.924805","","25","base_unknown=0;follow_type=1;follow_unknown=25","2","base_unknown=0;follow_type=1;follow_unknown=25;path_count=2;decoded_path_count=2",""
"2026-07-21T19:55:23.7463634Z","IN","423","FollowTarget","SimpleChar","797D36A5","SimpleChar:797D36A5","Malfunctioning Cleaning Robot","","","","","NpcPath","3596.81177","51.7449989","788.208923","3596.06592","52.2449989","788.519714","","25","base_unknown=0;follow_type=1;follow_unknown=25","2","base_unknown=0;follow_type=1;follow_unknown=25;path_count=2;decoded_path_count=2",""
"2026-07-21T19:55:23.9482376Z","IN","428","FollowTarget","SimpleChar","79543CB6","SimpleChar:79543CB6","Malfunctioning Cleaning Robot","","","","","NpcPath","3596.979","51.7449989","783.935852","3596.06006","52.2449989","783.762756","","25","base_unknown=0;follow_type=1;follow_unknown=25","2","base_unknown=0;follow_type=1;follow_unknown=25;path_count=2;decoded_path_count=2",""
"2026-07-21T19:55:23.9482376Z","IN","427","FollowTarget","SimpleChar","797D36A5","SimpleChar:797D36A5","Malfunctioning Cleaning Robot","","","","","NpcPath","3596.81177","51.7449989","788.208923","3596.0332","52.2449989","788.733887","","25","base_unknown=0;follow_type=1;follow_unknown=25","2","base_unknown=0;follow_type=1;follow_unknown=25;path_count=2;decoded_path_count=2",""
"2026-07-21T19:55:24.1405408Z","IN","430","FollowTarget","SimpleChar","79543CB6","SimpleChar:79543CB6","Malfunctioning Cleaning Robot","","","","","NpcPath","3596.979","51.7449989","783.935852","3596.10522","51.7449989","783.924805","","25","base_unknown=0;follow_type=1;follow_unknown=25","2","base_unknown=0;follow_type=1;follow_unknown=25;path_count=2;decoded_path_count=2",""
"2026-07-21T19:55:24.1405408Z","IN","429","FollowTarget","SimpleChar","797D36A5","SimpleChar:797D36A5","Malfunctioning Cleaning Robot","","","","","NpcPath","3596.81177","51.7449989","788.208923","3596.05518","51.7449989","788.482483","","25","base_unknown=0;follow_type=1;follow_unknown=25","2","base_unknown=0;follow_type=1;follow_unknown=25;path_count=2;decoded_path_count=2",""
"2026-07-21T19:55:24.5462916Z","IN","442","FollowTarget","SimpleChar","79543CB6","SimpleChar:79543CB6","Malfunctioning Cleaning Robot","","","","","NpcPath","3596.979","51.7449989","783.935852","3596.04028","52.2449989","784.1073","","25","base_unknown=0;follow_type=1;follow_unknown=25","2","base_unknown=0;follow_type=1;follow_unknown=25;path_count=2;decoded_path_count=2",""
"2026-07-21T19:55:24.5462916Z","IN","445","FollowTarget","SimpleChar","79543CB6","SimpleChar:79543CB6","Malfunctioning Cleaning Robot","","","","","NpcPath","3596.979","51.7449989","783.935852","3596.04834","52.2449989","784.096619","","25","base_unknown=0;follow_type=1;follow_unknown=25","2","base_unknown=0;follow_type=1;follow_unknown=25;path_count=2;decoded_path_count=2",""
"2026-07-21T19:55:24.5462916Z","IN","441","FollowTarget","SimpleChar","797D36A5","SimpleChar:797D36A5","Malfunctioning Cleaning Robot","","","","","NpcPath","3596.81177","51.7449989","788.208923","3596.05518","51.7449989","788.482483","","25","base_unknown=0;follow_type=1;follow_unknown=25","2","base_unknown=0;follow_type=1;follow_unknown=25;path_count=2;decoded_path_count=2",""
"2026-07-21T19:55:24.5462916Z","IN","444","FollowTarget","SimpleChar","797D36A5","SimpleChar:797D36A5","Malfunctioning Cleaning Robot","","","","","NpcPath","3596.81177","51.7449989","788.208923","3596.04736","52.2449989","788.705933","","25","base_unknown=0;follow_type=1;follow_unknown=25","2","base_unknown=0;follow_type=1;follow_unknown=25;path_count=2;decoded_path_count=2",""
"2026-07-21T19:55:24.7891402Z","IN","447","FollowTarget","SimpleChar","79543CB6","SimpleChar:79543CB6","Malfunctioning Cleaning Robot","","","","","NpcPath","3596.979","51.7449989","783.935852","3596.10522","51.7449989","783.924805","","25","base_unknown=0;follow_type=1;follow_unknown=25","2","base_unknown=0;follow_type=1;follow_unknown=25;path_count=2;decoded_path_count=2",""
"2026-07-21T19:55:24.7891402Z","IN","446","FollowTarget","SimpleChar","797D36A5","SimpleChar:797D36A5","Malfunctioning Cleaning Robot","","","","","NpcPath","3596.81177","51.7449989","788.208923","3596.06958","52.2449989","788.628906","","25","base_unknown=0;follow_type=1;follow_unknown=25","2","base_unknown=0;follow_type=1;follow_unknown=25;path_count=2;decoded_path_count=2",""
"2026-07-21T19:55:24.9980118Z","IN","451","FollowTarget","SimpleChar","79543CB6","SimpleChar:79543CB6","Malfunctioning Cleaning Robot","","","","","NpcPath","3596.979","51.7449989","783.935852","3596.0481","52.2449989","783.744934","","25","base_unknown=0;follow_type=1;follow_unknown=25","2","base_unknown=0;follow_type=1;follow_unknown=25;path_count=2;decoded_path_count=2",""
"2026-07-21T19:55:24.9980118Z","IN","449","FollowTarget","SimpleChar","797D36A5","SimpleChar:797D36A5","Malfunctioning Cleaning Robot","","","","","NpcPath","3596.81177","51.7449989","788.208923","3596.02344","52.2449989","788.749512","","25","base_unknown=0;follow_type=1;follow_unknown=25","2","base_unknown=0;follow_type=1;follow_unknown=25;path_count=2;decoded_path_count=2",""
"2026-07-21T19:55:25.1978881Z","IN","455","FollowTarget","SimpleChar","79543CB6","SimpleChar:79543CB6","Malfunctioning Cleaning Robot","","","","","NpcPath","3596.979","51.7449989","783.935852","3596.104","52.2449989","783.895081","","25","base_unknown=0;follow_type=1;follow_unknown=25","2","base_unknown=0;follow_type=1;follow_unknown=25;path_count=2;decoded_path_count=2",""
"2026-07-21T19:55:25.1978881Z","IN","453","FollowTarget","SimpleChar","797D36A5","SimpleChar:797D36A5","Malfunctioning Cleaning Robot","","","","","NpcPath","3596.81177","51.7449989","788.208923","3596.05518","51.7449989","788.482483","","25","base_unknown=0;follow_type=1;follow_unknown=25","2","base_unknown=0;follow_type=1;follow_unknown=25;path_count=2;decoded_path_count=2",""
"2026-07-21T19:55:25.1978881Z","IN","454","FollowTarget","SimpleChar","79866553","SimpleChar:79866553","Malfunctioning Cleaning Robot","","","","","NpcPath","3622.08081","51.7449989","798.122559","3622.73853","52.5","798.853027","","24","base_unknown=0;follow_type=1;follow_unknown=24","2","base_unknown=0;follow_type=1;follow_unknown=24;path_count=2;decoded_path_count=2",""
"2026-07-21T19:55:25.4007647Z","IN","461","FollowTarget","SimpleChar","79543CB6","SimpleChar:79543CB6","Malfunctioning Cleaning Robot","","","","","NpcPath","3596.979","51.7449989","783.935852","3596.10522","51.7449989","783.924805","","25","base_unknown=0;follow_type=1;follow_unknown=25","2","base_unknown=0;follow_type=1;follow_unknown=25;path_count=2;decoded_path_count=2",""
"2026-07-21T19:55:25.4007647Z","IN","459","FollowTarget","SimpleChar","797D36A5","SimpleChar:797D36A5","Malfunctioning Cleaning Robot","","","","","NpcPath","3596.81177","51.7449989","788.208923","3596.07056","52.2449989","788.621948","","25","base_unknown=0;follow_type=1;follow_unknown=25","2","base_unknown=0;follow_type=1;follow_unknown=25;path_count=2;decoded_path_count=2",""
"2026-07-21T19:55:25.4007647Z","IN","460","FollowTarget","SimpleChar","79866553","SimpleChar:79866553","Malfunctioning Cleaning Robot","","","","","NpcPath","3622.08081","51.7449989","798.122559","3622.83179","52.5","798.751587","","24","base_unknown=0;follow_type=1;follow_unknown=24","2","base_unknown=0;follow_type=1;follow_unknown=24;path_count=2;decoded_path_count=2",""
"2026-07-21T19:55:25.6376189Z","IN","464","FollowTarget","SimpleChar","79543CB6","SimpleChar:79543CB6","Malfunctioning Cleaning Robot","","","","","NpcPath","3596.979","51.7449989","783.935852","3596.10522","51.7449989","783.924805","","25","base_unknown=0;follow_type=1;follow_unknown=25","2","base_unknown=0;follow_type=1;follow_unknown=25;path_count=2;decoded_path_count=2",""
"2026-07-21T19:55:25.6376189Z","IN","462","FollowTarget","SimpleChar","797D36A5","SimpleChar:797D36A5","Malfunctioning Cleaning Robot","","","","","NpcPath","3596.81177","51.7449989","788.208923","3596.01563","52.2449989","788.760803","","25","base_unknown=0;follow_type=1;follow_unknown=25","2","base_unknown=0;follow_type=1;follow_unknown=25;path_count=2;decoded_path_count=2",""
"2026-07-21T19:55:25.6376189Z","IN","463","FollowTarget","SimpleChar","79866553","SimpleChar:79866553","Malfunctioning Cleaning Robot","","","","","NpcPath","3622.08081","51.7449989","798.122559","3623.05566","52.5","798.7052","","24","base_unknown=0;follow_type=1;follow_unknown=24","2","base_unknown=0;follow_type=1;follow_unknown=24;path_count=2;decoded_path_count=2",""
"2026-07-21T19:55:25.6376189Z","IN","465","FollowTarget","SimpleChar","7986655D","SimpleChar:7986655D","Malfunctioning Cleaning Robot","","","","","NpcPath","3597.56616","51.7449989","772.938416","3597.26538","52.5","772.140076","","24","base_unknown=0;follow_type=1;follow_unknown=24","2","base_unknown=0;follow_type=1;follow_unknown=24;path_count=2;decoded_path_count=2",""
"2026-07-21T19:55:25.8424911Z","IN","468","FollowTarget","SimpleChar","79543CB6","SimpleChar:79543CB6","Malfunctioning Cleaning Robot","","","","","NpcPath","3596.979","51.7449989","783.935852","3596.10522","51.7449989","783.924805","","25","base_unknown=0;follow_type=1;follow_unknown=25","2","base_unknown=0;follow_type=1;follow_unknown=25;path_count=2;decoded_path_count=2",""
"2026-07-21T19:55:25.8424911Z","IN","467","FollowTarget","SimpleChar","797D36A5","SimpleChar:797D36A5","Malfunctioning Cleaning Robot","","","","","NpcPath","3596.81177","51.7449989","788.208923","3596.06958","52.2449989","788.630066","","25","base_unknown=0;follow_type=1;follow_unknown=25","2","base_unknown=0;follow_type=1;follow_unknown=25;path_count=2;decoded_path_count=2",""
"2026-07-21T19:55:25.8424911Z","IN","469","FollowTarget","SimpleChar","7986655D","SimpleChar:7986655D","Malfunctioning Cleaning Robot","","","","","NpcPath","3597.56616","51.7449989","772.938416","3597.03662","52.5","772.297729","","24","base_unknown=0;follow_type=1;follow_unknown=24","2","base_unknown=0;follow_type=1;follow_unknown=24;path_count=2;decoded_path_count=2",""
"2026-07-21T19:55:26.2572356Z","IN","476","FollowTarget","SimpleChar","79543CB6","SimpleChar:79543CB6","Malfunctioning Cleaning Robot","","","","","NpcPath","3596.979","51.7449989","783.935852","3596.10522","51.7449989","783.924805","","25","base_unknown=0;follow_type=1;follow_unknown=25","2","base_unknown=0;follow_type=1;follow_unknown=25;path_count=2;decoded_path_count=2",""
"2026-07-21T19:55:26.2572356Z","IN","474","FollowTarget","SimpleChar","797D36A5","SimpleChar:797D36A5","Malfunctioning Cleaning Robot","","","","","NpcPath","3596.81177","51.7449989","788.208923","3596.05518","51.7449989","788.482483","","25","base_unknown=0;follow_type=1;follow_unknown=25","2","base_unknown=0;follow_type=1;follow_unknown=25;path_count=2;decoded_path_count=2",""
"2026-07-21T19:55:26.2572356Z","IN","475","FollowTarget","SimpleChar","79866553","SimpleChar:79866553","Malfunctioning Cleaning Robot","","","","","NpcPath","3622.20654","51.7449989","798.19751","3622.80591","52.5","798.77124","","24","base_unknown=0;follow_type=1;follow_unknown=24","2","base_unknown=0;follow_type=1;follow_unknown=24;path_count=2;decoded_path_count=2",""
"2026-07-21T19:55:26.2572356Z","IN","478","FollowTarget","SimpleChar","7986655D","SimpleChar:7986655D","Malfunctioning Cleaning Robot","","","","","NpcPath","3597.56616","51.7449989","772.938416","3597.1167","52.5","772.276428","","24","base_unknown=0;follow_type=1;follow_unknown=24","2","base_unknown=0;follow_type=1;follow_unknown=24;path_count=2;decoded_path_count=2",""
"2026-07-21T19:55:26.2572356Z","IN","477","FollowTarget","SimpleChar","79866560","SimpleChar:79866560","Malfunctioning Cleaning Robot","","","","","NpcPath","3599.89038","51.9249954","787.376831","3622.73657","52.5","799.143433","","24","base_unknown=0;follow_type=1;follow_unknown=24","2","base_unknown=0;follow_type=1;follow_unknown=24;path_count=2;decoded_path_count=2",""
"2026-07-21T19:55:26.4591114Z","IN","486","FollowTarget","SimpleChar","79543CB6","SimpleChar:79543CB6","Malfunctioning Cleaning Robot","","","","","NpcPath","3596.979","51.7449989","783.935852","3596.10522","51.7449989","783.924805","","25","base_unknown=0;follow_type=1;follow_unknown=25","2","base_unknown=0;follow_type=1;follow_unknown=25;path_count=2;decoded_path_count=2",""
"2026-07-21T19:55:26.4591114Z","IN","484","FollowTarget","SimpleChar","797D36A5","SimpleChar:797D36A5","Malfunctioning Cleaning Robot","","","","","NpcPath","3596.81177","51.7449989","788.208923","3596.04297","52.2449989","788.453796","","25","base_unknown=0;follow_type=1;follow_unknown=25","2","base_unknown=0;follow_type=1;follow_unknown=25;path_count=2;decoded_path_count=2",""
"2026-07-21T19:55:26.4591114Z","IN","485","FollowTarget","SimpleChar","79866553","SimpleChar:79866553","Malfunctioning Cleaning Robot","","","","","NpcPath","3622.20654","51.7449989","798.19751","3622.72754","52.5","798.874512","","24","base_unknown=0;follow_type=1;follow_unknown=24","2","base_unknown=0;follow_type=1;follow_unknown=24;path_count=2;decoded_path_count=2",""
"2026-07-21T19:55:26.4591114Z","IN","488","FollowTarget","SimpleChar","7986655D","SimpleChar:7986655D","Malfunctioning Cleaning Robot","","","","","NpcPath","3597.56616","51.7449989","772.938416","3596.74829","52.5","772.16333","","24","base_unknown=0;follow_type=1;follow_unknown=24","2","base_unknown=0;follow_type=1;follow_unknown=24;path_count=2;decoded_path_count=2",""
"2026-07-21T19:55:26.4591114Z","IN","487","FollowTarget","SimpleChar","79866565","SimpleChar:79866565","Malfunctioning Cleaning Robot","","","","","NpcPath","3601.14893","52.1349983","788.790527","3602.07837","52.5","788.289551","","24","base_unknown=0;follow_type=1;follow_unknown=24","2","base_unknown=0;follow_type=1;follow_unknown=24;path_count=2;decoded_path_count=2",""
"2026-07-21T19:55:26.7189518Z","IN","493","FollowTarget","SimpleChar","79543CB6","SimpleChar:79543CB6","Malfunctioning Cleaning Robot","","","","","NpcPath","3596.979","51.7449989","783.935852","3596.08203","52.2449989","783.805481","","25","base_unknown=0;follow_type=1;follow_unknown=25","2","base_unknown=0;follow_type=1;follow_unknown=25;path_count=2;decoded_path_count=2",""
"2026-07-21T19:55:26.7189518Z","IN","491","FollowTarget","SimpleChar","797D36A5","SimpleChar:797D36A5","Malfunctioning Cleaning Robot","","","","","NpcPath","3596.81177","51.7449989","788.208923","3596.05518","51.7449989","788.482483","","25","base_unknown=0;follow_type=1;follow_unknown=25","2","base_unknown=0;follow_type=1;follow_unknown=25;path_count=2;decoded_path_count=2",""
"2026-07-21T19:55:26.7189518Z","IN","495","FollowTarget","SimpleChar","797D36A5","SimpleChar:797D36A5","Malfunctioning Cleaning Robot","","","","","NpcPath","3596.81177","51.7449989","788.208923","3596.05518","51.7449989","788.482483","","25","base_unknown=0;follow_type=1;follow_unknown=25","2","base_unknown=0;follow_type=1;follow_unknown=25;path_count=2;decoded_path_count=2",""
"2026-07-21T19:55:26.7189518Z","IN","492","FollowTarget","SimpleChar","79866553","SimpleChar:79866553","Malfunctioning Cleaning Robot","","","","","NpcPath","3622.20654","51.7449989","798.19751","3622.70361","52.5","798.953064","","24","base_unknown=0;follow_type=1;follow_unknown=24","2","base_unknown=0;follow_type=1;follow_unknown=24;path_count=2;decoded_path_count=2",""
"2026-07-21T19:55:26.7189518Z","IN","496","FollowTarget","SimpleChar","79866553","SimpleChar:79866553","Malfunctioning Cleaning Robot","","","","","NpcPath","3622.20654","51.7449989","798.19751","3622.75146","52.5","799.168091","","24","base_unknown=0;follow_type=1;follow_unknown=24","2","base_unknown=0;follow_type=1;follow_unknown=24;path_count=2;decoded_path_count=2",""
"2026-07-21T19:55:26.7199511Z","IN","497","FollowTarget","SimpleChar","79543CB6","SimpleChar:79543CB6","Malfunctioning Cleaning Robot","","","","","NpcPath","3596.979","51.7449989","783.935852","3596.10522","51.7449989","783.924805","","25","base_unknown=0;follow_type=1;follow_unknown=25","2","base_unknown=0;follow_type=1;follow_unknown=25;path_count=2;decoded_path_count=2",""
"2026-07-21T19:55:26.7199511Z","IN","498","FollowTarget","SimpleChar","79866565","SimpleChar:79866565","Malfunctioning Cleaning Robot","","","","","NpcPath","3601.21118","52.1349983","788.75708","3601.86743","52.5","788.269165","","24","base_unknown=0;follow_type=1;follow_unknown=24","2","base_unknown=0;follow_type=1;follow_unknown=24;path_count=2;decoded_path_count=2",""
"2026-07-21T19:55:26.9108315Z","IN","501","FollowTarget","SimpleChar","79543CB6","SimpleChar:79543CB6","Malfunctioning Cleaning Robot","","","","","NpcPath","3596.979","51.7449989","783.935852","3596.10522","51.7449989","783.924805","","25","base_unknown=0;follow_type=1;follow_unknown=25","2","base_unknown=0;follow_type=1;follow_unknown=25;path_count=2;decoded_path_count=2",""
"2026-07-21T19:55:26.9108315Z","IN","500","FollowTarget","SimpleChar","797D36A5","SimpleChar:797D36A5","Malfunctioning Cleaning Robot","","","","","NpcPath","3596.81177","51.7449989","788.208923","3596.05518","51.7449989","788.482483","","25","base_unknown=0;follow_type=1;follow_unknown=25","2","base_unknown=0;follow_type=1;follow_unknown=25;path_count=2;decoded_path_count=2",""
"2026-07-21T19:55:26.9108315Z","IN","502","FollowTarget","SimpleChar","79866565","SimpleChar:79866565","Malfunctioning Cleaning Robot","","","","","NpcPath","3601.21118","52.1349983","788.75708","3601.71875","52.5","788.104248","","24","base_unknown=0;follow_type=1;follow_unknown=24","2","base_unknown=0;follow_type=1;follow_unknown=24;path_count=2;decoded_path_count=2",""
"2026-07-21T19:55:27.3295755Z","IN","507","FollowTarget","SimpleChar","79543CB6","SimpleChar:79543CB6","Malfunctioning Cleaning Robot","","","","","NpcPath","3596.979","51.7449989","783.935852","3596.05884","52.2449989","784.081177","","25","base_unknown=0;follow_type=1;follow_unknown=25","2","base_unknown=0;follow_type=1;follow_unknown=25;path_count=2;decoded_path_count=2",""
"2026-07-21T19:55:27.3295755Z","IN","505","FollowTarget","SimpleChar","797D36A5","SimpleChar:797D36A5","Malfunctioning Cleaning Robot","","","","","NpcPath","3596.81177","51.7449989","788.208923","3596.05518","51.7449989","788.482483","","25","base_unknown=0;follow_type=1;follow_unknown=25","2","base_unknown=0;follow_type=1;follow_unknown=25;path_count=2;decoded_path_count=2",""
"2026-07-21T19:55:27.3295755Z","IN","506","FollowTarget","SimpleChar","79866553","SimpleChar:79866553","Malfunctioning Cleaning Robot","","","","","NpcPath","3622.26807","51.7449989","798.306946","3622.77612","52.5","799.199646","","24","base_unknown=0;follow_type=1;follow_unknown=24","2","base_unknown=0;follow_type=1;follow_unknown=24;path_count=2;decoded_path_count=2",""
"2026-07-21T19:55:27.3295755Z","IN","508","FollowTarget","SimpleChar","79866565","SimpleChar:79866565","Malfunctioning Cleaning Robot","","","","","NpcPath","3601.21118","52.1349983","788.75708","3601.73779","52.5","787.854187","","24","base_unknown=0;follow_type=1;follow_unknown=24","2","base_unknown=0;follow_type=1;follow_unknown=24;path_count=2;decoded_path_count=2",""
"2026-07-21T19:55:27.5623287Z","IN","516","FollowTarget","SimpleChar","797D36A5","SimpleChar:797D36A5","Malfunctioning Cleaning Robot","","","","","NpcPath","3596.81177","51.7449989","788.208923","3596.05518","51.7449989","788.482483","","25","base_unknown=0;follow_type=1;follow_unknown=25","2","base_unknown=0;follow_type=1;follow_unknown=25;path_count=2;decoded_path_count=2",""
"2026-07-21T19:55:27.5633280Z","IN","517","FollowTarget","SimpleChar","79543CB6","SimpleChar:79543CB6","Malfunctioning Cleaning Robot","","","","","NpcPath","3596.979","51.7449989","783.935852","3596.10522","51.7449989","783.924805","","25","base_unknown=0;follow_type=1;follow_unknown=25","2","base_unknown=0;follow_type=1;follow_unknown=25;path_count=2;decoded_path_count=2",""
"2026-07-21T19:55:27.5633280Z","IN","520","FollowTarget","SimpleChar","79543CB6","SimpleChar:79543CB6","Malfunctioning Cleaning Robot","","","","","NpcPath","3596.979","51.7449989","783.935852","3596.08154","52.2449989","784.03772","","25","base_unknown=0;follow_type=1;follow_unknown=25","2","base_unknown=0;follow_type=1;follow_unknown=25;path_count=2;decoded_path_count=2",""
"2026-07-21T19:55:27.5633280Z","IN","519","FollowTarget","SimpleChar","797D36A5","SimpleChar:797D36A5","Malfunctioning Cleaning Robot","","","","","NpcPath","3596.81177","51.7449989","788.208923","3596.05518","51.7449989","788.482483","","25","base_unknown=0;follow_type=1;follow_unknown=25","2","base_unknown=0;follow_type=1;follow_unknown=25;path_count=2;decoded_path_count=2",""
"2026-07-21T19:55:27.5633280Z","IN","518","FollowTarget","SimpleChar","79866565","SimpleChar:79866565","Malfunctioning Cleaning Robot","","","","","NpcPath","3601.23413","52.1349983","788.717529","3601.83911","52.5","788.253174","","24","base_unknown=0;follow_type=1;follow_unknown=24","2","base_unknown=0;follow_type=1;follow_unknown=24;path_count=2;decoded_path_count=2",""
"2026-07-21T19:55:27.5633280Z","IN","521","FollowTarget","SimpleChar","79866565","SimpleChar:79866565","Malfunctioning Cleaning Robot","","","","","NpcPath","3601.23413","52.1349983","788.717529","3601.71118","52.5","788.081055","","24","base_unknown=0;follow_type=1;follow_unknown=24","2","base_unknown=0;follow_type=1;follow_unknown=24;path_count=2;decoded_path_count=2",""
"2026-07-21T19:55:27.8131730Z","IN","523","FollowTarget","SimpleChar","79543CB6","SimpleChar:79543CB6","Malfunctioning Cleaning Robot","","","","","NpcPath","3596.979","51.7449989","783.935852","3596.10522","51.7449989","783.924805","","25","base_unknown=0;follow_type=1;follow_unknown=25","2","base_unknown=0;follow_type=1;follow_unknown=25;path_count=2;decoded_path_count=2",""
"2026-07-21T19:55:27.8131730Z","IN","522","FollowTarget","SimpleChar","797D36A5","SimpleChar:797D36A5","Malfunctioning Cleaning Robot","","","","","NpcPath","3596.81177","51.7449989","788.208923","3596.05518","51.7449989","788.482483","","25","base_unknown=0;follow_type=1;follow_unknown=25","2","base_unknown=0;follow_type=1;follow_unknown=25;path_count=2;decoded_path_count=2",""
"2026-07-21T19:55:27.8131730Z","IN","524","FollowTarget","SimpleChar","79866565","SimpleChar:79866565","Malfunctioning Cleaning Robot","","","","","NpcPath","3601.23413","52.1349983","788.717529","3601.77563","52.5","788.199097","","24","base_unknown=0;follow_type=1;follow_unknown=24","2","base_unknown=0;follow_type=1;follow_unknown=24;path_count=2;decoded_path_count=2",""
"2026-07-21T19:55:28.0110518Z","IN","527","FollowTarget","SimpleChar","797D36A5","SimpleChar:797D36A5","Malfunctioning Cleaning Robot","","","","","NpcPath","3596.81177","51.7449989","788.208923","3596.05518","51.7449989","788.482483","","25","base_unknown=0;follow_type=1;follow_unknown=25","2","base_unknown=0;follow_type=1;follow_unknown=25;path_count=2;decoded_path_count=2",""
"2026-07-21T19:55:28.0120516Z","IN","528","FollowTarget","SimpleChar","79543CB6","SimpleChar:79543CB6","Malfunctioning Cleaning Robot","","","","","NpcPath","3596.979","51.7449989","783.935852","3596.10303","52.2449989","783.885254","","25","base_unknown=0;follow_type=1;follow_unknown=25","2","base_unknown=0;follow_type=1;follow_unknown=25;path_count=2;decoded_path_count=2",""
"2026-07-21T19:55:28.0120516Z","IN","529","FollowTarget","SimpleChar","79866565","SimpleChar:79866565","Malfunctioning Cleaning Robot","","","","","NpcPath","3601.23413","52.1349983","788.717529","3601.77783","52.5","788.20166","","24","base_unknown=0;follow_type=1;follow_unknown=24","2","base_unknown=0;follow_type=1;follow_unknown=24;path_count=2;decoded_path_count=2",""
"2026-07-21T19:55:28.2189236Z","IN","532","FollowTarget","SimpleChar","79543CB6","SimpleChar:79543CB6","Malfunctioning Cleaning Robot","","","","","NpcPath","3596.979","51.7449989","783.935852","3596.0708","52.2449989","783.781616","","25","base_unknown=0;follow_type=1;follow_unknown=25","2","base_unknown=0;follow_type=1;follow_unknown=25;path_count=2;decoded_path_count=2",""
"2026-07-21T19:55:28.2189236Z","IN","531","FollowTarget","SimpleChar","797D36A5","SimpleChar:797D36A5","Malfunctioning Cleaning Robot","","","","","NpcPath","3596.81177","51.7449989","788.208923","3596.05518","51.7449989","788.482483","","25","base_unknown=0;follow_type=1;follow_unknown=25","2","base_unknown=0;follow_type=1;follow_unknown=25;path_count=2;decoded_path_count=2",""
"2026-07-21T19:55:28.2189236Z","IN","533","FollowTarget","SimpleChar","79866565","SimpleChar:79866565","Malfunctioning Cleaning Robot","","","","","NpcPath","3601.23413","52.1349983","788.717529","3601.7002","52.5","787.986572","","24","base_unknown=0;follow_type=1;follow_unknown=24","2","base_unknown=0;follow_type=1;follow_unknown=24;path_count=2;decoded_path_count=2",""
"2026-07-21T19:55:28.4188004Z","IN","538","FollowTarget","SimpleChar","79543CB6","SimpleChar:79543CB6","Malfunctioning Cleaning Robot","","","","","NpcPath","3596.979","51.7449989","783.935852","3596.10522","51.7449989","783.924805","","25","base_unknown=0;follow_type=1;follow_unknown=25","2","base_unknown=0;follow_type=1;follow_unknown=25;path_count=2;decoded_path_count=2",""
"2026-07-21T19:55:28.4188004Z","IN","537","FollowTarget","SimpleChar","797D36A5","SimpleChar:797D36A5","Malfunctioning Cleaning Robot","","","","","NpcPath","3596.81177","51.7449989","788.208923","3596.04712","52.2449989","788.462585","","25","base_unknown=0;follow_type=1;follow_unknown=25","2","base_unknown=0;follow_type=1;follow_unknown=25;path_count=2;decoded_path_count=2",""
"2026-07-21T19:55:28.4188004Z","IN","539","FollowTarget","SimpleChar","79866565","SimpleChar:79866565","Malfunctioning Cleaning Robot","","","","","NpcPath","3601.23413","52.1349983","788.717529","3601.72339","52.5","787.883972","","24","base_unknown=0;follow_type=1;follow_unknown=24","2","base_unknown=0;follow_type=1;follow_unknown=24;path_count=2;decoded_path_count=2",""
"2026-07-21T19:55:28.6246734Z","IN","545","FollowTarget","SimpleChar","79543CB6","SimpleChar:79543CB6","Malfunctioning Cleaning Robot","","","","","NpcPath","3596.979","51.7449989","783.935852","3596.10522","51.7449989","783.924805","","25","base_unknown=0;follow_type=1;follow_unknown=25","2","base_unknown=0;follow_type=1;follow_unknown=25;path_count=2;decoded_path_count=2",""
"2026-07-21T19:55:28.6246734Z","IN","543","FollowTarget","SimpleChar","797D36A5","SimpleChar:797D36A5","Malfunctioning Cleaning Robot","","","","","NpcPath","3596.81177","51.7449989","788.208923","3596.05518","51.7449989","788.482483","","25","base_unknown=0;follow_type=1;follow_unknown=25","2","base_unknown=0;follow_type=1;follow_unknown=25;path_count=2;decoded_path_count=2",""
"2026-07-21T19:55:28.6246734Z","IN","544","FollowTarget","SimpleChar","79866547","SimpleChar:79866547","Malfunctioning Cleaning Robot","","","","","NpcPath","3597.58252","51.7449989","772.745911","3622.79224","52.5","798.783569","","24","base_unknown=0;follow_type=1;follow_unknown=24","2","base_unknown=0;follow_type=1;follow_unknown=24;path_count=2;decoded_path_count=2",""
"2026-07-21T19:55:28.6246734Z","IN","546","FollowTarget","SimpleChar","79866565","SimpleChar:79866565","Malfunctioning Cleaning Robot","","","","","NpcPath","3601.23413","52.1349983","788.717529","3602.08105","52.5","788.288879","","24","base_unknown=0;follow_type=1;follow_unknown=24","2","base_unknown=0;follow_type=1;follow_unknown=24;path_count=2;decoded_path_count=2",""
"2026-07-21T19:55:28.8285478Z","IN","550","FollowTarget","SimpleChar","79543CB6","SimpleChar:79543CB6","Malfunctioning Cleaning Robot","","","","","NpcPath","3596.979","51.7449989","783.935852","3596.08228","52.2449989","784.035889","","25","base_unknown=0;follow_type=1;follow_unknown=25","2","base_unknown=0;follow_type=1;follow_unknown=25;path_count=2;decoded_path_count=2",""
"2026-07-21T19:55:28.8285478Z","IN","548","FollowTarget","SimpleChar","797D36A5","SimpleChar:797D36A5","Malfunctioning Cleaning Robot","","","","","NpcPath","3596.81177","51.7449989","788.208923","3596.05518","51.7449989","788.482483","","25","base_unknown=0;follow_type=1;follow_unknown=25","2","base_unknown=0;follow_type=1;follow_unknown=25;path_count=2;decoded_path_count=2",""
"2026-07-21T19:55:28.8285478Z","IN","551","FollowTarget","SimpleChar","79866565","SimpleChar:79866565","Malfunctioning Cleaning Robot","","","","","NpcPath","3601.23413","52.1349983","788.717529","3601.76758","52.5","788.189636","","24","base_unknown=0;follow_type=1;follow_unknown=24","2","base_unknown=0;follow_type=1;follow_unknown=24;path_count=2;decoded_path_count=2",""
"2026-07-21T19:55:29.1273634Z","IN","553","FollowTarget","SimpleChar","79543CB6","SimpleChar:79543CB6","Malfunctioning Cleaning Robot","","","","","NpcPath","3596.979","51.7449989","783.935852","3596.10522","51.7449989","783.924805","","25","base_unknown=0;follow_type=1;follow_unknown=25","2","base_unknown=0;follow_type=1;follow_unknown=25;path_count=2;decoded_path_count=2",""
"2026-07-21T19:55:29.1273634Z","IN","552","FollowTarget","SimpleChar","797D36A5","SimpleChar:797D36A5","Malfunctioning Cleaning Robot","","","","","NpcPath","3596.81177","51.7449989","788.208923","3596.05518","51.7449989","788.482483","","25","base_unknown=0;follow_type=1;follow_unknown=25","2","base_unknown=0;follow_type=1;follow_unknown=25;path_count=2;decoded_path_count=2",""
"2026-07-21T19:55:29.1273634Z","IN","554","FollowTarget","SimpleChar","79866565","SimpleChar:79866565","Malfunctioning Cleaning Robot","","","","","NpcPath","3601.23413","52.1349983","788.717529","3601.7937","52.5","787.782104","","24","base_unknown=0;follow_type=1;follow_unknown=24","2","base_unknown=0;follow_type=1;follow_unknown=24;path_count=2;decoded_path_count=2",""
"2026-07-21T19:55:29.3662161Z","IN","559","FollowTarget","SimpleChar","79543CB6","SimpleChar:79543CB6","Malfunctioning Cleaning Robot","","","","","NpcPath","3596.979","51.7449989","783.935852","3596.08276","52.2449989","784.035034","","25","base_unknown=0;follow_type=1;follow_unknown=25","2","base_unknown=0;follow_type=1;follow_unknown=25;path_count=2;decoded_path_count=2",""
"2026-07-21T19:55:29.3662161Z","IN","558","FollowTarget","SimpleChar","797D36A5","SimpleChar:797D36A5","Malfunctioning Cleaning Robot","","","","","NpcPath","3596.81177","51.7449989","788.208923","3596.05518","51.7449989","788.482483","","25","base_unknown=0;follow_type=1;follow_unknown=25","2","base_unknown=0;follow_type=1;follow_unknown=25;path_count=2;decoded_path_count=2",""
"2026-07-21T19:55:29.8299301Z","IN","564","FollowTarget","SimpleChar","79543CB6","SimpleChar:79543CB6","Malfunctioning Cleaning Robot","","","","","NpcPath","3596.979","51.7449989","783.935852","3596.10522","52.2449989","783.922302","","25","base_unknown=0;follow_type=1;follow_unknown=25","2","base_unknown=0;follow_type=1;follow_unknown=25;path_count=2;decoded_path_count=2",""
"2026-07-21T19:55:29.8299301Z","IN","563","FollowTarget","SimpleChar","797D36A5","SimpleChar:797D36A5","Malfunctioning Cleaning Robot","","","","","NpcPath","3596.81177","51.7449989","788.208923","3596.05615","52.2449989","788.485413","","25","base_unknown=0;follow_type=1;follow_unknown=25","2","base_unknown=0;follow_type=1;follow_unknown=25;path_count=2;decoded_path_count=2",""
"2026-07-21T19:55:30.0757785Z","IN","568","FollowTarget","SimpleChar","79543CB6","SimpleChar:79543CB6","Malfunctioning Cleaning Robot","","","","","NpcPath","3596.979","51.7449989","783.935852","3596.10522","51.7449989","783.924805","","25","base_unknown=0;follow_type=1;follow_unknown=25","2","base_unknown=0;follow_type=1;follow_unknown=25;path_count=2;decoded_path_count=2",""
"2026-07-21T19:55:30.0757785Z","IN","571","FollowTarget","SimpleChar","79543CB6","SimpleChar:79543CB6","Malfunctioning Cleaning Robot","","","","","NpcPath","3596.979","51.7449989","783.935852","3596.10522","51.7449989","783.924805","","25","base_unknown=0;follow_type=1;follow_unknown=25","2","base_unknown=0;follow_type=1;follow_unknown=25;path_count=2;decoded_path_count=2",""
"2026-07-21T19:55:30.0757785Z","IN","566","FollowTarget","SimpleChar","797D36A5","SimpleChar:797D36A5","Malfunctioning Cleaning Robot","","","","","NpcPath","3596.81177","51.7449989","788.208923","3596.05518","51.7449989","788.482483","","25","base_unknown=0;follow_type=1;follow_unknown=25","2","base_unknown=0;follow_type=1;follow_unknown=25;path_count=2;decoded_path_count=2",""
"2026-07-21T19:55:30.0757785Z","IN","570","FollowTarget","SimpleChar","797D36A5","SimpleChar:797D36A5","Malfunctioning Cleaning Robot","","","","","NpcPath","3596.81177","51.7449989","788.208923","3596.05518","51.7449989","788.482483","","25","base_unknown=0;follow_type=1;follow_unknown=25","2","base_unknown=0;follow_type=1;follow_unknown=25;path_count=2;decoded_path_count=2",""
"2026-07-21T19:55:30.2676602Z","IN","577","FollowTarget","SimpleChar","79543CB6","SimpleChar:79543CB6","Malfunctioning Cleaning Robot","","","","","NpcPath","3596.979","51.7449989","783.935852","3596.03662","52.2449989","784.111816","","25","base_unknown=0;follow_type=1;follow_unknown=25","2","base_unknown=0;follow_type=1;follow_unknown=25;path_count=2;decoded_path_count=2",""
"2026-07-21T19:55:30.2676602Z","IN","576","FollowTarget","SimpleChar","797D36A5","SimpleChar:797D36A5","Malfunctioning Cleaning Robot","","","","","NpcPath","3596.81177","51.7449989","788.208923","3596.05518","51.7449989","788.482483","","25","base_unknown=0;follow_type=1;follow_unknown=25","2","base_unknown=0;follow_type=1;follow_unknown=25;path_count=2;decoded_path_count=2",""
"2026-07-21T19:55:30.4835273Z","IN","587","FollowTarget","SimpleChar","79543CB6","SimpleChar:79543CB6","Malfunctioning Cleaning Robot","","","","","NpcPath","3596.979","51.7449989","783.935852","3596.10522","51.7449989","783.924805","","25","base_unknown=0;follow_type=1;follow_unknown=25","2","base_unknown=0;follow_type=1;follow_unknown=25;path_count=2;decoded_path_count=2",""
"2026-07-21T19:55:30.4835273Z","IN","586","FollowTarget","SimpleChar","797D36A5","SimpleChar:797D36A5","Malfunctioning Cleaning Robot","","","","","NpcPath","3596.81177","51.7449989","788.208923","3596.05518","51.7449989","788.482483","","25","base_unknown=0;follow_type=1;follow_unknown=25","2","base_unknown=0;follow_type=1;follow_unknown=25;path_count=2;decoded_path_count=2",""
"2026-07-21T19:55:30.6944042Z","IN","589","FollowTarget","SimpleChar","79543CB6","SimpleChar:79543CB6","Malfunctioning Cleaning Robot","","","","","NpcPath","3596.979","51.7449989","783.935852","3596.10522","51.7449989","783.924805","","25","base_unknown=0;follow_type=1;follow_unknown=25","2","base_unknown=0;follow_type=1;follow_unknown=25;path_count=2;decoded_path_count=2",""
"2026-07-21T19:55:30.6944042Z","IN","588","FollowTarget","SimpleChar","797D36A5","SimpleChar:797D36A5","Malfunctioning Cleaning Robot","","","","","NpcPath","3596.81177","51.7449989","788.208923","3596.05518","51.7449989","788.482483","","25","base_unknown=0;follow_type=1;follow_unknown=25","2","base_unknown=0;follow_type=1;follow_unknown=25;path_count=2;decoded_path_count=2",""
"2026-07-21T19:55:30.8912756Z","IN","592","FollowTarget","SimpleChar","79543CB6","SimpleChar:79543CB6","Malfunctioning Cleaning Robot","","","","","NpcPath","3596.979","51.7449989","783.935852","3596.10522","51.7449989","783.924805","","25","base_unknown=0;follow_type=1;follow_unknown=25","2","base_unknown=0;follow_type=1;follow_unknown=25;path_count=2;decoded_path_count=2",""
"2026-07-21T19:55:30.8912756Z","IN","591","FollowTarget","SimpleChar","797D36A5","SimpleChar:797D36A5","Malfunctioning Cleaning Robot","","","","","NpcPath","3596.81177","51.7449989","788.208923","3596.05518","51.7449989","788.482483","","25","base_unknown=0;follow_type=1;follow_unknown=25","2","base_unknown=0;follow_type=1;follow_unknown=25;path_count=2;decoded_path_count=2",""
"2026-07-21T19:55:31.0941507Z","IN","594","FollowTarget","SimpleChar","79543CB6","SimpleChar:79543CB6","Malfunctioning Cleaning Robot","","","","","NpcPath","3596.979","51.7449989","783.935852","3596.09888","52.2449989","783.85968","","25","base_unknown=0;follow_type=1;follow_unknown=25","2","base_unknown=0;follow_type=1;follow_unknown=25;path_count=2;decoded_path_count=2",""
"2026-07-21T19:55:31.0941507Z","IN","593","FollowTarget","SimpleChar","797D36A5","SimpleChar:797D36A5","Malfunctioning Cleaning Robot","","","","","NpcPath","3596.81177","51.7449989","788.208923","3596.05518","51.7449989","788.482483","","25","base_unknown=0;follow_type=1;follow_unknown=25","2","base_unknown=0;follow_type=1;follow_unknown=25;path_count=2;decoded_path_count=2",""
"2026-07-21T19:55:31.3043717Z","IN","595","FollowTarget","SimpleChar","797D36A5","SimpleChar:797D36A5","Malfunctioning Cleaning Robot","","","","","NpcPath","3596.81177","51.7449989","788.208923","3596.05518","51.7449989","788.482483","","25","base_unknown=0;follow_type=1;follow_unknown=25","2","base_unknown=0;follow_type=1;follow_unknown=25;path_count=2;decoded_path_count=2",""
"2026-07-21T19:55:31.3053711Z","IN","596","FollowTarget","SimpleChar","79543CB6","SimpleChar:79543CB6","Malfunctioning Cleaning Robot","","","","","NpcPath","3596.979","51.7449989","783.935852","3596.10522","51.7449989","783.924805","","25","base_unknown=0;follow_type=1;follow_unknown=25","2","base_unknown=0;follow_type=1;follow_unknown=25;path_count=2;decoded_path_count=2",""
"2026-07-21T19:55:31.5082469Z","IN","604","FollowTarget","SimpleChar","79543CB6","SimpleChar:79543CB6","Malfunctioning Cleaning Robot","","","","","NpcPath","3596.979","51.7449989","783.935852","3596.10522","51.7449989","783.924805","","25","base_unknown=0;follow_type=1;follow_unknown=25","2","base_unknown=0;follow_type=1;follow_unknown=25;path_count=2;decoded_path_count=2",""
"2026-07-21T19:55:31.5082469Z","IN","603","FollowTarget","SimpleChar","797D36A5","SimpleChar:797D36A5","Malfunctioning Cleaning Robot","","","","","NpcPath","3596.81177","51.7449989","788.208923","3596.05518","51.7449989","788.482483","","25","base_unknown=0;follow_type=1;follow_unknown=25","2","base_unknown=0;follow_type=1;follow_unknown=25;path_count=2;decoded_path_count=2",""
"2026-07-21T19:55:31.7800783Z","IN","607","FollowTarget","SimpleChar","79543CB6","SimpleChar:79543CB6","Malfunctioning Cleaning Robot","","","","","NpcPath","3596.979","51.7449989","783.935852","3596.10522","51.7449989","783.924805","","25","base_unknown=0;follow_type=1;follow_unknown=25","2","base_unknown=0;follow_type=1;follow_unknown=25;path_count=2;decoded_path_count=2",""
"2026-07-21T19:55:31.7800783Z","IN","605","FollowTarget","SimpleChar","797D36A5","SimpleChar:797D36A5","Malfunctioning Cleaning Robot","","","","","NpcPath","3596.81177","51.7449989","788.208923","3596.0542","52.2449989","788.689026","","25","base_unknown=0;follow_type=1;follow_unknown=25","2","base_unknown=0;follow_type=1;follow_unknown=25;path_count=2;decoded_path_count=2",""
"2026-07-21T19:55:31.7800783Z","IN","606","FollowTarget","SimpleChar","79866553","SimpleChar:79866553","Malfunctioning Cleaning Robot","","","","","NpcPath","3622.28735","51.7449989","798.34082","3599.17603","52.5","786.757141","","24","base_unknown=0;follow_type=1;follow_unknown=24","2","base_unknown=0;follow_type=1;follow_unknown=24;path_count=2;decoded_path_count=2",""
"2026-07-21T19:55:31.9719600Z","IN","609","FollowTarget","SimpleChar","79543CB6","SimpleChar:79543CB6","Malfunctioning Cleaning Robot","","","","","NpcPath","3596.979","51.7449989","783.935852","3596.10522","51.7449989","783.924805","","25","base_unknown=0;follow_type=1;follow_unknown=25","2","base_unknown=0;follow_type=1;follow_unknown=25;path_count=2;decoded_path_count=2",""
"2026-07-21T19:55:31.9719600Z","IN","608","FollowTarget","SimpleChar","797D36A5","SimpleChar:797D36A5","Malfunctioning Cleaning Robot","","","","","NpcPath","3596.81177","51.7449989","788.208923","3596.02148","52.2449989","788.752319","","25","base_unknown=0;follow_type=1;follow_unknown=25","2","base_unknown=0;follow_type=1;follow_unknown=25;path_count=2;decoded_path_count=2",""
"2026-07-21T19:55:32.1918247Z","IN","617","FollowTarget","SimpleChar","79543CB6","SimpleChar:79543CB6","Malfunctioning Cleaning Robot","","","","","NpcPath","3596.979","51.7449989","783.935852","3596.10522","51.7449989","783.924805","","25","base_unknown=0;follow_type=1;follow_unknown=25","2","base_unknown=0;follow_type=1;follow_unknown=25;path_count=2;decoded_path_count=2",""
"2026-07-21T19:55:32.1918247Z","IN","616","FollowTarget","SimpleChar","797D36A5","SimpleChar:797D36A5","Malfunctioning Cleaning Robot","","","","","NpcPath","3596.81177","51.7449989","788.208923","3596.05518","51.7449989","788.482483","","25","base_unknown=0;follow_type=1;follow_unknown=25","2","base_unknown=0;follow_type=1;follow_unknown=25;path_count=2;decoded_path_count=2",""
"2026-07-21T19:55:32.1918247Z","IN","615","FollowTarget","SimpleChar","79866518","SimpleChar:79866518","Malfunctioning Cleaning Robot","","","","","NpcPath","3610.06763","52.1349983","778.847717","3610.73877","52.5","777.852295","","24","base_unknown=0;follow_type=1;follow_unknown=24","2","base_unknown=0;follow_type=1;follow_unknown=24;path_count=2;decoded_path_count=2",""
"2026-07-21T19:55:32.3867063Z","IN","619","FollowTarget","SimpleChar","79543CB6","SimpleChar:79543CB6","Malfunctioning Cleaning Robot","","","","","NpcPath","3596.979","51.7449989","783.935852","3596.0686","52.2449989","783.777283","","25","base_unknown=0;follow_type=1;follow_unknown=25","2","base_unknown=0;follow_type=1;follow_unknown=25;path_count=2;decoded_path_count=2",""
"2026-07-21T19:55:32.3867063Z","IN","618","FollowTarget","SimpleChar","797D36A5","SimpleChar:797D36A5","Malfunctioning Cleaning Robot","","","","","NpcPath","3596.81177","51.7449989","788.208923","3596.01074","52.2449989","788.40155","","25","base_unknown=0;follow_type=1;follow_unknown=25","2","base_unknown=0;follow_type=1;follow_unknown=25;path_count=2;decoded_path_count=2",""
"2026-07-21T19:55:32.3867063Z","IN","620","FollowTarget","SimpleChar","79866562","SimpleChar:79866562","Malfunctioning Cleaning Robot","","","","","NpcPath","3608.03418","53.2449989","801.701965","3620.97363","52.5","784.298828","","24","base_unknown=0;follow_type=1;follow_unknown=24","2","base_unknown=0;follow_type=1;follow_unknown=24;path_count=2;decoded_path_count=2",""
"2026-07-21T19:55:32.6895196Z","IN","624","FollowTarget","SimpleChar","797D36A5","SimpleChar:797D36A5","Malfunctioning Cleaning Robot","","","","","NpcPath","3596.81177","51.7449989","788.208923","3596.05518","51.7449989","788.482483","","25","base_unknown=0;follow_type=1;follow_unknown=25","2","base_unknown=0;follow_type=1;follow_unknown=25;path_count=2;decoded_path_count=2",""
"2026-07-21T19:55:32.6895196Z","IN","623","FollowTarget","SimpleChar","79866518","SimpleChar:79866518","Malfunctioning Cleaning Robot","","","","","NpcPath","3610.18872","52.1349983","778.667725","3610.93896","52.5","778.293701","","24","base_unknown=0;follow_type=1;follow_unknown=24","2","base_unknown=0;follow_type=1;follow_unknown=24;path_count=2;decoded_path_count=2",""
"2026-07-21T19:55:32.6905197Z","IN","625","FollowTarget","SimpleChar","79543CB6","SimpleChar:79543CB6","Malfunctioning Cleaning Robot","","","","","NpcPath","3596.979","51.7449989","783.935852","3596.07935","52.2449989","783.799377","","25","base_unknown=0;follow_type=1;follow_unknown=25","2","base_unknown=0;follow_type=1;follow_unknown=25;path_count=2;decoded_path_count=2",""
"2026-07-21T19:55:32.8873956Z","IN","629","FollowTarget","SimpleChar","79543CB6","SimpleChar:79543CB6","Malfunctioning Cleaning Robot","","","","","NpcPath","3596.979","51.7449989","783.935852","3596.10522","51.7449989","783.924805","","25","base_unknown=0;follow_type=1;follow_unknown=25","2","base_unknown=0;follow_type=1;follow_unknown=25;path_count=2;decoded_path_count=2",""
"2026-07-21T19:55:32.8873956Z","IN","627","FollowTarget","SimpleChar","797D36A5","SimpleChar:797D36A5","Malfunctioning Cleaning Robot","","","","","NpcPath","3596.81177","51.7449989","788.208923","3596.05518","51.7449989","788.482483","","25","base_unknown=0;follow_type=1;follow_unknown=25","2","base_unknown=0;follow_type=1;follow_unknown=25;path_count=2;decoded_path_count=2",""
"2026-07-21T19:55:32.8873956Z","IN","626","FollowTarget","SimpleChar","79866518","SimpleChar:79866518","Malfunctioning Cleaning Robot","","","","","NpcPath","3610.18872","52.1349983","778.667725","3610.78394","52.5","778.208069","","24","base_unknown=0;follow_type=1;follow_unknown=24","2","base_unknown=0;follow_type=1;follow_unknown=24;path_count=2;decoded_path_count=2",""
"2026-07-21T19:55:32.8873956Z","IN","630","FollowTarget","SimpleChar","7986655D","SimpleChar:7986655D","Malfunctioning Cleaning Robot","","","","","NpcPath","3597.45752","51.7449989","772.835449","3598.79712","52.5","786.778992","","24","base_unknown=0;follow_type=1;follow_unknown=24","2","base_unknown=0;follow_type=1;follow_unknown=24;path_count=2;decoded_path_count=2",""
"2026-07-21T19:55:32.8873956Z","IN","628","FollowTarget","SimpleChar","7986655E","SimpleChar:7986655E","Malfunctioning Cleaning Robot","","","","","NpcPath","3595.18262","51.7449989","799.737305","3593.98999","52.5","799.700195","","24","base_unknown=0;follow_type=1;follow_unknown=24","2","base_unknown=0;follow_type=1;follow_unknown=24;path_count=2;decoded_path_count=2",""
"2026-07-21T19:55:33.1024237Z","IN","634","FollowTarget","SimpleChar","79543CB6","SimpleChar:79543CB6","Malfunctioning Cleaning Robot","","","","","NpcPath","3596.979","51.7449989","783.935852","3596.1001","52.2449989","783.976074","","25","base_unknown=0;follow_type=1;follow_unknown=25","2","base_unknown=0;follow_type=1;follow_unknown=25;path_count=2;decoded_path_count=2",""
"2026-07-21T19:55:33.1024237Z","IN","633","FollowTarget","SimpleChar","797D36A5","SimpleChar:797D36A5","Malfunctioning Cleaning Robot","","","","","NpcPath","3596.81177","51.7449989","788.208923","3596.05518","51.7449989","788.482483","","25","base_unknown=0;follow_type=1;follow_unknown=25","2","base_unknown=0;follow_type=1;follow_unknown=25;path_count=2;decoded_path_count=2",""
"2026-07-21T19:55:33.1024237Z","IN","632","FollowTarget","SimpleChar","79866518","SimpleChar:79866518","Malfunctioning Cleaning Robot","","","","","NpcPath","3610.18872","52.1349983","778.667725","3611.15845","52.5","778.254822","","24","base_unknown=0;follow_type=1;follow_unknown=24","2","base_unknown=0;follow_type=1;follow_unknown=24;path_count=2;decoded_path_count=2",""
"2026-07-21T19:55:33.3019049Z","IN","642","FollowTarget","SimpleChar","79543CB6","SimpleChar:79543CB6","Malfunctioning Cleaning Robot","","","","","NpcPath","3596.979","51.7449989","783.935852","3596.10522","51.7449989","783.924805","","25","base_unknown=0;follow_type=1;follow_unknown=25","2","base_unknown=0;follow_type=1;follow_unknown=25;path_count=2;decoded_path_count=2",""
"2026-07-21T19:55:33.3019049Z","IN","640","FollowTarget","SimpleChar","797D36A5","SimpleChar:797D36A5","Malfunctioning Cleaning Robot","","","","","NpcPath","3596.81177","51.7449989","788.208923","3596.05518","51.7449989","788.482483","","25","base_unknown=0;follow_type=1;follow_unknown=25","2","base_unknown=0;follow_type=1;follow_unknown=25;path_count=2;decoded_path_count=2",""
"2026-07-21T19:55:33.3019049Z","IN","641","FollowTarget","SimpleChar","7986655E","SimpleChar:7986655E","Malfunctioning Cleaning Robot","","","","","NpcPath","3594.98755","51.7449989","799.731201","3594.01563","52.5","799.700439","","24","base_unknown=0;follow_type=1;follow_unknown=24","2","base_unknown=0;follow_type=1;follow_unknown=24;path_count=2;decoded_path_count=2",""
"2026-07-21T19:55:33.5037808Z","IN","651","FollowTarget","SimpleChar","79543CB6","SimpleChar:79543CB6","Malfunctioning Cleaning Robot","","","","","NpcPath","3596.979","51.7449989","783.935852","3596.10522","51.7449989","783.924805","","25","base_unknown=0;follow_type=1;follow_unknown=25","2","base_unknown=0;follow_type=1;follow_unknown=25;path_count=2;decoded_path_count=2",""
"2026-07-21T19:55:33.5037808Z","IN","649","FollowTarget","SimpleChar","797D36A5","SimpleChar:797D36A5","Malfunctioning Cleaning Robot","","","","","NpcPath","3596.81177","51.7449989","788.208923","3596.05518","51.7449989","788.482483","","25","base_unknown=0;follow_type=1;follow_unknown=25","2","base_unknown=0;follow_type=1;follow_unknown=25;path_count=2;decoded_path_count=2",""
"2026-07-21T19:55:33.5037808Z","IN","650","FollowTarget","SimpleChar","7986655E","SimpleChar:7986655E","Malfunctioning Cleaning Robot","","","","","NpcPath","3594.98755","51.7449989","799.731201","3594.23462","52.5","800.187073","","24","base_unknown=0;follow_type=1;follow_unknown=24","2","base_unknown=0;follow_type=1;follow_unknown=24;path_count=2;decoded_path_count=2",""
"2026-07-21T19:55:33.7106534Z","IN","655","FollowTarget","SimpleChar","79543CB6","SimpleChar:79543CB6","Malfunctioning Cleaning Robot","","","","","NpcPath","3596.979","51.7449989","783.935852","3596.09497","52.2449989","783.843262","","25","base_unknown=0;follow_type=1;follow_unknown=25","2","base_unknown=0;follow_type=1;follow_unknown=25;path_count=2;decoded_path_count=2",""
"2026-07-21T19:55:33.7106534Z","IN","653","FollowTarget","SimpleChar","797D36A5","SimpleChar:797D36A5","Malfunctioning Cleaning Robot","","","","","NpcPath","3596.81177","51.7449989","788.208923","3596.03809","52.2449989","788.444092","","25","base_unknown=0;follow_type=1;follow_unknown=25","2","base_unknown=0;follow_type=1;follow_unknown=25;path_count=2;decoded_path_count=2",""
"2026-07-21T19:55:33.7106534Z","IN","654","FollowTarget","SimpleChar","7986655E","SimpleChar:7986655E","Malfunctioning Cleaning Robot","","","","","NpcPath","3594.98755","51.7449989","799.731201","3594.29834","52.5","800.032471","","24","base_unknown=0;follow_type=1;follow_unknown=24","2","base_unknown=0;follow_type=1;follow_unknown=24;path_count=2;decoded_path_count=2",""
"2026-07-21T19:55:33.9485070Z","IN","657","FollowTarget","SimpleChar","797D36A5","SimpleChar:797D36A5","Malfunctioning Cleaning Robot","","","","","NpcPath","3596.81177","51.7449989","788.208923","3596.05518","51.7449989","788.482483","","25","base_unknown=0;follow_type=1;follow_unknown=25","2","base_unknown=0;follow_type=1;follow_unknown=25;path_count=2;decoded_path_count=2",""
"2026-07-21T19:55:33.9495062Z","IN","659","FollowTarget","SimpleChar","79543CB6","SimpleChar:79543CB6","Malfunctioning Cleaning Robot","","","","","NpcPath","3596.979","51.7449989","783.935852","3596.10522","51.7449989","783.924805","","25","base_unknown=0;follow_type=1;follow_unknown=25","2","base_unknown=0;follow_type=1;follow_unknown=25;path_count=2;decoded_path_count=2",""
"2026-07-21T19:55:33.9495062Z","IN","658","FollowTarget","SimpleChar","7986655E","SimpleChar:7986655E","Malfunctioning Cleaning Robot","","","","","NpcPath","3594.98755","51.7449989","799.731201","3594.2854","52.5","800.092163","","24","base_unknown=0;follow_type=1;follow_unknown=24","2","base_unknown=0;follow_type=1;follow_unknown=24;path_count=2;decoded_path_count=2",""
"2026-07-21T19:55:34.1523810Z","IN","662","FollowTarget","SimpleChar","797D36A5","SimpleChar:797D36A5","Malfunctioning Cleaning Robot","","","","","NpcPath","3596.81177","51.7449989","788.208923","3596.0415","52.2449989","788.718079","","25","base_unknown=0;follow_type=1;follow_unknown=25","2","base_unknown=0;follow_type=1;follow_unknown=25;path_count=2;decoded_path_count=2",""
"2026-07-21T19:55:34.1523810Z","IN","664","FollowTarget","SimpleChar","7986655E","SimpleChar:7986655E","Malfunctioning Cleaning Robot","","","","","NpcPath","3594.98755","51.7449989","799.731201","3594.21753","52.5","800.206604","","24","base_unknown=0;follow_type=1;follow_unknown=24","2","base_unknown=0;follow_type=1;follow_unknown=24;path_count=2;decoded_path_count=2",""
"2026-07-21T19:55:34.1543801Z","IN","665","FollowTarget","SimpleChar","79543CB6","SimpleChar:79543CB6","Malfunctioning Cleaning Robot","","","","","NpcPath","3596.979","51.7449989","783.935852","3596.10522","51.7449989","783.924805","","25","base_unknown=0;follow_type=1;follow_unknown=25","2","base_unknown=0;follow_type=1;follow_unknown=25;path_count=2;decoded_path_count=2",""
"2026-07-21T19:55:34.3642516Z","IN","666","FollowTarget","SimpleChar","797D36A5","SimpleChar:797D36A5","Malfunctioning Cleaning Robot","","","","","NpcPath","3596.81177","51.7449989","788.208923","3596.05518","51.7449989","788.482483","","25","base_unknown=0;follow_type=1;follow_unknown=25","2","base_unknown=0;follow_type=1;follow_unknown=25;path_count=2;decoded_path_count=2",""
"2026-07-21T19:55:34.3652510Z","IN","668","FollowTarget","SimpleChar","79543CB6","SimpleChar:79543CB6","Malfunctioning Cleaning Robot","","","","","NpcPath","3596.979","51.7449989","783.935852","3596.10522","51.7449989","783.924805","","25","base_unknown=0;follow_type=1;follow_unknown=25","2","base_unknown=0;follow_type=1;follow_unknown=25;path_count=2;decoded_path_count=2",""
"2026-07-21T19:55:34.3652510Z","IN","667","FollowTarget","SimpleChar","7986655E","SimpleChar:7986655E","Malfunctioning Cleaning Robot","","","","","NpcPath","3594.98755","51.7449989","799.731201","3594.28442","52.5","799.904663","","24","base_unknown=0;follow_type=1;follow_unknown=24","2","base_unknown=0;follow_type=1;follow_unknown=24;path_count=2;decoded_path_count=2",""
"2026-07-21T19:55:34.5661258Z","IN","676","FollowTarget","SimpleChar","79543CB6","SimpleChar:79543CB6","Malfunctioning Cleaning Robot","","","","","NpcPath","3596.979","51.7449989","783.935852","3596.01514","52.2449989","784.135254","","25","base_unknown=0;follow_type=1;follow_unknown=25","2","base_unknown=0;follow_type=1;follow_unknown=25;path_count=2;decoded_path_count=2",""
"2026-07-21T19:55:34.5661258Z","IN","674","FollowTarget","SimpleChar","797D36A5","SimpleChar:797D36A5","Malfunctioning Cleaning Robot","","","","","NpcPath","3596.81177","51.7449989","788.208923","3596.07275","52.2449989","788.59259","","25","base_unknown=0;follow_type=1;follow_unknown=25","2","base_unknown=0;follow_type=1;follow_unknown=25;path_count=2;decoded_path_count=2",""
"2026-07-21T19:55:34.5661258Z","IN","675","FollowTarget","SimpleChar","7986655E","SimpleChar:7986655E","Malfunctioning Cleaning Robot","","","","","NpcPath","3594.98755","51.7449989","799.731201","3594.28638","52.5","799.910889","","24","base_unknown=0;follow_type=1;follow_unknown=24","2","base_unknown=0;follow_type=1;follow_unknown=24;path_count=2;decoded_path_count=2",""
"2026-07-21T19:55:34.7680016Z","IN","680","FollowTarget","SimpleChar","79543CB6","SimpleChar:79543CB6","Malfunctioning Cleaning Robot","","","","","NpcPath","3596.979","51.7449989","783.935852","3596.10522","51.7449989","783.924805","","25","base_unknown=0;follow_type=1;follow_unknown=25","2","base_unknown=0;follow_type=1;follow_unknown=25;path_count=2;decoded_path_count=2",""
"2026-07-21T19:55:34.7680016Z","IN","678","FollowTarget","SimpleChar","797D36A5","SimpleChar:797D36A5","Malfunctioning Cleaning Robot","","","","","NpcPath","3596.81177","51.7449989","788.208923","3596.05518","51.7449989","788.482483","","25","base_unknown=0;follow_type=1;follow_unknown=25","2","base_unknown=0;follow_type=1;follow_unknown=25;path_count=2;decoded_path_count=2",""
"2026-07-21T19:55:34.7680016Z","IN","679","FollowTarget","SimpleChar","7986655E","SimpleChar:7986655E","Malfunctioning Cleaning Robot","","","","","NpcPath","3594.98755","51.7449989","799.731201","3594.19214","52.5","800.230469","","24","base_unknown=0;follow_type=1;follow_unknown=24","2","base_unknown=0;follow_type=1;follow_unknown=24;path_count=2;decoded_path_count=2",""
"2026-07-21T19:55:34.9678795Z","IN","683","FollowTarget","SimpleChar","79543CB6","SimpleChar:79543CB6","Malfunctioning Cleaning Robot","","","","","NpcPath","3596.979","51.7449989","783.935852","3596.08569","52.2449989","784.027588","","25","base_unknown=0;follow_type=1;follow_unknown=25","2","base_unknown=0;follow_type=1;follow_unknown=25;path_count=2;decoded_path_count=2",""
"2026-07-21T19:55:34.9678795Z","IN","681","FollowTarget","SimpleChar","797D36A5","SimpleChar:797D36A5","Malfunctioning Cleaning Robot","","","","","NpcPath","3596.81177","51.7449989","788.208923","3596.07104","52.2449989","788.551758","","25","base_unknown=0;follow_type=1;follow_unknown=25","2","base_unknown=0;follow_type=1;follow_unknown=25;path_count=2;decoded_path_count=2",""
"2026-07-21T19:55:34.9678795Z","IN","682","FollowTarget","SimpleChar","7986655E","SimpleChar:7986655E","Malfunctioning Cleaning Robot","","","","","NpcPath","3594.98755","51.7449989","799.731201","3594.17651","52.5","800.242554","","24","base_unknown=0;follow_type=1;follow_unknown=24","2","base_unknown=0;follow_type=1;follow_unknown=24;path_count=2;decoded_path_count=2",""
"2026-07-21T19:55:35.2144295Z","IN","687","FollowTarget","SimpleChar","797D36A5","SimpleChar:797D36A5","Malfunctioning Cleaning Robot","","","","","NpcPath","3596.81177","51.7449989","788.208923","3596.05518","51.7449989","788.482483","","25","base_unknown=0;follow_type=1;follow_unknown=25","2","base_unknown=0;follow_type=1;follow_unknown=25;path_count=2;decoded_path_count=2",""
"2026-07-21T19:55:35.2154290Z","IN","689","FollowTarget","SimpleChar","79543CB6","SimpleChar:79543CB6","Malfunctioning Cleaning Robot","","","","","NpcPath","3596.979","51.7449989","783.935852","3596.10425","52.2449989","783.944763","","25","base_unknown=0;follow_type=1;follow_unknown=25","2","base_unknown=0;follow_type=1;follow_unknown=25;path_count=2;decoded_path_count=2",""
"2026-07-21T19:55:35.2154290Z","IN","688","FollowTarget","SimpleChar","7986655E","SimpleChar:7986655E","Malfunctioning Cleaning Robot","","","","","NpcPath","3594.98755","51.7449989","799.731201","3594.19629","52.5","799.773071","","24","base_unknown=0;follow_type=1;follow_unknown=24","2","base_unknown=0;follow_type=1;follow_unknown=24;path_count=2;decoded_path_count=2",""
"2026-07-21T19:55:35.4243001Z","IN","695","FollowTarget","SimpleChar","79543CB6","SimpleChar:79543CB6","Malfunctioning Cleaning Robot","","","","","NpcPath","3596.979","51.7449989","783.935852","3596.04272","52.2449989","783.737915","","25","base_unknown=0;follow_type=1;follow_unknown=25","2","base_unknown=0;follow_type=1;follow_unknown=25;path_count=2;decoded_path_count=2",""
"2026-07-21T19:55:35.4243001Z","IN","693","FollowTarget","SimpleChar","797D36A5","SimpleChar:797D36A5","Malfunctioning Cleaning Robot","","","","","NpcPath","3596.81177","51.7449989","788.208923","3596.06836","52.2449989","788.532104","","25","base_unknown=0;follow_type=1;follow_unknown=25","2","base_unknown=0;follow_type=1;follow_unknown=25;path_count=2;decoded_path_count=2",""
"2026-07-21T19:55:35.4243001Z","IN","694","FollowTarget","SimpleChar","7986655E","SimpleChar:7986655E","Malfunctioning Cleaning Robot","","","","","NpcPath","3594.98755","51.7449989","799.731201","3594.26636","52.5","800.137817","","24","base_unknown=0;follow_type=1;follow_unknown=24","2","base_unknown=0;follow_type=1;follow_unknown=24;path_count=2;decoded_path_count=2",""
"2026-07-21T19:55:35.6357309Z","IN","704","FollowTarget","SimpleChar","79543CB6","SimpleChar:79543CB6","Malfunctioning Cleaning Robot","","","","","NpcPath","3596.979","51.7449989","783.935852","3596.052","52.2449989","784.09137","","25","base_unknown=0;follow_type=1;follow_unknown=25","2","base_unknown=0;follow_type=1;follow_unknown=25;path_count=2;decoded_path_count=2",""
"2026-07-21T19:55:35.6357309Z","IN","702","FollowTarget","SimpleChar","797D36A5","SimpleChar:797D36A5","Malfunctioning Cleaning Robot","","","","","NpcPath","3596.81177","51.7449989","788.208923","3596.05518","51.7449989","788.482483","","25","base_unknown=0;follow_type=1;follow_unknown=25","2","base_unknown=0;follow_type=1;follow_unknown=25;path_count=2;decoded_path_count=2",""
"2026-07-21T19:55:35.6357309Z","IN","703","FollowTarget","SimpleChar","7986655E","SimpleChar:7986655E","Malfunctioning Cleaning Robot","","","","","NpcPath","3594.98755","51.7449989","799.731201","3594.16309","52.5","800.251831","","24","base_unknown=0;follow_type=1;follow_unknown=24","2","base_unknown=0;follow_type=1;follow_unknown=24;path_count=2;decoded_path_count=2",""
"2026-07-21T19:55:35.8575933Z","IN","712","FollowTarget","SimpleChar","79543CB6","SimpleChar:79543CB6","Malfunctioning Cleaning Robot","","","","","NpcPath","3596.979","51.7449989","783.935852","3596.09741","52.2449989","783.988831","","25","base_unknown=0;follow_type=1;follow_unknown=25","2","base_unknown=0;follow_type=1;follow_unknown=25;path_count=2;decoded_path_count=2",""
"2026-07-21T19:55:35.8575933Z","IN","710","FollowTarget","SimpleChar","797D36A5","SimpleChar:797D36A5","Malfunctioning Cleaning Robot","","","","","NpcPath","3596.81177","51.7449989","788.208923","3596.00977","52.2449989","788.768555","","25","base_unknown=0;follow_type=1;follow_unknown=25","2","base_unknown=0;follow_type=1;follow_unknown=25;path_count=2;decoded_path_count=2",""
"2026-07-21T19:55:35.8575933Z","IN","711","FollowTarget","SimpleChar","7986655E","SimpleChar:7986655E","Malfunctioning Cleaning Robot","","","","","NpcPath","3594.98755","51.7449989","799.731201","3594.0896","52.5","799.713684","","24","base_unknown=0;follow_type=1;follow_unknown=24","2","base_unknown=0;follow_type=1;follow_unknown=24;path_count=2;decoded_path_count=2",""
"2026-07-21T19:55:36.0484759Z","IN","716","FollowTarget","SimpleChar","79543CB6","SimpleChar:79543CB6","Malfunctioning Cleaning Robot","","","","","NpcPath","3596.979","51.7449989","783.935852","3596.05469","52.2449989","784.087524","","25","base_unknown=0;follow_type=1;follow_unknown=25","2","base_unknown=0;follow_type=1;follow_unknown=25;path_count=2;decoded_path_count=2",""
"2026-07-21T19:55:36.0484759Z","IN","714","FollowTarget","SimpleChar","797D36A5","SimpleChar:797D36A5","Malfunctioning Cleaning Robot","","","","","NpcPath","3596.81177","51.7449989","788.208923","3596.0332","52.2449989","788.435425","","25","base_unknown=0;follow_type=1;follow_unknown=25","2","base_unknown=0;follow_type=1;follow_unknown=25;path_count=2;decoded_path_count=2",""
"2026-07-21T19:55:36.0484759Z","IN","715","FollowTarget","SimpleChar","7986655E","SimpleChar:7986655E","Malfunctioning Cleaning Robot","","","","","NpcPath","3594.98755","51.7449989","799.731201","3594.21851","52.5","800.205566","","24","base_unknown=0;follow_type=1;follow_unknown=24","2","base_unknown=0;follow_type=1;follow_unknown=24;path_count=2;decoded_path_count=2",""
"2026-07-21T19:55:36.2453567Z","IN","723","FollowTarget","SimpleChar","79543CB6","SimpleChar:79543CB6","Malfunctioning Cleaning Robot","","","","","NpcPath","3596.979","51.7449989","783.935852","3596.10522","51.7449989","783.924805","","25","base_unknown=0;follow_type=1;follow_unknown=25","2","base_unknown=0;follow_type=1;follow_unknown=25;path_count=2;decoded_path_count=2",""
"2026-07-21T19:55:36.2453567Z","IN","721","FollowTarget","SimpleChar","797D36A5","SimpleChar:797D36A5","Malfunctioning Cleaning Robot","","","","","NpcPath","3596.81177","51.7449989","788.208923","3596.04517","52.2449989","788.458313","","25","base_unknown=0;follow_type=1;follow_unknown=25","2","base_unknown=0;follow_type=1;follow_unknown=25;path_count=2;decoded_path_count=2",""
"2026-07-21T19:55:36.2453567Z","IN","722","FollowTarget","SimpleChar","7986655E","SimpleChar:7986655E","Malfunctioning Cleaning Robot","","","","","NpcPath","3594.98755","51.7449989","799.731201","3594.21021","52.5","800.21405","","24","base_unknown=0;follow_type=1;follow_unknown=24","2","base_unknown=0;follow_type=1;follow_unknown=24;path_count=2;decoded_path_count=2",""
"2026-07-21T19:55:36.4552255Z","IN","731","FollowTarget","SimpleChar","79543CB6","SimpleChar:79543CB6","Malfunctioning Cleaning Robot","","","","","NpcPath","3596.979","51.7449989","783.935852","3596.10522","51.7449989","783.924805","","25","base_unknown=0;follow_type=1;follow_unknown=25","2","base_unknown=0;follow_type=1;follow_unknown=25;path_count=2;decoded_path_count=2",""
"2026-07-21T19:55:36.4552255Z","IN","729","FollowTarget","SimpleChar","797D36A5","SimpleChar:797D36A5","Malfunctioning Cleaning Robot","","","","","NpcPath","3596.81177","51.7449989","788.208923","3596.05298","52.2449989","788.477051","","25","base_unknown=0;follow_type=1;follow_unknown=25","2","base_unknown=0;follow_type=1;follow_unknown=25;path_count=2;decoded_path_count=2",""
"2026-07-21T19:55:36.4552255Z","IN","730","FollowTarget","SimpleChar","7986655E","SimpleChar:7986655E","Malfunctioning Cleaning Robot","","","","","NpcPath","3594.98755","51.7449989","799.731201","3594.09863","52.5","799.716675","","24","base_unknown=0;follow_type=1;follow_unknown=24","2","base_unknown=0;follow_type=1;follow_unknown=24;path_count=2;decoded_path_count=2",""
"2026-07-21T19:55:36.6531036Z","IN","737","FollowTarget","SimpleChar","79543CB6","SimpleChar:79543CB6","Malfunctioning Cleaning Robot","","","","","NpcPath","3596.979","51.7449989","783.935852","3596.10522","51.7449989","783.924805","","25","base_unknown=0;follow_type=1;follow_unknown=25","2","base_unknown=0;follow_type=1;follow_unknown=25;path_count=2;decoded_path_count=2",""
"2026-07-21T19:55:36.6531036Z","IN","735","FollowTarget","SimpleChar","797D36A5","SimpleChar:797D36A5","Malfunctioning Cleaning Robot","","","","","NpcPath","3596.81177","51.7449989","788.208923","3596.05518","51.7449989","788.482483","","25","base_unknown=0;follow_type=1;follow_unknown=25","2","base_unknown=0;follow_type=1;follow_unknown=25;path_count=2;decoded_path_count=2",""
"2026-07-21T19:55:36.6531036Z","IN","736","FollowTarget","SimpleChar","7986655E","SimpleChar:7986655E","Malfunctioning Cleaning Robot","","","","","NpcPath","3594.98755","51.7449989","799.731201","3594.08447","52.5","800.287842","","24","base_unknown=0;follow_type=1;follow_unknown=24","2","base_unknown=0;follow_type=1;follow_unknown=24;path_count=2;decoded_path_count=2",""
"2026-07-21T19:55:37.1208146Z","IN","745","FollowTarget","SimpleChar","79543CB6","SimpleChar:79543CB6","Malfunctioning Cleaning Robot","","","","","NpcPath","3596.979","51.7449989","783.935852","3596.10522","51.7449989","783.924805","","25","base_unknown=0;follow_type=1;follow_unknown=25","2","base_unknown=0;follow_type=1;follow_unknown=25;path_count=2;decoded_path_count=2",""
"2026-07-21T19:55:37.1208146Z","IN","748","FollowTarget","SimpleChar","79543CB6","SimpleChar:79543CB6","Malfunctioning Cleaning Robot","","","","","NpcPath","3596.979","51.7449989","783.935852","3596.10522","51.7449989","783.924805","","25","base_unknown=0;follow_type=1;follow_unknown=25","2","base_unknown=0;follow_type=1;follow_unknown=25;path_count=2;decoded_path_count=2",""
"2026-07-21T19:55:37.1208146Z","IN","744","FollowTarget","SimpleChar","797D36A5","SimpleChar:797D36A5","Malfunctioning Cleaning Robot","","","","","NpcPath","3596.81177","51.7449989","788.208923","3596.05518","51.7449989","788.482483","","25","base_unknown=0;follow_type=1;follow_unknown=25","2","base_unknown=0;follow_type=1;follow_unknown=25;path_count=2;decoded_path_count=2",""
"2026-07-21T19:55:37.1208146Z","IN","747","FollowTarget","SimpleChar","797D36A5","SimpleChar:797D36A5","Malfunctioning Cleaning Robot","","","","","NpcPath","3596.81177","51.7449989","788.208923","3596.05518","51.7449989","788.482483","","25","base_unknown=0;follow_type=1;follow_unknown=25","2","base_unknown=0;follow_type=1;follow_unknown=25;path_count=2;decoded_path_count=2",""
"2026-07-21T19:55:37.5435534Z","IN","752","FollowTarget","SimpleChar","79543CB6","SimpleChar:79543CB6","Malfunctioning Cleaning Robot","","","","","NpcPath","3596.979","51.7449989","783.935852","3596.10522","51.7449989","783.924805","","25","base_unknown=0;follow_type=1;follow_unknown=25","2","base_unknown=0;follow_type=1;follow_unknown=25;path_count=2;decoded_path_count=2",""
"2026-07-21T19:55:37.5435534Z","IN","751","FollowTarget","SimpleChar","797D36A5","SimpleChar:797D36A5","Malfunctioning Cleaning Robot","","","","","NpcPath","3596.81177","51.7449989","788.208923","3596.05518","51.7449989","788.482483","","25","base_unknown=0;follow_type=1;follow_unknown=25","2","base_unknown=0;follow_type=1;follow_unknown=25;path_count=2;decoded_path_count=2",""
"2026-07-21T19:55:37.7894018Z","IN","756","FollowTarget","SimpleChar","79543CB6","SimpleChar:79543CB6","Malfunctioning Cleaning Robot","","","","","NpcPath","3596.979","51.7449989","783.935852","3596.10522","51.7449989","783.924805","","25","base_unknown=0;follow_type=1;follow_unknown=25","2","base_unknown=0;follow_type=1;follow_unknown=25;path_count=2;decoded_path_count=2",""
"2026-07-21T19:55:37.7894018Z","IN","759","FollowTarget","SimpleChar","79543CB6","SimpleChar:79543CB6","Malfunctioning Cleaning Robot","","","","","NpcPath","3596.979","51.7449989","783.935852","3596.10522","51.7449989","783.924805","","25","base_unknown=0;follow_type=1;follow_unknown=25","2","base_unknown=0;follow_type=1;follow_unknown=25;path_count=2;decoded_path_count=2",""
"2026-07-21T19:55:37.7894018Z","IN","755","FollowTarget","SimpleChar","797D36A5","SimpleChar:797D36A5","Malfunctioning Cleaning Robot","","","","","NpcPath","3596.81177","51.7449989","788.208923","3596.05591","52.2449989","788.484558","","25","base_unknown=0;follow_type=1;follow_unknown=25","2","base_unknown=0;follow_type=1;follow_unknown=25;path_count=2;decoded_path_count=2",""
"2026-07-21T19:55:37.7894018Z","IN","758","FollowTarget","SimpleChar","797D36A5","SimpleChar:797D36A5","Malfunctioning Cleaning Robot","","","","","NpcPath","3596.81177","51.7449989","788.208923","3596.05518","51.7449989","788.482483","","25","base_unknown=0;follow_type=1;follow_unknown=25","2","base_unknown=0;follow_type=1;follow_unknown=25;path_count=2;decoded_path_count=2",""
"2026-07-21T19:55:37.7894018Z","IN","757","FollowTarget","SimpleChar","79866518","SimpleChar:79866518","Malfunctioning Cleaning Robot","","","","","NpcPath","3608.02881","53.2449989","801.701416","3621.19946","52.5","784.223999","","24","base_unknown=0;follow_type=1;follow_unknown=24","2","base_unknown=0;follow_type=1;follow_unknown=24;path_count=2;decoded_path_count=2",""
"2026-07-21T19:55:37.9842815Z","IN","762","FollowTarget","SimpleChar","79543CB6","SimpleChar:79543CB6","Malfunctioning Cleaning Robot","","","","","NpcPath","3596.979","51.7449989","783.935852","3596.07544","52.2449989","784.051514","","25","base_unknown=0;follow_type=1;follow_unknown=25","2","base_unknown=0;follow_type=1;follow_unknown=25;path_count=2;decoded_path_count=2",""
"2026-07-21T19:55:37.9842815Z","IN","761","FollowTarget","SimpleChar","797D36A5","SimpleChar:797D36A5","Malfunctioning Cleaning Robot","","","","","NpcPath","3596.81177","51.7449989","788.208923","3596.02881","52.2449989","788.741028","","25","base_unknown=0;follow_type=1;follow_unknown=25","2","base_unknown=0;follow_type=1;follow_unknown=25;path_count=2;decoded_path_count=2",""
"2026-07-21T19:55:37.9842815Z","IN","763","FollowTarget","SimpleChar","79866565","SimpleChar:79866565","Malfunctioning Cleaning Robot","","","","","NpcPath","3601.2876","52.1349983","788.628784","3623.00098","52.5","798.700012","","24","base_unknown=0;follow_type=1;follow_unknown=24","2","base_unknown=0;follow_type=1;follow_unknown=24;path_count=2;decoded_path_count=2",""
"2026-07-21T19:55:38.1971509Z","IN","765","FollowTarget","SimpleChar","79543CB6","SimpleChar:79543CB6","Malfunctioning Cleaning Robot","","","","","NpcPath","3596.979","51.7449989","783.935852","3596.10522","51.7449989","783.924805","","25","base_unknown=0;follow_type=1;follow_unknown=25","2","base_unknown=0;follow_type=1;follow_unknown=25;path_count=2;decoded_path_count=2",""
"2026-07-21T19:55:38.1971509Z","IN","764","FollowTarget","SimpleChar","797D36A5","SimpleChar:797D36A5","Malfunctioning Cleaning Robot","","","","","NpcPath","3596.81177","51.7449989","788.208923","3596.05518","51.7449989","788.482483","","25","base_unknown=0;follow_type=1;follow_unknown=25","2","base_unknown=0;follow_type=1;follow_unknown=25;path_count=2;decoded_path_count=2",""
"2026-07-21T19:55:38.3980283Z","IN","767","FollowTarget","SimpleChar","79543CB6","SimpleChar:79543CB6","Malfunctioning Cleaning Robot","","","","","NpcPath","3596.979","51.7449989","783.935852","3596.10522","51.7449989","783.924805","","25","base_unknown=0;follow_type=1;follow_unknown=25","2","base_unknown=0;follow_type=1;follow_unknown=25;path_count=2;decoded_path_count=2",""
"2026-07-21T19:55:38.3980283Z","IN","766","FollowTarget","SimpleChar","797D36A5","SimpleChar:797D36A5","Malfunctioning Cleaning Robot","","","","","NpcPath","3596.81177","51.7449989","788.208923","3596.05518","51.7449989","788.482483","","25","base_unknown=0;follow_type=1;follow_unknown=25","2","base_unknown=0;follow_type=1;follow_unknown=25;path_count=2;decoded_path_count=2",""
"2026-07-21T19:55:38.6278843Z","IN","771","FollowTarget","SimpleChar","79543CB6","SimpleChar:79543CB6","Malfunctioning Cleaning Robot","","","","","NpcPath","3596.979","51.7449989","783.935852","3596.10522","51.7449989","783.924805","","25","base_unknown=0;follow_type=1;follow_unknown=25","2","base_unknown=0;follow_type=1;follow_unknown=25;path_count=2;decoded_path_count=2",""
"2026-07-21T19:55:38.6278843Z","IN","770","FollowTarget","SimpleChar","797D36A5","SimpleChar:797D36A5","Malfunctioning Cleaning Robot","","","","","NpcPath","3596.81177","51.7449989","788.208923","3596.01514","52.2449989","788.407471","","25","base_unknown=0;follow_type=1;follow_unknown=25","2","base_unknown=0;follow_type=1;follow_unknown=25;path_count=2;decoded_path_count=2",""
"2026-07-21T19:55:38.8217650Z","IN","773","FollowTarget","SimpleChar","79543CB6","SimpleChar:79543CB6","Malfunctioning Cleaning Robot","","","","","NpcPath","3596.979","51.7449989","783.935852","3596.06055","52.2449989","783.76355","","25","base_unknown=0;follow_type=1;follow_unknown=25","2","base_unknown=0;follow_type=1;follow_unknown=25;path_count=2;decoded_path_count=2",""
"2026-07-21T19:55:38.8217650Z","IN","772","FollowTarget","SimpleChar","797D36A5","SimpleChar:797D36A5","Malfunctioning Cleaning Robot","","","","","NpcPath","3596.81177","51.7449989","788.208923","3596.05518","51.7449989","788.482483","","25","base_unknown=0;follow_type=1;follow_unknown=25","2","base_unknown=0;follow_type=1;follow_unknown=25;path_count=2;decoded_path_count=2",""
"2026-07-21T19:55:39.0746114Z","IN","778","FollowTarget","SimpleChar","79543CB6","SimpleChar:79543CB6","Malfunctioning Cleaning Robot","","","","","NpcPath","3596.979","51.7449989","783.935852","3596.03296","52.2449989","783.725891","","25","base_unknown=0;follow_type=1;follow_unknown=25","2","base_unknown=0;follow_type=1;follow_unknown=25;path_count=2;decoded_path_count=2",""
"2026-07-21T19:55:39.0746114Z","IN","777","FollowTarget","SimpleChar","797D36A5","SimpleChar:797D36A5","Malfunctioning Cleaning Robot","","","","","NpcPath","3596.81177","51.7449989","788.208923","3596.05518","51.7449989","788.482483","","25","base_unknown=0;follow_type=1;follow_unknown=25","2","base_unknown=0;follow_type=1;follow_unknown=25;path_count=2;decoded_path_count=2",""
"2026-07-21T19:55:39.2764867Z","IN","781","FollowTarget","SimpleChar","79543CB6","SimpleChar:79543CB6","Malfunctioning Cleaning Robot","","","","","NpcPath","3596.979","51.7449989","783.935852","3596.05444","52.2449989","784.088074","","25","base_unknown=0;follow_type=1;follow_unknown=25","2","base_unknown=0;follow_type=1;follow_unknown=25;path_count=2;decoded_path_count=2",""
"2026-07-21T19:55:39.2764867Z","IN","780","FollowTarget","SimpleChar","797D36A5","SimpleChar:797D36A5","Malfunctioning Cleaning Robot","","","","","NpcPath","3596.81177","51.7449989","788.208923","3596.05518","51.7449989","788.482483","","25","base_unknown=0;follow_type=1;follow_unknown=25","2","base_unknown=0;follow_type=1;follow_unknown=25;path_count=2;decoded_path_count=2",""
"2026-07-21T19:55:39.4763634Z","IN","788","FollowTarget","SimpleChar","79543CB6","SimpleChar:79543CB6","Malfunctioning Cleaning Robot","","","","","NpcPath","3596.979","51.7449989","783.935852","3596.10083","52.2449989","783.971436","","25","base_unknown=0;follow_type=1;follow_unknown=25","2","base_unknown=0;follow_type=1;follow_unknown=25;path_count=2;decoded_path_count=2",""
"2026-07-21T19:55:39.4763634Z","IN","787","FollowTarget","SimpleChar","797D36A5","SimpleChar:797D36A5","Malfunctioning Cleaning Robot","","","","","NpcPath","3596.81177","51.7449989","788.208923","3596.05518","51.7449989","788.482483","","25","base_unknown=0;follow_type=1;follow_unknown=25","2","base_unknown=0;follow_type=1;follow_unknown=25;path_count=2;decoded_path_count=2",""
"2026-07-21T19:55:39.6912309Z","IN","792","FollowTarget","SimpleChar","79543CB6","SimpleChar:79543CB6","Malfunctioning Cleaning Robot","","","","","NpcPath","3596.979","51.7449989","783.935852","3596.10498","52.2449989","783.912476","","25","base_unknown=0;follow_type=1;follow_unknown=25","2","base_unknown=0;follow_type=1;follow_unknown=25;path_count=2;decoded_path_count=2",""
"2026-07-21T19:55:39.6912309Z","IN","791","FollowTarget","SimpleChar","797D36A5","SimpleChar:797D36A5","Malfunctioning Cleaning Robot","","","","","NpcPath","3596.81177","51.7449989","788.208923","3596.05518","51.7449989","788.482483","","25","base_unknown=0;follow_type=1;follow_unknown=25","2","base_unknown=0;follow_type=1;follow_unknown=25;path_count=2;decoded_path_count=2",""
"2026-07-21T19:55:39.9010998Z","IN","795","FollowTarget","SimpleChar","79543CB6","SimpleChar:79543CB6","Malfunctioning Cleaning Robot","","","","","NpcPath","3596.979","51.7449989","783.935852","3596.07886","52.2449989","784.043701","","25","base_unknown=0;follow_type=1;follow_unknown=25","2","base_unknown=0;follow_type=1;follow_unknown=25;path_count=2;decoded_path_count=2",""
"2026-07-21T19:55:39.9010998Z","IN","794","FollowTarget","SimpleChar","797D36A5","SimpleChar:797D36A5","Malfunctioning Cleaning Robot","","","","","NpcPath","3596.81177","51.7449989","788.208923","3596.05518","51.7449989","788.482483","","25","base_unknown=0;follow_type=1;follow_unknown=25","2","base_unknown=0;follow_type=1;follow_unknown=25;path_count=2;decoded_path_count=2",""
"2026-07-21T19:55:40.0919825Z","IN","798","FollowTarget","SimpleChar","79543CB6","SimpleChar:79543CB6","Malfunctioning Cleaning Robot","","","","","NpcPath","3596.979","51.7449989","783.935852","3596.10522","51.7449989","783.924805","","25","base_unknown=0;follow_type=1;follow_unknown=25","2","base_unknown=0;follow_type=1;follow_unknown=25;path_count=2;decoded_path_count=2",""
"2026-07-21T19:55:40.0919825Z","IN","797","FollowTarget","SimpleChar","797D36A5","SimpleChar:797D36A5","Malfunctioning Cleaning Robot","","","","","NpcPath","3596.81177","51.7449989","788.208923","3596.06787","52.2449989","788.529785","","25","base_unknown=0;follow_type=1;follow_unknown=25","2","base_unknown=0;follow_type=1;follow_unknown=25;path_count=2;decoded_path_count=2",""
"2026-07-21T19:55:40.2928583Z","IN","804","FollowTarget","SimpleChar","79543CB6","SimpleChar:79543CB6","Malfunctioning Cleaning Robot","","","","","NpcPath","3596.979","51.7449989","783.935852","3596.08032","52.2449989","784.040588","","25","base_unknown=0;follow_type=1;follow_unknown=25","2","base_unknown=0;follow_type=1;follow_unknown=25;path_count=2;decoded_path_count=2",""
"2026-07-21T19:55:40.2928583Z","IN","802","FollowTarget","SimpleChar","797D36A5","SimpleChar:797D36A5","Malfunctioning Cleaning Robot","","","","","NpcPath","3596.81177","51.7449989","788.208923","3596.05518","51.7449989","788.482483","","25","base_unknown=0;follow_type=1;follow_unknown=25","2","base_unknown=0;follow_type=1;follow_unknown=25;path_count=2;decoded_path_count=2",""
"2026-07-21T19:55:40.5167208Z","IN","807","FollowTarget","SimpleChar","79543CB6","SimpleChar:79543CB6","Malfunctioning Cleaning Robot","","","","","NpcPath","3596.979","51.7449989","783.935852","3596.09155","52.2449989","784.010742","","25","base_unknown=0;follow_type=1;follow_unknown=25","2","base_unknown=0;follow_type=1;follow_unknown=25;path_count=2;decoded_path_count=2",""
"2026-07-21T19:55:40.5167208Z","IN","806","FollowTarget","SimpleChar","797D36A5","SimpleChar:797D36A5","Malfunctioning Cleaning Robot","","","","","NpcPath","3596.81177","51.7449989","788.208923","3596.04175","52.2449989","788.451355","","25","base_unknown=0;follow_type=1;follow_unknown=25","2","base_unknown=0;follow_type=1;follow_unknown=25;path_count=2;decoded_path_count=2",""
"2026-07-21T19:55:40.9004860Z","IN","812","FollowTarget","SimpleChar","79543CB6","SimpleChar:79543CB6","Malfunctioning Cleaning Robot","","","","","NpcPath","3596.979","51.7449989","783.935852","3596.10132","52.2449989","783.968384","","25","base_unknown=0;follow_type=1;follow_unknown=25","2","base_unknown=0;follow_type=1;follow_unknown=25;path_count=2;decoded_path_count=2",""
"2026-07-21T19:55:40.9004860Z","IN","811","FollowTarget","SimpleChar","797D36A5","SimpleChar:797D36A5","Malfunctioning Cleaning Robot","","","","","NpcPath","3596.81177","51.7449989","788.208923","3596.05518","51.7449989","788.482483","","25","base_unknown=0;follow_type=1;follow_unknown=25","2","base_unknown=0;follow_type=1;follow_unknown=25;path_count=2;decoded_path_count=2",""
"2026-07-21T19:55:40.9144745Z","IN","815","FollowTarget","SimpleChar","79543CB6","SimpleChar:79543CB6","Malfunctioning Cleaning Robot","","","","","NpcPath","3596.979","51.7449989","783.935852","3596.02466","52.2449989","783.716492","","25","base_unknown=0;follow_type=1;follow_unknown=25","2","base_unknown=0;follow_type=1;follow_unknown=25;path_count=2;decoded_path_count=2",""
"2026-07-21T19:55:40.9144745Z","IN","814","FollowTarget","SimpleChar","797D36A5","SimpleChar:797D36A5","Malfunctioning Cleaning Robot","","","","","NpcPath","3596.81177","51.7449989","788.208923","3596.01758","52.2449989","788.41095","","25","base_unknown=0;follow_type=1;follow_unknown=25","2","base_unknown=0;follow_type=1;follow_unknown=25;path_count=2;decoded_path_count=2",""
"2026-07-21T19:55:41.1173491Z","IN","818","FollowTarget","SimpleChar","79543CB6","SimpleChar:79543CB6","Malfunctioning Cleaning Robot","","","","","NpcPath","3596.979","51.7449989","783.935852","3596.10522","51.7449989","783.924805","","25","base_unknown=0;follow_type=1;follow_unknown=25","2","base_unknown=0;follow_type=1;follow_unknown=25;path_count=2;decoded_path_count=2",""
"2026-07-21T19:55:41.1173491Z","IN","817","FollowTarget","SimpleChar","797D36A5","SimpleChar:797D36A5","Malfunctioning Cleaning Robot","","","","","NpcPath","3596.81177","51.7449989","788.208923","3596.05518","51.7449989","788.482483","","25","base_unknown=0;follow_type=1;follow_unknown=25","2","base_unknown=0;follow_type=1;follow_unknown=25;path_count=2;decoded_path_count=2",""
"2026-07-21T19:55:41.3232236Z","IN","821","FollowTarget","SimpleChar","79543CB6","SimpleChar:79543CB6","Malfunctioning Cleaning Robot","","","","","NpcPath","3596.979","51.7449989","783.935852","3596.04932","52.2449989","783.746643","","25","base_unknown=0;follow_type=1;follow_unknown=25","2","base_unknown=0;follow_type=1;follow_unknown=25;path_count=2;decoded_path_count=2",""
"2026-07-21T19:55:41.3232236Z","IN","820","FollowTarget","SimpleChar","797D36A5","SimpleChar:797D36A5","Malfunctioning Cleaning Robot","","","","","NpcPath","3596.81177","51.7449989","788.208923","3596.05249","52.2449989","788.693054","","25","base_unknown=0;follow_type=1;follow_unknown=25","2","base_unknown=0;follow_type=1;follow_unknown=25;path_count=2;decoded_path_count=2",""
"2026-07-21T19:55:41.5270978Z","IN","824","FollowTarget","SimpleChar","79543CB6","SimpleChar:79543CB6","Malfunctioning Cleaning Robot","","","","","NpcPath","3596.979","51.7449989","783.935852","3596.04395","52.2449989","783.739563","","25","base_unknown=0;follow_type=1;follow_unknown=25","2","base_unknown=0;follow_type=1;follow_unknown=25;path_count=2;decoded_path_count=2",""
"2026-07-21T19:55:41.5270978Z","IN","823","FollowTarget","SimpleChar","797D36A5","SimpleChar:797D36A5","Malfunctioning Cleaning Robot","","","","","NpcPath","3596.81177","51.7449989","788.208923","3596.05518","51.7449989","788.482483","","25","base_unknown=0;follow_type=1;follow_unknown=25","2","base_unknown=0;follow_type=1;follow_unknown=25;path_count=2;decoded_path_count=2",""
"2026-07-21T19:55:41.7269737Z","IN","830","FollowTarget","SimpleChar","79543CB6","SimpleChar:79543CB6","Malfunctioning Cleaning Robot","","","","","NpcPath","3596.979","51.7449989","783.935852","3596.05127","52.2449989","783.749268","","25","base_unknown=0;follow_type=1;follow_unknown=25","2","base_unknown=0;follow_type=1;follow_unknown=25;path_count=2;decoded_path_count=2",""
"2026-07-21T19:55:41.7269737Z","IN","829","FollowTarget","SimpleChar","797D36A5","SimpleChar:797D36A5","Malfunctioning Cleaning Robot","","","","","NpcPath","3596.81177","51.7449989","788.208923","3596.05518","51.7449989","788.482483","","25","base_unknown=0;follow_type=1;follow_unknown=25","2","base_unknown=0;follow_type=1;follow_unknown=25;path_count=2;decoded_path_count=2",""
"2026-07-21T19:55:42.0058015Z","IN","834","FollowTarget","SimpleChar","79543CB6","SimpleChar:79543CB6","Malfunctioning Cleaning Robot","","","","","NpcPath","3596.979","51.7449989","783.935852","3596.05884","52.2449989","783.760925","","25","base_unknown=0;follow_type=1;follow_unknown=25","2","base_unknown=0;follow_type=1;follow_unknown=25;path_count=2;decoded_path_count=2",""
"2026-07-21T19:55:42.0058015Z","IN","833","FollowTarget","SimpleChar","797D36A5","SimpleChar:797D36A5","Malfunctioning Cleaning Robot","","","","","NpcPath","3596.81177","51.7449989","788.208923","3596.05518","51.7449989","788.482483","","25","base_unknown=0;follow_type=1;follow_unknown=25","2","base_unknown=0;follow_type=1;follow_unknown=25;path_count=2;decoded_path_count=2",""
"2026-07-21T19:55:42.2036805Z","IN","839","FollowTarget","SimpleChar","79543CB6","SimpleChar:79543CB6","Malfunctioning Cleaning Robot","","","","","NpcPath","3596.979","51.7449989","783.935852","3596.10498","52.2449989","783.931274","","25","base_unknown=0;follow_type=1;follow_unknown=25","2","base_unknown=0;follow_type=1;follow_unknown=25;path_count=2;decoded_path_count=2",""
"2026-07-21T19:55:42.2036805Z","IN","838","FollowTarget","SimpleChar","797D36A5","SimpleChar:797D36A5","Malfunctioning Cleaning Robot","","","","","NpcPath","3596.81177","51.7449989","788.208923","3596.05444","52.2449989","788.480774","","25","base_unknown=0;follow_type=1;follow_unknown=25","2","base_unknown=0;follow_type=1;follow_unknown=25;path_count=2;decoded_path_count=2",""
"2026-07-21T19:55:42.2036805Z","IN","841","FollowTarget","SimpleChar","7986655D","SimpleChar:7986655D","Malfunctioning Cleaning Robot","","","","","NpcPath","3598.7041","51.7449989","785.809021","3598.85498","52.5","786.737427","","24","base_unknown=0;follow_type=1;follow_unknown=24","2","base_unknown=0;follow_type=1;follow_unknown=24;path_count=2;decoded_path_count=2",""
"2026-07-21T19:55:42.6504059Z","IN","844","FollowTarget","SimpleChar","797D36A5","SimpleChar:797D36A5","Malfunctioning Cleaning Robot","","","","","NpcPath","3596.81177","51.7449989","788.208923","3596.05518","51.7449989","788.482483","","25","base_unknown=0;follow_type=1;follow_unknown=25","2","base_unknown=0;follow_type=1;follow_unknown=25;path_count=2;decoded_path_count=2",""
"2026-07-21T19:55:42.6514053Z","IN","845","FollowTarget","SimpleChar","79543CB6","SimpleChar:79543CB6","Malfunctioning Cleaning Robot","","","","","NpcPath","3596.979","51.7449989","783.935852","3596.02515","52.2449989","784.124939","","25","base_unknown=0;follow_type=1;follow_unknown=25","2","base_unknown=0;follow_type=1;follow_unknown=25;path_count=2;decoded_path_count=2",""
"2026-07-21T19:55:42.6514053Z","IN","852","FollowTarget","SimpleChar","79543CB6","SimpleChar:79543CB6","Malfunctioning Cleaning Robot","","","","","NpcPath","3596.979","51.7449989","783.935852","3596.10522","51.7449989","783.924805","","25","base_unknown=0;follow_type=1;follow_unknown=25","2","base_unknown=0;follow_type=1;follow_unknown=25;path_count=2;decoded_path_count=2",""
"2026-07-21T19:55:42.6514053Z","IN","851","FollowTarget","SimpleChar","797D36A5","SimpleChar:797D36A5","Malfunctioning Cleaning Robot","","","","","NpcPath","3596.81177","51.7449989","788.208923","3596.0564","52.2449989","788.682739","","25","base_unknown=0;follow_type=1;follow_unknown=25","2","base_unknown=0;follow_type=1;follow_unknown=25;path_count=2;decoded_path_count=2",""
"2026-07-21T19:55:42.6514053Z","IN","846","FollowTarget","SimpleChar","7986655D","SimpleChar:7986655D","Malfunctioning Cleaning Robot","","","","","NpcPath","3598.7041","51.7449989","785.809021","3598.73169","52.5","786.865601","","24","base_unknown=0;follow_type=1;follow_unknown=24","2","base_unknown=0;follow_type=1;follow_unknown=24;path_count=2;decoded_path_count=2",""
"2026-07-21T19:55:42.8607350Z","IN","857","FollowTarget","SimpleChar","79543CB6","SimpleChar:79543CB6","Malfunctioning Cleaning Robot","","","","","NpcPath","3596.979","51.7449989","783.935852","3596.10522","51.7449989","783.924805","","25","base_unknown=0;follow_type=1;follow_unknown=25","2","base_unknown=0;follow_type=1;follow_unknown=25;path_count=2;decoded_path_count=2",""
"2026-07-21T19:55:42.8607350Z","IN","856","FollowTarget","SimpleChar","797D36A5","SimpleChar:797D36A5","Malfunctioning Cleaning Robot","","","","","NpcPath","3596.81177","51.7449989","788.208923","3596.03638","52.2449989","788.440918","","25","base_unknown=0;follow_type=1;follow_unknown=25","2","base_unknown=0;follow_type=1;follow_unknown=25;path_count=2;decoded_path_count=2",""
"2026-07-21T19:55:42.8607350Z","IN","858","FollowTarget","SimpleChar","7986655D","SimpleChar:7986655D","Malfunctioning Cleaning Robot","","","","","NpcPath","3598.70581","51.7449989","785.870178","3598.70068","52.5","786.979736","","24","base_unknown=0;follow_type=1;follow_unknown=24","2","base_unknown=0;follow_type=1;follow_unknown=24;path_count=2;decoded_path_count=2",""
"2026-07-21T19:55:43.0626104Z","IN","860","FollowTarget","SimpleChar","79543CB6","SimpleChar:79543CB6","Malfunctioning Cleaning Robot","","","","","NpcPath","3596.979","51.7449989","783.935852","3596.10522","51.7449989","783.924805","","25","base_unknown=0;follow_type=1;follow_unknown=25","2","base_unknown=0;follow_type=1;follow_unknown=25;path_count=2;decoded_path_count=2",""
"2026-07-21T19:55:43.0626104Z","IN","859","FollowTarget","SimpleChar","797D36A5","SimpleChar:797D36A5","Malfunctioning Cleaning Robot","","","","","NpcPath","3596.81177","51.7449989","788.208923","3596.05518","51.7449989","788.482483","","25","base_unknown=0;follow_type=1;follow_unknown=25","2","base_unknown=0;follow_type=1;follow_unknown=25;path_count=2;decoded_path_count=2",""
"2026-07-21T19:55:43.0636099Z","IN","861","FollowTarget","SimpleChar","79866560","SimpleChar:79866560","Malfunctioning Cleaning Robot","","","","","NpcPath","3621.86304","51.7449989","798.693726","3622.70044","52.5","798.983826","","24","base_unknown=0;follow_type=1;follow_unknown=24","2","base_unknown=0;follow_type=1;follow_unknown=24;path_count=2;decoded_path_count=2",""
"2026-07-21T19:55:43.2684837Z","IN","863","FollowTarget","SimpleChar","79543CB6","SimpleChar:79543CB6","Malfunctioning Cleaning Robot","","","","","NpcPath","3596.979","51.7449989","783.935852","3596.10522","51.7449989","783.924805","","25","base_unknown=0;follow_type=1;follow_unknown=25","2","base_unknown=0;follow_type=1;follow_unknown=25;path_count=2;decoded_path_count=2",""
"2026-07-21T19:55:43.2684837Z","IN","862","FollowTarget","SimpleChar","797D36A5","SimpleChar:797D36A5","Malfunctioning Cleaning Robot","","","","","NpcPath","3596.81177","51.7449989","788.208923","3596.05518","51.7449989","788.482483","","25","base_unknown=0;follow_type=1;follow_unknown=25","2","base_unknown=0;follow_type=1;follow_unknown=25;path_count=2;decoded_path_count=2",""
"2026-07-21T19:55:43.2684837Z","IN","865","FollowTarget","SimpleChar","7986655D","SimpleChar:7986655D","Malfunctioning Cleaning Robot","","","","","NpcPath","3598.70532","51.7449989","785.983276","3598.95459","52.5","786.70343","","24","base_unknown=0;follow_type=1;follow_unknown=24","2","base_unknown=0;follow_type=1;follow_unknown=24;path_count=2;decoded_path_count=2",""
"2026-07-21T19:55:43.2684837Z","IN","864","FollowTarget","SimpleChar","79866560","SimpleChar:79866560","Malfunctioning Cleaning Robot","","","","","NpcPath","3621.86304","51.7449989","798.693726","3622.99243","52.5","798.700073","","24","base_unknown=0;follow_type=1;follow_unknown=24","2","base_unknown=0;follow_type=1;follow_unknown=24;path_count=2;decoded_path_count=2",""
"2026-07-21T19:55:43.4813521Z","IN","867","FollowTarget","SimpleChar","79543CB6","SimpleChar:79543CB6","Malfunctioning Cleaning Robot","","","","","NpcPath","3596.979","51.7449989","783.935852","3596.08252","52.2449989","784.035645","","25","base_unknown=0;follow_type=1;follow_unknown=25","2","base_unknown=0;follow_type=1;follow_unknown=25;path_count=2;decoded_path_count=2",""
"2026-07-21T19:55:43.4813521Z","IN","866","FollowTarget","SimpleChar","797D36A5","SimpleChar:797D36A5","Malfunctioning Cleaning Robot","","","","","NpcPath","3596.81177","51.7449989","788.208923","3596.05518","51.7449989","788.482483","","25","base_unknown=0;follow_type=1;follow_unknown=25","2","base_unknown=0;follow_type=1;follow_unknown=25;path_count=2;decoded_path_count=2",""
"2026-07-21T19:55:43.4813521Z","IN","868","FollowTarget","SimpleChar","7986655D","SimpleChar:7986655D","Malfunctioning Cleaning Robot","","","","","NpcPath","3598.70532","51.7449989","785.983276","3598.70142","52.5","786.971863","","24","base_unknown=0;follow_type=1;follow_unknown=24","2","base_unknown=0;follow_type=1;follow_unknown=24;path_count=2;decoded_path_count=2",""
"2026-07-21T19:55:43.9390701Z","IN","871","FollowTarget","SimpleChar","79543CB6","SimpleChar:79543CB6","Malfunctioning Cleaning Robot","","","","","NpcPath","3596.979","51.7449989","783.935852","3596.10132","52.2449989","783.872803","","25","base_unknown=0;follow_type=1;follow_unknown=25","2","base_unknown=0;follow_type=1;follow_unknown=25;path_count=2;decoded_path_count=2",""
"2026-07-21T19:55:43.9390701Z","IN","877","FollowTarget","SimpleChar","79543CB6","SimpleChar:79543CB6","Malfunctioning Cleaning Robot","","","","","NpcPath","3596.979","51.7449989","783.935852","3596.09961","52.2449989","783.863892","","25","base_unknown=0;follow_type=1;follow_unknown=25","2","base_unknown=0;follow_type=1;follow_unknown=25;path_count=2;decoded_path_count=2",""
"2026-07-21T19:55:43.9390701Z","IN","870","FollowTarget","SimpleChar","797D36A5","SimpleChar:797D36A5","Malfunctioning Cleaning Robot","","","","","NpcPath","3596.81177","51.7449989","788.208923","3596.05518","51.7449989","788.482483","","25","base_unknown=0;follow_type=1;follow_unknown=25","2","base_unknown=0;follow_type=1;follow_unknown=25;path_count=2;decoded_path_count=2",""
"2026-07-21T19:55:43.9390701Z","IN","876","FollowTarget","SimpleChar","797D36A5","SimpleChar:797D36A5","Malfunctioning Cleaning Robot","","","","","NpcPath","3596.81177","51.7449989","788.208923","3596.05518","51.7449989","788.482483","","25","base_unknown=0;follow_type=1;follow_unknown=25","2","base_unknown=0;follow_type=1;follow_unknown=25;path_count=2;decoded_path_count=2",""
"2026-07-21T19:55:43.9390701Z","IN","873","FollowTarget","SimpleChar","7986655D","SimpleChar:7986655D","Malfunctioning Cleaning Robot","","","","","NpcPath","3598.70532","51.7449989","785.983276","3599.17554","52.5","786.756653","","24","base_unknown=0;follow_type=1;follow_unknown=24","2","base_unknown=0;follow_type=1;follow_unknown=24;path_count=2;decoded_path_count=2",""
"2026-07-21T19:55:43.9390701Z","IN","879","FollowTarget","SimpleChar","7986655D","SimpleChar:7986655D","Malfunctioning Cleaning Robot","","","","","NpcPath","3598.70532","51.7449989","785.983276","3599.27686","52.5","786.884705","","24","base_unknown=0;follow_type=1;follow_unknown=24","2","base_unknown=0;follow_type=1;follow_unknown=24;path_count=2;decoded_path_count=2",""
"2026-07-21T19:55:43.9390701Z","IN","872","FollowTarget","SimpleChar","79866560","SimpleChar:79866560","Malfunctioning Cleaning Robot","","","","","NpcPath","3621.99268","51.7449989","798.694458","3622.82617","52.5","799.244446","","24","base_unknown=0;follow_type=1;follow_unknown=24","2","base_unknown=0;follow_type=1;follow_unknown=24;path_count=2;decoded_path_count=2",""
"2026-07-21T19:55:43.9390701Z","IN","878","FollowTarget","SimpleChar","79866560","SimpleChar:79866560","Malfunctioning Cleaning Robot","","","","","NpcPath","3621.99268","51.7449989","798.694458","3622.86938","52.5","799.270142","","24","base_unknown=0;follow_type=1;follow_unknown=24","2","base_unknown=0;follow_type=1;follow_unknown=24;path_count=2;decoded_path_count=2",""
"2026-07-21T19:55:44.1339496Z","IN","881","FollowTarget","SimpleChar","79543CB6","SimpleChar:79543CB6","Malfunctioning Cleaning Robot","","","","","NpcPath","3596.979","51.7449989","783.935852","3596.01514","52.2449989","784.135315","","25","base_unknown=0;follow_type=1;follow_unknown=25","2","base_unknown=0;follow_type=1;follow_unknown=25;path_count=2;decoded_path_count=2",""
"2026-07-21T19:55:44.1339496Z","IN","880","FollowTarget","SimpleChar","797D36A5","SimpleChar:797D36A5","Malfunctioning Cleaning Robot","","","","","NpcPath","3596.81177","51.7449989","788.208923","3596.05518","51.7449989","788.482483","","25","base_unknown=0;follow_type=1;follow_unknown=25","2","base_unknown=0;follow_type=1;follow_unknown=25;path_count=2;decoded_path_count=2",""
"2026-07-21T19:55:44.3738023Z","IN","884","FollowTarget","SimpleChar","79543CB6","SimpleChar:79543CB6","Malfunctioning Cleaning Robot","","","","","NpcPath","3596.979","51.7449989","783.935852","3596.10522","51.7449989","783.924805","","25","base_unknown=0;follow_type=1;follow_unknown=25","2","base_unknown=0;follow_type=1;follow_unknown=25;path_count=2;decoded_path_count=2",""
"2026-07-21T19:55:44.3738023Z","IN","883","FollowTarget","SimpleChar","797D36A5","SimpleChar:797D36A5","Malfunctioning Cleaning Robot","","","","","NpcPath","3596.81177","51.7449989","788.208923","3596.05518","51.7449989","788.482483","","25","base_unknown=0;follow_type=1;follow_unknown=25","2","base_unknown=0;follow_type=1;follow_unknown=25;path_count=2;decoded_path_count=2",""
"2026-07-21T19:55:44.6376388Z","IN","886","FollowTarget","SimpleChar","79543CB6","SimpleChar:79543CB6","Malfunctioning Cleaning Robot","","","","","NpcPath","3596.979","51.7449989","783.935852","3596.08252","52.2449989","783.806396","","25","base_unknown=0;follow_type=1;follow_unknown=25","2","base_unknown=0;follow_type=1;follow_unknown=25;path_count=2;decoded_path_count=2",""
"2026-07-21T19:55:44.6376388Z","IN","885","FollowTarget","SimpleChar","797D36A5","SimpleChar:797D36A5","Malfunctioning Cleaning Robot","","","","","NpcPath","3596.81177","51.7449989","788.208923","3596.06226","52.2449989","788.663452","","25","base_unknown=0;follow_type=1;follow_unknown=25","2","base_unknown=0;follow_type=1;follow_unknown=25;path_count=2;decoded_path_count=2",""
"2026-07-21T19:55:44.8485084Z","IN","891","FollowTarget","SimpleChar","79543CB6","SimpleChar:79543CB6","Malfunctioning Cleaning Robot","","","","","NpcPath","3596.979","51.7449989","783.935852","3596.03809","52.2449989","784.110046","","25","base_unknown=0;follow_type=1;follow_unknown=25","2","base_unknown=0;follow_type=1;follow_unknown=25;path_count=2;decoded_path_count=2",""
"2026-07-21T19:55:44.8485084Z","IN","890","FollowTarget","SimpleChar","797D36A5","SimpleChar:797D36A5","Malfunctioning Cleaning Robot","","","","","NpcPath","3596.81177","51.7449989","788.208923","3596.05518","51.7449989","788.482483","","25","base_unknown=0;follow_type=1;follow_unknown=25","2","base_unknown=0;follow_type=1;follow_unknown=25;path_count=2;decoded_path_count=2",""
"2026-07-21T19:55:45.0783667Z","IN","893","FollowTarget","SimpleChar","79543CB6","SimpleChar:79543CB6","Malfunctioning Cleaning Robot","","","","","NpcPath","3596.979","51.7449989","783.935852","3596.02295","52.2449989","783.714539","","25","base_unknown=0;follow_type=1;follow_unknown=25","2","base_unknown=0;follow_type=1;follow_unknown=25;path_count=2;decoded_path_count=2",""
"2026-07-21T19:55:45.0783667Z","IN","892","FollowTarget","SimpleChar","797D36A5","SimpleChar:797D36A5","Malfunctioning Cleaning Robot","","","","","NpcPath","3596.81177","51.7449989","788.208923","3596.06885","52.2449989","788.634094","","25","base_unknown=0;follow_type=1;follow_unknown=25","2","base_unknown=0;follow_type=1;follow_unknown=25;path_count=2;decoded_path_count=2",""
"2026-07-21T19:55:45.2772438Z","IN","896","FollowTarget","SimpleChar","79543CB6","SimpleChar:79543CB6","Malfunctioning Cleaning Robot","","","","","NpcPath","3596.979","51.7449989","783.935852","3596.10522","51.7449989","783.924805","","25","base_unknown=0;follow_type=1;follow_unknown=25","2","base_unknown=0;follow_type=1;follow_unknown=25;path_count=2;decoded_path_count=2",""
"2026-07-21T19:55:45.2772438Z","IN","894","FollowTarget","SimpleChar","797D36A5","SimpleChar:797D36A5","Malfunctioning Cleaning Robot","","","","","NpcPath","3596.81177","51.7449989","788.208923","3596.05518","51.7449989","788.482483","","25","base_unknown=0;follow_type=1;follow_unknown=25","2","base_unknown=0;follow_type=1;follow_unknown=25;path_count=2;decoded_path_count=2",""
"2026-07-21T19:55:45.2772438Z","IN","895","FollowTarget","SimpleChar","7986655E","SimpleChar:7986655E","Malfunctioning Cleaning Robot","","","","","NpcPath","3594.91528","51.7449989","799.775879","3610.70483","52.5","777.946411","","24","base_unknown=0;follow_type=1;follow_unknown=24","2","base_unknown=0;follow_type=1;follow_unknown=24;path_count=2;decoded_path_count=2",""
"2026-07-21T19:55:45.4881145Z","IN","898","FollowTarget","SimpleChar","79543CB6","SimpleChar:79543CB6","Malfunctioning Cleaning Robot","","","","","NpcPath","3596.979","51.7449989","783.935852","3596.02856","52.2449989","783.720642","","25","base_unknown=0;follow_type=1;follow_unknown=25","2","base_unknown=0;follow_type=1;follow_unknown=25;path_count=2;decoded_path_count=2",""
"2026-07-21T19:55:45.4881145Z","IN","897","FollowTarget","SimpleChar","797D36A5","SimpleChar:797D36A5","Malfunctioning Cleaning Robot","","","","","NpcPath","3596.81177","51.7449989","788.208923","3596.05518","51.7449989","788.482483","","25","base_unknown=0;follow_type=1;follow_unknown=25","2","base_unknown=0;follow_type=1;follow_unknown=25;path_count=2;decoded_path_count=2",""
"2026-07-21T19:55:45.9308417Z","IN","908","FollowTarget","SimpleChar","79543CB6","SimpleChar:79543CB6","Malfunctioning Cleaning Robot","","","","","NpcPath","3596.979","51.7449989","783.935852","3596.0415","52.2449989","784.105957","","25","base_unknown=0;follow_type=1;follow_unknown=25","2","base_unknown=0;follow_type=1;follow_unknown=25;path_count=2;decoded_path_count=2",""
"2026-07-21T19:55:45.9308417Z","IN","912","FollowTarget","SimpleChar","79543CB6","SimpleChar:79543CB6","Malfunctioning Cleaning Robot","","","","","NpcPath","3596.979","51.7449989","783.935852","3596.09644","52.2449989","783.848877","","25","base_unknown=0;follow_type=1;follow_unknown=25","2","base_unknown=0;follow_type=1;follow_unknown=25;path_count=2;decoded_path_count=2",""
"2026-07-21T19:55:45.9308417Z","IN","906","FollowTarget","SimpleChar","797D36A5","SimpleChar:797D36A5","Malfunctioning Cleaning Robot","","","","","NpcPath","3596.81177","51.7449989","788.208923","3596.07129","52.2449989","788.616638","","25","base_unknown=0;follow_type=1;follow_unknown=25","2","base_unknown=0;follow_type=1;follow_unknown=25;path_count=2;decoded_path_count=2",""
"2026-07-21T19:55:45.9308417Z","IN","911","FollowTarget","SimpleChar","797D36A5","SimpleChar:797D36A5","Malfunctioning Cleaning Robot","","","","","NpcPath","3596.81177","51.7449989","788.208923","3596.05518","51.7449989","788.482483","","25","base_unknown=0;follow_type=1;follow_unknown=25","2","base_unknown=0;follow_type=1;follow_unknown=25;path_count=2;decoded_path_count=2",""
"2026-07-21T19:55:46.1846844Z","IN","915","FollowTarget","SimpleChar","79543CB6","SimpleChar:79543CB6","Malfunctioning Cleaning Robot","","","","","NpcPath","3596.979","51.7449989","783.935852","3596.10522","51.7449989","783.924805","","25","base_unknown=0;follow_type=1;follow_unknown=25","2","base_unknown=0;follow_type=1;follow_unknown=25;path_count=2;decoded_path_count=2",""
"2026-07-21T19:55:46.1846844Z","IN","913","FollowTarget","SimpleChar","797D36A5","SimpleChar:797D36A5","Malfunctioning Cleaning Robot","","","","","NpcPath","3596.81177","51.7449989","788.208923","3596.07056","52.2449989","788.621582","","25","base_unknown=0;follow_type=1;follow_unknown=25","2","base_unknown=0;follow_type=1;follow_unknown=25;path_count=2;decoded_path_count=2",""
"2026-07-21T19:55:46.3975534Z","IN","917","FollowTarget","SimpleChar","79543CB6","SimpleChar:79543CB6","Malfunctioning Cleaning Robot","","","","","NpcPath","3596.979","51.7449989","783.935852","3596.10522","51.7449989","783.924805","","25","base_unknown=0;follow_type=1;follow_unknown=25","2","base_unknown=0;follow_type=1;follow_unknown=25;path_count=2;decoded_path_count=2",""
"2026-07-21T19:55:46.3975534Z","IN","916","FollowTarget","SimpleChar","797D36A5","SimpleChar:797D36A5","Malfunctioning Cleaning Robot","","","","","NpcPath","3596.81177","51.7449989","788.208923","3596.05518","51.7449989","788.482483","","25","base_unknown=0;follow_type=1;follow_unknown=25","2","base_unknown=0;follow_type=1;follow_unknown=25;path_count=2;decoded_path_count=2",""
"2026-07-21T19:55:46.5894347Z","IN","919","FollowTarget","SimpleChar","79543CB6","SimpleChar:79543CB6","Malfunctioning Cleaning Robot","","","","","NpcPath","3596.979","51.7449989","783.935852","3596.10522","51.7449989","783.924805","","25","base_unknown=0;follow_type=1;follow_unknown=25","2","base_unknown=0;follow_type=1;follow_unknown=25;path_count=2;decoded_path_count=2",""
"2026-07-21T19:55:46.5894347Z","IN","918","FollowTarget","SimpleChar","797D36A5","SimpleChar:797D36A5","Malfunctioning Cleaning Robot","","","","","NpcPath","3596.81177","51.7449989","788.208923","3596.05518","51.7449989","788.482483","","25","base_unknown=0;follow_type=1;follow_unknown=25","2","base_unknown=0;follow_type=1;follow_unknown=25;path_count=2;decoded_path_count=2",""
"2026-07-21T19:55:47.0681402Z","IN","926","FollowTarget","SimpleChar","79543CB6","SimpleChar:79543CB6","Malfunctioning Cleaning Robot","","","","","NpcPath","3596.979","51.7449989","783.935852","3596.10522","51.7449989","783.924805","","25","base_unknown=0;follow_type=1;follow_unknown=25","2","base_unknown=0;follow_type=1;follow_unknown=25;path_count=2;decoded_path_count=2",""
"2026-07-21T19:55:47.0681402Z","IN","925","FollowTarget","SimpleChar","797D36A5","SimpleChar:797D36A5","Malfunctioning Cleaning Robot","","","","","NpcPath","3596.81177","51.7449989","788.208923","3596.05518","51.7449989","788.482483","","25","base_unknown=0;follow_type=1;follow_unknown=25","2","base_unknown=0;follow_type=1;follow_unknown=25;path_count=2;decoded_path_count=2",""
"2026-07-21T19:55:47.0691396Z","IN","929","FollowTarget","SimpleChar","79543CB6","SimpleChar:79543CB6","Malfunctioning Cleaning Robot","","","","","NpcPath","3596.979","51.7449989","783.935852","3596.10522","51.7449989","783.924805","","25","base_unknown=0;follow_type=1;follow_unknown=25","2","base_unknown=0;follow_type=1;follow_unknown=25;path_count=2;decoded_path_count=2",""
"2026-07-21T19:55:47.0691396Z","IN","928","FollowTarget","SimpleChar","797D36A5","SimpleChar:797D36A5","Malfunctioning Cleaning Robot","","","","","NpcPath","3596.81177","51.7449989","788.208923","3596.01831","52.2449989","788.757019","","25","base_unknown=0;follow_type=1;follow_unknown=25","2","base_unknown=0;follow_type=1;follow_unknown=25;path_count=2;decoded_path_count=2",""
"2026-07-21T19:55:47.0691396Z","IN","927","FollowTarget","SimpleChar","79866562","SimpleChar:79866562","Malfunctioning Cleaning Robot","","","","","NpcPath","3620.38696","51.7449989","785.088318","3620.92822","52.5","784.29126","","24","base_unknown=0;follow_type=1;follow_unknown=24","2","base_unknown=0;follow_type=1;follow_unknown=24;path_count=2;decoded_path_count=2",""
"2026-07-21T19:55:47.0691396Z","IN","930","FollowTarget","SimpleChar","79866562","SimpleChar:79866562","Malfunctioning Cleaning Robot","","","","","NpcPath","3620.38696","51.7449989","785.088318","3620.97388","52.5","784.298828","","24","base_unknown=0;follow_type=1;follow_unknown=24","2","base_unknown=0;follow_type=1;follow_unknown=24;path_count=2;decoded_path_count=2",""
"2026-07-21T19:55:47.2630193Z","IN","934","FollowTarget","SimpleChar","79543CB6","SimpleChar:79543CB6","Malfunctioning Cleaning Robot","","","","","NpcPath","3596.979","51.7449989","783.935852","3596.10522","51.7449989","783.924805","","25","base_unknown=0;follow_type=1;follow_unknown=25","2","base_unknown=0;follow_type=1;follow_unknown=25;path_count=2;decoded_path_count=2",""
"2026-07-21T19:55:47.2630193Z","IN","932","FollowTarget","SimpleChar","797D36A5","SimpleChar:797D36A5","Malfunctioning Cleaning Robot","","","","","NpcPath","3596.81177","51.7449989","788.208923","3596.05518","51.7449989","788.482483","","25","base_unknown=0;follow_type=1;follow_unknown=25","2","base_unknown=0;follow_type=1;follow_unknown=25;path_count=2;decoded_path_count=2",""
"2026-07-21T19:55:47.2630193Z","IN","935","FollowTarget","SimpleChar","79866562","SimpleChar:79866562","Malfunctioning Cleaning Robot","","","","","NpcPath","3620.38696","51.7449989","785.088318","3620.79907","52.5","784.222839","","24","base_unknown=0;follow_type=1;follow_unknown=24","2","base_unknown=0;follow_type=1;follow_unknown=24;path_count=2;decoded_path_count=2",""
"2026-07-21T19:55:47.4688922Z","IN","937","FollowTarget","SimpleChar","79543CB6","SimpleChar:79543CB6","Malfunctioning Cleaning Robot","","","","","NpcPath","3596.979","51.7449989","783.935852","3596.01611","52.2449989","783.707703","","25","base_unknown=0;follow_type=1;follow_unknown=25","2","base_unknown=0;follow_type=1;follow_unknown=25;path_count=2;decoded_path_count=2",""
"2026-07-21T19:55:47.4688922Z","IN","936","FollowTarget","SimpleChar","797D36A5","SimpleChar:797D36A5","Malfunctioning Cleaning Robot","","","","","NpcPath","3596.81177","51.7449989","788.208923","3596.05518","51.7449989","788.482483","","25","base_unknown=0;follow_type=1;follow_unknown=25","2","base_unknown=0;follow_type=1;follow_unknown=25;path_count=2;decoded_path_count=2",""
"2026-07-21T19:55:47.4688922Z","IN","938","FollowTarget","SimpleChar","79866562","SimpleChar:79866562","Malfunctioning Cleaning Robot","","","","","NpcPath","3620.38696","51.7449989","785.088318","3620.73242","52.5","784.13562","","24","base_unknown=0;follow_type=1;follow_unknown=24","2","base_unknown=0;follow_type=1;follow_unknown=24;path_count=2;decoded_path_count=2",""
"2026-07-21T19:55:47.8016872Z","IN","940","FollowTarget","SimpleChar","79543CB6","SimpleChar:79543CB6","Malfunctioning Cleaning Robot","","","","","NpcPath","3596.979","51.7449989","783.935852","3596.05664","52.2449989","784.084778","","25","base_unknown=0;follow_type=1;follow_unknown=25","2","base_unknown=0;follow_type=1;follow_unknown=25;path_count=2;decoded_path_count=2",""
"2026-07-21T19:55:47.8016872Z","IN","939","FollowTarget","SimpleChar","797D36A5","SimpleChar:797D36A5","Malfunctioning Cleaning Robot","","","","","NpcPath","3596.81177","51.7449989","788.208923","3596.05518","51.7449989","788.482483","","25","base_unknown=0;follow_type=1;follow_unknown=25","2","base_unknown=0;follow_type=1;follow_unknown=25;path_count=2;decoded_path_count=2",""
"2026-07-21T19:55:47.8016872Z","IN","941","FollowTarget","SimpleChar","79866562","SimpleChar:79866562","Malfunctioning Cleaning Robot","","","","","NpcPath","3620.39551","51.7449989","785.064331","3621.24072","52.5","784.178955","","24","base_unknown=0;follow_type=1;follow_unknown=24","2","base_unknown=0;follow_type=1;follow_unknown=24;path_count=2;decoded_path_count=2",""
"2026-07-21T19:55:47.8816392Z","IN","945","FollowTarget","SimpleChar","79543CB6","SimpleChar:79543CB6","Malfunctioning Cleaning Robot","","","","","NpcPath","3596.979","51.7449989","783.935852","3596.10352","52.2449989","783.952454","","25","base_unknown=0;follow_type=1;follow_unknown=25","2","base_unknown=0;follow_type=1;follow_unknown=25;path_count=2;decoded_path_count=2",""
"2026-07-21T19:55:47.8816392Z","IN","944","FollowTarget","SimpleChar","797D36A5","SimpleChar:797D36A5","Malfunctioning Cleaning Robot","","","","","NpcPath","3596.81177","51.7449989","788.208923","3596.05518","51.7449989","788.482483","","25","base_unknown=0;follow_type=1;follow_unknown=25","2","base_unknown=0;follow_type=1;follow_unknown=25;path_count=2;decoded_path_count=2",""
"2026-07-21T19:55:48.0855118Z","IN","947","FollowTarget","SimpleChar","79543CB6","SimpleChar:79543CB6","Malfunctioning Cleaning Robot","","","","","NpcPath","3596.979","51.7449989","783.935852","3596.10522","51.7449989","783.924805","","25","base_unknown=0;follow_type=1;follow_unknown=25","2","base_unknown=0;follow_type=1;follow_unknown=25;path_count=2;decoded_path_count=2",""
"2026-07-21T19:55:48.0855118Z","IN","946","FollowTarget","SimpleChar","797D36A5","SimpleChar:797D36A5","Malfunctioning Cleaning Robot","","","","","NpcPath","3596.81177","51.7449989","788.208923","3596.04028","52.2449989","788.448303","","25","base_unknown=0;follow_type=1;follow_unknown=25","2","base_unknown=0;follow_type=1;follow_unknown=25;path_count=2;decoded_path_count=2",""
"2026-07-21T19:55:48.2903867Z","IN","949","FollowTarget","SimpleChar","79543CB6","SimpleChar:79543CB6","Malfunctioning Cleaning Robot","","","","","NpcPath","3596.979","51.7449989","783.935852","3596.10034","52.2449989","783.867737","","25","base_unknown=0;follow_type=1;follow_unknown=25","2","base_unknown=0;follow_type=1;follow_unknown=25;path_count=2;decoded_path_count=2",""
"2026-07-21T19:55:48.2903867Z","IN","948","FollowTarget","SimpleChar","797D36A5","SimpleChar:797D36A5","Malfunctioning Cleaning Robot","","","","","NpcPath","3596.81177","51.7449989","788.208923","3596.05518","51.7449989","788.482483","","25","base_unknown=0;follow_type=1;follow_unknown=25","2","base_unknown=0;follow_type=1;follow_unknown=25;path_count=2;decoded_path_count=2",""
"2026-07-21T19:55:48.2903867Z","IN","950","FollowTarget","SimpleChar","79866562","SimpleChar:79866562","Malfunctioning Cleaning Robot","","","","","NpcPath","3620.55469","51.7449989","784.898132","3620.77441","52.5","784.197815","","24","base_unknown=0;follow_type=1;follow_unknown=24","2","base_unknown=0;follow_type=1;follow_unknown=24;path_count=2;decoded_path_count=2",""
"2026-07-21T19:55:48.4982582Z","IN","953","FollowTarget","SimpleChar","79543CB6","SimpleChar:79543CB6","Malfunctioning Cleaning Robot","","","","","NpcPath","3596.979","51.7449989","783.935852","3596.02881","52.2449989","784.121033","","25","base_unknown=0;follow_type=1;follow_unknown=25","2","base_unknown=0;follow_type=1;follow_unknown=25;path_count=2;decoded_path_count=2",""
"2026-07-21T19:55:48.4982582Z","IN","952","FollowTarget","SimpleChar","797D36A5","SimpleChar:797D36A5","Malfunctioning Cleaning Robot","","","","","NpcPath","3596.81177","51.7449989","788.208923","3596.05518","51.7449989","788.482483","","25","base_unknown=0;follow_type=1;follow_unknown=25","2","base_unknown=0;follow_type=1;follow_unknown=25;path_count=2;decoded_path_count=2",""
"2026-07-21T19:55:48.4982582Z","IN","954","FollowTarget","SimpleChar","79866562","SimpleChar:79866562","Malfunctioning Cleaning Robot","","","","","NpcPath","3620.55469","51.7449989","784.898132","3620.71216","52.5","783.915771","","24","base_unknown=0;follow_type=1;follow_unknown=24","2","base_unknown=0;follow_type=1;follow_unknown=24;path_count=2;decoded_path_count=2",""
"2026-07-21T19:55:48.6941038Z","IN","961","FollowTarget","SimpleChar","79543CB6","SimpleChar:79543CB6","Malfunctioning Cleaning Robot","","","","","NpcPath","3596.979","51.7449989","783.935852","3596.09717","52.2449989","783.989807","","25","base_unknown=0;follow_type=1;follow_unknown=25","2","base_unknown=0;follow_type=1;follow_unknown=25;path_count=2;decoded_path_count=2",""
"2026-07-21T19:55:48.6941038Z","IN","959","FollowTarget","SimpleChar","797D36A5","SimpleChar:797D36A5","Malfunctioning Cleaning Robot","","","","","NpcPath","3596.81177","51.7449989","788.208923","3596.00879","52.2449989","788.398926","","25","base_unknown=0;follow_type=1;follow_unknown=25","2","base_unknown=0;follow_type=1;follow_unknown=25;path_count=2;decoded_path_count=2",""
"2026-07-21T19:55:48.6941038Z","IN","960","FollowTarget","SimpleChar","79866553","SimpleChar:79866553","Malfunctioning Cleaning Robot","","","","","NpcPath","3600.06567","51.9249954","787.202698","3599.29004","52.5","786.922974","","24","base_unknown=0;follow_type=1;follow_unknown=24","2","base_unknown=0;follow_type=1;follow_unknown=24;path_count=2;decoded_path_count=2",""
"2026-07-21T19:55:48.6941038Z","IN","962","FollowTarget","SimpleChar","79866562","SimpleChar:79866562","Malfunctioning Cleaning Robot","","","","","NpcPath","3620.55469","51.7449989","784.898132","3620.85352","52.5","784.26178","","24","base_unknown=0;follow_type=1;follow_unknown=24","2","base_unknown=0;follow_type=1;follow_unknown=24;path_count=2;decoded_path_count=2",""
"2026-07-21T19:55:48.9109715Z","IN","967","FollowTarget","SimpleChar","79543CB6","SimpleChar:79543CB6","Malfunctioning Cleaning Robot","","","","","NpcPath","3596.979","51.7449989","783.935852","3596.10522","51.7449989","783.924805","","25","base_unknown=0;follow_type=1;follow_unknown=25","2","base_unknown=0;follow_type=1;follow_unknown=25;path_count=2;decoded_path_count=2",""
"2026-07-21T19:55:48.9109715Z","IN","965","FollowTarget","SimpleChar","797D36A5","SimpleChar:797D36A5","Malfunctioning Cleaning Robot","","","","","NpcPath","3596.81177","51.7449989","788.208923","3596.05518","51.7449989","788.482483","","25","base_unknown=0;follow_type=1;follow_unknown=25","2","base_unknown=0;follow_type=1;follow_unknown=25;path_count=2;decoded_path_count=2",""
"2026-07-21T19:55:48.9109715Z","IN","966","FollowTarget","SimpleChar","79866553","SimpleChar:79866553","Malfunctioning Cleaning Robot","","","","","NpcPath","3600.06567","51.9249954","787.202698","3599.08569","52.5","787.287476","","24","base_unknown=0;follow_type=1;follow_unknown=24","2","base_unknown=0;follow_type=1;follow_unknown=24;path_count=2;decoded_path_count=2",""
"2026-07-21T19:55:48.9109715Z","IN","968","FollowTarget","SimpleChar","79866562","SimpleChar:79866562","Malfunctioning Cleaning Robot","","","","","NpcPath","3620.55469","51.7449989","784.898132","3620.81934","52.5","784.239563","","24","base_unknown=0;follow_type=1;follow_unknown=24","2","base_unknown=0;follow_type=1;follow_unknown=24;path_count=2;decoded_path_count=2",""
"2026-07-21T19:55:49.1048498Z","IN","971","FollowTarget","SimpleChar","79543CB6","SimpleChar:79543CB6","Malfunctioning Cleaning Robot","","","","","NpcPath","3596.979","51.7449989","783.935852","3596.05029","52.2449989","784.093811","","25","base_unknown=0;follow_type=1;follow_unknown=25","2","base_unknown=0;follow_type=1;follow_unknown=25;path_count=2;decoded_path_count=2",""
"2026-07-21T19:55:49.1048498Z","IN","969","FollowTarget","SimpleChar","797D36A5","SimpleChar:797D36A5","Malfunctioning Cleaning Robot","","","","","NpcPath","3596.81177","51.7449989","788.208923","3596.01318","52.2449989","788.76416","","25","base_unknown=0;follow_type=1;follow_unknown=25","2","base_unknown=0;follow_type=1;follow_unknown=25;path_count=2;decoded_path_count=2",""
"2026-07-21T19:55:49.1048498Z","IN","970","FollowTarget","SimpleChar","79866553","SimpleChar:79866553","Malfunctioning Cleaning Robot","","","","","NpcPath","3600.06567","51.9249954","787.202698","3599.14697","52.5","786.738525","","24","base_unknown=0;follow_type=1;follow_unknown=24","2","base_unknown=0;follow_type=1;follow_unknown=24;path_count=2;decoded_path_count=2",""
"2026-07-21T19:55:49.1048498Z","IN","972","FollowTarget","SimpleChar","79866562","SimpleChar:79866562","Malfunctioning Cleaning Robot","","","","","NpcPath","3620.55469","51.7449989","784.898132","3620.73706","52.5","784.144287","","24","base_unknown=0;follow_type=1;follow_unknown=24","2","base_unknown=0;follow_type=1;follow_unknown=24;path_count=2;decoded_path_count=2",""
"2026-07-21T19:55:49.3606924Z","IN","975","FollowTarget","SimpleChar","79543CB6","SimpleChar:79543CB6","Malfunctioning Cleaning Robot","","","","","NpcPath","3596.979","51.7449989","783.935852","3596.08423","52.2449989","784.031128","","25","base_unknown=0;follow_type=1;follow_unknown=25","2","base_unknown=0;follow_type=1;follow_unknown=25;path_count=2;decoded_path_count=2",""
"2026-07-21T19:55:49.3606924Z","IN","973","FollowTarget","SimpleChar","797D36A5","SimpleChar:797D36A5","Malfunctioning Cleaning Robot","","","","","NpcPath","3596.81177","51.7449989","788.208923","3596.05518","51.7449989","788.482483","","25","base_unknown=0;follow_type=1;follow_unknown=25","2","base_unknown=0;follow_type=1;follow_unknown=25;path_count=2;decoded_path_count=2",""
"2026-07-21T19:55:49.3606924Z","IN","974","FollowTarget","SimpleChar","79866553","SimpleChar:79866553","Malfunctioning Cleaning Robot","","","","","NpcPath","3600.02759","51.9249954","787.183533","3599.08618","52.5","787.287292","","24","base_unknown=0;follow_type=1;follow_unknown=24","2","base_unknown=0;follow_type=1;follow_unknown=24;path_count=2;decoded_path_count=2",""
"2026-07-21T19:55:49.3606924Z","IN","976","FollowTarget","SimpleChar","79866562","SimpleChar:79866562","Malfunctioning Cleaning Robot","","","","","NpcPath","3620.55469","51.7449989","784.898132","3621.08203","52.5","784.288574","","24","base_unknown=0;follow_type=1;follow_unknown=24","2","base_unknown=0;follow_type=1;follow_unknown=24;path_count=2;decoded_path_count=2",""
"2026-07-21T19:55:49.5605683Z","IN","979","FollowTarget","SimpleChar","79543CB6","SimpleChar:79543CB6","Malfunctioning Cleaning Robot","","","","","NpcPath","3596.979","51.7449989","783.935852","3596.06372","52.2449989","783.768738","","25","base_unknown=0;follow_type=1;follow_unknown=25","2","base_unknown=0;follow_type=1;follow_unknown=25;path_count=2;decoded_path_count=2",""
"2026-07-21T19:55:49.5605683Z","IN","977","FollowTarget","SimpleChar","797D36A5","SimpleChar:797D36A5","Malfunctioning Cleaning Robot","","","","","NpcPath","3596.81177","51.7449989","788.208923","3596.05518","51.7449989","788.482483","","25","base_unknown=0;follow_type=1;follow_unknown=25","2","base_unknown=0;follow_type=1;follow_unknown=25;path_count=2;decoded_path_count=2",""
"2026-07-21T19:55:49.5605683Z","IN","978","FollowTarget","SimpleChar","79866553","SimpleChar:79866553","Malfunctioning Cleaning Robot","","","","","NpcPath","3600.02759","51.9249954","787.183533","3599.12109","52.5","786.725525","","24","base_unknown=0;follow_type=1;follow_unknown=24","2","base_unknown=0;follow_type=1;follow_unknown=24;path_count=2;decoded_path_count=2",""
"2026-07-21T19:55:49.5605683Z","IN","980","FollowTarget","SimpleChar","79866562","SimpleChar:79866562","Malfunctioning Cleaning Robot","","","","","NpcPath","3620.55469","51.7449989","784.898132","3621.09521","52.5","784.284485","","24","base_unknown=0;follow_type=1;follow_unknown=24","2","base_unknown=0;follow_type=1;follow_unknown=24;path_count=2;decoded_path_count=2",""
"2026-07-21T19:55:49.8054185Z","IN","981","FollowTarget","SimpleChar","797D36A5","SimpleChar:797D36A5","Malfunctioning Cleaning Robot","","","","","NpcPath","3596.81177","51.7449989","788.208923","3596.05518","51.7449989","788.482483","","25","base_unknown=0;follow_type=1;follow_unknown=25","2","base_unknown=0;follow_type=1;follow_unknown=25;path_count=2;decoded_path_count=2",""
"2026-07-21T19:55:49.8064175Z","IN","983","FollowTarget","SimpleChar","79543CB6","SimpleChar:79543CB6","Malfunctioning Cleaning Robot","","","","","NpcPath","3596.979","51.7449989","783.935852","3596.0354","52.2449989","783.728638","","25","base_unknown=0;follow_type=1;follow_unknown=25","2","base_unknown=0;follow_type=1;follow_unknown=25;path_count=2;decoded_path_count=2",""
"2026-07-21T19:55:49.8064175Z","IN","982","FollowTarget","SimpleChar","79866553","SimpleChar:79866553","Malfunctioning Cleaning Robot","","","","","NpcPath","3600.00562","51.9249954","787.172424","3599.13013","52.5","786.729736","","24","base_unknown=0;follow_type=1;follow_unknown=24","2","base_unknown=0;follow_type=1;follow_unknown=24;path_count=2;decoded_path_count=2",""
"2026-07-21T19:55:49.8064175Z","IN","984","FollowTarget","SimpleChar","79866562","SimpleChar:79866562","Malfunctioning Cleaning Robot","","","","","NpcPath","3620.55469","51.7449989","784.898132","3620.74512","52.5","784.158203","","24","base_unknown=0;follow_type=1;follow_unknown=24","2","base_unknown=0;follow_type=1;follow_unknown=24;path_count=2;decoded_path_count=2",""
"2026-07-21T19:55:50.0232845Z","IN","987","FollowTarget","SimpleChar","797D36A5","SimpleChar:797D36A5","Malfunctioning Cleaning Robot","","","","","NpcPath","3596.81177","51.7449989","788.208923","3596.05518","51.7449989","788.482483","","25","base_unknown=0;follow_type=1;follow_unknown=25","2","base_unknown=0;follow_type=1;follow_unknown=25;path_count=2;decoded_path_count=2",""
"2026-07-21T19:55:50.0242850Z","IN","989","FollowTarget","SimpleChar","79543CB6","SimpleChar:79543CB6","Malfunctioning Cleaning Robot","","","","","NpcPath","3596.979","51.7449989","783.935852","3596.09961","52.2449989","783.863098","","25","base_unknown=0;follow_type=1;follow_unknown=25","2","base_unknown=0;follow_type=1;follow_unknown=25;path_count=2;decoded_path_count=2",""
"2026-07-21T19:55:50.0242850Z","IN","988","FollowTarget","SimpleChar","79866553","SimpleChar:79866553","Malfunctioning Cleaning Robot","","","","","NpcPath","3600.00562","51.9249954","787.172424","3599.28662","52.5","787.088806","","24","base_unknown=0;follow_type=1;follow_unknown=24","2","base_unknown=0;follow_type=1;follow_unknown=24;path_count=2;decoded_path_count=2",""
"2026-07-21T19:55:50.0242850Z","IN","990","FollowTarget","SimpleChar","79866562","SimpleChar:79866562","Malfunctioning Cleaning Robot","","","","","NpcPath","3620.55469","51.7449989","784.898132","3620.73462","52.5","784.140137","","24","base_unknown=0;follow_type=1;follow_unknown=24","2","base_unknown=0;follow_type=1;follow_unknown=24;path_count=2;decoded_path_count=2",""
"2026-07-21T19:55:50.2261597Z","IN","996","FollowTarget","SimpleChar","79543CB6","SimpleChar:79543CB6","Malfunctioning Cleaning Robot","","","","","NpcPath","3596.979","51.7449989","783.935852","3596.10522","51.7449989","783.924805","","25","base_unknown=0;follow_type=1;follow_unknown=25","2","base_unknown=0;follow_type=1;follow_unknown=25;path_count=2;decoded_path_count=2",""
"2026-07-21T19:55:50.2261597Z","IN","994","FollowTarget","SimpleChar","797D36A5","SimpleChar:797D36A5","Malfunctioning Cleaning Robot","","","","","NpcPath","3596.81177","51.7449989","788.208923","3596.05518","51.7449989","788.482483","","25","base_unknown=0;follow_type=1;follow_unknown=25","2","base_unknown=0;follow_type=1;follow_unknown=25;path_count=2;decoded_path_count=2",""
"2026-07-21T19:55:50.2261597Z","IN","995","FollowTarget","SimpleChar","79866553","SimpleChar:79866553","Malfunctioning Cleaning Robot","","","","","NpcPath","3600.00562","51.9249954","787.172424","3599.28882","52.5","787.081116","","24","base_unknown=0;follow_type=1;follow_unknown=24","2","base_unknown=0;follow_type=1;follow_unknown=24;path_count=2;decoded_path_count=2",""
"2026-07-21T19:55:50.2261597Z","IN","997","FollowTarget","SimpleChar","79866562","SimpleChar:79866562","Malfunctioning Cleaning Robot","","","","","NpcPath","3620.55469","51.7449989","784.898132","3620.80029","52.5","784.223938","","24","base_unknown=0;follow_type=1;follow_unknown=24","2","base_unknown=0;follow_type=1;follow_unknown=24;path_count=2;decoded_path_count=2",""
"2026-07-21T19:55:50.4250371Z","IN","1000","FollowTarget","SimpleChar","79543CB6","SimpleChar:79543CB6","Malfunctioning Cleaning Robot","","","","","NpcPath","3596.979","51.7449989","783.935852","3596.09912","52.2449989","783.860779","","25","base_unknown=0;follow_type=1;follow_unknown=25","2","base_unknown=0;follow_type=1;follow_unknown=25;path_count=2;decoded_path_count=2",""
"2026-07-21T19:55:50.4250371Z","IN","998","FollowTarget","SimpleChar","797D36A5","SimpleChar:797D36A5","Malfunctioning Cleaning Robot","","","","","NpcPath","3596.81177","51.7449989","788.208923","3596.0127","52.2449989","788.764648","","25","base_unknown=0;follow_type=1;follow_unknown=25","2","base_unknown=0;follow_type=1;follow_unknown=25;path_count=2;decoded_path_count=2",""
"2026-07-21T19:55:50.4250371Z","IN","999","FollowTarget","SimpleChar","79866553","SimpleChar:79866553","Malfunctioning Cleaning Robot","","","","","NpcPath","3600.00562","51.9249954","787.172424","3599.25122","52.5","786.836121","","24","base_unknown=0;follow_type=1;follow_unknown=24","2","base_unknown=0;follow_type=1;follow_unknown=24;path_count=2;decoded_path_count=2",""
"2026-07-21T19:55:50.4250371Z","IN","1001","FollowTarget","SimpleChar","79866562","SimpleChar:79866562","Malfunctioning Cleaning Robot","","","","","NpcPath","3620.55469","51.7449989","784.898132","3620.8269","52.5","784.244995","","24","base_unknown=0;follow_type=1;follow_unknown=24","2","base_unknown=0;follow_type=1;follow_unknown=24;path_count=2;decoded_path_count=2",""
"2026-07-21T19:55:50.6449014Z","IN","1004","FollowTarget","SimpleChar","79543CB6","SimpleChar:79543CB6","Malfunctioning Cleaning Robot","","","","","NpcPath","3596.979","51.7449989","783.935852","3596.02637","52.2449989","784.123718","","25","base_unknown=0;follow_type=1;follow_unknown=25","2","base_unknown=0;follow_type=1;follow_unknown=25;path_count=2;decoded_path_count=2",""
"2026-07-21T19:55:50.6449014Z","IN","1002","FollowTarget","SimpleChar","797D36A5","SimpleChar:797D36A5","Malfunctioning Cleaning Robot","","","","","NpcPath","3596.81177","51.7449989","788.208923","3596.05957","52.2449989","788.672913","","25","base_unknown=0;follow_type=1;follow_unknown=25","2","base_unknown=0;follow_type=1;follow_unknown=25;path_count=2;decoded_path_count=2",""
"2026-07-21T19:55:50.6449014Z","IN","1003","FollowTarget","SimpleChar","79866553","SimpleChar:79866553","Malfunctioning Cleaning Robot","","","","","NpcPath","3600.00562","51.9249954","787.172424","3599.27246","52.5","787.125793","","24","base_unknown=0;follow_type=1;follow_unknown=24","2","base_unknown=0;follow_type=1;follow_unknown=24;path_count=2;decoded_path_count=2",""
"2026-07-21T19:55:50.6449014Z","IN","1005","FollowTarget","SimpleChar","79866562","SimpleChar:79866562","Malfunctioning Cleaning Robot","","","","","NpcPath","3620.55469","51.7449989","784.898132","3621.23853","52.5","784.181885","","24","base_unknown=0;follow_type=1;follow_unknown=24","2","base_unknown=0;follow_type=1;follow_unknown=24;path_count=2;decoded_path_count=2",""
"2026-07-21T19:55:50.8327844Z","IN","1009","FollowTarget","SimpleChar","79543CB6","SimpleChar:79543CB6","Malfunctioning Cleaning Robot","","","","","NpcPath","3596.979","51.7449989","783.935852","3596.10474","52.2449989","783.905579","","25","base_unknown=0;follow_type=1;follow_unknown=25","2","base_unknown=0;follow_type=1;follow_unknown=25;path_count=2;decoded_path_count=2",""
"2026-07-21T19:55:50.8327844Z","IN","1007","FollowTarget","SimpleChar","797D36A5","SimpleChar:797D36A5","Malfunctioning Cleaning Robot","","","","","NpcPath","3596.81177","51.7449989","788.208923","3596.06104","52.2449989","788.50061","","25","base_unknown=0;follow_type=1;follow_unknown=25","2","base_unknown=0;follow_type=1;follow_unknown=25;path_count=2;decoded_path_count=2",""
"2026-07-21T19:55:50.8327844Z","IN","1008","FollowTarget","SimpleChar","79866553","SimpleChar:79866553","Malfunctioning Cleaning Robot","","","","","NpcPath","3600.00562","51.9249954","787.172424","3599.13062","52.5","786.729858","","24","base_unknown=0;follow_type=1;follow_unknown=24","2","base_unknown=0;follow_type=1;follow_unknown=24;path_count=2;decoded_path_count=2",""
"2026-07-21T19:55:50.8327844Z","IN","1010","FollowTarget","SimpleChar","79866562","SimpleChar:79866562","Malfunctioning Cleaning Robot","","","","","NpcPath","3620.55469","51.7449989","784.898132","3620.75049","52.5","784.166687","","24","base_unknown=0;follow_type=1;follow_unknown=24","2","base_unknown=0;follow_type=1;follow_unknown=24;path_count=2;decoded_path_count=2",""
"2026-07-21T19:55:51.0766348Z","IN","1015","FollowTarget","SimpleChar","79543CB6","SimpleChar:79543CB6","Malfunctioning Cleaning Robot","","","","","NpcPath","3596.979","51.7449989","783.935852","3596.02832","52.2449989","783.720581","","25","base_unknown=0;follow_type=1;follow_unknown=25","2","base_unknown=0;follow_type=1;follow_unknown=25;path_count=2;decoded_path_count=2",""
"2026-07-21T19:55:51.0766348Z","IN","1013","FollowTarget","SimpleChar","797D36A5","SimpleChar:797D36A5","Malfunctioning Cleaning Robot","","","","","NpcPath","3596.81177","51.7449989","788.208923","3596.03979","52.2449989","788.447266","","25","base_unknown=0;follow_type=1;follow_unknown=25","2","base_unknown=0;follow_type=1;follow_unknown=25;path_count=2;decoded_path_count=2",""
"2026-07-21T19:55:51.0766348Z","IN","1014","FollowTarget","SimpleChar","79866553","SimpleChar:79866553","Malfunctioning Cleaning Robot","","","","","NpcPath","3600.00562","51.9249954","787.172424","3599.29248","52.5","786.932861","","24","base_unknown=0;follow_type=1;follow_unknown=24","2","base_unknown=0;follow_type=1;follow_unknown=24;path_count=2;decoded_path_count=2",""
"2026-07-21T19:55:51.0766348Z","IN","1016","FollowTarget","SimpleChar","79866562","SimpleChar:79866562","Malfunctioning Cleaning Robot","","","","","NpcPath","3620.55469","51.7449989","784.898132","3620.95386","52.5","784.296448","","24","base_unknown=0;follow_type=1;follow_unknown=24","2","base_unknown=0;follow_type=1;follow_unknown=24;path_count=2;decoded_path_count=2",""
"2026-07-21T19:55:51.3224822Z","IN","1019","FollowTarget","SimpleChar","79543CB6","SimpleChar:79543CB6","Malfunctioning Cleaning Robot","","","","","NpcPath","3596.979","51.7449989","783.935852","3596.07349","52.2449989","783.786621","","25","base_unknown=0;follow_type=1;follow_unknown=25","2","base_unknown=0;follow_type=1;follow_unknown=25;path_count=2;decoded_path_count=2",""
"2026-07-21T19:55:51.3224822Z","IN","1017","FollowTarget","SimpleChar","797D36A5","SimpleChar:797D36A5","Malfunctioning Cleaning Robot","","","","","NpcPath","3596.81177","51.7449989","788.208923","3596.03833","52.2449989","788.724426","","25","base_unknown=0;follow_type=1;follow_unknown=25","2","base_unknown=0;follow_type=1;follow_unknown=25;path_count=2;decoded_path_count=2",""
"2026-07-21T19:55:51.3224822Z","IN","1018","FollowTarget","SimpleChar","79866553","SimpleChar:79866553","Malfunctioning Cleaning Robot","","","","","NpcPath","3600.00562","51.9249954","787.172424","3599.2998","52.5","787.013428","","24","base_unknown=0;follow_type=1;follow_unknown=24","2","base_unknown=0;follow_type=1;follow_unknown=24;path_count=2;decoded_path_count=2",""
"2026-07-21T19:55:51.3224822Z","IN","1020","FollowTarget","SimpleChar","79866562","SimpleChar:79866562","Malfunctioning Cleaning Robot","","","","","NpcPath","3620.55469","51.7449989","784.898132","3621.05298","52.5","784.295288","","24","base_unknown=0;follow_type=1;follow_unknown=24","2","base_unknown=0;follow_type=1;follow_unknown=24;path_count=2;decoded_path_count=2",""
"2026-07-21T19:55:51.5273574Z","IN","1023","FollowTarget","SimpleChar","79543CB6","SimpleChar:79543CB6","Malfunctioning Cleaning Robot","","","","","NpcPath","3596.979","51.7449989","783.935852","3596.05005","52.2449989","784.094299","","25","base_unknown=0;follow_type=1;follow_unknown=25","2","base_unknown=0;follow_type=1;follow_unknown=25;path_count=2;decoded_path_count=2",""
"2026-07-21T19:55:51.5273574Z","IN","1021","FollowTarget","SimpleChar","797D36A5","SimpleChar:797D36A5","Malfunctioning Cleaning Robot","","","","","NpcPath","3596.81177","51.7449989","788.208923","3596.05518","51.7449989","788.482483","","25","base_unknown=0;follow_type=1;follow_unknown=25","2","base_unknown=0;follow_type=1;follow_unknown=25;path_count=2;decoded_path_count=2",""
"2026-07-21T19:55:51.5273574Z","IN","1022","FollowTarget","SimpleChar","79866553","SimpleChar:79866553","Malfunctioning Cleaning Robot","","","","","NpcPath","3600.00562","51.9249954","787.172424","3599.16748","52.5","787.248901","","24","base_unknown=0;follow_type=1;follow_unknown=24","2","base_unknown=0;follow_type=1;follow_unknown=24;path_count=2;decoded_path_count=2",""
"2026-07-21T19:55:51.5273574Z","IN","1024","FollowTarget","SimpleChar","79866560","SimpleChar:79866560","Malfunctioning Cleaning Robot","","","","","NpcPath","3622.0481","51.7449989","798.730774","3610.88794","52.5","778.27832","","24","base_unknown=0;follow_type=1;follow_unknown=24","2","base_unknown=0;follow_type=1;follow_unknown=24;path_count=2;decoded_path_count=2",""
"2026-07-21T19:55:51.5273574Z","IN","1025","FollowTarget","SimpleChar","79866562","SimpleChar:79866562","Malfunctioning Cleaning Robot","","","","","NpcPath","3620.55469","51.7449989","784.898132","3621.07373","52.5","784.290771","","24","base_unknown=0;follow_type=1;follow_unknown=24","2","base_unknown=0;follow_type=1;follow_unknown=24;path_count=2;decoded_path_count=2",""
"2026-07-21T19:55:51.7412243Z","IN","1032","FollowTarget","SimpleChar","79543CB6","SimpleChar:79543CB6","Malfunctioning Cleaning Robot","","","","","NpcPath","3596.979","51.7449989","783.935852","3596.05713","52.2449989","784.083801","","25","base_unknown=0;follow_type=1;follow_unknown=25","2","base_unknown=0;follow_type=1;follow_unknown=25;path_count=2;decoded_path_count=2",""
"2026-07-21T19:55:51.7412243Z","IN","1030","FollowTarget","SimpleChar","797D36A5","SimpleChar:797D36A5","Malfunctioning Cleaning Robot","","","","","NpcPath","3596.81177","51.7449989","788.208923","3596.05518","51.7449989","788.482483","","25","base_unknown=0;follow_type=1;follow_unknown=25","2","base_unknown=0;follow_type=1;follow_unknown=25;path_count=2;decoded_path_count=2",""
"2026-07-21T19:55:51.7412243Z","IN","1031","FollowTarget","SimpleChar","79866553","SimpleChar:79866553","Malfunctioning Cleaning Robot","","","","","NpcPath","3600.00562","51.9249954","787.172424","3599.23682","52.5","787.184204","","24","base_unknown=0;follow_type=1;follow_unknown=24","2","base_unknown=0;follow_type=1;follow_unknown=24;path_count=2;decoded_path_count=2",""
"2026-07-21T19:55:51.7412243Z","IN","1033","FollowTarget","SimpleChar","79866562","SimpleChar:79866562","Malfunctioning Cleaning Robot","","","","","NpcPath","3620.55469","51.7449989","784.898132","3620.82764","52.5","784.245483","","24","base_unknown=0;follow_type=1;follow_unknown=24","2","base_unknown=0;follow_type=1;follow_unknown=24;path_count=2;decoded_path_count=2",""
"2026-07-21T19:55:51.9470973Z","IN","1036","FollowTarget","SimpleChar","79543CB6","SimpleChar:79543CB6","Malfunctioning Cleaning Robot","","","","","NpcPath","3596.979","51.7449989","783.935852","3596.10522","51.7449989","783.924805","","25","base_unknown=0;follow_type=1;follow_unknown=25","2","base_unknown=0;follow_type=1;follow_unknown=25;path_count=2;decoded_path_count=2",""
"2026-07-21T19:55:51.9470973Z","IN","1034","FollowTarget","SimpleChar","797D36A5","SimpleChar:797D36A5","Malfunctioning Cleaning Robot","","","","","NpcPath","3596.81177","51.7449989","788.208923","3596.05591","52.2449989","788.683899","","25","base_unknown=0;follow_type=1;follow_unknown=25","2","base_unknown=0;follow_type=1;follow_unknown=25;path_count=2;decoded_path_count=2",""
"2026-07-21T19:55:51.9470973Z","IN","1035","FollowTarget","SimpleChar","79866553","SimpleChar:79866553","Malfunctioning Cleaning Robot","","","","","NpcPath","3600.00562","51.9249954","787.172424","3599.07813","52.5","786.710327","","24","base_unknown=0;follow_type=1;follow_unknown=24","2","base_unknown=0;follow_type=1;follow_unknown=24;path_count=2;decoded_path_count=2",""
"2026-07-21T19:55:51.9470973Z","IN","1037","FollowTarget","SimpleChar","79866562","SimpleChar:79866562","Malfunctioning Cleaning Robot","","","","","NpcPath","3620.55469","51.7449989","784.898132","3621.03857","52.5","784.297485","","24","base_unknown=0;follow_type=1;follow_unknown=24","2","base_unknown=0;follow_type=1;follow_unknown=24;path_count=2;decoded_path_count=2",""
"2026-07-21T19:55:52.1689602Z","IN","1041","FollowTarget","SimpleChar","79543CB6","SimpleChar:79543CB6","Malfunctioning Cleaning Robot","","","","","NpcPath","3596.979","51.7449989","783.935852","3596.10522","51.7449989","783.924805","","25","base_unknown=0;follow_type=1;follow_unknown=25","2","base_unknown=0;follow_type=1;follow_unknown=25;path_count=2;decoded_path_count=2",""
"2026-07-21T19:55:52.1689602Z","IN","1040","FollowTarget","SimpleChar","797D36A5","SimpleChar:797D36A5","Malfunctioning Cleaning Robot","","","","","NpcPath","3596.81177","51.7449989","788.208923","3596.05518","51.7449989","788.482483","","25","base_unknown=0;follow_type=1;follow_unknown=25","2","base_unknown=0;follow_type=1;follow_unknown=25;path_count=2;decoded_path_count=2",""
"2026-07-21T19:55:52.1689602Z","IN","1042","FollowTarget","SimpleChar","79866562","SimpleChar:79866562","Malfunctioning Cleaning Robot","","","","","NpcPath","3620.55469","51.7449989","784.898132","3620.70166","52.5","783.96759","","24","base_unknown=0;follow_type=1;follow_unknown=24","2","base_unknown=0;follow_type=1;follow_unknown=24;path_count=2;decoded_path_count=2",""
"2026-07-21T19:55:52.3688374Z","IN","1045","FollowTarget","SimpleChar","79543CB6","SimpleChar:79543CB6","Malfunctioning Cleaning Robot","","","","","NpcPath","3596.979","51.7449989","783.935852","3596.10522","51.7449989","783.924805","","25","base_unknown=0;follow_type=1;follow_unknown=25","2","base_unknown=0;follow_type=1;follow_unknown=25;path_count=2;decoded_path_count=2",""
"2026-07-21T19:55:52.3688374Z","IN","1044","FollowTarget","SimpleChar","797D36A5","SimpleChar:797D36A5","Malfunctioning Cleaning Robot","","","","","NpcPath","3596.81177","51.7449989","788.208923","3596.01196","52.2449989","788.76593","","25","base_unknown=0;follow_type=1;follow_unknown=25","2","base_unknown=0;follow_type=1;follow_unknown=25;path_count=2;decoded_path_count=2",""
"2026-07-21T19:55:52.3688374Z","IN","1043","FollowTarget","SimpleChar","79866518","SimpleChar:79866518","Malfunctioning Cleaning Robot","","","","","NpcPath","3620.61841","51.7449989","784.995239","3620.8772","52.5","784.273743","","24","base_unknown=0;follow_type=1;follow_unknown=24","2","base_unknown=0;follow_type=1;follow_unknown=24;path_count=2;decoded_path_count=2",""
"2026-07-21T19:55:52.3688374Z","IN","1046","FollowTarget","SimpleChar","79866562","SimpleChar:79866562","Malfunctioning Cleaning Robot","","","","","NpcPath","3620.55469","51.7449989","784.898132","3620.7959","52.5","784.219849","","24","base_unknown=0;follow_type=1;follow_unknown=24","2","base_unknown=0;follow_type=1;follow_unknown=24;path_count=2;decoded_path_count=2",""
"2026-07-21T19:55:52.5807066Z","IN","1050","FollowTarget","SimpleChar","79543CB6","SimpleChar:79543CB6","Malfunctioning Cleaning Robot","","","","","NpcPath","3596.979","51.7449989","783.935852","3596.10034","52.2449989","783.974731","","25","base_unknown=0;follow_type=1;follow_unknown=25","2","base_unknown=0;follow_type=1;follow_unknown=25;path_count=2;decoded_path_count=2",""
"2026-07-21T19:55:52.5807066Z","IN","1048","FollowTarget","SimpleChar","797D36A5","SimpleChar:797D36A5","Malfunctioning Cleaning Robot","","","","","NpcPath","3596.81177","51.7449989","788.208923","3596.07153","52.2449989","788.556396","","25","base_unknown=0;follow_type=1;follow_unknown=25","2","base_unknown=0;follow_type=1;follow_unknown=25;path_count=2;decoded_path_count=2",""
"2026-07-21T19:55:52.5807066Z","IN","1047","FollowTarget","SimpleChar","79866518","SimpleChar:79866518","Malfunctioning Cleaning Robot","","","","","NpcPath","3620.61841","51.7449989","784.995239","3621.26343","52.5","784.143677","","24","base_unknown=0;follow_type=1;follow_unknown=24","2","base_unknown=0;follow_type=1;follow_unknown=24;path_count=2;decoded_path_count=2",""
"2026-07-21T19:55:52.5807066Z","IN","1049","FollowTarget","SimpleChar","79866547","SimpleChar:79866547","Malfunctioning Cleaning Robot","","","","","NpcPath","3622.10156","51.7449989","798.070435","3622.73193","52.5","799.134644","","24","base_unknown=0;follow_type=1;follow_unknown=24","2","base_unknown=0;follow_type=1;follow_unknown=24;path_count=2;decoded_path_count=2",""
"2026-07-21T19:55:52.5807066Z","IN","1051","FollowTarget","SimpleChar","79866562","SimpleChar:79866562","Malfunctioning Cleaning Robot","","","","","NpcPath","3620.55469","51.7449989","784.898132","3620.7002","52.5","783.989136","","24","base_unknown=0;follow_type=1;follow_unknown=24","2","base_unknown=0;follow_type=1;follow_unknown=24;path_count=2;decoded_path_count=2",""
"2026-07-21T19:55:52.7865800Z","IN","1054","FollowTarget","SimpleChar","79543CB6","SimpleChar:79543CB6","Malfunctioning Cleaning Robot","","","","","NpcPath","3596.979","51.7449989","783.935852","3596.10522","51.7449989","783.924805","","25","base_unknown=0;follow_type=1;follow_unknown=25","2","base_unknown=0;follow_type=1;follow_unknown=25;path_count=2;decoded_path_count=2",""
"2026-07-21T19:55:52.7865800Z","IN","1052","FollowTarget","SimpleChar","797D36A5","SimpleChar:797D36A5","Malfunctioning Cleaning Robot","","","","","NpcPath","3596.81177","51.7449989","788.208923","3596.05518","51.7449989","788.482483","","25","base_unknown=0;follow_type=1;follow_unknown=25","2","base_unknown=0;follow_type=1;follow_unknown=25;path_count=2;decoded_path_count=2",""
"2026-07-21T19:55:52.7865800Z","IN","1055","FollowTarget","SimpleChar","79866562","SimpleChar:79866562","Malfunctioning Cleaning Robot","","","","","NpcPath","3620.55469","51.7449989","784.898132","3621.23462","52.5","784.187073","","24","base_unknown=0;follow_type=1;follow_unknown=24","2","base_unknown=0;follow_type=1;follow_unknown=24;path_count=2;decoded_path_count=2",""
"2026-07-21T19:55:53.1913299Z","IN","1061","FollowTarget","SimpleChar","79543CB6","SimpleChar:79543CB6","Malfunctioning Cleaning Robot","","","","","NpcPath","3596.979","51.7449989","783.935852","3596.10522","51.7449989","783.924805","","25","base_unknown=0;follow_type=1;follow_unknown=25","2","base_unknown=0;follow_type=1;follow_unknown=25;path_count=2;decoded_path_count=2",""
"2026-07-21T19:55:53.1913299Z","IN","1065","FollowTarget","SimpleChar","79543CB6","SimpleChar:79543CB6","Malfunctioning Cleaning Robot","","","","","NpcPath","3596.979","51.7449989","783.935852","3596.05835","52.2449989","784.081909","","25","base_unknown=0;follow_type=1;follow_unknown=25","2","base_unknown=0;follow_type=1;follow_unknown=25;path_count=2;decoded_path_count=2",""
"2026-07-21T19:55:53.1913299Z","IN","1060","FollowTarget","SimpleChar","797D36A5","SimpleChar:797D36A5","Malfunctioning Cleaning Robot","","","","","NpcPath","3596.81177","51.7449989","788.208923","3596.06616","52.2449989","788.520813","","25","base_unknown=0;follow_type=1;follow_unknown=25","2","base_unknown=0;follow_type=1;follow_unknown=25;path_count=2;decoded_path_count=2",""
"2026-07-21T19:55:53.1913299Z","IN","1063","FollowTarget","SimpleChar","797D36A5","SimpleChar:797D36A5","Malfunctioning Cleaning Robot","","","","","NpcPath","3596.81177","51.7449989","788.208923","3596.06763","52.2449989","788.528259","","25","base_unknown=0;follow_type=1;follow_unknown=25","2","base_unknown=0;follow_type=1;follow_unknown=25;path_count=2;decoded_path_count=2",""
"2026-07-21T19:55:53.1913299Z","IN","1064","FollowTarget","SimpleChar","79866547","SimpleChar:79866547","Malfunctioning Cleaning Robot","","","","","NpcPath","3622.24292","51.7449989","798.309387","3622.70508","52.5","799.054321","","24","base_unknown=0;follow_type=1;follow_unknown=24","2","base_unknown=0;follow_type=1;follow_unknown=24;path_count=2;decoded_path_count=2",""
"2026-07-21T19:55:53.1913299Z","IN","1062","FollowTarget","SimpleChar","79866562","SimpleChar:79866562","Malfunctioning Cleaning Robot","","","","","NpcPath","3620.55469","51.7449989","784.898132","3620.71753","52.5","783.898682","","24","base_unknown=0;follow_type=1;follow_unknown=24","2","base_unknown=0;follow_type=1;follow_unknown=24;path_count=2;decoded_path_count=2",""
"2026-07-21T19:55:53.4181907Z","IN","1070","FollowTarget","SimpleChar","797D36A5","SimpleChar:797D36A5","Malfunctioning Cleaning Robot","","","","","NpcPath","3596.81177","51.7449989","788.208923","3596.04639","52.2449989","788.707642","","25","base_unknown=0;follow_type=1;follow_unknown=25","2","base_unknown=0;follow_type=1;follow_unknown=25;path_count=2;decoded_path_count=2",""
"2026-07-21T19:55:53.4191896Z","IN","1072","FollowTarget","SimpleChar","79543CB6","SimpleChar:79543CB6","Malfunctioning Cleaning Robot","","","","","NpcPath","3596.979","51.7449989","783.935852","3596.06494","52.2449989","783.770752","","25","base_unknown=0;follow_type=1;follow_unknown=25","2","base_unknown=0;follow_type=1;follow_unknown=25;path_count=2;decoded_path_count=2",""
"2026-07-21T19:55:53.4191896Z","IN","1071","FollowTarget","SimpleChar","79866547","SimpleChar:79866547","Malfunctioning Cleaning Robot","","","","","NpcPath","3622.24292","51.7449989","798.309387","3622.85522","52.5","798.737244","","24","base_unknown=0;follow_type=1;follow_unknown=24","2","base_unknown=0;follow_type=1;follow_unknown=24;path_count=2;decoded_path_count=2",""
"2026-07-21T19:55:53.6190668Z","IN","1075","FollowTarget","SimpleChar","79543CB6","SimpleChar:79543CB6","Malfunctioning Cleaning Robot","","","","","NpcPath","3596.979","51.7449989","783.935852","3596.10522","51.7449989","783.924805","","25","base_unknown=0;follow_type=1;follow_unknown=25","2","base_unknown=0;follow_type=1;follow_unknown=25;path_count=2;decoded_path_count=2",""
"2026-07-21T19:55:53.6190668Z","IN","1073","FollowTarget","SimpleChar","797D36A5","SimpleChar:797D36A5","Malfunctioning Cleaning Robot","","","","","NpcPath","3596.81177","51.7449989","788.208923","3596.02466","52.2449989","788.747803","","25","base_unknown=0;follow_type=1;follow_unknown=25","2","base_unknown=0;follow_type=1;follow_unknown=25;path_count=2;decoded_path_count=2",""
"2026-07-21T19:55:53.6190668Z","IN","1074","FollowTarget","SimpleChar","79866547","SimpleChar:79866547","Malfunctioning Cleaning Robot","","","","","NpcPath","3622.24292","51.7449989","798.309387","3622.74487","52.5","798.842346","","24","base_unknown=0;follow_type=1;follow_unknown=24","2","base_unknown=0;follow_type=1;follow_unknown=24;path_count=2;decoded_path_count=2",""
"2026-07-21T19:55:53.8139455Z","IN","1078","FollowTarget","SimpleChar","79543CB6","SimpleChar:79543CB6","Malfunctioning Cleaning Robot","","","","","NpcPath","3596.979","51.7449989","783.935852","3596.10522","51.7449989","783.924805","","25","base_unknown=0;follow_type=1;follow_unknown=25","2","base_unknown=0;follow_type=1;follow_unknown=25;path_count=2;decoded_path_count=2",""
"2026-07-21T19:55:53.8139455Z","IN","1076","FollowTarget","SimpleChar","797D36A5","SimpleChar:797D36A5","Malfunctioning Cleaning Robot","","","","","NpcPath","3596.81177","51.7449989","788.208923","3596.05518","51.7449989","788.482483","","25","base_unknown=0;follow_type=1;follow_unknown=25","2","base_unknown=0;follow_type=1;follow_unknown=25;path_count=2;decoded_path_count=2",""
"2026-07-21T19:55:53.8139455Z","IN","1077","FollowTarget","SimpleChar","79866547","SimpleChar:79866547","Malfunctioning Cleaning Robot","","","","","NpcPath","3622.24292","51.7449989","798.309387","3622.83008","52.5","798.752747","","24","base_unknown=0;follow_type=1;follow_unknown=24","2","base_unknown=0;follow_type=1;follow_unknown=24;path_count=2;decoded_path_count=2",""
"2026-07-21T19:55:53.8139455Z","IN","1079","FollowTarget","SimpleChar","79866565","SimpleChar:79866565","Malfunctioning Cleaning Robot","","","","","NpcPath","3622.13965","51.7449989","798.300476","3622.78125","52.5","799.205261","","24","base_unknown=0;follow_type=1;follow_unknown=24","2","base_unknown=0;follow_type=1;follow_unknown=24;path_count=2;decoded_path_count=2",""
"2026-07-21T19:55:54.0288134Z","IN","1084","FollowTarget","SimpleChar","79543CB6","SimpleChar:79543CB6","Malfunctioning Cleaning Robot","","","","","NpcPath","3596.979","51.7449989","783.935852","3596.10522","51.7449989","783.924805","","25","base_unknown=0;follow_type=1;follow_unknown=25","2","base_unknown=0;follow_type=1;follow_unknown=25;path_count=2;decoded_path_count=2",""
"2026-07-21T19:55:54.0288134Z","IN","1082","FollowTarget","SimpleChar","797D36A5","SimpleChar:797D36A5","Malfunctioning Cleaning Robot","","","","","NpcPath","3596.81177","51.7449989","788.208923","3596.01758","52.2449989","788.758179","","25","base_unknown=0;follow_type=1;follow_unknown=25","2","base_unknown=0;follow_type=1;follow_unknown=25;path_count=2;decoded_path_count=2",""
"2026-07-21T19:55:54.0288134Z","IN","1083","FollowTarget","SimpleChar","79866547","SimpleChar:79866547","Malfunctioning Cleaning Robot","","","","","NpcPath","3622.24292","51.7449989","798.309387","3622.71704","52.5","799.099426","","24","base_unknown=0;follow_type=1;follow_unknown=24","2","base_unknown=0;follow_type=1;follow_unknown=24;path_count=2;decoded_path_count=2",""
"2026-07-21T19:55:54.2386848Z","IN","1087","FollowTarget","SimpleChar","79543CB6","SimpleChar:79543CB6","Malfunctioning Cleaning Robot","","","","","NpcPath","3596.979","51.7449989","783.935852","3596.10522","51.7449989","783.924805","","25","base_unknown=0;follow_type=1;follow_unknown=25","2","base_unknown=0;follow_type=1;follow_unknown=25;path_count=2;decoded_path_count=2",""
"2026-07-21T19:55:54.2386848Z","IN","1085","FollowTarget","SimpleChar","797D36A5","SimpleChar:797D36A5","Malfunctioning Cleaning Robot","","","","","NpcPath","3596.81177","51.7449989","788.208923","3596.05518","51.7449989","788.482483","","25","base_unknown=0;follow_type=1;follow_unknown=25","2","base_unknown=0;follow_type=1;follow_unknown=25;path_count=2;decoded_path_count=2",""
"2026-07-21T19:55:54.2386848Z","IN","1086","FollowTarget","SimpleChar","79866547","SimpleChar:79866547","Malfunctioning Cleaning Robot","","","","","NpcPath","3622.24292","51.7449989","798.309387","3623.17432","52.5","798.755798","","24","base_unknown=0;follow_type=1;follow_unknown=24","2","base_unknown=0;follow_type=1;follow_unknown=24;path_count=2;decoded_path_count=2",""
"2026-07-21T19:55:54.4725403Z","IN","1089","FollowTarget","SimpleChar","79543CB6","SimpleChar:79543CB6","Malfunctioning Cleaning Robot","","","","","NpcPath","3596.979","51.7449989","783.935852","3596.10522","51.7449989","783.924805","","25","base_unknown=0;follow_type=1;follow_unknown=25","2","base_unknown=0;follow_type=1;follow_unknown=25;path_count=2;decoded_path_count=2",""
"2026-07-21T19:55:54.4725403Z","IN","1088","FollowTarget","SimpleChar","797D36A5","SimpleChar:797D36A5","Malfunctioning Cleaning Robot","","","","","NpcPath","3596.81177","51.7449989","788.208923","3596.07251","52.2449989","788.601257","","25","base_unknown=0;follow_type=1;follow_unknown=25","2","base_unknown=0;follow_type=1;follow_unknown=25;path_count=2;decoded_path_count=2",""
"2026-07-21T19:55:54.7063959Z","IN","1095","FollowTarget","SimpleChar","79543CB6","SimpleChar:79543CB6","Malfunctioning Cleaning Robot","","","","","NpcPath","3596.979","51.7449989","783.935852","3596.09741","52.2449989","783.989197","","25","base_unknown=0;follow_type=1;follow_unknown=25","2","base_unknown=0;follow_type=1;follow_unknown=25;path_count=2;decoded_path_count=2",""
"2026-07-21T19:55:54.7063959Z","IN","1094","FollowTarget","SimpleChar","797D36A5","SimpleChar:797D36A5","Malfunctioning Cleaning Robot","","","","","NpcPath","3596.81177","51.7449989","788.208923","3596.05518","51.7449989","788.482483","","25","base_unknown=0;follow_type=1;follow_unknown=25","2","base_unknown=0;follow_type=1;follow_unknown=25;path_count=2;decoded_path_count=2",""
"2026-07-21T19:55:54.8872848Z","IN","1097","FollowTarget","SimpleChar","79543CB6","SimpleChar:79543CB6","Malfunctioning Cleaning Robot","","","","","NpcPath","3596.979","51.7449989","783.935852","3596.10425","52.2449989","783.943909","","25","base_unknown=0;follow_type=1;follow_unknown=25","2","base_unknown=0;follow_type=1;follow_unknown=25;path_count=2;decoded_path_count=2",""
"2026-07-21T19:55:54.8872848Z","IN","1096","FollowTarget","SimpleChar","797D36A5","SimpleChar:797D36A5","Malfunctioning Cleaning Robot","","","","","NpcPath","3596.81177","51.7449989","788.208923","3596.04175","52.2449989","788.717834","","25","base_unknown=0;follow_type=1;follow_unknown=25","2","base_unknown=0;follow_type=1;follow_unknown=25;path_count=2;decoded_path_count=2",""
"2026-07-21T19:55:55.0931575Z","IN","1100","FollowTarget","SimpleChar","797D36A5","SimpleChar:797D36A5","Malfunctioning Cleaning Robot","","","","","NpcPath","3596.81177","51.7449989","788.208923","3596.05029","52.2449989","788.699036","","25","base_unknown=0;follow_type=1;follow_unknown=25","2","base_unknown=0;follow_type=1;follow_unknown=25;path_count=2;decoded_path_count=2",""
"2026-07-21T19:55:55.0941569Z","IN","1101","FollowTarget","SimpleChar","79543CB6","SimpleChar:79543CB6","Malfunctioning Cleaning Robot","","","","","NpcPath","3596.979","51.7449989","783.935852","3596.03564","52.2449989","784.113098","","25","base_unknown=0;follow_type=1;follow_unknown=25","2","base_unknown=0;follow_type=1;follow_unknown=25;path_count=2;decoded_path_count=2",""
"2026-07-21T19:55:55.3609926Z","IN","1103","FollowTarget","SimpleChar","79543CB6","SimpleChar:79543CB6","Malfunctioning Cleaning Robot","","","","","NpcPath","3596.979","51.7449989","783.935852","3596.03882","52.2449989","783.732788","","25","base_unknown=0;follow_type=1;follow_unknown=25","2","base_unknown=0;follow_type=1;follow_unknown=25;path_count=2;decoded_path_count=2",""
"2026-07-21T19:55:55.3609926Z","IN","1102","FollowTarget","SimpleChar","797D36A5","SimpleChar:797D36A5","Malfunctioning Cleaning Robot","","","","","NpcPath","3596.81177","51.7449989","788.208923","3596.05981","52.2449989","788.672607","","25","base_unknown=0;follow_type=1;follow_unknown=25","2","base_unknown=0;follow_type=1;follow_unknown=25;path_count=2;decoded_path_count=2",""
"2026-07-21T19:55:55.3609926Z","IN","1104","FollowTarget","SimpleChar","79866562","SimpleChar:79866562","Malfunctioning Cleaning Robot","","","","","NpcPath","3620.55908","51.7449989","784.870422","3612.21948","52.5","787.795593","","24","base_unknown=0;follow_type=1;follow_unknown=24","2","base_unknown=0;follow_type=1;follow_unknown=24;path_count=2;decoded_path_count=2",""
"2026-07-21T19:55:55.5558716Z","IN","1106","FollowTarget","SimpleChar","79543CB6","SimpleChar:79543CB6","Malfunctioning Cleaning Robot","","","","","NpcPath","3596.979","51.7449989","783.935852","3596.10522","51.7449989","783.924805","","25","base_unknown=0;follow_type=1;follow_unknown=25","2","base_unknown=0;follow_type=1;follow_unknown=25;path_count=2;decoded_path_count=2",""
"2026-07-21T19:55:55.5558716Z","IN","1105","FollowTarget","SimpleChar","797D36A5","SimpleChar:797D36A5","Malfunctioning Cleaning Robot","","","","","NpcPath","3596.81177","51.7449989","788.208923","3596.07227","52.2449989","788.562805","","25","base_unknown=0;follow_type=1;follow_unknown=25","2","base_unknown=0;follow_type=1;follow_unknown=25;path_count=2;decoded_path_count=2",""
"2026-07-21T19:55:55.7667417Z","IN","1110","FollowTarget","SimpleChar","79543CB6","SimpleChar:79543CB6","Malfunctioning Cleaning Robot","","","","","NpcPath","3596.979","51.7449989","783.935852","3596.10522","51.7449989","783.924805","","25","base_unknown=0;follow_type=1;follow_unknown=25","2","base_unknown=0;follow_type=1;follow_unknown=25;path_count=2;decoded_path_count=2",""
"2026-07-21T19:55:55.7667417Z","IN","1108","FollowTarget","SimpleChar","797D36A5","SimpleChar:797D36A5","Malfunctioning Cleaning Robot","","","","","NpcPath","3596.81177","51.7449989","788.208923","3596.05518","51.7449989","788.482483","","25","base_unknown=0;follow_type=1;follow_unknown=25","2","base_unknown=0;follow_type=1;follow_unknown=25;path_count=2;decoded_path_count=2",""
"2026-07-21T19:55:55.9656205Z","IN","1112","FollowTarget","SimpleChar","79543CB6","SimpleChar:79543CB6","Malfunctioning Cleaning Robot","","","","","NpcPath","3596.979","51.7449989","783.935852","3596.10205","52.2449989","783.87793","","25","base_unknown=0;follow_type=1;follow_unknown=25","2","base_unknown=0;follow_type=1;follow_unknown=25;path_count=2;decoded_path_count=2",""
"2026-07-21T19:55:55.9656205Z","IN","1111","FollowTarget","SimpleChar","797D36A5","SimpleChar:797D36A5","Malfunctioning Cleaning Robot","","","","","NpcPath","3596.81177","51.7449989","788.208923","3596.02637","52.2449989","788.744934","","25","base_unknown=0;follow_type=1;follow_unknown=25","2","base_unknown=0;follow_type=1;follow_unknown=25;path_count=2;decoded_path_count=2",""
"2026-07-21T19:55:56.4343304Z","IN","1120","FollowTarget","SimpleChar","79543CB6","SimpleChar:79543CB6","Malfunctioning Cleaning Robot","","","","","NpcPath","3596.979","51.7449989","783.935852","3596.08862","52.2449989","783.822937","","25","base_unknown=0;follow_type=1;follow_unknown=25","2","base_unknown=0;follow_type=1;follow_unknown=25;path_count=2;decoded_path_count=2",""
"2026-07-21T19:55:56.4343304Z","IN","1123","FollowTarget","SimpleChar","79543CB6","SimpleChar:79543CB6","Malfunctioning Cleaning Robot","","","","","NpcPath","3596.979","51.7449989","783.935852","3596.10522","51.7449989","783.924805","","25","base_unknown=0;follow_type=1;follow_unknown=25","2","base_unknown=0;follow_type=1;follow_unknown=25;path_count=2;decoded_path_count=2",""
"2026-07-21T19:55:56.4343304Z","IN","1119","FollowTarget","SimpleChar","797D36A5","SimpleChar:797D36A5","Malfunctioning Cleaning Robot","","","","","NpcPath","3596.81177","51.7449989","788.208923","3596.05518","51.7449989","788.482483","","25","base_unknown=0;follow_type=1;follow_unknown=25","2","base_unknown=0;follow_type=1;follow_unknown=25;path_count=2;decoded_path_count=2",""
"2026-07-21T19:55:56.4343304Z","IN","1121","FollowTarget","SimpleChar","797D36A5","SimpleChar:797D36A5","Malfunctioning Cleaning Robot","","","","","NpcPath","3596.81177","51.7449989","788.208923","3596.05518","51.7449989","788.482483","","25","base_unknown=0;follow_type=1;follow_unknown=25","2","base_unknown=0;follow_type=1;follow_unknown=25;path_count=2;decoded_path_count=2",""
"2026-07-21T19:55:56.6392040Z","IN","1125","FollowTarget","SimpleChar","79543CB6","SimpleChar:79543CB6","Malfunctioning Cleaning Robot","","","","","NpcPath","3596.979","51.7449989","783.935852","3596.10303","52.2449989","783.884338","","25","base_unknown=0;follow_type=1;follow_unknown=25","2","base_unknown=0;follow_type=1;follow_unknown=25;path_count=2;decoded_path_count=2",""
"2026-07-21T19:55:56.6392040Z","IN","1124","FollowTarget","SimpleChar","797D36A5","SimpleChar:797D36A5","Malfunctioning Cleaning Robot","","","","","NpcPath","3596.81177","51.7449989","788.208923","3596.05518","51.7449989","788.482483","","25","base_unknown=0;follow_type=1;follow_unknown=25","2","base_unknown=0;follow_type=1;follow_unknown=25;path_count=2;decoded_path_count=2",""
"2026-07-21T19:55:56.8570695Z","IN","1126","FollowTarget","SimpleChar","797D36A5","SimpleChar:797D36A5","Malfunctioning Cleaning Robot","","","","","NpcPath","3596.81177","51.7449989","788.208923","3596.05518","51.7449989","788.482483","","25","base_unknown=0;follow_type=1;follow_unknown=25","2","base_unknown=0;follow_type=1;follow_unknown=25;path_count=2;decoded_path_count=2",""
"2026-07-21T19:55:56.8580697Z","IN","1127","FollowTarget","SimpleChar","79543CB6","SimpleChar:79543CB6","Malfunctioning Cleaning Robot","","","","","NpcPath","3596.979","51.7449989","783.935852","3596.10522","51.7449989","783.924805","","25","base_unknown=0;follow_type=1;follow_unknown=25","2","base_unknown=0;follow_type=1;follow_unknown=25;path_count=2;decoded_path_count=2",""
"2026-07-21T19:55:57.2798080Z","IN","1128","FollowTarget","SimpleChar","797D36A5","SimpleChar:797D36A5","Malfunctioning Cleaning Robot","","","","","NpcPath","3596.81177","51.7449989","788.208923","3596.05518","51.7449989","788.482483","","25","base_unknown=0;follow_type=1;follow_unknown=25","2","base_unknown=0;follow_type=1;follow_unknown=25;path_count=2;decoded_path_count=2",""
"2026-07-21T19:55:57.2808073Z","IN","1129","FollowTarget","SimpleChar","79543CB6","SimpleChar:79543CB6","Malfunctioning Cleaning Robot","","","","","NpcPath","3596.979","51.7449989","783.935852","3596.10181","52.2449989","783.966003","","25","base_unknown=0;follow_type=1;follow_unknown=25","2","base_unknown=0;follow_type=1;follow_unknown=25;path_count=2;decoded_path_count=2",""
"2026-07-21T19:55:57.2808073Z","IN","1133","FollowTarget","SimpleChar","79543CB6","SimpleChar:79543CB6","Malfunctioning Cleaning Robot","","","","","NpcPath","3596.979","51.7449989","783.935852","3596.02832","52.2449989","783.72052","","25","base_unknown=0;follow_type=1;follow_unknown=25","2","base_unknown=0;follow_type=1;follow_unknown=25;path_count=2;decoded_path_count=2",""
"2026-07-21T19:55:57.2808073Z","IN","1132","FollowTarget","SimpleChar","797D36A5","SimpleChar:797D36A5","Malfunctioning Cleaning Robot","","","","","NpcPath","3596.81177","51.7449989","788.208923","3596.05518","51.7449989","788.482483","","25","base_unknown=0;follow_type=1;follow_unknown=25","2","base_unknown=0;follow_type=1;follow_unknown=25;path_count=2;decoded_path_count=2",""
"2026-07-21T19:55:57.5596361Z","IN","1135","FollowTarget","SimpleChar","79543CB6","SimpleChar:79543CB6","Malfunctioning Cleaning Robot","","","","","NpcPath","3596.979","51.7449989","783.935852","3596.03979","52.2449989","784.107849","","25","base_unknown=0;follow_type=1;follow_unknown=25","2","base_unknown=0;follow_type=1;follow_unknown=25;path_count=2;decoded_path_count=2",""
"2026-07-21T19:55:57.5596361Z","IN","1134","FollowTarget","SimpleChar","797D36A5","SimpleChar:797D36A5","Malfunctioning Cleaning Robot","","","","","NpcPath","3596.81177","51.7449989","788.208923","3596.05518","51.7449989","788.482483","","25","base_unknown=0;follow_type=1;follow_unknown=25","2","base_unknown=0;follow_type=1;follow_unknown=25;path_count=2;decoded_path_count=2",""
"2026-07-21T19:55:58.0753178Z","IN","1143","FollowTarget","SimpleChar","79543CB6","SimpleChar:79543CB6","Malfunctioning Cleaning Robot","","","","","NpcPath","3596.979","51.7449989","783.935852","3596.10522","51.7449989","783.924805","","25","base_unknown=0;follow_type=1;follow_unknown=25","2","base_unknown=0;follow_type=1;follow_unknown=25;path_count=2;decoded_path_count=2",""
"2026-07-21T19:55:58.0753178Z","IN","1145","FollowTarget","SimpleChar","79543CB6","SimpleChar:79543CB6","Malfunctioning Cleaning Robot","","","","","NpcPath","3596.979","51.7449989","783.935852","3596.10522","51.7449989","783.924805","","25","base_unknown=0;follow_type=1;follow_unknown=25","2","base_unknown=0;follow_type=1;follow_unknown=25;path_count=2;decoded_path_count=2",""
"2026-07-21T19:55:58.0753178Z","IN","1141","FollowTarget","SimpleChar","797D36A5","SimpleChar:797D36A5","Malfunctioning Cleaning Robot","","","","","NpcPath","3596.81177","51.7449989","788.208923","3596.05518","51.7449989","788.482483","","25","base_unknown=0;follow_type=1;follow_unknown=25","2","base_unknown=0;follow_type=1;follow_unknown=25;path_count=2;decoded_path_count=2",""
"2026-07-21T19:55:58.0753178Z","IN","1144","FollowTarget","SimpleChar","797D36A5","SimpleChar:797D36A5","Malfunctioning Cleaning Robot","","","","","NpcPath","3596.81177","51.7449989","788.208923","3596.01294","52.2449989","788.764465","","25","base_unknown=0;follow_type=1;follow_unknown=25","2","base_unknown=0;follow_type=1;follow_unknown=25;path_count=2;decoded_path_count=2",""
"2026-07-21T19:55:58.0753178Z","IN","1142","FollowTarget","SimpleChar","79866553","SimpleChar:79866553","Malfunctioning Cleaning Robot","","","","","NpcPath","3599.96509","51.9249954","787.152222","3594.22217","52.5","799.798279","","24","base_unknown=0;follow_type=1;follow_unknown=24","2","base_unknown=0;follow_type=1;follow_unknown=24;path_count=2;decoded_path_count=2",""
"2026-07-21T19:55:58.3221666Z","IN","1151","FollowTarget","SimpleChar","79543CB6","SimpleChar:79543CB6","Malfunctioning Cleaning Robot","","","","","NpcPath","3596.979","51.7449989","783.935852","3596.10522","51.7449989","783.924805","","25","base_unknown=0;follow_type=1;follow_unknown=25","2","base_unknown=0;follow_type=1;follow_unknown=25;path_count=2;decoded_path_count=2",""
"2026-07-21T19:55:58.3221666Z","IN","1154","FollowTarget","SimpleChar","79543CB6","SimpleChar:79543CB6","Malfunctioning Cleaning Robot","","","","","NpcPath","3596.979","51.7449989","783.935852","3596.06958","52.2449989","784.062744","","25","base_unknown=0;follow_type=1;follow_unknown=25","2","base_unknown=0;follow_type=1;follow_unknown=25;path_count=2;decoded_path_count=2",""
"2026-07-21T19:55:58.3221666Z","IN","1150","FollowTarget","SimpleChar","797D36A5","SimpleChar:797D36A5","Malfunctioning Cleaning Robot","","","","","NpcPath","3596.81177","51.7449989","788.208923","3596.05518","51.7449989","788.482483","","25","base_unknown=0;follow_type=1;follow_unknown=25","2","base_unknown=0;follow_type=1;follow_unknown=25;path_count=2;decoded_path_count=2",""
"2026-07-21T19:55:58.3221666Z","IN","1153","FollowTarget","SimpleChar","797D36A5","SimpleChar:797D36A5","Malfunctioning Cleaning Robot","","","","","NpcPath","3596.81177","51.7449989","788.208923","3596.05518","51.7449989","788.482483","","25","base_unknown=0;follow_type=1;follow_unknown=25","2","base_unknown=0;follow_type=1;follow_unknown=25;path_count=2;decoded_path_count=2",""
"2026-07-21T19:55:58.3221666Z","IN","1152","FollowTarget","SimpleChar","79866518","SimpleChar:79866518","Malfunctioning Cleaning Robot","","","","","NpcPath","3620.67114","51.7449989","784.925354","3612.23853","52.5","787.818115","","24","base_unknown=0;follow_type=1;follow_unknown=24","2","base_unknown=0;follow_type=1;follow_unknown=24;path_count=2;decoded_path_count=2",""
"2026-07-21T19:55:58.3221666Z","IN","1155","FollowTarget","SimpleChar","79866565","SimpleChar:79866565","Malfunctioning Cleaning Robot","","","","","NpcPath","3622.2063","51.7449989","798.394226","3599.06665","52.5","787.292542","","24","base_unknown=0;follow_type=1;follow_unknown=24","2","base_unknown=0;follow_type=1;follow_unknown=24;path_count=2;decoded_path_count=2",""
"2026-07-21T19:55:58.5250406Z","IN","1158","FollowTarget","SimpleChar","79543CB6","SimpleChar:79543CB6","Malfunctioning Cleaning Robot","","","","","NpcPath","3596.979","51.7449989","783.935852","3596.05273","52.2449989","783.75177","","25","base_unknown=0;follow_type=1;follow_unknown=25","2","base_unknown=0;follow_type=1;follow_unknown=25;path_count=2;decoded_path_count=2",""
"2026-07-21T19:55:58.5250406Z","IN","1156","FollowTarget","SimpleChar","797D36A5","SimpleChar:797D36A5","Malfunctioning Cleaning Robot","","","","","NpcPath","3596.81177","51.7449989","788.208923","3596.01465","52.2449989","788.762207","","25","base_unknown=0;follow_type=1;follow_unknown=25","2","base_unknown=0;follow_type=1;follow_unknown=25;path_count=2;decoded_path_count=2",""
"2026-07-21T19:55:58.5250406Z","IN","1157","FollowTarget","SimpleChar","79866547","SimpleChar:79866547","Malfunctioning Cleaning Robot","","","","","NpcPath","3622.27881","51.7449989","798.32666","3599.14697","52.5","786.738403","","24","base_unknown=0;follow_type=1;follow_unknown=24","2","base_unknown=0;follow_type=1;follow_unknown=24;path_count=2;decoded_path_count=2",""
"2026-07-21T19:55:58.9707654Z","IN","1160","FollowTarget","SimpleChar","79543CB6","SimpleChar:79543CB6","Malfunctioning Cleaning Robot","","","","","NpcPath","3596.979","51.7449989","783.935852","3596.10522","51.7449989","783.924805","","25","base_unknown=0;follow_type=1;follow_unknown=25","2","base_unknown=0;follow_type=1;follow_unknown=25;path_count=2;decoded_path_count=2",""
"2026-07-21T19:55:58.9707654Z","IN","1163","FollowTarget","SimpleChar","79543CB6","SimpleChar:79543CB6","Malfunctioning Cleaning Robot","","","","","NpcPath","3596.979","51.7449989","783.935852","3596.07178","52.2449989","784.058594","","25","base_unknown=0;follow_type=1;follow_unknown=25","2","base_unknown=0;follow_type=1;follow_unknown=25;path_count=2;decoded_path_count=2",""
"2026-07-21T19:55:58.9707654Z","IN","1159","FollowTarget","SimpleChar","797D36A5","SimpleChar:797D36A5","Malfunctioning Cleaning Robot","","","","","NpcPath","3596.81177","51.7449989","788.208923","3596.02197","52.2449989","788.417236","","25","base_unknown=0;follow_type=1;follow_unknown=25","2","base_unknown=0;follow_type=1;follow_unknown=25;path_count=2;decoded_path_count=2",""
"2026-07-21T19:55:58.9707654Z","IN","1162","FollowTarget","SimpleChar","797D36A5","SimpleChar:797D36A5","Malfunctioning Cleaning Robot","","","","","NpcPath","3596.81177","51.7449989","788.208923","3596.05518","51.7449989","788.482483","","25","base_unknown=0;follow_type=1;follow_unknown=25","2","base_unknown=0;follow_type=1;follow_unknown=25;path_count=2;decoded_path_count=2",""
"2026-07-21T19:55:59.4264854Z","IN","1167","FollowTarget","SimpleChar","79543CB6","SimpleChar:79543CB6","Malfunctioning Cleaning Robot","","","","","NpcPath","3596.979","51.7449989","783.935852","3596.01245","52.2449989","784.138","","25","base_unknown=0;follow_type=1;follow_unknown=25","2","base_unknown=0;follow_type=1;follow_unknown=25;path_count=2;decoded_path_count=2",""
"2026-07-21T19:55:59.4264854Z","IN","1166","FollowTarget","SimpleChar","797D36A5","SimpleChar:797D36A5","Malfunctioning Cleaning Robot","","","","","NpcPath","3596.81177","51.7449989","788.208923","3596.05518","51.7449989","788.482483","","25","base_unknown=0;follow_type=1;follow_unknown=25","2","base_unknown=0;follow_type=1;follow_unknown=25;path_count=2;decoded_path_count=2",""
"2026-07-21T19:55:59.4264854Z","IN","1168","FollowTarget","SimpleChar","797D36A5","SimpleChar:797D36A5","Malfunctioning Cleaning Robot","","","","","NpcPath","3596.81177","51.7449989","788.208923","3596.05518","51.7449989","788.482483","","25","base_unknown=0;follow_type=1;follow_unknown=25","2","base_unknown=0;follow_type=1;follow_unknown=25;path_count=2;decoded_path_count=2",""
"2026-07-21T19:55:59.4274848Z","IN","1169","FollowTarget","SimpleChar","79543CB6","SimpleChar:79543CB6","Malfunctioning Cleaning Robot","","","","","NpcPath","3596.979","51.7449989","783.935852","3596.10522","51.7449989","783.924805","","25","base_unknown=0;follow_type=1;follow_unknown=25","2","base_unknown=0;follow_type=1;follow_unknown=25;path_count=2;decoded_path_count=2",""
"2026-07-21T19:55:59.6473488Z","IN","1171","FollowTarget","SimpleChar","79543CB6","SimpleChar:79543CB6","Malfunctioning Cleaning Robot","","","","","NpcPath","3596.979","51.7449989","783.935852","3596.10522","51.7449989","783.924805","","25","base_unknown=0;follow_type=1;follow_unknown=25","2","base_unknown=0;follow_type=1;follow_unknown=25;path_count=2;decoded_path_count=2",""
"2026-07-21T19:55:59.6473488Z","IN","1170","FollowTarget","SimpleChar","797D36A5","SimpleChar:797D36A5","Malfunctioning Cleaning Robot","","","","","NpcPath","3596.81177","51.7449989","788.208923","3596.05518","51.7449989","788.482483","","25","base_unknown=0;follow_type=1;follow_unknown=25","2","base_unknown=0;follow_type=1;follow_unknown=25;path_count=2;decoded_path_count=2",""
"2026-07-21T19:55:59.8362319Z","IN","1173","FollowTarget","SimpleChar","797D36A5","SimpleChar:797D36A5","Malfunctioning Cleaning Robot","","","","","NpcPath","3596.81177","51.7449989","788.208923","3596.05005","52.2449989","788.69928","","25","base_unknown=0;follow_type=1;follow_unknown=25","2","base_unknown=0;follow_type=1;follow_unknown=25;path_count=2;decoded_path_count=2",""
"2026-07-21T19:55:59.8372310Z","IN","1174","FollowTarget","SimpleChar","79543CB6","SimpleChar:79543CB6","Malfunctioning Cleaning Robot","","","","","NpcPath","3596.979","51.7449989","783.935852","3596.02319","52.2449989","784.127136","","25","base_unknown=0;follow_type=1;follow_unknown=25","2","base_unknown=0;follow_type=1;follow_unknown=25;path_count=2;decoded_path_count=2",""
"2026-07-21T19:56:00.1250532Z","IN","1176","FollowTarget","SimpleChar","79543CB6","SimpleChar:79543CB6","Malfunctioning Cleaning Robot","","","","","NpcPath","3596.979","51.7449989","783.935852","3596.10522","51.7449989","783.924805","","25","base_unknown=0;follow_type=1;follow_unknown=25","2","base_unknown=0;follow_type=1;follow_unknown=25;path_count=2;decoded_path_count=2",""
"2026-07-21T19:56:00.1250532Z","IN","1175","FollowTarget","SimpleChar","797D36A5","SimpleChar:797D36A5","Malfunctioning Cleaning Robot","","","","","NpcPath","3596.81177","51.7449989","788.208923","3596.04932","52.2449989","788.467773","","25","base_unknown=0;follow_type=1;follow_unknown=25","2","base_unknown=0;follow_type=1;follow_unknown=25;path_count=2;decoded_path_count=2",""
"2026-07-21T19:56:00.4248695Z","IN","1180","FollowTarget","SimpleChar","79543CB6","SimpleChar:79543CB6","Malfunctioning Cleaning Robot","","","","","NpcPath","3596.979","51.7449989","783.935852","3596.08667","52.2449989","784.02478","","25","base_unknown=0;follow_type=1;follow_unknown=25","2","base_unknown=0;follow_type=1;follow_unknown=25;path_count=2;decoded_path_count=2",""
"2026-07-21T19:56:00.4248695Z","IN","1179","FollowTarget","SimpleChar","797D36A5","SimpleChar:797D36A5","Malfunctioning Cleaning Robot","","","","","NpcPath","3596.81177","51.7449989","788.208923","3596.06543","52.2449989","788.5177","","25","base_unknown=0;follow_type=1;follow_unknown=25","2","base_unknown=0;follow_type=1;follow_unknown=25;path_count=2;decoded_path_count=2",""
"2026-07-21T19:56:00.7486700Z","IN","1182","FollowTarget","SimpleChar","797D36A5","SimpleChar:797D36A5","Malfunctioning Cleaning Robot","","","","","NpcPath","3596.81177","51.7449989","788.208923","3596.05518","51.7449989","788.482483","","25","base_unknown=0;follow_type=1;follow_unknown=25","2","base_unknown=0;follow_type=1;follow_unknown=25;path_count=2;decoded_path_count=2",""
"2026-07-21T19:56:00.7496689Z","IN","1183","FollowTarget","SimpleChar","79543CB6","SimpleChar:79543CB6","Malfunctioning Cleaning Robot","","","","","NpcPath","3596.979","51.7449989","783.935852","3596.10522","51.7449989","783.924805","","25","base_unknown=0;follow_type=1;follow_unknown=25","2","base_unknown=0;follow_type=1;follow_unknown=25;path_count=2;decoded_path_count=2",""
"2026-07-21T19:56:00.7496689Z","IN","1189","FollowTarget","SimpleChar","79543CB6","SimpleChar:79543CB6","Malfunctioning Cleaning Robot","","","","","NpcPath","3596.979","51.7449989","783.935852","3596.10034","52.2449989","783.86676","","25","base_unknown=0;follow_type=1;follow_unknown=25","2","base_unknown=0;follow_type=1;follow_unknown=25;path_count=2;decoded_path_count=2",""
"2026-07-21T19:56:00.7496689Z","IN","1188","FollowTarget","SimpleChar","797D36A5","SimpleChar:797D36A5","Malfunctioning Cleaning Robot","","","","","NpcPath","3596.81177","51.7449989","788.208923","3596.05518","51.7449989","788.482483","","25","base_unknown=0;follow_type=1;follow_unknown=25","2","base_unknown=0;follow_type=1;follow_unknown=25;path_count=2;decoded_path_count=2",""
"2026-07-21T19:56:01.1754057Z","IN","1192","FollowTarget","SimpleChar","79543CB6","SimpleChar:79543CB6","Malfunctioning Cleaning Robot","","","","","NpcPath","3596.979","51.7449989","783.935852","3596.05786","52.2449989","783.759155","","25","base_unknown=0;follow_type=1;follow_unknown=25","2","base_unknown=0;follow_type=1;follow_unknown=25;path_count=2;decoded_path_count=2",""
"2026-07-21T19:56:01.1754057Z","IN","1195","FollowTarget","SimpleChar","79543CB6","SimpleChar:79543CB6","Malfunctioning Cleaning Robot","","","","","NpcPath","3596.979","51.7449989","783.935852","3596.10522","51.7449989","783.924805","","25","base_unknown=0;follow_type=1;follow_unknown=25","2","base_unknown=0;follow_type=1;follow_unknown=25;path_count=2;decoded_path_count=2",""
"2026-07-21T19:56:01.1754057Z","IN","1191","FollowTarget","SimpleChar","797D36A5","SimpleChar:797D36A5","Malfunctioning Cleaning Robot","","","","","NpcPath","3596.81177","51.7449989","788.208923","3596.05518","51.7449989","788.482483","","25","base_unknown=0;follow_type=1;follow_unknown=25","2","base_unknown=0;follow_type=1;follow_unknown=25;path_count=2;decoded_path_count=2",""
"2026-07-21T19:56:01.1754057Z","IN","1194","FollowTarget","SimpleChar","797D36A5","SimpleChar:797D36A5","Malfunctioning Cleaning Robot","","","","","NpcPath","3596.81177","51.7449989","788.208923","3596.05518","51.7449989","788.482483","","25","base_unknown=0;follow_type=1;follow_unknown=25","2","base_unknown=0;follow_type=1;follow_unknown=25;path_count=2;decoded_path_count=2",""
"2026-07-21T19:56:01.1754057Z","IN","1196","FollowTarget","SimpleChar","79866562","SimpleChar:79866562","Malfunctioning Cleaning Robot","","","","","NpcPath","3613.10327","52.1349983","787.485657","3612.28979","52.5","787.922058","","24","base_unknown=0;follow_type=1;follow_unknown=24","2","base_unknown=0;follow_type=1;follow_unknown=24;path_count=2;decoded_path_count=2",""
"2026-07-21T19:56:01.4382448Z","IN","1200","FollowTarget","SimpleChar","79543CB6","SimpleChar:79543CB6","Malfunctioning Cleaning Robot","","","","","NpcPath","3596.979","51.7449989","783.935852","3596.07788","52.2449989","783.796143","","25","base_unknown=0;follow_type=1;follow_unknown=25","2","base_unknown=0;follow_type=1;follow_unknown=25;path_count=2;decoded_path_count=2",""
"2026-07-21T19:56:01.4382448Z","IN","1199","FollowTarget","SimpleChar","797D36A5","SimpleChar:797D36A5","Malfunctioning Cleaning Robot","","","","","NpcPath","3596.81177","51.7449989","788.208923","3596.05518","51.7449989","788.482483","","25","base_unknown=0;follow_type=1;follow_unknown=25","2","base_unknown=0;follow_type=1;follow_unknown=25;path_count=2;decoded_path_count=2",""
"2026-07-21T19:56:01.4392435Z","IN","1201","FollowTarget","SimpleChar","79866562","SimpleChar:79866562","Malfunctioning Cleaning Robot","","","","","NpcPath","3613.10327","52.1349983","787.485657","3612.22021","52.5","787.796143","","24","base_unknown=0;follow_type=1;follow_unknown=24","2","base_unknown=0;follow_type=1;follow_unknown=24;path_count=2;decoded_path_count=2",""
"2026-07-21T19:56:01.8180107Z","IN","1203","FollowTarget","SimpleChar","797D36A5","SimpleChar:797D36A5","Malfunctioning Cleaning Robot","","","","","NpcPath","3596.81177","51.7449989","788.208923","3596.07202","52.2449989","788.606628","","25","base_unknown=0;follow_type=1;follow_unknown=25","2","base_unknown=0;follow_type=1;follow_unknown=25;path_count=2;decoded_path_count=2",""
"2026-07-21T19:56:01.8190100Z","IN","1204","FollowTarget","SimpleChar","79543CB6","SimpleChar:79543CB6","Malfunctioning Cleaning Robot","","","","","NpcPath","3596.979","51.7449989","783.935852","3596.02808","52.2449989","783.720276","","25","base_unknown=0;follow_type=1;follow_unknown=25","2","base_unknown=0;follow_type=1;follow_unknown=25;path_count=2;decoded_path_count=2",""
"2026-07-21T19:56:01.8190100Z","IN","1208","FollowTarget","SimpleChar","79543CB6","SimpleChar:79543CB6","Malfunctioning Cleaning Robot","","","","","NpcPath","3596.979","51.7449989","783.935852","3596.03662","52.2449989","783.730286","","25","base_unknown=0;follow_type=1;follow_unknown=25","2","base_unknown=0;follow_type=1;follow_unknown=25;path_count=2;decoded_path_count=2",""
"2026-07-21T19:56:01.8190100Z","IN","1207","FollowTarget","SimpleChar","797D36A5","SimpleChar:797D36A5","Malfunctioning Cleaning Robot","","","","","NpcPath","3596.81177","51.7449989","788.208923","3596.05518","51.7449989","788.482483","","25","base_unknown=0;follow_type=1;follow_unknown=25","2","base_unknown=0;follow_type=1;follow_unknown=25;path_count=2;decoded_path_count=2",""
"2026-07-21T19:56:01.8190100Z","IN","1205","FollowTarget","SimpleChar","79866562","SimpleChar:79866562","Malfunctioning Cleaning Robot","","","","","NpcPath","3613.10327","52.1349983","787.485657","3611.90625","52.5","787.715027","","24","base_unknown=0;follow_type=1;follow_unknown=24","2","base_unknown=0;follow_type=1;follow_unknown=24;path_count=2;decoded_path_count=2",""
"2026-07-21T19:56:02.0848457Z","IN","1211","FollowTarget","SimpleChar","79543CB6","SimpleChar:79543CB6","Malfunctioning Cleaning Robot","","","","","NpcPath","3596.979","51.7449989","783.935852","3596.104","52.2449989","783.948303","","25","base_unknown=0;follow_type=1;follow_unknown=25","2","base_unknown=0;follow_type=1;follow_unknown=25;path_count=2;decoded_path_count=2",""
"2026-07-21T19:56:02.0848457Z","IN","1210","FollowTarget","SimpleChar","797D36A5","SimpleChar:797D36A5","Malfunctioning Cleaning Robot","","","","","NpcPath","3596.81177","51.7449989","788.208923","3596.0271","52.2449989","788.425232","","25","base_unknown=0;follow_type=1;follow_unknown=25","2","base_unknown=0;follow_type=1;follow_unknown=25;path_count=2;decoded_path_count=2",""
"2026-07-21T19:56:02.0848457Z","IN","1212","FollowTarget","SimpleChar","79866562","SimpleChar:79866562","Malfunctioning Cleaning Robot","","","","","NpcPath","3612.88428","52.1349983","787.527649","3612.23975","52.5","787.819519","","24","base_unknown=0;follow_type=1;follow_unknown=24","2","base_unknown=0;follow_type=1;follow_unknown=24;path_count=2;decoded_path_count=2",""
"2026-07-21T19:56:02.4796023Z","IN","1217","FollowTarget","SimpleChar","79543CB6","SimpleChar:79543CB6","Malfunctioning Cleaning Robot","","","","","NpcPath","3596.979","51.7449989","783.935852","3596.10522","51.7449989","783.924805","","25","base_unknown=0;follow_type=1;follow_unknown=25","2","base_unknown=0;follow_type=1;follow_unknown=25;path_count=2;decoded_path_count=2",""
"2026-07-21T19:56:02.4796023Z","IN","1216","FollowTarget","SimpleChar","797D36A5","SimpleChar:797D36A5","Malfunctioning Cleaning Robot","","","","","NpcPath","3596.81177","51.7449989","788.208923","3596.05981","52.2449989","788.672424","","25","base_unknown=0;follow_type=1;follow_unknown=25","2","base_unknown=0;follow_type=1;follow_unknown=25;path_count=2;decoded_path_count=2",""
"2026-07-21T19:56:02.4796023Z","IN","1218","FollowTarget","SimpleChar","79866562","SimpleChar:79866562","Malfunctioning Cleaning Robot","","","","","NpcPath","3612.88428","52.1349983","787.527649","3612.18994","52.5","787.767822","","24","base_unknown=0;follow_type=1;follow_unknown=24","2","base_unknown=0;follow_type=1;follow_unknown=24;path_count=2;decoded_path_count=2",""
"2026-07-21T19:56:02.4806015Z","IN","1222","FollowTarget","SimpleChar","79543CB6","SimpleChar:79543CB6","Malfunctioning Cleaning Robot","","","","","NpcPath","3596.979","51.7449989","783.935852","3596.10522","51.7449989","783.924805","","25","base_unknown=0;follow_type=1;follow_unknown=25","2","base_unknown=0;follow_type=1;follow_unknown=25;path_count=2;decoded_path_count=2",""
"2026-07-21T19:56:02.4806015Z","IN","1221","FollowTarget","SimpleChar","797D36A5","SimpleChar:797D36A5","Malfunctioning Cleaning Robot","","","","","NpcPath","3596.81177","51.7449989","788.208923","3596.05518","51.7449989","788.482483","","25","base_unknown=0;follow_type=1;follow_unknown=25","2","base_unknown=0;follow_type=1;follow_unknown=25;path_count=2;decoded_path_count=2",""
"2026-07-21T19:56:02.4806015Z","IN","1223","FollowTarget","SimpleChar","79866562","SimpleChar:79866562","Malfunctioning Cleaning Robot","","","","","NpcPath","3612.88428","52.1349983","787.527649","3612.22363","52.5","787.80011","","24","base_unknown=0;follow_type=1;follow_unknown=24","2","base_unknown=0;follow_type=1;follow_unknown=24;path_count=2;decoded_path_count=2",""
"2026-07-21T19:56:02.8443782Z","IN","1224","FollowTarget","SimpleChar","797D36A5","SimpleChar:797D36A5","Malfunctioning Cleaning Robot","","","","","NpcPath","3596.81177","51.7449989","788.208923","3596.03345","52.2449989","788.733093","","25","base_unknown=0;follow_type=1;follow_unknown=25","2","base_unknown=0;follow_type=1;follow_unknown=25;path_count=2;decoded_path_count=2",""
"2026-07-21T19:56:02.8453765Z","IN","1225","FollowTarget","SimpleChar","79543CB6","SimpleChar:79543CB6","Malfunctioning Cleaning Robot","","","","","NpcPath","3596.979","51.7449989","783.935852","3596.08252","52.2449989","784.035461","","25","base_unknown=0;follow_type=1;follow_unknown=25","2","base_unknown=0;follow_type=1;follow_unknown=25;path_count=2;decoded_path_count=2",""
"2026-07-21T19:56:02.8453765Z","IN","1228","FollowTarget","SimpleChar","79543CB6","SimpleChar:79543CB6","Malfunctioning Cleaning Robot","","","","","NpcPath","3596.979","51.7449989","783.935852","3596.10522","51.7449989","783.924805","","25","base_unknown=0;follow_type=1;follow_unknown=25","2","base_unknown=0;follow_type=1;follow_unknown=25;path_count=2;decoded_path_count=2",""
"2026-07-21T19:56:02.8453765Z","IN","1227","FollowTarget","SimpleChar","797D36A5","SimpleChar:797D36A5","Malfunctioning Cleaning Robot","","","","","NpcPath","3596.81177","51.7449989","788.208923","3596.05444","52.2449989","788.688538","","25","base_unknown=0;follow_type=1;follow_unknown=25","2","base_unknown=0;follow_type=1;follow_unknown=25;path_count=2;decoded_path_count=2",""
"2026-07-21T19:56:02.8453765Z","IN","1226","FollowTarget","SimpleChar","79866562","SimpleChar:79866562","Malfunctioning Cleaning Robot","","","","","NpcPath","3612.88428","52.1349983","787.527649","3612.19263","52.5","787.77002","","24","base_unknown=0;follow_type=1;follow_unknown=24","2","base_unknown=0;follow_type=1;follow_unknown=24;path_count=2;decoded_path_count=2",""
"2026-07-21T19:56:02.8453765Z","IN","1229","FollowTarget","SimpleChar","79866562","SimpleChar:79866562","Malfunctioning Cleaning Robot","","","","","NpcPath","3612.88428","52.1349983","787.527649","3612.17627","52.5","788.242798","","24","base_unknown=0;follow_type=1;follow_unknown=24","2","base_unknown=0;follow_type=1;follow_unknown=24;path_count=2;decoded_path_count=2",""
"2026-07-21T19:56:03.3070917Z","IN","1232","FollowTarget","SimpleChar","79543CB6","SimpleChar:79543CB6","Malfunctioning Cleaning Robot","","","","","NpcPath","3596.979","51.7449989","783.935852","3596.10522","51.7449989","783.924805","","25","base_unknown=0;follow_type=1;follow_unknown=25","2","base_unknown=0;follow_type=1;follow_unknown=25;path_count=2;decoded_path_count=2",""
"2026-07-21T19:56:03.3070917Z","IN","1230","FollowTarget","SimpleChar","797D36A5","SimpleChar:797D36A5","Malfunctioning Cleaning Robot","","","","","NpcPath","3596.81177","51.7449989","788.208923","3596.05518","51.7449989","788.482483","","25","base_unknown=0;follow_type=1;follow_unknown=25","2","base_unknown=0;follow_type=1;follow_unknown=25;path_count=2;decoded_path_count=2",""
"2026-07-21T19:56:03.3070917Z","IN","1235","FollowTarget","SimpleChar","797D36A5","SimpleChar:797D36A5","Malfunctioning Cleaning Robot","","","","","NpcPath","3596.81177","51.7449989","788.208923","3596.07056","52.2449989","788.545715","","25","base_unknown=0;follow_type=1;follow_unknown=25","2","base_unknown=0;follow_type=1;follow_unknown=25;path_count=2;decoded_path_count=2",""
"2026-07-21T19:56:03.3070917Z","IN","1231","FollowTarget","SimpleChar","7986655E","SimpleChar:7986655E","Malfunctioning Cleaning Robot","","","","","NpcPath","3610.11865","52.1349983","778.756042","3610.70117","52.5","777.974182","","24","base_unknown=0;follow_type=1;follow_unknown=24","2","base_unknown=0;follow_type=1;follow_unknown=24;path_count=2;decoded_path_count=2",""
"2026-07-21T19:56:03.3070917Z","IN","1236","FollowTarget","SimpleChar","7986655E","SimpleChar:7986655E","Malfunctioning Cleaning Robot","","","","","NpcPath","3610.11865","52.1349983","778.756042","3610.83179","52.5","778.248474","","24","base_unknown=0;follow_type=1;follow_unknown=24","2","base_unknown=0;follow_type=1;follow_unknown=24;path_count=2;decoded_path_count=2",""
"2026-07-21T19:56:03.3080911Z","IN","1237","FollowTarget","SimpleChar","79543CB6","SimpleChar:79543CB6","Malfunctioning Cleaning Robot","","","","","NpcPath","3596.979","51.7449989","783.935852","3596.0896","52.2449989","784.016296","","25","base_unknown=0;follow_type=1;follow_unknown=25","2","base_unknown=0;follow_type=1;follow_unknown=25;path_count=2;decoded_path_count=2",""
"2026-07-21T19:56:03.5849199Z","IN","1240","FollowTarget","SimpleChar","797D36A5","SimpleChar:797D36A5","Malfunctioning Cleaning Robot","","","","","NpcPath","3596.81177","51.7449989","788.208923","3596.05518","51.7449989","788.482483","","25","base_unknown=0;follow_type=1;follow_unknown=25","2","base_unknown=0;follow_type=1;follow_unknown=25;path_count=2;decoded_path_count=2",""
"2026-07-21T19:56:03.5859194Z","IN","1241","FollowTarget","SimpleChar","7986655E","SimpleChar:7986655E","Malfunctioning Cleaning Robot","","","","","NpcPath","3610.11865","52.1349983","778.756042","3611.08008","52.5","778.289063","","24","base_unknown=0;follow_type=1;follow_unknown=24","2","base_unknown=0;follow_type=1;follow_unknown=24;path_count=2;decoded_path_count=2",""
"2026-07-21T19:56:03.6009121Z","IN","1242","FollowTarget","SimpleChar","79543CB6","SimpleChar:79543CB6","Malfunctioning Cleaning Robot","","","","","NpcPath","3596.979","51.7449989","783.935852","3596.10522","51.7449989","783.924805","","25","base_unknown=0;follow_type=1;follow_unknown=25","2","base_unknown=0;follow_type=1;follow_unknown=25;path_count=2;decoded_path_count=2",""
"2026-07-21T19:56:03.9167168Z","IN","1249","FollowTarget","SimpleChar","79543CB6","SimpleChar:79543CB6","Malfunctioning Cleaning Robot","","","","","NpcPath","3596.979","51.7449989","783.935852","3596.09668","52.2449989","783.992004","","25","base_unknown=0;follow_type=1;follow_unknown=25","2","base_unknown=0;follow_type=1;follow_unknown=25;path_count=2;decoded_path_count=2",""
"2026-07-21T19:56:03.9167168Z","IN","1252","FollowTarget","SimpleChar","79543CB6","SimpleChar:79543CB6","Malfunctioning Cleaning Robot","","","","","NpcPath","3596.979","51.7449989","783.935852","3596.10376","52.2449989","783.949829","","25","base_unknown=0;follow_type=1;follow_unknown=25","2","base_unknown=0;follow_type=1;follow_unknown=25;path_count=2;decoded_path_count=2",""
"2026-07-21T19:56:03.9167168Z","IN","1248","FollowTarget","SimpleChar","797D36A5","SimpleChar:797D36A5","Malfunctioning Cleaning Robot","","","","","NpcPath","3596.81177","51.7449989","788.208923","3596.05518","51.7449989","788.482483","","25","base_unknown=0;follow_type=1;follow_unknown=25","2","base_unknown=0;follow_type=1;follow_unknown=25;path_count=2;decoded_path_count=2",""
"2026-07-21T19:56:03.9167168Z","IN","1250","FollowTarget","SimpleChar","797D36A5","SimpleChar:797D36A5","Malfunctioning Cleaning Robot","","","","","NpcPath","3596.81177","51.7449989","788.208923","3596.05518","51.7449989","788.482483","","25","base_unknown=0;follow_type=1;follow_unknown=25","2","base_unknown=0;follow_type=1;follow_unknown=25;path_count=2;decoded_path_count=2",""
"2026-07-21T19:56:03.9167168Z","IN","1251","FollowTarget","SimpleChar","7986655E","SimpleChar:7986655E","Malfunctioning Cleaning Robot","","","","","NpcPath","3610.18457","52.1349983","778.72406","3610.77734","52.5","778.20105","","24","base_unknown=0;follow_type=1;follow_unknown=24","2","base_unknown=0;follow_type=1;follow_unknown=24;path_count=2;decoded_path_count=2",""
"2026-07-21T19:56:04.1655629Z","IN","1256","FollowTarget","SimpleChar","79543CB6","SimpleChar:79543CB6","Malfunctioning Cleaning Robot","","","","","NpcPath","3596.979","51.7449989","783.935852","3596.10522","51.7449989","783.924805","","25","base_unknown=0;follow_type=1;follow_unknown=25","2","base_unknown=0;follow_type=1;follow_unknown=25;path_count=2;decoded_path_count=2",""
"2026-07-21T19:56:04.1655629Z","IN","1254","FollowTarget","SimpleChar","797D36A5","SimpleChar:797D36A5","Malfunctioning Cleaning Robot","","","","","NpcPath","3596.81177","51.7449989","788.208923","3596.05518","51.7449989","788.482483","","25","base_unknown=0;follow_type=1;follow_unknown=25","2","base_unknown=0;follow_type=1;follow_unknown=25;path_count=2;decoded_path_count=2",""
"2026-07-21T19:56:04.1655629Z","IN","1253","FollowTarget","SimpleChar","79866518","SimpleChar:79866518","Malfunctioning Cleaning Robot","","","","","NpcPath","3613.13745","52.1349983","787.51001","3612.17651","52.5","788.242615","","24","base_unknown=0;follow_type=1;follow_unknown=24","2","base_unknown=0;follow_type=1;follow_unknown=24;path_count=2;decoded_path_count=2",""
"2026-07-21T19:56:04.1655629Z","IN","1255","FollowTarget","SimpleChar","7986655E","SimpleChar:7986655E","Malfunctioning Cleaning Robot","","","","","NpcPath","3610.18457","52.1349983","778.72406","3610.70703","52.5","778.064453","","24","base_unknown=0;follow_type=1;follow_unknown=24","2","base_unknown=0;follow_type=1;follow_unknown=24;path_count=2;decoded_path_count=2",""
"2026-07-21T19:56:04.3864259Z","IN","1262","FollowTarget","SimpleChar","79543CB6","SimpleChar:79543CB6","Malfunctioning Cleaning Robot","","","","","NpcPath","3596.979","51.7449989","783.935852","3596.0625","52.2449989","784.075439","","25","base_unknown=0;follow_type=1;follow_unknown=25","2","base_unknown=0;follow_type=1;follow_unknown=25;path_count=2;decoded_path_count=2",""
"2026-07-21T19:56:04.3864259Z","IN","1260","FollowTarget","SimpleChar","797D36A5","SimpleChar:797D36A5","Malfunctioning Cleaning Robot","","","","","NpcPath","3596.81177","51.7449989","788.208923","3596.05518","51.7449989","788.482483","","25","base_unknown=0;follow_type=1;follow_unknown=25","2","base_unknown=0;follow_type=1;follow_unknown=25;path_count=2;decoded_path_count=2",""
"2026-07-21T19:56:04.3864259Z","IN","1261","FollowTarget","SimpleChar","7986655E","SimpleChar:7986655E","Malfunctioning Cleaning Robot","","","","","NpcPath","3610.18457","52.1349983","778.72406","3610.70044","52.5","777.982788","","24","base_unknown=0;follow_type=1;follow_unknown=24","2","base_unknown=0;follow_type=1;follow_unknown=24;path_count=2;decoded_path_count=2",""
"2026-07-21T19:56:04.7402073Z","IN","1266","FollowTarget","SimpleChar","79543CB6","SimpleChar:79543CB6","Malfunctioning Cleaning Robot","","","","","NpcPath","3596.979","51.7449989","783.935852","3596.10474","52.2449989","783.937988","","25","base_unknown=0;follow_type=1;follow_unknown=25","2","base_unknown=0;follow_type=1;follow_unknown=25;path_count=2;decoded_path_count=2",""
"2026-07-21T19:56:04.7402073Z","IN","1264","FollowTarget","SimpleChar","797D36A5","SimpleChar:797D36A5","Malfunctioning Cleaning Robot","","","","","NpcPath","3596.81177","51.7449989","788.208923","3596.05518","51.7449989","788.482483","","25","base_unknown=0;follow_type=1;follow_unknown=25","2","base_unknown=0;follow_type=1;follow_unknown=25;path_count=2;decoded_path_count=2",""
"2026-07-21T19:56:04.7402073Z","IN","1263","FollowTarget","SimpleChar","79866518","SimpleChar:79866518","Malfunctioning Cleaning Robot","","","","","NpcPath","3612.96948","52.1349983","787.638123","3612.21729","52.5","787.793274","","24","base_unknown=0;follow_type=1;follow_unknown=24","2","base_unknown=0;follow_type=1;follow_unknown=24;path_count=2;decoded_path_count=2",""
"2026-07-21T19:56:04.7402073Z","IN","1265","FollowTarget","SimpleChar","7986655E","SimpleChar:7986655E","Malfunctioning Cleaning Robot","","","","","NpcPath","3610.18457","52.1349983","778.72406","3610.7334","52.5","777.862549","","24","base_unknown=0;follow_type=1;follow_unknown=24","2","base_unknown=0;follow_type=1;follow_unknown=24;path_count=2;decoded_path_count=2",""
"2026-07-21T19:56:05.2169165Z","IN","1271","FollowTarget","SimpleChar","79543CB6","SimpleChar:79543CB6","Malfunctioning Cleaning Robot","","","","","NpcPath","3596.979","51.7449989","783.935852","3596.10522","51.7449989","783.924805","","25","base_unknown=0;follow_type=1;follow_unknown=25","2","base_unknown=0;follow_type=1;follow_unknown=25;path_count=2;decoded_path_count=2",""
"2026-07-21T19:56:05.2169165Z","IN","1275","FollowTarget","SimpleChar","79543CB6","SimpleChar:79543CB6","Malfunctioning Cleaning Robot","","","","","NpcPath","3596.979","51.7449989","783.935852","3596.10522","51.7449989","783.924805","","25","base_unknown=0;follow_type=1;follow_unknown=25","2","base_unknown=0;follow_type=1;follow_unknown=25;path_count=2;decoded_path_count=2",""
"2026-07-21T19:56:05.2169165Z","IN","1269","FollowTarget","SimpleChar","797D36A5","SimpleChar:797D36A5","Malfunctioning Cleaning Robot","","","","","NpcPath","3596.81177","51.7449989","788.208923","3596.02881","52.2449989","788.427734","","25","base_unknown=0;follow_type=1;follow_unknown=25","2","base_unknown=0;follow_type=1;follow_unknown=25;path_count=2;decoded_path_count=2",""
"2026-07-21T19:56:05.2169165Z","IN","1273","FollowTarget","SimpleChar","797D36A5","SimpleChar:797D36A5","Malfunctioning Cleaning Robot","","","","","NpcPath","3596.81177","51.7449989","788.208923","3596.06396","52.2449989","788.511719","","25","base_unknown=0;follow_type=1;follow_unknown=25","2","base_unknown=0;follow_type=1;follow_unknown=25;path_count=2;decoded_path_count=2",""
"2026-07-21T19:56:05.2169165Z","IN","1279","FollowTarget","SimpleChar","797D36A5","SimpleChar:797D36A5","Malfunctioning Cleaning Robot","","","","","NpcPath","3596.81177","51.7449989","788.208923","3596.06689","52.2449989","788.64447","","25","base_unknown=0;follow_type=1;follow_unknown=25","2","base_unknown=0;follow_type=1;follow_unknown=25;path_count=2;decoded_path_count=2",""
"2026-07-21T19:56:05.2169165Z","IN","1268","FollowTarget","SimpleChar","79866518","SimpleChar:79866518","Malfunctioning Cleaning Robot","","","","","NpcPath","3612.96948","52.1349983","787.638123","3612.21729","52.5","787.793152","","24","base_unknown=0;follow_type=1;follow_unknown=24","2","base_unknown=0;follow_type=1;follow_unknown=24;path_count=2;decoded_path_count=2",""
"2026-07-21T19:56:05.2169165Z","IN","1272","FollowTarget","SimpleChar","79866518","SimpleChar:79866518","Malfunctioning Cleaning Robot","","","","","NpcPath","3612.96948","52.1349983","787.638123","3612.28564","52.5","787.908386","","24","base_unknown=0;follow_type=1;follow_unknown=24","2","base_unknown=0;follow_type=1;follow_unknown=24;path_count=2;decoded_path_count=2",""
"2026-07-21T19:56:05.2169165Z","IN","1278","FollowTarget","SimpleChar","79866518","SimpleChar:79866518","Malfunctioning Cleaning Robot","","","","","NpcPath","3612.96948","52.1349983","787.638123","3612.29688","52.5","787.956909","","24","base_unknown=0;follow_type=1;follow_unknown=24","2","base_unknown=0;follow_type=1;follow_unknown=24;path_count=2;decoded_path_count=2",""
"2026-07-21T19:56:05.2169165Z","IN","1270","FollowTarget","SimpleChar","7986655E","SimpleChar:7986655E","Malfunctioning Cleaning Robot","","","","","NpcPath","3610.19775","52.1349983","778.703186","3611.11353","52.5","778.277649","","24","base_unknown=0;follow_type=1;follow_unknown=24","2","base_unknown=0;follow_type=1;follow_unknown=24;path_count=2;decoded_path_count=2",""
"2026-07-21T19:56:05.2169165Z","IN","1274","FollowTarget","SimpleChar","7986655E","SimpleChar:7986655E","Malfunctioning Cleaning Robot","","","","","NpcPath","3610.21045","52.1349983","778.697266","3610.77515","52.5","777.80127","","24","base_unknown=0;follow_type=1;follow_unknown=24","2","base_unknown=0;follow_type=1;follow_unknown=24;path_count=2;decoded_path_count=2",""
"2026-07-21T19:56:05.2179136Z","IN","1282","FollowTarget","SimpleChar","79543CB6","SimpleChar:79543CB6","Malfunctioning Cleaning Robot","","","","","NpcPath","3596.979","51.7449989","783.935852","3596.10522","51.7449989","783.924805","","25","base_unknown=0;follow_type=1;follow_unknown=25","2","base_unknown=0;follow_type=1;follow_unknown=25;path_count=2;decoded_path_count=2",""
"2026-07-21T19:56:05.6116720Z","IN","1289","FollowTarget","SimpleChar","79543CB6","SimpleChar:79543CB6","Malfunctioning Cleaning Robot","","","","","NpcPath","3596.979","51.7449989","783.935852","3596.07129","52.2449989","784.059631","","25","base_unknown=0;follow_type=1;follow_unknown=25","2","base_unknown=0;follow_type=1;follow_unknown=25;path_count=2;decoded_path_count=2",""
"2026-07-21T19:56:05.6116720Z","IN","1293","FollowTarget","SimpleChar","79543CB6","SimpleChar:79543CB6","Malfunctioning Cleaning Robot","","","","","NpcPath","3596.979","51.7449989","783.935852","3596.09863","52.2449989","783.983765","","25","base_unknown=0;follow_type=1;follow_unknown=25","2","base_unknown=0;follow_type=1;follow_unknown=25;path_count=2;decoded_path_count=2",""
"2026-07-21T19:56:05.6116720Z","IN","1288","FollowTarget","SimpleChar","797D36A5","SimpleChar:797D36A5","Malfunctioning Cleaning Robot","","","","","NpcPath","3596.81177","51.7449989","788.208923","3596.05518","51.7449989","788.482483","","25","base_unknown=0;follow_type=1;follow_unknown=25","2","base_unknown=0;follow_type=1;follow_unknown=25;path_count=2;decoded_path_count=2",""
"2026-07-21T19:56:05.6116720Z","IN","1291","FollowTarget","SimpleChar","797D36A5","SimpleChar:797D36A5","Malfunctioning Cleaning Robot","","","","","NpcPath","3596.81177","51.7449989","788.208923","3596.05518","51.7449989","788.482483","","25","base_unknown=0;follow_type=1;follow_unknown=25","2","base_unknown=0;follow_type=1;follow_unknown=25;path_count=2;decoded_path_count=2",""
"2026-07-21T19:56:05.6116720Z","IN","1287","FollowTarget","SimpleChar","79866518","SimpleChar:79866518","Malfunctioning Cleaning Robot","","","","","NpcPath","3612.96948","52.1349983","787.638123","3612.19727","52.5","788.225952","","24","base_unknown=0;follow_type=1;follow_unknown=24","2","base_unknown=0;follow_type=1;follow_unknown=24;path_count=2;decoded_path_count=2",""
"2026-07-21T19:56:05.6116720Z","IN","1290","FollowTarget","SimpleChar","79866518","SimpleChar:79866518","Malfunctioning Cleaning Robot","","","","","NpcPath","3612.96948","52.1349983","787.638123","3612.2998","52.5","788.013367","","24","base_unknown=0;follow_type=1;follow_unknown=24","2","base_unknown=0;follow_type=1;follow_unknown=24;path_count=2;decoded_path_count=2",""
"2026-07-21T19:56:06.0643907Z","IN","1298","FollowTarget","SimpleChar","79543CB6","SimpleChar:79543CB6","Malfunctioning Cleaning Robot","","","","","NpcPath","3596.979","51.7449989","783.935852","3596.08813","52.2449989","783.820984","","25","base_unknown=0;follow_type=1;follow_unknown=25","2","base_unknown=0;follow_type=1;follow_unknown=25;path_count=2;decoded_path_count=2",""
"2026-07-21T19:56:06.0643907Z","IN","1296","FollowTarget","SimpleChar","797D36A5","SimpleChar:797D36A5","Malfunctioning Cleaning Robot","","","","","NpcPath","3596.81177","51.7449989","788.208923","3596.05518","51.7449989","788.482483","","25","base_unknown=0;follow_type=1;follow_unknown=25","2","base_unknown=0;follow_type=1;follow_unknown=25;path_count=2;decoded_path_count=2",""
"2026-07-21T19:56:06.0643907Z","IN","1295","FollowTarget","SimpleChar","79866518","SimpleChar:79866518","Malfunctioning Cleaning Robot","","","","","NpcPath","3612.96948","52.1349983","787.638123","3612.29492","52.5","787.945679","","24","base_unknown=0;follow_type=1;follow_unknown=24","2","base_unknown=0;follow_type=1;follow_unknown=24;path_count=2;decoded_path_count=2",""
"2026-07-21T19:56:06.0653896Z","IN","1304","FollowTarget","SimpleChar","79543CB6","SimpleChar:79543CB6","Malfunctioning Cleaning Robot","","","","","NpcPath","3596.979","51.7449989","783.935852","3596.08691","52.2449989","783.818054","","25","base_unknown=0;follow_type=1;follow_unknown=25","2","base_unknown=0;follow_type=1;follow_unknown=25;path_count=2;decoded_path_count=2",""
"2026-07-21T19:56:06.0653896Z","IN","1301","FollowTarget","SimpleChar","797D36A5","SimpleChar:797D36A5","Malfunctioning Cleaning Robot","","","","","NpcPath","3596.81177","51.7449989","788.208923","3596.05103","52.2449989","788.69696","","25","base_unknown=0;follow_type=1;follow_unknown=25","2","base_unknown=0;follow_type=1;follow_unknown=25;path_count=2;decoded_path_count=2",""
"2026-07-21T19:56:06.0653896Z","IN","1300","FollowTarget","SimpleChar","79866518","SimpleChar:79866518","Malfunctioning Cleaning Robot","","","","","NpcPath","3612.96948","52.1349983","787.638123","3612.09009","52.5","787.713806","","24","base_unknown=0;follow_type=1;follow_unknown=24","2","base_unknown=0;follow_type=1;follow_unknown=24;path_count=2;decoded_path_count=2",""
"2026-07-21T19:56:06.4731405Z","IN","1309","FollowTarget","SimpleChar","79543CB6","SimpleChar:79543CB6","Malfunctioning Cleaning Robot","","","","","NpcPath","3596.979","51.7449989","783.935852","3596.04004","52.2449989","783.734314","","25","base_unknown=0;follow_type=1;follow_unknown=25","2","base_unknown=0;follow_type=1;follow_unknown=25;path_count=2;decoded_path_count=2",""
"2026-07-21T19:56:06.4731405Z","IN","1315","FollowTarget","SimpleChar","79543CB6","SimpleChar:79543CB6","Malfunctioning Cleaning Robot","","","","","NpcPath","3596.979","51.7449989","783.935852","3596.03223","52.2449989","784.117249","","25","base_unknown=0;follow_type=1;follow_unknown=25","2","base_unknown=0;follow_type=1;follow_unknown=25;path_count=2;decoded_path_count=2",""
"2026-07-21T19:56:06.4731405Z","IN","1307","FollowTarget","SimpleChar","797D36A5","SimpleChar:797D36A5","Malfunctioning Cleaning Robot","","","","","NpcPath","3596.81177","51.7449989","788.208923","3596.05518","51.7449989","788.482483","","25","base_unknown=0;follow_type=1;follow_unknown=25","2","base_unknown=0;follow_type=1;follow_unknown=25;path_count=2;decoded_path_count=2",""
"2026-07-21T19:56:06.4731405Z","IN","1313","FollowTarget","SimpleChar","797D36A5","SimpleChar:797D36A5","Malfunctioning Cleaning Robot","","","","","NpcPath","3596.81177","51.7449989","788.208923","3596.07227","52.2449989","788.564392","","25","base_unknown=0;follow_type=1;follow_unknown=25","2","base_unknown=0;follow_type=1;follow_unknown=25;path_count=2;decoded_path_count=2",""
"2026-07-21T19:56:06.4731405Z","IN","1306","FollowTarget","SimpleChar","79866518","SimpleChar:79866518","Malfunctioning Cleaning Robot","","","","","NpcPath","3612.96948","52.1349983","787.638123","3612.2981","52.5","787.966309","","24","base_unknown=0;follow_type=1;follow_unknown=24","2","base_unknown=0;follow_type=1;follow_unknown=24;path_count=2;decoded_path_count=2",""
"2026-07-21T19:56:06.4731405Z","IN","1312","FollowTarget","SimpleChar","79866518","SimpleChar:79866518","Malfunctioning Cleaning Robot","","","","","NpcPath","3612.96948","52.1349983","787.638123","3612.22803","52.5","787.805176","","24","base_unknown=0;follow_type=1;follow_unknown=24","2","base_unknown=0;follow_type=1;follow_unknown=24;path_count=2;decoded_path_count=2",""
"2026-07-21T19:56:07.0697720Z","IN","1322","FollowTarget","SimpleChar","79543CB6","SimpleChar:79543CB6","Malfunctioning Cleaning Robot","","","","","NpcPath","3596.979","51.7449989","783.935852","3596.10522","51.7449989","783.924805","","25","base_unknown=0;follow_type=1;follow_unknown=25","2","base_unknown=0;follow_type=1;follow_unknown=25;path_count=2;decoded_path_count=2",""
"2026-07-21T19:56:07.0697720Z","IN","1321","FollowTarget","SimpleChar","797D36A5","SimpleChar:797D36A5","Malfunctioning Cleaning Robot","","","","","NpcPath","3596.81177","51.7449989","788.208923","3596.05518","51.7449989","788.482483","","25","base_unknown=0;follow_type=1;follow_unknown=25","2","base_unknown=0;follow_type=1;follow_unknown=25;path_count=2;decoded_path_count=2",""
"2026-07-21T19:56:07.0697720Z","IN","1324","FollowTarget","SimpleChar","797D36A5","SimpleChar:797D36A5","Malfunctioning Cleaning Robot","","","","","NpcPath","3596.81177","51.7449989","788.208923","3596.06152","52.2449989","788.666748","","25","base_unknown=0;follow_type=1;follow_unknown=25","2","base_unknown=0;follow_type=1;follow_unknown=25;path_count=2;decoded_path_count=2",""
"2026-07-21T19:56:07.0697720Z","IN","1320","FollowTarget","SimpleChar","79866518","SimpleChar:79866518","Malfunctioning Cleaning Robot","","","","","NpcPath","3612.96948","52.1349983","787.638123","3612.2644","52.5","788.141724","","24","base_unknown=0;follow_type=1;follow_unknown=24","2","base_unknown=0;follow_type=1;follow_unknown=24;path_count=2;decoded_path_count=2",""
"2026-07-21T19:56:07.0697720Z","IN","1323","FollowTarget","SimpleChar","79866518","SimpleChar:79866518","Malfunctioning Cleaning Robot","","","","","NpcPath","3612.96948","52.1349983","787.638123","3612.19043","52.5","788.231812","","24","base_unknown=0;follow_type=1;follow_unknown=24","2","base_unknown=0;follow_type=1;follow_unknown=24;path_count=2;decoded_path_count=2",""
"2026-07-21T19:56:07.0697720Z","IN","1325","FollowTarget","SimpleChar","79866553","SimpleChar:79866553","Malfunctioning Cleaning Robot","","","","","NpcPath","3594.61987","51.7449989","798.921753","3594.1709","52.5","799.753418","","24","base_unknown=0;follow_type=1;follow_unknown=24","2","base_unknown=0;follow_type=1;follow_unknown=24;path_count=2;decoded_path_count=2",""
"2026-07-21T19:56:07.0707709Z","IN","1326","FollowTarget","SimpleChar","79543CB6","SimpleChar:79543CB6","Malfunctioning Cleaning Robot","","","","","NpcPath","3596.979","51.7449989","783.935852","3596.04395","52.2449989","784.102661","","25","base_unknown=0;follow_type=1;follow_unknown=25","2","base_unknown=0;follow_type=1;follow_unknown=25;path_count=2;decoded_path_count=2",""
"2026-07-21T19:56:07.0707709Z","IN","1327","FollowTarget","SimpleChar","79866560","SimpleChar:79866560","Malfunctioning Cleaning Robot","","","","","NpcPath","3611.36621","52.1349983","779.155945","3610.73071","52.5","778.132202","","24","base_unknown=0;follow_type=1;follow_unknown=24","2","base_unknown=0;follow_type=1;follow_unknown=24;path_count=2;decoded_path_count=2",""
"2026-07-21T19:56:07.1597170Z","IN","1331","FollowTarget","SimpleChar","79543CB6","SimpleChar:79543CB6","Malfunctioning Cleaning Robot","","","","","NpcPath","3596.979","51.7449989","783.935852","3596.05322","52.2449989","783.752197","","25","base_unknown=0;follow_type=1;follow_unknown=25","2","base_unknown=0;follow_type=1;follow_unknown=25;path_count=2;decoded_path_count=2",""
"2026-07-21T19:56:07.1597170Z","IN","1329","FollowTarget","SimpleChar","797D36A5","SimpleChar:797D36A5","Malfunctioning Cleaning Robot","","","","","NpcPath","3596.81177","51.7449989","788.208923","3596.0647","52.2449989","788.654358","","25","base_unknown=0;follow_type=1;follow_unknown=25","2","base_unknown=0;follow_type=1;follow_unknown=25;path_count=2;decoded_path_count=2",""
"2026-07-21T19:56:07.1597170Z","IN","1328","FollowTarget","SimpleChar","79866518","SimpleChar:79866518","Malfunctioning Cleaning Robot","","","","","NpcPath","3612.96948","52.1349983","787.638123","3612.11255","52.5","787.721863","","24","base_unknown=0;follow_type=1;follow_unknown=24","2","base_unknown=0;follow_type=1;follow_unknown=24;path_count=2;decoded_path_count=2",""
"2026-07-21T19:56:07.1597170Z","IN","1330","FollowTarget","SimpleChar","79866553","SimpleChar:79866553","Malfunctioning Cleaning Robot","","","","","NpcPath","3594.61987","51.7449989","798.921753","3594.28345","52.5","799.901611","","24","base_unknown=0;follow_type=1;follow_unknown=24","2","base_unknown=0;follow_type=1;follow_unknown=24;path_count=2;decoded_path_count=2",""
"2026-07-21T19:56:07.4645283Z","IN","1339","FollowTarget","SimpleChar","79543CB6","SimpleChar:79543CB6","Malfunctioning Cleaning Robot","","","","","NpcPath","3596.979","51.7449989","783.935852","3596.04248","52.2449989","784.104736","","25","base_unknown=0;follow_type=1;follow_unknown=25","2","base_unknown=0;follow_type=1;follow_unknown=25;path_count=2;decoded_path_count=2",""
"2026-07-21T19:56:07.4645283Z","IN","1337","FollowTarget","SimpleChar","797D36A5","SimpleChar:797D36A5","Malfunctioning Cleaning Robot","","","","","NpcPath","3596.81177","51.7449989","788.208923","3596.07251","52.2449989","788.601135","","25","base_unknown=0;follow_type=1;follow_unknown=25","2","base_unknown=0;follow_type=1;follow_unknown=25;path_count=2;decoded_path_count=2",""
"2026-07-21T19:56:07.4645283Z","IN","1336","FollowTarget","SimpleChar","79866518","SimpleChar:79866518","Malfunctioning Cleaning Robot","","","","","NpcPath","3612.96948","52.1349983","787.638123","3612.20874","52.5","788.215576","","24","base_unknown=0;follow_type=1;follow_unknown=24","2","base_unknown=0;follow_type=1;follow_unknown=24;path_count=2;decoded_path_count=2",""
"2026-07-21T19:56:07.4645283Z","IN","1338","FollowTarget","SimpleChar","79866553","SimpleChar:79866553","Malfunctioning Cleaning Robot","","","","","NpcPath","3594.6062","51.7449989","798.961121","3594.29736","52.5","799.960083","","24","base_unknown=0;follow_type=1;follow_unknown=24","2","base_unknown=0;follow_type=1;follow_unknown=24;path_count=2;decoded_path_count=2",""
"2026-07-21T19:56:07.4645283Z","IN","1340","FollowTarget","SimpleChar","79866560","SimpleChar:79866560","Malfunctioning Cleaning Robot","","","","","NpcPath","3611.25049","52.1349983","778.969971","3610.76172","52.5","778.182251","","24","base_unknown=0;follow_type=1;follow_unknown=24","2","base_unknown=0;follow_type=1;follow_unknown=24;path_count=2;decoded_path_count=2",""
"2026-07-21T19:56:07.7953234Z","IN","1344","FollowTarget","SimpleChar","79543CB6","SimpleChar:79543CB6","Malfunctioning Cleaning Robot","","","","","NpcPath","3596.979","51.7449989","783.935852","3596.10522","51.7449989","783.924805","","25","base_unknown=0;follow_type=1;follow_unknown=25","2","base_unknown=0;follow_type=1;follow_unknown=25;path_count=2;decoded_path_count=2",""
"2026-07-21T19:56:07.7953234Z","IN","1343","FollowTarget","SimpleChar","797D36A5","SimpleChar:797D36A5","Malfunctioning Cleaning Robot","","","","","NpcPath","3596.81177","51.7449989","788.208923","3596.06982","52.2449989","788.627441","","25","base_unknown=0;follow_type=1;follow_unknown=25","2","base_unknown=0;follow_type=1;follow_unknown=25;path_count=2;decoded_path_count=2",""
"2026-07-21T19:56:07.7953234Z","IN","1342","FollowTarget","SimpleChar","79866518","SimpleChar:79866518","Malfunctioning Cleaning Robot","","","","","NpcPath","3612.96948","52.1349983","787.638123","3612.04541","52.5","787.70343","","24","base_unknown=0;follow_type=1;follow_unknown=24","2","base_unknown=0;follow_type=1;follow_unknown=24;path_count=2;decoded_path_count=2",""
"2026-07-21T19:56:07.7953234Z","IN","1345","FollowTarget","SimpleChar","79866560","SimpleChar:79866560","Malfunctioning Cleaning Robot","","","","","NpcPath","3611.25049","52.1349983","778.969971","3610.78076","52.5","778.204773","","24","base_unknown=0;follow_type=1;follow_unknown=24","2","base_unknown=0;follow_type=1;follow_unknown=24;path_count=2;decoded_path_count=2",""
"2026-07-21T19:56:07.7963225Z","IN","1352","FollowTarget","SimpleChar","79543CB6","SimpleChar:79543CB6","Malfunctioning Cleaning Robot","","","","","NpcPath","3596.979","51.7449989","783.935852","3596.10522","51.7449989","783.924805","","25","base_unknown=0;follow_type=1;follow_unknown=25","2","base_unknown=0;follow_type=1;follow_unknown=25;path_count=2;decoded_path_count=2",""
"2026-07-21T19:56:07.7963225Z","IN","1349","FollowTarget","SimpleChar","797D36A5","SimpleChar:797D36A5","Malfunctioning Cleaning Robot","","","","","NpcPath","3596.81177","51.7449989","788.208923","3596.05518","51.7449989","788.482483","","25","base_unknown=0;follow_type=1;follow_unknown=25","2","base_unknown=0;follow_type=1;follow_unknown=25;path_count=2;decoded_path_count=2",""
"2026-07-21T19:56:07.7963225Z","IN","1348","FollowTarget","SimpleChar","79866518","SimpleChar:79866518","Malfunctioning Cleaning Robot","","","","","NpcPath","3612.96948","52.1349983","787.638123","3612.21411","52.5","787.789856","","24","base_unknown=0;follow_type=1;follow_unknown=24","2","base_unknown=0;follow_type=1;follow_unknown=24;path_count=2;decoded_path_count=2",""
"2026-07-21T19:56:07.7963225Z","IN","1350","FollowTarget","SimpleChar","79866553","SimpleChar:79866553","Malfunctioning Cleaning Robot","","","","","NpcPath","3594.58643","51.7449989","799.025024","3594.28149","52.5","800.103455","","24","base_unknown=0;follow_type=1;follow_unknown=24","2","base_unknown=0;follow_type=1;follow_unknown=24;path_count=2;decoded_path_count=2",""
"2026-07-21T19:56:07.7963225Z","IN","1346","FollowTarget","SimpleChar","7986655D","SimpleChar:7986655D","Malfunctioning Cleaning Robot","","","","","NpcPath","3598.75317","51.7449989","786.058899","3622.74683","52.5","798.839111","","24","base_unknown=0;follow_type=1;follow_unknown=24","2","base_unknown=0;follow_type=1;follow_unknown=24;path_count=2;decoded_path_count=2",""
"2026-07-21T19:56:07.7963225Z","IN","1353","FollowTarget","SimpleChar","79866560","SimpleChar:79866560","Malfunctioning Cleaning Robot","","","","","NpcPath","3611.25049","52.1349983","778.969971","3610.94556","52.5","778.295044","","24","base_unknown=0;follow_type=1;follow_unknown=24","2","base_unknown=0;follow_type=1;follow_unknown=24;path_count=2;decoded_path_count=2",""
"2026-07-21T19:56:08.1431097Z","IN","1358","FollowTarget","SimpleChar","79543CB6","SimpleChar:79543CB6","Malfunctioning Cleaning Robot","","","","","NpcPath","3596.979","51.7449989","783.935852","3596.073","52.2449989","783.785645","","25","base_unknown=0;follow_type=1;follow_unknown=25","2","base_unknown=0;follow_type=1;follow_unknown=25;path_count=2;decoded_path_count=2",""
"2026-07-21T19:56:08.1431097Z","IN","1357","FollowTarget","SimpleChar","797D36A5","SimpleChar:797D36A5","Malfunctioning Cleaning Robot","","","","","NpcPath","3596.81177","51.7449989","788.208923","3596.05518","51.7449989","788.482483","","25","base_unknown=0;follow_type=1;follow_unknown=25","2","base_unknown=0;follow_type=1;follow_unknown=25;path_count=2;decoded_path_count=2",""
"2026-07-21T19:56:08.1431097Z","IN","1355","FollowTarget","SimpleChar","79866518","SimpleChar:79866518","Malfunctioning Cleaning Robot","","","","","NpcPath","3612.96948","52.1349983","787.638123","3612.20435","52.5","787.780457","","24","base_unknown=0;follow_type=1;follow_unknown=24","2","base_unknown=0;follow_type=1;follow_unknown=24;path_count=2;decoded_path_count=2",""
"2026-07-21T19:56:08.1431097Z","IN","1359","FollowTarget","SimpleChar","79866560","SimpleChar:79866560","Malfunctioning Cleaning Robot","","","","","NpcPath","3611.25049","52.1349983","778.969971","3610.82837","52.5","778.246033","","24","base_unknown=0;follow_type=1;follow_unknown=24","2","base_unknown=0;follow_type=1;follow_unknown=24;path_count=2;decoded_path_count=2",""
"2026-07-21T19:56:08.3469845Z","IN","1364","FollowTarget","SimpleChar","79543CB6","SimpleChar:79543CB6","Malfunctioning Cleaning Robot","","","","","NpcPath","3596.979","51.7449989","783.935852","3596.10522","51.7449989","783.924805","","25","base_unknown=0;follow_type=1;follow_unknown=25","2","base_unknown=0;follow_type=1;follow_unknown=25;path_count=2;decoded_path_count=2",""
"2026-07-21T19:56:08.3469845Z","IN","1363","FollowTarget","SimpleChar","797D36A5","SimpleChar:797D36A5","Malfunctioning Cleaning Robot","","","","","NpcPath","3596.81177","51.7449989","788.208923","3596.05518","51.7449989","788.482483","","25","base_unknown=0;follow_type=1;follow_unknown=25","2","base_unknown=0;follow_type=1;follow_unknown=25;path_count=2;decoded_path_count=2",""
"2026-07-21T19:56:08.3469845Z","IN","1362","FollowTarget","SimpleChar","79866518","SimpleChar:79866518","Malfunctioning Cleaning Robot","","","","","NpcPath","3612.96948","52.1349983","787.638123","3612.2793","52.5","787.890381","","24","base_unknown=0;follow_type=1;follow_unknown=24","2","base_unknown=0;follow_type=1;follow_unknown=24;path_count=2;decoded_path_count=2",""
"2026-07-21T19:56:08.3469845Z","IN","1365","FollowTarget","SimpleChar","79866560","SimpleChar:79866560","Malfunctioning Cleaning Robot","","","","","NpcPath","3611.25049","52.1349983","778.969971","3611.26929","52.5","778.132385","","24","base_unknown=0;follow_type=1;follow_unknown=24","2","base_unknown=0;follow_type=1;follow_unknown=24;path_count=2;decoded_path_count=2",""
"2026-07-21T19:56:08.6607910Z","IN","1370","FollowTarget","SimpleChar","79543CB6","SimpleChar:79543CB6","Malfunctioning Cleaning Robot","","","","","NpcPath","3596.979","51.7449989","783.935852","3596.10474","52.2449989","783.937988","","25","base_unknown=0;follow_type=1;follow_unknown=25","2","base_unknown=0;follow_type=1;follow_unknown=25;path_count=2;decoded_path_count=2",""
"2026-07-21T19:56:08.6607910Z","IN","1374","FollowTarget","SimpleChar","79543CB6","SimpleChar:79543CB6","Malfunctioning Cleaning Robot","","","","","NpcPath","3596.979","51.7449989","783.935852","3596.08447","52.2449989","784.030762","","25","base_unknown=0;follow_type=1;follow_unknown=25","2","base_unknown=0;follow_type=1;follow_unknown=25;path_count=2;decoded_path_count=2",""
"2026-07-21T19:56:08.6607910Z","IN","1369","FollowTarget","SimpleChar","797D36A5","SimpleChar:797D36A5","Malfunctioning Cleaning Robot","","","","","NpcPath","3596.81177","51.7449989","788.208923","3596.05518","51.7449989","788.482483","","25","base_unknown=0;follow_type=1;follow_unknown=25","2","base_unknown=0;follow_type=1;follow_unknown=25;path_count=2;decoded_path_count=2",""
"2026-07-21T19:56:08.6607910Z","IN","1373","FollowTarget","SimpleChar","797D36A5","SimpleChar:797D36A5","Malfunctioning Cleaning Robot","","","","","NpcPath","3596.81177","51.7449989","788.208923","3596.05518","51.7449989","788.482483","","25","base_unknown=0;follow_type=1;follow_unknown=25","2","base_unknown=0;follow_type=1;follow_unknown=25;path_count=2;decoded_path_count=2",""
"2026-07-21T19:56:08.6607910Z","IN","1368","FollowTarget","SimpleChar","79866518","SimpleChar:79866518","Malfunctioning Cleaning Robot","","","","","NpcPath","3612.96948","52.1349983","787.638123","3612.01465","52.5","787.700378","","24","base_unknown=0;follow_type=1;follow_unknown=24","2","base_unknown=0;follow_type=1;follow_unknown=24;path_count=2;decoded_path_count=2",""
"2026-07-21T19:56:08.6607910Z","IN","1372","FollowTarget","SimpleChar","79866518","SimpleChar:79866518","Malfunctioning Cleaning Robot","","","","","NpcPath","3612.96948","52.1349983","787.638123","3612.19873","52.5","787.775208","","24","base_unknown=0;follow_type=1;follow_unknown=24","2","base_unknown=0;follow_type=1;follow_unknown=24;path_count=2;decoded_path_count=2",""
"2026-07-21T19:56:08.6607910Z","IN","1371","FollowTarget","SimpleChar","79866560","SimpleChar:79866560","Malfunctioning Cleaning Robot","","","","","NpcPath","3611.25049","52.1349983","778.969971","3610.71802","52.5","778.102722","","24","base_unknown=0;follow_type=1;follow_unknown=24","2","base_unknown=0;follow_type=1;follow_unknown=24;path_count=2;decoded_path_count=2",""
"2026-07-21T19:56:09.2904019Z","IN","1383","FollowTarget","SimpleChar","79543CB6","SimpleChar:79543CB6","Malfunctioning Cleaning Robot","","","","","NpcPath","3596.979","51.7449989","783.935852","3596.05005","52.2449989","784.094421","","25","base_unknown=0;follow_type=1;follow_unknown=25","2","base_unknown=0;follow_type=1;follow_unknown=25;path_count=2;decoded_path_count=2",""
"2026-07-21T19:56:09.2904019Z","IN","1386","FollowTarget","SimpleChar","79543CB6","SimpleChar:79543CB6","Malfunctioning Cleaning Robot","","","","","NpcPath","3596.979","51.7449989","783.935852","3596.10522","51.7449989","783.924805","","25","base_unknown=0;follow_type=1;follow_unknown=25","2","base_unknown=0;follow_type=1;follow_unknown=25;path_count=2;decoded_path_count=2",""
"2026-07-21T19:56:09.2904019Z","IN","1389","FollowTarget","SimpleChar","79543CB6","SimpleChar:79543CB6","Malfunctioning Cleaning Robot","","","","","NpcPath","3596.979","51.7449989","783.935852","3596.10156","52.2449989","783.96814","","25","base_unknown=0;follow_type=1;follow_unknown=25","2","base_unknown=0;follow_type=1;follow_unknown=25;path_count=2;decoded_path_count=2",""
"2026-07-21T19:56:09.2904019Z","IN","1382","FollowTarget","SimpleChar","797D36A5","SimpleChar:797D36A5","Malfunctioning Cleaning Robot","","","","","NpcPath","3596.81177","51.7449989","788.208923","3596.05518","51.7449989","788.482483","","25","base_unknown=0;follow_type=1;follow_unknown=25","2","base_unknown=0;follow_type=1;follow_unknown=25;path_count=2;decoded_path_count=2",""
"2026-07-21T19:56:09.2904019Z","IN","1385","FollowTarget","SimpleChar","797D36A5","SimpleChar:797D36A5","Malfunctioning Cleaning Robot","","","","","NpcPath","3596.81177","51.7449989","788.208923","3596.05103","52.2449989","788.47168","","25","base_unknown=0;follow_type=1;follow_unknown=25","2","base_unknown=0;follow_type=1;follow_unknown=25;path_count=2;decoded_path_count=2",""
"2026-07-21T19:56:09.2904019Z","IN","1388","FollowTarget","SimpleChar","797D36A5","SimpleChar:797D36A5","Malfunctioning Cleaning Robot","","","","","NpcPath","3596.81177","51.7449989","788.208923","3596.05518","51.7449989","788.482483","","25","base_unknown=0;follow_type=1;follow_unknown=25","2","base_unknown=0;follow_type=1;follow_unknown=25;path_count=2;decoded_path_count=2",""
"2026-07-21T19:56:09.2904019Z","IN","1381","FollowTarget","SimpleChar","79866518","SimpleChar:79866518","Malfunctioning Cleaning Robot","","","","","NpcPath","3612.96948","52.1349983","787.638123","3612.23462","52.5","787.813049","","24","base_unknown=0;follow_type=1;follow_unknown=24","2","base_unknown=0;follow_type=1;follow_unknown=24;path_count=2;decoded_path_count=2",""
"2026-07-21T19:56:09.2904019Z","IN","1384","FollowTarget","SimpleChar","79866518","SimpleChar:79866518","Malfunctioning Cleaning Robot","","","","","NpcPath","3612.96948","52.1349983","787.638123","3612.2041","52.5","788.219849","","24","base_unknown=0;follow_type=1;follow_unknown=24","2","base_unknown=0;follow_type=1;follow_unknown=24;path_count=2;decoded_path_count=2",""
"2026-07-21T19:56:09.2904019Z","IN","1387","FollowTarget","SimpleChar","79866518","SimpleChar:79866518","Malfunctioning Cleaning Robot","","","","","NpcPath","3612.96948","52.1349983","787.638123","3611.93652","52.5","787.706787","","24","base_unknown=0;follow_type=1;follow_unknown=24","2","base_unknown=0;follow_type=1;follow_unknown=24;path_count=2;decoded_path_count=2",""
"2026-07-21T19:56:09.4503040Z","IN","1394","FollowTarget","SimpleChar","79543CB6","SimpleChar:79543CB6","Malfunctioning Cleaning Robot","","","","","NpcPath","3596.979","51.7449989","783.935852","3596.10522","51.7449989","783.924805","","25","base_unknown=0;follow_type=1;follow_unknown=25","2","base_unknown=0;follow_type=1;follow_unknown=25;path_count=2;decoded_path_count=2",""
"2026-07-21T19:56:09.4503040Z","IN","1393","FollowTarget","SimpleChar","797D36A5","SimpleChar:797D36A5","Malfunctioning Cleaning Robot","","","","","NpcPath","3596.81177","51.7449989","788.208923","3596.05518","51.7449989","788.482483","","25","base_unknown=0;follow_type=1;follow_unknown=25","2","base_unknown=0;follow_type=1;follow_unknown=25;path_count=2;decoded_path_count=2",""
"2026-07-21T19:56:09.8520555Z","IN","1400","FollowTarget","SimpleChar","79543CB6","SimpleChar:79543CB6","Malfunctioning Cleaning Robot","","","","","NpcPath","3596.979","51.7449989","783.935852","3596.04077","52.2449989","783.735291","","25","base_unknown=0;follow_type=1;follow_unknown=25","2","base_unknown=0;follow_type=1;follow_unknown=25;path_count=2;decoded_path_count=2",""
"2026-07-21T19:56:09.8520555Z","IN","1403","FollowTarget","SimpleChar","79543CB6","SimpleChar:79543CB6","Malfunctioning Cleaning Robot","","","","","NpcPath","3596.979","51.7449989","783.935852","3596.10522","51.7449989","783.924805","","25","base_unknown=0;follow_type=1;follow_unknown=25","2","base_unknown=0;follow_type=1;follow_unknown=25;path_count=2;decoded_path_count=2",""
"2026-07-21T19:56:09.8520555Z","IN","1399","FollowTarget","SimpleChar","797D36A5","SimpleChar:797D36A5","Malfunctioning Cleaning Robot","","","","","NpcPath","3596.81177","51.7449989","788.208923","3596.05469","52.2449989","788.481323","","25","base_unknown=0;follow_type=1;follow_unknown=25","2","base_unknown=0;follow_type=1;follow_unknown=25;path_count=2;decoded_path_count=2",""
"2026-07-21T19:56:09.8520555Z","IN","1402","FollowTarget","SimpleChar","797D36A5","SimpleChar:797D36A5","Malfunctioning Cleaning Robot","","","","","NpcPath","3596.81177","51.7449989","788.208923","3596.05518","51.7449989","788.482483","","25","base_unknown=0;follow_type=1;follow_unknown=25","2","base_unknown=0;follow_type=1;follow_unknown=25;path_count=2;decoded_path_count=2",""
"2026-07-21T19:56:10.3027777Z","IN","1406","FollowTarget","SimpleChar","79543CB6","SimpleChar:79543CB6","Malfunctioning Cleaning Robot","","","","","NpcPath","3596.979","51.7449989","783.935852","3596.04395","52.2449989","783.739441","","25","base_unknown=0;follow_type=1;follow_unknown=25","2","base_unknown=0;follow_type=1;follow_unknown=25;path_count=2;decoded_path_count=2",""
"2026-07-21T19:56:10.3027777Z","IN","1408","FollowTarget","SimpleChar","79543CB6","SimpleChar:79543CB6","Malfunctioning Cleaning Robot","","","","","NpcPath","3596.979","51.7449989","783.935852","3596.10522","51.7449989","783.924805","","25","base_unknown=0;follow_type=1;follow_unknown=25","2","base_unknown=0;follow_type=1;follow_unknown=25;path_count=2;decoded_path_count=2",""
"2026-07-21T19:56:10.3027777Z","IN","1405","FollowTarget","SimpleChar","797D36A5","SimpleChar:797D36A5","Malfunctioning Cleaning Robot","","","","","NpcPath","3596.81177","51.7449989","788.208923","3596.05518","51.7449989","788.482483","","25","base_unknown=0;follow_type=1;follow_unknown=25","2","base_unknown=0;follow_type=1;follow_unknown=25;path_count=2;decoded_path_count=2",""
"2026-07-21T19:56:10.3027777Z","IN","1407","FollowTarget","SimpleChar","797D36A5","SimpleChar:797D36A5","Malfunctioning Cleaning Robot","","","","","NpcPath","3596.81177","51.7449989","788.208923","3596.03491","52.2449989","788.730469","","25","base_unknown=0;follow_type=1;follow_unknown=25","2","base_unknown=0;follow_type=1;follow_unknown=25;path_count=2;decoded_path_count=2",""
"2026-07-21T19:56:10.7165215Z","IN","1414","FollowTarget","SimpleChar","79543CB6","SimpleChar:79543CB6","Malfunctioning Cleaning Robot","","","","","NpcPath","3596.979","51.7449989","783.935852","3596.10522","51.7449989","783.924805","","25","base_unknown=0;follow_type=1;follow_unknown=25","2","base_unknown=0;follow_type=1;follow_unknown=25;path_count=2;decoded_path_count=2",""
"2026-07-21T19:56:10.7165215Z","IN","1416","FollowTarget","SimpleChar","79543CB6","SimpleChar:79543CB6","Malfunctioning Cleaning Robot","","","","","NpcPath","3596.979","51.7449989","783.935852","3596.01904","52.2449989","783.710632","","25","base_unknown=0;follow_type=1;follow_unknown=25","2","base_unknown=0;follow_type=1;follow_unknown=25;path_count=2;decoded_path_count=2",""
"2026-07-21T19:56:10.7165215Z","IN","1413","FollowTarget","SimpleChar","797D36A5","SimpleChar:797D36A5","Malfunctioning Cleaning Robot","","","","","NpcPath","3596.81177","51.7449989","788.208923","3596.05518","51.7449989","788.482483","","25","base_unknown=0;follow_type=1;follow_unknown=25","2","base_unknown=0;follow_type=1;follow_unknown=25;path_count=2;decoded_path_count=2",""
"2026-07-21T19:56:10.7165215Z","IN","1415","FollowTarget","SimpleChar","797D36A5","SimpleChar:797D36A5","Malfunctioning Cleaning Robot","","","","","NpcPath","3596.81177","51.7449989","788.208923","3596.01709","52.2449989","788.758789","","25","base_unknown=0;follow_type=1;follow_unknown=25","2","base_unknown=0;follow_type=1;follow_unknown=25;path_count=2;decoded_path_count=2",""
"2026-07-21T19:56:10.9313896Z","IN","1419","FollowTarget","SimpleChar","79543CB6","SimpleChar:79543CB6","Malfunctioning Cleaning Robot","","","","","NpcPath","3596.979","51.7449989","783.935852","3596.10425","52.2449989","783.898499","","25","base_unknown=0;follow_type=1;follow_unknown=25","2","base_unknown=0;follow_type=1;follow_unknown=25;path_count=2;decoded_path_count=2",""
"2026-07-21T19:56:10.9313896Z","IN","1417","FollowTarget","SimpleChar","797D36A5","SimpleChar:797D36A5","Malfunctioning Cleaning Robot","","","","","NpcPath","3596.81177","51.7449989","788.208923","3596.05518","51.7449989","788.482483","","25","base_unknown=0;follow_type=1;follow_unknown=25","2","base_unknown=0;follow_type=1;follow_unknown=25;path_count=2;decoded_path_count=2",""
"2026-07-21T19:56:11.2901692Z","IN","1422","FollowTarget","SimpleChar","797D36A5","SimpleChar:797D36A5","Malfunctioning Cleaning Robot","","","","","NpcPath","3596.81177","51.7449989","788.208923","3596.05518","51.7449989","788.482483","","25","base_unknown=0;follow_type=1;follow_unknown=25","2","base_unknown=0;follow_type=1;follow_unknown=25;path_count=2;decoded_path_count=2",""
"2026-07-21T19:56:11.2911687Z","IN","1425","FollowTarget","SimpleChar","79543CB6","SimpleChar:79543CB6","Malfunctioning Cleaning Robot","","","","","NpcPath","3596.979","51.7449989","783.935852","3596.03833","52.2449989","783.732178","","25","base_unknown=0;follow_type=1;follow_unknown=25","2","base_unknown=0;follow_type=1;follow_unknown=25;path_count=2;decoded_path_count=2",""
"2026-07-21T19:56:11.5390158Z","IN","1430","FollowTarget","SimpleChar","79543CB6","SimpleChar:79543CB6","Malfunctioning Cleaning Robot","","","","","NpcPath","3596.979","51.7449989","783.935852","3596.04272","52.2449989","784.104309","","25","base_unknown=0;follow_type=1;follow_unknown=25","2","base_unknown=0;follow_type=1;follow_unknown=25;path_count=2;decoded_path_count=2",""
"2026-07-21T19:56:11.5390158Z","IN","1435","FollowTarget","SimpleChar","79543CB6","SimpleChar:79543CB6","Malfunctioning Cleaning Robot","","","","","NpcPath","3596.979","51.7449989","783.935852","3596.09644","52.2449989","783.993103","","25","base_unknown=0;follow_type=1;follow_unknown=25","2","base_unknown=0;follow_type=1;follow_unknown=25;path_count=2;decoded_path_count=2",""
"2026-07-21T19:56:11.5390158Z","IN","1429","FollowTarget","SimpleChar","797D36A5","SimpleChar:797D36A5","Malfunctioning Cleaning Robot","","","","","NpcPath","3596.81177","51.7449989","788.208923","3596.07104","52.2449989","788.551025","","25","base_unknown=0;follow_type=1;follow_unknown=25","2","base_unknown=0;follow_type=1;follow_unknown=25;path_count=2;decoded_path_count=2",""
"2026-07-21T19:56:11.5390158Z","IN","1434","FollowTarget","SimpleChar","797D36A5","SimpleChar:797D36A5","Malfunctioning Cleaning Robot","","","","","NpcPath","3596.81177","51.7449989","788.208923","3596.05518","51.7449989","788.482483","","25","base_unknown=0;follow_type=1;follow_unknown=25","2","base_unknown=0;follow_type=1;follow_unknown=25;path_count=2;decoded_path_count=2",""
"2026-07-21T19:56:11.9837404Z","IN","1437","FollowTarget","SimpleChar","797D36A5","SimpleChar:797D36A5","Malfunctioning Cleaning Robot","","","","","NpcPath","3596.81177","51.7449989","788.208923","3596.01392","52.2449989","788.405823","","25","base_unknown=0;follow_type=1;follow_unknown=25","2","base_unknown=0;follow_type=1;follow_unknown=25;path_count=2;decoded_path_count=2",""
"2026-07-21T19:56:11.9847399Z","IN","1438","FollowTarget","SimpleChar","79543CB6","SimpleChar:79543CB6","Malfunctioning Cleaning Robot","","","","","NpcPath","3596.979","51.7449989","783.935852","3596.07007","52.2449989","783.780273","","25","base_unknown=0;follow_type=1;follow_unknown=25","2","base_unknown=0;follow_type=1;follow_unknown=25;path_count=2;decoded_path_count=2",""
"2026-07-21T19:56:11.9847399Z","IN","1441","FollowTarget","SimpleChar","79543CB6","SimpleChar:79543CB6","Malfunctioning Cleaning Robot","","","","","NpcPath","3596.979","51.7449989","783.935852","3596.07813","52.2449989","784.045776","","25","base_unknown=0;follow_type=1;follow_unknown=25","2","base_unknown=0;follow_type=1;follow_unknown=25;path_count=2;decoded_path_count=2",""
"2026-07-21T19:56:11.9847399Z","IN","1440","FollowTarget","SimpleChar","797D36A5","SimpleChar:797D36A5","Malfunctioning Cleaning Robot","","","","","NpcPath","3596.81177","51.7449989","788.208923","3596.07275","52.2449989","788.572754","","25","base_unknown=0;follow_type=1;follow_unknown=25","2","base_unknown=0;follow_type=1;follow_unknown=25;path_count=2;decoded_path_count=2",""
"2026-07-21T19:56:12.4214713Z","IN","1444","FollowTarget","SimpleChar","79543CB6","SimpleChar:79543CB6","Malfunctioning Cleaning Robot","","","","","NpcPath","3596.979","51.7449989","783.935852","3596.10522","51.7449989","783.924805","","25","base_unknown=0;follow_type=1;follow_unknown=25","2","base_unknown=0;follow_type=1;follow_unknown=25;path_count=2;decoded_path_count=2",""
"2026-07-21T19:56:12.4214713Z","IN","1447","FollowTarget","SimpleChar","79543CB6","SimpleChar:79543CB6","Malfunctioning Cleaning Robot","","","","","NpcPath","3596.979","51.7449989","783.935852","3596.06396","52.2449989","783.769287","","25","base_unknown=0;follow_type=1;follow_unknown=25","2","base_unknown=0;follow_type=1;follow_unknown=25;path_count=2;decoded_path_count=2",""
"2026-07-21T19:56:12.4214713Z","IN","1443","FollowTarget","SimpleChar","797D36A5","SimpleChar:797D36A5","Malfunctioning Cleaning Robot","","","","","NpcPath","3596.81177","51.7449989","788.208923","3596.05518","51.7449989","788.482483","","25","base_unknown=0;follow_type=1;follow_unknown=25","2","base_unknown=0;follow_type=1;follow_unknown=25;path_count=2;decoded_path_count=2",""
"2026-07-21T19:56:12.4214713Z","IN","1446","FollowTarget","SimpleChar","797D36A5","SimpleChar:797D36A5","Malfunctioning Cleaning Robot","","","","","NpcPath","3596.81177","51.7449989","788.208923","3596.02783","52.2449989","788.42627","","25","base_unknown=0;follow_type=1;follow_unknown=25","2","base_unknown=0;follow_type=1;follow_unknown=25;path_count=2;decoded_path_count=2",""
"2026-07-21T19:56:12.8232232Z","IN","1452","FollowTarget","SimpleChar","79543CB6","SimpleChar:79543CB6","Malfunctioning Cleaning Robot","","","","","NpcPath","3596.979","51.7449989","783.935852","3596.0105","52.2449989","783.702332","","25","base_unknown=0;follow_type=1;follow_unknown=25","2","base_unknown=0;follow_type=1;follow_unknown=25;path_count=2;decoded_path_count=2",""
"2026-07-21T19:56:12.8232232Z","IN","1450","FollowTarget","SimpleChar","797D36A5","SimpleChar:797D36A5","Malfunctioning Cleaning Robot","","","","","NpcPath","3596.81177","51.7449989","788.208923","3596.05786","52.2449989","788.490173","","25","base_unknown=0;follow_type=1;follow_unknown=25","2","base_unknown=0;follow_type=1;follow_unknown=25;path_count=2;decoded_path_count=2",""
"2026-07-21T19:56:12.8242219Z","IN","1459","FollowTarget","SimpleChar","79543CB6","SimpleChar:79543CB6","Malfunctioning Cleaning Robot","","","","","NpcPath","3596.979","51.7449989","783.935852","3596.10522","51.7449989","783.924805","","25","base_unknown=0;follow_type=1;follow_unknown=25","2","base_unknown=0;follow_type=1;follow_unknown=25;path_count=2;decoded_path_count=2",""
"2026-07-21T19:56:12.8242219Z","IN","1458","FollowTarget","SimpleChar","797D36A5","SimpleChar:797D36A5","Malfunctioning Cleaning Robot","","","","","NpcPath","3596.81177","51.7449989","788.208923","3596.05518","51.7449989","788.482483","","25","base_unknown=0;follow_type=1;follow_unknown=25","2","base_unknown=0;follow_type=1;follow_unknown=25;path_count=2;decoded_path_count=2",""
"2026-07-21T19:56:13.2339703Z","IN","1463","FollowTarget","SimpleChar","79543CB6","SimpleChar:79543CB6","Malfunctioning Cleaning Robot","","","","","NpcPath","3596.979","51.7449989","783.935852","3596.10522","51.7449989","783.924805","","25","base_unknown=0;follow_type=1;follow_unknown=25","2","base_unknown=0;follow_type=1;follow_unknown=25;path_count=2;decoded_path_count=2",""
"2026-07-21T19:56:13.2339703Z","IN","1462","FollowTarget","SimpleChar","797D36A5","SimpleChar:797D36A5","Malfunctioning Cleaning Robot","","","","","NpcPath","3596.81177","51.7449989","788.208923","3596.05518","51.7449989","788.482483","","25","base_unknown=0;follow_type=1;follow_unknown=25","2","base_unknown=0;follow_type=1;follow_unknown=25;path_count=2;decoded_path_count=2",""
"2026-07-21T19:56:13.2339703Z","IN","1464","FollowTarget","SimpleChar","797D36A5","SimpleChar:797D36A5","Malfunctioning Cleaning Robot","","","","","NpcPath","3596.81177","51.7449989","788.208923","3596.05518","51.7449989","788.482483","","25","base_unknown=0;follow_type=1;follow_unknown=25","2","base_unknown=0;follow_type=1;follow_unknown=25;path_count=2;decoded_path_count=2",""
"2026-07-21T19:56:13.2349697Z","IN","1466","FollowTarget","SimpleChar","79543CB6","SimpleChar:79543CB6","Malfunctioning Cleaning Robot","","","","","NpcPath","3596.979","51.7449989","783.935852","3596.10522","51.7449989","783.924805","","25","base_unknown=0;follow_type=1;follow_unknown=25","2","base_unknown=0;follow_type=1;follow_unknown=25;path_count=2;decoded_path_count=2",""
"2026-07-21T19:56:15.0598438Z","IN","1470","FollowTarget","SimpleChar","79543CB6","SimpleChar:79543CB6","Malfunctioning Cleaning Robot","","","","","NpcPath","3596.979","51.7449989","783.935852","3596.01831","52.2449989","783.709778","","25","base_unknown=0;follow_type=1;follow_unknown=25","2","base_unknown=0;follow_type=1;follow_unknown=25;path_count=2;decoded_path_count=2",""
"2026-07-21T19:56:15.0598438Z","IN","1468","FollowTarget","SimpleChar","797D36A5","SimpleChar:797D36A5","Malfunctioning Cleaning Robot","","","","","NpcPath","3596.81177","51.7449989","788.208923","3596.03418","52.2449989","788.731873","","25","base_unknown=0;follow_type=1;follow_unknown=25","2","base_unknown=0;follow_type=1;follow_unknown=25;path_count=2;decoded_path_count=2",""
"2026-07-21T19:56:15.0598438Z","IN","1469","FollowTarget","SimpleChar","7986655E","SimpleChar:7986655E","Malfunctioning Cleaning Robot","","","","","NpcPath","3608.02881","53.2449989","801.701355","3620.70508","52.5","784.055542","","24","base_unknown=0;follow_type=1;follow_unknown=24","2","base_unknown=0;follow_type=1;follow_unknown=24;path_count=2;decoded_path_count=2",""
"2026-07-21T19:56:15.0608430Z","IN","1478","FollowTarget","SimpleChar","79543CB6","SimpleChar:79543CB6","Malfunctioning Cleaning Robot","","","","","NpcPath","3596.979","51.7449989","783.935852","3596.10522","51.7449989","783.924805","","25","base_unknown=0;follow_type=1;follow_unknown=25","2","base_unknown=0;follow_type=1;follow_unknown=25;path_count=2;decoded_path_count=2",""
"2026-07-21T19:56:15.0608430Z","IN","1477","FollowTarget","SimpleChar","797D36A5","SimpleChar:797D36A5","Malfunctioning Cleaning Robot","","","","","NpcPath","3596.81177","51.7449989","788.208923","3596.05518","51.7449989","788.482483","","25","base_unknown=0;follow_type=1;follow_unknown=25","2","base_unknown=0;follow_type=1;follow_unknown=25;path_count=2;decoded_path_count=2",""
"2026-07-21T19:56:15.0628429Z","IN","1483","FollowTarget","SimpleChar","79543CB6","SimpleChar:79543CB6","Malfunctioning Cleaning Robot","","","","","NpcPath","3596.979","51.7449989","783.935852","3596.10522","51.7449989","783.924805","","25","base_unknown=0;follow_type=1;follow_unknown=25","2","base_unknown=0;follow_type=1;follow_unknown=25;path_count=2;decoded_path_count=2",""
"2026-07-21T19:56:15.0628429Z","IN","1486","FollowTarget","SimpleChar","79543CB6","SimpleChar:79543CB6","Malfunctioning Cleaning Robot","","","","","NpcPath","3596.979","51.7449989","783.935852","3596.10522","51.7449989","783.924805","","25","base_unknown=0;follow_type=1;follow_unknown=25","2","base_unknown=0;follow_type=1;follow_unknown=25;path_count=2;decoded_path_count=2",""
"2026-07-21T19:56:15.0628429Z","IN","1489","FollowTarget","SimpleChar","79543CB6","SimpleChar:79543CB6","Malfunctioning Cleaning Robot","","","","","NpcPath","3596.979","51.7449989","783.935852","3596.06641","52.2449989","784.068665","","25","base_unknown=0;follow_type=1;follow_unknown=25","2","base_unknown=0;follow_type=1;follow_unknown=25;path_count=2;decoded_path_count=2",""
"2026-07-21T19:56:15.0628429Z","IN","1491","FollowTarget","SimpleChar","79543CB6","SimpleChar:79543CB6","Malfunctioning Cleaning Robot","","","","","NpcPath","3596.979","51.7449989","783.935852","3596.10498","52.2449989","783.928101","","25","base_unknown=0;follow_type=1;follow_unknown=25","2","base_unknown=0;follow_type=1;follow_unknown=25;path_count=2;decoded_path_count=2",""
"2026-07-21T19:56:15.0628429Z","IN","1482","FollowTarget","SimpleChar","797D36A5","SimpleChar:797D36A5","Malfunctioning Cleaning Robot","","","","","NpcPath","3596.81177","51.7449989","788.208923","3596.03174","52.2449989","788.736389","","25","base_unknown=0;follow_type=1;follow_unknown=25","2","base_unknown=0;follow_type=1;follow_unknown=25;path_count=2;decoded_path_count=2",""
"2026-07-21T19:56:15.0628429Z","IN","1484","FollowTarget","SimpleChar","797D36A5","SimpleChar:797D36A5","Malfunctioning Cleaning Robot","","","","","NpcPath","3596.81177","51.7449989","788.208923","3596.05518","51.7449989","788.482483","","25","base_unknown=0;follow_type=1;follow_unknown=25","2","base_unknown=0;follow_type=1;follow_unknown=25;path_count=2;decoded_path_count=2",""
"2026-07-21T19:56:15.0628429Z","IN","1488","FollowTarget","SimpleChar","797D36A5","SimpleChar:797D36A5","Malfunctioning Cleaning Robot","","","","","NpcPath","3596.81177","51.7449989","788.208923","3596.05518","51.7449989","788.482483","","25","base_unknown=0;follow_type=1;follow_unknown=25","2","base_unknown=0;follow_type=1;follow_unknown=25;path_count=2;decoded_path_count=2",""
"2026-07-21T19:56:15.0628429Z","IN","1490","FollowTarget","SimpleChar","797D36A5","SimpleChar:797D36A5","Malfunctioning Cleaning Robot","","","","","NpcPath","3596.81177","51.7449989","788.208923","3596.05518","51.7449989","788.482483","","25","base_unknown=0;follow_type=1;follow_unknown=25","2","base_unknown=0;follow_type=1;follow_unknown=25;path_count=2;decoded_path_count=2",""
"2026-07-21T19:56:15.0628429Z","IN","1495","FollowTarget","SimpleChar","797D36A5","SimpleChar:797D36A5","Malfunctioning Cleaning Robot","","","","","NpcPath","3596.81177","51.7449989","788.208923","3596.05518","51.7449989","788.482483","","25","base_unknown=0;follow_type=1;follow_unknown=25","2","base_unknown=0;follow_type=1;follow_unknown=25;path_count=2;decoded_path_count=2",""
"2026-07-21T19:56:15.0638419Z","IN","1496","FollowTarget","SimpleChar","79543CB6","SimpleChar:79543CB6","Malfunctioning Cleaning Robot","","","","","NpcPath","3596.979","51.7449989","783.935852","3596.10522","51.7449989","783.924805","","25","base_unknown=0;follow_type=1;follow_unknown=25","2","base_unknown=0;follow_type=1;follow_unknown=25;path_count=2;decoded_path_count=2",""
"2026-07-21T19:56:15.2337367Z","IN","1498","FollowTarget","SimpleChar","79543CB6","SimpleChar:79543CB6","Malfunctioning Cleaning Robot","","","","","NpcPath","3596.979","51.7449989","783.935852","3596.08472","52.2449989","783.812439","","25","base_unknown=0;follow_type=1;follow_unknown=25","2","base_unknown=0;follow_type=1;follow_unknown=25;path_count=2;decoded_path_count=2",""
"2026-07-21T19:56:15.2337367Z","IN","1500","FollowTarget","SimpleChar","79543CB6","SimpleChar:79543CB6","Malfunctioning Cleaning Robot","","","","","NpcPath","3596.979","51.7449989","783.935852","3596.10522","51.7449989","783.924805","","25","base_unknown=0;follow_type=1;follow_unknown=25","2","base_unknown=0;follow_type=1;follow_unknown=25;path_count=2;decoded_path_count=2",""
"2026-07-21T19:56:15.2337367Z","IN","1497","FollowTarget","SimpleChar","797D36A5","SimpleChar:797D36A5","Malfunctioning Cleaning Robot","","","","","NpcPath","3596.81177","51.7449989","788.208923","3596.05518","51.7449989","788.482483","","25","base_unknown=0;follow_type=1;follow_unknown=25","2","base_unknown=0;follow_type=1;follow_unknown=25;path_count=2;decoded_path_count=2",""
"2026-07-21T19:56:15.2337367Z","IN","1499","FollowTarget","SimpleChar","797D36A5","SimpleChar:797D36A5","Malfunctioning Cleaning Robot","","","","","NpcPath","3596.81177","51.7449989","788.208923","3596.07031","52.2449989","788.623352","","25","base_unknown=0;follow_type=1;follow_unknown=25","2","base_unknown=0;follow_type=1;follow_unknown=25;path_count=2;decoded_path_count=2",""
"2026-07-21T19:56:15.2337367Z","IN","1501","FollowTarget","SimpleChar","79866565","SimpleChar:79866565","Malfunctioning Cleaning Robot","","","","","NpcPath","3599.96069","51.9249954","787.72168","3599.23999","52.5","786.819824","","24","base_unknown=0;follow_type=1;follow_unknown=24","2","base_unknown=0;follow_type=1;follow_unknown=24;path_count=2;decoded_path_count=2",""
"2026-07-21T19:56:15.4516015Z","IN","1504","FollowTarget","SimpleChar","79543CB6","SimpleChar:79543CB6","Malfunctioning Cleaning Robot","","","","","NpcPath","3596.979","51.7449989","783.935852","3596.06689","52.2449989","783.774231","","25","base_unknown=0;follow_type=1;follow_unknown=25","2","base_unknown=0;follow_type=1;follow_unknown=25;path_count=2;decoded_path_count=2",""
"2026-07-21T19:56:15.4516015Z","IN","1503","FollowTarget","SimpleChar","797D36A5","SimpleChar:797D36A5","Malfunctioning Cleaning Robot","","","","","NpcPath","3596.81177","51.7449989","788.208923","3596.05518","51.7449989","788.482483","","25","base_unknown=0;follow_type=1;follow_unknown=25","2","base_unknown=0;follow_type=1;follow_unknown=25;path_count=2;decoded_path_count=2",""
"2026-07-21T19:56:15.7514163Z","IN","1508","FollowTarget","SimpleChar","797D36A5","SimpleChar:797D36A5","Malfunctioning Cleaning Robot","","","","","NpcPath","3596.81177","51.7449989","788.208923","3596.05518","51.7449989","788.482483","","25","base_unknown=0;follow_type=1;follow_unknown=25","2","base_unknown=0;follow_type=1;follow_unknown=25;path_count=2;decoded_path_count=2",""
"2026-07-21T19:56:15.7524157Z","IN","1510","FollowTarget","SimpleChar","79543CB6","SimpleChar:79543CB6","Malfunctioning Cleaning Robot","","","","","NpcPath","3596.979","51.7449989","783.935852","3596.10522","51.7449989","783.924805","","25","base_unknown=0;follow_type=1;follow_unknown=25","2","base_unknown=0;follow_type=1;follow_unknown=25;path_count=2;decoded_path_count=2",""
"2026-07-21T19:56:15.7524157Z","IN","1522","FollowTarget","SimpleChar","79543CB6","SimpleChar:79543CB6","Malfunctioning Cleaning Robot","","","","","NpcPath","3596.979","51.7449989","783.935852","3596.10522","51.7449989","783.924805","","25","base_unknown=0;follow_type=1;follow_unknown=25","2","base_unknown=0;follow_type=1;follow_unknown=25;path_count=2;decoded_path_count=2",""
"2026-07-21T19:56:15.7524157Z","IN","1520","FollowTarget","SimpleChar","797D36A5","SimpleChar:797D36A5","Malfunctioning Cleaning Robot","","","","","NpcPath","3596.81177","51.7449989","788.208923","3596.03979","52.2449989","788.447449","","25","base_unknown=0;follow_type=1;follow_unknown=25","2","base_unknown=0;follow_type=1;follow_unknown=25;path_count=2;decoded_path_count=2",""
"2026-07-21T19:56:15.7524157Z","IN","1509","FollowTarget","SimpleChar","79866547","SimpleChar:79866547","Malfunctioning Cleaning Robot","","","","","NpcPath","3600.00928","51.9249954","787.170349","3599.20679","52.5","786.782776","","24","base_unknown=0;follow_type=1;follow_unknown=24","2","base_unknown=0;follow_type=1;follow_unknown=24;path_count=2;decoded_path_count=2",""
"2026-07-21T19:56:15.7524157Z","IN","1521","FollowTarget","SimpleChar","79866547","SimpleChar:79866547","Malfunctioning Cleaning Robot","","","","","NpcPath","3600.00928","51.9249954","787.170349","3599.21924","52.5","787.204895","","24","base_unknown=0;follow_type=1;follow_unknown=24","2","base_unknown=0;follow_type=1;follow_unknown=24;path_count=2;decoded_path_count=2",""
"2026-07-21T19:56:15.7524157Z","IN","1511","FollowTarget","SimpleChar","79866565","SimpleChar:79866565","Malfunctioning Cleaning Robot","","","","","NpcPath","3599.85742","51.9249954","787.592468","3599.20386","52.5","786.779846","","24","base_unknown=0;follow_type=1;follow_unknown=24","2","base_unknown=0;follow_type=1;follow_unknown=24;path_count=2;decoded_path_count=2",""
"2026-07-21T19:56:16.1983219Z","IN","1528","FollowTarget","SimpleChar","79543CB6","SimpleChar:79543CB6","Malfunctioning Cleaning Robot","","","","","NpcPath","3596.979","51.7449989","783.935852","3596.10522","51.7449989","783.924805","","25","base_unknown=0;follow_type=1;follow_unknown=25","2","base_unknown=0;follow_type=1;follow_unknown=25;path_count=2;decoded_path_count=2",""
"2026-07-21T19:56:16.1983219Z","IN","1531","FollowTarget","SimpleChar","79543CB6","SimpleChar:79543CB6","Malfunctioning Cleaning Robot","","","","","NpcPath","3596.979","51.7449989","783.935852","3596.10522","51.7449989","783.924805","","25","base_unknown=0;follow_type=1;follow_unknown=25","2","base_unknown=0;follow_type=1;follow_unknown=25;path_count=2;decoded_path_count=2",""
"2026-07-21T19:56:16.1983219Z","IN","1526","FollowTarget","SimpleChar","797D36A5","SimpleChar:797D36A5","Malfunctioning Cleaning Robot","","","","","NpcPath","3596.81177","51.7449989","788.208923","3596.06445","52.2449989","788.655029","","25","base_unknown=0;follow_type=1;follow_unknown=25","2","base_unknown=0;follow_type=1;follow_unknown=25;path_count=2;decoded_path_count=2",""
"2026-07-21T19:56:16.1983219Z","IN","1529","FollowTarget","SimpleChar","797D36A5","SimpleChar:797D36A5","Malfunctioning Cleaning Robot","","","","","NpcPath","3596.81177","51.7449989","788.208923","3596.05518","51.7449989","788.482483","","25","base_unknown=0;follow_type=1;follow_unknown=25","2","base_unknown=0;follow_type=1;follow_unknown=25;path_count=2;decoded_path_count=2",""
"2026-07-21T19:56:16.1983219Z","IN","1527","FollowTarget","SimpleChar","79866547","SimpleChar:79866547","Malfunctioning Cleaning Robot","","","","","NpcPath","3600.00928","51.9249954","787.170349","3599.26147","52.5","786.853149","","24","base_unknown=0;follow_type=1;follow_unknown=24","2","base_unknown=0;follow_type=1;follow_unknown=24;path_count=2;decoded_path_count=2",""
"2026-07-21T19:56:16.1983219Z","IN","1530","FollowTarget","SimpleChar","79866547","SimpleChar:79866547","Malfunctioning Cleaning Robot","","","","","NpcPath","3600.00928","51.9249954","787.170349","3599.09961","52.5","786.71698","","24","base_unknown=0;follow_type=1;follow_unknown=24","2","base_unknown=0;follow_type=1;follow_unknown=24;path_count=2;decoded_path_count=2",""
"2026-07-21T19:56:16.5786951Z","IN","1532","FollowTarget","SimpleChar","797D36A5","SimpleChar:797D36A5","Malfunctioning Cleaning Robot","","","","","NpcPath","3596.81177","51.7449989","788.208923","3596.02246","52.2449989","788.75116","","25","base_unknown=0;follow_type=1;follow_unknown=25","2","base_unknown=0;follow_type=1;follow_unknown=25;path_count=2;decoded_path_count=2",""
"2026-07-21T19:56:16.5796949Z","IN","1533","FollowTarget","SimpleChar","79543CB6","SimpleChar:79543CB6","Malfunctioning Cleaning Robot","","","","","NpcPath","3596.979","51.7449989","783.935852","3596.03125","52.2449989","784.118286","","25","base_unknown=0;follow_type=1;follow_unknown=25","2","base_unknown=0;follow_type=1;follow_unknown=25;path_count=2;decoded_path_count=2",""
"2026-07-21T19:56:16.8135501Z","IN","1539","FollowTarget","SimpleChar","79543CB6","SimpleChar:79543CB6","Malfunctioning Cleaning Robot","","","","","NpcPath","3596.979","51.7449989","783.935852","3596.10522","51.7449989","783.924805","","25","base_unknown=0;follow_type=1;follow_unknown=25","2","base_unknown=0;follow_type=1;follow_unknown=25;path_count=2;decoded_path_count=2",""
"2026-07-21T19:56:16.8135501Z","IN","1538","FollowTarget","SimpleChar","797D36A5","SimpleChar:797D36A5","Malfunctioning Cleaning Robot","","","","","NpcPath","3596.81177","51.7449989","788.208923","3596.05518","51.7449989","788.482483","","25","base_unknown=0;follow_type=1;follow_unknown=25","2","base_unknown=0;follow_type=1;follow_unknown=25;path_count=2;decoded_path_count=2",""
"2026-07-21T19:56:16.8135501Z","IN","1540","FollowTarget","SimpleChar","797D36A5","SimpleChar:797D36A5","Malfunctioning Cleaning Robot","","","","","NpcPath","3596.81177","51.7449989","788.208923","3596.01392","52.2449989","788.405701","","25","base_unknown=0;follow_type=1;follow_unknown=25","2","base_unknown=0;follow_type=1;follow_unknown=25;path_count=2;decoded_path_count=2",""
"2026-07-21T19:56:16.8145494Z","IN","1541","FollowTarget","SimpleChar","79543CB6","SimpleChar:79543CB6","Malfunctioning Cleaning Robot","","","","","NpcPath","3596.979","51.7449989","783.935852","3596.09766","52.2449989","783.854736","","25","base_unknown=0;follow_type=1;follow_unknown=25","2","base_unknown=0;follow_type=1;follow_unknown=25;path_count=2;decoded_path_count=2",""
"2026-07-21T19:56:17.2692694Z","IN","1543","FollowTarget","SimpleChar","79543CB6","SimpleChar:79543CB6","Malfunctioning Cleaning Robot","","","","","NpcPath","3596.979","51.7449989","783.935852","3596.05225","52.2449989","784.091187","","25","base_unknown=0;follow_type=1;follow_unknown=25","2","base_unknown=0;follow_type=1;follow_unknown=25;path_count=2;decoded_path_count=2",""
"2026-07-21T19:56:17.2692694Z","IN","1546","FollowTarget","SimpleChar","79543CB6","SimpleChar:79543CB6","Malfunctioning Cleaning Robot","","","","","NpcPath","3596.979","51.7449989","783.935852","3596.10522","51.7449989","783.924805","","25","base_unknown=0;follow_type=1;follow_unknown=25","2","base_unknown=0;follow_type=1;follow_unknown=25;path_count=2;decoded_path_count=2",""
"2026-07-21T19:56:17.2692694Z","IN","1542","FollowTarget","SimpleChar","797D36A5","SimpleChar:797D36A5","Malfunctioning Cleaning Robot","","","","","NpcPath","3596.81177","51.7449989","788.208923","3596.01074","52.2449989","788.40155","","25","base_unknown=0;follow_type=1;follow_unknown=25","2","base_unknown=0;follow_type=1;follow_unknown=25;path_count=2;decoded_path_count=2",""
"2026-07-21T19:56:17.2692694Z","IN","1545","FollowTarget","SimpleChar","797D36A5","SimpleChar:797D36A5","Malfunctioning Cleaning Robot","","","","","NpcPath","3596.81177","51.7449989","788.208923","3596.05518","51.7449989","788.482483","","25","base_unknown=0;follow_type=1;follow_unknown=25","2","base_unknown=0;follow_type=1;follow_unknown=25;path_count=2;decoded_path_count=2",""
"2026-07-21T19:56:17.2692694Z","IN","1544","FollowTarget","SimpleChar","79866560","SimpleChar:79866560","Malfunctioning Cleaning Robot","","","","","NpcPath","3608.04175","53.2449989","801.702942","3620.73096","52.5","783.867432","","24","base_unknown=0;follow_type=1;follow_unknown=24","2","base_unknown=0;follow_type=1;follow_unknown=24;path_count=2;decoded_path_count=2",""
"2026-07-21T19:56:17.6730204Z","IN","1548","FollowTarget","SimpleChar","79543CB6","SimpleChar:79543CB6","Malfunctioning Cleaning Robot","","","","","NpcPath","3596.979","51.7449989","783.935852","3596.08276","52.2449989","783.807434","","25","base_unknown=0;follow_type=1;follow_unknown=25","2","base_unknown=0;follow_type=1;follow_unknown=25;path_count=2;decoded_path_count=2",""
"2026-07-21T19:56:17.6730204Z","IN","1547","FollowTarget","SimpleChar","797D36A5","SimpleChar:797D36A5","Malfunctioning Cleaning Robot","","","","","NpcPath","3596.81177","51.7449989","788.208923","3596.03955","52.2449989","788.721985","","25","base_unknown=0;follow_type=1;follow_unknown=25","2","base_unknown=0;follow_type=1;follow_unknown=25;path_count=2;decoded_path_count=2",""
"2026-07-21T19:56:18.0188063Z","IN","1554","FollowTarget","SimpleChar","79543CB6","SimpleChar:79543CB6","Malfunctioning Cleaning Robot","","","","","NpcPath","3596.979","51.7449989","783.935852","3596.10522","51.7449989","783.924805","","25","base_unknown=0;follow_type=1;follow_unknown=25","2","base_unknown=0;follow_type=1;follow_unknown=25;path_count=2;decoded_path_count=2",""
"2026-07-21T19:56:18.0188063Z","IN","1556","FollowTarget","SimpleChar","79543CB6","SimpleChar:79543CB6","Malfunctioning Cleaning Robot","","","","","NpcPath","3596.979","51.7449989","783.935852","3596.10522","52.2449989","783.926208","","25","base_unknown=0;follow_type=1;follow_unknown=25","2","base_unknown=0;follow_type=1;follow_unknown=25;path_count=2;decoded_path_count=2",""
"2026-07-21T19:56:18.0188063Z","IN","1553","FollowTarget","SimpleChar","797D36A5","SimpleChar:797D36A5","Malfunctioning Cleaning Robot","","","","","NpcPath","3596.81177","51.7449989","788.208923","3596.05518","51.7449989","788.482483","","25","base_unknown=0;follow_type=1;follow_unknown=25","2","base_unknown=0;follow_type=1;follow_unknown=25;path_count=2;decoded_path_count=2",""
"2026-07-21T19:56:18.0188063Z","IN","1555","FollowTarget","SimpleChar","797D36A5","SimpleChar:797D36A5","Malfunctioning Cleaning Robot","","","","","NpcPath","3596.81177","51.7449989","788.208923","3596.05518","51.7449989","788.482483","","25","base_unknown=0;follow_type=1;follow_unknown=25","2","base_unknown=0;follow_type=1;follow_unknown=25;path_count=2;decoded_path_count=2",""
"2026-07-21T19:56:18.2186834Z","IN","1559","FollowTarget","SimpleChar","79543CB6","SimpleChar:79543CB6","Malfunctioning Cleaning Robot","","","","","NpcPath","3596.979","51.7449989","783.935852","3596.01221","52.2449989","784.138123","","25","base_unknown=0;follow_type=1;follow_unknown=25","2","base_unknown=0;follow_type=1;follow_unknown=25;path_count=2;decoded_path_count=2",""
"2026-07-21T19:56:18.2186834Z","IN","1558","FollowTarget","SimpleChar","797D36A5","SimpleChar:797D36A5","Malfunctioning Cleaning Robot","","","","","NpcPath","3596.81177","51.7449989","788.208923","3596.05518","51.7449989","788.482483","","25","base_unknown=0;follow_type=1;follow_unknown=25","2","base_unknown=0;follow_type=1;follow_unknown=25;path_count=2;decoded_path_count=2",""
"2026-07-21T19:56:18.5264944Z","IN","1562","FollowTarget","SimpleChar","79543CB6","SimpleChar:79543CB6","Malfunctioning Cleaning Robot","","","","","NpcPath","3596.979","51.7449989","783.935852","3596.02563","52.2449989","784.124451","","25","base_unknown=0;follow_type=1;follow_unknown=25","2","base_unknown=0;follow_type=1;follow_unknown=25;path_count=2;decoded_path_count=2",""
"2026-07-21T19:56:18.5264944Z","IN","1564","FollowTarget","SimpleChar","79543CB6","SimpleChar:79543CB6","Malfunctioning Cleaning Robot","","","","","NpcPath","3596.979","51.7449989","783.935852","3596.10522","51.7449989","783.924805","","25","base_unknown=0;follow_type=1;follow_unknown=25","2","base_unknown=0;follow_type=1;follow_unknown=25;path_count=2;decoded_path_count=2",""
"2026-07-21T19:56:18.5264944Z","IN","1561","FollowTarget","SimpleChar","797D36A5","SimpleChar:797D36A5","Malfunctioning Cleaning Robot","","","","","NpcPath","3596.81177","51.7449989","788.208923","3596.05518","51.7449989","788.482483","","25","base_unknown=0;follow_type=1;follow_unknown=25","2","base_unknown=0;follow_type=1;follow_unknown=25;path_count=2;decoded_path_count=2",""
"2026-07-21T19:56:18.5264944Z","IN","1563","FollowTarget","SimpleChar","797D36A5","SimpleChar:797D36A5","Malfunctioning Cleaning Robot","","","","","NpcPath","3596.81177","51.7449989","788.208923","3596.05518","51.7449989","788.482483","","25","base_unknown=0;follow_type=1;follow_unknown=25","2","base_unknown=0;follow_type=1;follow_unknown=25;path_count=2;decoded_path_count=2",""
"2026-07-21T19:56:18.7123788Z","IN","1573","FollowTarget","SimpleChar","79543CB6","SimpleChar:79543CB6","Malfunctioning Cleaning Robot","","","","","NpcPath","3596.979","51.7449989","783.935852","3596.10522","51.7449989","783.924805","","25","base_unknown=0;follow_type=1;follow_unknown=25","2","base_unknown=0;follow_type=1;follow_unknown=25;path_count=2;decoded_path_count=2",""
"2026-07-21T19:56:18.7123788Z","IN","1572","FollowTarget","SimpleChar","797D36A5","SimpleChar:797D36A5","Malfunctioning Cleaning Robot","","","","","NpcPath","3596.81177","51.7449989","788.208923","3596.06787","52.2449989","788.529419","","25","base_unknown=0;follow_type=1;follow_unknown=25","2","base_unknown=0;follow_type=1;follow_unknown=25;path_count=2;decoded_path_count=2",""
"2026-07-21T19:56:18.9182517Z","IN","1574","FollowTarget","SimpleChar","797D36A5","SimpleChar:797D36A5","Malfunctioning Cleaning Robot","","","","","NpcPath","3596.81177","51.7449989","788.208923","3596.05518","51.7449989","788.482483","","25","base_unknown=0;follow_type=1;follow_unknown=25","2","base_unknown=0;follow_type=1;follow_unknown=25;path_count=2;decoded_path_count=2",""
"2026-07-21T19:56:18.9192516Z","IN","1575","FollowTarget","SimpleChar","79543CB6","SimpleChar:79543CB6","Malfunctioning Cleaning Robot","","","","","NpcPath","3596.979","51.7449989","783.935852","3596.10229","52.2449989","783.880127","","25","base_unknown=0;follow_type=1;follow_unknown=25","2","base_unknown=0;follow_type=1;follow_unknown=25;path_count=2;decoded_path_count=2",""
"2026-07-21T19:56:19.3709738Z","IN","1578","FollowTarget","SimpleChar","79543CB6","SimpleChar:79543CB6","Malfunctioning Cleaning Robot","","","","","NpcPath","3596.979","51.7449989","783.935852","3596.10522","51.7449989","783.924805","","25","base_unknown=0;follow_type=1;follow_unknown=25","2","base_unknown=0;follow_type=1;follow_unknown=25;path_count=2;decoded_path_count=2",""
"2026-07-21T19:56:19.3709738Z","IN","1580","FollowTarget","SimpleChar","79543CB6","SimpleChar:79543CB6","Malfunctioning Cleaning Robot","","","","","NpcPath","3596.979","51.7449989","783.935852","3596.10522","51.7449989","783.924805","","25","base_unknown=0;follow_type=1;follow_unknown=25","2","base_unknown=0;follow_type=1;follow_unknown=25;path_count=2;decoded_path_count=2",""
"2026-07-21T19:56:19.3709738Z","IN","1577","FollowTarget","SimpleChar","797D36A5","SimpleChar:797D36A5","Malfunctioning Cleaning Robot","","","","","NpcPath","3596.81177","51.7449989","788.208923","3596.05518","51.7449989","788.482483","","25","base_unknown=0;follow_type=1;follow_unknown=25","2","base_unknown=0;follow_type=1;follow_unknown=25;path_count=2;decoded_path_count=2",""
"2026-07-21T19:56:19.3709738Z","IN","1579","FollowTarget","SimpleChar","797D36A5","SimpleChar:797D36A5","Malfunctioning Cleaning Robot","","","","","NpcPath","3596.81177","51.7449989","788.208923","3596.05518","51.7449989","788.482483","","25","base_unknown=0;follow_type=1;follow_unknown=25","2","base_unknown=0;follow_type=1;follow_unknown=25;path_count=2;decoded_path_count=2",""
"2026-07-21T19:56:19.5848410Z","IN","1583","FollowTarget","SimpleChar","79543CB6","SimpleChar:79543CB6","Malfunctioning Cleaning Robot","","","","","NpcPath","3596.979","51.7449989","783.935852","3596.10522","51.7449989","783.924805","","25","base_unknown=0;follow_type=1;follow_unknown=25","2","base_unknown=0;follow_type=1;follow_unknown=25;path_count=2;decoded_path_count=2",""
"2026-07-21T19:56:19.5848410Z","IN","1582","FollowTarget","SimpleChar","797D36A5","SimpleChar:797D36A5","Malfunctioning Cleaning Robot","","","","","NpcPath","3596.81177","51.7449989","788.208923","3596.05518","51.7449989","788.482483","","25","base_unknown=0;follow_type=1;follow_unknown=25","2","base_unknown=0;follow_type=1;follow_unknown=25;path_count=2;decoded_path_count=2",""
"2026-07-21T19:56:19.8137002Z","IN","1588","FollowTarget","SimpleChar","79543CB6","SimpleChar:79543CB6","Malfunctioning Cleaning Robot","","","","","NpcPath","3596.979","51.7449989","783.935852","3596.10522","51.7449989","783.924805","","25","base_unknown=0;follow_type=1;follow_unknown=25","2","base_unknown=0;follow_type=1;follow_unknown=25;path_count=2;decoded_path_count=2",""
"2026-07-21T19:56:19.8137002Z","IN","1587","FollowTarget","SimpleChar","797D36A5","SimpleChar:797D36A5","Malfunctioning Cleaning Robot","","","","","NpcPath","3596.81177","51.7449989","788.208923","3596.05518","51.7449989","788.482483","","25","base_unknown=0;follow_type=1;follow_unknown=25","2","base_unknown=0;follow_type=1;follow_unknown=25;path_count=2;decoded_path_count=2",""
"2026-07-21T19:56:20.1934668Z","IN","1589","FollowTarget","SimpleChar","797D36A5","SimpleChar:797D36A5","Malfunctioning Cleaning Robot","","","","","NpcPath","3596.81177","51.7449989","788.208923","3596.05518","51.7449989","788.482483","","25","base_unknown=0;follow_type=1;follow_unknown=25","2","base_unknown=0;follow_type=1;follow_unknown=25;path_count=2;decoded_path_count=2",""
"2026-07-21T19:56:20.3333802Z","IN","1591","FollowTarget","SimpleChar","79543CB6","SimpleChar:79543CB6","Malfunctioning Cleaning Robot","","","","","NpcPath","3596.979","51.7449989","783.935852","3596.07617","52.2449989","783.792297","","25","base_unknown=0;follow_type=1;follow_unknown=25","2","base_unknown=0;follow_type=1;follow_unknown=25;path_count=2;decoded_path_count=2",""
"2026-07-21T19:56:20.3333802Z","IN","1594","FollowTarget","SimpleChar","79543CB6","SimpleChar:79543CB6","Malfunctioning Cleaning Robot","","","","","NpcPath","3596.979","51.7449989","783.935852","3596.06763","52.2449989","783.775757","","25","base_unknown=0;follow_type=1;follow_unknown=25","2","base_unknown=0;follow_type=1;follow_unknown=25;path_count=2;decoded_path_count=2",""
"2026-07-21T19:56:20.3333802Z","IN","1593","FollowTarget","SimpleChar","797D36A5","SimpleChar:797D36A5","Malfunctioning Cleaning Robot","","","","","NpcPath","3596.81177","51.7449989","788.208923","3596.05518","51.7449989","788.482483","","25","base_unknown=0;follow_type=1;follow_unknown=25","2","base_unknown=0;follow_type=1;follow_unknown=25;path_count=2;decoded_path_count=2",""
"2026-07-21T19:56:20.6341947Z","IN","1597","FollowTarget","SimpleChar","79543CB6","SimpleChar:79543CB6","Malfunctioning Cleaning Robot","","","","","NpcPath","3596.979","51.7449989","783.935852","3596.10229","52.2449989","783.878662","","25","base_unknown=0;follow_type=1;follow_unknown=25","2","base_unknown=0;follow_type=1;follow_unknown=25;path_count=2;decoded_path_count=2",""
"2026-07-21T19:56:20.6341947Z","IN","1599","FollowTarget","SimpleChar","79543CB6","SimpleChar:79543CB6","Malfunctioning Cleaning Robot","","","","","NpcPath","3596.979","51.7449989","783.935852","3596.10278","52.2449989","783.958252","","25","base_unknown=0;follow_type=1;follow_unknown=25","2","base_unknown=0;follow_type=1;follow_unknown=25;path_count=2;decoded_path_count=2",""
"2026-07-21T19:56:20.6341947Z","IN","1596","FollowTarget","SimpleChar","797D36A5","SimpleChar:797D36A5","Malfunctioning Cleaning Robot","","","","","NpcPath","3596.81177","51.7449989","788.208923","3596.05518","51.7449989","788.482483","","25","base_unknown=0;follow_type=1;follow_unknown=25","2","base_unknown=0;follow_type=1;follow_unknown=25;path_count=2;decoded_path_count=2",""
"2026-07-21T19:56:20.6341947Z","IN","1598","FollowTarget","SimpleChar","797D36A5","SimpleChar:797D36A5","Malfunctioning Cleaning Robot","","","","","NpcPath","3596.81177","51.7449989","788.208923","3596.05518","51.7449989","788.482483","","25","base_unknown=0;follow_type=1;follow_unknown=25","2","base_unknown=0;follow_type=1;follow_unknown=25;path_count=2;decoded_path_count=2",""
"2026-07-21T19:56:20.8160817Z","IN","1603","FollowTarget","SimpleChar","797D36A5","SimpleChar:797D36A5","Malfunctioning Cleaning Robot","","","","","NpcPath","3596.81177","51.7449989","788.208923","3596.05518","51.7449989","788.482483","","25","base_unknown=0;follow_type=1;follow_unknown=25","2","base_unknown=0;follow_type=1;follow_unknown=25;path_count=2;decoded_path_count=2",""
"2026-07-21T19:56:20.8170815Z","IN","1604","FollowTarget","SimpleChar","79543CB6","SimpleChar:79543CB6","Malfunctioning Cleaning Robot","","","","","NpcPath","3596.979","51.7449989","783.935852","3596.10522","51.7449989","783.924805","","25","base_unknown=0;follow_type=1;follow_unknown=25","2","base_unknown=0;follow_type=1;follow_unknown=25;path_count=2;decoded_path_count=2",""
"2026-07-21T19:56:21.0099627Z","IN","1606","FollowTarget","SimpleChar","79543CB6","SimpleChar:79543CB6","Malfunctioning Cleaning Robot","","","","","NpcPath","3596.979","51.7449989","783.935852","3596.10522","51.7449989","783.924805","","25","base_unknown=0;follow_type=1;follow_unknown=25","2","base_unknown=0;follow_type=1;follow_unknown=25;path_count=2;decoded_path_count=2",""
"2026-07-21T19:56:21.0099627Z","IN","1605","FollowTarget","SimpleChar","797D36A5","SimpleChar:797D36A5","Malfunctioning Cleaning Robot","","","","","NpcPath","3596.81177","51.7449989","788.208923","3596.05518","51.7449989","788.482483","","25","base_unknown=0;follow_type=1;follow_unknown=25","2","base_unknown=0;follow_type=1;follow_unknown=25;path_count=2;decoded_path_count=2",""
"2026-07-21T19:56:21.4596853Z","IN","1611","FollowTarget","SimpleChar","79543CB6","SimpleChar:79543CB6","Malfunctioning Cleaning Robot","","","","","NpcPath","3596.979","51.7449989","783.935852","3596.09351","52.2449989","784.00415","","25","base_unknown=0;follow_type=1;follow_unknown=25","2","base_unknown=0;follow_type=1;follow_unknown=25;path_count=2;decoded_path_count=2",""
"2026-07-21T19:56:21.4596853Z","IN","1613","FollowTarget","SimpleChar","79543CB6","SimpleChar:79543CB6","Malfunctioning Cleaning Robot","","","","","NpcPath","3596.979","51.7449989","783.935852","3596.10522","51.7449989","783.924805","","25","base_unknown=0;follow_type=1;follow_unknown=25","2","base_unknown=0;follow_type=1;follow_unknown=25;path_count=2;decoded_path_count=2",""
"2026-07-21T19:56:21.4596853Z","IN","1609","FollowTarget","SimpleChar","797D36A5","SimpleChar:797D36A5","Malfunctioning Cleaning Robot","","","","","NpcPath","3596.81177","51.7449989","788.208923","3596.03931","52.2449989","788.446411","","25","base_unknown=0;follow_type=1;follow_unknown=25","2","base_unknown=0;follow_type=1;follow_unknown=25;path_count=2;decoded_path_count=2",""
"2026-07-21T19:56:21.4596853Z","IN","1612","FollowTarget","SimpleChar","797D36A5","SimpleChar:797D36A5","Malfunctioning Cleaning Robot","","","","","NpcPath","3596.81177","51.7449989","788.208923","3596.05518","51.7449989","788.482483","","25","base_unknown=0;follow_type=1;follow_unknown=25","2","base_unknown=0;follow_type=1;follow_unknown=25;path_count=2;decoded_path_count=2",""
"2026-07-21T19:56:21.9134052Z","IN","1620","FollowTarget","SimpleChar","79543CB6","SimpleChar:79543CB6","Malfunctioning Cleaning Robot","","","","","NpcPath","3596.979","51.7449989","783.935852","3596.10522","51.7449989","783.924805","","25","base_unknown=0;follow_type=1;follow_unknown=25","2","base_unknown=0;follow_type=1;follow_unknown=25;path_count=2;decoded_path_count=2",""
"2026-07-21T19:56:21.9134052Z","IN","1626","FollowTarget","SimpleChar","79543CB6","SimpleChar:79543CB6","Malfunctioning Cleaning Robot","","","","","NpcPath","3596.979","51.7449989","783.935852","3596.10522","51.7449989","783.924805","","25","base_unknown=0;follow_type=1;follow_unknown=25","2","base_unknown=0;follow_type=1;follow_unknown=25;path_count=2;decoded_path_count=2",""
"2026-07-21T19:56:21.9134052Z","IN","1619","FollowTarget","SimpleChar","797D36A5","SimpleChar:797D36A5","Malfunctioning Cleaning Robot","","","","","NpcPath","3596.81177","51.7449989","788.208923","3596.073","52.2449989","788.588745","","25","base_unknown=0;follow_type=1;follow_unknown=25","2","base_unknown=0;follow_type=1;follow_unknown=25;path_count=2;decoded_path_count=2",""
"2026-07-21T19:56:21.9134052Z","IN","1624","FollowTarget","SimpleChar","797D36A5","SimpleChar:797D36A5","Malfunctioning Cleaning Robot","","","","","NpcPath","3596.81177","51.7449989","788.208923","3596.05518","51.7449989","788.482483","","25","base_unknown=0;follow_type=1;follow_unknown=25","2","base_unknown=0;follow_type=1;follow_unknown=25;path_count=2;decoded_path_count=2",""
"2026-07-21T19:56:22.1702470Z","IN","1629","FollowTarget","SimpleChar","79543CB6","SimpleChar:79543CB6","Malfunctioning Cleaning Robot","","","","","NpcPath","3596.979","51.7449989","783.935852","3596.02979","52.2449989","783.722046","","25","base_unknown=0;follow_type=1;follow_unknown=25","2","base_unknown=0;follow_type=1;follow_unknown=25;path_count=2;decoded_path_count=2",""
"2026-07-21T19:56:22.1702470Z","IN","1627","FollowTarget","SimpleChar","797D36A5","SimpleChar:797D36A5","Malfunctioning Cleaning Robot","","","","","NpcPath","3596.81177","51.7449989","788.208923","3596.05518","51.7449989","788.482483","","25","base_unknown=0;follow_type=1;follow_unknown=25","2","base_unknown=0;follow_type=1;follow_unknown=25;path_count=2;decoded_path_count=2",""
"2026-07-21T19:56:22.6019808Z","IN","1633","FollowTarget","SimpleChar","79543CB6","SimpleChar:79543CB6","Malfunctioning Cleaning Robot","","","","","NpcPath","3596.979","51.7449989","783.935852","3596.06323","52.2449989","783.767883","","25","base_unknown=0;follow_type=1;follow_unknown=25","2","base_unknown=0;follow_type=1;follow_unknown=25;path_count=2;decoded_path_count=2",""
"2026-07-21T19:56:22.6019808Z","IN","1636","FollowTarget","SimpleChar","79543CB6","SimpleChar:79543CB6","Malfunctioning Cleaning Robot","","","","","NpcPath","3596.979","51.7449989","783.935852","3596.06812","52.2449989","783.776489","","25","base_unknown=0;follow_type=1;follow_unknown=25","2","base_unknown=0;follow_type=1;follow_unknown=25;path_count=2;decoded_path_count=2",""
"2026-07-21T19:56:22.6019808Z","IN","1631","FollowTarget","SimpleChar","797D36A5","SimpleChar:797D36A5","Malfunctioning Cleaning Robot","","","","","NpcPath","3596.81177","51.7449989","788.208923","3596.06812","52.2449989","788.63855","","25","base_unknown=0;follow_type=1;follow_unknown=25","2","base_unknown=0;follow_type=1;follow_unknown=25;path_count=2;decoded_path_count=2",""
"2026-07-21T19:56:22.6019808Z","IN","1634","FollowTarget","SimpleChar","797D36A5","SimpleChar:797D36A5","Malfunctioning Cleaning Robot","","","","","NpcPath","3596.81177","51.7449989","788.208923","3596.073","52.2449989","788.582458","","25","base_unknown=0;follow_type=1;follow_unknown=25","2","base_unknown=0;follow_type=1;follow_unknown=25;path_count=2;decoded_path_count=2",""
"2026-07-21T19:56:22.8158491Z","IN","1642","FollowTarget","SimpleChar","79543CB6","SimpleChar:79543CB6","Malfunctioning Cleaning Robot","","","","","NpcPath","3596.979","51.7449989","783.935852","3596.10474","52.2449989","783.936035","","25","base_unknown=0;follow_type=1;follow_unknown=25","2","base_unknown=0;follow_type=1;follow_unknown=25;path_count=2;decoded_path_count=2",""
"2026-07-21T19:56:22.8158491Z","IN","1640","FollowTarget","SimpleChar","797D36A5","SimpleChar:797D36A5","Malfunctioning Cleaning Robot","","","","","NpcPath","3596.81177","51.7449989","788.208923","3596.05518","51.7449989","788.482483","","25","base_unknown=0;follow_type=1;follow_unknown=25","2","base_unknown=0;follow_type=1;follow_unknown=25;path_count=2;decoded_path_count=2",""
"2026-07-21T19:56:23.2136031Z","IN","1645","FollowTarget","SimpleChar","79543CB6","SimpleChar:79543CB6","Malfunctioning Cleaning Robot","","","","","NpcPath","3596.979","51.7449989","783.935852","3596.10522","51.7449989","783.924805","","25","base_unknown=0;follow_type=1;follow_unknown=25","2","base_unknown=0;follow_type=1;follow_unknown=25;path_count=2;decoded_path_count=2",""
"2026-07-21T19:56:23.2136031Z","IN","1648","FollowTarget","SimpleChar","79543CB6","SimpleChar:79543CB6","Malfunctioning Cleaning Robot","","","","","NpcPath","3596.979","51.7449989","783.935852","3596.10522","51.7449989","783.924805","","25","base_unknown=0;follow_type=1;follow_unknown=25","2","base_unknown=0;follow_type=1;follow_unknown=25;path_count=2;decoded_path_count=2",""
"2026-07-21T19:56:23.2136031Z","IN","1643","FollowTarget","SimpleChar","797D36A5","SimpleChar:797D36A5","Malfunctioning Cleaning Robot","","","","","NpcPath","3596.81177","51.7449989","788.208923","3596.05518","51.7449989","788.482483","","25","base_unknown=0;follow_type=1;follow_unknown=25","2","base_unknown=0;follow_type=1;follow_unknown=25;path_count=2;decoded_path_count=2",""
"2026-07-21T19:56:23.2136031Z","IN","1646","FollowTarget","SimpleChar","797D36A5","SimpleChar:797D36A5","Malfunctioning Cleaning Robot","","","","","NpcPath","3596.81177","51.7449989","788.208923","3596.06885","52.2449989","788.535522","","25","base_unknown=0;follow_type=1;follow_unknown=25","2","base_unknown=0;follow_type=1;follow_unknown=25;path_count=2;decoded_path_count=2",""
"2026-07-21T19:56:23.6243502Z","IN","1651","FollowTarget","SimpleChar","79543CB6","SimpleChar:79543CB6","Malfunctioning Cleaning Robot","","","","","NpcPath","3596.979","51.7449989","783.935852","3596.03833","52.2449989","784.109741","","25","base_unknown=0;follow_type=1;follow_unknown=25","2","base_unknown=0;follow_type=1;follow_unknown=25;path_count=2;decoded_path_count=2",""
"2026-07-21T19:56:23.6243502Z","IN","1653","FollowTarget","SimpleChar","79543CB6","SimpleChar:79543CB6","Malfunctioning Cleaning Robot","","","","","NpcPath","3596.979","51.7449989","783.935852","3596.10522","51.7449989","783.924805","","25","base_unknown=0;follow_type=1;follow_unknown=25","2","base_unknown=0;follow_type=1;follow_unknown=25;path_count=2;decoded_path_count=2",""
"2026-07-21T19:56:23.6243502Z","IN","1650","FollowTarget","SimpleChar","797D36A5","SimpleChar:797D36A5","Malfunctioning Cleaning Robot","","","","","NpcPath","3596.81177","51.7449989","788.208923","3596.05518","51.7449989","788.482483","","25","base_unknown=0;follow_type=1;follow_unknown=25","2","base_unknown=0;follow_type=1;follow_unknown=25;path_count=2;decoded_path_count=2",""
"2026-07-21T19:56:23.6243502Z","IN","1652","FollowTarget","SimpleChar","797D36A5","SimpleChar:797D36A5","Malfunctioning Cleaning Robot","","","","","NpcPath","3596.81177","51.7449989","788.208923","3596.05518","51.7449989","788.482483","","25","base_unknown=0;follow_type=1;follow_unknown=25","2","base_unknown=0;follow_type=1;follow_unknown=25;path_count=2;decoded_path_count=2",""
"2026-07-21T19:56:23.8322219Z","IN","1658","FollowTarget","SimpleChar","79543CB6","SimpleChar:79543CB6","Malfunctioning Cleaning Robot","","","","","NpcPath","3596.979","51.7449989","783.935852","3596.10522","51.7449989","783.924805","","25","base_unknown=0;follow_type=1;follow_unknown=25","2","base_unknown=0;follow_type=1;follow_unknown=25;path_count=2;decoded_path_count=2",""
"2026-07-21T19:56:23.8322219Z","IN","1657","FollowTarget","SimpleChar","797D36A5","SimpleChar:797D36A5","Malfunctioning Cleaning Robot","","","","","NpcPath","3596.81177","51.7449989","788.208923","3596.073","52.2449989","788.581482","","25","base_unknown=0;follow_type=1;follow_unknown=25","2","base_unknown=0;follow_type=1;follow_unknown=25;path_count=2;decoded_path_count=2",""
"2026-07-21T19:56:23.8322219Z","IN","1659","FollowTarget","SimpleChar","79866565","SimpleChar:79866565","Malfunctioning Cleaning Robot","","","","","NpcPath","3599.82861","51.9249954","787.556763","3596.75244","52.5","772.169495","","24","base_unknown=0;follow_type=1;follow_unknown=24","2","base_unknown=0;follow_type=1;follow_unknown=24;path_count=2;decoded_path_count=2",""
"2026-07-21T19:56:24.0261025Z","IN","1661","FollowTarget","SimpleChar","79543CB6","SimpleChar:79543CB6","Malfunctioning Cleaning Robot","","","","","NpcPath","3596.979","51.7449989","783.935852","3596.09814","52.2449989","783.856689","","25","base_unknown=0;follow_type=1;follow_unknown=25","2","base_unknown=0;follow_type=1;follow_unknown=25;path_count=2;decoded_path_count=2",""
"2026-07-21T19:56:24.0261025Z","IN","1660","FollowTarget","SimpleChar","797D36A5","SimpleChar:797D36A5","Malfunctioning Cleaning Robot","","","","","NpcPath","3596.81177","51.7449989","788.208923","3596.05518","51.7449989","788.482483","","25","base_unknown=0;follow_type=1;follow_unknown=25","2","base_unknown=0;follow_type=1;follow_unknown=25;path_count=2;decoded_path_count=2",""
"2026-07-21T19:56:24.4368495Z","IN","1663","FollowTarget","SimpleChar","79543CB6","SimpleChar:79543CB6","Malfunctioning Cleaning Robot","","","","","NpcPath","3596.979","51.7449989","783.935852","3596.10522","51.7449989","783.924805","","25","base_unknown=0;follow_type=1;follow_unknown=25","2","base_unknown=0;follow_type=1;follow_unknown=25;path_count=2;decoded_path_count=2",""
"2026-07-21T19:56:24.4368495Z","IN","1665","FollowTarget","SimpleChar","79543CB6","SimpleChar:79543CB6","Malfunctioning Cleaning Robot","","","","","NpcPath","3596.979","51.7449989","783.935852","3596.09937","52.2449989","783.862183","","25","base_unknown=0;follow_type=1;follow_unknown=25","2","base_unknown=0;follow_type=1;follow_unknown=25;path_count=2;decoded_path_count=2",""
"2026-07-21T19:56:24.4368495Z","IN","1662","FollowTarget","SimpleChar","797D36A5","SimpleChar:797D36A5","Malfunctioning Cleaning Robot","","","","","NpcPath","3596.81177","51.7449989","788.208923","3596.02808","52.2449989","788.742432","","25","base_unknown=0;follow_type=1;follow_unknown=25","2","base_unknown=0;follow_type=1;follow_unknown=25;path_count=2;decoded_path_count=2",""
"2026-07-21T19:56:24.4368495Z","IN","1664","FollowTarget","SimpleChar","797D36A5","SimpleChar:797D36A5","Malfunctioning Cleaning Robot","","","","","NpcPath","3596.81177","51.7449989","788.208923","3596.06592","52.2449989","788.519775","","25","base_unknown=0;follow_type=1;follow_unknown=25","2","base_unknown=0;follow_type=1;follow_unknown=25;path_count=2;decoded_path_count=2",""
"2026-07-21T19:56:24.7416611Z","IN","1667","FollowTarget","SimpleChar","79543CB6","SimpleChar:79543CB6","Malfunctioning Cleaning Robot","","","","","NpcPath","3596.979","51.7449989","783.935852","3596.10522","51.7449989","783.924805","","25","base_unknown=0;follow_type=1;follow_unknown=25","2","base_unknown=0;follow_type=1;follow_unknown=25;path_count=2;decoded_path_count=2",""
"2026-07-21T19:56:24.7416611Z","IN","1666","FollowTarget","SimpleChar","797D36A5","SimpleChar:797D36A5","Malfunctioning Cleaning Robot","","","","","NpcPath","3596.81177","51.7449989","788.208923","3596.01123","52.2449989","788.766785","","25","base_unknown=0;follow_type=1;follow_unknown=25","2","base_unknown=0;follow_type=1;follow_unknown=25;path_count=2;decoded_path_count=2",""
"2026-07-21T19:56:25.1034394Z","IN","1678","FollowTarget","SimpleChar","79543CB6","SimpleChar:79543CB6","Malfunctioning Cleaning Robot","","","","","NpcPath","3596.979","51.7449989","783.935852","3596.10522","51.7449989","783.924805","","25","base_unknown=0;follow_type=1;follow_unknown=25","2","base_unknown=0;follow_type=1;follow_unknown=25;path_count=2;decoded_path_count=2",""
"2026-07-21T19:56:25.1034394Z","IN","1681","FollowTarget","SimpleChar","79543CB6","SimpleChar:79543CB6","Malfunctioning Cleaning Robot","","","","","NpcPath","3596.979","51.7449989","783.935852","3596.10498","52.2449989","783.933655","","25","base_unknown=0;follow_type=1;follow_unknown=25","2","base_unknown=0;follow_type=1;follow_unknown=25;path_count=2;decoded_path_count=2",""
"2026-07-21T19:56:25.1034394Z","IN","1676","FollowTarget","SimpleChar","797D36A5","SimpleChar:797D36A5","Malfunctioning Cleaning Robot","","","","","NpcPath","3596.81177","51.7449989","788.208923","3596.05518","51.7449989","788.482483","","25","base_unknown=0;follow_type=1;follow_unknown=25","2","base_unknown=0;follow_type=1;follow_unknown=25;path_count=2;decoded_path_count=2",""
"2026-07-21T19:56:25.1034394Z","IN","1680","FollowTarget","SimpleChar","797D36A5","SimpleChar:797D36A5","Malfunctioning Cleaning Robot","","","","","NpcPath","3596.81177","51.7449989","788.208923","3596.05518","51.7449989","788.482483","","25","base_unknown=0;follow_type=1;follow_unknown=25","2","base_unknown=0;follow_type=1;follow_unknown=25;path_count=2;decoded_path_count=2",""
"2026-07-21T19:56:25.1034394Z","IN","1677","FollowTarget","SimpleChar","79866547","SimpleChar:79866547","Malfunctioning Cleaning Robot","","","","","NpcPath","3599.98438","51.9249954","787.158081","3597.22339","52.5","772.200378","","24","base_unknown=0;follow_type=1;follow_unknown=24","2","base_unknown=0;follow_type=1;follow_unknown=24;path_count=2;decoded_path_count=2",""
"2026-07-21T19:56:25.5221808Z","IN","1683","FollowTarget","SimpleChar","79543CB6","SimpleChar:79543CB6","Malfunctioning Cleaning Robot","","","","","NpcPath","3596.979","51.7449989","783.935852","3596.073","52.2449989","783.785889","","25","base_unknown=0;follow_type=1;follow_unknown=25","2","base_unknown=0;follow_type=1;follow_unknown=25;path_count=2;decoded_path_count=2",""
"2026-07-21T19:56:25.5221808Z","IN","1682","FollowTarget","SimpleChar","797D36A5","SimpleChar:797D36A5","Malfunctioning Cleaning Robot","","","","","NpcPath","3596.81177","51.7449989","788.208923","3596.05518","51.7449989","788.482483","","25","base_unknown=0;follow_type=1;follow_unknown=25","2","base_unknown=0;follow_type=1;follow_unknown=25;path_count=2;decoded_path_count=2",""
"2026-07-21T19:56:25.5231790Z","IN","1686","FollowTarget","SimpleChar","79543CB6","SimpleChar:79543CB6","Malfunctioning Cleaning Robot","","","","","NpcPath","3596.979","51.7449989","783.935852","3596.09839","52.2449989","783.984192","","25","base_unknown=0;follow_type=1;follow_unknown=25","2","base_unknown=0;follow_type=1;follow_unknown=25;path_count=2;decoded_path_count=2",""
"2026-07-21T19:56:25.5231790Z","IN","1685","FollowTarget","SimpleChar","797D36A5","SimpleChar:797D36A5","Malfunctioning Cleaning Robot","","","","","NpcPath","3596.81177","51.7449989","788.208923","3596.05518","51.7449989","788.482483","","25","base_unknown=0;follow_type=1;follow_unknown=25","2","base_unknown=0;follow_type=1;follow_unknown=25;path_count=2;decoded_path_count=2",""
"2026-07-21T19:56:25.5231790Z","IN","1687","FollowTarget","SimpleChar","7986655D","SimpleChar:7986655D","Malfunctioning Cleaning Robot","","","","","NpcPath","3621.87622","51.7449989","798.375244","3622.81885","52.5","799.239075","","24","base_unknown=0;follow_type=1;follow_unknown=24","2","base_unknown=0;follow_type=1;follow_unknown=24;path_count=2;decoded_path_count=2",""
"2026-07-21T19:56:25.7080655Z","IN","1689","FollowTarget","SimpleChar","79543CB6","SimpleChar:79543CB6","Malfunctioning Cleaning Robot","","","","","NpcPath","3596.979","51.7449989","783.935852","3596.10522","51.7449989","783.924805","","25","base_unknown=0;follow_type=1;follow_unknown=25","2","base_unknown=0;follow_type=1;follow_unknown=25;path_count=2;decoded_path_count=2",""
"2026-07-21T19:56:25.7080655Z","IN","1688","FollowTarget","SimpleChar","797D36A5","SimpleChar:797D36A5","Malfunctioning Cleaning Robot","","","","","NpcPath","3596.81177","51.7449989","788.208923","3596.05518","51.7449989","788.482483","","25","base_unknown=0;follow_type=1;follow_unknown=25","2","base_unknown=0;follow_type=1;follow_unknown=25;path_count=2;decoded_path_count=2",""
"2026-07-21T19:56:25.9579110Z","IN","1694","FollowTarget","SimpleChar","79543CB6","SimpleChar:79543CB6","Malfunctioning Cleaning Robot","","","","","NpcPath","3596.979","51.7449989","783.935852","3596.08154","52.2449989","784.037842","","25","base_unknown=0;follow_type=1;follow_unknown=25","2","base_unknown=0;follow_type=1;follow_unknown=25;path_count=2;decoded_path_count=2",""
"2026-07-21T19:56:25.9579110Z","IN","1693","FollowTarget","SimpleChar","797D36A5","SimpleChar:797D36A5","Malfunctioning Cleaning Robot","","","","","NpcPath","3596.81177","51.7449989","788.208923","3596.05518","51.7449989","788.482483","","25","base_unknown=0;follow_type=1;follow_unknown=25","2","base_unknown=0;follow_type=1;follow_unknown=25;path_count=2;decoded_path_count=2",""
"2026-07-21T19:56:26.4046358Z","IN","1696","FollowTarget","SimpleChar","79543CB6","SimpleChar:79543CB6","Malfunctioning Cleaning Robot","","","","","NpcPath","3596.979","51.7449989","783.935852","3596.10522","51.7449989","783.924805","","25","base_unknown=0;follow_type=1;follow_unknown=25","2","base_unknown=0;follow_type=1;follow_unknown=25;path_count=2;decoded_path_count=2",""
"2026-07-21T19:56:26.4046358Z","IN","1698","FollowTarget","SimpleChar","79543CB6","SimpleChar:79543CB6","Malfunctioning Cleaning Robot","","","","","NpcPath","3596.979","51.7449989","783.935852","3596.10474","52.2449989","783.937561","","25","base_unknown=0;follow_type=1;follow_unknown=25","2","base_unknown=0;follow_type=1;follow_unknown=25;path_count=2;decoded_path_count=2",""
"2026-07-21T19:56:26.4046358Z","IN","1695","FollowTarget","SimpleChar","797D36A5","SimpleChar:797D36A5","Malfunctioning Cleaning Robot","","","","","NpcPath","3596.81177","51.7449989","788.208923","3596.0249","52.2449989","788.747375","","25","base_unknown=0;follow_type=1;follow_unknown=25","2","base_unknown=0;follow_type=1;follow_unknown=25;path_count=2;decoded_path_count=2",""
"2026-07-21T19:56:26.4046358Z","IN","1697","FollowTarget","SimpleChar","797D36A5","SimpleChar:797D36A5","Malfunctioning Cleaning Robot","","","","","NpcPath","3596.81177","51.7449989","788.208923","3596.02319","52.2449989","788.418884","","25","base_unknown=0;follow_type=1;follow_unknown=25","2","base_unknown=0;follow_type=1;follow_unknown=25;path_count=2;decoded_path_count=2",""
"2026-07-21T19:56:26.7814039Z","IN","1700","FollowTarget","SimpleChar","79543CB6","SimpleChar:79543CB6","Malfunctioning Cleaning Robot","","","","","NpcPath","3596.979","51.7449989","783.935852","3596.10181","52.2449989","783.875916","","25","base_unknown=0;follow_type=1;follow_unknown=25","2","base_unknown=0;follow_type=1;follow_unknown=25;path_count=2;decoded_path_count=2",""
"2026-07-21T19:56:26.7814039Z","IN","1699","FollowTarget","SimpleChar","797D36A5","SimpleChar:797D36A5","Malfunctioning Cleaning Robot","","","","","NpcPath","3596.81177","51.7449989","788.208923","3596.05518","51.7449989","788.482483","","25","base_unknown=0;follow_type=1;follow_unknown=25","2","base_unknown=0;follow_type=1;follow_unknown=25;path_count=2;decoded_path_count=2",""
"2026-07-21T19:56:26.7814039Z","IN","1701","FollowTarget","SimpleChar","797D36A5","SimpleChar:797D36A5","Malfunctioning Cleaning Robot","","","","","NpcPath","3596.81177","51.7449989","788.208923","3596.02197","52.2449989","788.751709","","25","base_unknown=0;follow_type=1;follow_unknown=25","2","base_unknown=0;follow_type=1;follow_unknown=25;path_count=2;decoded_path_count=2",""
"2026-07-21T19:56:26.7824026Z","IN","1702","FollowTarget","SimpleChar","79543CB6","SimpleChar:79543CB6","Malfunctioning Cleaning Robot","","","","","NpcPath","3596.979","51.7449989","783.935852","3596.10303","52.2449989","783.884766","","25","base_unknown=0;follow_type=1;follow_unknown=25","2","base_unknown=0;follow_type=1;follow_unknown=25;path_count=2;decoded_path_count=2",""
"2026-07-21T19:56:27.2271276Z","IN","1707","FollowTarget","SimpleChar","79543CB6","SimpleChar:79543CB6","Malfunctioning Cleaning Robot","","","","","NpcPath","3596.979","51.7449989","783.935852","3596.10522","51.7449989","783.924805","","25","base_unknown=0;follow_type=1;follow_unknown=25","2","base_unknown=0;follow_type=1;follow_unknown=25;path_count=2;decoded_path_count=2",""
"2026-07-21T19:56:27.2271276Z","IN","1709","FollowTarget","SimpleChar","79543CB6","SimpleChar:79543CB6","Malfunctioning Cleaning Robot","","","","","NpcPath","3596.979","51.7449989","783.935852","3596.10522","51.7449989","783.924805","","25","base_unknown=0;follow_type=1;follow_unknown=25","2","base_unknown=0;follow_type=1;follow_unknown=25;path_count=2;decoded_path_count=2",""
"2026-07-21T19:56:27.2271276Z","IN","1706","FollowTarget","SimpleChar","797D36A5","SimpleChar:797D36A5","Malfunctioning Cleaning Robot","","","","","NpcPath","3596.81177","51.7449989","788.208923","3596.03882","52.2449989","788.723328","","25","base_unknown=0;follow_type=1;follow_unknown=25","2","base_unknown=0;follow_type=1;follow_unknown=25;path_count=2;decoded_path_count=2",""
"2026-07-21T19:56:27.2271276Z","IN","1708","FollowTarget","SimpleChar","797D36A5","SimpleChar:797D36A5","Malfunctioning Cleaning Robot","","","","","NpcPath","3596.81177","51.7449989","788.208923","3596.05518","51.7449989","788.482483","","25","base_unknown=0;follow_type=1;follow_unknown=25","2","base_unknown=0;follow_type=1;follow_unknown=25;path_count=2;decoded_path_count=2",""
"2026-07-21T19:56:27.4320017Z","IN","1710","FollowTarget","SimpleChar","797D36A5","SimpleChar:797D36A5","Malfunctioning Cleaning Robot","","","","","NpcPath","3596.81177","51.7449989","788.208923","3596.05518","51.7449989","788.482483","","25","base_unknown=0;follow_type=1;follow_unknown=25","2","base_unknown=0;follow_type=1;follow_unknown=25;path_count=2;decoded_path_count=2",""
"2026-07-21T19:56:27.4330013Z","IN","1711","FollowTarget","SimpleChar","79543CB6","SimpleChar:79543CB6","Malfunctioning Cleaning Robot","","","","","NpcPath","3596.979","51.7449989","783.935852","3596.04565","52.2449989","784.10022","","25","base_unknown=0;follow_type=1;follow_unknown=25","2","base_unknown=0;follow_type=1;follow_unknown=25;path_count=2;decoded_path_count=2",""
"2026-07-21T19:56:27.6328777Z","IN","1714","FollowTarget","SimpleChar","79543CB6","SimpleChar:79543CB6","Malfunctioning Cleaning Robot","","","","","NpcPath","3596.979","51.7449989","783.935852","3596.03589","52.2449989","783.729126","","25","base_unknown=0;follow_type=1;follow_unknown=25","2","base_unknown=0;follow_type=1;follow_unknown=25;path_count=2;decoded_path_count=2",""
"2026-07-21T19:56:27.6328777Z","IN","1712","FollowTarget","SimpleChar","797D36A5","SimpleChar:797D36A5","Malfunctioning Cleaning Robot","","","","","NpcPath","3596.81177","51.7449989","788.208923","3596.05518","51.7449989","788.482483","","25","base_unknown=0;follow_type=1;follow_unknown=25","2","base_unknown=0;follow_type=1;follow_unknown=25;path_count=2;decoded_path_count=2",""
"2026-07-21T19:56:28.0636129Z","IN","1721","FollowTarget","SimpleChar","79543CB6","SimpleChar:79543CB6","Malfunctioning Cleaning Robot","","","","","NpcPath","3596.979","51.7449989","783.935852","3596.10522","51.7449989","783.924805","","25","base_unknown=0;follow_type=1;follow_unknown=25","2","base_unknown=0;follow_type=1;follow_unknown=25;path_count=2;decoded_path_count=2",""
"2026-07-21T19:56:28.0636129Z","IN","1719","FollowTarget","SimpleChar","797D36A5","SimpleChar:797D36A5","Malfunctioning Cleaning Robot","","","","","NpcPath","3596.81177","51.7449989","788.208923","3596.05518","51.7449989","788.482483","","25","base_unknown=0;follow_type=1;follow_unknown=25","2","base_unknown=0;follow_type=1;follow_unknown=25;path_count=2;decoded_path_count=2",""
"2026-07-21T19:56:28.0636129Z","IN","1720","FollowTarget","SimpleChar","7986655E","SimpleChar:7986655E","Malfunctioning Cleaning Robot","","","","","NpcPath","3620.13354","51.7449989","784.851501","3620.97363","52.5","784.298828","","24","base_unknown=0;follow_type=1;follow_unknown=24","2","base_unknown=0;follow_type=1;follow_unknown=24;path_count=2;decoded_path_count=2",""
"2026-07-21T19:56:28.0646122Z","IN","1727","FollowTarget","SimpleChar","79543CB6","SimpleChar:79543CB6","Malfunctioning Cleaning Robot","","","","","NpcPath","3596.979","51.7449989","783.935852","3596.10522","51.7449989","783.924805","","25","base_unknown=0;follow_type=1;follow_unknown=25","2","base_unknown=0;follow_type=1;follow_unknown=25;path_count=2;decoded_path_count=2",""
"2026-07-21T19:56:28.0646122Z","IN","1725","FollowTarget","SimpleChar","797D36A5","SimpleChar:797D36A5","Malfunctioning Cleaning Robot","","","","","NpcPath","3596.81177","51.7449989","788.208923","3596.07129","52.2449989","788.553284","","25","base_unknown=0;follow_type=1;follow_unknown=25","2","base_unknown=0;follow_type=1;follow_unknown=25;path_count=2;decoded_path_count=2",""
"2026-07-21T19:56:28.0646122Z","IN","1726","FollowTarget","SimpleChar","7986655E","SimpleChar:7986655E","Malfunctioning Cleaning Robot","","","","","NpcPath","3620.14063","51.7449989","784.846924","3620.76514","52.5","784.186523","","24","base_unknown=0;follow_type=1;follow_unknown=24","2","base_unknown=0;follow_type=1;follow_unknown=24;path_count=2;decoded_path_count=2",""
"2026-07-21T19:56:28.5113363Z","IN","1730","FollowTarget","SimpleChar","79543CB6","SimpleChar:79543CB6","Malfunctioning Cleaning Robot","","","","","NpcPath","3596.979","51.7449989","783.935852","3596.07056","52.2449989","783.780945","","25","base_unknown=0;follow_type=1;follow_unknown=25","2","base_unknown=0;follow_type=1;follow_unknown=25;path_count=2;decoded_path_count=2",""
"2026-07-21T19:56:28.5113363Z","IN","1733","FollowTarget","SimpleChar","79543CB6","SimpleChar:79543CB6","Malfunctioning Cleaning Robot","","","","","NpcPath","3596.979","51.7449989","783.935852","3596.10449","52.2449989","783.941772","","25","base_unknown=0;follow_type=1;follow_unknown=25","2","base_unknown=0;follow_type=1;follow_unknown=25;path_count=2;decoded_path_count=2",""
"2026-07-21T19:56:28.5113363Z","IN","1728","FollowTarget","SimpleChar","797D36A5","SimpleChar:797D36A5","Malfunctioning Cleaning Robot","","","","","NpcPath","3596.81177","51.7449989","788.208923","3596.05664","52.2449989","788.486938","","25","base_unknown=0;follow_type=1;follow_unknown=25","2","base_unknown=0;follow_type=1;follow_unknown=25;path_count=2;decoded_path_count=2",""
"2026-07-21T19:56:28.5113363Z","IN","1731","FollowTarget","SimpleChar","797D36A5","SimpleChar:797D36A5","Malfunctioning Cleaning Robot","","","","","NpcPath","3596.81177","51.7449989","788.208923","3596.05518","51.7449989","788.482483","","25","base_unknown=0;follow_type=1;follow_unknown=25","2","base_unknown=0;follow_type=1;follow_unknown=25;path_count=2;decoded_path_count=2",""
"2026-07-21T19:56:28.5113363Z","IN","1729","FollowTarget","SimpleChar","7986655E","SimpleChar:7986655E","Malfunctioning Cleaning Robot","","","","","NpcPath","3620.14063","51.7449989","784.846924","3620.70459","52.5","784.05188","","24","base_unknown=0;follow_type=1;follow_unknown=24","2","base_unknown=0;follow_type=1;follow_unknown=24;path_count=2;decoded_path_count=2",""
"2026-07-21T19:56:28.5113363Z","IN","1732","FollowTarget","SimpleChar","7986655E","SimpleChar:7986655E","Malfunctioning Cleaning Robot","","","","","NpcPath","3620.14063","51.7449989","784.846924","3620.80273","52.5","784.226013","","24","base_unknown=0;follow_type=1;follow_unknown=24","2","base_unknown=0;follow_type=1;follow_unknown=24;path_count=2;decoded_path_count=2",""
"2026-07-21T19:56:28.7082148Z","IN","1736","FollowTarget","SimpleChar","79543CB6","SimpleChar:79543CB6","Malfunctioning Cleaning Robot","","","","","NpcPath","3596.979","51.7449989","783.935852","3596.08521","52.2449989","784.028687","","25","base_unknown=0;follow_type=1;follow_unknown=25","2","base_unknown=0;follow_type=1;follow_unknown=25;path_count=2;decoded_path_count=2",""
"2026-07-21T19:56:28.7082148Z","IN","1734","FollowTarget","SimpleChar","797D36A5","SimpleChar:797D36A5","Malfunctioning Cleaning Robot","","","","","NpcPath","3596.81177","51.7449989","788.208923","3596.05518","51.7449989","788.482483","","25","base_unknown=0;follow_type=1;follow_unknown=25","2","base_unknown=0;follow_type=1;follow_unknown=25;path_count=2;decoded_path_count=2",""
"2026-07-21T19:56:28.7082148Z","IN","1735","FollowTarget","SimpleChar","7986655E","SimpleChar:7986655E","Malfunctioning Cleaning Robot","","","","","NpcPath","3620.14063","51.7449989","784.846924","3620.71753","52.5","784.101318","","24","base_unknown=0;follow_type=1;follow_unknown=24","2","base_unknown=0;follow_type=1;follow_unknown=24;path_count=2;decoded_path_count=2",""
"2026-07-21T19:56:29.1859211Z","IN","1742","FollowTarget","SimpleChar","79543CB6","SimpleChar:79543CB6","Malfunctioning Cleaning Robot","","","","","NpcPath","3596.979","51.7449989","783.935852","3596.03223","52.2449989","783.724915","","25","base_unknown=0;follow_type=1;follow_unknown=25","2","base_unknown=0;follow_type=1;follow_unknown=25;path_count=2;decoded_path_count=2",""
"2026-07-21T19:56:29.1859211Z","IN","1745","FollowTarget","SimpleChar","79543CB6","SimpleChar:79543CB6","Malfunctioning Cleaning Robot","","","","","NpcPath","3596.979","51.7449989","783.935852","3596.10522","51.7449989","783.924805","","25","base_unknown=0;follow_type=1;follow_unknown=25","2","base_unknown=0;follow_type=1;follow_unknown=25;path_count=2;decoded_path_count=2",""
"2026-07-21T19:56:29.1859211Z","IN","1740","FollowTarget","SimpleChar","797D36A5","SimpleChar:797D36A5","Malfunctioning Cleaning Robot","","","","","NpcPath","3596.81177","51.7449989","788.208923","3596.05518","51.7449989","788.482483","","25","base_unknown=0;follow_type=1;follow_unknown=25","2","base_unknown=0;follow_type=1;follow_unknown=25;path_count=2;decoded_path_count=2",""
"2026-07-21T19:56:29.1859211Z","IN","1743","FollowTarget","SimpleChar","797D36A5","SimpleChar:797D36A5","Malfunctioning Cleaning Robot","","","","","NpcPath","3596.81177","51.7449989","788.208923","3596.05518","51.7449989","788.482483","","25","base_unknown=0;follow_type=1;follow_unknown=25","2","base_unknown=0;follow_type=1;follow_unknown=25;path_count=2;decoded_path_count=2",""
"2026-07-21T19:56:29.1859211Z","IN","1741","FollowTarget","SimpleChar","7986655E","SimpleChar:7986655E","Malfunctioning Cleaning Robot","","","","","NpcPath","3620.14063","51.7449989","784.846924","3620.78979","52.5","784.213928","","24","base_unknown=0;follow_type=1;follow_unknown=24","2","base_unknown=0;follow_type=1;follow_unknown=24;path_count=2;decoded_path_count=2",""
"2026-07-21T19:56:29.1859211Z","IN","1744","FollowTarget","SimpleChar","7986655E","SimpleChar:7986655E","Malfunctioning Cleaning Robot","","","","","NpcPath","3620.14063","51.7449989","784.846924","3620.70825","52.5","783.930603","","24","base_unknown=0;follow_type=1;follow_unknown=24","2","base_unknown=0;follow_type=1;follow_unknown=24;path_count=2;decoded_path_count=2",""
"2026-07-21T19:56:29.6146552Z","IN","1748","FollowTarget","SimpleChar","79543CB6","SimpleChar:79543CB6","Malfunctioning Cleaning Robot","","","","","NpcPath","3596.979","51.7449989","783.935852","3596.05151","52.2449989","784.092346","","25","base_unknown=0;follow_type=1;follow_unknown=25","2","base_unknown=0;follow_type=1;follow_unknown=25;path_count=2;decoded_path_count=2",""
"2026-07-21T19:56:29.6146552Z","IN","1751","FollowTarget","SimpleChar","79543CB6","SimpleChar:79543CB6","Malfunctioning Cleaning Robot","","","","","NpcPath","3596.979","51.7449989","783.935852","3596.10522","51.7449989","783.924805","","25","base_unknown=0;follow_type=1;follow_unknown=25","2","base_unknown=0;follow_type=1;follow_unknown=25;path_count=2;decoded_path_count=2",""
"2026-07-21T19:56:29.6146552Z","IN","1747","FollowTarget","SimpleChar","797D36A5","SimpleChar:797D36A5","Malfunctioning Cleaning Robot","","","","","NpcPath","3596.81177","51.7449989","788.208923","3596.05518","51.7449989","788.482483","","25","base_unknown=0;follow_type=1;follow_unknown=25","2","base_unknown=0;follow_type=1;follow_unknown=25;path_count=2;decoded_path_count=2",""
"2026-07-21T19:56:29.6146552Z","IN","1749","FollowTarget","SimpleChar","797D36A5","SimpleChar:797D36A5","Malfunctioning Cleaning Robot","","","","","NpcPath","3596.81177","51.7449989","788.208923","3596.05518","51.7449989","788.482483","","25","base_unknown=0;follow_type=1;follow_unknown=25","2","base_unknown=0;follow_type=1;follow_unknown=25;path_count=2;decoded_path_count=2",""
"2026-07-21T19:56:29.6146552Z","IN","1750","FollowTarget","SimpleChar","7986655E","SimpleChar:7986655E","Malfunctioning Cleaning Robot","","","","","NpcPath","3620.18677","51.7449989","784.772461","3620.70264","52.5","784.039978","","24","base_unknown=0;follow_type=1;follow_unknown=24","2","base_unknown=0;follow_type=1;follow_unknown=24;path_count=2;decoded_path_count=2",""
"2026-07-21T19:56:29.9014783Z","IN","1754","FollowTarget","SimpleChar","79543CB6","SimpleChar:79543CB6","Malfunctioning Cleaning Robot","","","","","NpcPath","3596.979","51.7449989","783.935852","3596.02417","52.2449989","784.125977","","25","base_unknown=0;follow_type=1;follow_unknown=25","2","base_unknown=0;follow_type=1;follow_unknown=25;path_count=2;decoded_path_count=2",""
"2026-07-21T19:56:29.9014783Z","IN","1752","FollowTarget","SimpleChar","797D36A5","SimpleChar:797D36A5","Malfunctioning Cleaning Robot","","","","","NpcPath","3596.81177","51.7449989","788.208923","3596.07104","52.2449989","788.617981","","25","base_unknown=0;follow_type=1;follow_unknown=25","2","base_unknown=0;follow_type=1;follow_unknown=25;path_count=2;decoded_path_count=2",""
"2026-07-21T19:56:29.9014783Z","IN","1753","FollowTarget","SimpleChar","7986655E","SimpleChar:7986655E","Malfunctioning Cleaning Robot","","","","","NpcPath","3620.18677","51.7449989","784.772461","3621.13354","52.5","784.268616","","24","base_unknown=0;follow_type=1;follow_unknown=24","2","base_unknown=0;follow_type=1;follow_unknown=24;path_count=2;decoded_path_count=2",""
"2026-07-21T19:56:30.2242817Z","IN","1759","FollowTarget","SimpleChar","79543CB6","SimpleChar:79543CB6","Malfunctioning Cleaning Robot","","","","","NpcPath","3596.979","51.7449989","783.935852","3596.10522","51.7449989","783.924805","","25","base_unknown=0;follow_type=1;follow_unknown=25","2","base_unknown=0;follow_type=1;follow_unknown=25;path_count=2;decoded_path_count=2",""
"2026-07-21T19:56:30.2242817Z","IN","1762","FollowTarget","SimpleChar","79543CB6","SimpleChar:79543CB6","Malfunctioning Cleaning Robot","","","","","NpcPath","3596.979","51.7449989","783.935852","3596.0603","52.2449989","783.763367","","25","base_unknown=0;follow_type=1;follow_unknown=25","2","base_unknown=0;follow_type=1;follow_unknown=25;path_count=2;decoded_path_count=2",""
"2026-07-21T19:56:30.2242817Z","IN","1758","FollowTarget","SimpleChar","797D36A5","SimpleChar:797D36A5","Malfunctioning Cleaning Robot","","","","","NpcPath","3596.81177","51.7449989","788.208923","3596.05518","51.7449989","788.482483","","25","base_unknown=0;follow_type=1;follow_unknown=25","2","base_unknown=0;follow_type=1;follow_unknown=25;path_count=2;decoded_path_count=2",""
"2026-07-21T19:56:30.2242817Z","IN","1760","FollowTarget","SimpleChar","797D36A5","SimpleChar:797D36A5","Malfunctioning Cleaning Robot","","","","","NpcPath","3596.81177","51.7449989","788.208923","3596.02246","52.2449989","788.751221","","25","base_unknown=0;follow_type=1;follow_unknown=25","2","base_unknown=0;follow_type=1;follow_unknown=25;path_count=2;decoded_path_count=2",""
"2026-07-21T19:56:30.2242817Z","IN","1761","FollowTarget","SimpleChar","7986655E","SimpleChar:7986655E","Malfunctioning Cleaning Robot","","","","","NpcPath","3620.26685","51.7449989","784.72998","3620.75903","52.5","784.178772","","24","base_unknown=0;follow_type=1;follow_unknown=24","2","base_unknown=0;follow_type=1;follow_unknown=24;path_count=2;decoded_path_count=2",""
"2026-07-21T19:56:30.4271542Z","IN","1766","FollowTarget","SimpleChar","79543CB6","SimpleChar:79543CB6","Malfunctioning Cleaning Robot","","","","","NpcPath","3596.979","51.7449989","783.935852","3596.10522","51.7449989","783.924805","","25","base_unknown=0;follow_type=1;follow_unknown=25","2","base_unknown=0;follow_type=1;follow_unknown=25;path_count=2;decoded_path_count=2",""
"2026-07-21T19:56:30.4271542Z","IN","1764","FollowTarget","SimpleChar","797D36A5","SimpleChar:797D36A5","Malfunctioning Cleaning Robot","","","","","NpcPath","3596.81177","51.7449989","788.208923","3596.05518","51.7449989","788.482483","","25","base_unknown=0;follow_type=1;follow_unknown=25","2","base_unknown=0;follow_type=1;follow_unknown=25;path_count=2;decoded_path_count=2",""
"2026-07-21T19:56:30.4271542Z","IN","1765","FollowTarget","SimpleChar","7986655E","SimpleChar:7986655E","Malfunctioning Cleaning Robot","","","","","NpcPath","3620.26685","51.7449989","784.72998","3620.72656","52.5","783.876648","","24","base_unknown=0;follow_type=1;follow_unknown=24","2","base_unknown=0;follow_type=1;follow_unknown=24;path_count=2;decoded_path_count=2",""
"2026-07-21T19:56:30.6310290Z","IN","1769","FollowTarget","SimpleChar","79543CB6","SimpleChar:79543CB6","Malfunctioning Cleaning Robot","","","","","NpcPath","3596.979","51.7449989","783.935852","3596.10522","51.7449989","783.924805","","25","base_unknown=0;follow_type=1;follow_unknown=25","2","base_unknown=0;follow_type=1;follow_unknown=25;path_count=2;decoded_path_count=2",""
"2026-07-21T19:56:30.6310290Z","IN","1767","FollowTarget","SimpleChar","797D36A5","SimpleChar:797D36A5","Malfunctioning Cleaning Robot","","","","","NpcPath","3596.81177","51.7449989","788.208923","3596.05518","51.7449989","788.482483","","25","base_unknown=0;follow_type=1;follow_unknown=25","2","base_unknown=0;follow_type=1;follow_unknown=25;path_count=2;decoded_path_count=2",""
"2026-07-21T19:56:30.6310290Z","IN","1768","FollowTarget","SimpleChar","7986655E","SimpleChar:7986655E","Malfunctioning Cleaning Robot","","","","","NpcPath","3620.26685","51.7449989","784.72998","3620.72168","52.5","783.888062","","24","base_unknown=0;follow_type=1;follow_unknown=24","2","base_unknown=0;follow_type=1;follow_unknown=24;path_count=2;decoded_path_count=2",""
"2026-07-21T19:56:30.9158527Z","IN","1777","FollowTarget","SimpleChar","79543CB6","SimpleChar:79543CB6","Malfunctioning Cleaning Robot","","","","","NpcPath","3596.979","51.7449989","783.935852","3596.0127","52.2449989","784.137573","","25","base_unknown=0;follow_type=1;follow_unknown=25","2","base_unknown=0;follow_type=1;follow_unknown=25;path_count=2;decoded_path_count=2",""
"2026-07-21T19:56:30.9158527Z","IN","1775","FollowTarget","SimpleChar","797D36A5","SimpleChar:797D36A5","Malfunctioning Cleaning Robot","","","","","NpcPath","3596.81177","51.7449989","788.208923","3596.05469","52.2449989","788.481506","","25","base_unknown=0;follow_type=1;follow_unknown=25","2","base_unknown=0;follow_type=1;follow_unknown=25;path_count=2;decoded_path_count=2",""
"2026-07-21T19:56:30.9158527Z","IN","1776","FollowTarget","SimpleChar","7986655E","SimpleChar:7986655E","Malfunctioning Cleaning Robot","","","","","NpcPath","3620.26685","51.7449989","784.72998","3620.7124","52.5","783.914551","","24","base_unknown=0;follow_type=1;follow_unknown=24","2","base_unknown=0;follow_type=1;follow_unknown=24;path_count=2;decoded_path_count=2",""
"2026-07-21T19:56:31.2546457Z","IN","1783","FollowTarget","SimpleChar","79543CB6","SimpleChar:79543CB6","Malfunctioning Cleaning Robot","","","","","NpcPath","3596.979","51.7449989","783.935852","3596.10522","51.7449989","783.924805","","25","base_unknown=0;follow_type=1;follow_unknown=25","2","base_unknown=0;follow_type=1;follow_unknown=25;path_count=2;decoded_path_count=2",""
"2026-07-21T19:56:31.2546457Z","IN","1781","FollowTarget","SimpleChar","797D36A5","SimpleChar:797D36A5","Malfunctioning Cleaning Robot","","","","","NpcPath","3596.81177","51.7449989","788.208923","3596.05518","51.7449989","788.482483","","25","base_unknown=0;follow_type=1;follow_unknown=25","2","base_unknown=0;follow_type=1;follow_unknown=25;path_count=2;decoded_path_count=2",""
"2026-07-21T19:56:31.2546457Z","IN","1784","FollowTarget","SimpleChar","797D36A5","SimpleChar:797D36A5","Malfunctioning Cleaning Robot","","","","","NpcPath","3596.81177","51.7449989","788.208923","3596.05518","51.7449989","788.482483","","25","base_unknown=0;follow_type=1;follow_unknown=25","2","base_unknown=0;follow_type=1;follow_unknown=25;path_count=2;decoded_path_count=2",""
"2026-07-21T19:56:31.2546457Z","IN","1782","FollowTarget","SimpleChar","7986655E","SimpleChar:7986655E","Malfunctioning Cleaning Robot","","","","","NpcPath","3620.26685","51.7449989","784.72998","3621.02856","52.5","784.298645","","24","base_unknown=0;follow_type=1;follow_unknown=24","2","base_unknown=0;follow_type=1;follow_unknown=24;path_count=2;decoded_path_count=2",""
"2026-07-21T19:56:31.2546457Z","IN","1785","FollowTarget","SimpleChar","7986655E","SimpleChar:7986655E","Malfunctioning Cleaning Robot","","","","","NpcPath","3620.26685","51.7449989","784.72998","3620.84692","52.5","784.257935","","24","base_unknown=0;follow_type=1;follow_unknown=24","2","base_unknown=0;follow_type=1;follow_unknown=24;path_count=2;decoded_path_count=2",""
"2026-07-21T19:56:31.2556449Z","IN","1786","FollowTarget","SimpleChar","79543CB6","SimpleChar:79543CB6","Malfunctioning Cleaning Robot","","","","","NpcPath","3596.979","51.7449989","783.935852","3596.10522","51.7449989","783.924805","","25","base_unknown=0;follow_type=1;follow_unknown=25","2","base_unknown=0;follow_type=1;follow_unknown=25;path_count=2;decoded_path_count=2",""
"2026-07-21T19:56:31.4745106Z","IN","1790","FollowTarget","SimpleChar","79543CB6","SimpleChar:79543CB6","Malfunctioning Cleaning Robot","","","","","NpcPath","3596.979","51.7449989","783.935852","3596.09521","52.2449989","783.844299","","25","base_unknown=0;follow_type=1;follow_unknown=25","2","base_unknown=0;follow_type=1;follow_unknown=25;path_count=2;decoded_path_count=2",""
"2026-07-21T19:56:31.4745106Z","IN","1788","FollowTarget","SimpleChar","797D36A5","SimpleChar:797D36A5","Malfunctioning Cleaning Robot","","","","","NpcPath","3596.81177","51.7449989","788.208923","3596.05518","51.7449989","788.482483","","25","base_unknown=0;follow_type=1;follow_unknown=25","2","base_unknown=0;follow_type=1;follow_unknown=25;path_count=2;decoded_path_count=2",""
"2026-07-21T19:56:31.4745106Z","IN","1789","FollowTarget","SimpleChar","7986655E","SimpleChar:7986655E","Malfunctioning Cleaning Robot","","","","","NpcPath","3620.26685","51.7449989","784.72998","3620.74756","52.5","784.161926","","24","base_unknown=0;follow_type=1;follow_unknown=24","2","base_unknown=0;follow_type=1;follow_unknown=24;path_count=2;decoded_path_count=2",""
"2026-07-21T19:56:31.4745106Z","IN","1791","FollowTarget","SimpleChar","79866560","SimpleChar:79866560","Malfunctioning Cleaning Robot","","","","","NpcPath","3620.15918","51.7449989","784.67157","3620.70044","52.5","783.982178","","24","base_unknown=0;follow_type=1;follow_unknown=24","2","base_unknown=0;follow_type=1;follow_unknown=24;path_count=2;decoded_path_count=2",""
"2026-07-21T19:56:31.6763860Z","IN","1792","FollowTarget","SimpleChar","797D36A5","SimpleChar:797D36A5","Malfunctioning Cleaning Robot","","","","","NpcPath","3596.81177","51.7449989","788.208923","3596.06421","52.2449989","788.656189","","25","base_unknown=0;follow_type=1;follow_unknown=25","2","base_unknown=0;follow_type=1;follow_unknown=25;path_count=2;decoded_path_count=2",""
"2026-07-21T19:56:31.6763860Z","IN","1793","FollowTarget","SimpleChar","7986655E","SimpleChar:7986655E","Malfunctioning Cleaning Robot","","","","","NpcPath","3620.26685","51.7449989","784.72998","3621.12598","52.5","784.272278","","24","base_unknown=0;follow_type=1;follow_unknown=24","2","base_unknown=0;follow_type=1;follow_unknown=24;path_count=2;decoded_path_count=2",""
"2026-07-21T19:56:31.6773854Z","IN","1794","FollowTarget","SimpleChar","79543CB6","SimpleChar:79543CB6","Malfunctioning Cleaning Robot","","","","","NpcPath","3596.979","51.7449989","783.935852","3596.04834","52.2449989","783.745483","","25","base_unknown=0;follow_type=1;follow_unknown=25","2","base_unknown=0;follow_type=1;follow_unknown=25;path_count=2;decoded_path_count=2",""
"2026-07-21T19:56:31.6773854Z","IN","1795","FollowTarget","SimpleChar","79866560","SimpleChar:79866560","Malfunctioning Cleaning Robot","","","","","NpcPath","3620.15918","51.7449989","784.67157","3620.80444","52.5","783.772583","","24","base_unknown=0;follow_type=1;follow_unknown=24","2","base_unknown=0;follow_type=1;follow_unknown=24;path_count=2;decoded_path_count=2",""
"2026-07-21T19:56:31.8792597Z","IN","1799","FollowTarget","SimpleChar","79543CB6","SimpleChar:79543CB6","Malfunctioning Cleaning Robot","","","","","NpcPath","3596.979","51.7449989","783.935852","3596.07739","52.2449989","784.046997","","25","base_unknown=0;follow_type=1;follow_unknown=25","2","base_unknown=0;follow_type=1;follow_unknown=25;path_count=2;decoded_path_count=2",""
"2026-07-21T19:56:31.8792597Z","IN","1797","FollowTarget","SimpleChar","797D36A5","SimpleChar:797D36A5","Malfunctioning Cleaning Robot","","","","","NpcPath","3596.81177","51.7449989","788.208923","3596.05518","51.7449989","788.482483","","25","base_unknown=0;follow_type=1;follow_unknown=25","2","base_unknown=0;follow_type=1;follow_unknown=25;path_count=2;decoded_path_count=2",""
"2026-07-21T19:56:31.8792597Z","IN","1798","FollowTarget","SimpleChar","7986655E","SimpleChar:7986655E","Malfunctioning Cleaning Robot","","","","","NpcPath","3620.26685","51.7449989","784.72998","3621.16235","52.5","784.252197","","24","base_unknown=0;follow_type=1;follow_unknown=24","2","base_unknown=0;follow_type=1;follow_unknown=24;path_count=2;decoded_path_count=2",""
"2026-07-21T19:56:32.0851325Z","IN","1805","FollowTarget","SimpleChar","79543CB6","SimpleChar:79543CB6","Malfunctioning Cleaning Robot","","","","","NpcPath","3596.979","51.7449989","783.935852","3596.10522","51.7449989","783.924805","","25","base_unknown=0;follow_type=1;follow_unknown=25","2","base_unknown=0;follow_type=1;follow_unknown=25;path_count=2;decoded_path_count=2",""
"2026-07-21T19:56:32.0851325Z","IN","1803","FollowTarget","SimpleChar","797D36A5","SimpleChar:797D36A5","Malfunctioning Cleaning Robot","","","","","NpcPath","3596.81177","51.7449989","788.208923","3596.06177","52.2449989","788.503296","","25","base_unknown=0;follow_type=1;follow_unknown=25","2","base_unknown=0;follow_type=1;follow_unknown=25;path_count=2;decoded_path_count=2",""
"2026-07-21T19:56:32.0851325Z","IN","1804","FollowTarget","SimpleChar","7986655E","SimpleChar:7986655E","Malfunctioning Cleaning Robot","","","","","NpcPath","3620.28906","51.7449989","784.718018","3620.77173","52.5","783.805359","","24","base_unknown=0;follow_type=1;follow_unknown=24","2","base_unknown=0;follow_type=1;follow_unknown=24;path_count=2;decoded_path_count=2",""
"2026-07-21T19:56:32.2720173Z","IN","1808","FollowTarget","SimpleChar","797D36A5","SimpleChar:797D36A5","Malfunctioning Cleaning Robot","","","","","NpcPath","3596.81177","51.7449989","788.208923","3596.05518","51.7449989","788.482483","","25","base_unknown=0;follow_type=1;follow_unknown=25","2","base_unknown=0;follow_type=1;follow_unknown=25;path_count=2;decoded_path_count=2",""
"2026-07-21T19:56:32.2730160Z","IN","1811","FollowTarget","SimpleChar","79543CB6","SimpleChar:79543CB6","Malfunctioning Cleaning Robot","","","","","NpcPath","3596.979","51.7449989","783.935852","3596.04761","52.2449989","783.744446","","25","base_unknown=0;follow_type=1;follow_unknown=25","2","base_unknown=0;follow_type=1;follow_unknown=25;path_count=2;decoded_path_count=2",""
"2026-07-21T19:56:32.4848860Z","IN","1813","FollowTarget","SimpleChar","79543CB6","SimpleChar:79543CB6","Malfunctioning Cleaning Robot","","","","","NpcPath","3596.979","51.7449989","783.935852","3596.10522","51.7449989","783.924805","","25","base_unknown=0;follow_type=1;follow_unknown=25","2","base_unknown=0;follow_type=1;follow_unknown=25;path_count=2;decoded_path_count=2",""
"2026-07-21T19:56:32.4848860Z","IN","1812","FollowTarget","SimpleChar","797D36A5","SimpleChar:797D36A5","Malfunctioning Cleaning Robot","","","","","NpcPath","3596.81177","51.7449989","788.208923","3596.07104","52.2449989","788.61853","","25","base_unknown=0;follow_type=1;follow_unknown=25","2","base_unknown=0;follow_type=1;follow_unknown=25;path_count=2;decoded_path_count=2",""
"2026-07-21T19:56:32.6797648Z","IN","1816","FollowTarget","SimpleChar","79543CB6","SimpleChar:79543CB6","Malfunctioning Cleaning Robot","","","","","NpcPath","3596.979","51.7449989","783.935852","3596.10522","51.7449989","783.924805","","25","base_unknown=0;follow_type=1;follow_unknown=25","2","base_unknown=0;follow_type=1;follow_unknown=25;path_count=2;decoded_path_count=2",""
"2026-07-21T19:56:32.6797648Z","IN","1815","FollowTarget","SimpleChar","797D36A5","SimpleChar:797D36A5","Malfunctioning Cleaning Robot","","","","","NpcPath","3596.81177","51.7449989","788.208923","3596.05518","51.7449989","788.482483","","25","base_unknown=0;follow_type=1;follow_unknown=25","2","base_unknown=0;follow_type=1;follow_unknown=25;path_count=2;decoded_path_count=2",""
"2026-07-21T19:56:32.9006298Z","IN","1818","FollowTarget","SimpleChar","79543CB6","SimpleChar:79543CB6","Malfunctioning Cleaning Robot","","","","","NpcPath","3596.979","51.7449989","783.935852","3596.10522","51.7449989","783.924805","","25","base_unknown=0;follow_type=1;follow_unknown=25","2","base_unknown=0;follow_type=1;follow_unknown=25;path_count=2;decoded_path_count=2",""
"2026-07-21T19:56:32.9006298Z","IN","1817","FollowTarget","SimpleChar","797D36A5","SimpleChar:797D36A5","Malfunctioning Cleaning Robot","","","","","NpcPath","3596.81177","51.7449989","788.208923","3596.05518","51.7449989","788.482483","","25","base_unknown=0;follow_type=1;follow_unknown=25","2","base_unknown=0;follow_type=1;follow_unknown=25;path_count=2;decoded_path_count=2",""
"2026-07-21T19:56:33.1089995Z","IN","1823","FollowTarget","SimpleChar","79543CB6","SimpleChar:79543CB6","Malfunctioning Cleaning Robot","","","","","NpcPath","3596.979","51.7449989","783.935852","3596.10522","51.7449989","783.924805","","25","base_unknown=0;follow_type=1;follow_unknown=25","2","base_unknown=0;follow_type=1;follow_unknown=25;path_count=2;decoded_path_count=2",""
"2026-07-21T19:56:33.1089995Z","IN","1822","FollowTarget","SimpleChar","797D36A5","SimpleChar:797D36A5","Malfunctioning Cleaning Robot","","","","","NpcPath","3596.81177","51.7449989","788.208923","3596.05518","51.7449989","788.482483","","25","base_unknown=0;follow_type=1;follow_unknown=25","2","base_unknown=0;follow_type=1;follow_unknown=25;path_count=2;decoded_path_count=2",""
"2026-07-21T19:56:33.3088763Z","IN","1826","FollowTarget","SimpleChar","79543CB6","SimpleChar:79543CB6","Malfunctioning Cleaning Robot","","","","","NpcPath","3596.979","51.7449989","783.935852","3596.10522","51.7449989","783.924805","","25","base_unknown=0;follow_type=1;follow_unknown=25","2","base_unknown=0;follow_type=1;follow_unknown=25;path_count=2;decoded_path_count=2",""
"2026-07-21T19:56:33.3088763Z","IN","1825","FollowTarget","SimpleChar","797D36A5","SimpleChar:797D36A5","Malfunctioning Cleaning Robot","","","","","NpcPath","3596.81177","51.7449989","788.208923","3596.05518","51.7449989","788.482483","","25","base_unknown=0;follow_type=1;follow_unknown=25","2","base_unknown=0;follow_type=1;follow_unknown=25;path_count=2;decoded_path_count=2",""
"2026-07-21T19:56:33.5097520Z","IN","1829","FollowTarget","SimpleChar","79543CB6","SimpleChar:79543CB6","Malfunctioning Cleaning Robot","","","","","NpcPath","3596.979","51.7449989","783.935852","3596.02515","52.2449989","784.125061","","25","base_unknown=0;follow_type=1;follow_unknown=25","2","base_unknown=0;follow_type=1;follow_unknown=25;path_count=2;decoded_path_count=2",""
"2026-07-21T19:56:33.5097520Z","IN","1828","FollowTarget","SimpleChar","797D36A5","SimpleChar:797D36A5","Malfunctioning Cleaning Robot","","","","","NpcPath","3596.81177","51.7449989","788.208923","3596.04834","52.2449989","788.465332","","25","base_unknown=0;follow_type=1;follow_unknown=25","2","base_unknown=0;follow_type=1;follow_unknown=25;path_count=2;decoded_path_count=2",""
"2026-07-21T19:56:33.7096280Z","IN","1832","FollowTarget","SimpleChar","79543CB6","SimpleChar:79543CB6","Malfunctioning Cleaning Robot","","","","","NpcPath","3596.979","51.7449989","783.935852","3596.02832","52.2449989","784.121521","","25","base_unknown=0;follow_type=1;follow_unknown=25","2","base_unknown=0;follow_type=1;follow_unknown=25;path_count=2;decoded_path_count=2",""
"2026-07-21T19:56:33.7096280Z","IN","1831","FollowTarget","SimpleChar","797D36A5","SimpleChar:797D36A5","Malfunctioning Cleaning Robot","","","","","NpcPath","3596.81177","51.7449989","788.208923","3596.05518","51.7449989","788.482483","","25","base_unknown=0;follow_type=1;follow_unknown=25","2","base_unknown=0;follow_type=1;follow_unknown=25;path_count=2;decoded_path_count=2",""
"2026-07-21T19:56:33.9574755Z","IN","1838","FollowTarget","SimpleChar","79543CB6","SimpleChar:79543CB6","Malfunctioning Cleaning Robot","","","","","NpcPath","3596.979","51.7449989","783.935852","3596.07471","52.2449989","784.052917","","25","base_unknown=0;follow_type=1;follow_unknown=25","2","base_unknown=0;follow_type=1;follow_unknown=25;path_count=2;decoded_path_count=2",""
"2026-07-21T19:56:33.9574755Z","IN","1837","FollowTarget","SimpleChar","797D36A5","SimpleChar:797D36A5","Malfunctioning Cleaning Robot","","","","","NpcPath","3596.81177","51.7449989","788.208923","3596.05518","51.7449989","788.482483","","25","base_unknown=0;follow_type=1;follow_unknown=25","2","base_unknown=0;follow_type=1;follow_unknown=25;path_count=2;decoded_path_count=2",""
"2026-07-21T19:56:34.1603504Z","IN","1843","FollowTarget","SimpleChar","79543CB6","SimpleChar:79543CB6","Malfunctioning Cleaning Robot","","","","","NpcPath","3596.979","51.7449989","783.935852","3596.04883","52.2449989","784.096069","","25","base_unknown=0;follow_type=1;follow_unknown=25","2","base_unknown=0;follow_type=1;follow_unknown=25;path_count=2;decoded_path_count=2",""
"2026-07-21T19:56:34.1603504Z","IN","1842","FollowTarget","SimpleChar","797D36A5","SimpleChar:797D36A5","Malfunctioning Cleaning Robot","","","","","NpcPath","3596.81177","51.7449989","788.208923","3596.05518","51.7449989","788.482483","","25","base_unknown=0;follow_type=1;follow_unknown=25","2","base_unknown=0;follow_type=1;follow_unknown=25;path_count=2;decoded_path_count=2",""
"2026-07-21T19:56:34.1603504Z","IN","1845","FollowTarget","SimpleChar","7986655D","SimpleChar:7986655D","Malfunctioning Cleaning Robot","","","","","NpcPath","3622.11011","51.7449989","798.5896","3597.29614","52.5","771.952454","","24","base_unknown=0;follow_type=1;follow_unknown=24","2","base_unknown=0;follow_type=1;follow_unknown=24;path_count=2;decoded_path_count=2",""
"2026-07-21T19:56:34.1603504Z","IN","1844","FollowTarget","SimpleChar","79866565","SimpleChar:79866565","Malfunctioning Cleaning Robot","","","","","NpcPath","3596.94727","51.7449989","773.144775","3596.74194","52.5","772.152771","","24","base_unknown=0;follow_type=1;follow_unknown=24","2","base_unknown=0;follow_type=1;follow_unknown=24;path_count=2;decoded_path_count=2",""
"2026-07-21T19:56:34.4101971Z","IN","1848","FollowTarget","SimpleChar","79543CB6","SimpleChar:79543CB6","Malfunctioning Cleaning Robot","","","","","NpcPath","3596.979","51.7449989","783.935852","3596.06152","52.2449989","784.076965","","25","base_unknown=0;follow_type=1;follow_unknown=25","2","base_unknown=0;follow_type=1;follow_unknown=25;path_count=2;decoded_path_count=2",""
"2026-07-21T19:56:34.4101971Z","IN","1846","FollowTarget","SimpleChar","797D36A5","SimpleChar:797D36A5","Malfunctioning Cleaning Robot","","","","","NpcPath","3596.81177","51.7449989","788.208923","3596.05981","52.2449989","788.496338","","25","base_unknown=0;follow_type=1;follow_unknown=25","2","base_unknown=0;follow_type=1;follow_unknown=25;path_count=2;decoded_path_count=2",""
"2026-07-21T19:56:34.4101971Z","IN","1847","FollowTarget","SimpleChar","7986655E","SimpleChar:7986655E","Malfunctioning Cleaning Robot","","","","","NpcPath","3620.30713","51.7449989","784.683594","3612.2478","52.5","788.168945","","24","base_unknown=0;follow_type=1;follow_unknown=24","2","base_unknown=0;follow_type=1;follow_unknown=24;path_count=2;decoded_path_count=2",""
"2026-07-21T19:56:34.4101971Z","IN","1849","FollowTarget","SimpleChar","79866565","SimpleChar:79866565","Malfunctioning Cleaning Robot","","","","","NpcPath","3596.94263","51.7449989","773.122986","3596.85229","52.5","772.261169","","24","base_unknown=0;follow_type=1;follow_unknown=24","2","base_unknown=0;follow_type=1;follow_unknown=24;path_count=2;decoded_path_count=2",""
"2026-07-21T19:56:34.6130710Z","IN","1851","FollowTarget","SimpleChar","79543CB6","SimpleChar:79543CB6","Malfunctioning Cleaning Robot","","","","","NpcPath","3596.979","51.7449989","783.935852","3596.10522","51.7449989","783.924805","","25","base_unknown=0;follow_type=1;follow_unknown=25","2","base_unknown=0;follow_type=1;follow_unknown=25;path_count=2;decoded_path_count=2",""
"2026-07-21T19:56:34.6130710Z","IN","1850","FollowTarget","SimpleChar","797D36A5","SimpleChar:797D36A5","Malfunctioning Cleaning Robot","","","","","NpcPath","3596.81177","51.7449989","788.208923","3596.02271","52.2449989","788.750732","","25","base_unknown=0;follow_type=1;follow_unknown=25","2","base_unknown=0;follow_type=1;follow_unknown=25;path_count=2;decoded_path_count=2",""
"2026-07-21T19:56:34.6130710Z","IN","1852","FollowTarget","SimpleChar","79866565","SimpleChar:79866565","Malfunctioning Cleaning Robot","","","","","NpcPath","3596.94263","51.7449989","773.122986","3596.80688","52.5","772.229614","","24","base_unknown=0;follow_type=1;follow_unknown=24","2","base_unknown=0;follow_type=1;follow_unknown=24;path_count=2;decoded_path_count=2",""
"2026-07-21T19:56:34.8129481Z","IN","1855","FollowTarget","SimpleChar","79543CB6","SimpleChar:79543CB6","Malfunctioning Cleaning Robot","","","","","NpcPath","3596.979","51.7449989","783.935852","3596.10522","51.7449989","783.924805","","25","base_unknown=0;follow_type=1;follow_unknown=25","2","base_unknown=0;follow_type=1;follow_unknown=25;path_count=2;decoded_path_count=2",""
"2026-07-21T19:56:34.8129481Z","IN","1853","FollowTarget","SimpleChar","797D36A5","SimpleChar:797D36A5","Malfunctioning Cleaning Robot","","","","","NpcPath","3596.81177","51.7449989","788.208923","3596.06592","52.2449989","788.64856","","25","base_unknown=0;follow_type=1;follow_unknown=25","2","base_unknown=0;follow_type=1;follow_unknown=25;path_count=2;decoded_path_count=2",""
"2026-07-21T19:56:34.8129481Z","IN","1854","FollowTarget","SimpleChar","79866547","SimpleChar:79866547","Malfunctioning Cleaning Robot","","","","","NpcPath","3597.39819","51.7449989","773.148438","3597.18506","52.5","772.236145","","24","base_unknown=0;follow_type=1;follow_unknown=24","2","base_unknown=0;follow_type=1;follow_unknown=24;path_count=2;decoded_path_count=2",""
"2026-07-21T19:56:34.8129481Z","IN","1856","FollowTarget","SimpleChar","79866565","SimpleChar:79866565","Malfunctioning Cleaning Robot","","","","","NpcPath","3596.94263","51.7449989","773.122986","3597.0083","52.5","772.299866","","24","base_unknown=0;follow_type=1;follow_unknown=24","2","base_unknown=0;follow_type=1;follow_unknown=24;path_count=2;decoded_path_count=2",""
"2026-07-21T19:56:35.0218197Z","IN","1861","FollowTarget","SimpleChar","79543CB6","SimpleChar:79543CB6","Malfunctioning Cleaning Robot","","","","","NpcPath","3596.979","51.7449989","783.935852","3596.09399","52.2449989","784.002075","","25","base_unknown=0;follow_type=1;follow_unknown=25","2","base_unknown=0;follow_type=1;follow_unknown=25;path_count=2;decoded_path_count=2",""
"2026-07-21T19:56:35.0218197Z","IN","1859","FollowTarget","SimpleChar","797D36A5","SimpleChar:797D36A5","Malfunctioning Cleaning Robot","","","","","NpcPath","3596.81177","51.7449989","788.208923","3596.03979","52.2449989","788.447388","","25","base_unknown=0;follow_type=1;follow_unknown=25","2","base_unknown=0;follow_type=1;follow_unknown=25;path_count=2;decoded_path_count=2",""
"2026-07-21T19:56:35.0218197Z","IN","1860","FollowTarget","SimpleChar","79866547","SimpleChar:79866547","Malfunctioning Cleaning Robot","","","","","NpcPath","3597.39819","51.7449989","773.148438","3596.91797","52.5","772.288574","","24","base_unknown=0;follow_type=1;follow_unknown=24","2","base_unknown=0;follow_type=1;follow_unknown=24;path_count=2;decoded_path_count=2",""
"2026-07-21T19:56:35.0218197Z","IN","1862","FollowTarget","SimpleChar","79866565","SimpleChar:79866565","Malfunctioning Cleaning Robot","","","","","NpcPath","3596.94263","51.7449989","773.122986","3597.20288","52.5","772.221069","","24","base_unknown=0;follow_type=1;follow_unknown=24","2","base_unknown=0;follow_type=1;follow_unknown=24;path_count=2;decoded_path_count=2",""
"2026-07-21T19:56:35.4255711Z","IN","1869","FollowTarget","SimpleChar","79543CB6","SimpleChar:79543CB6","Malfunctioning Cleaning Robot","","","","","NpcPath","3596.979","51.7449989","783.935852","3596.01538","52.2449989","783.707031","","25","base_unknown=0;follow_type=1;follow_unknown=25","2","base_unknown=0;follow_type=1;follow_unknown=25;path_count=2;decoded_path_count=2",""
"2026-07-21T19:56:35.4255711Z","IN","1872","FollowTarget","SimpleChar","79543CB6","SimpleChar:79543CB6","Malfunctioning Cleaning Robot","","","","","NpcPath","3596.979","51.7449989","783.935852","3596.0127","52.2449989","784.137573","","25","base_unknown=0;follow_type=1;follow_unknown=25","2","base_unknown=0;follow_type=1;follow_unknown=25;path_count=2;decoded_path_count=2",""
"2026-07-21T19:56:35.4255711Z","IN","1867","FollowTarget","SimpleChar","797D36A5","SimpleChar:797D36A5","Malfunctioning Cleaning Robot","","","","","NpcPath","3596.81177","51.7449989","788.208923","3596.07227","52.2449989","788.564697","","25","base_unknown=0;follow_type=1;follow_unknown=25","2","base_unknown=0;follow_type=1;follow_unknown=25;path_count=2;decoded_path_count=2",""
"2026-07-21T19:56:35.4255711Z","IN","1871","FollowTarget","SimpleChar","797D36A5","SimpleChar:797D36A5","Malfunctioning Cleaning Robot","","","","","NpcPath","3596.81177","51.7449989","788.208923","3596.05518","51.7449989","788.482483","","25","base_unknown=0;follow_type=1;follow_unknown=25","2","base_unknown=0;follow_type=1;follow_unknown=25;path_count=2;decoded_path_count=2",""
"2026-07-21T19:56:35.4255711Z","IN","1868","FollowTarget","SimpleChar","79866547","SimpleChar:79866547","Malfunctioning Cleaning Robot","","","","","NpcPath","3597.39819","51.7449989","773.148438","3597.28638","52.5","771.910767","","24","base_unknown=0;follow_type=1;follow_unknown=24","2","base_unknown=0;follow_type=1;follow_unknown=24;path_count=2;decoded_path_count=2",""
"2026-07-21T19:56:35.4255711Z","IN","1870","FollowTarget","SimpleChar","79866565","SimpleChar:79866565","Malfunctioning Cleaning Robot","","","","","NpcPath","3596.94263","51.7449989","773.122986","3597.2439","52.5","772.174561","","24","base_unknown=0;follow_type=1;follow_unknown=24","2","base_unknown=0;follow_type=1;follow_unknown=24;path_count=2;decoded_path_count=2",""
"2026-07-21T19:56:35.4255711Z","IN","1873","FollowTarget","SimpleChar","79866565","SimpleChar:79866565","Malfunctioning Cleaning Robot","","","","","NpcPath","3596.94263","51.7449989","773.122986","3597.20288","52.5","772.221008","","24","base_unknown=0;follow_type=1;follow_unknown=24","2","base_unknown=0;follow_type=1;follow_unknown=24;path_count=2;decoded_path_count=2",""
"2026-07-21T19:56:35.6714195Z","IN","1875","FollowTarget","SimpleChar","79543CB6","SimpleChar:79543CB6","Malfunctioning Cleaning Robot","","","","","NpcPath","3596.979","51.7449989","783.935852","3596.04932","52.2449989","784.095459","","25","base_unknown=0;follow_type=1;follow_unknown=25","2","base_unknown=0;follow_type=1;follow_unknown=25;path_count=2;decoded_path_count=2",""
"2026-07-21T19:56:35.6714195Z","IN","1874","FollowTarget","SimpleChar","797D36A5","SimpleChar:797D36A5","Malfunctioning Cleaning Robot","","","","","NpcPath","3596.81177","51.7449989","788.208923","3596.05518","51.7449989","788.482483","","25","base_unknown=0;follow_type=1;follow_unknown=25","2","base_unknown=0;follow_type=1;follow_unknown=25;path_count=2;decoded_path_count=2",""
"2026-07-21T19:56:35.6714195Z","IN","1876","FollowTarget","SimpleChar","79866565","SimpleChar:79866565","Malfunctioning Cleaning Robot","","","","","NpcPath","3596.94263","51.7449989","773.122986","3596.73999","52.5","772.149719","","24","base_unknown=0;follow_type=1;follow_unknown=24","2","base_unknown=0;follow_type=1;follow_unknown=24;path_count=2;decoded_path_count=2",""
"2026-07-21T19:56:35.9202646Z","IN","1879","FollowTarget","SimpleChar","79543CB6","SimpleChar:79543CB6","Malfunctioning Cleaning Robot","","","","","NpcPath","3596.979","51.7449989","783.935852","3596.10498","52.2449989","783.914124","","25","base_unknown=0;follow_type=1;follow_unknown=25","2","base_unknown=0;follow_type=1;follow_unknown=25;path_count=2;decoded_path_count=2",""
"2026-07-21T19:56:35.9202646Z","IN","1878","FollowTarget","SimpleChar","797D36A5","SimpleChar:797D36A5","Malfunctioning Cleaning Robot","","","","","NpcPath","3596.81177","51.7449989","788.208923","3596.05518","51.7449989","788.482483","","25","base_unknown=0;follow_type=1;follow_unknown=25","2","base_unknown=0;follow_type=1;follow_unknown=25;path_count=2;decoded_path_count=2",""
"2026-07-21T19:56:35.9202646Z","IN","1880","FollowTarget","SimpleChar","79866565","SimpleChar:79866565","Malfunctioning Cleaning Robot","","","","","NpcPath","3596.94263","51.7449989","773.122986","3597.2124","52.5","772.211792","","24","base_unknown=0;follow_type=1;follow_unknown=24","2","base_unknown=0;follow_type=1;follow_unknown=24;path_count=2;decoded_path_count=2",""
"2026-07-21T19:56:36.1211412Z","IN","1885","FollowTarget","SimpleChar","79543CB6","SimpleChar:79543CB6","Malfunctioning Cleaning Robot","","","","","NpcPath","3596.979","51.7449989","783.935852","3596.10522","51.7449989","783.924805","","25","base_unknown=0;follow_type=1;follow_unknown=25","2","base_unknown=0;follow_type=1;follow_unknown=25;path_count=2;decoded_path_count=2",""
"2026-07-21T19:56:36.1211412Z","IN","1884","FollowTarget","SimpleChar","797D36A5","SimpleChar:797D36A5","Malfunctioning Cleaning Robot","","","","","NpcPath","3596.81177","51.7449989","788.208923","3596.073","52.2449989","788.583557","","25","base_unknown=0;follow_type=1;follow_unknown=25","2","base_unknown=0;follow_type=1;follow_unknown=25;path_count=2;decoded_path_count=2",""
"2026-07-21T19:56:36.1211412Z","IN","1886","FollowTarget","SimpleChar","79866565","SimpleChar:79866565","Malfunctioning Cleaning Robot","","","","","NpcPath","3596.94263","51.7449989","773.122986","3596.84912","52.5","772.259338","","24","base_unknown=0;follow_type=1;follow_unknown=24","2","base_unknown=0;follow_type=1;follow_unknown=24;path_count=2;decoded_path_count=2",""
"2026-07-21T19:56:36.3440038Z","IN","1889","FollowTarget","SimpleChar","79543CB6","SimpleChar:79543CB6","Malfunctioning Cleaning Robot","","","","","NpcPath","3596.979","51.7449989","783.935852","3596.10522","51.7449989","783.924805","","25","base_unknown=0;follow_type=1;follow_unknown=25","2","base_unknown=0;follow_type=1;follow_unknown=25;path_count=2;decoded_path_count=2",""
"2026-07-21T19:56:36.3440038Z","IN","1888","FollowTarget","SimpleChar","797D36A5","SimpleChar:797D36A5","Malfunctioning Cleaning Robot","","","","","NpcPath","3596.81177","51.7449989","788.208923","3596.05518","51.7449989","788.482483","","25","base_unknown=0;follow_type=1;follow_unknown=25","2","base_unknown=0;follow_type=1;follow_unknown=25;path_count=2;decoded_path_count=2",""
"2026-07-21T19:56:36.3440038Z","IN","1890","FollowTarget","SimpleChar","79866565","SimpleChar:79866565","Malfunctioning Cleaning Robot","","","","","NpcPath","3596.94263","51.7449989","773.122986","3596.79907","52.5","772.222717","","24","base_unknown=0;follow_type=1;follow_unknown=24","2","base_unknown=0;follow_type=1;follow_unknown=24;path_count=2;decoded_path_count=2",""
"2026-07-21T19:56:36.5438813Z","IN","1892","FollowTarget","SimpleChar","79543CB6","SimpleChar:79543CB6","Malfunctioning Cleaning Robot","","","","","NpcPath","3596.979","51.7449989","783.935852","3596.10522","51.7449989","783.924805","","25","base_unknown=0;follow_type=1;follow_unknown=25","2","base_unknown=0;follow_type=1;follow_unknown=25;path_count=2;decoded_path_count=2",""
"2026-07-21T19:56:36.5438813Z","IN","1891","FollowTarget","SimpleChar","797D36A5","SimpleChar:797D36A5","Malfunctioning Cleaning Robot","","","","","NpcPath","3596.81177","51.7449989","788.208923","3596.02173","52.2449989","788.752197","","25","base_unknown=0;follow_type=1;follow_unknown=25","2","base_unknown=0;follow_type=1;follow_unknown=25;path_count=2;decoded_path_count=2",""
"2026-07-21T19:56:36.5438813Z","IN","1893","FollowTarget","SimpleChar","79866565","SimpleChar:79866565","Malfunctioning Cleaning Robot","","","","","NpcPath","3596.94263","51.7449989","773.122986","3597.07178","52.5","772.29126","","24","base_unknown=0;follow_type=1;follow_unknown=24","2","base_unknown=0;follow_type=1;follow_unknown=24;path_count=2;decoded_path_count=2",""
"2026-07-21T19:56:36.7550325Z","IN","1896","FollowTarget","SimpleChar","79543CB6","SimpleChar:79543CB6","Malfunctioning Cleaning Robot","","","","","NpcPath","3596.979","51.7449989","783.935852","3596.03198","52.2449989","783.724609","","25","base_unknown=0;follow_type=1;follow_unknown=25","2","base_unknown=0;follow_type=1;follow_unknown=25;path_count=2;decoded_path_count=2",""
"2026-07-21T19:56:36.7550325Z","IN","1894","FollowTarget","SimpleChar","797D36A5","SimpleChar:797D36A5","Malfunctioning Cleaning Robot","","","","","NpcPath","3596.81177","51.7449989","788.208923","3596.05518","51.7449989","788.482483","","25","base_unknown=0;follow_type=1;follow_unknown=25","2","base_unknown=0;follow_type=1;follow_unknown=25;path_count=2;decoded_path_count=2",""
"2026-07-21T19:56:36.7550325Z","IN","1897","FollowTarget","SimpleChar","79866565","SimpleChar:79866565","Malfunctioning Cleaning Robot","","","","","NpcPath","3596.94263","51.7449989","773.122986","3597.04688","52.5","772.296326","","24","base_unknown=0;follow_type=1;follow_unknown=24","2","base_unknown=0;follow_type=1;follow_unknown=24;path_count=2;decoded_path_count=2",""
"2026-07-21T19:56:36.9499115Z","IN","1904","FollowTarget","SimpleChar","79543CB6","SimpleChar:79543CB6","Malfunctioning Cleaning Robot","","","","","NpcPath","3596.979","51.7449989","783.935852","3596.10425","52.2449989","783.896423","","25","base_unknown=0;follow_type=1;follow_unknown=25","2","base_unknown=0;follow_type=1;follow_unknown=25;path_count=2;decoded_path_count=2",""
"2026-07-21T19:56:36.9499115Z","IN","1902","FollowTarget","SimpleChar","797D36A5","SimpleChar:797D36A5","Malfunctioning Cleaning Robot","","","","","NpcPath","3596.81177","51.7449989","788.208923","3596.05518","51.7449989","788.482483","","25","base_unknown=0;follow_type=1;follow_unknown=25","2","base_unknown=0;follow_type=1;follow_unknown=25;path_count=2;decoded_path_count=2",""
"2026-07-21T19:56:36.9499115Z","IN","1905","FollowTarget","SimpleChar","79866565","SimpleChar:79866565","Malfunctioning Cleaning Robot","","","","","NpcPath","3596.94263","51.7449989","773.122986","3596.96851","52.5","772.29834","","24","base_unknown=0;follow_type=1;follow_unknown=24","2","base_unknown=0;follow_type=1;follow_unknown=24;path_count=2;decoded_path_count=2",""
"2026-07-21T19:56:37.1567851Z","IN","1910","FollowTarget","SimpleChar","79543CB6","SimpleChar:79543CB6","Malfunctioning Cleaning Robot","","","","","NpcPath","3596.979","51.7449989","783.935852","3596.06836","52.2449989","783.776855","","25","base_unknown=0;follow_type=1;follow_unknown=25","2","base_unknown=0;follow_type=1;follow_unknown=25;path_count=2;decoded_path_count=2",""
"2026-07-21T19:56:37.1567851Z","IN","1909","FollowTarget","SimpleChar","797D36A5","SimpleChar:797D36A5","Malfunctioning Cleaning Robot","","","","","NpcPath","3596.81177","51.7449989","788.208923","3596.05518","51.7449989","788.482483","","25","base_unknown=0;follow_type=1;follow_unknown=25","2","base_unknown=0;follow_type=1;follow_unknown=25;path_count=2;decoded_path_count=2",""
"2026-07-21T19:56:37.1567851Z","IN","1911","FollowTarget","SimpleChar","79866565","SimpleChar:79866565","Malfunctioning Cleaning Robot","","","","","NpcPath","3596.94263","51.7449989","773.122986","3596.94116","52.5","772.294189","","24","base_unknown=0;follow_type=1;follow_unknown=24","2","base_unknown=0;follow_type=1;follow_unknown=24;path_count=2;decoded_path_count=2",""
"2026-07-21T19:56:37.4116277Z","IN","1912","FollowTarget","SimpleChar","797D36A5","SimpleChar:797D36A5","Malfunctioning Cleaning Robot","","","","","NpcPath","3596.81177","51.7449989","788.208923","3596.05518","51.7449989","788.482483","","25","base_unknown=0;follow_type=1;follow_unknown=25","2","base_unknown=0;follow_type=1;follow_unknown=25;path_count=2;decoded_path_count=2",""
"2026-07-21T19:56:37.4126277Z","IN","1914","FollowTarget","SimpleChar","79543CB6","SimpleChar:79543CB6","Malfunctioning Cleaning Robot","","","","","NpcPath","3596.979","51.7449989","783.935852","3596.10522","51.7449989","783.924805","","25","base_unknown=0;follow_type=1;follow_unknown=25","2","base_unknown=0;follow_type=1;follow_unknown=25;path_count=2;decoded_path_count=2",""
"2026-07-21T19:56:37.4126277Z","IN","1916","FollowTarget","SimpleChar","79866560","SimpleChar:79866560","Malfunctioning Cleaning Robot","","","","","NpcPath","3620.2251","51.7449989","784.579956","3612.0625","52.5","787.706604","","24","base_unknown=0;follow_type=1;follow_unknown=24","2","base_unknown=0;follow_type=1;follow_unknown=24;path_count=2;decoded_path_count=2",""
"2026-07-21T19:56:37.4126277Z","IN","1915","FollowTarget","SimpleChar","79866565","SimpleChar:79866565","Malfunctioning Cleaning Robot","","","","","NpcPath","3596.94263","51.7449989","773.122986","3596.76392","52.5","772.185242","","24","base_unknown=0;follow_type=1;follow_unknown=24","2","base_unknown=0;follow_type=1;follow_unknown=24;path_count=2;decoded_path_count=2",""
"2026-07-21T19:56:37.6085059Z","IN","1919","FollowTarget","SimpleChar","79543CB6","SimpleChar:79543CB6","Malfunctioning Cleaning Robot","","","","","NpcPath","3596.979","51.7449989","783.935852","3596.01196","52.2449989","783.703735","","25","base_unknown=0;follow_type=1;follow_unknown=25","2","base_unknown=0;follow_type=1;follow_unknown=25;path_count=2;decoded_path_count=2",""
"2026-07-21T19:56:37.6085059Z","IN","1918","FollowTarget","SimpleChar","797D36A5","SimpleChar:797D36A5","Malfunctioning Cleaning Robot","","","","","NpcPath","3596.81177","51.7449989","788.208923","3596.06567","52.2449989","788.650391","","25","base_unknown=0;follow_type=1;follow_unknown=25","2","base_unknown=0;follow_type=1;follow_unknown=25;path_count=2;decoded_path_count=2",""
"2026-07-21T19:56:37.6085059Z","IN","1920","FollowTarget","SimpleChar","79866565","SimpleChar:79866565","Malfunctioning Cleaning Robot","","","","","NpcPath","3596.94263","51.7449989","773.122986","3596.78394","52.5","772.208069","","24","base_unknown=0;follow_type=1;follow_unknown=24","2","base_unknown=0;follow_type=1;follow_unknown=24;path_count=2;decoded_path_count=2",""
"2026-07-21T19:56:37.8183761Z","IN","1921","FollowTarget","SimpleChar","797D36A5","SimpleChar:797D36A5","Malfunctioning Cleaning Robot","","","","","NpcPath","3596.81177","51.7449989","788.208923","3596.05518","51.7449989","788.482483","","25","base_unknown=0;follow_type=1;follow_unknown=25","2","base_unknown=0;follow_type=1;follow_unknown=25;path_count=2;decoded_path_count=2",""
"2026-07-21T19:56:37.8193755Z","IN","1923","FollowTarget","SimpleChar","79543CB6","SimpleChar:79543CB6","Malfunctioning Cleaning Robot","","","","","NpcPath","3596.979","51.7449989","783.935852","3596.10522","51.7449989","783.924805","","25","base_unknown=0;follow_type=1;follow_unknown=25","2","base_unknown=0;follow_type=1;follow_unknown=25;path_count=2;decoded_path_count=2",""
"2026-07-21T19:56:37.8193755Z","IN","1924","FollowTarget","SimpleChar","79866565","SimpleChar:79866565","Malfunctioning Cleaning Robot","","","","","NpcPath","3596.94263","51.7449989","773.122986","3596.78027","52.5","772.204285","","24","base_unknown=0;follow_type=1;follow_unknown=24","2","base_unknown=0;follow_type=1;follow_unknown=24;path_count=2;decoded_path_count=2",""
"2026-07-21T19:56:38.0402409Z","IN","1929","FollowTarget","SimpleChar","79543CB6","SimpleChar:79543CB6","Malfunctioning Cleaning Robot","","","","","NpcPath","3596.979","51.7449989","783.935852","3596.09106","52.2449989","783.830322","","25","base_unknown=0;follow_type=1;follow_unknown=25","2","base_unknown=0;follow_type=1;follow_unknown=25;path_count=2;decoded_path_count=2",""
"2026-07-21T19:56:38.0402409Z","IN","1927","FollowTarget","SimpleChar","797D36A5","SimpleChar:797D36A5","Malfunctioning Cleaning Robot","","","","","NpcPath","3596.81177","51.7449989","788.208923","3596.05518","51.7449989","788.482483","","25","base_unknown=0;follow_type=1;follow_unknown=25","2","base_unknown=0;follow_type=1;follow_unknown=25;path_count=2;decoded_path_count=2",""
"2026-07-21T19:56:38.0402409Z","IN","1930","FollowTarget","SimpleChar","79866565","SimpleChar:79866565","Malfunctioning Cleaning Robot","","","","","NpcPath","3596.94263","51.7449989","773.122986","3596.86621","52.5","772.268555","","24","base_unknown=0;follow_type=1;follow_unknown=24","2","base_unknown=0;follow_type=1;follow_unknown=24;path_count=2;decoded_path_count=2",""
"2026-07-21T19:56:38.2371180Z","IN","1936","FollowTarget","SimpleChar","79543CB6","SimpleChar:79543CB6","Malfunctioning Cleaning Robot","","","","","NpcPath","3596.979","51.7449989","783.935852","3596.10522","51.7449989","783.924805","","25","base_unknown=0;follow_type=1;follow_unknown=25","2","base_unknown=0;follow_type=1;follow_unknown=25;path_count=2;decoded_path_count=2",""
"2026-07-21T19:56:38.2371180Z","IN","1934","FollowTarget","SimpleChar","797D36A5","SimpleChar:797D36A5","Malfunctioning Cleaning Robot","","","","","NpcPath","3596.81177","51.7449989","788.208923","3596.0271","52.2449989","788.425049","","25","base_unknown=0;follow_type=1;follow_unknown=25","2","base_unknown=0;follow_type=1;follow_unknown=25;path_count=2;decoded_path_count=2",""
"2026-07-21T19:56:38.2371180Z","IN","1937","FollowTarget","SimpleChar","79866565","SimpleChar:79866565","Malfunctioning Cleaning Robot","","","","","NpcPath","3596.94263","51.7449989","773.122986","3597.27515","52.5","772.119446","","24","base_unknown=0;follow_type=1;follow_unknown=24","2","base_unknown=0;follow_type=1;follow_unknown=24;path_count=2;decoded_path_count=2",""
"2026-07-21T19:56:38.4399938Z","IN","1940","FollowTarget","SimpleChar","79543CB6","SimpleChar:79543CB6","Malfunctioning Cleaning Robot","","","","","NpcPath","3596.979","51.7449989","783.935852","3596.10522","51.7449989","783.924805","","25","base_unknown=0;follow_type=1;follow_unknown=25","2","base_unknown=0;follow_type=1;follow_unknown=25;path_count=2;decoded_path_count=2",""
"2026-07-21T19:56:38.4399938Z","IN","1938","FollowTarget","SimpleChar","797D36A5","SimpleChar:797D36A5","Malfunctioning Cleaning Robot","","","","","NpcPath","3596.81177","51.7449989","788.208923","3596.05518","51.7449989","788.482483","","25","base_unknown=0;follow_type=1;follow_unknown=25","2","base_unknown=0;follow_type=1;follow_unknown=25;path_count=2;decoded_path_count=2",""
"2026-07-21T19:56:38.6467720Z","IN","1942","FollowTarget","SimpleChar","79543CB6","SimpleChar:79543CB6","Malfunctioning Cleaning Robot","","","","","NpcPath","3596.979","51.7449989","783.935852","3596.10522","51.7449989","783.924805","","25","base_unknown=0;follow_type=1;follow_unknown=25","2","base_unknown=0;follow_type=1;follow_unknown=25;path_count=2;decoded_path_count=2",""
"2026-07-21T19:56:38.6467720Z","IN","1941","FollowTarget","SimpleChar","797D36A5","SimpleChar:797D36A5","Malfunctioning Cleaning Robot","","","","","NpcPath","3596.81177","51.7449989","788.208923","3596.05518","51.7449989","788.482483","","25","base_unknown=0;follow_type=1;follow_unknown=25","2","base_unknown=0;follow_type=1;follow_unknown=25;path_count=2;decoded_path_count=2",""
"2026-07-21T19:56:38.6467720Z","IN","1943","FollowTarget","SimpleChar","79866565","SimpleChar:79866565","Malfunctioning Cleaning Robot","","","","","NpcPath","3596.96118","51.7449989","773.06665","3597.18994","52.5","772.232239","","24","base_unknown=0;follow_type=1;follow_unknown=24","2","base_unknown=0;follow_type=1;follow_unknown=24;path_count=2;decoded_path_count=2",""
"2026-07-21T19:56:38.8509424Z","IN","1945","FollowTarget","SimpleChar","79543CB6","SimpleChar:79543CB6","Malfunctioning Cleaning Robot","","","","","NpcPath","3596.979","51.7449989","783.935852","3596.01758","52.2449989","784.132813","","25","base_unknown=0;follow_type=1;follow_unknown=25","2","base_unknown=0;follow_type=1;follow_unknown=25;path_count=2;decoded_path_count=2",""
"2026-07-21T19:56:38.8509424Z","IN","1944","FollowTarget","SimpleChar","797D36A5","SimpleChar:797D36A5","Malfunctioning Cleaning Robot","","","","","NpcPath","3596.81177","51.7449989","788.208923","3596.05518","51.7449989","788.482483","","25","base_unknown=0;follow_type=1;follow_unknown=25","2","base_unknown=0;follow_type=1;follow_unknown=25;path_count=2;decoded_path_count=2",""
"2026-07-21T19:56:38.8509424Z","IN","1946","FollowTarget","SimpleChar","79866565","SimpleChar:79866565","Malfunctioning Cleaning Robot","","","","","NpcPath","3596.96118","51.7449989","773.06665","3596.78687","52.5","772.211182","","24","base_unknown=0;follow_type=1;follow_unknown=24","2","base_unknown=0;follow_type=1;follow_unknown=24;path_count=2;decoded_path_count=2",""
"2026-07-21T19:56:39.0531150Z","IN","1948","FollowTarget","SimpleChar","79543CB6","SimpleChar:79543CB6","Malfunctioning Cleaning Robot","","","","","NpcPath","3596.979","51.7449989","783.935852","3596.02808","52.2449989","784.121887","","25","base_unknown=0;follow_type=1;follow_unknown=25","2","base_unknown=0;follow_type=1;follow_unknown=25;path_count=2;decoded_path_count=2",""
"2026-07-21T19:56:39.0531150Z","IN","1947","FollowTarget","SimpleChar","797D36A5","SimpleChar:797D36A5","Malfunctioning Cleaning Robot","","","","","NpcPath","3596.81177","51.7449989","788.208923","3596.06689","52.2449989","788.644226","","25","base_unknown=0;follow_type=1;follow_unknown=25","2","base_unknown=0;follow_type=1;follow_unknown=25;path_count=2;decoded_path_count=2",""
"2026-07-21T19:56:39.0531150Z","IN","1949","FollowTarget","SimpleChar","79866565","SimpleChar:79866565","Malfunctioning Cleaning Robot","","","","","NpcPath","3596.96118","51.7449989","773.06665","3597.07349","52.5","772.290833","","24","base_unknown=0;follow_type=1;follow_unknown=24","2","base_unknown=0;follow_type=1;follow_unknown=24;path_count=2;decoded_path_count=2",""
"2026-07-21T19:56:39.2629867Z","IN","1954","FollowTarget","SimpleChar","79543CB6","SimpleChar:79543CB6","Malfunctioning Cleaning Robot","","","","","NpcPath","3596.979","51.7449989","783.935852","3596.01782","52.2449989","783.709473","","25","base_unknown=0;follow_type=1;follow_unknown=25","2","base_unknown=0;follow_type=1;follow_unknown=25;path_count=2;decoded_path_count=2",""
"2026-07-21T19:56:39.2629867Z","IN","1953","FollowTarget","SimpleChar","797D36A5","SimpleChar:797D36A5","Malfunctioning Cleaning Robot","","","","","NpcPath","3596.81177","51.7449989","788.208923","3596.05518","51.7449989","788.482483","","25","base_unknown=0;follow_type=1;follow_unknown=25","2","base_unknown=0;follow_type=1;follow_unknown=25;path_count=2;decoded_path_count=2",""
"2026-07-21T19:56:39.2629867Z","IN","1955","FollowTarget","SimpleChar","79866565","SimpleChar:79866565","Malfunctioning Cleaning Robot","","","","","NpcPath","3596.96118","51.7449989","773.06665","3597.29688","52.5","772.042847","","24","base_unknown=0;follow_type=1;follow_unknown=24","2","base_unknown=0;follow_type=1;follow_unknown=24;path_count=2;decoded_path_count=2",""
"2026-07-21T19:56:39.5028376Z","IN","1956","FollowTarget","SimpleChar","797D36A5","SimpleChar:797D36A5","Malfunctioning Cleaning Robot","","","","","NpcPath","3596.81177","51.7449989","788.208923","3596.05518","51.7449989","788.482483","","25","base_unknown=0;follow_type=1;follow_unknown=25","2","base_unknown=0;follow_type=1;follow_unknown=25;path_count=2;decoded_path_count=2",""
"2026-07-21T19:56:39.5038385Z","IN","1957","FollowTarget","SimpleChar","79543CB6","SimpleChar:79543CB6","Malfunctioning Cleaning Robot","","","","","NpcPath","3596.979","51.7449989","783.935852","3596.10522","51.7449989","783.924805","","25","base_unknown=0;follow_type=1;follow_unknown=25","2","base_unknown=0;follow_type=1;follow_unknown=25;path_count=2;decoded_path_count=2",""
"2026-07-21T19:56:39.7097112Z","IN","1959","FollowTarget","SimpleChar","79543CB6","SimpleChar:79543CB6","Malfunctioning Cleaning Robot","","","","","NpcPath","3596.979","51.7449989","783.935852","3596.10522","51.7449989","783.924805","","25","base_unknown=0;follow_type=1;follow_unknown=25","2","base_unknown=0;follow_type=1;follow_unknown=25;path_count=2;decoded_path_count=2",""
"2026-07-21T19:56:39.7097112Z","IN","1958","FollowTarget","SimpleChar","797D36A5","SimpleChar:797D36A5","Malfunctioning Cleaning Robot","","","","","NpcPath","3596.81177","51.7449989","788.208923","3596.05518","51.7449989","788.482483","","25","base_unknown=0;follow_type=1;follow_unknown=25","2","base_unknown=0;follow_type=1;follow_unknown=25;path_count=2;decoded_path_count=2",""
"2026-07-21T19:56:40.0984718Z","IN","1964","FollowTarget","SimpleChar","797D36A5","SimpleChar:797D36A5","Malfunctioning Cleaning Robot","","","","","NpcPath","3596.81177","51.7449989","788.208923","3596.05518","51.7449989","788.482483","","25","base_unknown=0;follow_type=1;follow_unknown=25","2","base_unknown=0;follow_type=1;follow_unknown=25;path_count=2;decoded_path_count=2",""
"2026-07-21T19:56:40.0994726Z","IN","1967","FollowTarget","SimpleChar","79543CB6","SimpleChar:79543CB6","Malfunctioning Cleaning Robot","","","","","NpcPath","3596.979","51.7449989","783.935852","3596.10522","51.7449989","783.924805","","25","base_unknown=0;follow_type=1;follow_unknown=25","2","base_unknown=0;follow_type=1;follow_unknown=25;path_count=2;decoded_path_count=2",""
"2026-07-21T19:56:40.0994726Z","IN","1966","FollowTarget","SimpleChar","7986655E","SimpleChar:7986655E","Malfunctioning Cleaning Robot","","","","","NpcPath","3613.16016","52.1349983","787.774353","3612.2583","52.5","788.152649","","24","base_unknown=0;follow_type=1;follow_unknown=24","2","base_unknown=0;follow_type=1;follow_unknown=24;path_count=2;decoded_path_count=2",""
"2026-07-21T19:56:40.3952914Z","IN","1973","FollowTarget","SimpleChar","79543CB6","SimpleChar:79543CB6","Malfunctioning Cleaning Robot","","","","","NpcPath","3596.979","51.7449989","783.935852","3596.104","52.2449989","783.947815","","25","base_unknown=0;follow_type=1;follow_unknown=25","2","base_unknown=0;follow_type=1;follow_unknown=25;path_count=2;decoded_path_count=2",""
"2026-07-21T19:56:40.3952914Z","IN","1976","FollowTarget","SimpleChar","79543CB6","SimpleChar:79543CB6","Malfunctioning Cleaning Robot","","","","","NpcPath","3596.979","51.7449989","783.935852","3596.09766","52.2449989","783.854248","","25","base_unknown=0;follow_type=1;follow_unknown=25","2","base_unknown=0;follow_type=1;follow_unknown=25;path_count=2;decoded_path_count=2",""
"2026-07-21T19:56:40.3952914Z","IN","1971","FollowTarget","SimpleChar","797D36A5","SimpleChar:797D36A5","Malfunctioning Cleaning Robot","","","","","NpcPath","3596.81177","51.7449989","788.208923","3596.05518","51.7449989","788.482483","","25","base_unknown=0;follow_type=1;follow_unknown=25","2","base_unknown=0;follow_type=1;follow_unknown=25;path_count=2;decoded_path_count=2",""
"2026-07-21T19:56:40.3952914Z","IN","1975","FollowTarget","SimpleChar","797D36A5","SimpleChar:797D36A5","Malfunctioning Cleaning Robot","","","","","NpcPath","3596.81177","51.7449989","788.208923","3596.05518","51.7449989","788.482483","","25","base_unknown=0;follow_type=1;follow_unknown=25","2","base_unknown=0;follow_type=1;follow_unknown=25;path_count=2;decoded_path_count=2",""
"2026-07-21T19:56:40.3952914Z","IN","1972","FollowTarget","SimpleChar","7986655E","SimpleChar:7986655E","Malfunctioning Cleaning Robot","","","","","NpcPath","3613.16016","52.1349983","787.774353","3612.15332","52.5","788.257813","","24","base_unknown=0;follow_type=1;follow_unknown=24","2","base_unknown=0;follow_type=1;follow_unknown=24;path_count=2;decoded_path_count=2",""
"2026-07-21T19:56:40.5871700Z","IN","1980","FollowTarget","SimpleChar","79543CB6","SimpleChar:79543CB6","Malfunctioning Cleaning Robot","","","","","NpcPath","3596.979","51.7449989","783.935852","3596.10522","51.7449989","783.924805","","25","base_unknown=0;follow_type=1;follow_unknown=25","2","base_unknown=0;follow_type=1;follow_unknown=25;path_count=2;decoded_path_count=2",""
"2026-07-21T19:56:40.5871700Z","IN","1978","FollowTarget","SimpleChar","797D36A5","SimpleChar:797D36A5","Malfunctioning Cleaning Robot","","","","","NpcPath","3596.81177","51.7449989","788.208923","3596.05542","52.2449989","788.685486","","25","base_unknown=0;follow_type=1;follow_unknown=25","2","base_unknown=0;follow_type=1;follow_unknown=25;path_count=2;decoded_path_count=2",""
"2026-07-21T19:56:40.5871700Z","IN","1979","FollowTarget","SimpleChar","7986655E","SimpleChar:7986655E","Malfunctioning Cleaning Robot","","","","","NpcPath","3613.04175","52.1349983","787.831238","3612.23608","52.5","787.814819","","24","base_unknown=0;follow_type=1;follow_unknown=24","2","base_unknown=0;follow_type=1;follow_unknown=24;path_count=2;decoded_path_count=2",""
"2026-07-21T19:56:40.8350166Z","IN","1981","FollowTarget","SimpleChar","797D36A5","SimpleChar:797D36A5","Malfunctioning Cleaning Robot","","","","","NpcPath","3596.81177","51.7449989","788.208923","3596.02319","52.2449989","788.419128","","25","base_unknown=0;follow_type=1;follow_unknown=25","2","base_unknown=0;follow_type=1;follow_unknown=25;path_count=2;decoded_path_count=2",""
"2026-07-21T19:56:40.8360161Z","IN","1983","FollowTarget","SimpleChar","79543CB6","SimpleChar:79543CB6","Malfunctioning Cleaning Robot","","","","","NpcPath","3596.979","51.7449989","783.935852","3596.10522","51.7449989","783.924805","","25","base_unknown=0;follow_type=1;follow_unknown=25","2","base_unknown=0;follow_type=1;follow_unknown=25;path_count=2;decoded_path_count=2",""
"2026-07-21T19:56:40.8360161Z","IN","1982","FollowTarget","SimpleChar","7986655E","SimpleChar:7986655E","Malfunctioning Cleaning Robot","","","","","NpcPath","3613.04175","52.1349983","787.831238","3612.23193","52.5","788.190125","","24","base_unknown=0;follow_type=1;follow_unknown=24","2","base_unknown=0;follow_type=1;follow_unknown=24;path_count=2;decoded_path_count=2",""
"2026-07-21T19:56:41.0288972Z","IN","1986","FollowTarget","SimpleChar","79543CB6","SimpleChar:79543CB6","Malfunctioning Cleaning Robot","","","","","NpcPath","3596.979","51.7449989","783.935852","3596.10156","52.2449989","783.87439","","25","base_unknown=0;follow_type=1;follow_unknown=25","2","base_unknown=0;follow_type=1;follow_unknown=25;path_count=2;decoded_path_count=2",""
"2026-07-21T19:56:41.0288972Z","IN","1984","FollowTarget","SimpleChar","797D36A5","SimpleChar:797D36A5","Malfunctioning Cleaning Robot","","","","","NpcPath","3596.81177","51.7449989","788.208923","3596.073","52.2449989","788.589172","","25","base_unknown=0;follow_type=1;follow_unknown=25","2","base_unknown=0;follow_type=1;follow_unknown=25;path_count=2;decoded_path_count=2",""
"2026-07-21T19:56:41.0288972Z","IN","1985","FollowTarget","SimpleChar","7986655E","SimpleChar:7986655E","Malfunctioning Cleaning Robot","","","","","NpcPath","3613.04175","52.1349983","787.831238","3612.2063","52.5","788.217834","","24","base_unknown=0;follow_type=1;follow_unknown=24","2","base_unknown=0;follow_type=1;follow_unknown=24;path_count=2;decoded_path_count=2",""
"2026-07-21T19:56:41.2737467Z","IN","1992","FollowTarget","SimpleChar","79543CB6","SimpleChar:79543CB6","Malfunctioning Cleaning Robot","","","","","NpcPath","3596.979","51.7449989","783.935852","3596.10522","51.7449989","783.924805","","25","base_unknown=0;follow_type=1;follow_unknown=25","2","base_unknown=0;follow_type=1;follow_unknown=25;path_count=2;decoded_path_count=2",""
"2026-07-21T19:56:41.2737467Z","IN","1990","FollowTarget","SimpleChar","797D36A5","SimpleChar:797D36A5","Malfunctioning Cleaning Robot","","","","","NpcPath","3596.81177","51.7449989","788.208923","3596.05518","51.7449989","788.482483","","25","base_unknown=0;follow_type=1;follow_unknown=25","2","base_unknown=0;follow_type=1;follow_unknown=25;path_count=2;decoded_path_count=2",""
"2026-07-21T19:56:41.2737467Z","IN","1991","FollowTarget","SimpleChar","7986655E","SimpleChar:7986655E","Malfunctioning Cleaning Robot","","","","","NpcPath","3613.04175","52.1349983","787.831238","3612.07617","52.5","788.290161","","24","base_unknown=0;follow_type=1;follow_unknown=24","2","base_unknown=0;follow_type=1;follow_unknown=24;path_count=2;decoded_path_count=2",""
"2026-07-21T19:56:41.4856152Z","IN","1994","FollowTarget","SimpleChar","79543CB6","SimpleChar:79543CB6","Malfunctioning Cleaning Robot","","","","","NpcPath","3596.979","51.7449989","783.935852","3596.04321","52.2449989","783.738403","","25","base_unknown=0;follow_type=1;follow_unknown=25","2","base_unknown=0;follow_type=1;follow_unknown=25;path_count=2;decoded_path_count=2",""
"2026-07-21T19:56:41.4856152Z","IN","1993","FollowTarget","SimpleChar","797D36A5","SimpleChar:797D36A5","Malfunctioning Cleaning Robot","","","","","NpcPath","3596.81177","51.7449989","788.208923","3596.05518","51.7449989","788.482483","","25","base_unknown=0;follow_type=1;follow_unknown=25","2","base_unknown=0;follow_type=1;follow_unknown=25;path_count=2;decoded_path_count=2",""
"2026-07-21T19:56:41.6884909Z","IN","1996","FollowTarget","SimpleChar","797D36A5","SimpleChar:797D36A5","Malfunctioning Cleaning Robot","","","","","NpcPath","3596.81177","51.7449989","788.208923","3596.05518","51.7449989","788.482483","","25","base_unknown=0;follow_type=1;follow_unknown=25","2","base_unknown=0;follow_type=1;follow_unknown=25;path_count=2;decoded_path_count=2",""
"2026-07-21T19:56:41.6894910Z","IN","1998","FollowTarget","SimpleChar","79543CB6","SimpleChar:79543CB6","Malfunctioning Cleaning Robot","","","","","NpcPath","3596.979","51.7449989","783.935852","3596.08691","52.2449989","783.817993","","25","base_unknown=0;follow_type=1;follow_unknown=25","2","base_unknown=0;follow_type=1;follow_unknown=25;path_count=2;decoded_path_count=2",""
"2026-07-21T19:56:41.9023586Z","IN","2000","FollowTarget","SimpleChar","79543CB6","SimpleChar:79543CB6","Malfunctioning Cleaning Robot","","","","","NpcPath","3596.979","51.7449989","783.935852","3596.10522","51.7449989","783.924805","","25","base_unknown=0;follow_type=1;follow_unknown=25","2","base_unknown=0;follow_type=1;follow_unknown=25;path_count=2;decoded_path_count=2",""
"2026-07-21T19:56:41.9023586Z","IN","1999","FollowTarget","SimpleChar","797D36A5","SimpleChar:797D36A5","Malfunctioning Cleaning Robot","","","","","NpcPath","3596.81177","51.7449989","788.208923","3596.05518","51.7449989","788.482483","","25","base_unknown=0;follow_type=1;follow_unknown=25","2","base_unknown=0;follow_type=1;follow_unknown=25;path_count=2;decoded_path_count=2",""
"2026-07-21T19:56:42.1462083Z","IN","2003","FollowTarget","SimpleChar","79543CB6","SimpleChar:79543CB6","Malfunctioning Cleaning Robot","","","","","NpcPath","3596.979","51.7449989","783.935852","3596.10522","51.7449989","783.924805","","25","base_unknown=0;follow_type=1;follow_unknown=25","2","base_unknown=0;follow_type=1;follow_unknown=25;path_count=2;decoded_path_count=2",""
"2026-07-21T19:56:42.1462083Z","IN","2002","FollowTarget","SimpleChar","797D36A5","SimpleChar:797D36A5","Malfunctioning Cleaning Robot","","","","","NpcPath","3596.81177","51.7449989","788.208923","3596.03394","52.2449989","788.43634","","25","base_unknown=0;follow_type=1;follow_unknown=25","2","base_unknown=0;follow_type=1;follow_unknown=25;path_count=2;decoded_path_count=2",""
"2026-07-21T19:56:42.3520821Z","IN","2009","FollowTarget","SimpleChar","79543CB6","SimpleChar:79543CB6","Malfunctioning Cleaning Robot","","","","","NpcPath","3596.979","51.7449989","783.935852","3596.09399","52.2449989","783.839722","","25","base_unknown=0;follow_type=1;follow_unknown=25","2","base_unknown=0;follow_type=1;follow_unknown=25;path_count=2;decoded_path_count=2",""
"2026-07-21T19:56:42.3520821Z","IN","2008","FollowTarget","SimpleChar","797D36A5","SimpleChar:797D36A5","Malfunctioning Cleaning Robot","","","","","NpcPath","3596.81177","51.7449989","788.208923","3596.03247","52.2449989","788.433838","","25","base_unknown=0;follow_type=1;follow_unknown=25","2","base_unknown=0;follow_type=1;follow_unknown=25;path_count=2;decoded_path_count=2",""
"2026-07-21T19:56:42.5889359Z","IN","2012","FollowTarget","SimpleChar","79543CB6","SimpleChar:79543CB6","Malfunctioning Cleaning Robot","","","","","NpcPath","3596.979","51.7449989","783.935852","3596.10522","51.7449989","783.924805","","25","base_unknown=0;follow_type=1;follow_unknown=25","2","base_unknown=0;follow_type=1;follow_unknown=25;path_count=2;decoded_path_count=2",""
"2026-07-21T19:56:42.5889359Z","IN","2011","FollowTarget","SimpleChar","797D36A5","SimpleChar:797D36A5","Malfunctioning Cleaning Robot","","","","","NpcPath","3596.81177","51.7449989","788.208923","3596.05518","51.7449989","788.482483","","25","base_unknown=0;follow_type=1;follow_unknown=25","2","base_unknown=0;follow_type=1;follow_unknown=25;path_count=2;decoded_path_count=2",""
"2026-07-21T19:56:43.0586481Z","IN","2015","FollowTarget","SimpleChar","797D36A5","SimpleChar:797D36A5","Malfunctioning Cleaning Robot","","","","","NpcPath","3596.81177","51.7449989","788.208923","3596.05518","51.7449989","788.482483","","25","base_unknown=0;follow_type=1;follow_unknown=25","2","base_unknown=0;follow_type=1;follow_unknown=25;path_count=2;decoded_path_count=2",""
"2026-07-21T19:56:43.0596455Z","IN","2017","FollowTarget","SimpleChar","79543CB6","SimpleChar:79543CB6","Malfunctioning Cleaning Robot","","","","","NpcPath","3596.979","51.7449989","783.935852","3596.09863","52.2449989","783.983398","","25","base_unknown=0;follow_type=1;follow_unknown=25","2","base_unknown=0;follow_type=1;follow_unknown=25;path_count=2;decoded_path_count=2",""
"2026-07-21T19:56:43.0596455Z","IN","2023","FollowTarget","SimpleChar","79543CB6","SimpleChar:79543CB6","Malfunctioning Cleaning Robot","","","","","NpcPath","3596.979","51.7449989","783.935852","3596.03223","52.2449989","783.724976","","25","base_unknown=0;follow_type=1;follow_unknown=25","2","base_unknown=0;follow_type=1;follow_unknown=25;path_count=2;decoded_path_count=2",""
"2026-07-21T19:56:43.0596455Z","IN","2022","FollowTarget","SimpleChar","797D36A5","SimpleChar:797D36A5","Malfunctioning Cleaning Robot","","","","","NpcPath","3596.81177","51.7449989","788.208923","3596.05518","51.7449989","788.482483","","25","base_unknown=0;follow_type=1;follow_unknown=25","2","base_unknown=0;follow_type=1;follow_unknown=25;path_count=2;decoded_path_count=2",""
"2026-07-21T19:56:43.0596455Z","IN","2024","FollowTarget","SimpleChar","79866560","SimpleChar:79866560","Malfunctioning Cleaning Robot","","","","","NpcPath","3612.98633","52.1349983","787.352356","3611.9292","52.5","787.708496","","24","base_unknown=0;follow_type=1;follow_unknown=24","2","base_unknown=0;follow_type=1;follow_unknown=24;path_count=2;decoded_path_count=2",""
"2026-07-21T19:56:43.4923779Z","IN","2030","FollowTarget","SimpleChar","79543CB6","SimpleChar:79543CB6","Malfunctioning Cleaning Robot","","","","","NpcPath","3596.979","51.7449989","783.935852","3596.10522","51.7449989","783.924805","","25","base_unknown=0;follow_type=1;follow_unknown=25","2","base_unknown=0;follow_type=1;follow_unknown=25;path_count=2;decoded_path_count=2",""
"2026-07-21T19:56:43.4923779Z","IN","2029","FollowTarget","SimpleChar","797D36A5","SimpleChar:797D36A5","Malfunctioning Cleaning Robot","","","","","NpcPath","3596.81177","51.7449989","788.208923","3596.05933","52.2449989","788.495361","","25","base_unknown=0;follow_type=1;follow_unknown=25","2","base_unknown=0;follow_type=1;follow_unknown=25;path_count=2;decoded_path_count=2",""
"2026-07-21T19:56:43.4923779Z","IN","2031","FollowTarget","SimpleChar","797D36A5","SimpleChar:797D36A5","Malfunctioning Cleaning Robot","","","","","NpcPath","3596.81177","51.7449989","788.208923","3596.02051","52.2449989","788.753784","","25","base_unknown=0;follow_type=1;follow_unknown=25","2","base_unknown=0;follow_type=1;follow_unknown=25;path_count=2;decoded_path_count=2",""
"2026-07-21T19:56:43.4933784Z","IN","2032","FollowTarget","SimpleChar","79543CB6","SimpleChar:79543CB6","Malfunctioning Cleaning Robot","","","","","NpcPath","3596.979","51.7449989","783.935852","3596.10522","51.7449989","783.924805","","25","base_unknown=0;follow_type=1;follow_unknown=25","2","base_unknown=0;follow_type=1;follow_unknown=25;path_count=2;decoded_path_count=2",""
"2026-07-21T19:56:43.4933784Z","IN","2033","FollowTarget","SimpleChar","79866560","SimpleChar:79866560","Malfunctioning Cleaning Robot","","","","","NpcPath","3612.8418","52.1349983","787.40094","3612.1936","52.5","787.770813","","24","base_unknown=0;follow_type=1;follow_unknown=24","2","base_unknown=0;follow_type=1;follow_unknown=24;path_count=2;decoded_path_count=2",""
"2026-07-21T19:56:43.9141189Z","IN","2036","FollowTarget","SimpleChar","79543CB6","SimpleChar:79543CB6","Malfunctioning Cleaning Robot","","","","","NpcPath","3596.979","51.7449989","783.935852","3596.08862","52.2449989","784.019531","","25","base_unknown=0;follow_type=1;follow_unknown=25","2","base_unknown=0;follow_type=1;follow_unknown=25;path_count=2;decoded_path_count=2",""
"2026-07-21T19:56:43.9141189Z","IN","2034","FollowTarget","SimpleChar","797D36A5","SimpleChar:797D36A5","Malfunctioning Cleaning Robot","","","","","NpcPath","3596.81177","51.7449989","788.208923","3596.05518","51.7449989","788.482483","","25","base_unknown=0;follow_type=1;follow_unknown=25","2","base_unknown=0;follow_type=1;follow_unknown=25;path_count=2;decoded_path_count=2",""
"2026-07-21T19:56:43.9141189Z","IN","2035","FollowTarget","SimpleChar","7986655E","SimpleChar:7986655E","Malfunctioning Cleaning Robot","","","","","NpcPath","3612.95215","52.1349983","787.873718","3597.28809","52.5","771.916382","","24","base_unknown=0;follow_type=1;follow_unknown=24","2","base_unknown=0;follow_type=1;follow_unknown=24;path_count=2;decoded_path_count=2",""
"2026-07-21T19:56:43.9141189Z","IN","2037","FollowTarget","SimpleChar","79866565","SimpleChar:79866565","Malfunctioning Cleaning Robot","","","","","NpcPath","3596.98706","51.7449989","772.987915","3622.80493","52.5","798.772156","","24","base_unknown=0;follow_type=1;follow_unknown=24","2","base_unknown=0;follow_type=1;follow_unknown=24;path_count=2;decoded_path_count=2",""
"2026-07-21T19:56:43.9151188Z","IN","2040","FollowTarget","SimpleChar","79543CB6","SimpleChar:79543CB6","Malfunctioning Cleaning Robot","","","","","NpcPath","3596.979","51.7449989","783.935852","3596.10522","51.7449989","783.924805","","25","base_unknown=0;follow_type=1;follow_unknown=25","2","base_unknown=0;follow_type=1;follow_unknown=25;path_count=2;decoded_path_count=2",""
"2026-07-21T19:56:43.9151188Z","IN","2039","FollowTarget","SimpleChar","797D36A5","SimpleChar:797D36A5","Malfunctioning Cleaning Robot","","","","","NpcPath","3596.81177","51.7449989","788.208923","3596.05518","51.7449989","788.482483","","25","base_unknown=0;follow_type=1;follow_unknown=25","2","base_unknown=0;follow_type=1;follow_unknown=25;path_count=2;decoded_path_count=2",""
"2026-07-21T19:56:43.9151188Z","IN","2038","FollowTarget","SimpleChar","79866560","SimpleChar:79866560","Malfunctioning Cleaning Robot","","","","","NpcPath","3612.8418","52.1349983","787.40094","3612.25732","52.5","787.845703","","24","base_unknown=0;follow_type=1;follow_unknown=24","2","base_unknown=0;follow_type=1;follow_unknown=24;path_count=2;decoded_path_count=2",""
"2026-07-21T19:56:43.9151188Z","IN","2041","FollowTarget","SimpleChar","79866560","SimpleChar:79866560","Malfunctioning Cleaning Robot","","","","","NpcPath","3612.8418","52.1349983","787.40094","3611.88062","52.5","787.724792","","24","base_unknown=0;follow_type=1;follow_unknown=24","2","base_unknown=0;follow_type=1;follow_unknown=24;path_count=2;decoded_path_count=2",""
"2026-07-21T19:56:44.3268639Z","IN","2044","FollowTarget","SimpleChar","79543CB6","SimpleChar:79543CB6","Malfunctioning Cleaning Robot","","","","","NpcPath","3596.979","51.7449989","783.935852","3596.04272","52.2449989","783.737915","","25","base_unknown=0;follow_type=1;follow_unknown=25","2","base_unknown=0;follow_type=1;follow_unknown=25;path_count=2;decoded_path_count=2",""
"2026-07-21T19:56:44.3268639Z","IN","2050","FollowTarget","SimpleChar","79543CB6","SimpleChar:79543CB6","Malfunctioning Cleaning Robot","","","","","NpcPath","3596.979","51.7449989","783.935852","3596.05396","52.2449989","783.753296","","25","base_unknown=0;follow_type=1;follow_unknown=25","2","base_unknown=0;follow_type=1;follow_unknown=25;path_count=2;decoded_path_count=2",""
"2026-07-21T19:56:44.3268639Z","IN","2043","FollowTarget","SimpleChar","797D36A5","SimpleChar:797D36A5","Malfunctioning Cleaning Robot","","","","","NpcPath","3596.81177","51.7449989","788.208923","3596.05518","51.7449989","788.482483","","25","base_unknown=0;follow_type=1;follow_unknown=25","2","base_unknown=0;follow_type=1;follow_unknown=25;path_count=2;decoded_path_count=2",""
"2026-07-21T19:56:44.3268639Z","IN","2049","FollowTarget","SimpleChar","797D36A5","SimpleChar:797D36A5","Malfunctioning Cleaning Robot","","","","","NpcPath","3596.81177","51.7449989","788.208923","3596.05518","51.7449989","788.482483","","25","base_unknown=0;follow_type=1;follow_unknown=25","2","base_unknown=0;follow_type=1;follow_unknown=25;path_count=2;decoded_path_count=2",""
"2026-07-21T19:56:44.3268639Z","IN","2045","FollowTarget","SimpleChar","79866560","SimpleChar:79866560","Malfunctioning Cleaning Robot","","","","","NpcPath","3612.81201","52.1349983","787.41095","3612.24512","52.5","788.172913","","24","base_unknown=0;follow_type=1;follow_unknown=24","2","base_unknown=0;follow_type=1;follow_unknown=24;path_count=2;decoded_path_count=2",""
"2026-07-21T19:56:44.3268639Z","IN","2051","FollowTarget","SimpleChar","79866560","SimpleChar:79866560","Malfunctioning Cleaning Robot","","","","","NpcPath","3612.81201","52.1349983","787.41095","3611.9353","52.5","787.707092","","24","base_unknown=0;follow_type=1;follow_unknown=24","2","base_unknown=0;follow_type=1;follow_unknown=24;path_count=2;decoded_path_count=2",""
"2026-07-21T19:56:44.7735878Z","IN","2053","FollowTarget","SimpleChar","79543CB6","SimpleChar:79543CB6","Malfunctioning Cleaning Robot","","","","","NpcPath","3596.979","51.7449989","783.935852","3596.10522","51.7449989","783.924805","","25","base_unknown=0;follow_type=1;follow_unknown=25","2","base_unknown=0;follow_type=1;follow_unknown=25;path_count=2;decoded_path_count=2",""
"2026-07-21T19:56:44.7735878Z","IN","2058","FollowTarget","SimpleChar","79543CB6","SimpleChar:79543CB6","Malfunctioning Cleaning Robot","","","","","NpcPath","3596.979","51.7449989","783.935852","3596.01709","52.2449989","784.133362","","25","base_unknown=0;follow_type=1;follow_unknown=25","2","base_unknown=0;follow_type=1;follow_unknown=25;path_count=2;decoded_path_count=2",""
"2026-07-21T19:56:44.7735878Z","IN","2052","FollowTarget","SimpleChar","797D36A5","SimpleChar:797D36A5","Malfunctioning Cleaning Robot","","","","","NpcPath","3596.81177","51.7449989","788.208923","3596.05518","51.7449989","788.482483","","25","base_unknown=0;follow_type=1;follow_unknown=25","2","base_unknown=0;follow_type=1;follow_unknown=25;path_count=2;decoded_path_count=2",""
"2026-07-21T19:56:44.7735878Z","IN","2056","FollowTarget","SimpleChar","797D36A5","SimpleChar:797D36A5","Malfunctioning Cleaning Robot","","","","","NpcPath","3596.81177","51.7449989","788.208923","3596.05518","51.7449989","788.482483","","25","base_unknown=0;follow_type=1;follow_unknown=25","2","base_unknown=0;follow_type=1;follow_unknown=25;path_count=2;decoded_path_count=2",""
"2026-07-21T19:56:44.7735878Z","IN","2057","FollowTarget","SimpleChar","79866547","SimpleChar:79866547","Malfunctioning Cleaning Robot","","","","","NpcPath","3601.229","51.7350006","777.010681","3610.70166","51.991909","777.969788","","24","base_unknown=0;follow_type=1;follow_unknown=24","2","base_unknown=0;follow_type=1;follow_unknown=24;path_count=2;decoded_path_count=2",""
"2026-07-21T19:56:44.7735878Z","IN","2054","FollowTarget","SimpleChar","79866560","SimpleChar:79866560","Malfunctioning Cleaning Robot","","","","","NpcPath","3612.81201","52.1349983","787.41095","3612","52.5","787.700012","","24","base_unknown=0;follow_type=1;follow_unknown=24","2","base_unknown=0;follow_type=1;follow_unknown=24;path_count=2;decoded_path_count=2",""
"2026-07-21T19:56:44.7735878Z","IN","2059","FollowTarget","SimpleChar","79866560","SimpleChar:79866560","Malfunctioning Cleaning Robot","","","","","NpcPath","3612.81201","52.1349983","787.41095","3612.229","52.5","787.806091","","24","base_unknown=0;follow_type=1;follow_unknown=24","2","base_unknown=0;follow_type=1;follow_unknown=24;path_count=2;decoded_path_count=2",""
"2026-07-21T19:56:45.1493557Z","IN","2061","FollowTarget","SimpleChar","79543CB6","SimpleChar:79543CB6","Malfunctioning Cleaning Robot","","","","","NpcPath","3596.979","51.7449989","783.935852","3596.08545","52.2449989","784.027954","","25","base_unknown=0;follow_type=1;follow_unknown=25","2","base_unknown=0;follow_type=1;follow_unknown=25;path_count=2;decoded_path_count=2",""
"2026-07-21T19:56:45.1493557Z","IN","2060","FollowTarget","SimpleChar","797D36A5","SimpleChar:797D36A5","Malfunctioning Cleaning Robot","","","","","NpcPath","3596.81177","51.7449989","788.208923","3596.05518","51.7449989","788.482483","","25","base_unknown=0;follow_type=1;follow_unknown=25","2","base_unknown=0;follow_type=1;follow_unknown=25;path_count=2;decoded_path_count=2",""
"2026-07-21T19:56:45.1493557Z","IN","2062","FollowTarget","SimpleChar","79866560","SimpleChar:79866560","Malfunctioning Cleaning Robot","","","","","NpcPath","3612.81201","52.1349983","787.41095","3612.19092","52.5","787.768555","","24","base_unknown=0;follow_type=1;follow_unknown=24","2","base_unknown=0;follow_type=1;follow_unknown=24;path_count=2;decoded_path_count=2",""
"2026-07-21T19:56:45.6120719Z","IN","2065","FollowTarget","SimpleChar","79543CB6","SimpleChar:79543CB6","Malfunctioning Cleaning Robot","","","","","NpcPath","3596.979","51.7449989","783.935852","3596.02832","52.2449989","783.720581","","25","base_unknown=0;follow_type=1;follow_unknown=25","2","base_unknown=0;follow_type=1;follow_unknown=25;path_count=2;decoded_path_count=2",""
"2026-07-21T19:56:45.6120719Z","IN","2071","FollowTarget","SimpleChar","79543CB6","SimpleChar:79543CB6","Malfunctioning Cleaning Robot","","","","","NpcPath","3596.979","51.7449989","783.935852","3596.10522","51.7449989","783.924805","","25","base_unknown=0;follow_type=1;follow_unknown=25","2","base_unknown=0;follow_type=1;follow_unknown=25;path_count=2;decoded_path_count=2",""
"2026-07-21T19:56:45.6120719Z","IN","2074","FollowTarget","SimpleChar","79543CB6","SimpleChar:79543CB6","Malfunctioning Cleaning Robot","","","","","NpcPath","3596.979","51.7449989","783.935852","3596.10522","51.7449989","783.924805","","25","base_unknown=0;follow_type=1;follow_unknown=25","2","base_unknown=0;follow_type=1;follow_unknown=25;path_count=2;decoded_path_count=2",""
"2026-07-21T19:56:45.6120719Z","IN","2064","FollowTarget","SimpleChar","797D36A5","SimpleChar:797D36A5","Malfunctioning Cleaning Robot","","","","","NpcPath","3596.81177","51.7449989","788.208923","3596.05518","51.7449989","788.482483","","25","base_unknown=0;follow_type=1;follow_unknown=25","2","base_unknown=0;follow_type=1;follow_unknown=25;path_count=2;decoded_path_count=2",""
"2026-07-21T19:56:45.6120719Z","IN","2070","FollowTarget","SimpleChar","797D36A5","SimpleChar:797D36A5","Malfunctioning Cleaning Robot","","","","","NpcPath","3596.81177","51.7449989","788.208923","3596.06152","52.2449989","788.502136","","25","base_unknown=0;follow_type=1;follow_unknown=25","2","base_unknown=0;follow_type=1;follow_unknown=25;path_count=2;decoded_path_count=2",""
"2026-07-21T19:56:45.6120719Z","IN","2073","FollowTarget","SimpleChar","797D36A5","SimpleChar:797D36A5","Malfunctioning Cleaning Robot","","","","","NpcPath","3596.81177","51.7449989","788.208923","3596.05518","51.7449989","788.482483","","25","base_unknown=0;follow_type=1;follow_unknown=25","2","base_unknown=0;follow_type=1;follow_unknown=25;path_count=2;decoded_path_count=2",""
"2026-07-21T19:56:45.6120719Z","IN","2066","FollowTarget","SimpleChar","79866560","SimpleChar:79866560","Malfunctioning Cleaning Robot","","","","","NpcPath","3612.81201","52.1349983","787.41095","3611.91504","52.5","787.71228","","24","base_unknown=0;follow_type=1;follow_unknown=24","2","base_unknown=0;follow_type=1;follow_unknown=24;path_count=2;decoded_path_count=2",""
"2026-07-21T19:56:45.6120719Z","IN","2072","FollowTarget","SimpleChar","79866560","SimpleChar:79866560","Malfunctioning Cleaning Robot","","","","","NpcPath","3612.81201","52.1349983","787.41095","3612.05908","52.5","787.705872","","24","base_unknown=0;follow_type=1;follow_unknown=24","2","base_unknown=0;follow_type=1;follow_unknown=24;path_count=2;decoded_path_count=2",""
"2026-07-21T19:56:45.6130696Z","IN","2075","FollowTarget","SimpleChar","79866560","SimpleChar:79866560","Malfunctioning Cleaning Robot","","","","","NpcPath","3612.81201","52.1349983","787.41095","3612.29907","52.5","787.97583","","24","base_unknown=0;follow_type=1;follow_unknown=24","2","base_unknown=0;follow_type=1;follow_unknown=24;path_count=2;decoded_path_count=2",""
"2026-07-21T19:56:45.8499248Z","IN","2076","FollowTarget","SimpleChar","797D36A5","SimpleChar:797D36A5","Malfunctioning Cleaning Robot","","","","","NpcPath","3596.81177","51.7449989","788.208923","3596.05518","51.7449989","788.482483","","25","base_unknown=0;follow_type=1;follow_unknown=25","2","base_unknown=0;follow_type=1;follow_unknown=25;path_count=2;decoded_path_count=2",""
"2026-07-21T19:56:45.8509239Z","IN","2077","FollowTarget","SimpleChar","79543CB6","SimpleChar:79543CB6","Malfunctioning Cleaning Robot","","","","","NpcPath","3596.979","51.7449989","783.935852","3596.10522","51.7449989","783.924805","","25","base_unknown=0;follow_type=1;follow_unknown=25","2","base_unknown=0;follow_type=1;follow_unknown=25;path_count=2;decoded_path_count=2",""
"2026-07-21T19:56:45.8509239Z","IN","2078","FollowTarget","SimpleChar","79866560","SimpleChar:79866560","Malfunctioning Cleaning Robot","","","","","NpcPath","3612.81201","52.1349983","787.41095","3612.09277","52.5","787.714661","","24","base_unknown=0;follow_type=1;follow_unknown=24","2","base_unknown=0;follow_type=1;follow_unknown=24;path_count=2;decoded_path_count=2",""
"2026-07-21T19:56:46.0627925Z","IN","2085","FollowTarget","SimpleChar","79543CB6","SimpleChar:79543CB6","Malfunctioning Cleaning Robot","","","","","NpcPath","3596.979","51.7449989","783.935852","3596.10522","51.7449989","783.924805","","25","base_unknown=0;follow_type=1;follow_unknown=25","2","base_unknown=0;follow_type=1;follow_unknown=25;path_count=2;decoded_path_count=2",""
"2026-07-21T19:56:46.0627925Z","IN","2084","FollowTarget","SimpleChar","797D36A5","SimpleChar:797D36A5","Malfunctioning Cleaning Robot","","","","","NpcPath","3596.81177","51.7449989","788.208923","3596.05518","51.7449989","788.482483","","25","base_unknown=0;follow_type=1;follow_unknown=25","2","base_unknown=0;follow_type=1;follow_unknown=25;path_count=2;decoded_path_count=2",""
"2026-07-21T19:56:46.0627925Z","IN","2086","FollowTarget","SimpleChar","79866560","SimpleChar:79866560","Malfunctioning Cleaning Robot","","","","","NpcPath","3612.81201","52.1349983","787.41095","3612.19531","52.5","787.772339","","24","base_unknown=0;follow_type=1;follow_unknown=24","2","base_unknown=0;follow_type=1;follow_unknown=24;path_count=2;decoded_path_count=2",""
"2026-07-21T19:56:46.2626704Z","IN","2088","FollowTarget","SimpleChar","79543CB6","SimpleChar:79543CB6","Malfunctioning Cleaning Robot","","","","","NpcPath","3596.979","51.7449989","783.935852","3596.02759","52.2449989","783.719666","","25","base_unknown=0;follow_type=1;follow_unknown=25","2","base_unknown=0;follow_type=1;follow_unknown=25;path_count=2;decoded_path_count=2",""
"2026-07-21T19:56:46.2626704Z","IN","2087","FollowTarget","SimpleChar","797D36A5","SimpleChar:797D36A5","Malfunctioning Cleaning Robot","","","","","NpcPath","3596.81177","51.7449989","788.208923","3596.04346","52.2449989","788.713928","","25","base_unknown=0;follow_type=1;follow_unknown=25","2","base_unknown=0;follow_type=1;follow_unknown=25;path_count=2;decoded_path_count=2",""
"2026-07-21T19:56:46.2626704Z","IN","2089","FollowTarget","SimpleChar","79866560","SimpleChar:79866560","Malfunctioning Cleaning Robot","","","","","NpcPath","3612.81201","52.1349983","787.41095","3612.23267","52.5","787.810547","","24","base_unknown=0;follow_type=1;follow_unknown=24","2","base_unknown=0;follow_type=1;follow_unknown=24;path_count=2;decoded_path_count=2",""
"2026-07-21T19:56:46.5824721Z","IN","2094","FollowTarget","SimpleChar","79543CB6","SimpleChar:79543CB6","Malfunctioning Cleaning Robot","","","","","NpcPath","3596.979","51.7449989","783.935852","3596.10522","51.7449989","783.924805","","25","base_unknown=0;follow_type=1;follow_unknown=25","2","base_unknown=0;follow_type=1;follow_unknown=25;path_count=2;decoded_path_count=2",""
"2026-07-21T19:56:46.5824721Z","IN","2093","FollowTarget","SimpleChar","797D36A5","SimpleChar:797D36A5","Malfunctioning Cleaning Robot","","","","","NpcPath","3596.81177","51.7449989","788.208923","3596.05518","51.7449989","788.482483","","25","base_unknown=0;follow_type=1;follow_unknown=25","2","base_unknown=0;follow_type=1;follow_unknown=25;path_count=2;decoded_path_count=2",""
"2026-07-21T19:56:46.5824721Z","IN","2095","FollowTarget","SimpleChar","79866560","SimpleChar:79866560","Malfunctioning Cleaning Robot","","","","","NpcPath","3612.81201","52.1349983","787.41095","3612.29419","52.5","788.058594","","24","base_unknown=0;follow_type=1;follow_unknown=24","2","base_unknown=0;follow_type=1;follow_unknown=24;path_count=2;decoded_path_count=2",""
"2026-07-21T19:56:46.8553044Z","IN","2097","FollowTarget","SimpleChar","797D36A5","SimpleChar:797D36A5","Malfunctioning Cleaning Robot","","","","","NpcPath","3596.81177","51.7449989","788.208923","3596.05518","51.7449989","788.482483","","25","base_unknown=0;follow_type=1;follow_unknown=25","2","base_unknown=0;follow_type=1;follow_unknown=25;path_count=2;decoded_path_count=2",""
"2026-07-21T19:56:46.8563039Z","IN","2098","FollowTarget","SimpleChar","79543CB6","SimpleChar:79543CB6","Malfunctioning Cleaning Robot","","","","","NpcPath","3596.979","51.7449989","783.935852","3596.10522","51.7449989","783.924805","","25","base_unknown=0;follow_type=1;follow_unknown=25","2","base_unknown=0;follow_type=1;follow_unknown=25;path_count=2;decoded_path_count=2",""
"2026-07-21T19:56:46.8563039Z","IN","2099","FollowTarget","SimpleChar","79866560","SimpleChar:79866560","Malfunctioning Cleaning Robot","","","","","NpcPath","3612.81201","52.1349983","787.41095","3612.2998","52.5","788.011841","","24","base_unknown=0;follow_type=1;follow_unknown=24","2","base_unknown=0;follow_type=1;follow_unknown=24;path_count=2;decoded_path_count=2",""
"2026-07-21T19:56:47.0831634Z","IN","2103","FollowTarget","SimpleChar","797D36A5","SimpleChar:797D36A5","Malfunctioning Cleaning Robot","","","","","NpcPath","3596.81177","51.7449989","788.208923","3596.05518","51.7449989","788.482483","","25","base_unknown=0;follow_type=1;follow_unknown=25","2","base_unknown=0;follow_type=1;follow_unknown=25;path_count=2;decoded_path_count=2",""
"2026-07-21T19:56:47.0841630Z","IN","2104","FollowTarget","SimpleChar","79543CB6","SimpleChar:79543CB6","Malfunctioning Cleaning Robot","","","","","NpcPath","3596.979","51.7449989","783.935852","3596.10522","51.7449989","783.924805","","25","base_unknown=0;follow_type=1;follow_unknown=25","2","base_unknown=0;follow_type=1;follow_unknown=25;path_count=2;decoded_path_count=2",""
"2026-07-21T19:56:47.0841630Z","IN","2107","FollowTarget","SimpleChar","79543CB6","SimpleChar:79543CB6","Malfunctioning Cleaning Robot","","","","","NpcPath","3596.979","51.7449989","783.935852","3596.10522","51.7449989","783.924805","","25","base_unknown=0;follow_type=1;follow_unknown=25","2","base_unknown=0;follow_type=1;follow_unknown=25;path_count=2;decoded_path_count=2",""
"2026-07-21T19:56:47.0841630Z","IN","2106","FollowTarget","SimpleChar","797D36A5","SimpleChar:797D36A5","Malfunctioning Cleaning Robot","","","","","NpcPath","3596.81177","51.7449989","788.208923","3596.05518","51.7449989","788.482483","","25","base_unknown=0;follow_type=1;follow_unknown=25","2","base_unknown=0;follow_type=1;follow_unknown=25;path_count=2;decoded_path_count=2",""
"2026-07-21T19:56:47.0841630Z","IN","2105","FollowTarget","SimpleChar","79866560","SimpleChar:79866560","Malfunctioning Cleaning Robot","","","","","NpcPath","3612.81201","52.1349983","787.41095","3612.10327","52.5","787.718323","","24","base_unknown=0;follow_type=1;follow_unknown=24","2","base_unknown=0;follow_type=1;follow_unknown=24;path_count=2;decoded_path_count=2",""
"2026-07-21T19:56:47.0841630Z","IN","2108","FollowTarget","SimpleChar","79866560","SimpleChar:79866560","Malfunctioning Cleaning Robot","","","","","NpcPath","3612.81201","52.1349983","787.41095","3612.01074","52.5","787.700195","","24","base_unknown=0;follow_type=1;follow_unknown=24","2","base_unknown=0;follow_type=1;follow_unknown=24;path_count=2;decoded_path_count=2",""
"2026-07-21T19:56:47.3470018Z","IN","2113","FollowTarget","SimpleChar","79543CB6","SimpleChar:79543CB6","Malfunctioning Cleaning Robot","","","","","NpcPath","3596.979","51.7449989","783.935852","3596.10522","51.7449989","783.924805","","25","base_unknown=0;follow_type=1;follow_unknown=25","2","base_unknown=0;follow_type=1;follow_unknown=25;path_count=2;decoded_path_count=2",""
"2026-07-21T19:56:47.3470018Z","IN","2112","FollowTarget","SimpleChar","797D36A5","SimpleChar:797D36A5","Malfunctioning Cleaning Robot","","","","","NpcPath","3596.81177","51.7449989","788.208923","3596.04883","52.2449989","788.702332","","25","base_unknown=0;follow_type=1;follow_unknown=25","2","base_unknown=0;follow_type=1;follow_unknown=25;path_count=2;decoded_path_count=2",""
"2026-07-21T19:56:47.3470018Z","IN","2114","FollowTarget","SimpleChar","79866560","SimpleChar:79866560","Malfunctioning Cleaning Robot","","","","","NpcPath","3612.81201","52.1349983","787.41095","3612.28271","52.5","787.899841","","24","base_unknown=0;follow_type=1;follow_unknown=24","2","base_unknown=0;follow_type=1;follow_unknown=24;path_count=2;decoded_path_count=2",""
"2026-07-21T19:56:47.5548729Z","IN","2118","FollowTarget","SimpleChar","79543CB6","SimpleChar:79543CB6","Malfunctioning Cleaning Robot","","","","","NpcPath","3596.979","51.7449989","783.935852","3596.10474","52.2449989","783.936401","","25","base_unknown=0;follow_type=1;follow_unknown=25","2","base_unknown=0;follow_type=1;follow_unknown=25;path_count=2;decoded_path_count=2",""
"2026-07-21T19:56:47.5548729Z","IN","2117","FollowTarget","SimpleChar","797D36A5","SimpleChar:797D36A5","Malfunctioning Cleaning Robot","","","","","NpcPath","3596.81177","51.7449989","788.208923","3596.05518","51.7449989","788.482483","","25","base_unknown=0;follow_type=1;follow_unknown=25","2","base_unknown=0;follow_type=1;follow_unknown=25;path_count=2;decoded_path_count=2",""
"2026-07-21T19:56:47.5548729Z","IN","2119","FollowTarget","SimpleChar","79866560","SimpleChar:79866560","Malfunctioning Cleaning Robot","","","","","NpcPath","3612.81201","52.1349983","787.41095","3612.26489","52.5","788.140625","","24","base_unknown=0;follow_type=1;follow_unknown=24","2","base_unknown=0;follow_type=1;follow_unknown=24;path_count=2;decoded_path_count=2",""
"2026-07-21T19:56:47.7987232Z","IN","2121","FollowTarget","SimpleChar","79543CB6","SimpleChar:79543CB6","Malfunctioning Cleaning Robot","","","","","NpcPath","3596.979","51.7449989","783.935852","3596.10522","51.7449989","783.924805","","25","base_unknown=0;follow_type=1;follow_unknown=25","2","base_unknown=0;follow_type=1;follow_unknown=25;path_count=2;decoded_path_count=2",""
"2026-07-21T19:56:47.7987232Z","IN","2120","FollowTarget","SimpleChar","797D36A5","SimpleChar:797D36A5","Malfunctioning Cleaning Robot","","","","","NpcPath","3596.81177","51.7449989","788.208923","3596.073","52.2449989","788.589844","","25","base_unknown=0;follow_type=1;follow_unknown=25","2","base_unknown=0;follow_type=1;follow_unknown=25;path_count=2;decoded_path_count=2",""
"2026-07-21T19:56:47.7987232Z","IN","2122","FollowTarget","SimpleChar","79866560","SimpleChar:79866560","Malfunctioning Cleaning Robot","","","","","NpcPath","3612.81201","52.1349983","787.41095","3612.15479","52.5","787.743042","","24","base_unknown=0;follow_type=1;follow_unknown=24","2","base_unknown=0;follow_type=1;follow_unknown=24;path_count=2;decoded_path_count=2",""
"2026-07-21T19:56:48.2344537Z","IN","2124","FollowTarget","SimpleChar","79543CB6","SimpleChar:79543CB6","Malfunctioning Cleaning Robot","","","","","NpcPath","3596.979","51.7449989","783.935852","3596.10522","51.7449989","783.924805","","25","base_unknown=0;follow_type=1;follow_unknown=25","2","base_unknown=0;follow_type=1;follow_unknown=25;path_count=2;decoded_path_count=2",""
"2026-07-21T19:56:48.2344537Z","IN","2128","FollowTarget","SimpleChar","79543CB6","SimpleChar:79543CB6","Malfunctioning Cleaning Robot","","","","","NpcPath","3596.979","51.7449989","783.935852","3596.10522","51.7449989","783.924805","","25","base_unknown=0;follow_type=1;follow_unknown=25","2","base_unknown=0;follow_type=1;follow_unknown=25;path_count=2;decoded_path_count=2",""
"2026-07-21T19:56:48.2344537Z","IN","2123","FollowTarget","SimpleChar","797D36A5","SimpleChar:797D36A5","Malfunctioning Cleaning Robot","","","","","NpcPath","3596.81177","51.7449989","788.208923","3596.05591","52.2449989","788.684143","","25","base_unknown=0;follow_type=1;follow_unknown=25","2","base_unknown=0;follow_type=1;follow_unknown=25;path_count=2;decoded_path_count=2",""
"2026-07-21T19:56:48.2344537Z","IN","2127","FollowTarget","SimpleChar","797D36A5","SimpleChar:797D36A5","Malfunctioning Cleaning Robot","","","","","NpcPath","3596.81177","51.7449989","788.208923","3596.05518","51.7449989","788.482483","","25","base_unknown=0;follow_type=1;follow_unknown=25","2","base_unknown=0;follow_type=1;follow_unknown=25;path_count=2;decoded_path_count=2",""
"2026-07-21T19:56:48.2344537Z","IN","2125","FollowTarget","SimpleChar","79866560","SimpleChar:79866560","Malfunctioning Cleaning Robot","","","","","NpcPath","3612.81201","52.1349983","787.41095","3612.20703","52.5","787.782837","","24","base_unknown=0;follow_type=1;follow_unknown=24","2","base_unknown=0;follow_type=1;follow_unknown=24;path_count=2;decoded_path_count=2",""
"2026-07-21T19:56:48.2344537Z","IN","2129","FollowTarget","SimpleChar","79866560","SimpleChar:79866560","Malfunctioning Cleaning Robot","","","","","NpcPath","3612.81201","52.1349983","787.41095","3612.18213","52.5","788.238281","","24","base_unknown=0;follow_type=1;follow_unknown=24","2","base_unknown=0;follow_type=1;follow_unknown=24;path_count=2;decoded_path_count=2",""
"2026-07-21T19:56:48.4363293Z","IN","2135","FollowTarget","SimpleChar","79543CB6","SimpleChar:79543CB6","Malfunctioning Cleaning Robot","","","","","NpcPath","3596.979","51.7449989","783.935852","3596.03418","52.2449989","784.114807","","25","base_unknown=0;follow_type=1;follow_unknown=25","2","base_unknown=0;follow_type=1;follow_unknown=25;path_count=2;decoded_path_count=2",""
"2026-07-21T19:56:48.4363293Z","IN","2133","FollowTarget","SimpleChar","797D36A5","SimpleChar:797D36A5","Malfunctioning Cleaning Robot","","","","","NpcPath","3596.81177","51.7449989","788.208923","3596.02075","52.2449989","788.753662","","25","base_unknown=0;follow_type=1;follow_unknown=25","2","base_unknown=0;follow_type=1;follow_unknown=25;path_count=2;decoded_path_count=2",""
"2026-07-21T19:56:48.8061029Z","IN","2137","FollowTarget","SimpleChar","79543CB6","SimpleChar:79543CB6","Malfunctioning Cleaning Robot","","","","","NpcPath","3596.979","51.7449989","783.935852","3596.09424","52.2449989","784.001648","","25","base_unknown=0;follow_type=1;follow_unknown=25","2","base_unknown=0;follow_type=1;follow_unknown=25;path_count=2;decoded_path_count=2",""
"2026-07-21T19:56:48.8061029Z","IN","2136","FollowTarget","SimpleChar","797D36A5","SimpleChar:797D36A5","Malfunctioning Cleaning Robot","","","","","NpcPath","3596.81177","51.7449989","788.208923","3596.05518","51.7449989","788.482483","","25","base_unknown=0;follow_type=1;follow_unknown=25","2","base_unknown=0;follow_type=1;follow_unknown=25;path_count=2;decoded_path_count=2",""
"2026-07-21T19:56:49.0499504Z","IN","2141","FollowTarget","SimpleChar","79543CB6","SimpleChar:79543CB6","Malfunctioning Cleaning Robot","","","","","NpcPath","3596.979","51.7449989","783.935852","3596.10522","51.7449989","783.924805","","25","base_unknown=0;follow_type=1;follow_unknown=25","2","base_unknown=0;follow_type=1;follow_unknown=25;path_count=2;decoded_path_count=2",""
"2026-07-21T19:56:49.0499504Z","IN","2147","FollowTarget","SimpleChar","79543CB6","SimpleChar:79543CB6","Malfunctioning Cleaning Robot","","","","","NpcPath","3596.979","51.7449989","783.935852","3596.10522","51.7449989","783.924805","","25","base_unknown=0;follow_type=1;follow_unknown=25","2","base_unknown=0;follow_type=1;follow_unknown=25;path_count=2;decoded_path_count=2",""
"2026-07-21T19:56:49.0499504Z","IN","2139","FollowTarget","SimpleChar","797D36A5","SimpleChar:797D36A5","Malfunctioning Cleaning Robot","","","","","NpcPath","3596.81177","51.7449989","788.208923","3596.05518","51.7449989","788.482483","","25","base_unknown=0;follow_type=1;follow_unknown=25","2","base_unknown=0;follow_type=1;follow_unknown=25;path_count=2;decoded_path_count=2",""
"2026-07-21T19:56:49.0499504Z","IN","2146","FollowTarget","SimpleChar","797D36A5","SimpleChar:797D36A5","Malfunctioning Cleaning Robot","","","","","NpcPath","3596.81177","51.7449989","788.208923","3596.05518","51.7449989","788.482483","","25","base_unknown=0;follow_type=1;follow_unknown=25","2","base_unknown=0;follow_type=1;follow_unknown=25;path_count=2;decoded_path_count=2",""
"2026-07-21T19:56:49.3327761Z","IN","2150","FollowTarget","SimpleChar","79543CB6","SimpleChar:79543CB6","Malfunctioning Cleaning Robot","","","","","NpcPath","3596.979","51.7449989","783.935852","3596.04321","52.2449989","784.103577","","25","base_unknown=0;follow_type=1;follow_unknown=25","2","base_unknown=0;follow_type=1;follow_unknown=25;path_count=2;decoded_path_count=2",""
"2026-07-21T19:56:49.3327761Z","IN","2149","FollowTarget","SimpleChar","797D36A5","SimpleChar:797D36A5","Malfunctioning Cleaning Robot","","","","","NpcPath","3596.81177","51.7449989","788.208923","3596.05078","52.2449989","788.697754","","25","base_unknown=0;follow_type=1;follow_unknown=25","2","base_unknown=0;follow_type=1;follow_unknown=25;path_count=2;decoded_path_count=2",""
"2026-07-21T19:56:49.5446449Z","IN","2157","FollowTarget","SimpleChar","79543CB6","SimpleChar:79543CB6","Malfunctioning Cleaning Robot","","","","","NpcPath","3596.979","51.7449989","783.935852","3596.03711","52.2449989","783.730652","","25","base_unknown=0;follow_type=1;follow_unknown=25","2","base_unknown=0;follow_type=1;follow_unknown=25;path_count=2;decoded_path_count=2",""
"2026-07-21T19:56:49.5446449Z","IN","2156","FollowTarget","SimpleChar","797D36A5","SimpleChar:797D36A5","Malfunctioning Cleaning Robot","","","","","NpcPath","3596.81177","51.7449989","788.208923","3596.04492","52.2449989","788.71106","","25","base_unknown=0;follow_type=1;follow_unknown=25","2","base_unknown=0;follow_type=1;follow_unknown=25;path_count=2;decoded_path_count=2",""
"2026-07-21T19:56:49.9044249Z","IN","2159","FollowTarget","SimpleChar","797D36A5","SimpleChar:797D36A5","Malfunctioning Cleaning Robot","","","","","NpcPath","3596.81177","51.7449989","788.208923","3596.05518","51.7449989","788.482483","","25","base_unknown=0;follow_type=1;follow_unknown=25","2","base_unknown=0;follow_type=1;follow_unknown=25;path_count=2;decoded_path_count=2",""
"2026-07-21T19:56:49.9054230Z","IN","2160","FollowTarget","SimpleChar","79543CB6","SimpleChar:79543CB6","Malfunctioning Cleaning Robot","","","","","NpcPath","3596.979","51.7449989","783.935852","3596.08569","52.2449989","784.027466","","25","base_unknown=0;follow_type=1;follow_unknown=25","2","base_unknown=0;follow_type=1;follow_unknown=25;path_count=2;decoded_path_count=2",""
"2026-07-21T19:56:49.9054230Z","IN","2163","FollowTarget","SimpleChar","79543CB6","SimpleChar:79543CB6","Malfunctioning Cleaning Robot","","","","","NpcPath","3596.979","51.7449989","783.935852","3596.08154","52.2449989","783.804565","","25","base_unknown=0;follow_type=1;follow_unknown=25","2","base_unknown=0;follow_type=1;follow_unknown=25;path_count=2;decoded_path_count=2",""
"2026-07-21T19:56:49.9054230Z","IN","2162","FollowTarget","SimpleChar","797D36A5","SimpleChar:797D36A5","Malfunctioning Cleaning Robot","","","","","NpcPath","3596.81177","51.7449989","788.208923","3596.05518","51.7449989","788.482483","","25","base_unknown=0;follow_type=1;follow_unknown=25","2","base_unknown=0;follow_type=1;follow_unknown=25;path_count=2;decoded_path_count=2",""
"2026-07-21T19:56:50.1802529Z","IN","2167","FollowTarget","SimpleChar","79543CB6","SimpleChar:79543CB6","Malfunctioning Cleaning Robot","","","","","NpcPath","3596.979","51.7449989","783.935852","3596.10474","52.2449989","783.939087","","25","base_unknown=0;follow_type=1;follow_unknown=25","2","base_unknown=0;follow_type=1;follow_unknown=25;path_count=2;decoded_path_count=2",""
"2026-07-21T19:56:50.1802529Z","IN","2166","FollowTarget","SimpleChar","797D36A5","SimpleChar:797D36A5","Malfunctioning Cleaning Robot","","","","","NpcPath","3596.81177","51.7449989","788.208923","3596.05518","51.7449989","788.482483","","25","base_unknown=0;follow_type=1;follow_unknown=25","2","base_unknown=0;follow_type=1;follow_unknown=25;path_count=2;decoded_path_count=2",""
"2026-07-21T19:56:50.4310986Z","IN","2171","FollowTarget","SimpleChar","79543CB6","SimpleChar:79543CB6","Malfunctioning Cleaning Robot","","","","","NpcPath","3596.979","51.7449989","783.935852","3596.10522","51.7449989","783.924805","","25","base_unknown=0;follow_type=1;follow_unknown=25","2","base_unknown=0;follow_type=1;follow_unknown=25;path_count=2;decoded_path_count=2",""
"2026-07-21T19:56:50.4310986Z","IN","2170","FollowTarget","SimpleChar","797D36A5","SimpleChar:797D36A5","Malfunctioning Cleaning Robot","","","","","NpcPath","3596.81177","51.7449989","788.208923","3596.04761","52.2449989","788.705078","","25","base_unknown=0;follow_type=1;follow_unknown=25","2","base_unknown=0;follow_type=1;follow_unknown=25;path_count=2;decoded_path_count=2",""
"2026-07-21T19:56:50.7019354Z","IN","2178","FollowTarget","SimpleChar","79543CB6","SimpleChar:79543CB6","Malfunctioning Cleaning Robot","","","","","NpcPath","3596.979","51.7449989","783.935852","3596.10498","52.2449989","783.907471","","25","base_unknown=0;follow_type=1;follow_unknown=25","2","base_unknown=0;follow_type=1;follow_unknown=25;path_count=2;decoded_path_count=2",""
"2026-07-21T19:56:50.7019354Z","IN","2177","FollowTarget","SimpleChar","797D36A5","SimpleChar:797D36A5","Malfunctioning Cleaning Robot","","","","","NpcPath","3596.81177","51.7449989","788.208923","3596.03247","52.2449989","788.734802","","25","base_unknown=0;follow_type=1;follow_unknown=25","2","base_unknown=0;follow_type=1;follow_unknown=25;path_count=2;decoded_path_count=2",""
"2026-07-21T19:56:51.1926297Z","IN","2182","FollowTarget","SimpleChar","79543CB6","SimpleChar:79543CB6","Malfunctioning Cleaning Robot","","","","","NpcPath","3596.979","51.7449989","783.935852","3596.10522","52.2449989","783.926575","","25","base_unknown=0;follow_type=1;follow_unknown=25","2","base_unknown=0;follow_type=1;follow_unknown=25;path_count=2;decoded_path_count=2",""
"2026-07-21T19:56:51.1926297Z","IN","2186","FollowTarget","SimpleChar","79543CB6","SimpleChar:79543CB6","Malfunctioning Cleaning Robot","","","","","NpcPath","3596.979","51.7449989","783.935852","3596.10303","52.2449989","783.884583","","25","base_unknown=0;follow_type=1;follow_unknown=25","2","base_unknown=0;follow_type=1;follow_unknown=25;path_count=2;decoded_path_count=2",""
"2026-07-21T19:56:51.1926297Z","IN","2181","FollowTarget","SimpleChar","797D36A5","SimpleChar:797D36A5","Malfunctioning Cleaning Robot","","","","","NpcPath","3596.81177","51.7449989","788.208923","3596.05518","51.7449989","788.482483","","25","base_unknown=0;follow_type=1;follow_unknown=25","2","base_unknown=0;follow_type=1;follow_unknown=25;path_count=2;decoded_path_count=2",""
"2026-07-21T19:56:51.1926297Z","IN","2184","FollowTarget","SimpleChar","797D36A5","SimpleChar:797D36A5","Malfunctioning Cleaning Robot","","","","","NpcPath","3596.81177","51.7449989","788.208923","3596.05518","51.7449989","788.482483","","25","base_unknown=0;follow_type=1;follow_unknown=25","2","base_unknown=0;follow_type=1;follow_unknown=25;path_count=2;decoded_path_count=2",""
"2026-07-21T19:56:51.1926297Z","IN","2183","FollowTarget","SimpleChar","79866560","SimpleChar:79866560","Malfunctioning Cleaning Robot","","","","","NpcPath","3612.78662","52.1349983","787.44397","3599.29248","52.5","786.933167","","24","base_unknown=0;follow_type=1;follow_unknown=24","2","base_unknown=0;follow_type=1;follow_unknown=24;path_count=2;decoded_path_count=2",""
"2026-07-21T19:56:51.1936287Z","IN","2190","FollowTarget","SimpleChar","79543CB6","SimpleChar:79543CB6","Malfunctioning Cleaning Robot","","","","","NpcPath","3596.979","51.7449989","783.935852","3596.10352","52.2449989","783.951416","","25","base_unknown=0;follow_type=1;follow_unknown=25","2","base_unknown=0;follow_type=1;follow_unknown=25;path_count=2;decoded_path_count=2",""
"2026-07-21T19:56:51.1936287Z","IN","2188","FollowTarget","SimpleChar","797D36A5","SimpleChar:797D36A5","Malfunctioning Cleaning Robot","","","","","NpcPath","3596.81177","51.7449989","788.208923","3596.05518","51.7449989","788.482483","","25","base_unknown=0;follow_type=1;follow_unknown=25","2","base_unknown=0;follow_type=1;follow_unknown=25;path_count=2;decoded_path_count=2",""
"2026-07-21T19:56:51.1936287Z","IN","2189","FollowTarget","SimpleChar","79866547","SimpleChar:79866547","Malfunctioning Cleaning Robot","","","","","NpcPath","3609.76929","51.9249954","778.123291","3610.83472","52.5","778.250366","","24","base_unknown=0;follow_type=1;follow_unknown=24","2","base_unknown=0;follow_type=1;follow_unknown=24;path_count=2;decoded_path_count=2",""
"2026-07-21T19:56:51.6073734Z","IN","2192","FollowTarget","SimpleChar","79543CB6","SimpleChar:79543CB6","Malfunctioning Cleaning Robot","","","","","NpcPath","3596.979","51.7449989","783.935852","3596.01147","52.2449989","783.703247","","25","base_unknown=0;follow_type=1;follow_unknown=25","2","base_unknown=0;follow_type=1;follow_unknown=25;path_count=2;decoded_path_count=2",""
"2026-07-21T19:56:51.6073734Z","IN","2191","FollowTarget","SimpleChar","797D36A5","SimpleChar:797D36A5","Malfunctioning Cleaning Robot","","","","","NpcPath","3596.81177","51.7449989","788.208923","3596.07251","52.2449989","788.566772","","25","base_unknown=0;follow_type=1;follow_unknown=25","2","base_unknown=0;follow_type=1;follow_unknown=25;path_count=2;decoded_path_count=2",""
"2026-07-21T19:56:51.6083726Z","IN","2203","FollowTarget","SimpleChar","79543CB6","SimpleChar:79543CB6","Malfunctioning Cleaning Robot","","","","","NpcPath","3596.979","51.7449989","783.935852","3596.03369","52.2449989","784.115479","","25","base_unknown=0;follow_type=1;follow_unknown=25","2","base_unknown=0;follow_type=1;follow_unknown=25;path_count=2;decoded_path_count=2",""
"2026-07-21T19:56:51.6083726Z","IN","2201","FollowTarget","SimpleChar","797D36A5","SimpleChar:797D36A5","Malfunctioning Cleaning Robot","","","","","NpcPath","3596.81177","51.7449989","788.208923","3596.05518","51.7449989","788.482483","","25","base_unknown=0;follow_type=1;follow_unknown=25","2","base_unknown=0;follow_type=1;follow_unknown=25;path_count=2;decoded_path_count=2",""
"2026-07-21T19:56:51.6083726Z","IN","2202","FollowTarget","SimpleChar","79866547","SimpleChar:79866547","Malfunctioning Cleaning Robot","","","","","NpcPath","3609.86694","51.9249954","778.174438","3611.00928","52.5","778.299866","","24","base_unknown=0;follow_type=1;follow_unknown=24","2","base_unknown=0;follow_type=1;follow_unknown=24;path_count=2;decoded_path_count=2",""
"2026-07-21T19:56:51.8092485Z","IN","2206","FollowTarget","SimpleChar","79543CB6","SimpleChar:79543CB6","Malfunctioning Cleaning Robot","","","","","NpcPath","3596.979","51.7449989","783.935852","3596.04736","52.2449989","783.74408","","25","base_unknown=0;follow_type=1;follow_unknown=25","2","base_unknown=0;follow_type=1;follow_unknown=25;path_count=2;decoded_path_count=2",""
"2026-07-21T19:56:51.8092485Z","IN","2205","FollowTarget","SimpleChar","797D36A5","SimpleChar:797D36A5","Malfunctioning Cleaning Robot","","","","","NpcPath","3596.81177","51.7449989","788.208923","3596.05518","51.7449989","788.482483","","25","base_unknown=0;follow_type=1;follow_unknown=25","2","base_unknown=0;follow_type=1;follow_unknown=25;path_count=2;decoded_path_count=2",""
"2026-07-21T19:56:52.1930131Z","IN","2215","FollowTarget","SimpleChar","79543CB6","SimpleChar:79543CB6","Malfunctioning Cleaning Robot","","","","","NpcPath","3596.979","51.7449989","783.935852","3596.10522","51.7449989","783.924805","","25","base_unknown=0;follow_type=1;follow_unknown=25","2","base_unknown=0;follow_type=1;follow_unknown=25;path_count=2;decoded_path_count=2",""
"2026-07-21T19:56:52.1930131Z","IN","2213","FollowTarget","SimpleChar","797D36A5","SimpleChar:797D36A5","Malfunctioning Cleaning Robot","","","","","NpcPath","3596.81177","51.7449989","788.208923","3596.02686","52.2449989","788.424805","","25","base_unknown=0;follow_type=1;follow_unknown=25","2","base_unknown=0;follow_type=1;follow_unknown=25;path_count=2;decoded_path_count=2",""
"2026-07-21T19:56:52.1930131Z","IN","2214","FollowTarget","SimpleChar","79866547","SimpleChar:79866547","Malfunctioning Cleaning Robot","","","","","NpcPath","3610.02979","51.9249954","778.27771","3610.78076","52.5","778.204651","","24","base_unknown=0;follow_type=1;follow_unknown=24","2","base_unknown=0;follow_type=1;follow_unknown=24;path_count=2;decoded_path_count=2",""
"2026-07-21T19:56:52.4298656Z","IN","2219","FollowTarget","SimpleChar","79543CB6","SimpleChar:79543CB6","Malfunctioning Cleaning Robot","","","","","NpcPath","3596.979","51.7449989","783.935852","3596.06689","52.2449989","784.067749","","25","base_unknown=0;follow_type=1;follow_unknown=25","2","base_unknown=0;follow_type=1;follow_unknown=25;path_count=2;decoded_path_count=2",""
"2026-07-21T19:56:52.4298656Z","IN","2217","FollowTarget","SimpleChar","797D36A5","SimpleChar:797D36A5","Malfunctioning Cleaning Robot","","","","","NpcPath","3596.81177","51.7449989","788.208923","3596.05518","51.7449989","788.482483","","25","base_unknown=0;follow_type=1;follow_unknown=25","2","base_unknown=0;follow_type=1;follow_unknown=25;path_count=2;decoded_path_count=2",""
"2026-07-21T19:56:52.4298656Z","IN","2221","FollowTarget","SimpleChar","797D36A5","SimpleChar:797D36A5","Malfunctioning Cleaning Robot","","","","","NpcPath","3596.81177","51.7449989","788.208923","3596.01074","52.2449989","788.40155","","25","base_unknown=0;follow_type=1;follow_unknown=25","2","base_unknown=0;follow_type=1;follow_unknown=25;path_count=2;decoded_path_count=2",""
"2026-07-21T19:56:52.4298656Z","IN","2218","FollowTarget","SimpleChar","79866547","SimpleChar:79866547","Malfunctioning Cleaning Robot","","","","","NpcPath","3610.02979","51.9249954","778.27771","3610.97168","52.5","778.298645","","24","base_unknown=0;follow_type=1;follow_unknown=24","2","base_unknown=0;follow_type=1;follow_unknown=24;path_count=2;decoded_path_count=2",""
"2026-07-21T19:56:52.4308654Z","IN","2223","FollowTarget","SimpleChar","79543CB6","SimpleChar:79543CB6","Malfunctioning Cleaning Robot","","","","","NpcPath","3596.979","51.7449989","783.935852","3596.07642","52.2449989","784.049194","","25","base_unknown=0;follow_type=1;follow_unknown=25","2","base_unknown=0;follow_type=1;follow_unknown=25;path_count=2;decoded_path_count=2",""
"2026-07-21T19:56:52.4308654Z","IN","2222","FollowTarget","SimpleChar","79866547","SimpleChar:79866547","Malfunctioning Cleaning Robot","","","","","NpcPath","3610.02979","51.9249954","778.27771","3610.72168","52.5","778.111694","","24","base_unknown=0;follow_type=1;follow_unknown=24","2","base_unknown=0;follow_type=1;follow_unknown=24;path_count=2;decoded_path_count=2",""
"2026-07-21T19:56:52.8316195Z","IN","2232","FollowTarget","SimpleChar","79543CB6","SimpleChar:79543CB6","Malfunctioning Cleaning Robot","","","","","NpcPath","3596.979","51.7449989","783.935852","3596.10376","52.2449989","783.892578","","25","base_unknown=0;follow_type=1;follow_unknown=25","2","base_unknown=0;follow_type=1;follow_unknown=25;path_count=2;decoded_path_count=2",""
"2026-07-21T19:56:52.8316195Z","IN","2236","FollowTarget","SimpleChar","79543CB6","SimpleChar:79543CB6","Malfunctioning Cleaning Robot","","","","","NpcPath","3596.979","51.7449989","783.935852","3596.10522","51.7449989","783.924805","","25","base_unknown=0;follow_type=1;follow_unknown=25","2","base_unknown=0;follow_type=1;follow_unknown=25;path_count=2;decoded_path_count=2",""
"2026-07-21T19:56:52.8316195Z","IN","2230","FollowTarget","SimpleChar","797D36A5","SimpleChar:797D36A5","Malfunctioning Cleaning Robot","","","","","NpcPath","3596.81177","51.7449989","788.208923","3596.05518","51.7449989","788.482483","","25","base_unknown=0;follow_type=1;follow_unknown=25","2","base_unknown=0;follow_type=1;follow_unknown=25;path_count=2;decoded_path_count=2",""
"2026-07-21T19:56:52.8316195Z","IN","2234","FollowTarget","SimpleChar","797D36A5","SimpleChar:797D36A5","Malfunctioning Cleaning Robot","","","","","NpcPath","3596.81177","51.7449989","788.208923","3596.05518","51.7449989","788.482483","","25","base_unknown=0;follow_type=1;follow_unknown=25","2","base_unknown=0;follow_type=1;follow_unknown=25;path_count=2;decoded_path_count=2",""
"2026-07-21T19:56:52.8316195Z","IN","2231","FollowTarget","SimpleChar","79866547","SimpleChar:79866547","Malfunctioning Cleaning Robot","","","","","NpcPath","3610.02979","51.9249954","778.27771","3610.7124","51.9777641","778.082336","","24","base_unknown=0;follow_type=1;follow_unknown=24","2","base_unknown=0;follow_type=1;follow_unknown=24;path_count=2;decoded_path_count=2",""
"2026-07-21T19:56:52.8316195Z","IN","2235","FollowTarget","SimpleChar","79866547","SimpleChar:79866547","Malfunctioning Cleaning Robot","","","","","NpcPath","3610.02979","51.9249954","778.27771","3610.70313","52.5","778.043274","","24","base_unknown=0;follow_type=1;follow_unknown=24","2","base_unknown=0;follow_type=1;follow_unknown=24;path_count=2;decoded_path_count=2",""
"2026-07-21T19:56:53.0584783Z","IN","2239","FollowTarget","SimpleChar","79543CB6","SimpleChar:79543CB6","Malfunctioning Cleaning Robot","","","","","NpcPath","3596.979","51.7449989","783.935852","3596.06152","52.2449989","783.765076","","25","base_unknown=0;follow_type=1;follow_unknown=25","2","base_unknown=0;follow_type=1;follow_unknown=25;path_count=2;decoded_path_count=2",""
"2026-07-21T19:56:53.0584783Z","IN","2237","FollowTarget","SimpleChar","797D36A5","SimpleChar:797D36A5","Malfunctioning Cleaning Robot","","","","","NpcPath","3596.81177","51.7449989","788.208923","3596.05518","51.7449989","788.482483","","25","base_unknown=0;follow_type=1;follow_unknown=25","2","base_unknown=0;follow_type=1;follow_unknown=25;path_count=2;decoded_path_count=2",""
"2026-07-21T19:56:53.0584783Z","IN","2238","FollowTarget","SimpleChar","79866547","SimpleChar:79866547","Malfunctioning Cleaning Robot","","","","","NpcPath","3610.02979","51.9249954","778.27771","3610.70361","52.5","777.954224","","24","base_unknown=0;follow_type=1;follow_unknown=24","2","base_unknown=0;follow_type=1;follow_unknown=24;path_count=2;decoded_path_count=2",""
"2026-07-21T19:56:53.3812793Z","IN","2240","FollowTarget","SimpleChar","797D36A5","SimpleChar:797D36A5","Malfunctioning Cleaning Robot","","","","","NpcPath","3596.81177","51.7449989","788.208923","3596.073","52.2449989","788.587097","","25","base_unknown=0;follow_type=1;follow_unknown=25","2","base_unknown=0;follow_type=1;follow_unknown=25;path_count=2;decoded_path_count=2",""
"2026-07-21T19:56:53.3822792Z","IN","2242","FollowTarget","SimpleChar","79543CB6","SimpleChar:79543CB6","Malfunctioning Cleaning Robot","","","","","NpcPath","3596.979","51.7449989","783.935852","3596.01978","52.2449989","783.711487","","25","base_unknown=0;follow_type=1;follow_unknown=25","2","base_unknown=0;follow_type=1;follow_unknown=25;path_count=2;decoded_path_count=2",""
"2026-07-21T19:56:53.3822792Z","IN","2241","FollowTarget","SimpleChar","79866547","SimpleChar:79866547","Malfunctioning Cleaning Robot","","","","","NpcPath","3610.02979","51.9249954","778.27771","3610.7019","52.5","778.032715","","24","base_unknown=0;follow_type=1;follow_unknown=24","2","base_unknown=0;follow_type=1;follow_unknown=24;path_count=2;decoded_path_count=2",""
"2026-07-21T19:56:53.7250682Z","IN","2247","FollowTarget","SimpleChar","79543CB6","SimpleChar:79543CB6","Malfunctioning Cleaning Robot","","","","","NpcPath","3596.979","51.7449989","783.935852","3596.10522","51.7449989","783.924805","","25","base_unknown=0;follow_type=1;follow_unknown=25","2","base_unknown=0;follow_type=1;follow_unknown=25;path_count=2;decoded_path_count=2",""
"2026-07-21T19:56:53.7250682Z","IN","2255","FollowTarget","SimpleChar","79543CB6","SimpleChar:79543CB6","Malfunctioning Cleaning Robot","","","","","NpcPath","3596.979","51.7449989","783.935852","3596.10327","52.2449989","783.954834","","25","base_unknown=0;follow_type=1;follow_unknown=25","2","base_unknown=0;follow_type=1;follow_unknown=25;path_count=2;decoded_path_count=2",""
"2026-07-21T19:56:53.7250682Z","IN","2245","FollowTarget","SimpleChar","797D36A5","SimpleChar:797D36A5","Malfunctioning Cleaning Robot","","","","","NpcPath","3596.81177","51.7449989","788.208923","3596.05518","51.7449989","788.482483","","25","base_unknown=0;follow_type=1;follow_unknown=25","2","base_unknown=0;follow_type=1;follow_unknown=25;path_count=2;decoded_path_count=2",""
"2026-07-21T19:56:53.7250682Z","IN","2252","FollowTarget","SimpleChar","797D36A5","SimpleChar:797D36A5","Malfunctioning Cleaning Robot","","","","","NpcPath","3596.81177","51.7449989","788.208923","3596.05518","51.7449989","788.482483","","25","base_unknown=0;follow_type=1;follow_unknown=25","2","base_unknown=0;follow_type=1;follow_unknown=25;path_count=2;decoded_path_count=2",""
"2026-07-21T19:56:53.7250682Z","IN","2246","FollowTarget","SimpleChar","79866547","SimpleChar:79866547","Malfunctioning Cleaning Robot","","","","","NpcPath","3610.02979","51.9249954","778.27771","3611.06226","52.5","778.293457","","24","base_unknown=0;follow_type=1;follow_unknown=24","2","base_unknown=0;follow_type=1;follow_unknown=24;path_count=2;decoded_path_count=2",""
"2026-07-21T19:56:53.9179495Z","IN","2259","FollowTarget","SimpleChar","79543CB6","SimpleChar:79543CB6","Malfunctioning Cleaning Robot","","","","","NpcPath","3596.979","51.7449989","783.935852","3596.10522","51.7449989","783.924805","","25","base_unknown=0;follow_type=1;follow_unknown=25","2","base_unknown=0;follow_type=1;follow_unknown=25;path_count=2;decoded_path_count=2",""
"2026-07-21T19:56:53.9179495Z","IN","2258","FollowTarget","SimpleChar","797D36A5","SimpleChar:797D36A5","Malfunctioning Cleaning Robot","","","","","NpcPath","3596.81177","51.7449989","788.208923","3596.05518","51.7449989","788.482483","","25","base_unknown=0;follow_type=1;follow_unknown=25","2","base_unknown=0;follow_type=1;follow_unknown=25;path_count=2;decoded_path_count=2",""
"2026-07-21T19:56:54.3276960Z","IN","2263","FollowTarget","SimpleChar","79543CB6","SimpleChar:79543CB6","Malfunctioning Cleaning Robot","","","","","NpcPath","3596.979","51.7449989","783.935852","3596.07471","52.2449989","783.789429","","25","base_unknown=0;follow_type=1;follow_unknown=25","2","base_unknown=0;follow_type=1;follow_unknown=25;path_count=2;decoded_path_count=2",""
"2026-07-21T19:56:54.3276960Z","IN","2265","FollowTarget","SimpleChar","79543CB6","SimpleChar:79543CB6","Malfunctioning Cleaning Robot","","","","","NpcPath","3596.979","51.7449989","783.935852","3596.06201","52.2449989","783.766052","","25","base_unknown=0;follow_type=1;follow_unknown=25","2","base_unknown=0;follow_type=1;follow_unknown=25;path_count=2;decoded_path_count=2",""
"2026-07-21T19:56:54.3276960Z","IN","2262","FollowTarget","SimpleChar","797D36A5","SimpleChar:797D36A5","Malfunctioning Cleaning Robot","","","","","NpcPath","3596.81177","51.7449989","788.208923","3596.01904","52.2449989","788.412903","","25","base_unknown=0;follow_type=1;follow_unknown=25","2","base_unknown=0;follow_type=1;follow_unknown=25;path_count=2;decoded_path_count=2",""
"2026-07-21T19:56:54.3276960Z","IN","2264","FollowTarget","SimpleChar","797D36A5","SimpleChar:797D36A5","Malfunctioning Cleaning Robot","","","","","NpcPath","3596.81177","51.7449989","788.208923","3596.02002","52.2449989","788.414124","","25","base_unknown=0;follow_type=1;follow_unknown=25","2","base_unknown=0;follow_type=1;follow_unknown=25;path_count=2;decoded_path_count=2",""
"2026-07-21T19:56:54.5385665Z","IN","2270","FollowTarget","SimpleChar","797D36A5","SimpleChar:797D36A5","Malfunctioning Cleaning Robot","","","","","NpcPath","3596.81177","51.7449989","788.208923","3596.06812","52.2449989","788.530945","","25","base_unknown=0;follow_type=1;follow_unknown=25","2","base_unknown=0;follow_type=1;follow_unknown=25;path_count=2;decoded_path_count=2",""
"2026-07-21T19:56:54.5395656Z","IN","2271","FollowTarget","SimpleChar","79543CB6","SimpleChar:79543CB6","Malfunctioning Cleaning Robot","","","","","NpcPath","3596.979","51.7449989","783.935852","3596.10522","51.7449989","783.924805","","25","base_unknown=0;follow_type=1;follow_unknown=25","2","base_unknown=0;follow_type=1;follow_unknown=25;path_count=2;decoded_path_count=2",""
"2026-07-21T19:56:54.7364458Z","IN","2273","FollowTarget","SimpleChar","79543CB6","SimpleChar:79543CB6","Malfunctioning Cleaning Robot","","","","","NpcPath","3596.979","51.7449989","783.935852","3596.10522","51.7449989","783.924805","","25","base_unknown=0;follow_type=1;follow_unknown=25","2","base_unknown=0;follow_type=1;follow_unknown=25;path_count=2;decoded_path_count=2",""
"2026-07-21T19:56:54.7364458Z","IN","2272","FollowTarget","SimpleChar","797D36A5","SimpleChar:797D36A5","Malfunctioning Cleaning Robot","","","","","NpcPath","3596.81177","51.7449989","788.208923","3596.06104","52.2449989","788.500854","","25","base_unknown=0;follow_type=1;follow_unknown=25","2","base_unknown=0;follow_type=1;follow_unknown=25;path_count=2;decoded_path_count=2",""
"2026-07-21T19:56:55.3920390Z","IN","2280","FollowTarget","SimpleChar","79543CB6","SimpleChar:79543CB6","Malfunctioning Cleaning Robot","","","","","NpcPath","3596.979","51.7449989","783.935852","3596.10059","52.2449989","783.972595","","25","base_unknown=0;follow_type=1;follow_unknown=25","2","base_unknown=0;follow_type=1;follow_unknown=25;path_count=2;decoded_path_count=2",""
"2026-07-21T19:56:55.3920390Z","IN","2279","FollowTarget","SimpleChar","797D36A5","SimpleChar:797D36A5","Malfunctioning Cleaning Robot","","","","","NpcPath","3596.81177","51.7449989","788.208923","3596.05518","51.7449989","788.482483","","25","base_unknown=0;follow_type=1;follow_unknown=25","2","base_unknown=0;follow_type=1;follow_unknown=25;path_count=2;decoded_path_count=2",""
"2026-07-21T19:56:55.3930397Z","IN","2283","FollowTarget","SimpleChar","79543CB6","SimpleChar:79543CB6","Malfunctioning Cleaning Robot","","","","","NpcPath","3596.979","51.7449989","783.935852","3596.10522","51.7449989","783.924805","","25","base_unknown=0;follow_type=1;follow_unknown=25","2","base_unknown=0;follow_type=1;follow_unknown=25;path_count=2;decoded_path_count=2",""
"2026-07-21T19:56:55.3930397Z","IN","2285","FollowTarget","SimpleChar","79543CB6","SimpleChar:79543CB6","Malfunctioning Cleaning Robot","","","","","NpcPath","3596.979","51.7449989","783.935852","3596.03369","52.2449989","784.115356","","25","base_unknown=0;follow_type=1;follow_unknown=25","2","base_unknown=0;follow_type=1;follow_unknown=25;path_count=2;decoded_path_count=2",""
"2026-07-21T19:56:55.3930397Z","IN","2282","FollowTarget","SimpleChar","797D36A5","SimpleChar:797D36A5","Malfunctioning Cleaning Robot","","","","","NpcPath","3596.81177","51.7449989","788.208923","3596.073","52.2449989","788.591125","","25","base_unknown=0;follow_type=1;follow_unknown=25","2","base_unknown=0;follow_type=1;follow_unknown=25;path_count=2;decoded_path_count=2",""
"2026-07-21T19:56:55.3930397Z","IN","2284","FollowTarget","SimpleChar","797D36A5","SimpleChar:797D36A5","Malfunctioning Cleaning Robot","","","","","NpcPath","3596.81177","51.7449989","788.208923","3596.05518","51.7449989","788.482483","","25","base_unknown=0;follow_type=1;follow_unknown=25","2","base_unknown=0;follow_type=1;follow_unknown=25;path_count=2;decoded_path_count=2",""
"2026-07-21T19:56:55.8387645Z","IN","2291","FollowTarget","SimpleChar","797D36A5","SimpleChar:797D36A5","Malfunctioning Cleaning Robot","","","","","NpcPath","3596.81177","51.7449989","788.208923","3596.06494","52.2449989","788.653259","","25","base_unknown=0;follow_type=1;follow_unknown=25","2","base_unknown=0;follow_type=1;follow_unknown=25;path_count=2;decoded_path_count=2",""
"2026-07-21T19:56:55.8397644Z","IN","2292","FollowTarget","SimpleChar","79543CB6","SimpleChar:79543CB6","Malfunctioning Cleaning Robot","","","","","NpcPath","3596.979","51.7449989","783.935852","3596.10522","51.7449989","783.924805","","25","base_unknown=0;follow_type=1;follow_unknown=25","2","base_unknown=0;follow_type=1;follow_unknown=25;path_count=2;decoded_path_count=2",""
"2026-07-21T19:56:55.8397644Z","IN","2296","FollowTarget","SimpleChar","79543CB6","SimpleChar:79543CB6","Malfunctioning Cleaning Robot","","","","","NpcPath","3596.979","51.7449989","783.935852","3596.08301","52.2449989","784.034363","","25","base_unknown=0;follow_type=1;follow_unknown=25","2","base_unknown=0;follow_type=1;follow_unknown=25;path_count=2;decoded_path_count=2",""
"2026-07-21T19:56:55.8397644Z","IN","2293","FollowTarget","SimpleChar","797D36A5","SimpleChar:797D36A5","Malfunctioning Cleaning Robot","","","","","NpcPath","3596.81177","51.7449989","788.208923","3596.02271","52.2449989","788.418274","","25","base_unknown=0;follow_type=1;follow_unknown=25","2","base_unknown=0;follow_type=1;follow_unknown=25;path_count=2;decoded_path_count=2",""
"2026-07-21T19:56:56.0396411Z","IN","2299","FollowTarget","SimpleChar","79543CB6","SimpleChar:79543CB6","Malfunctioning Cleaning Robot","","","","","NpcPath","3596.979","51.7449989","783.935852","3596.04565","52.2449989","783.741699","","25","base_unknown=0;follow_type=1;follow_unknown=25","2","base_unknown=0;follow_type=1;follow_unknown=25;path_count=2;decoded_path_count=2",""
"2026-07-21T19:56:56.0396411Z","IN","2297","FollowTarget","SimpleChar","797D36A5","SimpleChar:797D36A5","Malfunctioning Cleaning Robot","","","","","NpcPath","3596.81177","51.7449989","788.208923","3596.05518","51.7449989","788.482483","","25","base_unknown=0;follow_type=1;follow_unknown=25","2","base_unknown=0;follow_type=1;follow_unknown=25;path_count=2;decoded_path_count=2",""
"2026-07-21T19:56:56.2874883Z","IN","2301","FollowTarget","SimpleChar","79543CB6","SimpleChar:79543CB6","Malfunctioning Cleaning Robot","","","","","NpcPath","3596.979","51.7449989","783.935852","3596.10522","51.7449989","783.924805","","25","base_unknown=0;follow_type=1;follow_unknown=25","2","base_unknown=0;follow_type=1;follow_unknown=25;path_count=2;decoded_path_count=2",""
"2026-07-21T19:56:56.2874883Z","IN","2300","FollowTarget","SimpleChar","797D36A5","SimpleChar:797D36A5","Malfunctioning Cleaning Robot","","","","","NpcPath","3596.81177","51.7449989","788.208923","3596.05518","51.7449989","788.482483","","25","base_unknown=0;follow_type=1;follow_unknown=25","2","base_unknown=0;follow_type=1;follow_unknown=25;path_count=2;decoded_path_count=2",""
"2026-07-21T19:56:56.7052296Z","IN","2303","FollowTarget","SimpleChar","79543CB6","SimpleChar:79543CB6","Malfunctioning Cleaning Robot","","","","","NpcPath","3596.979","51.7449989","783.935852","3596.07886","52.2449989","783.798157","","25","base_unknown=0;follow_type=1;follow_unknown=25","2","base_unknown=0;follow_type=1;follow_unknown=25;path_count=2;decoded_path_count=2",""
"2026-07-21T19:56:56.7052296Z","IN","2310","FollowTarget","SimpleChar","79543CB6","SimpleChar:79543CB6","Malfunctioning Cleaning Robot","","","","","NpcPath","3596.979","51.7449989","783.935852","3596.10522","51.7449989","783.924805","","25","base_unknown=0;follow_type=1;follow_unknown=25","2","base_unknown=0;follow_type=1;follow_unknown=25;path_count=2;decoded_path_count=2",""
"2026-07-21T19:56:56.7052296Z","IN","2302","FollowTarget","SimpleChar","797D36A5","SimpleChar:797D36A5","Malfunctioning Cleaning Robot","","","","","NpcPath","3596.81177","51.7449989","788.208923","3596.04443","52.2449989","788.456665","","25","base_unknown=0;follow_type=1;follow_unknown=25","2","base_unknown=0;follow_type=1;follow_unknown=25;path_count=2;decoded_path_count=2",""
"2026-07-21T19:56:56.7052296Z","IN","2309","FollowTarget","SimpleChar","797D36A5","SimpleChar:797D36A5","Malfunctioning Cleaning Robot","","","","","NpcPath","3596.81177","51.7449989","788.208923","3596.05518","51.7449989","788.482483","","25","base_unknown=0;follow_type=1;follow_unknown=25","2","base_unknown=0;follow_type=1;follow_unknown=25;path_count=2;decoded_path_count=2",""
"2026-07-21T19:56:57.1309675Z","IN","2313","FollowTarget","SimpleChar","79543CB6","SimpleChar:79543CB6","Malfunctioning Cleaning Robot","","","","","NpcPath","3596.979","51.7449989","783.935852","3596.10522","51.7449989","783.924805","","25","base_unknown=0;follow_type=1;follow_unknown=25","2","base_unknown=0;follow_type=1;follow_unknown=25;path_count=2;decoded_path_count=2",""
"2026-07-21T19:56:57.1309675Z","IN","2317","FollowTarget","SimpleChar","79543CB6","SimpleChar:79543CB6","Malfunctioning Cleaning Robot","","","","","NpcPath","3596.979","51.7449989","783.935852","3596.02856","52.2449989","784.121277","","25","base_unknown=0;follow_type=1;follow_unknown=25","2","base_unknown=0;follow_type=1;follow_unknown=25;path_count=2;decoded_path_count=2",""
"2026-07-21T19:56:57.1309675Z","IN","2312","FollowTarget","SimpleChar","797D36A5","SimpleChar:797D36A5","Malfunctioning Cleaning Robot","","","","","NpcPath","3596.81177","51.7449989","788.208923","3596.05518","51.7449989","788.482483","","25","base_unknown=0;follow_type=1;follow_unknown=25","2","base_unknown=0;follow_type=1;follow_unknown=25;path_count=2;decoded_path_count=2",""
"2026-07-21T19:56:57.1309675Z","IN","2316","FollowTarget","SimpleChar","797D36A5","SimpleChar:797D36A5","Malfunctioning Cleaning Robot","","","","","NpcPath","3596.81177","51.7449989","788.208923","3596.05884","52.2449989","788.675293","","25","base_unknown=0;follow_type=1;follow_unknown=25","2","base_unknown=0;follow_type=1;follow_unknown=25;path_count=2;decoded_path_count=2",""
"2026-07-21T19:56:57.5666986Z","IN","2319","FollowTarget","SimpleChar","79543CB6","SimpleChar:79543CB6","Malfunctioning Cleaning Robot","","","","","NpcPath","3596.979","51.7449989","783.935852","3596.10522","51.7449989","783.924805","","25","base_unknown=0;follow_type=1;follow_unknown=25","2","base_unknown=0;follow_type=1;follow_unknown=25;path_count=2;decoded_path_count=2",""
"2026-07-21T19:56:57.5666986Z","IN","2322","FollowTarget","SimpleChar","79543CB6","SimpleChar:79543CB6","Malfunctioning Cleaning Robot","","","","","NpcPath","3596.979","51.7449989","783.935852","3596.09106","52.2449989","783.829834","","25","base_unknown=0;follow_type=1;follow_unknown=25","2","base_unknown=0;follow_type=1;follow_unknown=25;path_count=2;decoded_path_count=2",""
"2026-07-21T19:56:57.5666986Z","IN","2318","FollowTarget","SimpleChar","797D36A5","SimpleChar:797D36A5","Malfunctioning Cleaning Robot","","","","","NpcPath","3596.81177","51.7449989","788.208923","3596.02686","52.2449989","788.744202","","25","base_unknown=0;follow_type=1;follow_unknown=25","2","base_unknown=0;follow_type=1;follow_unknown=25;path_count=2;decoded_path_count=2",""
"2026-07-21T19:56:57.5666986Z","IN","2321","FollowTarget","SimpleChar","797D36A5","SimpleChar:797D36A5","Malfunctioning Cleaning Robot","","","","","NpcPath","3596.81177","51.7449989","788.208923","3596.05518","51.7449989","788.482483","","25","base_unknown=0;follow_type=1;follow_unknown=25","2","base_unknown=0;follow_type=1;follow_unknown=25;path_count=2;decoded_path_count=2",""
"2026-07-21T19:56:57.8785052Z","IN","2330","FollowTarget","SimpleChar","79543CB6","SimpleChar:79543CB6","Malfunctioning Cleaning Robot","","","","","NpcPath","3596.979","51.7449989","783.935852","3596.10522","51.7449989","783.924805","","25","base_unknown=0;follow_type=1;follow_unknown=25","2","base_unknown=0;follow_type=1;follow_unknown=25;path_count=2;decoded_path_count=2",""
"2026-07-21T19:56:57.8785052Z","IN","2329","FollowTarget","SimpleChar","797D36A5","SimpleChar:797D36A5","Malfunctioning Cleaning Robot","","","","","NpcPath","3596.81177","51.7449989","788.208923","3596.05518","51.7449989","788.482483","","25","base_unknown=0;follow_type=1;follow_unknown=25","2","base_unknown=0;follow_type=1;follow_unknown=25;path_count=2;decoded_path_count=2",""
"2026-07-21T19:56:58.1353476Z","IN","2333","FollowTarget","SimpleChar","79543CB6","SimpleChar:79543CB6","Malfunctioning Cleaning Robot","","","","","NpcPath","3596.979","51.7449989","783.935852","3596.03394","52.2449989","784.115051","","25","base_unknown=0;follow_type=1;follow_unknown=25","2","base_unknown=0;follow_type=1;follow_unknown=25;path_count=2;decoded_path_count=2",""
"2026-07-21T19:56:58.1353476Z","IN","2332","FollowTarget","SimpleChar","797D36A5","SimpleChar:797D36A5","Malfunctioning Cleaning Robot","","","","","NpcPath","3596.81177","51.7449989","788.208923","3596.01514","52.2449989","788.761658","","25","base_unknown=0;follow_type=1;follow_unknown=25","2","base_unknown=0;follow_type=1;follow_unknown=25;path_count=2;decoded_path_count=2",""
"2026-07-21T19:56:58.3981870Z","IN","2340","FollowTarget","SimpleChar","79543CB6","SimpleChar:79543CB6","Malfunctioning Cleaning Robot","","","","","NpcPath","3596.979","51.7449989","783.935852","3596.07715","52.2449989","784.047913","","25","base_unknown=0;follow_type=1;follow_unknown=25","2","base_unknown=0;follow_type=1;follow_unknown=25;path_count=2;decoded_path_count=2",""
"2026-07-21T19:56:58.3981870Z","IN","2342","FollowTarget","SimpleChar","79543CB6","SimpleChar:79543CB6","Malfunctioning Cleaning Robot","","","","","NpcPath","3596.979","51.7449989","783.935852","3596.10522","51.7449989","783.924805","","25","base_unknown=0;follow_type=1;follow_unknown=25","2","base_unknown=0;follow_type=1;follow_unknown=25;path_count=2;decoded_path_count=2",""
"2026-07-21T19:56:58.3981870Z","IN","2339","FollowTarget","SimpleChar","797D36A5","SimpleChar:797D36A5","Malfunctioning Cleaning Robot","","","","","NpcPath","3596.81177","51.7449989","788.208923","3596.05518","51.7449989","788.482483","","25","base_unknown=0;follow_type=1;follow_unknown=25","2","base_unknown=0;follow_type=1;follow_unknown=25;path_count=2;decoded_path_count=2",""
"2026-07-21T19:56:58.3981870Z","IN","2341","FollowTarget","SimpleChar","797D36A5","SimpleChar:797D36A5","Malfunctioning Cleaning Robot","","","","","NpcPath","3596.81177","51.7449989","788.208923","3596.05957","52.2449989","788.672852","","25","base_unknown=0;follow_type=1;follow_unknown=25","2","base_unknown=0;follow_type=1;follow_unknown=25;path_count=2;decoded_path_count=2",""
"2026-07-21T19:56:58.3981870Z","IN","2343","FollowTarget","SimpleChar","7986655D","SimpleChar:7986655D","Malfunctioning Cleaning Robot","","","","","NpcPath","3597.94873","51.7449989","772.653259","3597.27026","52.5","771.869873","","24","base_unknown=0;follow_type=1;follow_unknown=24","2","base_unknown=0;follow_type=1;follow_unknown=24;path_count=2;decoded_path_count=2",""
"2026-07-21T19:56:58.5950645Z","IN","2350","FollowTarget","SimpleChar","79543CB6","SimpleChar:79543CB6","Malfunctioning Cleaning Robot","","","","","NpcPath","3596.979","51.7449989","783.935852","3596.10522","51.7449989","783.924805","","25","base_unknown=0;follow_type=1;follow_unknown=25","2","base_unknown=0;follow_type=1;follow_unknown=25;path_count=2;decoded_path_count=2",""
"2026-07-21T19:56:58.5950645Z","IN","2348","FollowTarget","SimpleChar","797D36A5","SimpleChar:797D36A5","Malfunctioning Cleaning Robot","","","","","NpcPath","3596.81177","51.7449989","788.208923","3596.07178","52.2449989","788.612183","","25","base_unknown=0;follow_type=1;follow_unknown=25","2","base_unknown=0;follow_type=1;follow_unknown=25;path_count=2;decoded_path_count=2",""
"2026-07-21T19:56:58.5950645Z","IN","2351","FollowTarget","SimpleChar","7986655D","SimpleChar:7986655D","Malfunctioning Cleaning Robot","","","","","NpcPath","3597.9187","51.7449989","772.61853","3597.22339","52.5","771.799622","","24","base_unknown=0;follow_type=1;follow_unknown=24","2","base_unknown=0;follow_type=1;follow_unknown=24;path_count=2;decoded_path_count=2",""
"2026-07-21T19:56:58.5950645Z","IN","2349","FollowTarget","SimpleChar","7986655E","SimpleChar:7986655E","Malfunctioning Cleaning Robot","","","","","NpcPath","3597.96191","51.7449989","772.602783","3597.2793","52.5","771.890747","","24","base_unknown=0;follow_type=1;follow_unknown=24","2","base_unknown=0;follow_type=1;follow_unknown=24;path_count=2;decoded_path_count=2",""
"2026-07-21T19:56:58.8339170Z","IN","2357","FollowTarget","SimpleChar","797D36A5","SimpleChar:797D36A5","Malfunctioning Cleaning Robot","","","","","NpcPath","3596.81177","51.7449989","788.208923","3596.05518","51.7449989","788.482483","","25","base_unknown=0;follow_type=1;follow_unknown=25","2","base_unknown=0;follow_type=1;follow_unknown=25;path_count=2;decoded_path_count=2",""
"2026-07-21T19:56:58.8339170Z","IN","2358","FollowTarget","SimpleChar","7986655E","SimpleChar:7986655E","Malfunctioning Cleaning Robot","","","","","NpcPath","3597.96191","51.7449989","772.602783","3597.17358","52.5","772.244568","","24","base_unknown=0;follow_type=1;follow_unknown=24","2","base_unknown=0;follow_type=1;follow_unknown=24;path_count=2;decoded_path_count=2",""
"2026-07-21T19:56:58.8349167Z","IN","2359","FollowTarget","SimpleChar","79543CB6","SimpleChar:79543CB6","Malfunctioning Cleaning Robot","","","","","NpcPath","3596.979","51.7449989","783.935852","3596.06055","52.2449989","783.76355","","25","base_unknown=0;follow_type=1;follow_unknown=25","2","base_unknown=0;follow_type=1;follow_unknown=25;path_count=2;decoded_path_count=2",""
"2026-07-21T19:56:59.2816401Z","IN","2363","FollowTarget","SimpleChar","79543CB6","SimpleChar:79543CB6","Malfunctioning Cleaning Robot","","","","","NpcPath","3596.979","51.7449989","783.935852","3596.09229","52.2449989","783.833679","","25","base_unknown=0;follow_type=1;follow_unknown=25","2","base_unknown=0;follow_type=1;follow_unknown=25;path_count=2;decoded_path_count=2",""
"2026-07-21T19:56:59.2816401Z","IN","2367","FollowTarget","SimpleChar","79543CB6","SimpleChar:79543CB6","Malfunctioning Cleaning Robot","","","","","NpcPath","3596.979","51.7449989","783.935852","3596.10522","51.7449989","783.924805","","25","base_unknown=0;follow_type=1;follow_unknown=25","2","base_unknown=0;follow_type=1;follow_unknown=25;path_count=2;decoded_path_count=2",""
"2026-07-21T19:56:59.2816401Z","IN","2361","FollowTarget","SimpleChar","797D36A5","SimpleChar:797D36A5","Malfunctioning Cleaning Robot","","","","","NpcPath","3596.81177","51.7449989","788.208923","3596.06665","52.2449989","788.52356","","25","base_unknown=0;follow_type=1;follow_unknown=25","2","base_unknown=0;follow_type=1;follow_unknown=25;path_count=2;decoded_path_count=2",""
"2026-07-21T19:56:59.2816401Z","IN","2365","FollowTarget","SimpleChar","797D36A5","SimpleChar:797D36A5","Malfunctioning Cleaning Robot","","","","","NpcPath","3596.81177","51.7449989","788.208923","3596.05054","52.2449989","788.698425","","25","base_unknown=0;follow_type=1;follow_unknown=25","2","base_unknown=0;follow_type=1;follow_unknown=25;path_count=2;decoded_path_count=2",""
"2026-07-21T19:56:59.2816401Z","IN","2364","FollowTarget","SimpleChar","7986655D","SimpleChar:7986655D","Malfunctioning Cleaning Robot","","","","","NpcPath","3597.86279","51.7449989","772.552673","3597.13379","52.5","772.268494","","24","base_unknown=0;follow_type=1;follow_unknown=24","2","base_unknown=0;follow_type=1;follow_unknown=24;path_count=2;decoded_path_count=2",""
"2026-07-21T19:56:59.2816401Z","IN","2368","FollowTarget","SimpleChar","7986655D","SimpleChar:7986655D","Malfunctioning Cleaning Robot","","","","","NpcPath","3597.86279","51.7449989","772.552673","3597.25781","52.5","772.15332","","24","base_unknown=0;follow_type=1;follow_unknown=24","2","base_unknown=0;follow_type=1;follow_unknown=24;path_count=2;decoded_path_count=2",""
"2026-07-21T19:56:59.2816401Z","IN","2362","FollowTarget","SimpleChar","7986655E","SimpleChar:7986655E","Malfunctioning Cleaning Robot","","","","","NpcPath","3597.96191","51.7449989","772.602783","3597.28296","52.5","771.900391","","24","base_unknown=0;follow_type=1;follow_unknown=24","2","base_unknown=0;follow_type=1;follow_unknown=24;path_count=2;decoded_path_count=2",""
"2026-07-21T19:56:59.2816401Z","IN","2366","FollowTarget","SimpleChar","7986655E","SimpleChar:7986655E","Malfunctioning Cleaning Robot","","","","","NpcPath","3597.96191","51.7449989","772.602783","3597.24438","52.5","772.174133","","24","base_unknown=0;follow_type=1;follow_unknown=24","2","base_unknown=0;follow_type=1;follow_unknown=24;path_count=2;decoded_path_count=2",""
"2026-07-21T19:56:59.4875137Z","IN","2369","FollowTarget","SimpleChar","797D36A5","SimpleChar:797D36A5","Malfunctioning Cleaning Robot","","","","","NpcPath","3596.81177","51.7449989","788.208923","3596.05518","51.7449989","788.482483","","25","base_unknown=0;follow_type=1;follow_unknown=25","2","base_unknown=0;follow_type=1;follow_unknown=25;path_count=2;decoded_path_count=2",""
"2026-07-21T19:56:59.4885144Z","IN","2371","FollowTarget","SimpleChar","79543CB6","SimpleChar:79543CB6","Malfunctioning Cleaning Robot","","","","","NpcPath","3596.979","51.7449989","783.935852","3596.05908","52.2449989","784.080627","","25","base_unknown=0;follow_type=1;follow_unknown=25","2","base_unknown=0;follow_type=1;follow_unknown=25;path_count=2;decoded_path_count=2",""
"2026-07-21T19:56:59.4885144Z","IN","2373","FollowTarget","SimpleChar","7986655D","SimpleChar:7986655D","Malfunctioning Cleaning Robot","","","","","NpcPath","3597.86279","51.7449989","772.552673","3597.198","52.5","772.225403","","24","base_unknown=0;follow_type=1;follow_unknown=24","2","base_unknown=0;follow_type=1;follow_unknown=24;path_count=2;decoded_path_count=2",""
"2026-07-21T19:56:59.4885144Z","IN","2370","FollowTarget","SimpleChar","7986655E","SimpleChar:7986655E","Malfunctioning Cleaning Robot","","","","","NpcPath","3597.96191","51.7449989","772.602783","3597.2583","52.5","772.15271","","24","base_unknown=0;follow_type=1;follow_unknown=24","2","base_unknown=0;follow_type=1;follow_unknown=24;path_count=2;decoded_path_count=2",""
"2026-07-21T19:56:59.4885144Z","IN","2372","FollowTarget","SimpleChar","79866560","SimpleChar:79866560","Malfunctioning Cleaning Robot","","","","","NpcPath","3600.24658","51.9249954","786.969299","3599.29907","52.5","786.977234","","24","base_unknown=0;follow_type=1;follow_unknown=24","2","base_unknown=0;follow_type=1;follow_unknown=24;path_count=2;decoded_path_count=2",""
"2026-07-21T19:56:59.7013811Z","IN","2381","FollowTarget","SimpleChar","79543CB6","SimpleChar:79543CB6","Malfunctioning Cleaning Robot","","","","","NpcPath","3596.979","51.7449989","783.935852","3596.10522","51.7449989","783.924805","","25","base_unknown=0;follow_type=1;follow_unknown=25","2","base_unknown=0;follow_type=1;follow_unknown=25;path_count=2;decoded_path_count=2",""
"2026-07-21T19:56:59.7013811Z","IN","2379","FollowTarget","SimpleChar","797D36A5","SimpleChar:797D36A5","Malfunctioning Cleaning Robot","","","","","NpcPath","3596.81177","51.7449989","788.208923","3596.07031","52.2449989","788.623718","","25","base_unknown=0;follow_type=1;follow_unknown=25","2","base_unknown=0;follow_type=1;follow_unknown=25;path_count=2;decoded_path_count=2",""
"2026-07-21T19:56:59.7013811Z","IN","2384","FollowTarget","SimpleChar","7986655D","SimpleChar:7986655D","Malfunctioning Cleaning Robot","","","","","NpcPath","3597.86279","51.7449989","772.552673","3597.21313","52.5","771.788879","","24","base_unknown=0;follow_type=1;follow_unknown=24","2","base_unknown=0;follow_type=1;follow_unknown=24;path_count=2;decoded_path_count=2",""
"2026-07-21T19:56:59.7013811Z","IN","2380","FollowTarget","SimpleChar","7986655E","SimpleChar:7986655E","Malfunctioning Cleaning Robot","","","","","NpcPath","3597.96191","51.7449989","772.602783","3597.16333","52.5","772.251648","","24","base_unknown=0;follow_type=1;follow_unknown=24","2","base_unknown=0;follow_type=1;follow_unknown=24;path_count=2;decoded_path_count=2",""
"2026-07-21T19:56:59.7013811Z","IN","2383","FollowTarget","SimpleChar","79866560","SimpleChar:79866560","Malfunctioning Cleaning Robot","","","","","NpcPath","3600.24658","51.9249954","786.969299","3599.30005","52.5","787.004944","","24","base_unknown=0;follow_type=1;follow_unknown=24","2","base_unknown=0;follow_type=1;follow_unknown=24;path_count=2;decoded_path_count=2",""
"2026-07-21T19:57:00.0471701Z","IN","2389","FollowTarget","SimpleChar","79543CB6","SimpleChar:79543CB6","Malfunctioning Cleaning Robot","","","","","NpcPath","3596.979","51.7449989","783.935852","3596.10522","51.7449989","783.924805","","25","base_unknown=0;follow_type=1;follow_unknown=25","2","base_unknown=0;follow_type=1;follow_unknown=25;path_count=2;decoded_path_count=2",""
"2026-07-21T19:57:00.0471701Z","IN","2387","FollowTarget","SimpleChar","797D36A5","SimpleChar:797D36A5","Malfunctioning Cleaning Robot","","","","","NpcPath","3596.81177","51.7449989","788.208923","3596.05518","51.7449989","788.482483","","25","base_unknown=0;follow_type=1;follow_unknown=25","2","base_unknown=0;follow_type=1;follow_unknown=25;path_count=2;decoded_path_count=2",""
"2026-07-21T19:57:00.0471701Z","IN","2391","FollowTarget","SimpleChar","7986655D","SimpleChar:7986655D","Malfunctioning Cleaning Robot","","","","","NpcPath","3597.8606","51.7449989","772.55011","3597.22925","52.5","772.19342","","24","base_unknown=0;follow_type=1;follow_unknown=24","2","base_unknown=0;follow_type=1;follow_unknown=24;path_count=2;decoded_path_count=2",""
"2026-07-21T19:57:00.0471701Z","IN","2388","FollowTarget","SimpleChar","7986655E","SimpleChar:7986655E","Malfunctioning Cleaning Robot","","","","","NpcPath","3597.96191","51.7449989","772.602783","3597.18457","52.5","772.23645","","24","base_unknown=0;follow_type=1;follow_unknown=24","2","base_unknown=0;follow_type=1;follow_unknown=24;path_count=2;decoded_path_count=2",""
"2026-07-21T19:57:00.0471701Z","IN","2390","FollowTarget","SimpleChar","79866560","SimpleChar:79866560","Malfunctioning Cleaning Robot","","","","","NpcPath","3600.24658","51.9249954","786.969299","3599.271","52.5","787.128906","","24","base_unknown=0;follow_type=1;follow_unknown=24","2","base_unknown=0;follow_type=1;follow_unknown=24;path_count=2;decoded_path_count=2",""
"2026-07-21T19:57:00.4389263Z","IN","2394","FollowTarget","SimpleChar","79543CB6","SimpleChar:79543CB6","Malfunctioning Cleaning Robot","","","","","NpcPath","3596.979","51.7449989","783.935852","3596.10522","51.7449989","783.924805","","25","base_unknown=0;follow_type=1;follow_unknown=25","2","base_unknown=0;follow_type=1;follow_unknown=25;path_count=2;decoded_path_count=2",""
"2026-07-21T19:57:00.4389263Z","IN","2392","FollowTarget","SimpleChar","797D36A5","SimpleChar:797D36A5","Malfunctioning Cleaning Robot","","","","","NpcPath","3596.81177","51.7449989","788.208923","3596.05518","51.7449989","788.482483","","25","base_unknown=0;follow_type=1;follow_unknown=25","2","base_unknown=0;follow_type=1;follow_unknown=25;path_count=2;decoded_path_count=2",""
"2026-07-21T19:57:00.4389263Z","IN","2397","FollowTarget","SimpleChar","797D36A5","SimpleChar:797D36A5","Malfunctioning Cleaning Robot","","","","","NpcPath","3596.81177","51.7449989","788.208923","3596.01733","52.2449989","788.758423","","25","base_unknown=0;follow_type=1;follow_unknown=25","2","base_unknown=0;follow_type=1;follow_unknown=25;path_count=2;decoded_path_count=2",""
"2026-07-21T19:57:00.4389263Z","IN","2396","FollowTarget","SimpleChar","7986655D","SimpleChar:7986655D","Malfunctioning Cleaning Robot","","","","","NpcPath","3597.8606","51.7449989","772.55011","3597.25098","52.5","772.164429","","24","base_unknown=0;follow_type=1;follow_unknown=24","2","base_unknown=0;follow_type=1;follow_unknown=24;path_count=2;decoded_path_count=2",""
"2026-07-21T19:57:00.4389263Z","IN","2393","FollowTarget","SimpleChar","7986655E","SimpleChar:7986655E","Malfunctioning Cleaning Robot","","","","","NpcPath","3597.96191","51.7449989","772.602783","3597.06592","52.5","772.292664","","24","base_unknown=0;follow_type=1;follow_unknown=24","2","base_unknown=0;follow_type=1;follow_unknown=24;path_count=2;decoded_path_count=2",""
"2026-07-21T19:57:00.4389263Z","IN","2395","FollowTarget","SimpleChar","79866560","SimpleChar:79866560","Malfunctioning Cleaning Robot","","","","","NpcPath","3600.24658","51.9249954","786.969299","3599.13086","52.5","786.730042","","24","base_unknown=0;follow_type=1;follow_unknown=24","2","base_unknown=0;follow_type=1;follow_unknown=24;path_count=2;decoded_path_count=2",""
"2026-07-21T19:57:00.4399256Z","IN","2400","FollowTarget","SimpleChar","79543CB6","SimpleChar:79543CB6","Malfunctioning Cleaning Robot","","","","","NpcPath","3596.979","51.7449989","783.935852","3596.10522","51.7449989","783.924805","","25","base_unknown=0;follow_type=1;follow_unknown=25","2","base_unknown=0;follow_type=1;follow_unknown=25;path_count=2;decoded_path_count=2",""
"2026-07-21T19:57:00.4399256Z","IN","2401","FollowTarget","SimpleChar","7986655D","SimpleChar:7986655D","Malfunctioning Cleaning Robot","","","","","NpcPath","3597.8606","51.7449989","772.55011","3597.0625","52.5","772.293457","","24","base_unknown=0;follow_type=1;follow_unknown=24","2","base_unknown=0;follow_type=1;follow_unknown=24;path_count=2;decoded_path_count=2",""
"2026-07-21T19:57:00.4399256Z","IN","2399","FollowTarget","SimpleChar","7986655E","SimpleChar:7986655E","Malfunctioning Cleaning Robot","","","","","NpcPath","3597.96191","51.7449989","772.602783","3597.29883","52.5","772.026001","","24","base_unknown=0;follow_type=1;follow_unknown=24","2","base_unknown=0;follow_type=1;follow_unknown=24;path_count=2;decoded_path_count=2",""
"2026-07-21T19:57:00.6328067Z","IN","2407","FollowTarget","SimpleChar","79543CB6","SimpleChar:79543CB6","Malfunctioning Cleaning Robot","","","","","NpcPath","3596.979","51.7449989","783.935852","3596.021","52.2449989","784.129395","","25","base_unknown=0;follow_type=1;follow_unknown=25","2","base_unknown=0;follow_type=1;follow_unknown=25;path_count=2;decoded_path_count=2",""
"2026-07-21T19:57:00.6328067Z","IN","2404","FollowTarget","SimpleChar","797D36A5","SimpleChar:797D36A5","Malfunctioning Cleaning Robot","","","","","NpcPath","3596.81177","51.7449989","788.208923","3596.0708","52.2449989","788.547791","","25","base_unknown=0;follow_type=1;follow_unknown=25","2","base_unknown=0;follow_type=1;follow_unknown=25;path_count=2;decoded_path_count=2",""
"2026-07-21T19:57:00.6328067Z","IN","2409","FollowTarget","SimpleChar","7986655D","SimpleChar:7986655D","Malfunctioning Cleaning Robot","","","","","NpcPath","3597.8606","51.7449989","772.55011","3596.90991","52.5","772.286133","","24","base_unknown=0;follow_type=1;follow_unknown=24","2","base_unknown=0;follow_type=1;follow_unknown=24;path_count=2;decoded_path_count=2",""
"2026-07-21T19:57:00.6328067Z","IN","2406","FollowTarget","SimpleChar","7986655E","SimpleChar:7986655E","Malfunctioning Cleaning Robot","","","","","NpcPath","3597.96191","51.7449989","772.602783","3597.04883","52.5","772.295959","","24","base_unknown=0;follow_type=1;follow_unknown=24","2","base_unknown=0;follow_type=1;follow_unknown=24;path_count=2;decoded_path_count=2",""
"2026-07-21T19:57:00.6328067Z","IN","2408","FollowTarget","SimpleChar","79866560","SimpleChar:79866560","Malfunctioning Cleaning Robot","","","","","NpcPath","3600.08569","51.9249954","786.934692","3599.22681","52.5","787.196289","","24","base_unknown=0;follow_type=1;follow_unknown=24","2","base_unknown=0;follow_type=1;follow_unknown=24;path_count=2;decoded_path_count=2",""
"2026-07-21T19:57:00.8396817Z","IN","2418","FollowTarget","SimpleChar","79543CB6","SimpleChar:79543CB6","Malfunctioning Cleaning Robot","","","","","NpcPath","3596.979","51.7449989","783.935852","3596.10449","52.2449989","783.942444","","25","base_unknown=0;follow_type=1;follow_unknown=25","2","base_unknown=0;follow_type=1;follow_unknown=25;path_count=2;decoded_path_count=2",""
"2026-07-21T19:57:00.8396817Z","IN","2414","FollowTarget","SimpleChar","797D36A5","SimpleChar:797D36A5","Malfunctioning Cleaning Robot","","","","","NpcPath","3596.81177","51.7449989","788.208923","3596.05518","51.7449989","788.482483","","25","base_unknown=0;follow_type=1;follow_unknown=25","2","base_unknown=0;follow_type=1;follow_unknown=25;path_count=2;decoded_path_count=2",""
"2026-07-21T19:57:00.8396817Z","IN","2420","FollowTarget","SimpleChar","7986655D","SimpleChar:7986655D","Malfunctioning Cleaning Robot","","","","","NpcPath","3597.8606","51.7449989","772.55011","3597.21143","52.5","771.787231","","24","base_unknown=0;follow_type=1;follow_unknown=24","2","base_unknown=0;follow_type=1;follow_unknown=24;path_count=2;decoded_path_count=2",""
"2026-07-21T19:57:00.8396817Z","IN","2417","FollowTarget","SimpleChar","7986655E","SimpleChar:7986655E","Malfunctioning Cleaning Robot","","","","","NpcPath","3597.96191","51.7449989","772.602783","3597.11694","52.5","772.276245","","24","base_unknown=0;follow_type=1;follow_unknown=24","2","base_unknown=0;follow_type=1;follow_unknown=24;path_count=2;decoded_path_count=2",""
"2026-07-21T19:57:00.8396817Z","IN","2419","FollowTarget","SimpleChar","79866560","SimpleChar:79866560","Malfunctioning Cleaning Robot","","","","","NpcPath","3600.08569","51.9249954","786.934692","3599.28467","52.5","787.09436","","24","base_unknown=0;follow_type=1;follow_unknown=24","2","base_unknown=0;follow_type=1;follow_unknown=24;path_count=2;decoded_path_count=2",""
"2026-07-21T19:57:01.0455536Z","IN","2427","FollowTarget","SimpleChar","79543CB6","SimpleChar:79543CB6","Malfunctioning Cleaning Robot","","","","","NpcPath","3596.979","51.7449989","783.935852","3596.10132","52.2449989","783.968811","","25","base_unknown=0;follow_type=1;follow_unknown=25","2","base_unknown=0;follow_type=1;follow_unknown=25;path_count=2;decoded_path_count=2",""
"2026-07-21T19:57:01.0455536Z","IN","2425","FollowTarget","SimpleChar","797D36A5","SimpleChar:797D36A5","Malfunctioning Cleaning Robot","","","","","NpcPath","3596.81177","51.7449989","788.208923","3596.05518","51.7449989","788.482483","","25","base_unknown=0;follow_type=1;follow_unknown=25","2","base_unknown=0;follow_type=1;follow_unknown=25;path_count=2;decoded_path_count=2",""
"2026-07-21T19:57:01.0455536Z","IN","2429","FollowTarget","SimpleChar","7986655D","SimpleChar:7986655D","Malfunctioning Cleaning Robot","","","","","NpcPath","3597.85718","51.7449989","772.546143","3597.28735","52.5","772.086304","","24","base_unknown=0;follow_type=1;follow_unknown=24","2","base_unknown=0;follow_type=1;follow_unknown=24;path_count=2;decoded_path_count=2",""
"2026-07-21T19:57:01.0455536Z","IN","2426","FollowTarget","SimpleChar","7986655E","SimpleChar:7986655E","Malfunctioning Cleaning Robot","","","","","NpcPath","3597.96191","51.7449989","772.602783","3597.1001","52.5","772.282837","","24","base_unknown=0;follow_type=1;follow_unknown=24","2","base_unknown=0;follow_type=1;follow_unknown=24;path_count=2;decoded_path_count=2",""
"2026-07-21T19:57:01.0455536Z","IN","2428","FollowTarget","SimpleChar","79866560","SimpleChar:79866560","Malfunctioning Cleaning Robot","","","","","NpcPath","3600.08569","51.9249954","786.934692","3599.23169","52.5","787.190674","","24","base_unknown=0;follow_type=1;follow_unknown=24","2","base_unknown=0;follow_type=1;follow_unknown=24;path_count=2;decoded_path_count=2",""
"2026-07-21T19:57:01.2764104Z","IN","2430","FollowTarget","SimpleChar","797D36A5","SimpleChar:797D36A5","Malfunctioning Cleaning Robot","","","","","NpcPath","3596.81177","51.7449989","788.208923","3596.05518","51.7449989","788.482483","","25","base_unknown=0;follow_type=1;follow_unknown=25","2","base_unknown=0;follow_type=1;follow_unknown=25;path_count=2;decoded_path_count=2",""
"2026-07-21T19:57:01.2774106Z","IN","2432","FollowTarget","SimpleChar","79543CB6","SimpleChar:79543CB6","Malfunctioning Cleaning Robot","","","","","NpcPath","3596.979","51.7449989","783.935852","3596.10522","51.7449989","783.924805","","25","base_unknown=0;follow_type=1;follow_unknown=25","2","base_unknown=0;follow_type=1;follow_unknown=25;path_count=2;decoded_path_count=2",""
"2026-07-21T19:57:01.2774106Z","IN","2434","FollowTarget","SimpleChar","7986655D","SimpleChar:7986655D","Malfunctioning Cleaning Robot","","","","","NpcPath","3597.85718","51.7449989","772.546143","3596.88965","52.5","772.278992","","24","base_unknown=0;follow_type=1;follow_unknown=24","2","base_unknown=0;follow_type=1;follow_unknown=24;path_count=2;decoded_path_count=2",""
"2026-07-21T19:57:01.2774106Z","IN","2431","FollowTarget","SimpleChar","7986655E","SimpleChar:7986655E","Malfunctioning Cleaning Robot","","","","","NpcPath","3597.96191","51.7449989","772.602783","3597.21191","52.5","772.212402","","24","base_unknown=0;follow_type=1;follow_unknown=24","2","base_unknown=0;follow_type=1;follow_unknown=24;path_count=2;decoded_path_count=2",""
"2026-07-21T19:57:01.2774106Z","IN","2433","FollowTarget","SimpleChar","79866560","SimpleChar:79866560","Malfunctioning Cleaning Robot","","","","","NpcPath","3600.08569","51.9249954","786.934692","3599.27319","52.5","787.124207","","24","base_unknown=0;follow_type=1;follow_unknown=24","2","base_unknown=0;follow_type=1;follow_unknown=24;path_count=2;decoded_path_count=2",""
"2026-07-21T19:57:01.5022721Z","IN","2438","FollowTarget","SimpleChar","79543CB6","SimpleChar:79543CB6","Malfunctioning Cleaning Robot","","","","","NpcPath","3596.979","51.7449989","783.935852","3596.05884","52.2449989","783.760681","","25","base_unknown=0;follow_type=1;follow_unknown=25","2","base_unknown=0;follow_type=1;follow_unknown=25;path_count=2;decoded_path_count=2",""
"2026-07-21T19:57:01.5022721Z","IN","2436","FollowTarget","SimpleChar","797D36A5","SimpleChar:797D36A5","Malfunctioning Cleaning Robot","","","","","NpcPath","3596.81177","51.7449989","788.208923","3596.05518","51.7449989","788.482483","","25","base_unknown=0;follow_type=1;follow_unknown=25","2","base_unknown=0;follow_type=1;follow_unknown=25;path_count=2;decoded_path_count=2",""
"2026-07-21T19:57:01.5022721Z","IN","2440","FollowTarget","SimpleChar","7986655D","SimpleChar:7986655D","Malfunctioning Cleaning Robot","","","","","NpcPath","3597.85278","51.7449989","772.544922","3597.26074","52.5","772.148376","","24","base_unknown=0;follow_type=1;follow_unknown=24","2","base_unknown=0;follow_type=1;follow_unknown=24;path_count=2;decoded_path_count=2",""
"2026-07-21T19:57:01.5022721Z","IN","2437","FollowTarget","SimpleChar","7986655E","SimpleChar:7986655E","Malfunctioning Cleaning Robot","","","","","NpcPath","3597.96191","51.7449989","772.602783","3596.84546","52.5","772.257202","","24","base_unknown=0;follow_type=1;follow_unknown=24","2","base_unknown=0;follow_type=1;follow_unknown=24;path_count=2;decoded_path_count=2",""
"2026-07-21T19:57:01.5022721Z","IN","2439","FollowTarget","SimpleChar","79866560","SimpleChar:79866560","Malfunctioning Cleaning Robot","","","","","NpcPath","3600.08569","51.9249954","786.934692","3599.27979","52.5","786.891907","","24","base_unknown=0;follow_type=1;follow_unknown=24","2","base_unknown=0;follow_type=1;follow_unknown=24;path_count=2;decoded_path_count=2",""
"2026-07-21T19:57:01.7541160Z","IN","2446","FollowTarget","SimpleChar","79543CB6","SimpleChar:79543CB6","Malfunctioning Cleaning Robot","","","","","NpcPath","3596.979","51.7449989","783.935852","3596.073","52.2449989","783.785889","","25","base_unknown=0;follow_type=1;follow_unknown=25","2","base_unknown=0;follow_type=1;follow_unknown=25;path_count=2;decoded_path_count=2",""
"2026-07-21T19:57:01.7541160Z","IN","2445","FollowTarget","SimpleChar","797D36A5","SimpleChar:797D36A5","Malfunctioning Cleaning Robot","","","","","NpcPath","3596.81177","51.7449989","788.208923","3596.06885","52.2449989","788.53479","","25","base_unknown=0;follow_type=1;follow_unknown=25","2","base_unknown=0;follow_type=1;follow_unknown=25;path_count=2;decoded_path_count=2",""
"2026-07-21T19:57:01.7541160Z","IN","2448","FollowTarget","SimpleChar","7986655D","SimpleChar:7986655D","Malfunctioning Cleaning Robot","","","","","NpcPath","3597.85278","51.7449989","772.544922","3597.2937","52.5","771.938782","","24","base_unknown=0;follow_type=1;follow_unknown=24","2","base_unknown=0;follow_type=1;follow_unknown=24;path_count=2;decoded_path_count=2",""
"2026-07-21T19:57:01.7541160Z","IN","2447","FollowTarget","SimpleChar","79866560","SimpleChar:79866560","Malfunctioning Cleaning Robot","","","","","NpcPath","3600.08569","51.9249954","786.934692","3599.22363","52.5","786.799927","","24","base_unknown=0;follow_type=1;follow_unknown=24","2","base_unknown=0;follow_type=1;follow_unknown=24;path_count=2;decoded_path_count=2",""
"2026-07-21T19:57:01.8940290Z","IN","2452","FollowTarget","SimpleChar","79543CB6","SimpleChar:79543CB6","Malfunctioning Cleaning Robot","","","","","NpcPath","3596.979","51.7449989","783.935852","3596.06372","52.2449989","784.07312","","25","base_unknown=0;follow_type=1;follow_unknown=25","2","base_unknown=0;follow_type=1;follow_unknown=25;path_count=2;decoded_path_count=2",""
"2026-07-21T19:57:01.8940290Z","IN","2451","FollowTarget","SimpleChar","797D36A5","SimpleChar:797D36A5","Malfunctioning Cleaning Robot","","","","","NpcPath","3596.81177","51.7449989","788.208923","3596.05908","52.2449989","788.494141","","25","base_unknown=0;follow_type=1;follow_unknown=25","2","base_unknown=0;follow_type=1;follow_unknown=25;path_count=2;decoded_path_count=2",""
"2026-07-21T19:57:01.8940290Z","IN","2454","FollowTarget","SimpleChar","7986655D","SimpleChar:7986655D","Malfunctioning Cleaning Robot","","","","","NpcPath","3597.85278","51.7449989","772.544922","3597.29468","52.5","772.056458","","24","base_unknown=0;follow_type=1;follow_unknown=24","2","base_unknown=0;follow_type=1;follow_unknown=24;path_count=2;decoded_path_count=2",""
"2026-07-21T19:57:01.8940290Z","IN","2453","FollowTarget","SimpleChar","79866560","SimpleChar:79866560","Malfunctioning Cleaning Robot","","","","","NpcPath","3600.08569","51.9249954","786.934692","3599.29102","52.5","787.072754","","24","base_unknown=0;follow_type=1;follow_unknown=24","2","base_unknown=0;follow_type=1;follow_unknown=24;path_count=2;decoded_path_count=2",""
"2026-07-21T19:57:02.1131647Z","IN","2456","FollowTarget","SimpleChar","79543CB6","SimpleChar:79543CB6","Malfunctioning Cleaning Robot","","","","","NpcPath","3596.979","51.7449989","783.935852","3596.07446","52.2449989","783.788879","","25","base_unknown=0;follow_type=1;follow_unknown=25","2","base_unknown=0;follow_type=1;follow_unknown=25;path_count=2;decoded_path_count=2",""
"2026-07-21T19:57:02.1131647Z","IN","2455","FollowTarget","SimpleChar","797D36A5","SimpleChar:797D36A5","Malfunctioning Cleaning Robot","","","","","NpcPath","3596.81177","51.7449989","788.208923","3596.04956","52.2449989","788.468323","","25","base_unknown=0;follow_type=1;follow_unknown=25","2","base_unknown=0;follow_type=1;follow_unknown=25;path_count=2;decoded_path_count=2",""
"2026-07-21T19:57:02.1131647Z","IN","2457","FollowTarget","SimpleChar","79866560","SimpleChar:79866560","Malfunctioning Cleaning Robot","","","","","NpcPath","3600.08569","51.9249954","786.934692","3599.16895","52.5","787.247925","","24","base_unknown=0;follow_type=1;follow_unknown=24","2","base_unknown=0;follow_type=1;follow_unknown=24;path_count=2;decoded_path_count=2",""
"2026-07-21T19:57:02.1141642Z","IN","2458","FollowTarget","SimpleChar","7986655D","SimpleChar:7986655D","Malfunctioning Cleaning Robot","","","","","NpcPath","3597.85278","51.7449989","772.544922","3597.25586","52.5","771.843506","","24","base_unknown=0;follow_type=1;follow_unknown=24","2","base_unknown=0;follow_type=1;follow_unknown=24;path_count=2;decoded_path_count=2",""
"2026-07-21T19:57:02.3030489Z","IN","2463","FollowTarget","SimpleChar","79543CB6","SimpleChar:79543CB6","Malfunctioning Cleaning Robot","","","","","NpcPath","3596.979","51.7449989","783.935852","3596.05786","52.2449989","783.75946","","25","base_unknown=0;follow_type=1;follow_unknown=25","2","base_unknown=0;follow_type=1;follow_unknown=25;path_count=2;decoded_path_count=2",""
"2026-07-21T19:57:02.3030489Z","IN","2461","FollowTarget","SimpleChar","797D36A5","SimpleChar:797D36A5","Malfunctioning Cleaning Robot","","","","","NpcPath","3596.81177","51.7449989","788.208923","3596.05518","51.7449989","788.482483","","25","base_unknown=0;follow_type=1;follow_unknown=25","2","base_unknown=0;follow_type=1;follow_unknown=25;path_count=2;decoded_path_count=2",""
"2026-07-21T19:57:02.3040465Z","IN","2465","FollowTarget","SimpleChar","7986655D","SimpleChar:7986655D","Malfunctioning Cleaning Robot","","","","","NpcPath","3597.85278","51.7449989","772.544922","3597.23535","52.5","772.186096","","24","base_unknown=0;follow_type=1;follow_unknown=24","2","base_unknown=0;follow_type=1;follow_unknown=24;path_count=2;decoded_path_count=2",""
"2026-07-21T19:57:02.3040465Z","IN","2464","FollowTarget","SimpleChar","79866560","SimpleChar:79866560","Malfunctioning Cleaning Robot","","","","","NpcPath","3600.08569","51.9249954","786.934692","3599.29517","52.5","786.946655","","24","base_unknown=0;follow_type=1;follow_unknown=24","2","base_unknown=0;follow_type=1;follow_unknown=24;path_count=2;decoded_path_count=2",""
"2026-07-21T19:57:02.5069221Z","IN","2468","FollowTarget","SimpleChar","79543CB6","SimpleChar:79543CB6","Malfunctioning Cleaning Robot","","","","","NpcPath","3596.979","51.7449989","783.935852","3596.10083","52.2449989","783.972412","","25","base_unknown=0;follow_type=1;follow_unknown=25","2","base_unknown=0;follow_type=1;follow_unknown=25;path_count=2;decoded_path_count=2",""
"2026-07-21T19:57:02.5069221Z","IN","2467","FollowTarget","SimpleChar","797D36A5","SimpleChar:797D36A5","Malfunctioning Cleaning Robot","","","","","NpcPath","3596.81177","51.7449989","788.208923","3596.05518","51.7449989","788.482483","","25","base_unknown=0;follow_type=1;follow_unknown=25","2","base_unknown=0;follow_type=1;follow_unknown=25;path_count=2;decoded_path_count=2",""
"2026-07-21T19:57:02.5069221Z","IN","2470","FollowTarget","SimpleChar","7986655D","SimpleChar:7986655D","Malfunctioning Cleaning Robot","","","","","NpcPath","3597.85278","51.7449989","772.544922","3597.29932","52.5","772.019714","","24","base_unknown=0;follow_type=1;follow_unknown=24","2","base_unknown=0;follow_type=1;follow_unknown=24;path_count=2;decoded_path_count=2",""
"2026-07-21T19:57:02.5069221Z","IN","2469","FollowTarget","SimpleChar","79866560","SimpleChar:79866560","Malfunctioning Cleaning Robot","","","","","NpcPath","3600.08569","51.9249954","786.934692","3599.13037","52.5","786.729797","","24","base_unknown=0;follow_type=1;follow_unknown=24","2","base_unknown=0;follow_type=1;follow_unknown=24;path_count=2;decoded_path_count=2",""
"2026-07-21T19:57:02.7137941Z","IN","2476","FollowTarget","SimpleChar","79543CB6","SimpleChar:79543CB6","Malfunctioning Cleaning Robot","","","","","NpcPath","3596.979","51.7449989","783.935852","3596.05273","52.2449989","784.090637","","25","base_unknown=0;follow_type=1;follow_unknown=25","2","base_unknown=0;follow_type=1;follow_unknown=25;path_count=2;decoded_path_count=2",""
"2026-07-21T19:57:02.7137941Z","IN","2475","FollowTarget","SimpleChar","797D36A5","SimpleChar:797D36A5","Malfunctioning Cleaning Robot","","","","","NpcPath","3596.81177","51.7449989","788.208923","3596.05518","51.7449989","788.482483","","25","base_unknown=0;follow_type=1;follow_unknown=25","2","base_unknown=0;follow_type=1;follow_unknown=25;path_count=2;decoded_path_count=2",""
"2026-07-21T19:57:02.7137941Z","IN","2478","FollowTarget","SimpleChar","7986655D","SimpleChar:7986655D","Malfunctioning Cleaning Robot","","","","","NpcPath","3597.85278","51.7449989","772.544922","3597.29077","52.5","772.07373","","24","base_unknown=0;follow_type=1;follow_unknown=24","2","base_unknown=0;follow_type=1;follow_unknown=24;path_count=2;decoded_path_count=2",""
"2026-07-21T19:57:02.7137941Z","IN","2477","FollowTarget","SimpleChar","79866560","SimpleChar:79866560","Malfunctioning Cleaning Robot","","","","","NpcPath","3600.08569","51.9249954","786.934692","3599.22974","52.5","787.192932","","24","base_unknown=0;follow_type=1;follow_unknown=24","2","base_unknown=0;follow_type=1;follow_unknown=24;path_count=2;decoded_path_count=2",""
"2026-07-21T19:57:02.9206663Z","IN","2480","FollowTarget","SimpleChar","79543CB6","SimpleChar:79543CB6","Malfunctioning Cleaning Robot","","","","","NpcPath","3596.979","51.7449989","783.935852","3596.10522","51.7449989","783.924805","","25","base_unknown=0;follow_type=1;follow_unknown=25","2","base_unknown=0;follow_type=1;follow_unknown=25;path_count=2;decoded_path_count=2",""
"2026-07-21T19:57:02.9206663Z","IN","2479","FollowTarget","SimpleChar","797D36A5","SimpleChar:797D36A5","Malfunctioning Cleaning Robot","","","","","NpcPath","3596.81177","51.7449989","788.208923","3596.02417","52.2449989","788.748291","","25","base_unknown=0;follow_type=1;follow_unknown=25","2","base_unknown=0;follow_type=1;follow_unknown=25;path_count=2;decoded_path_count=2",""
"2026-07-21T19:57:02.9206663Z","IN","2482","FollowTarget","SimpleChar","7986655D","SimpleChar:7986655D","Malfunctioning Cleaning Robot","","","","","NpcPath","3597.85278","51.7449989","772.544922","3597.29932","52.5","771.980835","","24","base_unknown=0;follow_type=1;follow_unknown=24","2","base_unknown=0;follow_type=1;follow_unknown=24;path_count=2;decoded_path_count=2",""
"2026-07-21T19:57:02.9206663Z","IN","2481","FollowTarget","SimpleChar","79866560","SimpleChar:79866560","Malfunctioning Cleaning Robot","","","","","NpcPath","3600.08569","51.9249954","786.934692","3599.25757","52.5","786.84613","","24","base_unknown=0;follow_type=1;follow_unknown=24","2","base_unknown=0;follow_type=1;follow_unknown=24;path_count=2;decoded_path_count=2",""
"2026-07-21T19:57:03.3993736Z","IN","2487","FollowTarget","SimpleChar","79543CB6","SimpleChar:79543CB6","Malfunctioning Cleaning Robot","","","","","NpcPath","3596.979","51.7449989","783.935852","3596.07227","52.2449989","783.784363","","25","base_unknown=0;follow_type=1;follow_unknown=25","2","base_unknown=0;follow_type=1;follow_unknown=25;path_count=2;decoded_path_count=2",""
"2026-07-21T19:57:03.3993736Z","IN","2485","FollowTarget","SimpleChar","797D36A5","SimpleChar:797D36A5","Malfunctioning Cleaning Robot","","","","","NpcPath","3596.81177","51.7449989","788.208923","3596.07251","52.2449989","788.602173","","25","base_unknown=0;follow_type=1;follow_unknown=25","2","base_unknown=0;follow_type=1;follow_unknown=25;path_count=2;decoded_path_count=2",""
"2026-07-21T19:57:03.3993736Z","IN","2490","FollowTarget","SimpleChar","797D36A5","SimpleChar:797D36A5","Malfunctioning Cleaning Robot","","","","","NpcPath","3596.81177","51.7449989","788.208923","3596.06396","52.2449989","788.657532","","25","base_unknown=0;follow_type=1;follow_unknown=25","2","base_unknown=0;follow_type=1;follow_unknown=25;path_count=2;decoded_path_count=2",""
"2026-07-21T19:57:03.3993736Z","IN","2486","FollowTarget","SimpleChar","79866547","SimpleChar:79866547","Malfunctioning Cleaning Robot","","","","","NpcPath","3608.02612","53.2449989","801.701172","3620.80981","52.5","784.231934","","24","base_unknown=0;follow_type=1;follow_unknown=24","2","base_unknown=0;follow_type=1;follow_unknown=24;path_count=2;decoded_path_count=2",""
"2026-07-21T19:57:03.3993736Z","IN","2489","FollowTarget","SimpleChar","7986655D","SimpleChar:7986655D","Malfunctioning Cleaning Robot","","","","","NpcPath","3597.85278","51.7449989","772.544922","3597.27759","52.5","771.886047","","24","base_unknown=0;follow_type=1;follow_unknown=24","2","base_unknown=0;follow_type=1;follow_unknown=24;path_count=2;decoded_path_count=2",""
"2026-07-21T19:57:03.3993736Z","IN","2488","FollowTarget","SimpleChar","79866560","SimpleChar:79866560","Malfunctioning Cleaning Robot","","","","","NpcPath","3600.08569","51.9249954","786.934692","3599.10547","52.5","786.719177","","24","base_unknown=0;follow_type=1;follow_unknown=24","2","base_unknown=0;follow_type=1;follow_unknown=24;path_count=2;decoded_path_count=2",""
"2026-07-21T19:57:03.6092420Z","IN","2491","FollowTarget","SimpleChar","79543CB6","SimpleChar:79543CB6","Malfunctioning Cleaning Robot","","","","","NpcPath","3596.979","51.7449989","783.935852","3596.10522","51.7449989","783.924805","","25","base_unknown=0;follow_type=1;follow_unknown=25","2","base_unknown=0;follow_type=1;follow_unknown=25;path_count=2;decoded_path_count=2",""
"2026-07-21T19:57:03.6092420Z","IN","2497","FollowTarget","SimpleChar","79543CB6","SimpleChar:79543CB6","Malfunctioning Cleaning Robot","","","","","NpcPath","3596.979","51.7449989","783.935852","3596.03345","52.2449989","783.726318","","25","base_unknown=0;follow_type=1;follow_unknown=25","2","base_unknown=0;follow_type=1;follow_unknown=25;path_count=2;decoded_path_count=2",""
"2026-07-21T19:57:03.6092420Z","IN","2496","FollowTarget","SimpleChar","797D36A5","SimpleChar:797D36A5","Malfunctioning Cleaning Robot","","","","","NpcPath","3596.81177","51.7449989","788.208923","3596.0271","52.2449989","788.424927","","25","base_unknown=0;follow_type=1;follow_unknown=25","2","base_unknown=0;follow_type=1;follow_unknown=25;path_count=2;decoded_path_count=2",""
"2026-07-21T19:57:03.6092420Z","IN","2494","FollowTarget","SimpleChar","7986655D","SimpleChar:7986655D","Malfunctioning Cleaning Robot","","","","","NpcPath","3597.85278","51.7449989","772.544922","3597.29956","52.5","772.01825","","24","base_unknown=0;follow_type=1;follow_unknown=24","2","base_unknown=0;follow_type=1;follow_unknown=24;path_count=2;decoded_path_count=2",""
"2026-07-21T19:57:03.6092420Z","IN","2492","FollowTarget","SimpleChar","79866560","SimpleChar:79866560","Malfunctioning Cleaning Robot","","","","","NpcPath","3600.0769","51.9249954","786.9328","3599.22339","52.5","787.200317","","24","base_unknown=0;follow_type=1;follow_unknown=24","2","base_unknown=0;follow_type=1;follow_unknown=24;path_count=2;decoded_path_count=2",""
"2026-07-21T19:57:03.6102409Z","IN","2499","FollowTarget","SimpleChar","7986655D","SimpleChar:7986655D","Malfunctioning Cleaning Robot","","","","","NpcPath","3597.85278","51.7449989","772.544922","3597.27808","52.5","771.887512","","24","base_unknown=0;follow_type=1;follow_unknown=24","2","base_unknown=0;follow_type=1;follow_unknown=24;path_count=2;decoded_path_count=2",""
"2026-07-21T19:57:03.6102409Z","IN","2498","FollowTarget","SimpleChar","79866560","SimpleChar:79866560","Malfunctioning Cleaning Robot","","","","","NpcPath","3600.0769","51.9249954","786.9328","3599.27637","52.5","787.116882","","24","base_unknown=0;follow_type=1;follow_unknown=24","2","base_unknown=0;follow_type=1;follow_unknown=24;path_count=2;decoded_path_count=2",""
"2026-07-21T19:57:03.8141160Z","IN","2505","FollowTarget","SimpleChar","79543CB6","SimpleChar:79543CB6","Malfunctioning Cleaning Robot","","","","","NpcPath","3596.979","51.7449989","783.935852","3596.10522","51.7449989","783.924805","","25","base_unknown=0;follow_type=1;follow_unknown=25","2","base_unknown=0;follow_type=1;follow_unknown=25;path_count=2;decoded_path_count=2",""
"2026-07-21T19:57:03.8141160Z","IN","2504","FollowTarget","SimpleChar","797D36A5","SimpleChar:797D36A5","Malfunctioning Cleaning Robot","","","","","NpcPath","3596.81177","51.7449989","788.208923","3596.05005","52.2449989","788.469666","","25","base_unknown=0;follow_type=1;follow_unknown=25","2","base_unknown=0;follow_type=1;follow_unknown=25;path_count=2;decoded_path_count=2",""
"2026-07-21T19:57:03.8151147Z","IN","2507","FollowTarget","SimpleChar","7986655D","SimpleChar:7986655D","Malfunctioning Cleaning Robot","","","","","NpcPath","3597.85278","51.7449989","772.544922","3597.20313","52.5","771.779175","","24","base_unknown=0;follow_type=1;follow_unknown=24","2","base_unknown=0;follow_type=1;follow_unknown=24;path_count=2;decoded_path_count=2",""
"2026-07-21T19:57:03.8151147Z","IN","2506","FollowTarget","SimpleChar","79866560","SimpleChar:79866560","Malfunctioning Cleaning Robot","","","","","NpcPath","3600.0769","51.9249954","786.9328","3599.25122","52.5","786.836121","","24","base_unknown=0;follow_type=1;follow_unknown=24","2","base_unknown=0;follow_type=1;follow_unknown=24;path_count=2;decoded_path_count=2",""
"2026-07-21T19:57:04.2588416Z","IN","2513","FollowTarget","SimpleChar","79543CB6","SimpleChar:79543CB6","Malfunctioning Cleaning Robot","","","","","NpcPath","3596.979","51.7449989","783.935852","3596.02832","52.2449989","784.121521","","25","base_unknown=0;follow_type=1;follow_unknown=25","2","base_unknown=0;follow_type=1;follow_unknown=25;path_count=2;decoded_path_count=2",""
"2026-07-21T19:57:04.2588416Z","IN","2517","FollowTarget","SimpleChar","79543CB6","SimpleChar:79543CB6","Malfunctioning Cleaning Robot","","","","","NpcPath","3596.979","51.7449989","783.935852","3596.10449","52.2449989","783.940552","","25","base_unknown=0;follow_type=1;follow_unknown=25","2","base_unknown=0;follow_type=1;follow_unknown=25;path_count=2;decoded_path_count=2",""
"2026-07-21T19:57:04.2588416Z","IN","2512","FollowTarget","SimpleChar","797D36A5","SimpleChar:797D36A5","Malfunctioning Cleaning Robot","","","","","NpcPath","3596.81177","51.7449989","788.208923","3596.07275","52.2449989","788.595886","","25","base_unknown=0;follow_type=1;follow_unknown=25","2","base_unknown=0;follow_type=1;follow_unknown=25;path_count=2;decoded_path_count=2",""
"2026-07-21T19:57:04.2588416Z","IN","2516","FollowTarget","SimpleChar","797D36A5","SimpleChar:797D36A5","Malfunctioning Cleaning Robot","","","","","NpcPath","3596.81177","51.7449989","788.208923","3596.05518","51.7449989","788.482483","","25","base_unknown=0;follow_type=1;follow_unknown=25","2","base_unknown=0;follow_type=1;follow_unknown=25;path_count=2;decoded_path_count=2",""
"2026-07-21T19:57:04.2588416Z","IN","2515","FollowTarget","SimpleChar","7986655D","SimpleChar:7986655D","Malfunctioning Cleaning Robot","","","","","NpcPath","3597.84497","51.7449989","772.535645","3597.29834","52.5","772.032593","","24","base_unknown=0;follow_type=1;follow_unknown=24","2","base_unknown=0;follow_type=1;follow_unknown=24;path_count=2;decoded_path_count=2",""
"2026-07-21T19:57:04.2588416Z","IN","2514","FollowTarget","SimpleChar","79866560","SimpleChar:79866560","Malfunctioning Cleaning Robot","","","","","NpcPath","3600.0769","51.9249954","786.9328","3599.13086","52.5","787.269958","","24","base_unknown=0;follow_type=1;follow_unknown=24","2","base_unknown=0;follow_type=1;follow_unknown=24;path_count=2;decoded_path_count=2",""
"2026-07-21T19:57:04.2588416Z","IN","2518","FollowTarget","SimpleChar","79866560","SimpleChar:79866560","Malfunctioning Cleaning Robot","","","","","NpcPath","3600.07227","51.9249954","786.934448","3599.22119","52.5","786.797363","","24","base_unknown=0;follow_type=1;follow_unknown=24","2","base_unknown=0;follow_type=1;follow_unknown=24;path_count=2;decoded_path_count=2",""
"2026-07-21T19:57:04.2598414Z","IN","2519","FollowTarget","SimpleChar","7986655D","SimpleChar:7986655D","Malfunctioning Cleaning Robot","","","","","NpcPath","3597.84497","51.7449989","772.535645","3597.16748","52.5","772.248901","","24","base_unknown=0;follow_type=1;follow_unknown=24","2","base_unknown=0;follow_type=1;follow_unknown=24;path_count=2;decoded_path_count=2",""
"2026-07-21T19:57:04.4577188Z","IN","2521","FollowTarget","SimpleChar","79543CB6","SimpleChar:79543CB6","Malfunctioning Cleaning Robot","","","","","NpcPath","3596.979","51.7449989","783.935852","3596.10522","51.7449989","783.924805","","25","base_unknown=0;follow_type=1;follow_unknown=25","2","base_unknown=0;follow_type=1;follow_unknown=25;path_count=2;decoded_path_count=2",""
"2026-07-21T19:57:04.4577188Z","IN","2520","FollowTarget","SimpleChar","797D36A5","SimpleChar:797D36A5","Malfunctioning Cleaning Robot","","","","","NpcPath","3596.81177","51.7449989","788.208923","3596.05518","51.7449989","788.482483","","25","base_unknown=0;follow_type=1;follow_unknown=25","2","base_unknown=0;follow_type=1;follow_unknown=25;path_count=2;decoded_path_count=2",""
"2026-07-21T19:57:04.4577188Z","IN","2523","FollowTarget","SimpleChar","7986655D","SimpleChar:7986655D","Malfunctioning Cleaning Robot","","","","","NpcPath","3597.84497","51.7449989","772.535645","3597.24219","52.5","772.177063","","24","base_unknown=0;follow_type=1;follow_unknown=24","2","base_unknown=0;follow_type=1;follow_unknown=24;path_count=2;decoded_path_count=2",""
"2026-07-21T19:57:04.4577188Z","IN","2522","FollowTarget","SimpleChar","79866560","SimpleChar:79866560","Malfunctioning Cleaning Robot","","","","","NpcPath","3600.07227","51.9249954","786.934448","3599.19312","52.5","787.229553","","24","base_unknown=0;follow_type=1;follow_unknown=24","2","base_unknown=0;follow_type=1;follow_unknown=24;path_count=2;decoded_path_count=2",""
"2026-07-21T19:57:04.6665895Z","IN","2525","FollowTarget","SimpleChar","79543CB6","SimpleChar:79543CB6","Malfunctioning Cleaning Robot","","","","","NpcPath","3596.979","51.7449989","783.935852","3596.07837","52.2449989","784.0448","","25","base_unknown=0;follow_type=1;follow_unknown=25","2","base_unknown=0;follow_type=1;follow_unknown=25;path_count=2;decoded_path_count=2",""
"2026-07-21T19:57:04.6665895Z","IN","2524","FollowTarget","SimpleChar","797D36A5","SimpleChar:797D36A5","Malfunctioning Cleaning Robot","","","","","NpcPath","3596.81177","51.7449989","788.208923","3596.01782","52.2449989","788.757751","","25","base_unknown=0;follow_type=1;follow_unknown=25","2","base_unknown=0;follow_type=1;follow_unknown=25;path_count=2;decoded_path_count=2",""
"2026-07-21T19:57:04.6665895Z","IN","2527","FollowTarget","SimpleChar","7986655D","SimpleChar:7986655D","Malfunctioning Cleaning Robot","","","","","NpcPath","3597.84497","51.7449989","772.535645","3597.29614","52.5","772.048035","","24","base_unknown=0;follow_type=1;follow_unknown=24","2","base_unknown=0;follow_type=1;follow_unknown=24;path_count=2;decoded_path_count=2",""
"2026-07-21T19:57:04.6665895Z","IN","2526","FollowTarget","SimpleChar","79866560","SimpleChar:79866560","Malfunctioning Cleaning Robot","","","","","NpcPath","3600.07227","51.9249954","786.934448","3599.06177","52.5","786.706421","","24","base_unknown=0;follow_type=1;follow_unknown=24","2","base_unknown=0;follow_type=1;follow_unknown=24;path_count=2;decoded_path_count=2",""
"2026-07-21T19:57:05.0993240Z","IN","2534","FollowTarget","SimpleChar","79543CB6","SimpleChar:79543CB6","Malfunctioning Cleaning Robot","","","","","NpcPath","3596.979","51.7449989","783.935852","3596.10522","51.7449989","783.924805","","25","base_unknown=0;follow_type=1;follow_unknown=25","2","base_unknown=0;follow_type=1;follow_unknown=25;path_count=2;decoded_path_count=2",""
"2026-07-21T19:57:05.0993240Z","IN","2533","FollowTarget","SimpleChar","797D36A5","SimpleChar:797D36A5","Malfunctioning Cleaning Robot","","","","","NpcPath","3596.81177","51.7449989","788.208923","3596.05518","51.7449989","788.482483","","25","base_unknown=0;follow_type=1;follow_unknown=25","2","base_unknown=0;follow_type=1;follow_unknown=25;path_count=2;decoded_path_count=2",""
"2026-07-21T19:57:05.0993240Z","IN","2536","FollowTarget","SimpleChar","7986655D","SimpleChar:7986655D","Malfunctioning Cleaning Robot","","","","","NpcPath","3597.84497","51.7449989","772.535645","3596.86816","52.5","772.269531","","24","base_unknown=0;follow_type=1;follow_unknown=24","2","base_unknown=0;follow_type=1;follow_unknown=24;path_count=2;decoded_path_count=2",""
"2026-07-21T19:57:05.0993240Z","IN","2535","FollowTarget","SimpleChar","79866560","SimpleChar:79866560","Malfunctioning Cleaning Robot","","","","","NpcPath","3600.03101","51.9249954","786.92511","3599.0896","52.5","786.713684","","24","base_unknown=0;follow_type=1;follow_unknown=24","2","base_unknown=0;follow_type=1;follow_unknown=24;path_count=2;decoded_path_count=2",""
"2026-07-21T19:57:05.1003228Z","IN","2539","FollowTarget","SimpleChar","79543CB6","SimpleChar:79543CB6","Malfunctioning Cleaning Robot","","","","","NpcPath","3596.979","51.7449989","783.935852","3596.10474","52.2449989","783.904175","","25","base_unknown=0;follow_type=1;follow_unknown=25","2","base_unknown=0;follow_type=1;follow_unknown=25;path_count=2;decoded_path_count=2",""
"2026-07-21T19:57:05.1003228Z","IN","2538","FollowTarget","SimpleChar","797D36A5","SimpleChar:797D36A5","Malfunctioning Cleaning Robot","","","","","NpcPath","3596.81177","51.7449989","788.208923","3596.02417","52.2449989","788.748596","","25","base_unknown=0;follow_type=1;follow_unknown=25","2","base_unknown=0;follow_type=1;follow_unknown=25;path_count=2;decoded_path_count=2",""
"2026-07-21T19:57:05.1003228Z","IN","2540","FollowTarget","SimpleChar","79866560","SimpleChar:79866560","Malfunctioning Cleaning Robot","","","","","NpcPath","3600.03101","51.9249954","786.92511","3599.10522","52.5","786.719055","","24","base_unknown=0;follow_type=1;follow_unknown=24","2","base_unknown=0;follow_type=1;follow_unknown=24;path_count=2;decoded_path_count=2",""
"2026-07-21T19:57:05.2742156Z","IN","2542","FollowTarget","SimpleChar","79543CB6","SimpleChar:79543CB6","Malfunctioning Cleaning Robot","","","","","NpcPath","3596.979","51.7449989","783.935852","3596.0271","52.2449989","784.122864","","25","base_unknown=0;follow_type=1;follow_unknown=25","2","base_unknown=0;follow_type=1;follow_unknown=25;path_count=2;decoded_path_count=2",""
"2026-07-21T19:57:05.2742156Z","IN","2541","FollowTarget","SimpleChar","797D36A5","SimpleChar:797D36A5","Malfunctioning Cleaning Robot","","","","","NpcPath","3596.81177","51.7449989","788.208923","3596.05518","51.7449989","788.482483","","25","base_unknown=0;follow_type=1;follow_unknown=25","2","base_unknown=0;follow_type=1;follow_unknown=25;path_count=2;decoded_path_count=2",""
"2026-07-21T19:57:05.2742156Z","IN","2543","FollowTarget","SimpleChar","79866560","SimpleChar:79866560","Malfunctioning Cleaning Robot","","","","","NpcPath","3600.03101","51.9249954","786.92511","3599.23975","52.5","786.819641","","24","base_unknown=0;follow_type=1;follow_unknown=24","2","base_unknown=0;follow_type=1;follow_unknown=24;path_count=2;decoded_path_count=2",""
"2026-07-21T19:57:05.4880842Z","IN","2545","FollowTarget","SimpleChar","79543CB6","SimpleChar:79543CB6","Malfunctioning Cleaning Robot","","","","","NpcPath","3596.979","51.7449989","783.935852","3596.10522","51.7449989","783.924805","","25","base_unknown=0;follow_type=1;follow_unknown=25","2","base_unknown=0;follow_type=1;follow_unknown=25;path_count=2;decoded_path_count=2",""
"2026-07-21T19:57:05.4880842Z","IN","2544","FollowTarget","SimpleChar","797D36A5","SimpleChar:797D36A5","Malfunctioning Cleaning Robot","","","","","NpcPath","3596.81177","51.7449989","788.208923","3596.05518","51.7449989","788.482483","","25","base_unknown=0;follow_type=1;follow_unknown=25","2","base_unknown=0;follow_type=1;follow_unknown=25;path_count=2;decoded_path_count=2",""
"2026-07-21T19:57:05.4880842Z","IN","2546","FollowTarget","SimpleChar","79866560","SimpleChar:79866560","Malfunctioning Cleaning Robot","","","","","NpcPath","3600.03101","51.9249954","786.92511","3599.06055","52.5","787.293823","","24","base_unknown=0;follow_type=1;follow_unknown=24","2","base_unknown=0;follow_type=1;follow_unknown=24;path_count=2;decoded_path_count=2",""
"2026-07-21T19:57:05.6819629Z","IN","2549","FollowTarget","SimpleChar","79543CB6","SimpleChar:79543CB6","Malfunctioning Cleaning Robot","","","","","NpcPath","3596.979","51.7449989","783.935852","3596.06934","52.2449989","784.063049","","25","base_unknown=0;follow_type=1;follow_unknown=25","2","base_unknown=0;follow_type=1;follow_unknown=25;path_count=2;decoded_path_count=2",""
"2026-07-21T19:57:05.6819629Z","IN","2548","FollowTarget","SimpleChar","797D36A5","SimpleChar:797D36A5","Malfunctioning Cleaning Robot","","","","","NpcPath","3596.81177","51.7449989","788.208923","3596.05518","51.7449989","788.482483","","25","base_unknown=0;follow_type=1;follow_unknown=25","2","base_unknown=0;follow_type=1;follow_unknown=25;path_count=2;decoded_path_count=2",""
"2026-07-21T19:57:05.8838404Z","IN","2555","FollowTarget","SimpleChar","79543CB6","SimpleChar:79543CB6","Malfunctioning Cleaning Robot","","","","","NpcPath","3596.979","51.7449989","783.935852","3596.10522","51.7449989","783.924805","","25","base_unknown=0;follow_type=1;follow_unknown=25","2","base_unknown=0;follow_type=1;follow_unknown=25;path_count=2;decoded_path_count=2",""
"2026-07-21T19:57:05.8838404Z","IN","2554","FollowTarget","SimpleChar","797D36A5","SimpleChar:797D36A5","Malfunctioning Cleaning Robot","","","","","NpcPath","3596.81177","51.7449989","788.208923","3596.05518","51.7449989","788.482483","","25","base_unknown=0;follow_type=1;follow_unknown=25","2","base_unknown=0;follow_type=1;follow_unknown=25;path_count=2;decoded_path_count=2",""
"2026-07-21T19:57:06.1236929Z","IN","2557","FollowTarget","SimpleChar","79543CB6","SimpleChar:79543CB6","Malfunctioning Cleaning Robot","","","","","NpcPath","3596.979","51.7449989","783.935852","3596.10522","51.7449989","783.924805","","25","base_unknown=0;follow_type=1;follow_unknown=25","2","base_unknown=0;follow_type=1;follow_unknown=25;path_count=2;decoded_path_count=2",""
"2026-07-21T19:57:06.1236929Z","IN","2556","FollowTarget","SimpleChar","797D36A5","SimpleChar:797D36A5","Malfunctioning Cleaning Robot","","","","","NpcPath","3596.81177","51.7449989","788.208923","3596.05518","51.7449989","788.482483","","25","base_unknown=0;follow_type=1;follow_unknown=25","2","base_unknown=0;follow_type=1;follow_unknown=25;path_count=2;decoded_path_count=2",""
"2026-07-21T19:57:06.3425565Z","IN","2559","FollowTarget","SimpleChar","79543CB6","SimpleChar:79543CB6","Malfunctioning Cleaning Robot","","","","","NpcPath","3596.979","51.7449989","783.935852","3596.10522","51.7449989","783.924805","","25","base_unknown=0;follow_type=1;follow_unknown=25","2","base_unknown=0;follow_type=1;follow_unknown=25;path_count=2;decoded_path_count=2",""
"2026-07-21T19:57:06.3425565Z","IN","2558","FollowTarget","SimpleChar","797D36A5","SimpleChar:797D36A5","Malfunctioning Cleaning Robot","","","","","NpcPath","3596.81177","51.7449989","788.208923","3596.06909","52.2449989","788.536621","","25","base_unknown=0;follow_type=1;follow_unknown=25","2","base_unknown=0;follow_type=1;follow_unknown=25;path_count=2;decoded_path_count=2",""
"2026-07-21T19:57:06.5424332Z","IN","2561","FollowTarget","SimpleChar","79543CB6","SimpleChar:79543CB6","Malfunctioning Cleaning Robot","","","","","NpcPath","3596.979","51.7449989","783.935852","3596.10425","52.2449989","783.944275","","25","base_unknown=0;follow_type=1;follow_unknown=25","2","base_unknown=0;follow_type=1;follow_unknown=25;path_count=2;decoded_path_count=2",""
"2026-07-21T19:57:06.5424332Z","IN","2560","FollowTarget","SimpleChar","797D36A5","SimpleChar:797D36A5","Malfunctioning Cleaning Robot","","","","","NpcPath","3596.81177","51.7449989","788.208923","3596.05518","51.7449989","788.482483","","25","base_unknown=0;follow_type=1;follow_unknown=25","2","base_unknown=0;follow_type=1;follow_unknown=25;path_count=2;decoded_path_count=2",""
"2026-07-21T19:57:06.7443086Z","IN","2563","FollowTarget","SimpleChar","79543CB6","SimpleChar:79543CB6","Malfunctioning Cleaning Robot","","","","","NpcPath","3596.979","51.7449989","783.935852","3596.10522","51.7449989","783.924805","","25","base_unknown=0;follow_type=1;follow_unknown=25","2","base_unknown=0;follow_type=1;follow_unknown=25;path_count=2;decoded_path_count=2",""
"2026-07-21T19:57:06.7443086Z","IN","2562","FollowTarget","SimpleChar","797D36A5","SimpleChar:797D36A5","Malfunctioning Cleaning Robot","","","","","NpcPath","3596.81177","51.7449989","788.208923","3596.07251","52.2449989","788.600403","","25","base_unknown=0;follow_type=1;follow_unknown=25","2","base_unknown=0;follow_type=1;follow_unknown=25;path_count=2;decoded_path_count=2",""
"2026-07-21T19:57:06.9461844Z","IN","2570","FollowTarget","SimpleChar","79543CB6","SimpleChar:79543CB6","Malfunctioning Cleaning Robot","","","","","NpcPath","3596.979","51.7449989","783.935852","3596.07886","52.2449989","783.797974","","25","base_unknown=0;follow_type=1;follow_unknown=25","2","base_unknown=0;follow_type=1;follow_unknown=25;path_count=2;decoded_path_count=2",""
"2026-07-21T19:57:06.9461844Z","IN","2569","FollowTarget","SimpleChar","797D36A5","SimpleChar:797D36A5","Malfunctioning Cleaning Robot","","","","","NpcPath","3596.81177","51.7449989","788.208923","3596.05518","51.7449989","788.482483","","25","base_unknown=0;follow_type=1;follow_unknown=25","2","base_unknown=0;follow_type=1;follow_unknown=25;path_count=2;decoded_path_count=2",""
"2026-07-21T19:57:07.1510591Z","IN","2577","FollowTarget","SimpleChar","79543CB6","SimpleChar:79543CB6","Malfunctioning Cleaning Robot","","","","","NpcPath","3596.979","51.7449989","783.935852","3596.07153","52.2449989","784.059021","","25","base_unknown=0;follow_type=1;follow_unknown=25","2","base_unknown=0;follow_type=1;follow_unknown=25;path_count=2;decoded_path_count=2",""
"2026-07-21T19:57:07.1510591Z","IN","2575","FollowTarget","SimpleChar","797D36A5","SimpleChar:797D36A5","Malfunctioning Cleaning Robot","","","","","NpcPath","3596.81177","51.7449989","788.208923","3596.05518","51.7449989","788.482483","","25","base_unknown=0;follow_type=1;follow_unknown=25","2","base_unknown=0;follow_type=1;follow_unknown=25;path_count=2;decoded_path_count=2",""
"2026-07-21T19:57:07.3929101Z","IN","2580","FollowTarget","SimpleChar","79543CB6","SimpleChar:79543CB6","Malfunctioning Cleaning Robot","","","","","NpcPath","3596.979","51.7449989","783.935852","3596.07568","52.2449989","783.791382","","25","base_unknown=0;follow_type=1;follow_unknown=25","2","base_unknown=0;follow_type=1;follow_unknown=25;path_count=2;decoded_path_count=2",""
"2026-07-21T19:57:07.3929101Z","IN","2579","FollowTarget","SimpleChar","797D36A5","SimpleChar:797D36A5","Malfunctioning Cleaning Robot","","","","","NpcPath","3596.81177","51.7449989","788.208923","3596.05518","51.7449989","788.482483","","25","base_unknown=0;follow_type=1;follow_unknown=25","2","base_unknown=0;follow_type=1;follow_unknown=25;path_count=2;decoded_path_count=2",""
"2026-07-21T19:57:07.5947841Z","IN","2583","FollowTarget","SimpleChar","79543CB6","SimpleChar:79543CB6","Malfunctioning Cleaning Robot","","","","","NpcPath","3596.979","51.7449989","783.935852","3596.10083","52.2449989","783.869507","","25","base_unknown=0;follow_type=1;follow_unknown=25","2","base_unknown=0;follow_type=1;follow_unknown=25;path_count=2;decoded_path_count=2",""
"2026-07-21T19:57:07.5947841Z","IN","2582","FollowTarget","SimpleChar","797D36A5","SimpleChar:797D36A5","Malfunctioning Cleaning Robot","","","","","NpcPath","3596.81177","51.7449989","788.208923","3596.07178","52.2449989","788.610718","","25","base_unknown=0;follow_type=1;follow_unknown=25","2","base_unknown=0;follow_type=1;follow_unknown=25;path_count=2;decoded_path_count=2",""
"2026-07-21T19:57:07.8376367Z","IN","2589","FollowTarget","SimpleChar","79543CB6","SimpleChar:79543CB6","Malfunctioning Cleaning Robot","","","","","NpcPath","3596.979","51.7449989","783.935852","3596.10522","51.7449989","783.924805","","25","base_unknown=0;follow_type=1;follow_unknown=25","2","base_unknown=0;follow_type=1;follow_unknown=25;path_count=2;decoded_path_count=2",""
"2026-07-21T19:57:07.8376367Z","IN","2588","FollowTarget","SimpleChar","797D36A5","SimpleChar:797D36A5","Malfunctioning Cleaning Robot","","","","","NpcPath","3596.81177","51.7449989","788.208923","3596.05518","51.7449989","788.482483","","25","base_unknown=0;follow_type=1;follow_unknown=25","2","base_unknown=0;follow_type=1;follow_unknown=25;path_count=2;decoded_path_count=2",""
"2026-07-21T19:57:07.8376367Z","IN","2590","FollowTarget","SimpleChar","79866565","SimpleChar:79866565","Malfunctioning Cleaning Robot","","","","","NpcPath","3622.1228","51.7449989","798.09082","3622.74902","52.5","798.835571","","24","base_unknown=0;follow_type=1;follow_unknown=24","2","base_unknown=0;follow_type=1;follow_unknown=24;path_count=2;decoded_path_count=2",""
"2026-07-21T19:57:08.0395107Z","IN","2592","FollowTarget","SimpleChar","79543CB6","SimpleChar:79543CB6","Malfunctioning Cleaning Robot","","","","","NpcPath","3596.979","51.7449989","783.935852","3596.05615","52.2449989","784.085205","","25","base_unknown=0;follow_type=1;follow_unknown=25","2","base_unknown=0;follow_type=1;follow_unknown=25;path_count=2;decoded_path_count=2",""
"2026-07-21T19:57:08.0395107Z","IN","2591","FollowTarget","SimpleChar","797D36A5","SimpleChar:797D36A5","Malfunctioning Cleaning Robot","","","","","NpcPath","3596.81177","51.7449989","788.208923","3596.01123","52.2449989","788.402222","","25","base_unknown=0;follow_type=1;follow_unknown=25","2","base_unknown=0;follow_type=1;follow_unknown=25;path_count=2;decoded_path_count=2",""
"2026-07-21T19:57:08.0405098Z","IN","2593","FollowTarget","SimpleChar","79866565","SimpleChar:79866565","Malfunctioning Cleaning Robot","","","","","NpcPath","3622.1228","51.7449989","798.09082","3622.88989","52.5","798.720947","","24","base_unknown=0;follow_type=1;follow_unknown=24","2","base_unknown=0;follow_type=1;follow_unknown=24;path_count=2;decoded_path_count=2",""
"2026-07-21T19:57:08.2593744Z","IN","2595","FollowTarget","SimpleChar","79543CB6","SimpleChar:79543CB6","Malfunctioning Cleaning Robot","","","","","NpcPath","3596.979","51.7449989","783.935852","3596.10522","51.7449989","783.924805","","25","base_unknown=0;follow_type=1;follow_unknown=25","2","base_unknown=0;follow_type=1;follow_unknown=25;path_count=2;decoded_path_count=2",""
"2026-07-21T19:57:08.2593744Z","IN","2594","FollowTarget","SimpleChar","797D36A5","SimpleChar:797D36A5","Malfunctioning Cleaning Robot","","","","","NpcPath","3596.81177","51.7449989","788.208923","3596.05518","51.7449989","788.482483","","25","base_unknown=0;follow_type=1;follow_unknown=25","2","base_unknown=0;follow_type=1;follow_unknown=25;path_count=2;decoded_path_count=2",""
"2026-07-21T19:57:08.2593744Z","IN","2596","FollowTarget","SimpleChar","79866565","SimpleChar:79866565","Malfunctioning Cleaning Robot","","","","","NpcPath","3622.1228","51.7449989","798.09082","3623.19263","52.5","798.770081","","24","base_unknown=0;follow_type=1;follow_unknown=24","2","base_unknown=0;follow_type=1;follow_unknown=24;path_count=2;decoded_path_count=2",""
"2026-07-21T19:57:08.4752402Z","IN","2598","FollowTarget","SimpleChar","79543CB6","SimpleChar:79543CB6","Malfunctioning Cleaning Robot","","","","","NpcPath","3596.979","51.7449989","783.935852","3596.06909","52.2449989","784.063477","","25","base_unknown=0;follow_type=1;follow_unknown=25","2","base_unknown=0;follow_type=1;follow_unknown=25;path_count=2;decoded_path_count=2",""
"2026-07-21T19:57:08.4752402Z","IN","2597","FollowTarget","SimpleChar","797D36A5","SimpleChar:797D36A5","Malfunctioning Cleaning Robot","","","","","NpcPath","3596.81177","51.7449989","788.208923","3596.00952","52.2449989","788.400085","","25","base_unknown=0;follow_type=1;follow_unknown=25","2","base_unknown=0;follow_type=1;follow_unknown=25;path_count=2;decoded_path_count=2",""
"2026-07-21T19:57:08.6761163Z","IN","2602","FollowTarget","SimpleChar","79543CB6","SimpleChar:79543CB6","Malfunctioning Cleaning Robot","","","","","NpcPath","3596.979","51.7449989","783.935852","3596.06104","52.2449989","784.07782","","25","base_unknown=0;follow_type=1;follow_unknown=25","2","base_unknown=0;follow_type=1;follow_unknown=25;path_count=2;decoded_path_count=2",""
"2026-07-21T19:57:08.6761163Z","IN","2601","FollowTarget","SimpleChar","797D36A5","SimpleChar:797D36A5","Malfunctioning Cleaning Robot","","","","","NpcPath","3596.81177","51.7449989","788.208923","3596.06519","52.2449989","788.516724","","25","base_unknown=0;follow_type=1;follow_unknown=25","2","base_unknown=0;follow_type=1;follow_unknown=25;path_count=2;decoded_path_count=2",""
"2026-07-21T19:57:09.1338363Z","IN","2609","FollowTarget","SimpleChar","79543CB6","SimpleChar:79543CB6","Malfunctioning Cleaning Robot","","","","","NpcPath","3596.979","51.7449989","783.935852","3596.10522","51.7449989","783.924805","","25","base_unknown=0;follow_type=1;follow_unknown=25","2","base_unknown=0;follow_type=1;follow_unknown=25;path_count=2;decoded_path_count=2",""
"2026-07-21T19:57:09.1338363Z","IN","2611","FollowTarget","SimpleChar","79543CB6","SimpleChar:79543CB6","Malfunctioning Cleaning Robot","","","","","NpcPath","3596.979","51.7449989","783.935852","3596.0835","52.2449989","784.032715","","25","base_unknown=0;follow_type=1;follow_unknown=25","2","base_unknown=0;follow_type=1;follow_unknown=25;path_count=2;decoded_path_count=2",""
"2026-07-21T19:57:09.1338363Z","IN","2608","FollowTarget","SimpleChar","797D36A5","SimpleChar:797D36A5","Malfunctioning Cleaning Robot","","","","","NpcPath","3596.81177","51.7449989","788.208923","3596.05518","51.7449989","788.482483","","25","base_unknown=0;follow_type=1;follow_unknown=25","2","base_unknown=0;follow_type=1;follow_unknown=25;path_count=2;decoded_path_count=2",""
"2026-07-21T19:57:09.1338363Z","IN","2610","FollowTarget","SimpleChar","797D36A5","SimpleChar:797D36A5","Malfunctioning Cleaning Robot","","","","","NpcPath","3596.81177","51.7449989","788.208923","3596.0459","52.2449989","788.460083","","25","base_unknown=0;follow_type=1;follow_unknown=25","2","base_unknown=0;follow_type=1;follow_unknown=25;path_count=2;decoded_path_count=2",""
"2026-07-21T19:57:09.3207192Z","IN","2617","FollowTarget","SimpleChar","79543CB6","SimpleChar:79543CB6","Malfunctioning Cleaning Robot","","","","","NpcPath","3596.979","51.7449989","783.935852","3596.10522","51.7449989","783.924805","","25","base_unknown=0;follow_type=1;follow_unknown=25","2","base_unknown=0;follow_type=1;follow_unknown=25;path_count=2;decoded_path_count=2",""
"2026-07-21T19:57:09.3207192Z","IN","2616","FollowTarget","SimpleChar","797D36A5","SimpleChar:797D36A5","Malfunctioning Cleaning Robot","","","","","NpcPath","3596.81177","51.7449989","788.208923","3596.05518","51.7449989","788.482483","","25","base_unknown=0;follow_type=1;follow_unknown=25","2","base_unknown=0;follow_type=1;follow_unknown=25;path_count=2;decoded_path_count=2",""
"2026-07-21T19:57:09.5596381Z","IN","2620","FollowTarget","SimpleChar","79543CB6","SimpleChar:79543CB6","Malfunctioning Cleaning Robot","","","","","NpcPath","3596.979","51.7449989","783.935852","3596.10522","51.7449989","783.924805","","25","base_unknown=0;follow_type=1;follow_unknown=25","2","base_unknown=0;follow_type=1;follow_unknown=25;path_count=2;decoded_path_count=2",""
"2026-07-21T19:57:09.5596381Z","IN","2619","FollowTarget","SimpleChar","797D36A5","SimpleChar:797D36A5","Malfunctioning Cleaning Robot","","","","","NpcPath","3596.81177","51.7449989","788.208923","3596.06299","52.2449989","788.507874","","25","base_unknown=0;follow_type=1;follow_unknown=25","2","base_unknown=0;follow_type=1;follow_unknown=25;path_count=2;decoded_path_count=2",""
"2026-07-21T19:57:09.7685082Z","IN","2622","FollowTarget","SimpleChar","79543CB6","SimpleChar:79543CB6","Malfunctioning Cleaning Robot","","","","","NpcPath","3596.979","51.7449989","783.935852","3596.09009","52.2449989","783.827454","","25","base_unknown=0;follow_type=1;follow_unknown=25","2","base_unknown=0;follow_type=1;follow_unknown=25;path_count=2;decoded_path_count=2",""
"2026-07-21T19:57:09.7685082Z","IN","2621","FollowTarget","SimpleChar","797D36A5","SimpleChar:797D36A5","Malfunctioning Cleaning Robot","","","","","NpcPath","3596.81177","51.7449989","788.208923","3596.04468","52.2449989","788.711548","","25","base_unknown=0;follow_type=1;follow_unknown=25","2","base_unknown=0;follow_type=1;follow_unknown=25;path_count=2;decoded_path_count=2",""
"2026-07-21T19:57:09.9723362Z","IN","2627","FollowTarget","SimpleChar","79543CB6","SimpleChar:79543CB6","Malfunctioning Cleaning Robot","","","","","NpcPath","3596.979","51.7449989","783.935852","3596.01099","52.2449989","784.139282","","25","base_unknown=0;follow_type=1;follow_unknown=25","2","base_unknown=0;follow_type=1;follow_unknown=25;path_count=2;decoded_path_count=2",""
"2026-07-21T19:57:09.9723362Z","IN","2626","FollowTarget","SimpleChar","797D36A5","SimpleChar:797D36A5","Malfunctioning Cleaning Robot","","","","","NpcPath","3596.81177","51.7449989","788.208923","3596.06396","52.2449989","788.656982","","25","base_unknown=0;follow_type=1;follow_unknown=25","2","base_unknown=0;follow_type=1;follow_unknown=25;path_count=2;decoded_path_count=2",""
"2026-07-21T19:57:10.1762110Z","IN","2633","FollowTarget","SimpleChar","79543CB6","SimpleChar:79543CB6","Malfunctioning Cleaning Robot","","","","","NpcPath","3596.979","51.7449989","783.935852","3596.10522","51.7449989","783.924805","","25","base_unknown=0;follow_type=1;follow_unknown=25","2","base_unknown=0;follow_type=1;follow_unknown=25;path_count=2;decoded_path_count=2",""
"2026-07-21T19:57:10.1762110Z","IN","2632","FollowTarget","SimpleChar","797D36A5","SimpleChar:797D36A5","Malfunctioning Cleaning Robot","","","","","NpcPath","3596.81177","51.7449989","788.208923","3596.01343","52.2449989","788.763916","","25","base_unknown=0;follow_type=1;follow_unknown=25","2","base_unknown=0;follow_type=1;follow_unknown=25;path_count=2;decoded_path_count=2",""
"2026-07-21T19:57:10.4120646Z","IN","2637","FollowTarget","SimpleChar","79543CB6","SimpleChar:79543CB6","Malfunctioning Cleaning Robot","","","","","NpcPath","3596.979","51.7449989","783.935852","3596.10498","52.2449989","783.934692","","25","base_unknown=0;follow_type=1;follow_unknown=25","2","base_unknown=0;follow_type=1;follow_unknown=25;path_count=2;decoded_path_count=2",""
"2026-07-21T19:57:10.4120646Z","IN","2636","FollowTarget","SimpleChar","797D36A5","SimpleChar:797D36A5","Malfunctioning Cleaning Robot","","","","","NpcPath","3596.81177","51.7449989","788.208923","3596.05518","51.7449989","788.482483","","25","base_unknown=0;follow_type=1;follow_unknown=25","2","base_unknown=0;follow_type=1;follow_unknown=25;path_count=2;decoded_path_count=2",""
"2026-07-21T19:57:10.6289331Z","IN","2639","FollowTarget","SimpleChar","79543CB6","SimpleChar:79543CB6","Malfunctioning Cleaning Robot","","","","","NpcPath","3596.979","51.7449989","783.935852","3596.07153","52.2449989","784.058838","","25","base_unknown=0;follow_type=1;follow_unknown=25","2","base_unknown=0;follow_type=1;follow_unknown=25;path_count=2;decoded_path_count=2",""
"2026-07-21T19:57:10.6289331Z","IN","2638","FollowTarget","SimpleChar","797D36A5","SimpleChar:797D36A5","Malfunctioning Cleaning Robot","","","","","NpcPath","3596.81177","51.7449989","788.208923","3596.05518","51.7449989","788.482483","","25","base_unknown=0;follow_type=1;follow_unknown=25","2","base_unknown=0;follow_type=1;follow_unknown=25;path_count=2;decoded_path_count=2",""
"2026-07-21T19:57:11.0706592Z","IN","2644","FollowTarget","SimpleChar","797D36A5","SimpleChar:797D36A5","Malfunctioning Cleaning Robot","","","","","NpcPath","3596.81177","51.7449989","788.208923","3596.07104","52.2449989","788.551331","","25","base_unknown=0;follow_type=1;follow_unknown=25","2","base_unknown=0;follow_type=1;follow_unknown=25;path_count=2;decoded_path_count=2",""
"2026-07-21T19:57:11.0716587Z","IN","2645","FollowTarget","SimpleChar","79543CB6","SimpleChar:79543CB6","Malfunctioning Cleaning Robot","","","","","NpcPath","3596.979","51.7449989","783.935852","3596.04541","52.2449989","784.10083","","25","base_unknown=0;follow_type=1;follow_unknown=25","2","base_unknown=0;follow_type=1;follow_unknown=25;path_count=2;decoded_path_count=2",""
"2026-07-21T19:57:11.0716587Z","IN","2647","FollowTarget","SimpleChar","79543CB6","SimpleChar:79543CB6","Malfunctioning Cleaning Robot","","","","","NpcPath","3596.979","51.7449989","783.935852","3596.02124","52.2449989","784.129028","","25","base_unknown=0;follow_type=1;follow_unknown=25","2","base_unknown=0;follow_type=1;follow_unknown=25;path_count=2;decoded_path_count=2",""
"2026-07-21T19:57:11.0716587Z","IN","2646","FollowTarget","SimpleChar","797D36A5","SimpleChar:797D36A5","Malfunctioning Cleaning Robot","","","","","NpcPath","3596.81177","51.7449989","788.208923","3596.07275","52.2449989","788.591797","","25","base_unknown=0;follow_type=1;follow_unknown=25","2","base_unknown=0;follow_type=1;follow_unknown=25;path_count=2;decoded_path_count=2",""
"2026-07-21T19:57:11.3195059Z","IN","2650","FollowTarget","SimpleChar","79543CB6","SimpleChar:79543CB6","Malfunctioning Cleaning Robot","","","","","NpcPath","3596.979","51.7449989","783.935852","3596.0354","52.2449989","784.113403","","25","base_unknown=0;follow_type=1;follow_unknown=25","2","base_unknown=0;follow_type=1;follow_unknown=25;path_count=2;decoded_path_count=2",""
"2026-07-21T19:57:11.3195059Z","IN","2649","FollowTarget","SimpleChar","797D36A5","SimpleChar:797D36A5","Malfunctioning Cleaning Robot","","","","","NpcPath","3596.81177","51.7449989","788.208923","3596.05518","51.7449989","788.482483","","25","base_unknown=0;follow_type=1;follow_unknown=25","2","base_unknown=0;follow_type=1;follow_unknown=25;path_count=2;decoded_path_count=2",""
"2026-07-21T19:57:11.5093899Z","IN","2652","FollowTarget","SimpleChar","79543CB6","SimpleChar:79543CB6","Malfunctioning Cleaning Robot","","","","","NpcPath","3596.979","51.7449989","783.935852","3596.10522","51.7449989","783.924805","","25","base_unknown=0;follow_type=1;follow_unknown=25","2","base_unknown=0;follow_type=1;follow_unknown=25;path_count=2;decoded_path_count=2",""
"2026-07-21T19:57:11.5093899Z","IN","2651","FollowTarget","SimpleChar","797D36A5","SimpleChar:797D36A5","Malfunctioning Cleaning Robot","","","","","NpcPath","3596.81177","51.7449989","788.208923","3596.07129","52.2449989","788.553101","","25","base_unknown=0;follow_type=1;follow_unknown=25","2","base_unknown=0;follow_type=1;follow_unknown=25;path_count=2;decoded_path_count=2",""
"2026-07-21T19:57:11.7165053Z","IN","2654","FollowTarget","SimpleChar","79543CB6","SimpleChar:79543CB6","Malfunctioning Cleaning Robot","","","","","NpcPath","3596.979","51.7449989","783.935852","3596.10522","51.7449989","783.924805","","25","base_unknown=0;follow_type=1;follow_unknown=25","2","base_unknown=0;follow_type=1;follow_unknown=25;path_count=2;decoded_path_count=2",""
"2026-07-21T19:57:11.7165053Z","IN","2653","FollowTarget","SimpleChar","797D36A5","SimpleChar:797D36A5","Malfunctioning Cleaning Robot","","","","","NpcPath","3596.81177","51.7449989","788.208923","3596.07104","52.2449989","788.551331","","25","base_unknown=0;follow_type=1;follow_unknown=25","2","base_unknown=0;follow_type=1;follow_unknown=25;path_count=2;decoded_path_count=2",""
"2026-07-21T19:57:12.1722242Z","IN","2660","FollowTarget","SimpleChar","79543CB6","SimpleChar:79543CB6","Malfunctioning Cleaning Robot","","","","","NpcPath","3596.979","51.7449989","783.935852","3596.10522","51.7449989","783.924805","","25","base_unknown=0;follow_type=1;follow_unknown=25","2","base_unknown=0;follow_type=1;follow_unknown=25;path_count=2;decoded_path_count=2",""
"2026-07-21T19:57:12.1722242Z","IN","2662","FollowTarget","SimpleChar","79543CB6","SimpleChar:79543CB6","Malfunctioning Cleaning Robot","","","","","NpcPath","3596.979","51.7449989","783.935852","3596.10522","51.7449989","783.924805","","25","base_unknown=0;follow_type=1;follow_unknown=25","2","base_unknown=0;follow_type=1;follow_unknown=25;path_count=2;decoded_path_count=2",""
"2026-07-21T19:57:12.1722242Z","IN","2659","FollowTarget","SimpleChar","797D36A5","SimpleChar:797D36A5","Malfunctioning Cleaning Robot","","","","","NpcPath","3596.81177","51.7449989","788.208923","3596.05518","51.7449989","788.482483","","25","base_unknown=0;follow_type=1;follow_unknown=25","2","base_unknown=0;follow_type=1;follow_unknown=25;path_count=2;decoded_path_count=2",""
"2026-07-21T19:57:12.1722242Z","IN","2661","FollowTarget","SimpleChar","797D36A5","SimpleChar:797D36A5","Malfunctioning Cleaning Robot","","","","","NpcPath","3596.81177","51.7449989","788.208923","3596.05518","51.7449989","788.482483","","25","base_unknown=0;follow_type=1;follow_unknown=25","2","base_unknown=0;follow_type=1;follow_unknown=25;path_count=2;decoded_path_count=2",""
"2026-07-21T19:57:12.3780970Z","IN","2669","FollowTarget","SimpleChar","79543CB6","SimpleChar:79543CB6","Malfunctioning Cleaning Robot","","","","","NpcPath","3596.979","51.7449989","783.935852","3596.10522","51.7449989","783.924805","","25","base_unknown=0;follow_type=1;follow_unknown=25","2","base_unknown=0;follow_type=1;follow_unknown=25;path_count=2;decoded_path_count=2",""
"2026-07-21T19:57:12.3780970Z","IN","2666","FollowTarget","SimpleChar","797D36A5","SimpleChar:797D36A5","Malfunctioning Cleaning Robot","","","","","NpcPath","3596.81177","51.7449989","788.208923","3596.02539","52.2449989","788.746582","","25","base_unknown=0;follow_type=1;follow_unknown=25","2","base_unknown=0;follow_type=1;follow_unknown=25;path_count=2;decoded_path_count=2",""
"2026-07-21T19:57:12.5809734Z","IN","2672","FollowTarget","SimpleChar","79543CB6","SimpleChar:79543CB6","Malfunctioning Cleaning Robot","","","","","NpcPath","3596.979","51.7449989","783.935852","3596.08789","52.2449989","783.820374","","25","base_unknown=0;follow_type=1;follow_unknown=25","2","base_unknown=0;follow_type=1;follow_unknown=25;path_count=2;decoded_path_count=2",""
"2026-07-21T19:57:12.5809734Z","IN","2670","FollowTarget","SimpleChar","797D36A5","SimpleChar:797D36A5","Malfunctioning Cleaning Robot","","","","","NpcPath","3596.81177","51.7449989","788.208923","3596.05518","51.7449989","788.482483","","25","base_unknown=0;follow_type=1;follow_unknown=25","2","base_unknown=0;follow_type=1;follow_unknown=25;path_count=2;decoded_path_count=2",""
"2026-07-21T19:57:12.7738532Z","IN","2675","FollowTarget","SimpleChar","79543CB6","SimpleChar:79543CB6","Malfunctioning Cleaning Robot","","","","","NpcPath","3596.979","51.7449989","783.935852","3596.10522","51.7449989","783.924805","","25","base_unknown=0;follow_type=1;follow_unknown=25","2","base_unknown=0;follow_type=1;follow_unknown=25;path_count=2;decoded_path_count=2",""
"2026-07-21T19:57:12.7738532Z","IN","2673","FollowTarget","SimpleChar","797D36A5","SimpleChar:797D36A5","Malfunctioning Cleaning Robot","","","","","NpcPath","3596.81177","51.7449989","788.208923","3596.06787","52.2449989","788.639893","","25","base_unknown=0;follow_type=1;follow_unknown=25","2","base_unknown=0;follow_type=1;follow_unknown=25;path_count=2;decoded_path_count=2",""
"2026-07-21T19:57:13.0366911Z","IN","2683","FollowTarget","SimpleChar","79543CB6","SimpleChar:79543CB6","Malfunctioning Cleaning Robot","","","","","NpcPath","3596.979","51.7449989","783.935852","3596.104","52.2449989","783.894409","","25","base_unknown=0;follow_type=1;follow_unknown=25","2","base_unknown=0;follow_type=1;follow_unknown=25;path_count=2;decoded_path_count=2",""
"2026-07-21T19:57:13.0366911Z","IN","2682","FollowTarget","SimpleChar","797D36A5","SimpleChar:797D36A5","Malfunctioning Cleaning Robot","","","","","NpcPath","3596.81177","51.7449989","788.208923","3596.05518","51.7449989","788.482483","","25","base_unknown=0;follow_type=1;follow_unknown=25","2","base_unknown=0;follow_type=1;follow_unknown=25;path_count=2;decoded_path_count=2",""
"2026-07-21T19:57:13.2425642Z","IN","2690","FollowTarget","SimpleChar","79543CB6","SimpleChar:79543CB6","Malfunctioning Cleaning Robot","","","","","NpcPath","3596.979","51.7449989","783.935852","3596.01099","52.2449989","784.139221","","25","base_unknown=0;follow_type=1;follow_unknown=25","2","base_unknown=0;follow_type=1;follow_unknown=25;path_count=2;decoded_path_count=2",""
"2026-07-21T19:57:13.2425642Z","IN","2689","FollowTarget","SimpleChar","797D36A5","SimpleChar:797D36A5","Malfunctioning Cleaning Robot","","","","","NpcPath","3596.81177","51.7449989","788.208923","3596.05518","51.7449989","788.482483","","25","base_unknown=0;follow_type=1;follow_unknown=25","2","base_unknown=0;follow_type=1;follow_unknown=25;path_count=2;decoded_path_count=2",""
"2026-07-21T19:57:13.4464382Z","IN","2693","FollowTarget","SimpleChar","79543CB6","SimpleChar:79543CB6","Malfunctioning Cleaning Robot","","","","","NpcPath","3596.979","51.7449989","783.935852","3596.10522","51.7449989","783.924805","","25","base_unknown=0;follow_type=1;follow_unknown=25","2","base_unknown=0;follow_type=1;follow_unknown=25;path_count=2;decoded_path_count=2",""
"2026-07-21T19:57:13.4464382Z","IN","2692","FollowTarget","SimpleChar","797D36A5","SimpleChar:797D36A5","Malfunctioning Cleaning Robot","","","","","NpcPath","3596.81177","51.7449989","788.208923","3596.01733","52.2449989","788.410339","","25","base_unknown=0;follow_type=1;follow_unknown=25","2","base_unknown=0;follow_type=1;follow_unknown=25;path_count=2;decoded_path_count=2",""
"2026-07-21T19:57:13.4464382Z","IN","2695","FollowTarget","SimpleChar","79866560","SimpleChar:79866560","Malfunctioning Cleaning Robot","","","","","NpcPath","3599.99146","51.9249954","786.940125","3597.09033","52.5","772.286072","","24","base_unknown=0;follow_type=1;follow_unknown=24","2","base_unknown=0;follow_type=1;follow_unknown=24;path_count=2;decoded_path_count=2",""
"2026-07-21T19:57:13.6683015Z","IN","2698","FollowTarget","SimpleChar","79543CB6","SimpleChar:79543CB6","Malfunctioning Cleaning Robot","","","","","NpcPath","3596.979","51.7449989","783.935852","3596.08032","52.2449989","783.80127","","25","base_unknown=0;follow_type=1;follow_unknown=25","2","base_unknown=0;follow_type=1;follow_unknown=25;path_count=2;decoded_path_count=2",""
"2026-07-21T19:57:13.6683015Z","IN","2697","FollowTarget","SimpleChar","797D36A5","SimpleChar:797D36A5","Malfunctioning Cleaning Robot","","","","","NpcPath","3596.81177","51.7449989","788.208923","3596.05518","51.7449989","788.482483","","25","base_unknown=0;follow_type=1;follow_unknown=25","2","base_unknown=0;follow_type=1;follow_unknown=25;path_count=2;decoded_path_count=2",""
"2026-07-21T19:57:13.8757025Z","IN","2700","FollowTarget","SimpleChar","797D36A5","SimpleChar:797D36A5","Malfunctioning Cleaning Robot","","","","","NpcPath","3596.81177","51.7449989","788.208923","3596.06055","52.2449989","788.669983","","25","base_unknown=0;follow_type=1;follow_unknown=25","2","base_unknown=0;follow_type=1;follow_unknown=25;path_count=2;decoded_path_count=2",""
"2026-07-21T19:57:13.8767018Z","IN","2701","FollowTarget","SimpleChar","79543CB6","SimpleChar:79543CB6","Malfunctioning Cleaning Robot","","","","","NpcPath","3596.979","51.7449989","783.935852","3596.10522","51.7449989","783.924805","","25","base_unknown=0;follow_type=1;follow_unknown=25","2","base_unknown=0;follow_type=1;follow_unknown=25;path_count=2;decoded_path_count=2",""
"2026-07-21T19:57:14.0815753Z","IN","2707","FollowTarget","SimpleChar","79543CB6","SimpleChar:79543CB6","Malfunctioning Cleaning Robot","","","","","NpcPath","3596.979","51.7449989","783.935852","3596.10522","51.7449989","783.924805","","25","base_unknown=0;follow_type=1;follow_unknown=25","2","base_unknown=0;follow_type=1;follow_unknown=25;path_count=2;decoded_path_count=2",""
"2026-07-21T19:57:14.0815753Z","IN","2706","FollowTarget","SimpleChar","797D36A5","SimpleChar:797D36A5","Malfunctioning Cleaning Robot","","","","","NpcPath","3596.81177","51.7449989","788.208923","3596.05542","52.2449989","788.685425","","25","base_unknown=0;follow_type=1;follow_unknown=25","2","base_unknown=0;follow_type=1;follow_unknown=25;path_count=2;decoded_path_count=2",""
"2026-07-21T19:57:14.2894466Z","IN","2711","FollowTarget","SimpleChar","79543CB6","SimpleChar:79543CB6","Malfunctioning Cleaning Robot","","","","","NpcPath","3596.979","51.7449989","783.935852","3596.00928","52.2449989","783.70105","","25","base_unknown=0;follow_type=1;follow_unknown=25","2","base_unknown=0;follow_type=1;follow_unknown=25;path_count=2;decoded_path_count=2",""
"2026-07-21T19:57:14.2894466Z","IN","2710","FollowTarget","SimpleChar","797D36A5","SimpleChar:797D36A5","Malfunctioning Cleaning Robot","","","","","NpcPath","3596.81177","51.7449989","788.208923","3596.05518","51.7449989","788.482483","","25","base_unknown=0;follow_type=1;follow_unknown=25","2","base_unknown=0;follow_type=1;follow_unknown=25;path_count=2;decoded_path_count=2",""
"2026-07-21T19:57:14.5442891Z","IN","2715","FollowTarget","SimpleChar","79543CB6","SimpleChar:79543CB6","Malfunctioning Cleaning Robot","","","","","NpcPath","3596.979","51.7449989","783.935852","3596.07153","52.2449989","784.05896","","25","base_unknown=0;follow_type=1;follow_unknown=25","2","base_unknown=0;follow_type=1;follow_unknown=25;path_count=2;decoded_path_count=2",""
"2026-07-21T19:57:14.5442891Z","IN","2714","FollowTarget","SimpleChar","797D36A5","SimpleChar:797D36A5","Malfunctioning Cleaning Robot","","","","","NpcPath","3596.81177","51.7449989","788.208923","3596.05518","51.7449989","788.482483","","25","base_unknown=0;follow_type=1;follow_unknown=25","2","base_unknown=0;follow_type=1;follow_unknown=25;path_count=2;decoded_path_count=2",""
"2026-07-21T19:57:14.7281766Z","IN","2719","FollowTarget","SimpleChar","797D36A5","SimpleChar:797D36A5","Malfunctioning Cleaning Robot","","","","","NpcPath","3596.81177","51.7449989","788.208923","3596.07007","52.2449989","788.626709","","25","base_unknown=0;follow_type=1;follow_unknown=25","2","base_unknown=0;follow_type=1;follow_unknown=25;path_count=2;decoded_path_count=2",""
"2026-07-21T19:57:14.7291761Z","IN","2720","FollowTarget","SimpleChar","79543CB6","SimpleChar:79543CB6","Malfunctioning Cleaning Robot","","","","","NpcPath","3596.979","51.7449989","783.935852","3596.104","52.2449989","783.893494","","25","base_unknown=0;follow_type=1;follow_unknown=25","2","base_unknown=0;follow_type=1;follow_unknown=25;path_count=2;decoded_path_count=2",""
"2026-07-21T19:57:14.9860176Z","IN","2726","FollowTarget","SimpleChar","79543CB6","SimpleChar:79543CB6","Malfunctioning Cleaning Robot","","","","","NpcPath","3596.979","51.7449989","783.935852","3596.02808","52.2449989","784.121704","","25","base_unknown=0;follow_type=1;follow_unknown=25","2","base_unknown=0;follow_type=1;follow_unknown=25;path_count=2;decoded_path_count=2",""
"2026-07-21T19:57:14.9860176Z","IN","2725","FollowTarget","SimpleChar","797D36A5","SimpleChar:797D36A5","Malfunctioning Cleaning Robot","","","","","NpcPath","3596.81177","51.7449989","788.208923","3596.06519","52.2449989","788.516174","","25","base_unknown=0;follow_type=1;follow_unknown=25","2","base_unknown=0;follow_type=1;follow_unknown=25;path_count=2;decoded_path_count=2",""
"2026-07-21T19:57:14.9860176Z","IN","2727","FollowTarget","SimpleChar","79866565","SimpleChar:79866565","Malfunctioning Cleaning Robot","","","","","NpcPath","3622.36108","51.7449989","798.242188","3602.28931","52.5","788.079102","","24","base_unknown=0;follow_type=1;follow_unknown=24","2","base_unknown=0;follow_type=1;follow_unknown=24;path_count=2;decoded_path_count=2",""
"2026-07-21T19:57:15.2248696Z","IN","2733","FollowTarget","SimpleChar","79543CB6","SimpleChar:79543CB6","Malfunctioning Cleaning Robot","","","","","NpcPath","3596.979","51.7449989","783.935852","3596.05664","52.2449989","784.084717","","25","base_unknown=0;follow_type=1;follow_unknown=25","2","base_unknown=0;follow_type=1;follow_unknown=25;path_count=2;decoded_path_count=2",""
"2026-07-21T19:57:15.2248696Z","IN","2732","FollowTarget","SimpleChar","797D36A5","SimpleChar:797D36A5","Malfunctioning Cleaning Robot","","","","","NpcPath","3596.81177","51.7449989","788.208923","3596.05518","51.7449989","788.482483","","25","base_unknown=0;follow_type=1;follow_unknown=25","2","base_unknown=0;follow_type=1;follow_unknown=25;path_count=2;decoded_path_count=2",""
"2026-07-21T19:57:15.4437352Z","IN","2738","FollowTarget","SimpleChar","79543CB6","SimpleChar:79543CB6","Malfunctioning Cleaning Robot","","","","","NpcPath","3596.979","51.7449989","783.935852","3596.10522","51.7449989","783.924805","","25","base_unknown=0;follow_type=1;follow_unknown=25","2","base_unknown=0;follow_type=1;follow_unknown=25;path_count=2;decoded_path_count=2",""
"2026-07-21T19:57:15.4437352Z","IN","2737","FollowTarget","SimpleChar","797D36A5","SimpleChar:797D36A5","Malfunctioning Cleaning Robot","","","","","NpcPath","3596.81177","51.7449989","788.208923","3596.05518","51.7449989","788.482483","","25","base_unknown=0;follow_type=1;follow_unknown=25","2","base_unknown=0;follow_type=1;follow_unknown=25;path_count=2;decoded_path_count=2",""
"2026-07-21T19:57:15.6795900Z","IN","2741","FollowTarget","SimpleChar","79543CB6","SimpleChar:79543CB6","Malfunctioning Cleaning Robot","","","","","NpcPath","3596.979","51.7449989","783.935852","3596.06323","52.2449989","783.768066","","25","base_unknown=0;follow_type=1;follow_unknown=25","2","base_unknown=0;follow_type=1;follow_unknown=25;path_count=2;decoded_path_count=2",""
"2026-07-21T19:57:15.6795900Z","IN","2740","FollowTarget","SimpleChar","797D36A5","SimpleChar:797D36A5","Malfunctioning Cleaning Robot","","","","","NpcPath","3596.81177","51.7449989","788.208923","3596.05518","51.7449989","788.482483","","25","base_unknown=0;follow_type=1;follow_unknown=25","2","base_unknown=0;follow_type=1;follow_unknown=25;path_count=2;decoded_path_count=2",""
"2026-07-21T19:57:15.8794667Z","IN","2745","FollowTarget","SimpleChar","79543CB6","SimpleChar:79543CB6","Malfunctioning Cleaning Robot","","","","","NpcPath","3596.979","51.7449989","783.935852","3596.10522","51.7449989","783.924805","","25","base_unknown=0;follow_type=1;follow_unknown=25","2","base_unknown=0;follow_type=1;follow_unknown=25;path_count=2;decoded_path_count=2",""
"2026-07-21T19:57:15.8794667Z","IN","2744","FollowTarget","SimpleChar","797D36A5","SimpleChar:797D36A5","Malfunctioning Cleaning Robot","","","","","NpcPath","3596.81177","51.7449989","788.208923","3596.06641","52.2449989","788.522705","","25","base_unknown=0;follow_type=1;follow_unknown=25","2","base_unknown=0;follow_type=1;follow_unknown=25;path_count=2;decoded_path_count=2",""
"2026-07-21T19:57:16.0993310Z","IN","2754","FollowTarget","SimpleChar","79543CB6","SimpleChar:79543CB6","Malfunctioning Cleaning Robot","","","","","NpcPath","3596.979","51.7449989","783.935852","3596.01831","52.2449989","783.7099","","25","base_unknown=0;follow_type=1;follow_unknown=25","2","base_unknown=0;follow_type=1;follow_unknown=25;path_count=2;decoded_path_count=2",""
"2026-07-21T19:57:16.0993310Z","IN","2753","FollowTarget","SimpleChar","797D36A5","SimpleChar:797D36A5","Malfunctioning Cleaning Robot","","","","","NpcPath","3596.81177","51.7449989","788.208923","3596.07007","52.2449989","788.543701","","25","base_unknown=0;follow_type=1;follow_unknown=25","2","base_unknown=0;follow_type=1;follow_unknown=25;path_count=2;decoded_path_count=2",""
"2026-07-21T19:57:16.2852167Z","IN","2760","FollowTarget","SimpleChar","797D36A5","SimpleChar:797D36A5","Malfunctioning Cleaning Robot","","","","","NpcPath","3596.81177","51.7449989","788.208923","3596.073","52.2449989","788.587463","","25","base_unknown=0;follow_type=1;follow_unknown=25","2","base_unknown=0;follow_type=1;follow_unknown=25;path_count=2;decoded_path_count=2",""
"2026-07-21T19:57:16.2862156Z","IN","2761","FollowTarget","SimpleChar","79543CB6","SimpleChar:79543CB6","Malfunctioning Cleaning Robot","","","","","NpcPath","3596.979","51.7449989","783.935852","3596.0415","52.2449989","784.105774","","25","base_unknown=0;follow_type=1;follow_unknown=25","2","base_unknown=0;follow_type=1;follow_unknown=25;path_count=2;decoded_path_count=2",""
"2026-07-21T19:57:16.5408202Z","IN","2764","FollowTarget","SimpleChar","79543CB6","SimpleChar:79543CB6","Malfunctioning Cleaning Robot","","","","","NpcPath","3596.979","51.7449989","783.935852","3596.08838","52.2449989","783.821899","","25","base_unknown=0;follow_type=1;follow_unknown=25","2","base_unknown=0;follow_type=1;follow_unknown=25;path_count=2;decoded_path_count=2",""
"2026-07-21T19:57:16.5408202Z","IN","2763","FollowTarget","SimpleChar","797D36A5","SimpleChar:797D36A5","Malfunctioning Cleaning Robot","","","","","NpcPath","3596.81177","51.7449989","788.208923","3596.05518","51.7449989","788.482483","","25","base_unknown=0;follow_type=1;follow_unknown=25","2","base_unknown=0;follow_type=1;follow_unknown=25;path_count=2;decoded_path_count=2",""
"2026-07-21T19:57:16.7406977Z","IN","2768","FollowTarget","SimpleChar","79543CB6","SimpleChar:79543CB6","Malfunctioning Cleaning Robot","","","","","NpcPath","3596.979","51.7449989","783.935852","3596.09741","52.2449989","783.852905","","25","base_unknown=0;follow_type=1;follow_unknown=25","2","base_unknown=0;follow_type=1;follow_unknown=25;path_count=2;decoded_path_count=2",""
"2026-07-21T19:57:16.7406977Z","IN","2766","FollowTarget","SimpleChar","797D36A5","SimpleChar:797D36A5","Malfunctioning Cleaning Robot","","","","","NpcPath","3596.81177","51.7449989","788.208923","3596.07031","52.2449989","788.623413","","25","base_unknown=0;follow_type=1;follow_unknown=25","2","base_unknown=0;follow_type=1;follow_unknown=25;path_count=2;decoded_path_count=2",""
"2026-07-21T19:57:17.1794267Z","IN","2775","FollowTarget","SimpleChar","79543CB6","SimpleChar:79543CB6","Malfunctioning Cleaning Robot","","","","","NpcPath","3596.979","51.7449989","783.935852","3596.04297","52.2449989","784.103943","","25","base_unknown=0;follow_type=1;follow_unknown=25","2","base_unknown=0;follow_type=1;follow_unknown=25;path_count=2;decoded_path_count=2",""
"2026-07-21T19:57:17.1794267Z","IN","2778","FollowTarget","SimpleChar","79543CB6","SimpleChar:79543CB6","Malfunctioning Cleaning Robot","","","","","NpcPath","3596.979","51.7449989","783.935852","3596.10522","51.7449989","783.924805","","25","base_unknown=0;follow_type=1;follow_unknown=25","2","base_unknown=0;follow_type=1;follow_unknown=25;path_count=2;decoded_path_count=2",""
"2026-07-21T19:57:17.1794267Z","IN","2774","FollowTarget","SimpleChar","797D36A5","SimpleChar:797D36A5","Malfunctioning Cleaning Robot","","","","","NpcPath","3596.81177","51.7449989","788.208923","3596.06152","52.2449989","788.66626","","25","base_unknown=0;follow_type=1;follow_unknown=25","2","base_unknown=0;follow_type=1;follow_unknown=25;path_count=2;decoded_path_count=2",""
"2026-07-21T19:57:17.1794267Z","IN","2777","FollowTarget","SimpleChar","797D36A5","SimpleChar:797D36A5","Malfunctioning Cleaning Robot","","","","","NpcPath","3596.81177","51.7449989","788.208923","3596.05518","51.7449989","788.482483","","25","base_unknown=0;follow_type=1;follow_unknown=25","2","base_unknown=0;follow_type=1;follow_unknown=25;path_count=2;decoded_path_count=2",""
"2026-07-21T19:57:17.6441401Z","IN","2785","FollowTarget","SimpleChar","79543CB6","SimpleChar:79543CB6","Malfunctioning Cleaning Robot","","","","","NpcPath","3596.979","51.7449989","783.935852","3596.10522","51.7449989","783.924805","","25","base_unknown=0;follow_type=1;follow_unknown=25","2","base_unknown=0;follow_type=1;follow_unknown=25;path_count=2;decoded_path_count=2",""
"2026-07-21T19:57:17.6441401Z","IN","2790","FollowTarget","SimpleChar","79543CB6","SimpleChar:79543CB6","Malfunctioning Cleaning Robot","","","","","NpcPath","3596.979","51.7449989","783.935852","3596.09229","52.2449989","783.833984","","25","base_unknown=0;follow_type=1;follow_unknown=25","2","base_unknown=0;follow_type=1;follow_unknown=25;path_count=2;decoded_path_count=2",""
"2026-07-21T19:57:17.6441401Z","IN","2782","FollowTarget","SimpleChar","797D36A5","SimpleChar:797D36A5","Malfunctioning Cleaning Robot","","","","","NpcPath","3596.81177","51.7449989","788.208923","3596.06616","52.2449989","788.647705","","25","base_unknown=0;follow_type=1;follow_unknown=25","2","base_unknown=0;follow_type=1;follow_unknown=25;path_count=2;decoded_path_count=2",""
"2026-07-21T19:57:17.6441401Z","IN","2788","FollowTarget","SimpleChar","797D36A5","SimpleChar:797D36A5","Malfunctioning Cleaning Robot","","","","","NpcPath","3596.81177","51.7449989","788.208923","3596.05518","51.7449989","788.482483","","25","base_unknown=0;follow_type=1;follow_unknown=25","2","base_unknown=0;follow_type=1;follow_unknown=25;path_count=2;decoded_path_count=2",""
"2026-07-21T19:57:17.6441401Z","IN","2783","FollowTarget","SimpleChar","79866547","SimpleChar:79866547","Malfunctioning Cleaning Robot","","","","","NpcPath","3620.22241","51.7449989","785.034424","3620.73413","52.5","784.139221","","24","base_unknown=0;follow_type=1;follow_unknown=24","2","base_unknown=0;follow_type=1;follow_unknown=24;path_count=2;decoded_path_count=2",""
"2026-07-21T19:57:17.6441401Z","IN","2789","FollowTarget","SimpleChar","79866547","SimpleChar:79866547","Malfunctioning Cleaning Robot","","","","","NpcPath","3620.2417","51.7449989","785.000488","3621.06543","52.5","784.292786","","24","base_unknown=0;follow_type=1;follow_unknown=24","2","base_unknown=0;follow_type=1;follow_unknown=24;path_count=2;decoded_path_count=2",""
"2026-07-21T19:57:17.8520110Z","IN","2793","FollowTarget","SimpleChar","79543CB6","SimpleChar:79543CB6","Malfunctioning Cleaning Robot","","","","","NpcPath","3596.979","51.7449989","783.935852","3596.08545","52.2449989","783.814148","","25","base_unknown=0;follow_type=1;follow_unknown=25","2","base_unknown=0;follow_type=1;follow_unknown=25;path_count=2;decoded_path_count=2",""
"2026-07-21T19:57:17.8520110Z","IN","2792","FollowTarget","SimpleChar","797D36A5","SimpleChar:797D36A5","Malfunctioning Cleaning Robot","","","","","NpcPath","3596.81177","51.7449989","788.208923","3596.05518","51.7449989","788.482483","","25","base_unknown=0;follow_type=1;follow_unknown=25","2","base_unknown=0;follow_type=1;follow_unknown=25;path_count=2;decoded_path_count=2",""
"2026-07-21T19:57:18.0374238Z","IN","2799","FollowTarget","SimpleChar","797D36A5","SimpleChar:797D36A5","Malfunctioning Cleaning Robot","","","","","NpcPath","3596.81177","51.7449989","788.208923","3596.04614","52.2449989","788.708252","","25","base_unknown=0;follow_type=1;follow_unknown=25","2","base_unknown=0;follow_type=1;follow_unknown=25;path_count=2;decoded_path_count=2",""
"2026-07-21T19:57:18.0384227Z","IN","2801","FollowTarget","SimpleChar","79543CB6","SimpleChar:79543CB6","Malfunctioning Cleaning Robot","","","","","NpcPath","3596.979","51.7449989","783.935852","3596.10522","51.7449989","783.924805","","25","base_unknown=0;follow_type=1;follow_unknown=25","2","base_unknown=0;follow_type=1;follow_unknown=25;path_count=2;decoded_path_count=2",""
"2026-07-21T19:57:18.0384227Z","IN","2800","FollowTarget","SimpleChar","79866547","SimpleChar:79866547","Malfunctioning Cleaning Robot","","","","","NpcPath","3620.3103","51.7449989","784.941711","3620.72144","52.5","783.888611","","24","base_unknown=0;follow_type=1;follow_unknown=24","2","base_unknown=0;follow_type=1;follow_unknown=24;path_count=2;decoded_path_count=2",""
"2026-07-21T19:57:18.2952641Z","IN","2805","FollowTarget","SimpleChar","79543CB6","SimpleChar:79543CB6","Malfunctioning Cleaning Robot","","","","","NpcPath","3596.979","51.7449989","783.935852","3596.10522","51.7449989","783.924805","","25","base_unknown=0;follow_type=1;follow_unknown=25","2","base_unknown=0;follow_type=1;follow_unknown=25;path_count=2;decoded_path_count=2",""
"2026-07-21T19:57:18.2952641Z","IN","2804","FollowTarget","SimpleChar","797D36A5","SimpleChar:797D36A5","Malfunctioning Cleaning Robot","","","","","NpcPath","3596.81177","51.7449989","788.208923","3596.05518","51.7449989","788.482483","","25","base_unknown=0;follow_type=1;follow_unknown=25","2","base_unknown=0;follow_type=1;follow_unknown=25;path_count=2;decoded_path_count=2",""
"2026-07-21T19:57:18.5301200Z","IN","2810","FollowTarget","SimpleChar","79543CB6","SimpleChar:79543CB6","Malfunctioning Cleaning Robot","","","","","NpcPath","3596.979","51.7449989","783.935852","3596.10522","51.7449989","783.924805","","25","base_unknown=0;follow_type=1;follow_unknown=25","2","base_unknown=0;follow_type=1;follow_unknown=25;path_count=2;decoded_path_count=2",""
"2026-07-21T19:57:18.5301200Z","IN","2808","FollowTarget","SimpleChar","797D36A5","SimpleChar:797D36A5","Malfunctioning Cleaning Robot","","","","","NpcPath","3596.81177","51.7449989","788.208923","3596.05518","51.7449989","788.482483","","25","base_unknown=0;follow_type=1;follow_unknown=25","2","base_unknown=0;follow_type=1;follow_unknown=25;path_count=2;decoded_path_count=2",""
"2026-07-21T19:57:18.5301200Z","IN","2809","FollowTarget","SimpleChar","79866547","SimpleChar:79866547","Malfunctioning Cleaning Robot","","","","","NpcPath","3620.36255","51.7449989","784.807922","3620.9812","52.5","784.299438","","24","base_unknown=0;follow_type=1;follow_unknown=24","2","base_unknown=0;follow_type=1;follow_unknown=24;path_count=2;decoded_path_count=2",""
"2026-07-21T19:57:18.9608545Z","IN","2814","FollowTarget","SimpleChar","79543CB6","SimpleChar:79543CB6","Malfunctioning Cleaning Robot","","","","","NpcPath","3596.979","51.7449989","783.935852","3596.10522","51.7449989","783.924805","","25","base_unknown=0;follow_type=1;follow_unknown=25","2","base_unknown=0;follow_type=1;follow_unknown=25;path_count=2;decoded_path_count=2",""
"2026-07-21T19:57:18.9608545Z","IN","2818","FollowTarget","SimpleChar","79543CB6","SimpleChar:79543CB6","Malfunctioning Cleaning Robot","","","","","NpcPath","3596.979","51.7449989","783.935852","3596.04468","52.2449989","784.101746","","25","base_unknown=0;follow_type=1;follow_unknown=25","2","base_unknown=0;follow_type=1;follow_unknown=25;path_count=2;decoded_path_count=2",""
"2026-07-21T19:57:18.9608545Z","IN","2812","FollowTarget","SimpleChar","797D36A5","SimpleChar:797D36A5","Malfunctioning Cleaning Robot","","","","","NpcPath","3596.81177","51.7449989","788.208923","3596.02173","52.2449989","788.752014","","25","base_unknown=0;follow_type=1;follow_unknown=25","2","base_unknown=0;follow_type=1;follow_unknown=25;path_count=2;decoded_path_count=2",""
"2026-07-21T19:57:18.9608545Z","IN","2816","FollowTarget","SimpleChar","797D36A5","SimpleChar:797D36A5","Malfunctioning Cleaning Robot","","","","","NpcPath","3596.81177","51.7449989","788.208923","3596.05518","51.7449989","788.482483","","25","base_unknown=0;follow_type=1;follow_unknown=25","2","base_unknown=0;follow_type=1;follow_unknown=25;path_count=2;decoded_path_count=2",""
"2026-07-21T19:57:18.9608545Z","IN","2813","FollowTarget","SimpleChar","79866547","SimpleChar:79866547","Malfunctioning Cleaning Robot","","","","","NpcPath","3620.36255","51.7449989","784.807922","3620.78003","52.5","784.203918","","24","base_unknown=0;follow_type=1;follow_unknown=24","2","base_unknown=0;follow_type=1;follow_unknown=24;path_count=2;decoded_path_count=2",""
"2026-07-21T19:57:18.9608545Z","IN","2817","FollowTarget","SimpleChar","79866547","SimpleChar:79866547","Malfunctioning Cleaning Robot","","","","","NpcPath","3620.36255","51.7449989","784.807922","3620.78418","52.5","784.208435","","24","base_unknown=0;follow_type=1;follow_unknown=24","2","base_unknown=0;follow_type=1;follow_unknown=24;path_count=2;decoded_path_count=2",""
"2026-07-21T19:57:19.3902831Z","IN","2831","FollowTarget","SimpleChar","79543CB6","SimpleChar:79543CB6","Malfunctioning Cleaning Robot","","","","","NpcPath","3596.979","51.7449989","783.935852","3596.09302","52.2449989","783.836365","","25","base_unknown=0;follow_type=1;follow_unknown=25","2","base_unknown=0;follow_type=1;follow_unknown=25;path_count=2;decoded_path_count=2",""
"2026-07-21T19:57:19.3902831Z","IN","2837","FollowTarget","SimpleChar","79543CB6","SimpleChar:79543CB6","Malfunctioning Cleaning Robot","","","","","NpcPath","3596.979","51.7449989","783.935852","3596.10522","51.7449989","783.924805","","25","base_unknown=0;follow_type=1;follow_unknown=25","2","base_unknown=0;follow_type=1;follow_unknown=25;path_count=2;decoded_path_count=2",""
"2026-07-21T19:57:19.3902831Z","IN","2829","FollowTarget","SimpleChar","797D36A5","SimpleChar:797D36A5","Malfunctioning Cleaning Robot","","","","","NpcPath","3596.81177","51.7449989","788.208923","3596.07251","52.2449989","788.60083","","25","base_unknown=0;follow_type=1;follow_unknown=25","2","base_unknown=0;follow_type=1;follow_unknown=25;path_count=2;decoded_path_count=2",""
"2026-07-21T19:57:19.3902831Z","IN","2835","FollowTarget","SimpleChar","797D36A5","SimpleChar:797D36A5","Malfunctioning Cleaning Robot","","","","","NpcPath","3596.81177","51.7449989","788.208923","3596.05518","51.7449989","788.482483","","25","base_unknown=0;follow_type=1;follow_unknown=25","2","base_unknown=0;follow_type=1;follow_unknown=25;path_count=2;decoded_path_count=2",""
"2026-07-21T19:57:19.3902831Z","IN","2830","FollowTarget","SimpleChar","79866547","SimpleChar:79866547","Malfunctioning Cleaning Robot","","","","","NpcPath","3620.36255","51.7449989","784.807922","3620.74805","52.5","784.16272","","24","base_unknown=0;follow_type=1;follow_unknown=24","2","base_unknown=0;follow_type=1;follow_unknown=24;path_count=2;decoded_path_count=2",""
"2026-07-21T19:57:19.3902831Z","IN","2836","FollowTarget","SimpleChar","79866547","SimpleChar:79866547","Malfunctioning Cleaning Robot","","","","","NpcPath","3620.36255","51.7449989","784.807922","3620.87646","52.5","784.273376","","24","base_unknown=0;follow_type=1;follow_unknown=24","2","base_unknown=0;follow_type=1;follow_unknown=24;path_count=2;decoded_path_count=2",""
"2026-07-21T19:57:19.3902831Z","IN","2832","FollowTarget","SimpleChar","7986655D","SimpleChar:7986655D","Malfunctioning Cleaning Robot","","","","","NpcPath","3594.04126","51.7449989","799.702881","3601.7019","52.5","788.033569","","24","base_unknown=0;follow_type=1;follow_unknown=24","2","base_unknown=0;follow_type=1;follow_unknown=24;path_count=2;decoded_path_count=2",""
"2026-07-21T19:57:19.6311390Z","IN","2841","FollowTarget","SimpleChar","79543CB6","SimpleChar:79543CB6","Malfunctioning Cleaning Robot","","","","","NpcPath","3596.979","51.7449989","783.935852","3596.10254","52.2449989","783.960327","","25","base_unknown=0;follow_type=1;follow_unknown=25","2","base_unknown=0;follow_type=1;follow_unknown=25;path_count=2;decoded_path_count=2",""
"2026-07-21T19:57:19.6311390Z","IN","2839","FollowTarget","SimpleChar","797D36A5","SimpleChar:797D36A5","Malfunctioning Cleaning Robot","","","","","NpcPath","3596.81177","51.7449989","788.208923","3596.05518","51.7449989","788.482483","","25","base_unknown=0;follow_type=1;follow_unknown=25","2","base_unknown=0;follow_type=1;follow_unknown=25;path_count=2;decoded_path_count=2",""
"2026-07-21T19:57:19.6311390Z","IN","2840","FollowTarget","SimpleChar","79866547","SimpleChar:79866547","Malfunctioning Cleaning Robot","","","","","NpcPath","3620.36255","51.7449989","784.807922","3621.22949","52.5","784.193298","","24","base_unknown=0;follow_type=1;follow_unknown=24","2","base_unknown=0;follow_type=1;follow_unknown=24;path_count=2;decoded_path_count=2",""
"2026-07-21T19:57:19.8190220Z","IN","2847","FollowTarget","SimpleChar","79543CB6","SimpleChar:79543CB6","Malfunctioning Cleaning Robot","","","","","NpcPath","3596.979","51.7449989","783.935852","3596.04175","52.2449989","784.105652","","25","base_unknown=0;follow_type=1;follow_unknown=25","2","base_unknown=0;follow_type=1;follow_unknown=25;path_count=2;decoded_path_count=2",""
"2026-07-21T19:57:19.8190220Z","IN","2844","FollowTarget","SimpleChar","797D36A5","SimpleChar:797D36A5","Malfunctioning Cleaning Robot","","","","","NpcPath","3596.81177","51.7449989","788.208923","3596.03418","52.2449989","788.437012","","25","base_unknown=0;follow_type=1;follow_unknown=25","2","base_unknown=0;follow_type=1;follow_unknown=25;path_count=2;decoded_path_count=2",""
"2026-07-21T19:57:20.2757401Z","IN","2854","FollowTarget","SimpleChar","79543CB6","SimpleChar:79543CB6","Malfunctioning Cleaning Robot","","","","","NpcPath","3596.979","51.7449989","783.935852","3596.0354","52.2449989","783.728821","","25","base_unknown=0;follow_type=1;follow_unknown=25","2","base_unknown=0;follow_type=1;follow_unknown=25;path_count=2;decoded_path_count=2",""
"2026-07-21T19:57:20.2757401Z","IN","2857","FollowTarget","SimpleChar","79543CB6","SimpleChar:79543CB6","Malfunctioning Cleaning Robot","","","","","NpcPath","3596.979","51.7449989","783.935852","3596.10522","51.7449989","783.924805","","25","base_unknown=0;follow_type=1;follow_unknown=25","2","base_unknown=0;follow_type=1;follow_unknown=25;path_count=2;decoded_path_count=2",""
"2026-07-21T19:57:20.2757401Z","IN","2853","FollowTarget","SimpleChar","797D36A5","SimpleChar:797D36A5","Malfunctioning Cleaning Robot","","","","","NpcPath","3596.81177","51.7449989","788.208923","3596.05518","51.7449989","788.482483","","25","base_unknown=0;follow_type=1;follow_unknown=25","2","base_unknown=0;follow_type=1;follow_unknown=25;path_count=2;decoded_path_count=2",""
"2026-07-21T19:57:20.2757401Z","IN","2856","FollowTarget","SimpleChar","797D36A5","SimpleChar:797D36A5","Malfunctioning Cleaning Robot","","","","","NpcPath","3596.81177","51.7449989","788.208923","3596.05518","51.7449989","788.482483","","25","base_unknown=0;follow_type=1;follow_unknown=25","2","base_unknown=0;follow_type=1;follow_unknown=25;path_count=2;decoded_path_count=2",""
"2026-07-21T19:57:20.4746167Z","IN","2859","FollowTarget","SimpleChar","79543CB6","SimpleChar:79543CB6","Malfunctioning Cleaning Robot","","","","","NpcPath","3596.979","51.7449989","783.935852","3596.10498","52.2449989","783.908508","","25","base_unknown=0;follow_type=1;follow_unknown=25","2","base_unknown=0;follow_type=1;follow_unknown=25;path_count=2;decoded_path_count=2",""
"2026-07-21T19:57:20.4746167Z","IN","2858","FollowTarget","SimpleChar","797D36A5","SimpleChar:797D36A5","Malfunctioning Cleaning Robot","","","","","NpcPath","3596.81177","51.7449989","788.208923","3596.01587","52.2449989","788.760376","","25","base_unknown=0;follow_type=1;follow_unknown=25","2","base_unknown=0;follow_type=1;follow_unknown=25;path_count=2;decoded_path_count=2",""
"2026-07-21T19:57:20.6874856Z","IN","2861","FollowTarget","SimpleChar","79543CB6","SimpleChar:79543CB6","Malfunctioning Cleaning Robot","","","","","NpcPath","3596.979","51.7449989","783.935852","3596.03369","52.2449989","783.726563","","25","base_unknown=0;follow_type=1;follow_unknown=25","2","base_unknown=0;follow_type=1;follow_unknown=25;path_count=2;decoded_path_count=2",""
"2026-07-21T19:57:20.6874856Z","IN","2860","FollowTarget","SimpleChar","797D36A5","SimpleChar:797D36A5","Malfunctioning Cleaning Robot","","","","","NpcPath","3596.81177","51.7449989","788.208923","3596.05518","51.7449989","788.482483","","25","base_unknown=0;follow_type=1;follow_unknown=25","2","base_unknown=0;follow_type=1;follow_unknown=25;path_count=2;decoded_path_count=2",""
"2026-07-21T19:57:20.8893614Z","IN","2863","FollowTarget","SimpleChar","79543CB6","SimpleChar:79543CB6","Malfunctioning Cleaning Robot","","","","","NpcPath","3596.979","51.7449989","783.935852","3596.08203","52.2449989","783.805481","","25","base_unknown=0;follow_type=1;follow_unknown=25","2","base_unknown=0;follow_type=1;follow_unknown=25;path_count=2;decoded_path_count=2",""
"2026-07-21T19:57:20.8893614Z","IN","2862","FollowTarget","SimpleChar","797D36A5","SimpleChar:797D36A5","Malfunctioning Cleaning Robot","","","","","NpcPath","3596.81177","51.7449989","788.208923","3596.05518","51.7449989","788.482483","","25","base_unknown=0;follow_type=1;follow_unknown=25","2","base_unknown=0;follow_type=1;follow_unknown=25;path_count=2;decoded_path_count=2",""
"2026-07-21T19:57:21.1042294Z","IN","2871","FollowTarget","SimpleChar","79543CB6","SimpleChar:79543CB6","Malfunctioning Cleaning Robot","","","","","NpcPath","3596.979","51.7449989","783.935852","3596.10522","51.7449989","783.924805","","25","base_unknown=0;follow_type=1;follow_unknown=25","2","base_unknown=0;follow_type=1;follow_unknown=25;path_count=2;decoded_path_count=2",""
"2026-07-21T19:57:21.1042294Z","IN","2869","FollowTarget","SimpleChar","797D36A5","SimpleChar:797D36A5","Malfunctioning Cleaning Robot","","","","","NpcPath","3596.81177","51.7449989","788.208923","3596.05518","51.7449989","788.482483","","25","base_unknown=0;follow_type=1;follow_unknown=25","2","base_unknown=0;follow_type=1;follow_unknown=25;path_count=2;decoded_path_count=2",""
"2026-07-21T19:57:21.2991087Z","IN","2875","FollowTarget","SimpleChar","79543CB6","SimpleChar:79543CB6","Malfunctioning Cleaning Robot","","","","","NpcPath","3596.979","51.7449989","783.935852","3596.00854","52.2449989","783.7005","","25","base_unknown=0;follow_type=1;follow_unknown=25","2","base_unknown=0;follow_type=1;follow_unknown=25;path_count=2;decoded_path_count=2",""
"2026-07-21T19:57:21.2991087Z","IN","2873","FollowTarget","SimpleChar","797D36A5","SimpleChar:797D36A5","Malfunctioning Cleaning Robot","","","","","NpcPath","3596.81177","51.7449989","788.208923","3596.05518","51.7449989","788.482483","","25","base_unknown=0;follow_type=1;follow_unknown=25","2","base_unknown=0;follow_type=1;follow_unknown=25;path_count=2;decoded_path_count=2",""
"2026-07-21T19:57:21.2991087Z","IN","2874","FollowTarget","SimpleChar","7986655E","SimpleChar:7986655E","Malfunctioning Cleaning Robot","","","","","NpcPath","3594.04102","51.7449989","799.70282","3598.69995","52.5","786.997131","","24","base_unknown=0;follow_type=1;follow_unknown=24","2","base_unknown=0;follow_type=1;follow_unknown=24;path_count=2;decoded_path_count=2",""
"2026-07-21T19:57:21.5099781Z","IN","2877","FollowTarget","SimpleChar","79543CB6","SimpleChar:79543CB6","Malfunctioning Cleaning Robot","","","","","NpcPath","3596.979","51.7449989","783.935852","3596.08374","52.2449989","783.809631","","25","base_unknown=0;follow_type=1;follow_unknown=25","2","base_unknown=0;follow_type=1;follow_unknown=25;path_count=2;decoded_path_count=2",""
"2026-07-21T19:57:21.5099781Z","IN","2876","FollowTarget","SimpleChar","797D36A5","SimpleChar:797D36A5","Malfunctioning Cleaning Robot","","","","","NpcPath","3596.81177","51.7449989","788.208923","3596.07227","52.2449989","788.604248","","25","base_unknown=0;follow_type=1;follow_unknown=25","2","base_unknown=0;follow_type=1;follow_unknown=25;path_count=2;decoded_path_count=2",""
"2026-07-21T19:57:21.7058577Z","IN","2879","FollowTarget","SimpleChar","79543CB6","SimpleChar:79543CB6","Malfunctioning Cleaning Robot","","","","","NpcPath","3596.979","51.7449989","783.935852","3596.02173","52.2449989","783.71344","","25","base_unknown=0;follow_type=1;follow_unknown=25","2","base_unknown=0;follow_type=1;follow_unknown=25;path_count=2;decoded_path_count=2",""
"2026-07-21T19:57:21.7058577Z","IN","2878","FollowTarget","SimpleChar","797D36A5","SimpleChar:797D36A5","Malfunctioning Cleaning Robot","","","","","NpcPath","3596.81177","51.7449989","788.208923","3596.05518","51.7449989","788.482483","","25","base_unknown=0;follow_type=1;follow_unknown=25","2","base_unknown=0;follow_type=1;follow_unknown=25;path_count=2;decoded_path_count=2",""
"2026-07-21T19:57:21.9387137Z","IN","2883","FollowTarget","SimpleChar","79543CB6","SimpleChar:79543CB6","Malfunctioning Cleaning Robot","","","","","NpcPath","3596.979","51.7449989","783.935852","3596.10522","51.7449989","783.924805","","25","base_unknown=0;follow_type=1;follow_unknown=25","2","base_unknown=0;follow_type=1;follow_unknown=25;path_count=2;decoded_path_count=2",""
"2026-07-21T19:57:21.9387137Z","IN","2881","FollowTarget","SimpleChar","797D36A5","SimpleChar:797D36A5","Malfunctioning Cleaning Robot","","","","","NpcPath","3596.81177","51.7449989","788.208923","3596.05518","51.7449989","788.482483","","25","base_unknown=0;follow_type=1;follow_unknown=25","2","base_unknown=0;follow_type=1;follow_unknown=25;path_count=2;decoded_path_count=2",""
"2026-07-21T19:57:22.1395925Z","IN","2890","FollowTarget","SimpleChar","79543CB6","SimpleChar:79543CB6","Malfunctioning Cleaning Robot","","","","","NpcPath","3596.979","51.7449989","783.935852","3596.10522","51.7449989","783.924805","","25","base_unknown=0;follow_type=1;follow_unknown=25","2","base_unknown=0;follow_type=1;follow_unknown=25;path_count=2;decoded_path_count=2",""
"2026-07-21T19:57:22.1395925Z","IN","2888","FollowTarget","SimpleChar","797D36A5","SimpleChar:797D36A5","Malfunctioning Cleaning Robot","","","","","NpcPath","3596.81177","51.7449989","788.208923","3596.05518","51.7449989","788.482483","","25","base_unknown=0;follow_type=1;follow_unknown=25","2","base_unknown=0;follow_type=1;follow_unknown=25;path_count=2;decoded_path_count=2",""
"2026-07-21T19:57:22.3334709Z","IN","2896","FollowTarget","SimpleChar","79543CB6","SimpleChar:79543CB6","Malfunctioning Cleaning Robot","","","","","NpcPath","3596.979","51.7449989","783.935852","3596.10522","51.7449989","783.924805","","25","base_unknown=0;follow_type=1;follow_unknown=25","2","base_unknown=0;follow_type=1;follow_unknown=25;path_count=2;decoded_path_count=2",""
"2026-07-21T19:57:22.3334709Z","IN","2895","FollowTarget","SimpleChar","797D36A5","SimpleChar:797D36A5","Malfunctioning Cleaning Robot","","","","","NpcPath","3596.81177","51.7449989","788.208923","3596.02124","52.2449989","788.752686","","25","base_unknown=0;follow_type=1;follow_unknown=25","2","base_unknown=0;follow_type=1;follow_unknown=25;path_count=2;decoded_path_count=2",""
"2026-07-21T19:57:22.5423410Z","IN","2899","FollowTarget","SimpleChar","79543CB6","SimpleChar:79543CB6","Malfunctioning Cleaning Robot","","","","","NpcPath","3596.979","51.7449989","783.935852","3596.10522","51.7449989","783.924805","","25","base_unknown=0;follow_type=1;follow_unknown=25","2","base_unknown=0;follow_type=1;follow_unknown=25;path_count=2;decoded_path_count=2",""
"2026-07-21T19:57:22.5423410Z","IN","2898","FollowTarget","SimpleChar","797D36A5","SimpleChar:797D36A5","Malfunctioning Cleaning Robot","","","","","NpcPath","3596.81177","51.7449989","788.208923","3596.05518","51.7449989","788.482483","","25","base_unknown=0;follow_type=1;follow_unknown=25","2","base_unknown=0;follow_type=1;follow_unknown=25;path_count=2;decoded_path_count=2",""
"2026-07-21T19:57:22.7492140Z","IN","2901","FollowTarget","SimpleChar","79543CB6","SimpleChar:79543CB6","Malfunctioning Cleaning Robot","","","","","NpcPath","3596.979","51.7449989","783.935852","3596.10449","52.2449989","783.901428","","25","base_unknown=0;follow_type=1;follow_unknown=25","2","base_unknown=0;follow_type=1;follow_unknown=25;path_count=2;decoded_path_count=2",""
"2026-07-21T19:57:22.7492140Z","IN","2900","FollowTarget","SimpleChar","797D36A5","SimpleChar:797D36A5","Malfunctioning Cleaning Robot","","","","","NpcPath","3596.81177","51.7449989","788.208923","3596.05518","51.7449989","788.482483","","25","base_unknown=0;follow_type=1;follow_unknown=25","2","base_unknown=0;follow_type=1;follow_unknown=25;path_count=2;decoded_path_count=2",""
"2026-07-21T19:57:23.1226242Z","IN","2908","FollowTarget","SimpleChar","79543CB6","SimpleChar:79543CB6","Malfunctioning Cleaning Robot","","","","","NpcPath","3596.979","51.7449989","783.935852","3596.10522","51.7449989","783.924805","","25","base_unknown=0;follow_type=1;follow_unknown=25","2","base_unknown=0;follow_type=1;follow_unknown=25;path_count=2;decoded_path_count=2",""
"2026-07-21T19:57:23.1226242Z","IN","2906","FollowTarget","SimpleChar","797D36A5","SimpleChar:797D36A5","Malfunctioning Cleaning Robot","","","","","NpcPath","3596.81177","51.7449989","788.208923","3596.05518","51.7449989","788.482483","","25","base_unknown=0;follow_type=1;follow_unknown=25","2","base_unknown=0;follow_type=1;follow_unknown=25;path_count=2;decoded_path_count=2",""
"2026-07-21T19:57:23.3834624Z","IN","2915","FollowTarget","SimpleChar","79543CB6","SimpleChar:79543CB6","Malfunctioning Cleaning Robot","","","","","NpcPath","3596.979","51.7449989","783.935852","3596.04028","52.2449989","784.107422","","25","base_unknown=0;follow_type=1;follow_unknown=25","2","base_unknown=0;follow_type=1;follow_unknown=25;path_count=2;decoded_path_count=2",""
"2026-07-21T19:57:23.3834624Z","IN","2914","FollowTarget","SimpleChar","797D36A5","SimpleChar:797D36A5","Malfunctioning Cleaning Robot","","","","","NpcPath","3596.81177","51.7449989","788.208923","3596.06592","52.2449989","788.520447","","25","base_unknown=0;follow_type=1;follow_unknown=25","2","base_unknown=0;follow_type=1;follow_unknown=25;path_count=2;decoded_path_count=2",""
"2026-07-21T19:57:23.6223169Z","IN","2918","FollowTarget","SimpleChar","79543CB6","SimpleChar:79543CB6","Malfunctioning Cleaning Robot","","","","","NpcPath","3596.979","51.7449989","783.935852","3596.10522","51.7449989","783.924805","","25","base_unknown=0;follow_type=1;follow_unknown=25","2","base_unknown=0;follow_type=1;follow_unknown=25;path_count=2;decoded_path_count=2",""
"2026-07-21T19:57:23.6223169Z","IN","2921","FollowTarget","SimpleChar","79543CB6","SimpleChar:79543CB6","Malfunctioning Cleaning Robot","","","","","NpcPath","3596.979","51.7449989","783.935852","3596.04834","52.2449989","783.7453","","25","base_unknown=0;follow_type=1;follow_unknown=25","2","base_unknown=0;follow_type=1;follow_unknown=25;path_count=2;decoded_path_count=2",""
"2026-07-21T19:57:23.6223169Z","IN","2917","FollowTarget","SimpleChar","797D36A5","SimpleChar:797D36A5","Malfunctioning Cleaning Robot","","","","","NpcPath","3596.81177","51.7449989","788.208923","3596.05518","51.7449989","788.482483","","25","base_unknown=0;follow_type=1;follow_unknown=25","2","base_unknown=0;follow_type=1;follow_unknown=25;path_count=2;decoded_path_count=2",""
"2026-07-21T19:57:23.6223169Z","IN","2920","FollowTarget","SimpleChar","797D36A5","SimpleChar:797D36A5","Malfunctioning Cleaning Robot","","","","","NpcPath","3596.81177","51.7449989","788.208923","3596.05518","51.7449989","788.482483","","25","base_unknown=0;follow_type=1;follow_unknown=25","2","base_unknown=0;follow_type=1;follow_unknown=25;path_count=2;decoded_path_count=2",""
"2026-07-21T19:57:23.6223169Z","IN","2919","FollowTarget","SimpleChar","79866560","SimpleChar:79866560","Malfunctioning Cleaning Robot","","","","","NpcPath","3597.27734","51.7449989","773.230103","3597.29858","52.5","771.970093","","24","base_unknown=0;follow_type=1;follow_unknown=24","2","base_unknown=0;follow_type=1;follow_unknown=24;path_count=2;decoded_path_count=2",""
"2026-07-21T19:57:23.8561711Z","IN","2923","FollowTarget","SimpleChar","79543CB6","SimpleChar:79543CB6","Malfunctioning Cleaning Robot","","","","","NpcPath","3596.979","51.7449989","783.935852","3596.10522","51.7449989","783.924805","","25","base_unknown=0;follow_type=1;follow_unknown=25","2","base_unknown=0;follow_type=1;follow_unknown=25;path_count=2;decoded_path_count=2",""
"2026-07-21T19:57:23.8561711Z","IN","2922","FollowTarget","SimpleChar","797D36A5","SimpleChar:797D36A5","Malfunctioning Cleaning Robot","","","","","NpcPath","3596.81177","51.7449989","788.208923","3596.04443","52.2449989","788.712097","","25","base_unknown=0;follow_type=1;follow_unknown=25","2","base_unknown=0;follow_type=1;follow_unknown=25;path_count=2;decoded_path_count=2",""
"2026-07-21T19:57:24.0590459Z","IN","2926","FollowTarget","SimpleChar","79543CB6","SimpleChar:79543CB6","Malfunctioning Cleaning Robot","","","","","NpcPath","3596.979","51.7449989","783.935852","3596.10522","51.7449989","783.924805","","25","base_unknown=0;follow_type=1;follow_unknown=25","2","base_unknown=0;follow_type=1;follow_unknown=25;path_count=2;decoded_path_count=2",""
"2026-07-21T19:57:24.0590459Z","IN","2925","FollowTarget","SimpleChar","797D36A5","SimpleChar:797D36A5","Malfunctioning Cleaning Robot","","","","","NpcPath","3596.81177","51.7449989","788.208923","3596.05518","51.7449989","788.482483","","25","base_unknown=0;follow_type=1;follow_unknown=25","2","base_unknown=0;follow_type=1;follow_unknown=25;path_count=2;decoded_path_count=2",""
"2026-07-21T19:57:24.2739137Z","IN","2932","FollowTarget","SimpleChar","79543CB6","SimpleChar:79543CB6","Malfunctioning Cleaning Robot","","","","","NpcPath","3596.979","51.7449989","783.935852","3596.07544","52.2449989","784.05127","","25","base_unknown=0;follow_type=1;follow_unknown=25","2","base_unknown=0;follow_type=1;follow_unknown=25;path_count=2;decoded_path_count=2",""
"2026-07-21T19:57:24.2739137Z","IN","2931","FollowTarget","SimpleChar","797D36A5","SimpleChar:797D36A5","Malfunctioning Cleaning Robot","","","","","NpcPath","3596.81177","51.7449989","788.208923","3596.05518","51.7449989","788.482483","","25","base_unknown=0;follow_type=1;follow_unknown=25","2","base_unknown=0;follow_type=1;follow_unknown=25;path_count=2;decoded_path_count=2",""
"2026-07-21T19:57:24.4787870Z","IN","2935","FollowTarget","SimpleChar","79543CB6","SimpleChar:79543CB6","Malfunctioning Cleaning Robot","","","","","NpcPath","3596.979","51.7449989","783.935852","3596.09351","52.2449989","784.003906","","25","base_unknown=0;follow_type=1;follow_unknown=25","2","base_unknown=0;follow_type=1;follow_unknown=25;path_count=2;decoded_path_count=2",""
"2026-07-21T19:57:24.4787870Z","IN","2934","FollowTarget","SimpleChar","797D36A5","SimpleChar:797D36A5","Malfunctioning Cleaning Robot","","","","","NpcPath","3596.81177","51.7449989","788.208923","3596.06982","52.2449989","788.627808","","25","base_unknown=0;follow_type=1;follow_unknown=25","2","base_unknown=0;follow_type=1;follow_unknown=25;path_count=2;decoded_path_count=2",""
"2026-07-21T19:57:24.6896563Z","IN","2937","FollowTarget","SimpleChar","79543CB6","SimpleChar:79543CB6","Malfunctioning Cleaning Robot","","","","","NpcPath","3596.979","51.7449989","783.935852","3596.05469","52.2449989","783.754639","","25","base_unknown=0;follow_type=1;follow_unknown=25","2","base_unknown=0;follow_type=1;follow_unknown=25;path_count=2;decoded_path_count=2",""
"2026-07-21T19:57:24.6896563Z","IN","2936","FollowTarget","SimpleChar","797D36A5","SimpleChar:797D36A5","Malfunctioning Cleaning Robot","","","","","NpcPath","3596.81177","51.7449989","788.208923","3596.06543","52.2449989","788.651123","","25","base_unknown=0;follow_type=1;follow_unknown=25","2","base_unknown=0;follow_type=1;follow_unknown=25;path_count=2;decoded_path_count=2",""
"2026-07-21T19:57:24.8905319Z","IN","2940","FollowTarget","SimpleChar","79543CB6","SimpleChar:79543CB6","Malfunctioning Cleaning Robot","","","","","NpcPath","3596.979","51.7449989","783.935852","3596.01929","52.2449989","783.710999","","25","base_unknown=0;follow_type=1;follow_unknown=25","2","base_unknown=0;follow_type=1;follow_unknown=25;path_count=2;decoded_path_count=2",""
"2026-07-21T19:57:24.8905319Z","IN","2939","FollowTarget","SimpleChar","797D36A5","SimpleChar:797D36A5","Malfunctioning Cleaning Robot","","","","","NpcPath","3596.81177","51.7449989","788.208923","3596.05518","51.7449989","788.482483","","25","base_unknown=0;follow_type=1;follow_unknown=25","2","base_unknown=0;follow_type=1;follow_unknown=25;path_count=2;decoded_path_count=2",""
"2026-07-21T19:57:25.1053994Z","IN","2944","FollowTarget","SimpleChar","79543CB6","SimpleChar:79543CB6","Malfunctioning Cleaning Robot","","","","","NpcPath","3596.979","51.7449989","783.935852","3596.04346","52.2449989","784.103149","","25","base_unknown=0;follow_type=1;follow_unknown=25","2","base_unknown=0;follow_type=1;follow_unknown=25;path_count=2;decoded_path_count=2",""
"2026-07-21T19:57:25.1053994Z","IN","2943","FollowTarget","SimpleChar","797D36A5","SimpleChar:797D36A5","Malfunctioning Cleaning Robot","","","","","NpcPath","3596.81177","51.7449989","788.208923","3596.05518","51.7449989","788.482483","","25","base_unknown=0;follow_type=1;follow_unknown=25","2","base_unknown=0;follow_type=1;follow_unknown=25;path_count=2;decoded_path_count=2",""
"2026-07-21T19:57:25.3042774Z","IN","2954","FollowTarget","SimpleChar","79543CB6","SimpleChar:79543CB6","Malfunctioning Cleaning Robot","","","","","NpcPath","3596.979","51.7449989","783.935852","3596.05591","52.2449989","784.085876","","25","base_unknown=0;follow_type=1;follow_unknown=25","2","base_unknown=0;follow_type=1;follow_unknown=25;path_count=2;decoded_path_count=2",""
"2026-07-21T19:57:25.3042774Z","IN","2953","FollowTarget","SimpleChar","797D36A5","SimpleChar:797D36A5","Malfunctioning Cleaning Robot","","","","","NpcPath","3596.81177","51.7449989","788.208923","3596.05518","51.7449989","788.482483","","25","base_unknown=0;follow_type=1;follow_unknown=25","2","base_unknown=0;follow_type=1;follow_unknown=25;path_count=2;decoded_path_count=2",""
"2026-07-21T19:57:25.5151490Z","IN","2957","FollowTarget","SimpleChar","79543CB6","SimpleChar:79543CB6","Malfunctioning Cleaning Robot","","","","","NpcPath","3596.979","51.7449989","783.935852","3596.10522","51.7449989","783.924805","","25","base_unknown=0;follow_type=1;follow_unknown=25","2","base_unknown=0;follow_type=1;follow_unknown=25;path_count=2;decoded_path_count=2",""
"2026-07-21T19:57:25.5151490Z","IN","2956","FollowTarget","SimpleChar","797D36A5","SimpleChar:797D36A5","Malfunctioning Cleaning Robot","","","","","NpcPath","3596.81177","51.7449989","788.208923","3596.05518","51.7449989","788.482483","","25","base_unknown=0;follow_type=1;follow_unknown=25","2","base_unknown=0;follow_type=1;follow_unknown=25;path_count=2;decoded_path_count=2",""
"2026-07-21T19:57:25.7150249Z","IN","2958","FollowTarget","SimpleChar","797D36A5","SimpleChar:797D36A5","Malfunctioning Cleaning Robot","","","","","NpcPath","3596.81177","51.7449989","788.208923","3596.05518","51.7449989","788.482483","","25","base_unknown=0;follow_type=1;follow_unknown=25","2","base_unknown=0;follow_type=1;follow_unknown=25;path_count=2;decoded_path_count=2",""
"2026-07-21T19:57:25.7160259Z","IN","2959","FollowTarget","SimpleChar","79543CB6","SimpleChar:79543CB6","Malfunctioning Cleaning Robot","","","","","NpcPath","3596.979","51.7449989","783.935852","3596.10522","51.7449989","783.924805","","25","base_unknown=0;follow_type=1;follow_unknown=25","2","base_unknown=0;follow_type=1;follow_unknown=25;path_count=2;decoded_path_count=2",""
"2026-07-21T19:57:25.9508796Z","IN","2962","FollowTarget","SimpleChar","79543CB6","SimpleChar:79543CB6","Malfunctioning Cleaning Robot","","","","","NpcPath","3596.979","51.7449989","783.935852","3596.10522","51.7449989","783.924805","","25","base_unknown=0;follow_type=1;follow_unknown=25","2","base_unknown=0;follow_type=1;follow_unknown=25;path_count=2;decoded_path_count=2",""
"2026-07-21T19:57:25.9508796Z","IN","2960","FollowTarget","SimpleChar","797D36A5","SimpleChar:797D36A5","Malfunctioning Cleaning Robot","","","","","NpcPath","3596.81177","51.7449989","788.208923","3596.05518","51.7449989","788.482483","","25","base_unknown=0;follow_type=1;follow_unknown=25","2","base_unknown=0;follow_type=1;follow_unknown=25;path_count=2;decoded_path_count=2",""
"2026-07-21T19:57:25.9508796Z","IN","2961","FollowTarget","SimpleChar","79866547","SimpleChar:79866547","Malfunctioning Cleaning Robot","","","","","NpcPath","3620.43311","51.7449989","784.757751","3612.28955","52.5","788.078735","","24","base_unknown=0;follow_type=1;follow_unknown=24","2","base_unknown=0;follow_type=1;follow_unknown=24;path_count=2;decoded_path_count=2",""
"2026-07-21T19:57:26.1437612Z","IN","2970","FollowTarget","SimpleChar","79543CB6","SimpleChar:79543CB6","Malfunctioning Cleaning Robot","","","","","NpcPath","3596.979","51.7449989","783.935852","3596.10522","51.7449989","783.924805","","25","base_unknown=0;follow_type=1;follow_unknown=25","2","base_unknown=0;follow_type=1;follow_unknown=25;path_count=2;decoded_path_count=2",""
"2026-07-21T19:57:26.1437612Z","IN","2969","FollowTarget","SimpleChar","797D36A5","SimpleChar:797D36A5","Malfunctioning Cleaning Robot","","","","","NpcPath","3596.81177","51.7449989","788.208923","3596.05518","51.7449989","788.482483","","25","base_unknown=0;follow_type=1;follow_unknown=25","2","base_unknown=0;follow_type=1;follow_unknown=25;path_count=2;decoded_path_count=2",""
"2026-07-21T19:57:26.3686203Z","IN","2975","FollowTarget","SimpleChar","797D36A5","SimpleChar:797D36A5","Malfunctioning Cleaning Robot","","","","","NpcPath","3596.81177","51.7449989","788.208923","3596.0271","52.2449989","788.743835","","25","base_unknown=0;follow_type=1;follow_unknown=25","2","base_unknown=0;follow_type=1;follow_unknown=25;path_count=2;decoded_path_count=2",""
"2026-07-21T19:57:26.3696206Z","IN","2976","FollowTarget","SimpleChar","79543CB6","SimpleChar:79543CB6","Malfunctioning Cleaning Robot","","","","","NpcPath","3596.979","51.7449989","783.935852","3596.10522","51.7449989","783.924805","","25","base_unknown=0;follow_type=1;follow_unknown=25","2","base_unknown=0;follow_type=1;follow_unknown=25;path_count=2;decoded_path_count=2",""
"2026-07-21T19:57:26.5734953Z","IN","2978","FollowTarget","SimpleChar","79543CB6","SimpleChar:79543CB6","Malfunctioning Cleaning Robot","","","","","NpcPath","3596.979","51.7449989","783.935852","3596.06055","52.2449989","784.078491","","25","base_unknown=0;follow_type=1;follow_unknown=25","2","base_unknown=0;follow_type=1;follow_unknown=25;path_count=2;decoded_path_count=2",""
"2026-07-21T19:57:26.5734953Z","IN","2977","FollowTarget","SimpleChar","797D36A5","SimpleChar:797D36A5","Malfunctioning Cleaning Robot","","","","","NpcPath","3596.81177","51.7449989","788.208923","3596.0105","52.2449989","788.401184","","25","base_unknown=0;follow_type=1;follow_unknown=25","2","base_unknown=0;follow_type=1;follow_unknown=25;path_count=2;decoded_path_count=2",""
"2026-07-21T19:57:26.7873634Z","IN","2981","FollowTarget","SimpleChar","79543CB6","SimpleChar:79543CB6","Malfunctioning Cleaning Robot","","","","","NpcPath","3596.979","51.7449989","783.935852","3596.10522","51.7449989","783.924805","","25","base_unknown=0;follow_type=1;follow_unknown=25","2","base_unknown=0;follow_type=1;follow_unknown=25;path_count=2;decoded_path_count=2",""
"2026-07-21T19:57:26.7873634Z","IN","2980","FollowTarget","SimpleChar","797D36A5","SimpleChar:797D36A5","Malfunctioning Cleaning Robot","","","","","NpcPath","3596.81177","51.7449989","788.208923","3596.06396","52.2449989","788.511108","","25","base_unknown=0;follow_type=1;follow_unknown=25","2","base_unknown=0;follow_type=1;follow_unknown=25;path_count=2;decoded_path_count=2",""
"2026-07-21T19:57:27.0002339Z","IN","2984","FollowTarget","SimpleChar","79543CB6","SimpleChar:79543CB6","Malfunctioning Cleaning Robot","","","","","NpcPath","3596.979","51.7449989","783.935852","3596.10522","51.7449989","783.924805","","25","base_unknown=0;follow_type=1;follow_unknown=25","2","base_unknown=0;follow_type=1;follow_unknown=25;path_count=2;decoded_path_count=2",""
"2026-07-21T19:57:27.0002339Z","IN","2983","FollowTarget","SimpleChar","797D36A5","SimpleChar:797D36A5","Malfunctioning Cleaning Robot","","","","","NpcPath","3596.81177","51.7449989","788.208923","3596.05518","51.7449989","788.482483","","25","base_unknown=0;follow_type=1;follow_unknown=25","2","base_unknown=0;follow_type=1;follow_unknown=25;path_count=2;decoded_path_count=2",""
"2026-07-21T19:57:27.4669441Z","IN","2992","FollowTarget","SimpleChar","79543CB6","SimpleChar:79543CB6","Malfunctioning Cleaning Robot","","","","","NpcPath","3596.979","51.7449989","783.935852","3596.10522","51.7449989","783.924805","","25","base_unknown=0;follow_type=1;follow_unknown=25","2","base_unknown=0;follow_type=1;follow_unknown=25;path_count=2;decoded_path_count=2",""
"2026-07-21T19:57:27.4669441Z","IN","2994","FollowTarget","SimpleChar","79543CB6","SimpleChar:79543CB6","Malfunctioning Cleaning Robot","","","","","NpcPath","3596.979","51.7449989","783.935852","3596.10522","51.7449989","783.924805","","25","base_unknown=0;follow_type=1;follow_unknown=25","2","base_unknown=0;follow_type=1;follow_unknown=25;path_count=2;decoded_path_count=2",""
"2026-07-21T19:57:27.4669441Z","IN","2991","FollowTarget","SimpleChar","797D36A5","SimpleChar:797D36A5","Malfunctioning Cleaning Robot","","","","","NpcPath","3596.81177","51.7449989","788.208923","3596.05542","52.2449989","788.483521","","25","base_unknown=0;follow_type=1;follow_unknown=25","2","base_unknown=0;follow_type=1;follow_unknown=25;path_count=2;decoded_path_count=2",""
"2026-07-21T19:57:27.4669441Z","IN","2993","FollowTarget","SimpleChar","797D36A5","SimpleChar:797D36A5","Malfunctioning Cleaning Robot","","","","","NpcPath","3596.81177","51.7449989","788.208923","3596.05518","51.7449989","788.482483","","25","base_unknown=0;follow_type=1;follow_unknown=25","2","base_unknown=0;follow_type=1;follow_unknown=25;path_count=2;decoded_path_count=2",""
"2026-07-21T19:57:27.6728169Z","IN","2996","FollowTarget","SimpleChar","79543CB6","SimpleChar:79543CB6","Malfunctioning Cleaning Robot","","","","","NpcPath","3596.979","51.7449989","783.935852","3596.09302","52.2449989","784.005188","","25","base_unknown=0;follow_type=1;follow_unknown=25","2","base_unknown=0;follow_type=1;follow_unknown=25;path_count=2;decoded_path_count=2",""
"2026-07-21T19:57:27.6728169Z","IN","2995","FollowTarget","SimpleChar","797D36A5","SimpleChar:797D36A5","Malfunctioning Cleaning Robot","","","","","NpcPath","3596.81177","51.7449989","788.208923","3596.07178","52.2449989","788.61084","","25","base_unknown=0;follow_type=1;follow_unknown=25","2","base_unknown=0;follow_type=1;follow_unknown=25;path_count=2;decoded_path_count=2",""
"2026-07-21T19:57:27.8986798Z","IN","2999","FollowTarget","SimpleChar","79543CB6","SimpleChar:79543CB6","Malfunctioning Cleaning Robot","","","","","NpcPath","3596.979","51.7449989","783.935852","3596.02026","52.2449989","783.711792","","25","base_unknown=0;follow_type=1;follow_unknown=25","2","base_unknown=0;follow_type=1;follow_unknown=25;path_count=2;decoded_path_count=2",""
"2026-07-21T19:57:27.8986798Z","IN","2997","FollowTarget","SimpleChar","797D36A5","SimpleChar:797D36A5","Malfunctioning Cleaning Robot","","","","","NpcPath","3596.81177","51.7449989","788.208923","3596.07031","52.2449989","788.624084","","25","base_unknown=0;follow_type=1;follow_unknown=25","2","base_unknown=0;follow_type=1;follow_unknown=25;path_count=2;decoded_path_count=2",""
"2026-07-21T19:57:28.0855630Z","IN","3001","FollowTarget","SimpleChar","79543CB6","SimpleChar:79543CB6","Malfunctioning Cleaning Robot","","","","","NpcPath","3596.979","51.7449989","783.935852","3596.0459","52.2449989","784.10022","","25","base_unknown=0;follow_type=1;follow_unknown=25","2","base_unknown=0;follow_type=1;follow_unknown=25;path_count=2;decoded_path_count=2",""
"2026-07-21T19:57:28.0855630Z","IN","3000","FollowTarget","SimpleChar","797D36A5","SimpleChar:797D36A5","Malfunctioning Cleaning Robot","","","","","NpcPath","3596.81177","51.7449989","788.208923","3596.05518","51.7449989","788.482483","","25","base_unknown=0;follow_type=1;follow_unknown=25","2","base_unknown=0;follow_type=1;follow_unknown=25;path_count=2;decoded_path_count=2",""
"2026-07-21T19:57:28.0855630Z","IN","3002","FollowTarget","SimpleChar","79866560","SimpleChar:79866560","Malfunctioning Cleaning Robot","","","","","NpcPath","3597.28271","51.7449989","772.925964","3602.12964","52.5","787.729492","","24","base_unknown=0;follow_type=1;follow_unknown=24","2","base_unknown=0;follow_type=1;follow_unknown=24;path_count=2;decoded_path_count=2",""
"2026-07-21T19:57:28.3004295Z","IN","3013","FollowTarget","SimpleChar","79543CB6","SimpleChar:79543CB6","Malfunctioning Cleaning Robot","","","","","NpcPath","3596.979","51.7449989","783.935852","3596.0752","52.2449989","784.051514","","25","base_unknown=0;follow_type=1;follow_unknown=25","2","base_unknown=0;follow_type=1;follow_unknown=25;path_count=2;decoded_path_count=2",""
"2026-07-21T19:57:28.3004295Z","IN","3012","FollowTarget","SimpleChar","797D36A5","SimpleChar:797D36A5","Malfunctioning Cleaning Robot","","","","","NpcPath","3596.81177","51.7449989","788.208923","3596.05518","51.7449989","788.482483","","25","base_unknown=0;follow_type=1;follow_unknown=25","2","base_unknown=0;follow_type=1;follow_unknown=25;path_count=2;decoded_path_count=2",""
"2026-07-21T19:57:28.3004295Z","IN","3011","FollowTarget","SimpleChar","7986655D","SimpleChar:7986655D","Malfunctioning Cleaning Robot","","","","","NpcPath","3601.17334","52.1349983","788.839233","3601.71387","52.5","787.909546","","24","base_unknown=0;follow_type=1;follow_unknown=24","2","base_unknown=0;follow_type=1;follow_unknown=24;path_count=2;decoded_path_count=2",""
"2026-07-21T19:57:28.5113002Z","IN","3015","FollowTarget","SimpleChar","79543CB6","SimpleChar:79543CB6","Malfunctioning Cleaning Robot","","","","","NpcPath","3596.979","51.7449989","783.935852","3596.10522","51.7449989","783.924805","","25","base_unknown=0;follow_type=1;follow_unknown=25","2","base_unknown=0;follow_type=1;follow_unknown=25;path_count=2;decoded_path_count=2",""
"2026-07-21T19:57:28.5113002Z","IN","3014","FollowTarget","SimpleChar","797D36A5","SimpleChar:797D36A5","Malfunctioning Cleaning Robot","","","","","NpcPath","3596.81177","51.7449989","788.208923","3596.05518","51.7449989","788.482483","","25","base_unknown=0;follow_type=1;follow_unknown=25","2","base_unknown=0;follow_type=1;follow_unknown=25;path_count=2;decoded_path_count=2",""
"2026-07-21T19:57:28.7051795Z","IN","3018","FollowTarget","SimpleChar","79543CB6","SimpleChar:79543CB6","Malfunctioning Cleaning Robot","","","","","NpcPath","3596.979","51.7449989","783.935852","3596.0752","52.2449989","784.051697","","25","base_unknown=0;follow_type=1;follow_unknown=25","2","base_unknown=0;follow_type=1;follow_unknown=25;path_count=2;decoded_path_count=2",""
"2026-07-21T19:57:28.7051795Z","IN","3017","FollowTarget","SimpleChar","797D36A5","SimpleChar:797D36A5","Malfunctioning Cleaning Robot","","","","","NpcPath","3596.81177","51.7449989","788.208923","3596.05322","52.2449989","788.477478","","25","base_unknown=0;follow_type=1;follow_unknown=25","2","base_unknown=0;follow_type=1;follow_unknown=25;path_count=2;decoded_path_count=2",""
"2026-07-21T19:57:28.7051795Z","IN","3016","FollowTarget","SimpleChar","7986655D","SimpleChar:7986655D","Malfunctioning Cleaning Robot","","","","","NpcPath","3601.21167","52.1349983","788.773132","3602.19604","52.5","788.227173","","24","base_unknown=0;follow_type=1;follow_unknown=24","2","base_unknown=0;follow_type=1;follow_unknown=24;path_count=2;decoded_path_count=2",""
"2026-07-21T19:57:28.9400349Z","IN","3020","FollowTarget","SimpleChar","797D36A5","SimpleChar:797D36A5","Malfunctioning Cleaning Robot","","","","","NpcPath","3596.81177","51.7449989","788.208923","3596.0708","52.2449989","788.620544","","25","base_unknown=0;follow_type=1;follow_unknown=25","2","base_unknown=0;follow_type=1;follow_unknown=25;path_count=2;decoded_path_count=2",""
"2026-07-21T19:57:28.9410343Z","IN","3021","FollowTarget","SimpleChar","79543CB6","SimpleChar:79543CB6","Malfunctioning Cleaning Robot","","","","","NpcPath","3596.979","51.7449989","783.935852","3596.0769","52.2449989","784.048279","","25","base_unknown=0;follow_type=1;follow_unknown=25","2","base_unknown=0;follow_type=1;follow_unknown=25;path_count=2;decoded_path_count=2",""
"2026-07-21T19:57:29.1888819Z","IN","3023","FollowTarget","SimpleChar","79543CB6","SimpleChar:79543CB6","Malfunctioning Cleaning Robot","","","","","NpcPath","3596.979","51.7449989","783.935852","3596.02759","52.2449989","784.122498","","25","base_unknown=0;follow_type=1;follow_unknown=25","2","base_unknown=0;follow_type=1;follow_unknown=25;path_count=2;decoded_path_count=2",""
"2026-07-21T19:57:29.1888819Z","IN","3022","FollowTarget","SimpleChar","797D36A5","SimpleChar:797D36A5","Malfunctioning Cleaning Robot","","","","","NpcPath","3596.81177","51.7449989","788.208923","3596.05518","51.7449989","788.482483","","25","base_unknown=0;follow_type=1;follow_unknown=25","2","base_unknown=0;follow_type=1;follow_unknown=25;path_count=2;decoded_path_count=2",""
"2026-07-21T19:57:29.4007510Z","IN","3032","FollowTarget","SimpleChar","79543CB6","SimpleChar:79543CB6","Malfunctioning Cleaning Robot","","","","","NpcPath","3596.979","51.7449989","783.935852","3596.03442","52.2449989","783.7276","","25","base_unknown=0;follow_type=1;follow_unknown=25","2","base_unknown=0;follow_type=1;follow_unknown=25;path_count=2;decoded_path_count=2",""
"2026-07-21T19:57:29.4007510Z","IN","3031","FollowTarget","SimpleChar","797D36A5","SimpleChar:797D36A5","Malfunctioning Cleaning Robot","","","","","NpcPath","3596.81177","51.7449989","788.208923","3596.06104","52.2449989","788.500549","","25","base_unknown=0;follow_type=1;follow_unknown=25","2","base_unknown=0;follow_type=1;follow_unknown=25;path_count=2;decoded_path_count=2",""
"2026-07-21T19:57:29.9024411Z","IN","3034","FollowTarget","SimpleChar","79543CB6","SimpleChar:79543CB6","Malfunctioning Cleaning Robot","","","","","NpcPath","3596.979","51.7449989","783.935852","3596.10522","51.7449989","783.924805","","25","base_unknown=0;follow_type=1;follow_unknown=25","2","base_unknown=0;follow_type=1;follow_unknown=25;path_count=2;decoded_path_count=2",""
"2026-07-21T19:57:29.9024411Z","IN","3036","FollowTarget","SimpleChar","79543CB6","SimpleChar:79543CB6","Malfunctioning Cleaning Robot","","","","","NpcPath","3596.979","51.7449989","783.935852","3596.09814","52.2449989","783.986084","","25","base_unknown=0;follow_type=1;follow_unknown=25","2","base_unknown=0;follow_type=1;follow_unknown=25;path_count=2;decoded_path_count=2",""
"2026-07-21T19:57:29.9024411Z","IN","3033","FollowTarget","SimpleChar","797D36A5","SimpleChar:797D36A5","Malfunctioning Cleaning Robot","","","","","NpcPath","3596.81177","51.7449989","788.208923","3596.05518","51.7449989","788.482483","","25","base_unknown=0;follow_type=1;follow_unknown=25","2","base_unknown=0;follow_type=1;follow_unknown=25;path_count=2;decoded_path_count=2",""
"2026-07-21T19:57:29.9024411Z","IN","3035","FollowTarget","SimpleChar","797D36A5","SimpleChar:797D36A5","Malfunctioning Cleaning Robot","","","","","NpcPath","3596.81177","51.7449989","788.208923","3596.05518","51.7449989","788.482483","","25","base_unknown=0;follow_type=1;follow_unknown=25","2","base_unknown=0;follow_type=1;follow_unknown=25;path_count=2;decoded_path_count=2",""
"2026-07-21T19:57:29.9024411Z","IN","3037","FollowTarget","SimpleChar","79866565","SimpleChar:79866565","Malfunctioning Cleaning Robot","","","","","NpcPath","3603.16772","52.1349983","788.523743","3601.90332","52.5","788.283997","","24","base_unknown=0;follow_type=1;follow_unknown=24","2","base_unknown=0;follow_type=1;follow_unknown=24;path_count=2;decoded_path_count=2",""
"2026-07-21T19:57:30.2342387Z","IN","3039","FollowTarget","SimpleChar","79543CB6","SimpleChar:79543CB6","Malfunctioning Cleaning Robot","","","","","NpcPath","3596.979","51.7449989","783.935852","3596.10522","51.7449989","783.924805","","25","base_unknown=0;follow_type=1;follow_unknown=25","2","base_unknown=0;follow_type=1;follow_unknown=25;path_count=2;decoded_path_count=2",""
"2026-07-21T19:57:30.2342387Z","IN","3042","FollowTarget","SimpleChar","79543CB6","SimpleChar:79543CB6","Malfunctioning Cleaning Robot","","","","","NpcPath","3596.979","51.7449989","783.935852","3596.07251","52.2449989","783.785095","","25","base_unknown=0;follow_type=1;follow_unknown=25","2","base_unknown=0;follow_type=1;follow_unknown=25;path_count=2;decoded_path_count=2",""
"2026-07-21T19:57:30.2342387Z","IN","3038","FollowTarget","SimpleChar","797D36A5","SimpleChar:797D36A5","Malfunctioning Cleaning Robot","","","","","NpcPath","3596.81177","51.7449989","788.208923","3596.05518","51.7449989","788.482483","","25","base_unknown=0;follow_type=1;follow_unknown=25","2","base_unknown=0;follow_type=1;follow_unknown=25;path_count=2;decoded_path_count=2",""
"2026-07-21T19:57:30.2342387Z","IN","3040","FollowTarget","SimpleChar","797D36A5","SimpleChar:797D36A5","Malfunctioning Cleaning Robot","","","","","NpcPath","3596.81177","51.7449989","788.208923","3596.06714","52.2449989","788.643005","","25","base_unknown=0;follow_type=1;follow_unknown=25","2","base_unknown=0;follow_type=1;follow_unknown=25;path_count=2;decoded_path_count=2",""
"2026-07-21T19:57:30.2342387Z","IN","3041","FollowTarget","SimpleChar","7986655E","SimpleChar:7986655E","Malfunctioning Cleaning Robot","","","","","NpcPath","3598.36987","51.7449989","787.897705","3598.88013","52.5","787.275024","","24","base_unknown=0;follow_type=1;follow_unknown=24","2","base_unknown=0;follow_type=1;follow_unknown=24;path_count=2;decoded_path_count=2",""
"2026-07-21T19:57:30.4391118Z","IN","3054","FollowTarget","SimpleChar","79543CB6","SimpleChar:79543CB6","Malfunctioning Cleaning Robot","","","","","NpcPath","3596.979","51.7449989","783.935852","3596.03491","52.2449989","783.728088","","25","base_unknown=0;follow_type=1;follow_unknown=25","2","base_unknown=0;follow_type=1;follow_unknown=25;path_count=2;decoded_path_count=2",""
"2026-07-21T19:57:30.4391118Z","IN","3052","FollowTarget","SimpleChar","797D36A5","SimpleChar:797D36A5","Malfunctioning Cleaning Robot","","","","","NpcPath","3596.81177","51.7449989","788.208923","3596.07275","52.2449989","788.572876","","25","base_unknown=0;follow_type=1;follow_unknown=25","2","base_unknown=0;follow_type=1;follow_unknown=25;path_count=2;decoded_path_count=2",""
"2026-07-21T19:57:30.4391118Z","IN","3053","FollowTarget","SimpleChar","7986655E","SimpleChar:7986655E","Malfunctioning Cleaning Robot","","","","","NpcPath","3598.36987","51.7449989","787.897705","3598.77539","52.5","787.198975","","24","base_unknown=0;follow_type=1;follow_unknown=24","2","base_unknown=0;follow_type=1;follow_unknown=24;path_count=2;decoded_path_count=2",""
"2026-07-21T19:57:30.6789636Z","IN","3061","FollowTarget","SimpleChar","79543CB6","SimpleChar:79543CB6","Malfunctioning Cleaning Robot","","","","","NpcPath","3596.979","51.7449989","783.935852","3596.0979","52.2449989","783.855286","","25","base_unknown=0;follow_type=1;follow_unknown=25","2","base_unknown=0;follow_type=1;follow_unknown=25;path_count=2;decoded_path_count=2",""
"2026-07-21T19:57:30.6789636Z","IN","3059","FollowTarget","SimpleChar","797D36A5","SimpleChar:797D36A5","Malfunctioning Cleaning Robot","","","","","NpcPath","3596.81177","51.7449989","788.208923","3596.05518","51.7449989","788.482483","","25","base_unknown=0;follow_type=1;follow_unknown=25","2","base_unknown=0;follow_type=1;follow_unknown=25;path_count=2;decoded_path_count=2",""
"2026-07-21T19:57:30.6789636Z","IN","3060","FollowTarget","SimpleChar","7986655E","SimpleChar:7986655E","Malfunctioning Cleaning Robot","","","","","NpcPath","3598.36987","51.7449989","787.897705","3598.70337","52.5","787.044983","","24","base_unknown=0;follow_type=1;follow_unknown=24","2","base_unknown=0;follow_type=1;follow_unknown=24;path_count=2;decoded_path_count=2",""
"2026-07-21T19:57:30.9927696Z","IN","3064","FollowTarget","SimpleChar","79543CB6","SimpleChar:79543CB6","Malfunctioning Cleaning Robot","","","","","NpcPath","3596.979","51.7449989","783.935852","3596.10522","51.7449989","783.924805","","25","base_unknown=0;follow_type=1;follow_unknown=25","2","base_unknown=0;follow_type=1;follow_unknown=25;path_count=2;decoded_path_count=2",""
"2026-07-21T19:57:30.9927696Z","IN","3062","FollowTarget","SimpleChar","797D36A5","SimpleChar:797D36A5","Malfunctioning Cleaning Robot","","","","","NpcPath","3596.81177","51.7449989","788.208923","3596.03369","52.2449989","788.436218","","25","base_unknown=0;follow_type=1;follow_unknown=25","2","base_unknown=0;follow_type=1;follow_unknown=25;path_count=2;decoded_path_count=2",""
"2026-07-21T19:57:30.9927696Z","IN","3063","FollowTarget","SimpleChar","7986655E","SimpleChar:7986655E","Malfunctioning Cleaning Robot","","","","","NpcPath","3598.36987","51.7449989","787.897705","3599.20605","52.5","787.218079","","24","base_unknown=0;follow_type=1;follow_unknown=24","2","base_unknown=0;follow_type=1;follow_unknown=24;path_count=2;decoded_path_count=2",""
"2026-07-21T19:57:31.2466126Z","IN","3069","FollowTarget","SimpleChar","79543CB6","SimpleChar:79543CB6","Malfunctioning Cleaning Robot","","","","","NpcPath","3596.979","51.7449989","783.935852","3596.01978","52.2449989","783.711304","","25","base_unknown=0;follow_type=1;follow_unknown=25","2","base_unknown=0;follow_type=1;follow_unknown=25;path_count=2;decoded_path_count=2",""
"2026-07-21T19:57:31.2466126Z","IN","3068","FollowTarget","SimpleChar","797D36A5","SimpleChar:797D36A5","Malfunctioning Cleaning Robot","","","","","NpcPath","3596.81177","51.7449989","788.208923","3596.06128","52.2449989","788.667297","","25","base_unknown=0;follow_type=1;follow_unknown=25","2","base_unknown=0;follow_type=1;follow_unknown=25;path_count=2;decoded_path_count=2",""
"2026-07-21T19:57:31.5264399Z","IN","3077","FollowTarget","SimpleChar","79543CB6","SimpleChar:79543CB6","Malfunctioning Cleaning Robot","","","","","NpcPath","3596.979","51.7449989","783.935852","3596.01099","52.2449989","784.139343","","25","base_unknown=0;follow_type=1;follow_unknown=25","2","base_unknown=0;follow_type=1;follow_unknown=25;path_count=2;decoded_path_count=2",""
"2026-07-21T19:57:31.5264399Z","IN","3075","FollowTarget","SimpleChar","797D36A5","SimpleChar:797D36A5","Malfunctioning Cleaning Robot","","","","","NpcPath","3596.81177","51.7449989","788.208923","3596.05518","51.7449989","788.482483","","25","base_unknown=0;follow_type=1;follow_unknown=25","2","base_unknown=0;follow_type=1;follow_unknown=25;path_count=2;decoded_path_count=2",""
"2026-07-21T19:57:31.5264399Z","IN","3083","FollowTarget","SimpleChar","797D36A5","SimpleChar:797D36A5","Malfunctioning Cleaning Robot","","","","","NpcPath","3596.81177","51.7449989","788.208923","3596.05518","51.7449989","788.482483","","25","base_unknown=0;follow_type=1;follow_unknown=25","2","base_unknown=0;follow_type=1;follow_unknown=25;path_count=2;decoded_path_count=2",""
"2026-07-21T19:57:31.5264399Z","IN","3076","FollowTarget","SimpleChar","7986655E","SimpleChar:7986655E","Malfunctioning Cleaning Robot","","","","","NpcPath","3598.44214","51.7449989","787.838928","3598.72339","52.5","786.88385","","24","base_unknown=0;follow_type=1;follow_unknown=24","2","base_unknown=0;follow_type=1;follow_unknown=24;path_count=2;decoded_path_count=2",""
"2026-07-21T19:57:31.5274392Z","IN","3086","FollowTarget","SimpleChar","79543CB6","SimpleChar:79543CB6","Malfunctioning Cleaning Robot","","","","","NpcPath","3596.979","51.7449989","783.935852","3596.07666","52.2449989","784.048462","","25","base_unknown=0;follow_type=1;follow_unknown=25","2","base_unknown=0;follow_type=1;follow_unknown=25;path_count=2;decoded_path_count=2",""
"2026-07-21T19:57:31.5274392Z","IN","3084","FollowTarget","SimpleChar","79866547","SimpleChar:79866547","Malfunctioning Cleaning Robot","","","","","NpcPath","3613.18799","52.1349983","787.712585","3612.17578","52.5","787.756958","","24","base_unknown=0;follow_type=1;follow_unknown=24","2","base_unknown=0;follow_type=1;follow_unknown=24;path_count=2;decoded_path_count=2",""
"2026-07-21T19:57:31.5274392Z","IN","3085","FollowTarget","SimpleChar","7986655E","SimpleChar:7986655E","Malfunctioning Cleaning Robot","","","","","NpcPath","3598.44214","51.7449989","787.838928","3598.87061","52.5","787.270691","","24","base_unknown=0;follow_type=1;follow_unknown=24","2","base_unknown=0;follow_type=1;follow_unknown=24;path_count=2;decoded_path_count=2",""
"2026-07-21T19:57:31.7363117Z","IN","3091","FollowTarget","SimpleChar","79543CB6","SimpleChar:79543CB6","Malfunctioning Cleaning Robot","","","","","NpcPath","3596.979","51.7449989","783.935852","3596.07983","52.2449989","783.80011","","25","base_unknown=0;follow_type=1;follow_unknown=25","2","base_unknown=0;follow_type=1;follow_unknown=25;path_count=2;decoded_path_count=2",""
"2026-07-21T19:57:31.7363117Z","IN","3088","FollowTarget","SimpleChar","797D36A5","SimpleChar:797D36A5","Malfunctioning Cleaning Robot","","","","","NpcPath","3596.81177","51.7449989","788.208923","3596.07227","52.2449989","788.562927","","25","base_unknown=0;follow_type=1;follow_unknown=25","2","base_unknown=0;follow_type=1;follow_unknown=25;path_count=2;decoded_path_count=2",""
"2026-07-21T19:57:31.7363117Z","IN","3089","FollowTarget","SimpleChar","79866547","SimpleChar:79866547","Malfunctioning Cleaning Robot","","","","","NpcPath","3613.17383","52.1349983","787.713196","3612.14087","52.5","788.264832","","24","base_unknown=0;follow_type=1;follow_unknown=24","2","base_unknown=0;follow_type=1;follow_unknown=24;path_count=2;decoded_path_count=2",""
"2026-07-21T19:57:31.7363117Z","IN","3090","FollowTarget","SimpleChar","7986655E","SimpleChar:7986655E","Malfunctioning Cleaning Robot","","","","","NpcPath","3598.44214","51.7449989","787.838928","3598.70068","52.5","787.019104","","24","base_unknown=0;follow_type=1;follow_unknown=24","2","base_unknown=0;follow_type=1;follow_unknown=24;path_count=2;decoded_path_count=2",""
"2026-07-21T19:57:32.1540535Z","IN","3093","FollowTarget","SimpleChar","797D36A5","SimpleChar:797D36A5","Malfunctioning Cleaning Robot","","","","","NpcPath","3596.81177","51.7449989","788.208923","3596.05518","51.7449989","788.482483","","25","base_unknown=0;follow_type=1;follow_unknown=25","2","base_unknown=0;follow_type=1;follow_unknown=25;path_count=2;decoded_path_count=2",""
"2026-07-21T19:57:32.1550531Z","IN","3095","FollowTarget","SimpleChar","79543CB6","SimpleChar:79543CB6","Malfunctioning Cleaning Robot","","","","","NpcPath","3596.979","51.7449989","783.935852","3596.10522","51.7449989","783.924805","","25","base_unknown=0;follow_type=1;follow_unknown=25","2","base_unknown=0;follow_type=1;follow_unknown=25;path_count=2;decoded_path_count=2",""
"2026-07-21T19:57:32.1550531Z","IN","3100","FollowTarget","SimpleChar","79543CB6","SimpleChar:79543CB6","Malfunctioning Cleaning Robot","","","","","NpcPath","3596.979","51.7449989","783.935852","3596.10522","51.7449989","783.924805","","25","base_unknown=0;follow_type=1;follow_unknown=25","2","base_unknown=0;follow_type=1;follow_unknown=25;path_count=2;decoded_path_count=2",""
"2026-07-21T19:57:32.1550531Z","IN","3097","FollowTarget","SimpleChar","797D36A5","SimpleChar:797D36A5","Malfunctioning Cleaning Robot","","","","","NpcPath","3596.81177","51.7449989","788.208923","3596.05273","52.2449989","788.476257","","25","base_unknown=0;follow_type=1;follow_unknown=25","2","base_unknown=0;follow_type=1;follow_unknown=25;path_count=2;decoded_path_count=2",""
"2026-07-21T19:57:32.1550531Z","IN","3098","FollowTarget","SimpleChar","79866547","SimpleChar:79866547","Malfunctioning Cleaning Robot","","","","","NpcPath","3613.0166","52.1349983","787.797241","3612.17896","52.5","787.759155","","24","base_unknown=0;follow_type=1;follow_unknown=24","2","base_unknown=0;follow_type=1;follow_unknown=24;path_count=2;decoded_path_count=2",""
"2026-07-21T19:57:32.1550531Z","IN","3094","FollowTarget","SimpleChar","7986655E","SimpleChar:7986655E","Malfunctioning Cleaning Robot","","","","","NpcPath","3598.44214","51.7449989","787.838928","3598.71191","52.5","786.91626","","24","base_unknown=0;follow_type=1;follow_unknown=24","2","base_unknown=0;follow_type=1;follow_unknown=24;path_count=2;decoded_path_count=2",""
"2026-07-21T19:57:32.1550531Z","IN","3099","FollowTarget","SimpleChar","7986655E","SimpleChar:7986655E","Malfunctioning Cleaning Robot","","","","","NpcPath","3598.44214","51.7449989","787.838928","3599.05151","52.5","787.295532","","24","base_unknown=0;follow_type=1;follow_unknown=24","2","base_unknown=0;follow_type=1;follow_unknown=24;path_count=2;decoded_path_count=2",""
"2026-07-21T19:57:32.5917834Z","IN","3110","FollowTarget","SimpleChar","79543CB6","SimpleChar:79543CB6","Malfunctioning Cleaning Robot","","","","","NpcPath","3596.979","51.7449989","783.935852","3596.06616","52.2449989","784.069153","","25","base_unknown=0;follow_type=1;follow_unknown=25","2","base_unknown=0;follow_type=1;follow_unknown=25;path_count=2;decoded_path_count=2",""
"2026-07-21T19:57:32.5917834Z","IN","3115","FollowTarget","SimpleChar","79543CB6","SimpleChar:79543CB6","Malfunctioning Cleaning Robot","","","","","NpcPath","3596.979","51.7449989","783.935852","3596.09741","52.2449989","783.989319","","25","base_unknown=0;follow_type=1;follow_unknown=25","2","base_unknown=0;follow_type=1;follow_unknown=25;path_count=2;decoded_path_count=2",""
"2026-07-21T19:57:32.5917834Z","IN","3106","FollowTarget","SimpleChar","797D36A5","SimpleChar:797D36A5","Malfunctioning Cleaning Robot","","","","","NpcPath","3596.81177","51.7449989","788.208923","3596.07251","52.2449989","788.598999","","25","base_unknown=0;follow_type=1;follow_unknown=25","2","base_unknown=0;follow_type=1;follow_unknown=25;path_count=2;decoded_path_count=2",""
"2026-07-21T19:57:32.5917834Z","IN","3112","FollowTarget","SimpleChar","797D36A5","SimpleChar:797D36A5","Malfunctioning Cleaning Robot","","","","","NpcPath","3596.81177","51.7449989","788.208923","3596.05518","51.7449989","788.482483","","25","base_unknown=0;follow_type=1;follow_unknown=25","2","base_unknown=0;follow_type=1;follow_unknown=25;path_count=2;decoded_path_count=2",""
"2026-07-21T19:57:32.5917834Z","IN","3107","FollowTarget","SimpleChar","79866547","SimpleChar:79866547","Malfunctioning Cleaning Robot","","","","","NpcPath","3613.0166","52.1349983","787.797241","3612.06616","52.5","787.707397","","24","base_unknown=0;follow_type=1;follow_unknown=24","2","base_unknown=0;follow_type=1;follow_unknown=24;path_count=2;decoded_path_count=2",""
"2026-07-21T19:57:32.5917834Z","IN","3113","FollowTarget","SimpleChar","79866547","SimpleChar:79866547","Malfunctioning Cleaning Robot","","","","","NpcPath","3613.0166","52.1349983","787.797241","3612.14453","52.5","788.262878","","24","base_unknown=0;follow_type=1;follow_unknown=24","2","base_unknown=0;follow_type=1;follow_unknown=24;path_count=2;decoded_path_count=2",""
"2026-07-21T19:57:32.5917834Z","IN","3108","FollowTarget","SimpleChar","7986655E","SimpleChar:7986655E","Malfunctioning Cleaning Robot","","","","","NpcPath","3598.44214","51.7449989","787.838928","3599.01221","52.5","787.299744","","24","base_unknown=0;follow_type=1;follow_unknown=24","2","base_unknown=0;follow_type=1;follow_unknown=24;path_count=2;decoded_path_count=2",""
"2026-07-21T19:57:32.5917834Z","IN","3114","FollowTarget","SimpleChar","7986655E","SimpleChar:7986655E","Malfunctioning Cleaning Robot","","","","","NpcPath","3598.44214","51.7449989","787.838928","3598.72852","52.5","786.872375","","24","base_unknown=0;follow_type=1;follow_unknown=24","2","base_unknown=0;follow_type=1;follow_unknown=24;path_count=2;decoded_path_count=2",""
"2026-07-21T19:57:33.0075270Z","IN","3118","FollowTarget","SimpleChar","79543CB6","SimpleChar:79543CB6","Malfunctioning Cleaning Robot","","","","","NpcPath","3596.979","51.7449989","783.935852","3596.05981","52.2449989","783.762573","","25","base_unknown=0;follow_type=1;follow_unknown=25","2","base_unknown=0;follow_type=1;follow_unknown=25;path_count=2;decoded_path_count=2",""
"2026-07-21T19:57:33.0075270Z","IN","3116","FollowTarget","SimpleChar","797D36A5","SimpleChar:797D36A5","Malfunctioning Cleaning Robot","","","","","NpcPath","3596.81177","51.7449989","788.208923","3596.05518","51.7449989","788.482483","","25","base_unknown=0;follow_type=1;follow_unknown=25","2","base_unknown=0;follow_type=1;follow_unknown=25;path_count=2;decoded_path_count=2",""
"2026-07-21T19:57:33.0075270Z","IN","3121","FollowTarget","SimpleChar","797D36A5","SimpleChar:797D36A5","Malfunctioning Cleaning Robot","","","","","NpcPath","3596.81177","51.7449989","788.208923","3596.05591","52.2449989","788.684082","","25","base_unknown=0;follow_type=1;follow_unknown=25","2","base_unknown=0;follow_type=1;follow_unknown=25;path_count=2;decoded_path_count=2",""
"2026-07-21T19:57:33.0075270Z","IN","3117","FollowTarget","SimpleChar","79866547","SimpleChar:79866547","Malfunctioning Cleaning Robot","","","","","NpcPath","3613.0166","52.1349983","787.797241","3612.30005","52.5","788","","24","base_unknown=0;follow_type=1;follow_unknown=24","2","base_unknown=0;follow_type=1;follow_unknown=24;path_count=2;decoded_path_count=2",""
"2026-07-21T19:57:33.0075270Z","IN","3122","FollowTarget","SimpleChar","79866547","SimpleChar:79866547","Malfunctioning Cleaning Robot","","","","","NpcPath","3613.0166","52.1349983","787.797241","3612.29346","52.5","787.937439","","24","base_unknown=0;follow_type=1;follow_unknown=24","2","base_unknown=0;follow_type=1;follow_unknown=24;path_count=2;decoded_path_count=2",""
"2026-07-21T19:57:33.0085263Z","IN","3123","FollowTarget","SimpleChar","79543CB6","SimpleChar:79543CB6","Malfunctioning Cleaning Robot","","","","","NpcPath","3596.979","51.7449989","783.935852","3596.10522","51.7449989","783.924805","","25","base_unknown=0;follow_type=1;follow_unknown=25","2","base_unknown=0;follow_type=1;follow_unknown=25;path_count=2;decoded_path_count=2",""
"2026-07-21T19:57:33.3133391Z","IN","3127","FollowTarget","SimpleChar","797D36A5","SimpleChar:797D36A5","Malfunctioning Cleaning Robot","","","","","NpcPath","3596.81177","51.7449989","788.208923","3596.05518","51.7449989","788.482483","","25","base_unknown=0;follow_type=1;follow_unknown=25","2","base_unknown=0;follow_type=1;follow_unknown=25;path_count=2;decoded_path_count=2",""
"2026-07-21T19:57:33.3133391Z","IN","3128","FollowTarget","SimpleChar","79866547","SimpleChar:79866547","Malfunctioning Cleaning Robot","","","","","NpcPath","3613.0166","52.1349983","787.797241","3611.96094","52.5","787.702515","","24","base_unknown=0;follow_type=1;follow_unknown=24","2","base_unknown=0;follow_type=1;follow_unknown=24;path_count=2;decoded_path_count=2",""
"2026-07-21T19:57:33.3143379Z","IN","3130","FollowTarget","SimpleChar","79543CB6","SimpleChar:79543CB6","Malfunctioning Cleaning Robot","","","","","NpcPath","3596.979","51.7449989","783.935852","3596.10522","51.7449989","783.924805","","25","base_unknown=0;follow_type=1;follow_unknown=25","2","base_unknown=0;follow_type=1;follow_unknown=25;path_count=2;decoded_path_count=2",""
"2026-07-21T19:57:33.6141529Z","IN","3137","FollowTarget","SimpleChar","79543CB6","SimpleChar:79543CB6","Malfunctioning Cleaning Robot","","","","","NpcPath","3596.979","51.7449989","783.935852","3596.10522","51.7449989","783.924805","","25","base_unknown=0;follow_type=1;follow_unknown=25","2","base_unknown=0;follow_type=1;follow_unknown=25;path_count=2;decoded_path_count=2",""
"2026-07-21T19:57:33.6141529Z","IN","3136","FollowTarget","SimpleChar","797D36A5","SimpleChar:797D36A5","Malfunctioning Cleaning Robot","","","","","NpcPath","3596.81177","51.7449989","788.208923","3596.05518","51.7449989","788.482483","","25","base_unknown=0;follow_type=1;follow_unknown=25","2","base_unknown=0;follow_type=1;follow_unknown=25;path_count=2;decoded_path_count=2",""
"2026-07-21T19:57:33.6151523Z","IN","3142","FollowTarget","SimpleChar","79543CB6","SimpleChar:79543CB6","Malfunctioning Cleaning Robot","","","","","NpcPath","3596.979","51.7449989","783.935852","3596.10522","51.7449989","783.924805","","25","base_unknown=0;follow_type=1;follow_unknown=25","2","base_unknown=0;follow_type=1;follow_unknown=25;path_count=2;decoded_path_count=2",""
"2026-07-21T19:57:33.6151523Z","IN","3141","FollowTarget","SimpleChar","797D36A5","SimpleChar:797D36A5","Malfunctioning Cleaning Robot","","","","","NpcPath","3596.81177","51.7449989","788.208923","3596.0686","52.2449989","788.635132","","25","base_unknown=0;follow_type=1;follow_unknown=25","2","base_unknown=0;follow_type=1;follow_unknown=25;path_count=2;decoded_path_count=2",""
"2026-07-21T19:57:34.0928572Z","IN","3146","FollowTarget","SimpleChar","79543CB6","SimpleChar:79543CB6","Malfunctioning Cleaning Robot","","","","","NpcPath","3596.979","51.7449989","783.935852","3596.10522","51.7449989","783.924805","","25","base_unknown=0;follow_type=1;follow_unknown=25","2","base_unknown=0;follow_type=1;follow_unknown=25;path_count=2;decoded_path_count=2",""
"2026-07-21T19:57:34.0928572Z","IN","3151","FollowTarget","SimpleChar","79543CB6","SimpleChar:79543CB6","Malfunctioning Cleaning Robot","","","","","NpcPath","3596.979","51.7449989","783.935852","3596.05249","52.2449989","784.09082","","25","base_unknown=0;follow_type=1;follow_unknown=25","2","base_unknown=0;follow_type=1;follow_unknown=25;path_count=2;decoded_path_count=2",""
"2026-07-21T19:57:34.0928572Z","IN","3145","FollowTarget","SimpleChar","797D36A5","SimpleChar:797D36A5","Malfunctioning Cleaning Robot","","","","","NpcPath","3596.81177","51.7449989","788.208923","3596.05347","52.2449989","788.477844","","25","base_unknown=0;follow_type=1;follow_unknown=25","2","base_unknown=0;follow_type=1;follow_unknown=25;path_count=2;decoded_path_count=2",""
"2026-07-21T19:57:34.0928572Z","IN","3149","FollowTarget","SimpleChar","797D36A5","SimpleChar:797D36A5","Malfunctioning Cleaning Robot","","","","","NpcPath","3596.81177","51.7449989","788.208923","3596.05518","51.7449989","788.482483","","25","base_unknown=0;follow_type=1;follow_unknown=25","2","base_unknown=0;follow_type=1;follow_unknown=25;path_count=2;decoded_path_count=2",""
"2026-07-21T19:57:34.5105997Z","IN","3161","FollowTarget","SimpleChar","79543CB6","SimpleChar:79543CB6","Malfunctioning Cleaning Robot","","","","","NpcPath","3596.979","51.7449989","783.935852","3596.09912","52.2449989","783.980957","","25","base_unknown=0;follow_type=1;follow_unknown=25","2","base_unknown=0;follow_type=1;follow_unknown=25;path_count=2;decoded_path_count=2",""
"2026-07-21T19:57:34.5105997Z","IN","3169","FollowTarget","SimpleChar","79543CB6","SimpleChar:79543CB6","Malfunctioning Cleaning Robot","","","","","NpcPath","3596.979","51.7449989","783.935852","3596.10522","51.7449989","783.924805","","25","base_unknown=0;follow_type=1;follow_unknown=25","2","base_unknown=0;follow_type=1;follow_unknown=25;path_count=2;decoded_path_count=2",""
"2026-07-21T19:57:34.5105997Z","IN","3160","FollowTarget","SimpleChar","797D36A5","SimpleChar:797D36A5","Malfunctioning Cleaning Robot","","","","","NpcPath","3596.81177","51.7449989","788.208923","3596.05518","51.7449989","788.482483","","25","base_unknown=0;follow_type=1;follow_unknown=25","2","base_unknown=0;follow_type=1;follow_unknown=25;path_count=2;decoded_path_count=2",""
"2026-07-21T19:57:34.5105997Z","IN","3168","FollowTarget","SimpleChar","797D36A5","SimpleChar:797D36A5","Malfunctioning Cleaning Robot","","","","","NpcPath","3596.81177","51.7449989","788.208923","3596.03662","52.2449989","788.727478","","25","base_unknown=0;follow_type=1;follow_unknown=25","2","base_unknown=0;follow_type=1;follow_unknown=25;path_count=2;decoded_path_count=2",""
"2026-07-21T19:57:34.9873063Z","IN","3173","FollowTarget","SimpleChar","79543CB6","SimpleChar:79543CB6","Malfunctioning Cleaning Robot","","","","","NpcPath","3596.979","51.7449989","783.935852","3596.03638","52.2449989","784.112122","","25","base_unknown=0;follow_type=1;follow_unknown=25","2","base_unknown=0;follow_type=1;follow_unknown=25;path_count=2;decoded_path_count=2",""
"2026-07-21T19:57:34.9873063Z","IN","3178","FollowTarget","SimpleChar","79543CB6","SimpleChar:79543CB6","Malfunctioning Cleaning Robot","","","","","NpcPath","3596.979","51.7449989","783.935852","3596.07178","52.2449989","784.058411","","25","base_unknown=0;follow_type=1;follow_unknown=25","2","base_unknown=0;follow_type=1;follow_unknown=25;path_count=2;decoded_path_count=2",""
"2026-07-21T19:57:34.9873063Z","IN","3172","FollowTarget","SimpleChar","797D36A5","SimpleChar:797D36A5","Malfunctioning Cleaning Robot","","","","","NpcPath","3596.81177","51.7449989","788.208923","3596.05518","51.7449989","788.482483","","25","base_unknown=0;follow_type=1;follow_unknown=25","2","base_unknown=0;follow_type=1;follow_unknown=25;path_count=2;decoded_path_count=2",""
"2026-07-21T19:57:34.9873063Z","IN","3177","FollowTarget","SimpleChar","797D36A5","SimpleChar:797D36A5","Malfunctioning Cleaning Robot","","","","","NpcPath","3596.81177","51.7449989","788.208923","3596.05518","51.7449989","788.482483","","25","base_unknown=0;follow_type=1;follow_unknown=25","2","base_unknown=0;follow_type=1;follow_unknown=25;path_count=2;decoded_path_count=2",""
"2026-07-21T19:57:34.9873063Z","IN","3174","FollowTarget","SimpleChar","79866565","SimpleChar:79866565","Malfunctioning Cleaning Robot","","","","","NpcPath","3602.8457","52.1349983","788.462708","3622.88013","52.5","798.724976","","24","base_unknown=0;follow_type=1;follow_unknown=24","2","base_unknown=0;follow_type=1;follow_unknown=24;path_count=2;decoded_path_count=2",""
"2026-07-21T19:57:35.3810628Z","IN","3184","FollowTarget","SimpleChar","79543CB6","SimpleChar:79543CB6","Malfunctioning Cleaning Robot","","","","","NpcPath","3596.979","51.7449989","783.935852","3596.10522","51.7449989","783.924805","","25","base_unknown=0;follow_type=1;follow_unknown=25","2","base_unknown=0;follow_type=1;follow_unknown=25;path_count=2;decoded_path_count=2",""
"2026-07-21T19:57:35.3810628Z","IN","3183","FollowTarget","SimpleChar","797D36A5","SimpleChar:797D36A5","Malfunctioning Cleaning Robot","","","","","NpcPath","3596.81177","51.7449989","788.208923","3596.05518","51.7449989","788.482483","","25","base_unknown=0;follow_type=1;follow_unknown=25","2","base_unknown=0;follow_type=1;follow_unknown=25;path_count=2;decoded_path_count=2",""
"2026-07-21T19:57:35.8237895Z","IN","3194","FollowTarget","SimpleChar","79543CB6","SimpleChar:79543CB6","Malfunctioning Cleaning Robot","","","","","NpcPath","3596.979","51.7449989","783.935852","3596.07837","52.2449989","784.045227","","25","base_unknown=0;follow_type=1;follow_unknown=25","2","base_unknown=0;follow_type=1;follow_unknown=25;path_count=2;decoded_path_count=2",""
"2026-07-21T19:57:35.8237895Z","IN","3198","FollowTarget","SimpleChar","79543CB6","SimpleChar:79543CB6","Malfunctioning Cleaning Robot","","","","","NpcPath","3596.979","51.7449989","783.935852","3596.10522","51.7449989","783.924805","","25","base_unknown=0;follow_type=1;follow_unknown=25","2","base_unknown=0;follow_type=1;follow_unknown=25;path_count=2;decoded_path_count=2",""
"2026-07-21T19:57:35.8237895Z","IN","3201","FollowTarget","SimpleChar","79543CB6","SimpleChar:79543CB6","Malfunctioning Cleaning Robot","","","","","NpcPath","3596.979","51.7449989","783.935852","3596.10474","52.2449989","783.935669","","25","base_unknown=0;follow_type=1;follow_unknown=25","2","base_unknown=0;follow_type=1;follow_unknown=25;path_count=2;decoded_path_count=2",""
"2026-07-21T19:57:35.8237895Z","IN","3193","FollowTarget","SimpleChar","797D36A5","SimpleChar:797D36A5","Malfunctioning Cleaning Robot","","","","","NpcPath","3596.81177","51.7449989","788.208923","3596.05518","51.7449989","788.482483","","25","base_unknown=0;follow_type=1;follow_unknown=25","2","base_unknown=0;follow_type=1;follow_unknown=25;path_count=2;decoded_path_count=2",""
"2026-07-21T19:57:35.8237895Z","IN","3196","FollowTarget","SimpleChar","797D36A5","SimpleChar:797D36A5","Malfunctioning Cleaning Robot","","","","","NpcPath","3596.81177","51.7449989","788.208923","3596.03149","52.2449989","788.432373","","25","base_unknown=0;follow_type=1;follow_unknown=25","2","base_unknown=0;follow_type=1;follow_unknown=25;path_count=2;decoded_path_count=2",""
"2026-07-21T19:57:35.8237895Z","IN","3200","FollowTarget","SimpleChar","797D36A5","SimpleChar:797D36A5","Malfunctioning Cleaning Robot","","","","","NpcPath","3596.81177","51.7449989","788.208923","3596.05518","51.7449989","788.482483","","25","base_unknown=0;follow_type=1;follow_unknown=25","2","base_unknown=0;follow_type=1;follow_unknown=25;path_count=2;decoded_path_count=2",""
"2026-07-21T19:57:35.8237895Z","IN","3197","FollowTarget","SimpleChar","79866547","SimpleChar:79866547","Malfunctioning Cleaning Robot","","","","","NpcPath","3612.94043","52.1349983","787.790405","3602.24414","52.5","787.8255","","24","base_unknown=0;follow_type=1;follow_unknown=24","2","base_unknown=0;follow_type=1;follow_unknown=24;path_count=2;decoded_path_count=2",""
"2026-07-21T19:57:35.8237895Z","IN","3191","FollowTarget","SimpleChar","7986655D","SimpleChar:7986655D","Malfunctioning Cleaning Robot","","","","","NpcPath","3601.33081","52.1349983","788.70697","3610.70874","52.5","778.071533","","24","base_unknown=0;follow_type=1;follow_unknown=24","2","base_unknown=0;follow_type=1;follow_unknown=24;path_count=2;decoded_path_count=2",""
"2026-07-21T19:57:36.2765104Z","IN","3204","FollowTarget","SimpleChar","79543CB6","SimpleChar:79543CB6","Malfunctioning Cleaning Robot","","","","","NpcPath","3596.979","51.7449989","783.935852","3596.0769","52.2449989","784.048401","","25","base_unknown=0;follow_type=1;follow_unknown=25","2","base_unknown=0;follow_type=1;follow_unknown=25;path_count=2;decoded_path_count=2",""
"2026-07-21T19:57:36.2765104Z","IN","3207","FollowTarget","SimpleChar","79543CB6","SimpleChar:79543CB6","Malfunctioning Cleaning Robot","","","","","NpcPath","3596.979","51.7449989","783.935852","3596.03442","52.2449989","783.727661","","25","base_unknown=0;follow_type=1;follow_unknown=25","2","base_unknown=0;follow_type=1;follow_unknown=25;path_count=2;decoded_path_count=2",""
"2026-07-21T19:57:36.2765104Z","IN","3203","FollowTarget","SimpleChar","797D36A5","SimpleChar:797D36A5","Malfunctioning Cleaning Robot","","","","","NpcPath","3596.81177","51.7449989","788.208923","3596.05518","51.7449989","788.482483","","25","base_unknown=0;follow_type=1;follow_unknown=25","2","base_unknown=0;follow_type=1;follow_unknown=25;path_count=2;decoded_path_count=2",""
"2026-07-21T19:57:36.2765104Z","IN","3206","FollowTarget","SimpleChar","797D36A5","SimpleChar:797D36A5","Malfunctioning Cleaning Robot","","","","","NpcPath","3596.81177","51.7449989","788.208923","3596.02856","52.2449989","788.741333","","25","base_unknown=0;follow_type=1;follow_unknown=25","2","base_unknown=0;follow_type=1;follow_unknown=25;path_count=2;decoded_path_count=2",""
"2026-07-21T19:57:36.6932557Z","IN","3215","FollowTarget","SimpleChar","79543CB6","SimpleChar:79543CB6","Malfunctioning Cleaning Robot","","","","","NpcPath","3596.979","51.7449989","783.935852","3596.08813","52.2449989","784.020447","","25","base_unknown=0;follow_type=1;follow_unknown=25","2","base_unknown=0;follow_type=1;follow_unknown=25;path_count=2;decoded_path_count=2",""
"2026-07-21T19:57:36.6932557Z","IN","3220","FollowTarget","SimpleChar","79543CB6","SimpleChar:79543CB6","Malfunctioning Cleaning Robot","","","","","NpcPath","3596.979","51.7449989","783.935852","3596.03638","52.2449989","783.729736","","25","base_unknown=0;follow_type=1;follow_unknown=25","2","base_unknown=0;follow_type=1;follow_unknown=25;path_count=2;decoded_path_count=2",""
"2026-07-21T19:57:36.6932557Z","IN","3214","FollowTarget","SimpleChar","797D36A5","SimpleChar:797D36A5","Malfunctioning Cleaning Robot","","","","","NpcPath","3596.81177","51.7449989","788.208923","3596.05518","51.7449989","788.482483","","25","base_unknown=0;follow_type=1;follow_unknown=25","2","base_unknown=0;follow_type=1;follow_unknown=25;path_count=2;decoded_path_count=2",""
"2026-07-21T19:57:36.6932557Z","IN","3219","FollowTarget","SimpleChar","797D36A5","SimpleChar:797D36A5","Malfunctioning Cleaning Robot","","","","","NpcPath","3596.81177","51.7449989","788.208923","3596.05518","51.7449989","788.482483","","25","base_unknown=0;follow_type=1;follow_unknown=25","2","base_unknown=0;follow_type=1;follow_unknown=25;path_count=2;decoded_path_count=2",""
"2026-07-21T19:57:37.1059997Z","IN","3224","FollowTarget","SimpleChar","79543CB6","SimpleChar:79543CB6","Malfunctioning Cleaning Robot","","","","","NpcPath","3596.979","51.7449989","783.935852","3596.09351","52.2449989","784.004028","","25","base_unknown=0;follow_type=1;follow_unknown=25","2","base_unknown=0;follow_type=1;follow_unknown=25;path_count=2;decoded_path_count=2",""
"2026-07-21T19:57:37.1059997Z","IN","3222","FollowTarget","SimpleChar","797D36A5","SimpleChar:797D36A5","Malfunctioning Cleaning Robot","","","","","NpcPath","3596.81177","51.7449989","788.208923","3596.05518","51.7449989","788.482483","","25","base_unknown=0;follow_type=1;follow_unknown=25","2","base_unknown=0;follow_type=1;follow_unknown=25;path_count=2;decoded_path_count=2",""
"2026-07-21T19:57:37.1059997Z","IN","3223","FollowTarget","SimpleChar","7986655E","SimpleChar:7986655E","Malfunctioning Cleaning Robot","","","","","NpcPath","3598.44556","51.7449989","787.827271","3601.7207","52.5","788.109497","","24","base_unknown=0;follow_type=1;follow_unknown=24","2","base_unknown=0;follow_type=1;follow_unknown=24;path_count=2;decoded_path_count=2",""
"2026-07-21T19:57:37.4278003Z","IN","3227","FollowTarget","SimpleChar","79543CB6","SimpleChar:79543CB6","Malfunctioning Cleaning Robot","","","","","NpcPath","3596.979","51.7449989","783.935852","3596.09595","52.2449989","783.846924","","25","base_unknown=0;follow_type=1;follow_unknown=25","2","base_unknown=0;follow_type=1;follow_unknown=25;path_count=2;decoded_path_count=2",""
"2026-07-21T19:57:37.4278003Z","IN","3226","FollowTarget","SimpleChar","797D36A5","SimpleChar:797D36A5","Malfunctioning Cleaning Robot","","","","","NpcPath","3596.81177","51.7449989","788.208923","3596.03052","52.2449989","788.430786","","25","base_unknown=0;follow_type=1;follow_unknown=25","2","base_unknown=0;follow_type=1;follow_unknown=25;path_count=2;decoded_path_count=2",""
"2026-07-21T19:57:37.4288000Z","IN","3234","FollowTarget","SimpleChar","79543CB6","SimpleChar:79543CB6","Malfunctioning Cleaning Robot","","","","","NpcPath","3596.979","51.7449989","783.935852","3596.01294","52.2449989","784.137512","","25","base_unknown=0;follow_type=1;follow_unknown=25","2","base_unknown=0;follow_type=1;follow_unknown=25;path_count=2;decoded_path_count=2",""
"2026-07-21T19:57:37.4288000Z","IN","3233","FollowTarget","SimpleChar","797D36A5","SimpleChar:797D36A5","Malfunctioning Cleaning Robot","","","","","NpcPath","3596.81177","51.7449989","788.208923","3596.05518","51.7449989","788.482483","","25","base_unknown=0;follow_type=1;follow_unknown=25","2","base_unknown=0;follow_type=1;follow_unknown=25;path_count=2;decoded_path_count=2",""
"2026-07-21T19:57:37.7665914Z","IN","3241","FollowTarget","SimpleChar","79543CB6","SimpleChar:79543CB6","Malfunctioning Cleaning Robot","","","","","NpcPath","3596.979","51.7449989","783.935852","3596.10522","51.7449989","783.924805","","25","base_unknown=0;follow_type=1;follow_unknown=25","2","base_unknown=0;follow_type=1;follow_unknown=25;path_count=2;decoded_path_count=2",""
"2026-07-21T19:57:37.7665914Z","IN","3243","FollowTarget","SimpleChar","79543CB6","SimpleChar:79543CB6","Malfunctioning Cleaning Robot","","","","","NpcPath","3596.979","51.7449989","783.935852","3596.10522","51.7449989","783.924805","","25","base_unknown=0;follow_type=1;follow_unknown=25","2","base_unknown=0;follow_type=1;follow_unknown=25;path_count=2;decoded_path_count=2",""
"2026-07-21T19:57:37.7665914Z","IN","3240","FollowTarget","SimpleChar","797D36A5","SimpleChar:797D36A5","Malfunctioning Cleaning Robot","","","","","NpcPath","3596.81177","51.7449989","788.208923","3596.05518","51.7449989","788.482483","","25","base_unknown=0;follow_type=1;follow_unknown=25","2","base_unknown=0;follow_type=1;follow_unknown=25;path_count=2;decoded_path_count=2",""
"2026-07-21T19:57:37.7665914Z","IN","3242","FollowTarget","SimpleChar","797D36A5","SimpleChar:797D36A5","Malfunctioning Cleaning Robot","","","","","NpcPath","3596.81177","51.7449989","788.208923","3596.0647","52.2449989","788.514771","","25","base_unknown=0;follow_type=1;follow_unknown=25","2","base_unknown=0;follow_type=1;follow_unknown=25;path_count=2;decoded_path_count=2",""
"2026-07-21T19:57:38.2103178Z","IN","3246","FollowTarget","SimpleChar","79543CB6","SimpleChar:79543CB6","Malfunctioning Cleaning Robot","","","","","NpcPath","3596.979","51.7449989","783.935852","3596.10522","51.7449989","783.924805","","25","base_unknown=0;follow_type=1;follow_unknown=25","2","base_unknown=0;follow_type=1;follow_unknown=25;path_count=2;decoded_path_count=2",""
"2026-07-21T19:57:38.2103178Z","IN","3250","FollowTarget","SimpleChar","79543CB6","SimpleChar:79543CB6","Malfunctioning Cleaning Robot","","","","","NpcPath","3596.979","51.7449989","783.935852","3596.10522","51.7449989","783.924805","","25","base_unknown=0;follow_type=1;follow_unknown=25","2","base_unknown=0;follow_type=1;follow_unknown=25;path_count=2;decoded_path_count=2",""
"2026-07-21T19:57:38.2103178Z","IN","3245","FollowTarget","SimpleChar","797D36A5","SimpleChar:797D36A5","Malfunctioning Cleaning Robot","","","","","NpcPath","3596.81177","51.7449989","788.208923","3596.05518","51.7449989","788.482483","","25","base_unknown=0;follow_type=1;follow_unknown=25","2","base_unknown=0;follow_type=1;follow_unknown=25;path_count=2;decoded_path_count=2",""
"2026-07-21T19:57:38.2103178Z","IN","3248","FollowTarget","SimpleChar","797D36A5","SimpleChar:797D36A5","Malfunctioning Cleaning Robot","","","","","NpcPath","3596.81177","51.7449989","788.208923","3596.05518","51.7449989","788.482483","","25","base_unknown=0;follow_type=1;follow_unknown=25","2","base_unknown=0;follow_type=1;follow_unknown=25;path_count=2;decoded_path_count=2",""
"2026-07-21T19:57:38.2113172Z","IN","3251","FollowTarget","SimpleChar","79866560","SimpleChar:79866560","Malfunctioning Cleaning Robot","","","","","NpcPath","3601.82642","52.1349983","786.804871","3602.00269","52.5","787.700012","","24","base_unknown=0;follow_type=1;follow_unknown=24","2","base_unknown=0;follow_type=1;follow_unknown=24;path_count=2;decoded_path_count=2",""
"2026-07-21T19:57:38.4261856Z","IN","3253","FollowTarget","SimpleChar","79543CB6","SimpleChar:79543CB6","Malfunctioning Cleaning Robot","","","","","NpcPath","3596.979","51.7449989","783.935852","3596.01782","52.2449989","783.709534","","25","base_unknown=0;follow_type=1;follow_unknown=25","2","base_unknown=0;follow_type=1;follow_unknown=25;path_count=2;decoded_path_count=2",""
"2026-07-21T19:57:38.4261856Z","IN","3252","FollowTarget","SimpleChar","797D36A5","SimpleChar:797D36A5","Malfunctioning Cleaning Robot","","","","","NpcPath","3596.81177","51.7449989","788.208923","3596.05518","51.7449989","788.482483","","25","base_unknown=0;follow_type=1;follow_unknown=25","2","base_unknown=0;follow_type=1;follow_unknown=25;path_count=2;decoded_path_count=2",""
"2026-07-21T19:57:38.4261856Z","IN","3254","FollowTarget","SimpleChar","79866560","SimpleChar:79866560","Malfunctioning Cleaning Robot","","","","","NpcPath","3601.82642","52.1349983","786.804871","3602.14795","52.5","787.739014","","24","base_unknown=0;follow_type=1;follow_unknown=24","2","base_unknown=0;follow_type=1;follow_unknown=24;path_count=2;decoded_path_count=2",""
"2026-07-21T19:57:38.8609170Z","IN","3260","FollowTarget","SimpleChar","79543CB6","SimpleChar:79543CB6","Malfunctioning Cleaning Robot","","","","","NpcPath","3596.979","51.7449989","783.935852","3596.10522","51.7449989","783.924805","","25","base_unknown=0;follow_type=1;follow_unknown=25","2","base_unknown=0;follow_type=1;follow_unknown=25;path_count=2;decoded_path_count=2",""
"2026-07-21T19:57:38.8609170Z","IN","3265","FollowTarget","SimpleChar","79543CB6","SimpleChar:79543CB6","Malfunctioning Cleaning Robot","","","","","NpcPath","3596.979","51.7449989","783.935852","3596.10522","51.7449989","783.924805","","25","base_unknown=0;follow_type=1;follow_unknown=25","2","base_unknown=0;follow_type=1;follow_unknown=25;path_count=2;decoded_path_count=2",""
"2026-07-21T19:57:38.8609170Z","IN","3259","FollowTarget","SimpleChar","797D36A5","SimpleChar:797D36A5","Malfunctioning Cleaning Robot","","","","","NpcPath","3596.81177","51.7449989","788.208923","3596.05518","51.7449989","788.482483","","25","base_unknown=0;follow_type=1;follow_unknown=25","2","base_unknown=0;follow_type=1;follow_unknown=25;path_count=2;decoded_path_count=2",""
"2026-07-21T19:57:38.8609170Z","IN","3263","FollowTarget","SimpleChar","797D36A5","SimpleChar:797D36A5","Malfunctioning Cleaning Robot","","","","","NpcPath","3596.81177","51.7449989","788.208923","3596.01563","52.2449989","788.760742","","25","base_unknown=0;follow_type=1;follow_unknown=25","2","base_unknown=0;follow_type=1;follow_unknown=25;path_count=2;decoded_path_count=2",""
"2026-07-21T19:57:38.8609170Z","IN","3264","FollowTarget","SimpleChar","7986655E","SimpleChar:7986655E","Malfunctioning Cleaning Robot","","","","","NpcPath","3600.7561","52.1349983","788.026367","3601.70239","52.5","788.038208","","24","base_unknown=0;follow_type=1;follow_unknown=24","2","base_unknown=0;follow_type=1;follow_unknown=24;path_count=2;decoded_path_count=2",""
"2026-07-21T19:57:38.8609170Z","IN","3261","FollowTarget","SimpleChar","79866560","SimpleChar:79866560","Malfunctioning Cleaning Robot","","","","","NpcPath","3601.82642","52.1349983","786.804871","3602.02954","52.5","787.701477","","24","base_unknown=0;follow_type=1;follow_unknown=24","2","base_unknown=0;follow_type=1;follow_unknown=24;path_count=2;decoded_path_count=2",""
"2026-07-21T19:57:38.8609170Z","IN","3266","FollowTarget","SimpleChar","79866560","SimpleChar:79866560","Malfunctioning Cleaning Robot","","","","","NpcPath","3601.82642","52.1349983","786.804871","3601.73999","52.5","787.850525","","24","base_unknown=0;follow_type=1;follow_unknown=24","2","base_unknown=0;follow_type=1;follow_unknown=24;path_count=2;decoded_path_count=2",""
"2026-07-21T19:57:39.3316270Z","IN","3270","FollowTarget","SimpleChar","79543CB6","SimpleChar:79543CB6","Malfunctioning Cleaning Robot","","","","","NpcPath","3596.979","51.7449989","783.935852","3596.10522","51.7449989","783.924805","","25","base_unknown=0;follow_type=1;follow_unknown=25","2","base_unknown=0;follow_type=1;follow_unknown=25;path_count=2;decoded_path_count=2",""
"2026-07-21T19:57:39.3316270Z","IN","3273","FollowTarget","SimpleChar","79543CB6","SimpleChar:79543CB6","Malfunctioning Cleaning Robot","","","","","NpcPath","3596.979","51.7449989","783.935852","3596.06763","52.2449989","783.775635","","25","base_unknown=0;follow_type=1;follow_unknown=25","2","base_unknown=0;follow_type=1;follow_unknown=25;path_count=2;decoded_path_count=2",""
"2026-07-21T19:57:39.3316270Z","IN","3268","FollowTarget","SimpleChar","797D36A5","SimpleChar:797D36A5","Malfunctioning Cleaning Robot","","","","","NpcPath","3596.81177","51.7449989","788.208923","3596.05518","51.7449989","788.482483","","25","base_unknown=0;follow_type=1;follow_unknown=25","2","base_unknown=0;follow_type=1;follow_unknown=25;path_count=2;decoded_path_count=2",""
"2026-07-21T19:57:39.3316270Z","IN","3272","FollowTarget","SimpleChar","797D36A5","SimpleChar:797D36A5","Malfunctioning Cleaning Robot","","","","","NpcPath","3596.81177","51.7449989","788.208923","3596.03735","52.2449989","788.442688","","25","base_unknown=0;follow_type=1;follow_unknown=25","2","base_unknown=0;follow_type=1;follow_unknown=25;path_count=2;decoded_path_count=2",""
"2026-07-21T19:57:39.3316270Z","IN","3269","FollowTarget","SimpleChar","7986655E","SimpleChar:7986655E","Malfunctioning Cleaning Robot","","","","","NpcPath","3600.7561","52.1349983","788.026367","3601.87891","52.5","787.725586","","24","base_unknown=0;follow_type=1;follow_unknown=24","2","base_unknown=0;follow_type=1;follow_unknown=24;path_count=2;decoded_path_count=2",""
"2026-07-21T19:57:39.3316270Z","IN","3271","FollowTarget","SimpleChar","79866560","SimpleChar:79866560","Malfunctioning Cleaning Robot","","","","","NpcPath","3601.82202","52.1349983","786.856873","3601.96313","52.5","787.702271","","24","base_unknown=0;follow_type=1;follow_unknown=24","2","base_unknown=0;follow_type=1;follow_unknown=24;path_count=2;decoded_path_count=2",""
"2026-07-21T19:57:39.3316270Z","IN","3275","FollowTarget","SimpleChar","79866560","SimpleChar:79866560","Malfunctioning Cleaning Robot","","","","","NpcPath","3601.82202","52.1349983","786.856873","3601.71899","52.5","787.89502","","24","base_unknown=0;follow_type=1;follow_unknown=24","2","base_unknown=0;follow_type=1;follow_unknown=24;path_count=2;decoded_path_count=2",""
"2026-07-21T19:57:39.6964016Z","IN","3282","FollowTarget","SimpleChar","79543CB6","SimpleChar:79543CB6","Malfunctioning Cleaning Robot","","","","","NpcPath","3596.979","51.7449989","783.935852","3596.09912","52.2449989","783.860657","","25","base_unknown=0;follow_type=1;follow_unknown=25","2","base_unknown=0;follow_type=1;follow_unknown=25;path_count=2;decoded_path_count=2",""
"2026-07-21T19:57:39.6964016Z","IN","3280","FollowTarget","SimpleChar","797D36A5","SimpleChar:797D36A5","Malfunctioning Cleaning Robot","","","","","NpcPath","3596.81177","51.7449989","788.208923","3596.05518","51.7449989","788.482483","","25","base_unknown=0;follow_type=1;follow_unknown=25","2","base_unknown=0;follow_type=1;follow_unknown=25;path_count=2;decoded_path_count=2",""
"2026-07-21T19:57:39.6964016Z","IN","3281","FollowTarget","SimpleChar","7986655E","SimpleChar:7986655E","Malfunctioning Cleaning Robot","","","","","NpcPath","3600.93188","52.1349983","787.979309","3601.74414","52.5","787.843445","","24","base_unknown=0;follow_type=1;follow_unknown=24","2","base_unknown=0;follow_type=1;follow_unknown=24;path_count=2;decoded_path_count=2",""
"2026-07-21T19:57:39.6964016Z","IN","3283","FollowTarget","SimpleChar","79866560","SimpleChar:79866560","Malfunctioning Cleaning Robot","","","","","NpcPath","3601.81665","52.1349983","786.91095","3602.22583","52.5","787.80249","","24","base_unknown=0;follow_type=1;follow_unknown=24","2","base_unknown=0;follow_type=1;follow_unknown=24;path_count=2;decoded_path_count=2",""
"2026-07-21T19:57:39.9302576Z","IN","3288","FollowTarget","SimpleChar","79543CB6","SimpleChar:79543CB6","Malfunctioning Cleaning Robot","","","","","NpcPath","3596.979","51.7449989","783.935852","3596.10522","51.7449989","783.924805","","25","base_unknown=0;follow_type=1;follow_unknown=25","2","base_unknown=0;follow_type=1;follow_unknown=25;path_count=2;decoded_path_count=2",""
"2026-07-21T19:57:39.9302576Z","IN","3292","FollowTarget","SimpleChar","79543CB6","SimpleChar:79543CB6","Malfunctioning Cleaning Robot","","","","","NpcPath","3596.979","51.7449989","783.935852","3596.10522","51.7449989","783.924805","","25","base_unknown=0;follow_type=1;follow_unknown=25","2","base_unknown=0;follow_type=1;follow_unknown=25;path_count=2;decoded_path_count=2",""
"2026-07-21T19:57:39.9302576Z","IN","3286","FollowTarget","SimpleChar","797D36A5","SimpleChar:797D36A5","Malfunctioning Cleaning Robot","","","","","NpcPath","3596.81177","51.7449989","788.208923","3596.05518","51.7449989","788.482483","","25","base_unknown=0;follow_type=1;follow_unknown=25","2","base_unknown=0;follow_type=1;follow_unknown=25;path_count=2;decoded_path_count=2",""
"2026-07-21T19:57:39.9302576Z","IN","3290","FollowTarget","SimpleChar","797D36A5","SimpleChar:797D36A5","Malfunctioning Cleaning Robot","","","","","NpcPath","3596.81177","51.7449989","788.208923","3596.05518","51.7449989","788.482483","","25","base_unknown=0;follow_type=1;follow_unknown=25","2","base_unknown=0;follow_type=1;follow_unknown=25;path_count=2;decoded_path_count=2",""
"2026-07-21T19:57:39.9302576Z","IN","3287","FollowTarget","SimpleChar","7986655E","SimpleChar:7986655E","Malfunctioning Cleaning Robot","","","","","NpcPath","3600.93188","52.1349983","787.979309","3601.83398","52.5","787.750183","","24","base_unknown=0;follow_type=1;follow_unknown=24","2","base_unknown=0;follow_type=1;follow_unknown=24;path_count=2;decoded_path_count=2",""
"2026-07-21T19:57:39.9302576Z","IN","3291","FollowTarget","SimpleChar","7986655E","SimpleChar:7986655E","Malfunctioning Cleaning Robot","","","","","NpcPath","3600.93188","52.1349983","787.979309","3601.72192","52.5","787.887451","","24","base_unknown=0;follow_type=1;follow_unknown=24","2","base_unknown=0;follow_type=1;follow_unknown=24;path_count=2;decoded_path_count=2",""
"2026-07-21T19:57:39.9302576Z","IN","3289","FollowTarget","SimpleChar","79866560","SimpleChar:79866560","Malfunctioning Cleaning Robot","","","","","NpcPath","3601.81665","52.1349983","786.91095","3601.70117","52.5","787.973206","","24","base_unknown=0;follow_type=1;follow_unknown=24","2","base_unknown=0;follow_type=1;follow_unknown=24;path_count=2;decoded_path_count=2",""
"2026-07-21T19:57:40.2620527Z","IN","3296","FollowTarget","SimpleChar","79543CB6","SimpleChar:79543CB6","Malfunctioning Cleaning Robot","","","","","NpcPath","3596.979","51.7449989","783.935852","3596.10522","51.7449989","783.924805","","25","base_unknown=0;follow_type=1;follow_unknown=25","2","base_unknown=0;follow_type=1;follow_unknown=25;path_count=2;decoded_path_count=2",""
"2026-07-21T19:57:40.2620527Z","IN","3294","FollowTarget","SimpleChar","797D36A5","SimpleChar:797D36A5","Malfunctioning Cleaning Robot","","","","","NpcPath","3596.81177","51.7449989","788.208923","3596.02881","52.2449989","788.427673","","25","base_unknown=0;follow_type=1;follow_unknown=25","2","base_unknown=0;follow_type=1;follow_unknown=25;path_count=2;decoded_path_count=2",""
"2026-07-21T19:57:40.2620527Z","IN","3295","FollowTarget","SimpleChar","7986655E","SimpleChar:7986655E","Malfunctioning Cleaning Robot","","","","","NpcPath","3600.93188","52.1349983","787.979309","3601.92334","52.5","788.290039","","24","base_unknown=0;follow_type=1;follow_unknown=24","2","base_unknown=0;follow_type=1;follow_unknown=24;path_count=2;decoded_path_count=2",""
"2026-07-21T19:57:40.2630521Z","IN","3297","FollowTarget","SimpleChar","79866560","SimpleChar:79866560","Malfunctioning Cleaning Robot","","","","","NpcPath","3601.80859","52.1349983","786.985779","3602.06226","52.5","787.706543","","24","base_unknown=0;follow_type=1;follow_unknown=24","2","base_unknown=0;follow_type=1;follow_unknown=24;path_count=2;decoded_path_count=2",""
"2026-07-21T19:57:40.5998443Z","IN","3306","FollowTarget","SimpleChar","79543CB6","SimpleChar:79543CB6","Malfunctioning Cleaning Robot","","","","","NpcPath","3596.979","51.7449989","783.935852","3596.09302","52.2449989","784.005554","","25","base_unknown=0;follow_type=1;follow_unknown=25","2","base_unknown=0;follow_type=1;follow_unknown=25;path_count=2;decoded_path_count=2",""
"2026-07-21T19:57:40.5998443Z","IN","3304","FollowTarget","SimpleChar","797D36A5","SimpleChar:797D36A5","Malfunctioning Cleaning Robot","","","","","NpcPath","3596.81177","51.7449989","788.208923","3596.03149","52.2449989","788.432373","","25","base_unknown=0;follow_type=1;follow_unknown=25","2","base_unknown=0;follow_type=1;follow_unknown=25;path_count=2;decoded_path_count=2",""
"2026-07-21T19:57:40.5998443Z","IN","3305","FollowTarget","SimpleChar","7986655E","SimpleChar:7986655E","Malfunctioning Cleaning Robot","","","","","NpcPath","3600.97705","52.1349983","787.993469","3601.70264","52.5","787.960815","","24","base_unknown=0;follow_type=1;follow_unknown=24","2","base_unknown=0;follow_type=1;follow_unknown=24;path_count=2;decoded_path_count=2",""
"2026-07-21T19:57:40.5998443Z","IN","3307","FollowTarget","SimpleChar","79866560","SimpleChar:79866560","Malfunctioning Cleaning Robot","","","","","NpcPath","3601.80859","52.1349983","786.985779","3601.73389","52.5","787.861389","","24","base_unknown=0;follow_type=1;follow_unknown=24","2","base_unknown=0;follow_type=1;follow_unknown=24;path_count=2;decoded_path_count=2",""
"2026-07-21T19:57:40.6008441Z","IN","3314","FollowTarget","SimpleChar","79543CB6","SimpleChar:79543CB6","Malfunctioning Cleaning Robot","","","","","NpcPath","3596.979","51.7449989","783.935852","3596.10522","51.7449989","783.924805","","25","base_unknown=0;follow_type=1;follow_unknown=25","2","base_unknown=0;follow_type=1;follow_unknown=25;path_count=2;decoded_path_count=2",""
"2026-07-21T19:57:40.6008441Z","IN","3312","FollowTarget","SimpleChar","797D36A5","SimpleChar:797D36A5","Malfunctioning Cleaning Robot","","","","","NpcPath","3596.81177","51.7449989","788.208923","3596.0542","52.2449989","788.479919","","25","base_unknown=0;follow_type=1;follow_unknown=25","2","base_unknown=0;follow_type=1;follow_unknown=25;path_count=2;decoded_path_count=2",""
"2026-07-21T19:57:40.6008441Z","IN","3313","FollowTarget","SimpleChar","7986655E","SimpleChar:7986655E","Malfunctioning Cleaning Robot","","","","","NpcPath","3600.97705","52.1349983","787.993469","3601.87109","52.5","788.270874","","24","base_unknown=0;follow_type=1;follow_unknown=24","2","base_unknown=0;follow_type=1;follow_unknown=24;path_count=2;decoded_path_count=2",""
"2026-07-21T19:57:40.6008441Z","IN","3315","FollowTarget","SimpleChar","79866560","SimpleChar:79866560","Malfunctioning Cleaning Robot","","","","","NpcPath","3601.80859","52.1349983","786.985779","3602.21509","52.5","787.790955","","24","base_unknown=0;follow_type=1;follow_unknown=24","2","base_unknown=0;follow_type=1;follow_unknown=24;path_count=2;decoded_path_count=2",""
"2026-07-21T19:57:41.0175870Z","IN","3319","FollowTarget","SimpleChar","79543CB6","SimpleChar:79543CB6","Malfunctioning Cleaning Robot","","","","","NpcPath","3596.979","51.7449989","783.935852","3596.07568","52.2449989","783.791443","","25","base_unknown=0;follow_type=1;follow_unknown=25","2","base_unknown=0;follow_type=1;follow_unknown=25;path_count=2;decoded_path_count=2",""
"2026-07-21T19:57:41.0175870Z","IN","3323","FollowTarget","SimpleChar","79543CB6","SimpleChar:79543CB6","Malfunctioning Cleaning Robot","","","","","NpcPath","3596.979","51.7449989","783.935852","3596.10522","51.7449989","783.924805","","25","base_unknown=0;follow_type=1;follow_unknown=25","2","base_unknown=0;follow_type=1;follow_unknown=25;path_count=2;decoded_path_count=2",""
"2026-07-21T19:57:41.0175870Z","IN","3317","FollowTarget","SimpleChar","797D36A5","SimpleChar:797D36A5","Malfunctioning Cleaning Robot","","","","","NpcPath","3596.81177","51.7449989","788.208923","3596.05518","51.7449989","788.482483","","25","base_unknown=0;follow_type=1;follow_unknown=25","2","base_unknown=0;follow_type=1;follow_unknown=25;path_count=2;decoded_path_count=2",""
"2026-07-21T19:57:41.0175870Z","IN","3321","FollowTarget","SimpleChar","797D36A5","SimpleChar:797D36A5","Malfunctioning Cleaning Robot","","","","","NpcPath","3596.81177","51.7449989","788.208923","3596.05518","51.7449989","788.482483","","25","base_unknown=0;follow_type=1;follow_unknown=25","2","base_unknown=0;follow_type=1;follow_unknown=25;path_count=2;decoded_path_count=2",""
"2026-07-21T19:57:41.0175870Z","IN","3318","FollowTarget","SimpleChar","7986655E","SimpleChar:7986655E","Malfunctioning Cleaning Robot","","","","","NpcPath","3600.97705","52.1349983","787.993469","3601.72217","52.5","788.112915","","24","base_unknown=0;follow_type=1;follow_unknown=24","2","base_unknown=0;follow_type=1;follow_unknown=24;path_count=2;decoded_path_count=2",""
"2026-07-21T19:57:41.0175870Z","IN","3322","FollowTarget","SimpleChar","7986655E","SimpleChar:7986655E","Malfunctioning Cleaning Robot","","","","","NpcPath","3600.97705","52.1349983","787.993469","3601.70117","52.5","787.973145","","24","base_unknown=0;follow_type=1;follow_unknown=24","2","base_unknown=0;follow_type=1;follow_unknown=24;path_count=2;decoded_path_count=2",""
"2026-07-21T19:57:41.0175870Z","IN","3320","FollowTarget","SimpleChar","79866560","SimpleChar:79866560","Malfunctioning Cleaning Robot","","","","","NpcPath","3601.80859","52.1349983","786.985779","3601.76416","52.5","787.814514","","24","base_unknown=0;follow_type=1;follow_unknown=24","2","base_unknown=0;follow_type=1;follow_unknown=24;path_count=2;decoded_path_count=2",""
"2026-07-21T19:57:41.0175870Z","IN","3324","FollowTarget","SimpleChar","79866560","SimpleChar:79866560","Malfunctioning Cleaning Robot","","","","","NpcPath","3601.80859","52.1349983","786.985779","3602.21411","52.5","787.789917","","24","base_unknown=0;follow_type=1;follow_unknown=24","2","base_unknown=0;follow_type=1;follow_unknown=24;path_count=2;decoded_path_count=2",""
"2026-07-21T19:57:41.4343296Z","IN","3327","FollowTarget","SimpleChar","79543CB6","SimpleChar:79543CB6","Malfunctioning Cleaning Robot","","","","","NpcPath","3596.979","51.7449989","783.935852","3596.02124","52.2449989","783.71283","","25","base_unknown=0;follow_type=1;follow_unknown=25","2","base_unknown=0;follow_type=1;follow_unknown=25;path_count=2;decoded_path_count=2",""
"2026-07-21T19:57:41.4343296Z","IN","3331","FollowTarget","SimpleChar","79543CB6","SimpleChar:79543CB6","Malfunctioning Cleaning Robot","","","","","NpcPath","3596.979","51.7449989","783.935852","3596.02637","52.2449989","784.123718","","25","base_unknown=0;follow_type=1;follow_unknown=25","2","base_unknown=0;follow_type=1;follow_unknown=25;path_count=2;decoded_path_count=2",""
"2026-07-21T19:57:41.4343296Z","IN","3325","FollowTarget","SimpleChar","797D36A5","SimpleChar:797D36A5","Malfunctioning Cleaning Robot","","","","","NpcPath","3596.81177","51.7449989","788.208923","3596.05518","51.7449989","788.482483","","25","base_unknown=0;follow_type=1;follow_unknown=25","2","base_unknown=0;follow_type=1;follow_unknown=25;path_count=2;decoded_path_count=2",""
"2026-07-21T19:57:41.4343296Z","IN","3329","FollowTarget","SimpleChar","797D36A5","SimpleChar:797D36A5","Malfunctioning Cleaning Robot","","","","","NpcPath","3596.81177","51.7449989","788.208923","3596.05518","51.7449989","788.482483","","25","base_unknown=0;follow_type=1;follow_unknown=25","2","base_unknown=0;follow_type=1;follow_unknown=25;path_count=2;decoded_path_count=2",""
"2026-07-21T19:57:41.4343296Z","IN","3326","FollowTarget","SimpleChar","7986655E","SimpleChar:7986655E","Malfunctioning Cleaning Robot","","","","","NpcPath","3600.97705","52.1349983","787.993469","3601.72168","52.5","787.888245","","24","base_unknown=0;follow_type=1;follow_unknown=24","2","base_unknown=0;follow_type=1;follow_unknown=24;path_count=2;decoded_path_count=2",""
"2026-07-21T19:57:41.4343296Z","IN","3330","FollowTarget","SimpleChar","7986655E","SimpleChar:7986655E","Malfunctioning Cleaning Robot","","","","","NpcPath","3600.97705","52.1349983","787.993469","3601.83203","52.5","787.751343","","24","base_unknown=0;follow_type=1;follow_unknown=24","2","base_unknown=0;follow_type=1;follow_unknown=24;path_count=2;decoded_path_count=2",""
"2026-07-21T19:57:41.4343296Z","IN","3328","FollowTarget","SimpleChar","79866560","SimpleChar:79866560","Malfunctioning Cleaning Robot","","","","","NpcPath","3601.80859","52.1349983","786.985779","3601.85718","52.5","787.736145","","24","base_unknown=0;follow_type=1;follow_unknown=24","2","base_unknown=0;follow_type=1;follow_unknown=24;path_count=2;decoded_path_count=2",""
"2026-07-21T19:57:41.4343296Z","IN","3332","FollowTarget","SimpleChar","79866560","SimpleChar:79866560","Malfunctioning Cleaning Robot","","","","","NpcPath","3601.80859","52.1349983","786.985779","3601.80786","52.5","787.769531","","24","base_unknown=0;follow_type=1;follow_unknown=24","2","base_unknown=0;follow_type=1;follow_unknown=24;path_count=2;decoded_path_count=2",""
"2026-07-21T19:57:41.8970447Z","IN","3339","FollowTarget","SimpleChar","79543CB6","SimpleChar:79543CB6","Malfunctioning Cleaning Robot","","","","","NpcPath","3596.979","51.7449989","783.935852","3596.10522","51.7449989","783.924805","","25","base_unknown=0;follow_type=1;follow_unknown=25","2","base_unknown=0;follow_type=1;follow_unknown=25;path_count=2;decoded_path_count=2",""
"2026-07-21T19:57:41.8970447Z","IN","3343","FollowTarget","SimpleChar","79543CB6","SimpleChar:79543CB6","Malfunctioning Cleaning Robot","","","","","NpcPath","3596.979","51.7449989","783.935852","3596.10425","52.2449989","783.897888","","25","base_unknown=0;follow_type=1;follow_unknown=25","2","base_unknown=0;follow_type=1;follow_unknown=25;path_count=2;decoded_path_count=2",""
"2026-07-21T19:57:41.8970447Z","IN","3337","FollowTarget","SimpleChar","797D36A5","SimpleChar:797D36A5","Malfunctioning Cleaning Robot","","","","","NpcPath","3596.81177","51.7449989","788.208923","3596.03369","52.2449989","788.732788","","25","base_unknown=0;follow_type=1;follow_unknown=25","2","base_unknown=0;follow_type=1;follow_unknown=25;path_count=2;decoded_path_count=2",""
"2026-07-21T19:57:41.8970447Z","IN","3341","FollowTarget","SimpleChar","797D36A5","SimpleChar:797D36A5","Malfunctioning Cleaning Robot","","","","","NpcPath","3596.81177","51.7449989","788.208923","3596.073","52.2449989","788.580505","","25","base_unknown=0;follow_type=1;follow_unknown=25","2","base_unknown=0;follow_type=1;follow_unknown=25;path_count=2;decoded_path_count=2",""
"2026-07-21T19:57:41.8970447Z","IN","3338","FollowTarget","SimpleChar","7986655E","SimpleChar:7986655E","Malfunctioning Cleaning Robot","","","","","NpcPath","3600.97705","52.1349983","787.993469","3601.70117","52.5","788.026428","","24","base_unknown=0;follow_type=1;follow_unknown=24","2","base_unknown=0;follow_type=1;follow_unknown=24;path_count=2;decoded_path_count=2",""
"2026-07-21T19:57:41.8970447Z","IN","3342","FollowTarget","SimpleChar","7986655E","SimpleChar:7986655E","Malfunctioning Cleaning Robot","","","","","NpcPath","3600.97705","52.1349983","787.993469","3601.70557","52.5","787.942566","","24","base_unknown=0;follow_type=1;follow_unknown=24","2","base_unknown=0;follow_type=1;follow_unknown=24;path_count=2;decoded_path_count=2",""
"2026-07-21T19:57:41.8970447Z","IN","3340","FollowTarget","SimpleChar","79866560","SimpleChar:79866560","Malfunctioning Cleaning Robot","","","","","NpcPath","3601.80859","52.1349983","786.985779","3601.85254","52.5","787.738708","","24","base_unknown=0;follow_type=1;follow_unknown=24","2","base_unknown=0;follow_type=1;follow_unknown=24;path_count=2;decoded_path_count=2",""
"2026-07-21T19:57:41.8970447Z","IN","3344","FollowTarget","SimpleChar","79866560","SimpleChar:79866560","Malfunctioning Cleaning Robot","","","","","NpcPath","3601.80859","52.1349983","786.985779","3602.27271","52.5","787.875183","","24","base_unknown=0;follow_type=1;follow_unknown=24","2","base_unknown=0;follow_type=1;follow_unknown=24;path_count=2;decoded_path_count=2",""
"2026-07-21T19:57:42.2987966Z","IN","3347","FollowTarget","SimpleChar","79543CB6","SimpleChar:79543CB6","Malfunctioning Cleaning Robot","","","","","NpcPath","3596.979","51.7449989","783.935852","3596.10522","51.7449989","783.924805","","25","base_unknown=0;follow_type=1;follow_unknown=25","2","base_unknown=0;follow_type=1;follow_unknown=25;path_count=2;decoded_path_count=2",""
"2026-07-21T19:57:42.2987966Z","IN","3351","FollowTarget","SimpleChar","79543CB6","SimpleChar:79543CB6","Malfunctioning Cleaning Robot","","","","","NpcPath","3596.979","51.7449989","783.935852","3596.10522","51.7449989","783.924805","","25","base_unknown=0;follow_type=1;follow_unknown=25","2","base_unknown=0;follow_type=1;follow_unknown=25;path_count=2;decoded_path_count=2",""
"2026-07-21T19:57:42.2987966Z","IN","3345","FollowTarget","SimpleChar","797D36A5","SimpleChar:797D36A5","Malfunctioning Cleaning Robot","","","","","NpcPath","3596.81177","51.7449989","788.208923","3596.04028","52.2449989","788.448181","","25","base_unknown=0;follow_type=1;follow_unknown=25","2","base_unknown=0;follow_type=1;follow_unknown=25;path_count=2;decoded_path_count=2",""
"2026-07-21T19:57:42.2987966Z","IN","3349","FollowTarget","SimpleChar","797D36A5","SimpleChar:797D36A5","Malfunctioning Cleaning Robot","","","","","NpcPath","3596.81177","51.7449989","788.208923","3596.05029","52.2449989","788.698914","","25","base_unknown=0;follow_type=1;follow_unknown=25","2","base_unknown=0;follow_type=1;follow_unknown=25;path_count=2;decoded_path_count=2",""
"2026-07-21T19:57:42.2987966Z","IN","3346","FollowTarget","SimpleChar","7986655E","SimpleChar:7986655E","Malfunctioning Cleaning Robot","","","","","NpcPath","3600.97705","52.1349983","787.993469","3601.72656","52.5","787.876404","","24","base_unknown=0;follow_type=1;follow_unknown=24","2","base_unknown=0;follow_type=1;follow_unknown=24;path_count=2;decoded_path_count=2",""
"2026-07-21T19:57:42.2987966Z","IN","3350","FollowTarget","SimpleChar","7986655E","SimpleChar:7986655E","Malfunctioning Cleaning Robot","","","","","NpcPath","3600.97705","52.1349983","787.993469","3601.78369","52.5","788.207825","","24","base_unknown=0;follow_type=1;follow_unknown=24","2","base_unknown=0;follow_type=1;follow_unknown=24;path_count=2;decoded_path_count=2",""
"2026-07-21T19:57:42.2987966Z","IN","3348","FollowTarget","SimpleChar","79866560","SimpleChar:79866560","Malfunctioning Cleaning Robot","","","","","NpcPath","3601.81177","52.1349983","786.992004","3601.71313","52.5","787.912354","","24","base_unknown=0;follow_type=1;follow_unknown=24","2","base_unknown=0;follow_type=1;follow_unknown=24;path_count=2;decoded_path_count=2",""
"2026-07-21T19:57:42.2987966Z","IN","3352","FollowTarget","SimpleChar","79866560","SimpleChar:79866560","Malfunctioning Cleaning Robot","","","","","NpcPath","3601.81177","52.1349983","786.992004","3601.74976","52.5","787.834656","","24","base_unknown=0;follow_type=1;follow_unknown=24","2","base_unknown=0;follow_type=1;follow_unknown=24;path_count=2;decoded_path_count=2",""
"2026-07-21T19:57:42.7145406Z","IN","3356","FollowTarget","SimpleChar","79543CB6","SimpleChar:79543CB6","Malfunctioning Cleaning Robot","","","","","NpcPath","3596.979","51.7449989","783.935852","3596.00928","52.2449989","783.70105","","25","base_unknown=0;follow_type=1;follow_unknown=25","2","base_unknown=0;follow_type=1;follow_unknown=25;path_count=2;decoded_path_count=2",""
"2026-07-21T19:57:42.7145406Z","IN","3353","FollowTarget","SimpleChar","797D36A5","SimpleChar:797D36A5","Malfunctioning Cleaning Robot","","","","","NpcPath","3596.81177","51.7449989","788.208923","3596.04785","52.2449989","788.464233","","25","base_unknown=0;follow_type=1;follow_unknown=25","2","base_unknown=0;follow_type=1;follow_unknown=25;path_count=2;decoded_path_count=2",""
"2026-07-21T19:57:42.7145406Z","IN","3362","FollowTarget","SimpleChar","797D36A5","SimpleChar:797D36A5","Malfunctioning Cleaning Robot","","","","","NpcPath","3596.81177","51.7449989","788.208923","3596.05518","51.7449989","788.482483","","25","base_unknown=0;follow_type=1;follow_unknown=25","2","base_unknown=0;follow_type=1;follow_unknown=25;path_count=2;decoded_path_count=2",""
"2026-07-21T19:57:42.7145406Z","IN","3354","FollowTarget","SimpleChar","79866547","SimpleChar:79866547","Malfunctioning Cleaning Robot","","","","","NpcPath","3603.20459","52.1349983","787.822327","3602.00391","52.5","787.700012","","24","base_unknown=0;follow_type=1;follow_unknown=24","2","base_unknown=0;follow_type=1;follow_unknown=24;path_count=2;decoded_path_count=2",""
"2026-07-21T19:57:42.7145406Z","IN","3355","FollowTarget","SimpleChar","7986655E","SimpleChar:7986655E","Malfunctioning Cleaning Robot","","","","","NpcPath","3600.97705","52.1349983","787.993469","3601.80249","52.5","787.774231","","24","base_unknown=0;follow_type=1;follow_unknown=24","2","base_unknown=0;follow_type=1;follow_unknown=24;path_count=2;decoded_path_count=2",""
"2026-07-21T19:57:42.7145406Z","IN","3357","FollowTarget","SimpleChar","79866560","SimpleChar:79866560","Malfunctioning Cleaning Robot","","","","","NpcPath","3601.81177","52.1349983","786.992004","3601.70386","52.5","787.95282","","24","base_unknown=0;follow_type=1;follow_unknown=24","2","base_unknown=0;follow_type=1;follow_unknown=24;path_count=2;decoded_path_count=2",""
"2026-07-21T19:57:42.7155413Z","IN","3364","FollowTarget","SimpleChar","79543CB6","SimpleChar:79543CB6","Malfunctioning Cleaning Robot","","","","","NpcPath","3596.979","51.7449989","783.935852","3596.10522","51.7449989","783.924805","","25","base_unknown=0;follow_type=1;follow_unknown=25","2","base_unknown=0;follow_type=1;follow_unknown=25;path_count=2;decoded_path_count=2",""
"2026-07-21T19:57:42.7155413Z","IN","3363","FollowTarget","SimpleChar","7986655E","SimpleChar:7986655E","Malfunctioning Cleaning Robot","","","","","NpcPath","3600.97705","52.1349983","787.993469","3601.71069","52.5","787.920898","","24","base_unknown=0;follow_type=1;follow_unknown=24","2","base_unknown=0;follow_type=1;follow_unknown=24;path_count=2;decoded_path_count=2",""
"2026-07-21T19:57:42.7155413Z","IN","3365","FollowTarget","SimpleChar","79866560","SimpleChar:79866560","Malfunctioning Cleaning Robot","","","","","NpcPath","3601.81177","52.1349983","786.992004","3602.2627","52.5","787.855103","","24","base_unknown=0;follow_type=1;follow_unknown=24","2","base_unknown=0;follow_type=1;follow_unknown=24;path_count=2;decoded_path_count=2",""
"2026-07-21T19:57:43.1212902Z","IN","3370","FollowTarget","SimpleChar","79543CB6","SimpleChar:79543CB6","Malfunctioning Cleaning Robot","","","","","NpcPath","3596.979","51.7449989","783.935852","3596.10522","51.7449989","783.924805","","25","base_unknown=0;follow_type=1;follow_unknown=25","2","base_unknown=0;follow_type=1;follow_unknown=25;path_count=2;decoded_path_count=2",""
"2026-07-21T19:57:43.1212902Z","IN","3377","FollowTarget","SimpleChar","79543CB6","SimpleChar:79543CB6","Malfunctioning Cleaning Robot","","","","","NpcPath","3596.979","51.7449989","783.935852","3596.09888","52.2449989","783.859375","","25","base_unknown=0;follow_type=1;follow_unknown=25","2","base_unknown=0;follow_type=1;follow_unknown=25;path_count=2;decoded_path_count=2",""
"2026-07-21T19:57:43.1212902Z","IN","3367","FollowTarget","SimpleChar","797D36A5","SimpleChar:797D36A5","Malfunctioning Cleaning Robot","","","","","NpcPath","3596.81177","51.7449989","788.208923","3596.03076","52.2449989","788.737915","","25","base_unknown=0;follow_type=1;follow_unknown=25","2","base_unknown=0;follow_type=1;follow_unknown=25;path_count=2;decoded_path_count=2",""
"2026-07-21T19:57:43.1212902Z","IN","3374","FollowTarget","SimpleChar","797D36A5","SimpleChar:797D36A5","Malfunctioning Cleaning Robot","","","","","NpcPath","3596.81177","51.7449989","788.208923","3596.06714","52.2449989","788.64325","","25","base_unknown=0;follow_type=1;follow_unknown=25","2","base_unknown=0;follow_type=1;follow_unknown=25;path_count=2;decoded_path_count=2",""
"2026-07-21T19:57:43.1212902Z","IN","3368","FollowTarget","SimpleChar","79866547","SimpleChar:79866547","Malfunctioning Cleaning Robot","","","","","NpcPath","3602.99194","52.1349983","787.800598","3602.20874","52.5","788.215454","","24","base_unknown=0;follow_type=1;follow_unknown=24","2","base_unknown=0;follow_type=1;follow_unknown=24;path_count=2;decoded_path_count=2",""
"2026-07-21T19:57:43.1212902Z","IN","3375","FollowTarget","SimpleChar","79866547","SimpleChar:79866547","Malfunctioning Cleaning Robot","","","","","NpcPath","3602.99194","52.1349983","787.800598","3602.18799","52.5","788.233826","","24","base_unknown=0;follow_type=1;follow_unknown=24","2","base_unknown=0;follow_type=1;follow_unknown=24;path_count=2;decoded_path_count=2",""
"2026-07-21T19:57:43.1212902Z","IN","3369","FollowTarget","SimpleChar","7986655E","SimpleChar:7986655E","Malfunctioning Cleaning Robot","","","","","NpcPath","3600.97705","52.1349983","787.993469","3601.77588","52.5","787.800659","","24","base_unknown=0;follow_type=1;follow_unknown=24","2","base_unknown=0;follow_type=1;follow_unknown=24;path_count=2;decoded_path_count=2",""
"2026-07-21T19:57:43.1212902Z","IN","3376","FollowTarget","SimpleChar","7986655E","SimpleChar:7986655E","Malfunctioning Cleaning Robot","","","","","NpcPath","3600.97705","52.1349983","787.993469","3601.94507","52.5","788.294922","","24","base_unknown=0;follow_type=1;follow_unknown=24","2","base_unknown=0;follow_type=1;follow_unknown=24;path_count=2;decoded_path_count=2",""
"2026-07-21T19:57:43.1212902Z","IN","3371","FollowTarget","SimpleChar","79866560","SimpleChar:79866560","Malfunctioning Cleaning Robot","","","","","NpcPath","3601.81177","52.1349983","786.992004","3602.27783","52.5","787.887085","","24","base_unknown=0;follow_type=1;follow_unknown=24","2","base_unknown=0;follow_type=1;follow_unknown=24;path_count=2;decoded_path_count=2",""
"2026-07-21T19:57:43.1212902Z","IN","3378","FollowTarget","SimpleChar","79866560","SimpleChar:79866560","Malfunctioning Cleaning Robot","","","","","NpcPath","3601.81812","52.1349983","787.004211","3601.84009","52.5","787.746216","","24","base_unknown=0;follow_type=1;follow_unknown=24","2","base_unknown=0;follow_type=1;follow_unknown=24;path_count=2;decoded_path_count=2",""
"2026-07-21T19:57:43.5770082Z","IN","3386","FollowTarget","SimpleChar","79543CB6","SimpleChar:79543CB6","Malfunctioning Cleaning Robot","","","","","NpcPath","3596.979","51.7449989","783.935852","3596.10303","52.2449989","783.957092","","25","base_unknown=0;follow_type=1;follow_unknown=25","2","base_unknown=0;follow_type=1;follow_unknown=25;path_count=2;decoded_path_count=2",""
"2026-07-21T19:57:43.5770082Z","IN","3392","FollowTarget","SimpleChar","79543CB6","SimpleChar:79543CB6","Malfunctioning Cleaning Robot","","","","","NpcPath","3596.979","51.7449989","783.935852","3596.02539","52.2449989","783.717346","","25","base_unknown=0;follow_type=1;follow_unknown=25","2","base_unknown=0;follow_type=1;follow_unknown=25;path_count=2;decoded_path_count=2",""
"2026-07-21T19:57:43.5770082Z","IN","3383","FollowTarget","SimpleChar","797D36A5","SimpleChar:797D36A5","Malfunctioning Cleaning Robot","","","","","NpcPath","3596.81177","51.7449989","788.208923","3596.07178","52.2449989","788.610779","","25","base_unknown=0;follow_type=1;follow_unknown=25","2","base_unknown=0;follow_type=1;follow_unknown=25;path_count=2;decoded_path_count=2",""
"2026-07-21T19:57:43.5770082Z","IN","3388","FollowTarget","SimpleChar","797D36A5","SimpleChar:797D36A5","Malfunctioning Cleaning Robot","","","","","NpcPath","3596.81177","51.7449989","788.208923","3596.02246","52.2449989","788.750854","","25","base_unknown=0;follow_type=1;follow_unknown=25","2","base_unknown=0;follow_type=1;follow_unknown=25;path_count=2;decoded_path_count=2",""
"2026-07-21T19:57:43.5770082Z","IN","3384","FollowTarget","SimpleChar","79866547","SimpleChar:79866547","Malfunctioning Cleaning Robot","","","","","NpcPath","3602.99194","52.1349983","787.800598","3602.27417","52.5","788.121704","","24","base_unknown=0;follow_type=1;follow_unknown=24","2","base_unknown=0;follow_type=1;follow_unknown=24;path_count=2;decoded_path_count=2",""
"2026-07-21T19:57:43.5770082Z","IN","3390","FollowTarget","SimpleChar","79866547","SimpleChar:79866547","Malfunctioning Cleaning Robot","","","","","NpcPath","3602.99194","52.1349983","787.800598","3602.08276","52.5","788.288391","","24","base_unknown=0;follow_type=1;follow_unknown=24","2","base_unknown=0;follow_type=1;follow_unknown=24;path_count=2;decoded_path_count=2",""
"2026-07-21T19:57:43.5770082Z","IN","3385","FollowTarget","SimpleChar","7986655E","SimpleChar:7986655E","Malfunctioning Cleaning Robot","","","","","NpcPath","3600.99097","52.1349983","787.997803","3601.90088","52.5","788.283142","","24","base_unknown=0;follow_type=1;follow_unknown=24","2","base_unknown=0;follow_type=1;follow_unknown=24;path_count=2;decoded_path_count=2",""
"2026-07-21T19:57:43.5770082Z","IN","3391","FollowTarget","SimpleChar","7986655E","SimpleChar:7986655E","Malfunctioning Cleaning Robot","","","","","NpcPath","3600.99097","52.1349983","787.997803","3601.78247","52.5","788.206665","","24","base_unknown=0;follow_type=1;follow_unknown=24","2","base_unknown=0;follow_type=1;follow_unknown=24;path_count=2;decoded_path_count=2",""
"2026-07-21T19:57:43.5770082Z","IN","3387","FollowTarget","SimpleChar","79866560","SimpleChar:79866560","Malfunctioning Cleaning Robot","","","","","NpcPath","3601.81812","52.1349983","787.004211","3601.87744","52.5","787.726135","","24","base_unknown=0;follow_type=1;follow_unknown=24","2","base_unknown=0;follow_type=1;follow_unknown=24;path_count=2;decoded_path_count=2",""
"2026-07-21T19:57:43.5770082Z","IN","3393","FollowTarget","SimpleChar","79866560","SimpleChar:79866560","Malfunctioning Cleaning Robot","","","","","NpcPath","3601.81812","52.1349983","787.004211","3601.72632","52.5","787.877258","","24","base_unknown=0;follow_type=1;follow_unknown=24","2","base_unknown=0;follow_type=1;follow_unknown=24;path_count=2;decoded_path_count=2",""
"2026-07-21T19:57:44.0187371Z","IN","3400","FollowTarget","SimpleChar","79543CB6","SimpleChar:79543CB6","Malfunctioning Cleaning Robot","","","","","NpcPath","3596.979","51.7449989","783.935852","3596.05933","52.2449989","784.080383","","25","base_unknown=0;follow_type=1;follow_unknown=25","2","base_unknown=0;follow_type=1;follow_unknown=25;path_count=2;decoded_path_count=2",""
"2026-07-21T19:57:44.0187371Z","IN","3404","FollowTarget","SimpleChar","79543CB6","SimpleChar:79543CB6","Malfunctioning Cleaning Robot","","","","","NpcPath","3596.979","51.7449989","783.935852","3596.01855","52.2449989","783.710205","","25","base_unknown=0;follow_type=1;follow_unknown=25","2","base_unknown=0;follow_type=1;follow_unknown=25;path_count=2;decoded_path_count=2",""
"2026-07-21T19:57:44.0187371Z","IN","3398","FollowTarget","SimpleChar","797D36A5","SimpleChar:797D36A5","Malfunctioning Cleaning Robot","","","","","NpcPath","3596.81177","51.7449989","788.208923","3596.05518","51.7449989","788.482483","","25","base_unknown=0;follow_type=1;follow_unknown=25","2","base_unknown=0;follow_type=1;follow_unknown=25;path_count=2;decoded_path_count=2",""
"2026-07-21T19:57:44.0187371Z","IN","3402","FollowTarget","SimpleChar","797D36A5","SimpleChar:797D36A5","Malfunctioning Cleaning Robot","","","","","NpcPath","3596.81177","51.7449989","788.208923","3596.02612","52.2449989","788.745361","","25","base_unknown=0;follow_type=1;follow_unknown=25","2","base_unknown=0;follow_type=1;follow_unknown=25;path_count=2;decoded_path_count=2",""
"2026-07-21T19:57:44.0187371Z","IN","3399","FollowTarget","SimpleChar","7986655E","SimpleChar:7986655E","Malfunctioning Cleaning Robot","","","","","NpcPath","3600.99097","52.1349983","787.997803","3601.91113","52.5","787.71344","","24","base_unknown=0;follow_type=1;follow_unknown=24","2","base_unknown=0;follow_type=1;follow_unknown=24;path_count=2;decoded_path_count=2",""
"2026-07-21T19:57:44.0187371Z","IN","3403","FollowTarget","SimpleChar","7986655E","SimpleChar:7986655E","Malfunctioning Cleaning Robot","","","","","NpcPath","3600.99097","52.1349983","787.997803","3601.99463","52.5","787.700073","","24","base_unknown=0;follow_type=1;follow_unknown=24","2","base_unknown=0;follow_type=1;follow_unknown=24;path_count=2;decoded_path_count=2",""
"2026-07-21T19:57:44.0187371Z","IN","3401","FollowTarget","SimpleChar","79866560","SimpleChar:79866560","Malfunctioning Cleaning Robot","","","","","NpcPath","3601.81812","52.1349983","787.004211","3601.83081","52.5","787.752258","","24","base_unknown=0;follow_type=1;follow_unknown=24","2","base_unknown=0;follow_type=1;follow_unknown=24;path_count=2;decoded_path_count=2",""
"2026-07-21T19:57:44.0187371Z","IN","3405","FollowTarget","SimpleChar","79866560","SimpleChar:79866560","Malfunctioning Cleaning Robot","","","","","NpcPath","3601.81812","52.1349983","787.004211","3601.72974","52.5","787.869934","","24","base_unknown=0;follow_type=1;follow_unknown=24","2","base_unknown=0;follow_type=1;follow_unknown=24;path_count=2;decoded_path_count=2",""
"2026-07-21T19:57:44.3265499Z","IN","3408","FollowTarget","SimpleChar","79543CB6","SimpleChar:79543CB6","Malfunctioning Cleaning Robot","","","","","NpcPath","3596.979","51.7449989","783.935852","3596.10522","51.7449989","783.924805","","25","base_unknown=0;follow_type=1;follow_unknown=25","2","base_unknown=0;follow_type=1;follow_unknown=25;path_count=2;decoded_path_count=2",""
"2026-07-21T19:57:44.3265499Z","IN","3407","FollowTarget","SimpleChar","797D36A5","SimpleChar:797D36A5","Malfunctioning Cleaning Robot","","","","","NpcPath","3596.81177","51.7449989","788.208923","3596.05518","51.7449989","788.482483","","25","base_unknown=0;follow_type=1;follow_unknown=25","2","base_unknown=0;follow_type=1;follow_unknown=25;path_count=2;decoded_path_count=2",""
"2026-07-21T19:57:44.3265499Z","IN","3410","FollowTarget","SimpleChar","79866560","SimpleChar:79866560","Malfunctioning Cleaning Robot","","","","","NpcPath","3601.81812","52.1349983","787.004211","3601.84351","52.5","787.74408","","24","base_unknown=0;follow_type=1;follow_unknown=24","2","base_unknown=0;follow_type=1;follow_unknown=24;path_count=2;decoded_path_count=2",""
"2026-07-21T19:57:44.4564662Z","IN","3413","FollowTarget","SimpleChar","79543CB6","SimpleChar:79543CB6","Malfunctioning Cleaning Robot","","","","","NpcPath","3596.979","51.7449989","783.935852","3596.10522","51.7449989","783.924805","","25","base_unknown=0;follow_type=1;follow_unknown=25","2","base_unknown=0;follow_type=1;follow_unknown=25;path_count=2;decoded_path_count=2",""
"2026-07-21T19:57:44.4564662Z","IN","3412","FollowTarget","SimpleChar","797D36A5","SimpleChar:797D36A5","Malfunctioning Cleaning Robot","","","","","NpcPath","3596.81177","51.7449989","788.208923","3596.05518","51.7449989","788.482483","","25","base_unknown=0;follow_type=1;follow_unknown=25","2","base_unknown=0;follow_type=1;follow_unknown=25;path_count=2;decoded_path_count=2",""
"2026-07-21T19:57:44.4564662Z","IN","3414","FollowTarget","SimpleChar","79866560","SimpleChar:79866560","Malfunctioning Cleaning Robot","","","","","NpcPath","3601.81812","52.1349983","787.004211","3601.81299","52.5","787.765503","","24","base_unknown=0;follow_type=1;follow_unknown=24","2","base_unknown=0;follow_type=1;follow_unknown=24;path_count=2;decoded_path_count=2",""
"2026-07-21T19:57:44.6623388Z","IN","3418","FollowTarget","SimpleChar","79543CB6","SimpleChar:79543CB6","Malfunctioning Cleaning Robot","","","","","NpcPath","3596.979","51.7449989","783.935852","3596.0459","52.2449989","784.100159","","25","base_unknown=0;follow_type=1;follow_unknown=25","2","base_unknown=0;follow_type=1;follow_unknown=25;path_count=2;decoded_path_count=2",""
"2026-07-21T19:57:44.6623388Z","IN","3417","FollowTarget","SimpleChar","797D36A5","SimpleChar:797D36A5","Malfunctioning Cleaning Robot","","","","","NpcPath","3596.81177","51.7449989","788.208923","3596.05518","51.7449989","788.482483","","25","base_unknown=0;follow_type=1;follow_unknown=25","2","base_unknown=0;follow_type=1;follow_unknown=25;path_count=2;decoded_path_count=2",""
"2026-07-21T19:57:44.6623388Z","IN","3416","FollowTarget","SimpleChar","7986655D","SimpleChar:7986655D","Malfunctioning Cleaning Robot","","","","","NpcPath","3610.06934","52.1349983","778.796509","3610.77271","52.5","777.804138","","24","base_unknown=0;follow_type=1;follow_unknown=24","2","base_unknown=0;follow_type=1;follow_unknown=24;path_count=2;decoded_path_count=2",""
"2026-07-21T19:57:44.6623388Z","IN","3419","FollowTarget","SimpleChar","79866560","SimpleChar:79866560","Malfunctioning Cleaning Robot","","","","","NpcPath","3601.81812","52.1349983","787.004211","3601.7002","52.5","787.98877","","24","base_unknown=0;follow_type=1;follow_unknown=24","2","base_unknown=0;follow_type=1;follow_unknown=24;path_count=2;decoded_path_count=2",""
"2026-07-21T19:57:45.0680900Z","IN","3425","FollowTarget","SimpleChar","79543CB6","SimpleChar:79543CB6","Malfunctioning Cleaning Robot","","","","","NpcPath","3596.979","51.7449989","783.935852","3596.05151","52.2449989","783.749756","","25","base_unknown=0;follow_type=1;follow_unknown=25","2","base_unknown=0;follow_type=1;follow_unknown=25;path_count=2;decoded_path_count=2",""
"2026-07-21T19:57:45.0680900Z","IN","3429","FollowTarget","SimpleChar","79543CB6","SimpleChar:79543CB6","Malfunctioning Cleaning Robot","","","","","NpcPath","3596.979","51.7449989","783.935852","3596.09814","52.2449989","783.856201","","25","base_unknown=0;follow_type=1;follow_unknown=25","2","base_unknown=0;follow_type=1;follow_unknown=25;path_count=2;decoded_path_count=2",""
"2026-07-21T19:57:45.0680900Z","IN","3424","FollowTarget","SimpleChar","797D36A5","SimpleChar:797D36A5","Malfunctioning Cleaning Robot","","","","","NpcPath","3596.81177","51.7449989","788.208923","3596.05518","51.7449989","788.482483","","25","base_unknown=0;follow_type=1;follow_unknown=25","2","base_unknown=0;follow_type=1;follow_unknown=25;path_count=2;decoded_path_count=2",""
"2026-07-21T19:57:45.0680900Z","IN","3428","FollowTarget","SimpleChar","797D36A5","SimpleChar:797D36A5","Malfunctioning Cleaning Robot","","","","","NpcPath","3596.81177","51.7449989","788.208923","3596.05518","51.7449989","788.482483","","25","base_unknown=0;follow_type=1;follow_unknown=25","2","base_unknown=0;follow_type=1;follow_unknown=25;path_count=2;decoded_path_count=2",""
"2026-07-21T19:57:45.0680900Z","IN","3427","FollowTarget","SimpleChar","7986655D","SimpleChar:7986655D","Malfunctioning Cleaning Robot","","","","","NpcPath","3610.19727","51.9249954","778.615967","3610.72095","52.5","777.889648","","24","base_unknown=0;follow_type=1;follow_unknown=24","2","base_unknown=0;follow_type=1;follow_unknown=24;path_count=2;decoded_path_count=2",""
"2026-07-21T19:57:45.0680900Z","IN","3426","FollowTarget","SimpleChar","79866560","SimpleChar:79866560","Malfunctioning Cleaning Robot","","","","","NpcPath","3601.81812","52.1349983","787.004211","3601.85938","52.5","787.735046","","24","base_unknown=0;follow_type=1;follow_unknown=24","2","base_unknown=0;follow_type=1;follow_unknown=24;path_count=2;decoded_path_count=2",""
"2026-07-21T19:57:45.0680900Z","IN","3430","FollowTarget","SimpleChar","79866560","SimpleChar:79866560","Malfunctioning Cleaning Robot","","","","","NpcPath","3601.81812","52.1349983","787.004211","3601.70459","52.5","787.947266","","24","base_unknown=0;follow_type=1;follow_unknown=24","2","base_unknown=0;follow_type=1;follow_unknown=24;path_count=2;decoded_path_count=2",""
"2026-07-21T19:57:45.4868313Z","IN","3434","FollowTarget","SimpleChar","79543CB6","SimpleChar:79543CB6","Malfunctioning Cleaning Robot","","","","","NpcPath","3596.979","51.7449989","783.935852","3596.10522","51.7449989","783.924805","","25","base_unknown=0;follow_type=1;follow_unknown=25","2","base_unknown=0;follow_type=1;follow_unknown=25;path_count=2;decoded_path_count=2",""
"2026-07-21T19:57:45.4868313Z","IN","3433","FollowTarget","SimpleChar","797D36A5","SimpleChar:797D36A5","Malfunctioning Cleaning Robot","","","","","NpcPath","3596.81177","51.7449989","788.208923","3596.05518","51.7449989","788.482483","","25","base_unknown=0;follow_type=1;follow_unknown=25","2","base_unknown=0;follow_type=1;follow_unknown=25;path_count=2;decoded_path_count=2",""
"2026-07-21T19:57:45.4868313Z","IN","3431","FollowTarget","SimpleChar","7986655D","SimpleChar:7986655D","Malfunctioning Cleaning Robot","","","","","NpcPath","3610.19727","51.9249954","778.615967","3610.88037","52.5","778.275085","","24","base_unknown=0;follow_type=1;follow_unknown=24","2","base_unknown=0;follow_type=1;follow_unknown=24;path_count=2;decoded_path_count=2",""
"2026-07-21T19:57:45.4868313Z","IN","3436","FollowTarget","SimpleChar","7986655D","SimpleChar:7986655D","Malfunctioning Cleaning Robot","","","","","NpcPath","3610.19727","51.9249954","778.615967","3610.86621","52.5","778.268494","","24","base_unknown=0;follow_type=1;follow_unknown=24","2","base_unknown=0;follow_type=1;follow_unknown=24;path_count=2;decoded_path_count=2",""
"2026-07-21T19:57:45.4868313Z","IN","3435","FollowTarget","SimpleChar","79866560","SimpleChar:79866560","Malfunctioning Cleaning Robot","","","","","NpcPath","3601.81812","52.1349983","787.004211","3602.25879","52.5","787.848389","","24","base_unknown=0;follow_type=1;follow_unknown=24","2","base_unknown=0;follow_type=1;follow_unknown=24;path_count=2;decoded_path_count=2",""
"2026-07-21T19:57:45.4878305Z","IN","3438","FollowTarget","SimpleChar","79543CB6","SimpleChar:79543CB6","Malfunctioning Cleaning Robot","","","","","NpcPath","3596.979","51.7449989","783.935852","3596.09888","52.2449989","783.981812","","25","base_unknown=0;follow_type=1;follow_unknown=25","2","base_unknown=0;follow_type=1;follow_unknown=25;path_count=2;decoded_path_count=2",""
"2026-07-21T19:57:45.4878305Z","IN","3437","FollowTarget","SimpleChar","797D36A5","SimpleChar:797D36A5","Malfunctioning Cleaning Robot","","","","","NpcPath","3596.81177","51.7449989","788.208923","3596.05518","51.7449989","788.482483","","25","base_unknown=0;follow_type=1;follow_unknown=25","2","base_unknown=0;follow_type=1;follow_unknown=25;path_count=2;decoded_path_count=2",""
"2026-07-21T19:57:45.4878305Z","IN","3439","FollowTarget","SimpleChar","79866560","SimpleChar:79866560","Malfunctioning Cleaning Robot","","","","","NpcPath","3601.81812","52.1349983","787.004211","3601.96143","52.5","787.702515","","24","base_unknown=0;follow_type=1;follow_unknown=24","2","base_unknown=0;follow_type=1;follow_unknown=24;path_count=2;decoded_path_count=2",""
"2026-07-21T19:57:45.9045744Z","IN","3441","FollowTarget","SimpleChar","797D36A5","SimpleChar:797D36A5","Malfunctioning Cleaning Robot","","","","","NpcPath","3596.81177","51.7449989","788.208923","3596.05518","51.7449989","788.482483","","25","base_unknown=0;follow_type=1;follow_unknown=25","2","base_unknown=0;follow_type=1;follow_unknown=25;path_count=2;decoded_path_count=2",""
"2026-07-21T19:57:45.9045744Z","IN","3440","FollowTarget","SimpleChar","7986655D","SimpleChar:7986655D","Malfunctioning Cleaning Robot","","","","","NpcPath","3610.19727","51.9249954","778.615967","3610.7627","51.9778214","778.182129","","24","base_unknown=0;follow_type=1;follow_unknown=24","2","base_unknown=0;follow_type=1;follow_unknown=24;path_count=2;decoded_path_count=2",""
"2026-07-21T19:57:45.9055730Z","IN","3442","FollowTarget","SimpleChar","79543CB6","SimpleChar:79543CB6","Malfunctioning Cleaning Robot","","","","","NpcPath","3596.979","51.7449989","783.935852","3596.10449","52.2449989","783.941162","","25","base_unknown=0;follow_type=1;follow_unknown=25","2","base_unknown=0;follow_type=1;follow_unknown=25;path_count=2;decoded_path_count=2",""
"2026-07-21T19:57:45.9055730Z","IN","3450","FollowTarget","SimpleChar","79543CB6","SimpleChar:79543CB6","Malfunctioning Cleaning Robot","","","","","NpcPath","3596.979","51.7449989","783.935852","3596.10522","51.7449989","783.924805","","25","base_unknown=0;follow_type=1;follow_unknown=25","2","base_unknown=0;follow_type=1;follow_unknown=25;path_count=2;decoded_path_count=2",""
"2026-07-21T19:57:45.9055730Z","IN","3449","FollowTarget","SimpleChar","797D36A5","SimpleChar:797D36A5","Malfunctioning Cleaning Robot","","","","","NpcPath","3596.81177","51.7449989","788.208923","3596.05518","51.7449989","788.482483","","25","base_unknown=0;follow_type=1;follow_unknown=25","2","base_unknown=0;follow_type=1;follow_unknown=25;path_count=2;decoded_path_count=2",""
"2026-07-21T19:57:45.9055730Z","IN","3448","FollowTarget","SimpleChar","7986655D","SimpleChar:7986655D","Malfunctioning Cleaning Robot","","","","","NpcPath","3610.19727","51.9249954","778.615967","3611.16528","52.5","778.250366","","24","base_unknown=0;follow_type=1;follow_unknown=24","2","base_unknown=0;follow_type=1;follow_unknown=24;path_count=2;decoded_path_count=2",""
"2026-07-21T19:57:45.9055730Z","IN","3443","FollowTarget","SimpleChar","79866560","SimpleChar:79866560","Malfunctioning Cleaning Robot","","","","","NpcPath","3601.81812","52.1349983","787.004211","3601.80566","52.5","787.771423","","24","base_unknown=0;follow_type=1;follow_unknown=24","2","base_unknown=0;follow_type=1;follow_unknown=24;path_count=2;decoded_path_count=2",""
"2026-07-21T19:57:45.9055730Z","IN","3451","FollowTarget","SimpleChar","79866560","SimpleChar:79866560","Malfunctioning Cleaning Robot","","","","","NpcPath","3601.81812","52.1349983","787.004211","3601.75781","52.5","787.82312","","24","base_unknown=0;follow_type=1;follow_unknown=24","2","base_unknown=0;follow_type=1;follow_unknown=24;path_count=2;decoded_path_count=2",""
"2026-07-21T19:57:46.3173194Z","IN","3455","FollowTarget","SimpleChar","79543CB6","SimpleChar:79543CB6","Malfunctioning Cleaning Robot","","","","","NpcPath","3596.979","51.7449989","783.935852","3596.10522","51.7449989","783.924805","","25","base_unknown=0;follow_type=1;follow_unknown=25","2","base_unknown=0;follow_type=1;follow_unknown=25;path_count=2;decoded_path_count=2",""
"2026-07-21T19:57:46.3173194Z","IN","3458","FollowTarget","SimpleChar","79543CB6","SimpleChar:79543CB6","Malfunctioning Cleaning Robot","","","","","NpcPath","3596.979","51.7449989","783.935852","3596.08838","52.2449989","784.019897","","25","base_unknown=0;follow_type=1;follow_unknown=25","2","base_unknown=0;follow_type=1;follow_unknown=25;path_count=2;decoded_path_count=2",""
"2026-07-21T19:57:46.3173194Z","IN","3454","FollowTarget","SimpleChar","797D36A5","SimpleChar:797D36A5","Malfunctioning Cleaning Robot","","","","","NpcPath","3596.81177","51.7449989","788.208923","3596.05518","51.7449989","788.482483","","25","base_unknown=0;follow_type=1;follow_unknown=25","2","base_unknown=0;follow_type=1;follow_unknown=25;path_count=2;decoded_path_count=2",""
"2026-07-21T19:57:46.3173194Z","IN","3457","FollowTarget","SimpleChar","797D36A5","SimpleChar:797D36A5","Malfunctioning Cleaning Robot","","","","","NpcPath","3596.81177","51.7449989","788.208923","3596.03101","52.2449989","788.431519","","25","base_unknown=0;follow_type=1;follow_unknown=25","2","base_unknown=0;follow_type=1;follow_unknown=25;path_count=2;decoded_path_count=2",""
"2026-07-21T19:57:46.3173194Z","IN","3456","FollowTarget","SimpleChar","79866560","SimpleChar:79866560","Malfunctioning Cleaning Robot","","","","","NpcPath","3601.81812","52.1349983","787.004211","3601.7002","52.5","787.990417","","24","base_unknown=0;follow_type=1;follow_unknown=24","2","base_unknown=0;follow_type=1;follow_unknown=24;path_count=2;decoded_path_count=2",""
"2026-07-21T19:57:46.3173194Z","IN","3459","FollowTarget","SimpleChar","79866560","SimpleChar:79866560","Malfunctioning Cleaning Robot","","","","","NpcPath","3601.81812","52.1349983","787.004211","3602.17822","52.5","787.758606","","24","base_unknown=0;follow_type=1;follow_unknown=24","2","base_unknown=0;follow_type=1;follow_unknown=24;path_count=2;decoded_path_count=2",""
"2026-07-21T19:57:46.5821556Z","IN","3465","FollowTarget","SimpleChar","79543CB6","SimpleChar:79543CB6","Malfunctioning Cleaning Robot","","","","","NpcPath","3596.979","51.7449989","783.935852","3596.10522","51.7449989","783.924805","","25","base_unknown=0;follow_type=1;follow_unknown=25","2","base_unknown=0;follow_type=1;follow_unknown=25;path_count=2;decoded_path_count=2",""
"2026-07-21T19:57:46.5821556Z","IN","3464","FollowTarget","SimpleChar","797D36A5","SimpleChar:797D36A5","Malfunctioning Cleaning Robot","","","","","NpcPath","3596.81177","51.7449989","788.208923","3596.04541","52.2449989","788.7099","","25","base_unknown=0;follow_type=1;follow_unknown=25","2","base_unknown=0;follow_type=1;follow_unknown=25;path_count=2;decoded_path_count=2",""
"2026-07-21T19:57:46.5821556Z","IN","3466","FollowTarget","SimpleChar","79866560","SimpleChar:79866560","Malfunctioning Cleaning Robot","","","","","NpcPath","3601.81812","52.1349983","787.004211","3601.8689","52.5","787.730164","","24","base_unknown=0;follow_type=1;follow_unknown=24","2","base_unknown=0;follow_type=1;follow_unknown=24;path_count=2;decoded_path_count=2",""
"2026-07-21T19:57:47.0258826Z","IN","3473","FollowTarget","SimpleChar","79543CB6","SimpleChar:79543CB6","Malfunctioning Cleaning Robot","","","","","NpcPath","3596.979","51.7449989","783.935852","3596.10522","51.7449989","783.924805","","25","base_unknown=0;follow_type=1;follow_unknown=25","2","base_unknown=0;follow_type=1;follow_unknown=25;path_count=2;decoded_path_count=2",""
"2026-07-21T19:57:47.0258826Z","IN","3476","FollowTarget","SimpleChar","79543CB6","SimpleChar:79543CB6","Malfunctioning Cleaning Robot","","","","","NpcPath","3596.979","51.7449989","783.935852","3596.02563","52.2449989","783.717407","","25","base_unknown=0;follow_type=1;follow_unknown=25","2","base_unknown=0;follow_type=1;follow_unknown=25;path_count=2;decoded_path_count=2",""
"2026-07-21T19:57:47.0258826Z","IN","3471","FollowTarget","SimpleChar","797D36A5","SimpleChar:797D36A5","Malfunctioning Cleaning Robot","","","","","NpcPath","3596.81177","51.7449989","788.208923","3596.05518","51.7449989","788.482483","","25","base_unknown=0;follow_type=1;follow_unknown=25","2","base_unknown=0;follow_type=1;follow_unknown=25;path_count=2;decoded_path_count=2",""
"2026-07-21T19:57:47.0258826Z","IN","3475","FollowTarget","SimpleChar","797D36A5","SimpleChar:797D36A5","Malfunctioning Cleaning Robot","","","","","NpcPath","3596.81177","51.7449989","788.208923","3596.0686","52.2449989","788.635559","","25","base_unknown=0;follow_type=1;follow_unknown=25","2","base_unknown=0;follow_type=1;follow_unknown=25;path_count=2;decoded_path_count=2",""
"2026-07-21T19:57:47.0258826Z","IN","3474","FollowTarget","SimpleChar","79866560","SimpleChar:79866560","Malfunctioning Cleaning Robot","","","","","NpcPath","3601.81812","52.1349983","787.004211","3602.12036","52.5","787.725159","","24","base_unknown=0;follow_type=1;follow_unknown=24","2","base_unknown=0;follow_type=1;follow_unknown=24;path_count=2;decoded_path_count=2",""
"2026-07-21T19:57:47.0258826Z","IN","3477","FollowTarget","SimpleChar","79866560","SimpleChar:79866560","Malfunctioning Cleaning Robot","","","","","NpcPath","3601.81812","52.1349983","787.004211","3602.00488","52.5","787.700012","","24","base_unknown=0;follow_type=1;follow_unknown=24","2","base_unknown=0;follow_type=1;follow_unknown=24;path_count=2;decoded_path_count=2",""
"2026-07-21T19:57:47.2197623Z","IN","3479","FollowTarget","SimpleChar","79543CB6","SimpleChar:79543CB6","Malfunctioning Cleaning Robot","","","","","NpcPath","3596.979","51.7449989","783.935852","3596.10522","51.7449989","783.924805","","25","base_unknown=0;follow_type=1;follow_unknown=25","2","base_unknown=0;follow_type=1;follow_unknown=25;path_count=2;decoded_path_count=2",""
"2026-07-21T19:57:47.2197623Z","IN","3478","FollowTarget","SimpleChar","797D36A5","SimpleChar:797D36A5","Malfunctioning Cleaning Robot","","","","","NpcPath","3596.81177","51.7449989","788.208923","3596.0647","52.2449989","788.653931","","25","base_unknown=0;follow_type=1;follow_unknown=25","2","base_unknown=0;follow_type=1;follow_unknown=25;path_count=2;decoded_path_count=2",""
"2026-07-21T19:57:47.2197623Z","IN","3480","FollowTarget","SimpleChar","79866560","SimpleChar:79866560","Malfunctioning Cleaning Robot","","","","","NpcPath","3601.81812","52.1349983","787.004211","3601.91113","52.5","787.713501","","24","base_unknown=0;follow_type=1;follow_unknown=24","2","base_unknown=0;follow_type=1;follow_unknown=24;path_count=2;decoded_path_count=2",""
"2026-07-21T19:57:47.6345064Z","IN","3481","FollowTarget","SimpleChar","797D36A5","SimpleChar:797D36A5","Malfunctioning Cleaning Robot","","","","","NpcPath","3596.81177","51.7449989","788.208923","3596.05518","51.7449989","788.482483","","25","base_unknown=0;follow_type=1;follow_unknown=25","2","base_unknown=0;follow_type=1;follow_unknown=25;path_count=2;decoded_path_count=2",""
"2026-07-21T19:57:47.6355064Z","IN","3482","FollowTarget","SimpleChar","79543CB6","SimpleChar:79543CB6","Malfunctioning Cleaning Robot","","","","","NpcPath","3596.979","51.7449989","783.935852","3596.10522","51.7449989","783.924805","","25","base_unknown=0;follow_type=1;follow_unknown=25","2","base_unknown=0;follow_type=1;follow_unknown=25;path_count=2;decoded_path_count=2",""
"2026-07-21T19:57:47.6355064Z","IN","3485","FollowTarget","SimpleChar","79543CB6","SimpleChar:79543CB6","Malfunctioning Cleaning Robot","","","","","NpcPath","3596.979","51.7449989","783.935852","3596.10474","52.2449989","783.90564","","25","base_unknown=0;follow_type=1;follow_unknown=25","2","base_unknown=0;follow_type=1;follow_unknown=25;path_count=2;decoded_path_count=2",""
"2026-07-21T19:57:47.6355064Z","IN","3484","FollowTarget","SimpleChar","797D36A5","SimpleChar:797D36A5","Malfunctioning Cleaning Robot","","","","","NpcPath","3596.81177","51.7449989","788.208923","3596.05518","51.7449989","788.482483","","25","base_unknown=0;follow_type=1;follow_unknown=25","2","base_unknown=0;follow_type=1;follow_unknown=25;path_count=2;decoded_path_count=2",""
"2026-07-21T19:57:47.6355064Z","IN","3483","FollowTarget","SimpleChar","79866560","SimpleChar:79866560","Malfunctioning Cleaning Robot","","","","","NpcPath","3601.81812","52.1349983","787.004211","3601.78857","52.5","787.78717","","24","base_unknown=0;follow_type=1;follow_unknown=24","2","base_unknown=0;follow_type=1;follow_unknown=24;path_count=2;decoded_path_count=2",""
"2026-07-21T19:57:47.6355064Z","IN","3486","FollowTarget","SimpleChar","79866560","SimpleChar:79866560","Malfunctioning Cleaning Robot","","","","","NpcPath","3601.81812","52.1349983","787.004211","3602.28809","52.5","787.916199","","24","base_unknown=0;follow_type=1;follow_unknown=24","2","base_unknown=0;follow_type=1;follow_unknown=24;path_count=2;decoded_path_count=2",""
"2026-07-21T19:57:47.8983443Z","IN","3492","FollowTarget","SimpleChar","79543CB6","SimpleChar:79543CB6","Malfunctioning Cleaning Robot","","","","","NpcPath","3596.979","51.7449989","783.935852","3596.10522","51.7449989","783.924805","","25","base_unknown=0;follow_type=1;follow_unknown=25","2","base_unknown=0;follow_type=1;follow_unknown=25;path_count=2;decoded_path_count=2",""
"2026-07-21T19:57:47.8983443Z","IN","3491","FollowTarget","SimpleChar","797D36A5","SimpleChar:797D36A5","Malfunctioning Cleaning Robot","","","","","NpcPath","3596.81177","51.7449989","788.208923","3596.05518","51.7449989","788.482483","","25","base_unknown=0;follow_type=1;follow_unknown=25","2","base_unknown=0;follow_type=1;follow_unknown=25;path_count=2;decoded_path_count=2",""
"2026-07-21T19:57:48.3040949Z","IN","3494","FollowTarget","SimpleChar","79543CB6","SimpleChar:79543CB6","Malfunctioning Cleaning Robot","","","","","NpcPath","3596.979","51.7449989","783.935852","3596.04175","52.2449989","784.105469","","25","base_unknown=0;follow_type=1;follow_unknown=25","2","base_unknown=0;follow_type=1;follow_unknown=25;path_count=2;decoded_path_count=2",""
"2026-07-21T19:57:48.3040949Z","IN","3498","FollowTarget","SimpleChar","79543CB6","SimpleChar:79543CB6","Malfunctioning Cleaning Robot","","","","","NpcPath","3596.979","51.7449989","783.935852","3596.10522","51.7449989","783.924805","","25","base_unknown=0;follow_type=1;follow_unknown=25","2","base_unknown=0;follow_type=1;follow_unknown=25;path_count=2;decoded_path_count=2",""
"2026-07-21T19:57:48.3040949Z","IN","3493","FollowTarget","SimpleChar","797D36A5","SimpleChar:797D36A5","Malfunctioning Cleaning Robot","","","","","NpcPath","3596.81177","51.7449989","788.208923","3596.03198","52.2449989","788.433105","","25","base_unknown=0;follow_type=1;follow_unknown=25","2","base_unknown=0;follow_type=1;follow_unknown=25;path_count=2;decoded_path_count=2",""
"2026-07-21T19:57:48.3040949Z","IN","3496","FollowTarget","SimpleChar","797D36A5","SimpleChar:797D36A5","Malfunctioning Cleaning Robot","","","","","NpcPath","3596.81177","51.7449989","788.208923","3596.07275","52.2449989","788.59613","","25","base_unknown=0;follow_type=1;follow_unknown=25","2","base_unknown=0;follow_type=1;follow_unknown=25;path_count=2;decoded_path_count=2",""
"2026-07-21T19:57:48.7188380Z","IN","3502","FollowTarget","SimpleChar","79543CB6","SimpleChar:79543CB6","Malfunctioning Cleaning Robot","","","","","NpcPath","3596.979","51.7449989","783.935852","3596.10522","51.7449989","783.924805","","25","base_unknown=0;follow_type=1;follow_unknown=25","2","base_unknown=0;follow_type=1;follow_unknown=25;path_count=2;decoded_path_count=2",""
"2026-07-21T19:57:48.7188380Z","IN","3504","FollowTarget","SimpleChar","79543CB6","SimpleChar:79543CB6","Malfunctioning Cleaning Robot","","","","","NpcPath","3596.979","51.7449989","783.935852","3596.10522","51.7449989","783.924805","","25","base_unknown=0;follow_type=1;follow_unknown=25","2","base_unknown=0;follow_type=1;follow_unknown=25;path_count=2;decoded_path_count=2",""
"2026-07-21T19:57:48.7188380Z","IN","3501","FollowTarget","SimpleChar","797D36A5","SimpleChar:797D36A5","Malfunctioning Cleaning Robot","","","","","NpcPath","3596.81177","51.7449989","788.208923","3596.03149","52.2449989","788.432312","","25","base_unknown=0;follow_type=1;follow_unknown=25","2","base_unknown=0;follow_type=1;follow_unknown=25;path_count=2;decoded_path_count=2",""
"2026-07-21T19:57:48.7188380Z","IN","3503","FollowTarget","SimpleChar","797D36A5","SimpleChar:797D36A5","Malfunctioning Cleaning Robot","","","","","NpcPath","3596.81177","51.7449989","788.208923","3596.05518","51.7449989","788.482483","","25","base_unknown=0;follow_type=1;follow_unknown=25","2","base_unknown=0;follow_type=1;follow_unknown=25;path_count=2;decoded_path_count=2",""
"2026-07-21T19:57:48.9267097Z","IN","3510","FollowTarget","SimpleChar","79543CB6","SimpleChar:79543CB6","Malfunctioning Cleaning Robot","","","","","NpcPath","3596.979","51.7449989","783.935852","3596.01465","52.2449989","783.706177","","25","base_unknown=0;follow_type=1;follow_unknown=25","2","base_unknown=0;follow_type=1;follow_unknown=25;path_count=2;decoded_path_count=2",""
"2026-07-21T19:57:48.9267097Z","IN","3509","FollowTarget","SimpleChar","797D36A5","SimpleChar:797D36A5","Malfunctioning Cleaning Robot","","","","","NpcPath","3596.81177","51.7449989","788.208923","3596.05518","51.7449989","788.482483","","25","base_unknown=0;follow_type=1;follow_unknown=25","2","base_unknown=0;follow_type=1;follow_unknown=25;path_count=2;decoded_path_count=2",""
"2026-07-21T19:57:49.1405780Z","IN","3512","FollowTarget","SimpleChar","79543CB6","SimpleChar:79543CB6","Malfunctioning Cleaning Robot","","","","","NpcPath","3596.979","51.7449989","783.935852","3596.03198","52.2449989","783.724731","","25","base_unknown=0;follow_type=1;follow_unknown=25","2","base_unknown=0;follow_type=1;follow_unknown=25;path_count=2;decoded_path_count=2",""
"2026-07-21T19:57:49.1405780Z","IN","3511","FollowTarget","SimpleChar","797D36A5","SimpleChar:797D36A5","Malfunctioning Cleaning Robot","","","","","NpcPath","3596.81177","51.7449989","788.208923","3596.05518","51.7449989","788.482483","","25","base_unknown=0;follow_type=1;follow_unknown=25","2","base_unknown=0;follow_type=1;follow_unknown=25;path_count=2;decoded_path_count=2",""
"2026-07-21T19:57:49.3644414Z","IN","3514","FollowTarget","SimpleChar","79543CB6","SimpleChar:79543CB6","Malfunctioning Cleaning Robot","","","","","NpcPath","3596.979","51.7449989","783.935852","3596.06909","52.2449989","783.778564","","25","base_unknown=0;follow_type=1;follow_unknown=25","2","base_unknown=0;follow_type=1;follow_unknown=25;path_count=2;decoded_path_count=2",""
"2026-07-21T19:57:49.3644414Z","IN","3513","FollowTarget","SimpleChar","797D36A5","SimpleChar:797D36A5","Malfunctioning Cleaning Robot","","","","","NpcPath","3596.81177","51.7449989","788.208923","3596.05518","51.7449989","788.482483","","25","base_unknown=0;follow_type=1;follow_unknown=25","2","base_unknown=0;follow_type=1;follow_unknown=25;path_count=2;decoded_path_count=2",""
"2026-07-21T19:57:49.7571965Z","IN","3521","FollowTarget","SimpleChar","79543CB6","SimpleChar:79543CB6","Malfunctioning Cleaning Robot","","","","","NpcPath","3596.979","51.7449989","783.935852","3596.07007","52.2449989","783.780273","","25","base_unknown=0;follow_type=1;follow_unknown=25","2","base_unknown=0;follow_type=1;follow_unknown=25;path_count=2;decoded_path_count=2",""
"2026-07-21T19:57:49.7571965Z","IN","3525","FollowTarget","SimpleChar","79543CB6","SimpleChar:79543CB6","Malfunctioning Cleaning Robot","","","","","NpcPath","3596.979","51.7449989","783.935852","3596.03247","52.2449989","784.116699","","25","base_unknown=0;follow_type=1;follow_unknown=25","2","base_unknown=0;follow_type=1;follow_unknown=25;path_count=2;decoded_path_count=2",""
"2026-07-21T19:57:49.7571965Z","IN","3520","FollowTarget","SimpleChar","797D36A5","SimpleChar:797D36A5","Malfunctioning Cleaning Robot","","","","","NpcPath","3596.81177","51.7449989","788.208923","3596.05518","51.7449989","788.482483","","25","base_unknown=0;follow_type=1;follow_unknown=25","2","base_unknown=0;follow_type=1;follow_unknown=25;path_count=2;decoded_path_count=2",""
"2026-07-21T19:57:49.7571965Z","IN","3523","FollowTarget","SimpleChar","797D36A5","SimpleChar:797D36A5","Malfunctioning Cleaning Robot","","","","","NpcPath","3596.81177","51.7449989","788.208923","3596.03271","52.2449989","788.734375","","25","base_unknown=0;follow_type=1;follow_unknown=25","2","base_unknown=0;follow_type=1;follow_unknown=25;path_count=2;decoded_path_count=2",""
"2026-07-21T19:57:49.7571965Z","IN","3522","FollowTarget","SimpleChar","79866565","SimpleChar:79866565","Malfunctioning Cleaning Robot","","","","","NpcPath","3622.01611","51.7449989","798.282532","3622.74146","52.5","799.152283","","24","base_unknown=0;follow_type=1;follow_unknown=24","2","base_unknown=0;follow_type=1;follow_unknown=24;path_count=2;decoded_path_count=2",""
"2026-07-21T19:57:50.1799390Z","IN","3531","FollowTarget","SimpleChar","79543CB6","SimpleChar:79543CB6","Malfunctioning Cleaning Robot","","","","","NpcPath","3596.979","51.7449989","783.935852","3596.01855","52.2449989","783.710144","","25","base_unknown=0;follow_type=1;follow_unknown=25","2","base_unknown=0;follow_type=1;follow_unknown=25;path_count=2;decoded_path_count=2",""
"2026-07-21T19:57:50.1799390Z","IN","3535","FollowTarget","SimpleChar","79543CB6","SimpleChar:79543CB6","Malfunctioning Cleaning Robot","","","","","NpcPath","3596.979","51.7449989","783.935852","3596.10522","51.7449989","783.924805","","25","base_unknown=0;follow_type=1;follow_unknown=25","2","base_unknown=0;follow_type=1;follow_unknown=25;path_count=2;decoded_path_count=2",""
"2026-07-21T19:57:50.1799390Z","IN","3530","FollowTarget","SimpleChar","797D36A5","SimpleChar:797D36A5","Malfunctioning Cleaning Robot","","","","","NpcPath","3596.81177","51.7449989","788.208923","3596.05518","51.7449989","788.482483","","25","base_unknown=0;follow_type=1;follow_unknown=25","2","base_unknown=0;follow_type=1;follow_unknown=25;path_count=2;decoded_path_count=2",""
"2026-07-21T19:57:50.1799390Z","IN","3534","FollowTarget","SimpleChar","797D36A5","SimpleChar:797D36A5","Malfunctioning Cleaning Robot","","","","","NpcPath","3596.81177","51.7449989","788.208923","3596.06641","52.2449989","788.647156","","25","base_unknown=0;follow_type=1;follow_unknown=25","2","base_unknown=0;follow_type=1;follow_unknown=25;path_count=2;decoded_path_count=2",""
"2026-07-21T19:57:50.1799390Z","IN","3532","FollowTarget","SimpleChar","79866565","SimpleChar:79866565","Malfunctioning Cleaning Robot","","","","","NpcPath","3622.11523","51.7449989","798.401489","3622.78052","52.5","798.795532","","24","base_unknown=0;follow_type=1;follow_unknown=24","2","base_unknown=0;follow_type=1;follow_unknown=24;path_count=2;decoded_path_count=2",""
"2026-07-21T19:57:50.1799390Z","IN","3536","FollowTarget","SimpleChar","79866565","SimpleChar:79866565","Malfunctioning Cleaning Robot","","","","","NpcPath","3622.11523","51.7449989","798.401489","3622.74561","52.5","798.840881","","24","base_unknown=0;follow_type=1;follow_unknown=24","2","base_unknown=0;follow_type=1;follow_unknown=24;path_count=2;decoded_path_count=2",""
"2026-07-21T19:57:50.5936814Z","IN","3538","FollowTarget","SimpleChar","79543CB6","SimpleChar:79543CB6","Malfunctioning Cleaning Robot","","","","","NpcPath","3596.979","51.7449989","783.935852","3596.10522","51.7449989","783.924805","","25","base_unknown=0;follow_type=1;follow_unknown=25","2","base_unknown=0;follow_type=1;follow_unknown=25;path_count=2;decoded_path_count=2",""
"2026-07-21T19:57:50.5936814Z","IN","3537","FollowTarget","SimpleChar","797D36A5","SimpleChar:797D36A5","Malfunctioning Cleaning Robot","","","","","NpcPath","3596.81177","51.7449989","788.208923","3596.04419","52.2449989","788.456299","","25","base_unknown=0;follow_type=1;follow_unknown=25","2","base_unknown=0;follow_type=1;follow_unknown=25;path_count=2;decoded_path_count=2",""
"2026-07-21T19:57:50.5946805Z","IN","3542","FollowTarget","SimpleChar","79543CB6","SimpleChar:79543CB6","Malfunctioning Cleaning Robot","","","","","NpcPath","3596.979","51.7449989","783.935852","3596.10522","51.7449989","783.924805","","25","base_unknown=0;follow_type=1;follow_unknown=25","2","base_unknown=0;follow_type=1;follow_unknown=25;path_count=2;decoded_path_count=2",""
"2026-07-21T19:57:50.5946805Z","IN","3541","FollowTarget","SimpleChar","797D36A5","SimpleChar:797D36A5","Malfunctioning Cleaning Robot","","","","","NpcPath","3596.81177","51.7449989","788.208923","3596.05518","51.7449989","788.482483","","25","base_unknown=0;follow_type=1;follow_unknown=25","2","base_unknown=0;follow_type=1;follow_unknown=25;path_count=2;decoded_path_count=2",""
"2026-07-21T19:57:50.5946805Z","IN","3540","FollowTarget","SimpleChar","7986655D","SimpleChar:7986655D","Malfunctioning Cleaning Robot","","","","","NpcPath","3608.02856","53.2449989","801.701355","3620.90845","52.5","784.285706","","24","base_unknown=0;follow_type=1;follow_unknown=24","2","base_unknown=0;follow_type=1;follow_unknown=24;path_count=2;decoded_path_count=2",""
"2026-07-21T19:57:50.5946805Z","IN","3539","FollowTarget","SimpleChar","79866565","SimpleChar:79866565","Malfunctioning Cleaning Robot","","","","","NpcPath","3622.11523","51.7449989","798.401489","3622.9873","52.5","798.700256","","24","base_unknown=0;follow_type=1;follow_unknown=24","2","base_unknown=0;follow_type=1;follow_unknown=24;path_count=2;decoded_path_count=2",""
"2026-07-21T19:57:50.5946805Z","IN","3543","FollowTarget","SimpleChar","79866565","SimpleChar:79866565","Malfunctioning Cleaning Robot","","","","","NpcPath","3622.11523","51.7449989","798.401489","3622.75171","52.5","799.168213","","24","base_unknown=0;follow_type=1;follow_unknown=24","2","base_unknown=0;follow_type=1;follow_unknown=24;path_count=2;decoded_path_count=2",""
"2026-07-21T19:57:50.8325337Z","IN","3545","FollowTarget","SimpleChar","79543CB6","SimpleChar:79543CB6","Malfunctioning Cleaning Robot","","","","","NpcPath","3596.979","51.7449989","783.935852","3596.10278","52.2449989","783.957886","","25","base_unknown=0;follow_type=1;follow_unknown=25","2","base_unknown=0;follow_type=1;follow_unknown=25;path_count=2;decoded_path_count=2",""
"2026-07-21T19:57:50.8325337Z","IN","3544","FollowTarget","SimpleChar","797D36A5","SimpleChar:797D36A5","Malfunctioning Cleaning Robot","","","","","NpcPath","3596.81177","51.7449989","788.208923","3596.05518","51.7449989","788.482483","","25","base_unknown=0;follow_type=1;follow_unknown=25","2","base_unknown=0;follow_type=1;follow_unknown=25;path_count=2;decoded_path_count=2",""
"2026-07-21T19:57:50.8325337Z","IN","3546","FollowTarget","SimpleChar","79866565","SimpleChar:79866565","Malfunctioning Cleaning Robot","","","","","NpcPath","3622.11523","51.7449989","798.401489","3622.70801","52.5","799.068848","","24","base_unknown=0;follow_type=1;follow_unknown=24","2","base_unknown=0;follow_type=1;follow_unknown=24;path_count=2;decoded_path_count=2",""
"2026-07-21T19:57:51.2502758Z","IN","3552","FollowTarget","SimpleChar","79543CB6","SimpleChar:79543CB6","Malfunctioning Cleaning Robot","","","","","NpcPath","3596.979","51.7449989","783.935852","3596.052","52.2449989","783.750427","","25","base_unknown=0;follow_type=1;follow_unknown=25","2","base_unknown=0;follow_type=1;follow_unknown=25;path_count=2;decoded_path_count=2",""
"2026-07-21T19:57:51.2502758Z","IN","3551","FollowTarget","SimpleChar","797D36A5","SimpleChar:797D36A5","Malfunctioning Cleaning Robot","","","","","NpcPath","3596.81177","51.7449989","788.208923","3596.05518","51.7449989","788.482483","","25","base_unknown=0;follow_type=1;follow_unknown=25","2","base_unknown=0;follow_type=1;follow_unknown=25;path_count=2;decoded_path_count=2",""
"2026-07-21T19:57:51.2502758Z","IN","3554","FollowTarget","SimpleChar","797D36A5","SimpleChar:797D36A5","Malfunctioning Cleaning Robot","","","","","NpcPath","3596.81177","51.7449989","788.208923","3596.05518","51.7449989","788.482483","","25","base_unknown=0;follow_type=1;follow_unknown=25","2","base_unknown=0;follow_type=1;follow_unknown=25;path_count=2;decoded_path_count=2",""
"2026-07-21T19:57:51.2502758Z","IN","3553","FollowTarget","SimpleChar","79866565","SimpleChar:79866565","Malfunctioning Cleaning Robot","","","","","NpcPath","3622.11523","51.7449989","798.401489","3622.90723","52.5","798.714722","","24","base_unknown=0;follow_type=1;follow_unknown=24","2","base_unknown=0;follow_type=1;follow_unknown=24;path_count=2;decoded_path_count=2",""
"2026-07-21T19:57:51.2512754Z","IN","3555","FollowTarget","SimpleChar","79543CB6","SimpleChar:79543CB6","Malfunctioning Cleaning Robot","","","","","NpcPath","3596.979","51.7449989","783.935852","3596.10522","51.7449989","783.924805","","25","base_unknown=0;follow_type=1;follow_unknown=25","2","base_unknown=0;follow_type=1;follow_unknown=25;path_count=2;decoded_path_count=2",""
"2026-07-21T19:57:51.2512754Z","IN","3556","FollowTarget","SimpleChar","79866565","SimpleChar:79866565","Malfunctioning Cleaning Robot","","","","","NpcPath","3622.11523","51.7449989","798.401489","3622.76416","52.5","799.185303","","24","base_unknown=0;follow_type=1;follow_unknown=24","2","base_unknown=0;follow_type=1;follow_unknown=24;path_count=2;decoded_path_count=2",""
"2026-07-21T19:57:51.4481537Z","IN","3558","FollowTarget","SimpleChar","79543CB6","SimpleChar:79543CB6","Malfunctioning Cleaning Robot","","","","","NpcPath","3596.979","51.7449989","783.935852","3596.10522","51.7449989","783.924805","","25","base_unknown=0;follow_type=1;follow_unknown=25","2","base_unknown=0;follow_type=1;follow_unknown=25;path_count=2;decoded_path_count=2",""
"2026-07-21T19:57:51.4481537Z","IN","3557","FollowTarget","SimpleChar","797D36A5","SimpleChar:797D36A5","Malfunctioning Cleaning Robot","","","","","NpcPath","3596.81177","51.7449989","788.208923","3596.05518","51.7449989","788.482483","","25","base_unknown=0;follow_type=1;follow_unknown=25","2","base_unknown=0;follow_type=1;follow_unknown=25;path_count=2;decoded_path_count=2",""
"2026-07-21T19:57:51.4481537Z","IN","3559","FollowTarget","SimpleChar","79866565","SimpleChar:79866565","Malfunctioning Cleaning Robot","","","","","NpcPath","3622.13208","51.7449989","798.421753","3622.79517","52.5","798.780762","","24","base_unknown=0;follow_type=1;follow_unknown=24","2","base_unknown=0;follow_type=1;follow_unknown=24;path_count=2;decoded_path_count=2",""
"2026-07-21T19:57:51.6630220Z","IN","3561","FollowTarget","SimpleChar","79543CB6","SimpleChar:79543CB6","Malfunctioning Cleaning Robot","","","","","NpcPath","3596.979","51.7449989","783.935852","3596.10205","52.2449989","783.878357","","25","base_unknown=0;follow_type=1;follow_unknown=25","2","base_unknown=0;follow_type=1;follow_unknown=25;path_count=2;decoded_path_count=2",""
"2026-07-21T19:57:51.6630220Z","IN","3560","FollowTarget","SimpleChar","797D36A5","SimpleChar:797D36A5","Malfunctioning Cleaning Robot","","","","","NpcPath","3596.81177","51.7449989","788.208923","3596.01514","52.2449989","788.407471","","25","base_unknown=0;follow_type=1;follow_unknown=25","2","base_unknown=0;follow_type=1;follow_unknown=25;path_count=2;decoded_path_count=2",""
"2026-07-21T19:57:51.6630220Z","IN","3562","FollowTarget","SimpleChar","79866565","SimpleChar:79866565","Malfunctioning Cleaning Robot","","","","","NpcPath","3622.13208","51.7449989","798.421753","3622.83325","52.5","799.249451","","24","base_unknown=0;follow_type=1;follow_unknown=24","2","base_unknown=0;follow_type=1;follow_unknown=24;path_count=2;decoded_path_count=2",""
"2026-07-21T19:57:52.1187410Z","IN","3563","FollowTarget","SimpleChar","797D36A5","SimpleChar:797D36A5","Malfunctioning Cleaning Robot","","","","","NpcPath","3596.81177","51.7449989","788.208923","3596.05518","51.7449989","788.482483","","25","base_unknown=0;follow_type=1;follow_unknown=25","2","base_unknown=0;follow_type=1;follow_unknown=25;path_count=2;decoded_path_count=2",""
"2026-07-21T19:57:52.1197411Z","IN","3564","FollowTarget","SimpleChar","79543CB6","SimpleChar:79543CB6","Malfunctioning Cleaning Robot","","","","","NpcPath","3596.979","51.7449989","783.935852","3596.10522","51.7449989","783.924805","","25","base_unknown=0;follow_type=1;follow_unknown=25","2","base_unknown=0;follow_type=1;follow_unknown=25;path_count=2;decoded_path_count=2",""
"2026-07-21T19:57:52.1197411Z","IN","3570","FollowTarget","SimpleChar","79543CB6","SimpleChar:79543CB6","Malfunctioning Cleaning Robot","","","","","NpcPath","3596.979","51.7449989","783.935852","3596.10107","52.2449989","783.871338","","25","base_unknown=0;follow_type=1;follow_unknown=25","2","base_unknown=0;follow_type=1;follow_unknown=25;path_count=2;decoded_path_count=2",""
"2026-07-21T19:57:52.1197411Z","IN","3569","FollowTarget","SimpleChar","797D36A5","SimpleChar:797D36A5","Malfunctioning Cleaning Robot","","","","","NpcPath","3596.81177","51.7449989","788.208923","3596.05518","51.7449989","788.482483","","25","base_unknown=0;follow_type=1;follow_unknown=25","2","base_unknown=0;follow_type=1;follow_unknown=25;path_count=2;decoded_path_count=2",""
"2026-07-21T19:57:52.3276118Z","IN","3572","FollowTarget","SimpleChar","79543CB6","SimpleChar:79543CB6","Malfunctioning Cleaning Robot","","","","","NpcPath","3596.979","51.7449989","783.935852","3596.10522","51.7449989","783.924805","","25","base_unknown=0;follow_type=1;follow_unknown=25","2","base_unknown=0;follow_type=1;follow_unknown=25;path_count=2;decoded_path_count=2",""
"2026-07-21T19:57:52.3276118Z","IN","3571","FollowTarget","SimpleChar","797D36A5","SimpleChar:797D36A5","Malfunctioning Cleaning Robot","","","","","NpcPath","3596.81177","51.7449989","788.208923","3596.02563","52.2449989","788.422852","","25","base_unknown=0;follow_type=1;follow_unknown=25","2","base_unknown=0;follow_type=1;follow_unknown=25;path_count=2;decoded_path_count=2",""
"2026-07-21T19:57:52.5264901Z","IN","3578","FollowTarget","SimpleChar","79543CB6","SimpleChar:79543CB6","Malfunctioning Cleaning Robot","","","","","NpcPath","3596.979","51.7449989","783.935852","3596.10522","51.7449989","783.924805","","25","base_unknown=0;follow_type=1;follow_unknown=25","2","base_unknown=0;follow_type=1;follow_unknown=25;path_count=2;decoded_path_count=2",""
"2026-07-21T19:57:52.5264901Z","IN","3577","FollowTarget","SimpleChar","797D36A5","SimpleChar:797D36A5","Malfunctioning Cleaning Robot","","","","","NpcPath","3596.81177","51.7449989","788.208923","3596.05518","51.7449989","788.482483","","25","base_unknown=0;follow_type=1;follow_unknown=25","2","base_unknown=0;follow_type=1;follow_unknown=25;path_count=2;decoded_path_count=2",""
"2026-07-21T19:57:52.7333621Z","IN","3580","FollowTarget","SimpleChar","79543CB6","SimpleChar:79543CB6","Malfunctioning Cleaning Robot","","","","","NpcPath","3596.979","51.7449989","783.935852","3596.06738","52.2449989","784.06665","","25","base_unknown=0;follow_type=1;follow_unknown=25","2","base_unknown=0;follow_type=1;follow_unknown=25;path_count=2;decoded_path_count=2",""
"2026-07-21T19:57:52.7333621Z","IN","3579","FollowTarget","SimpleChar","797D36A5","SimpleChar:797D36A5","Malfunctioning Cleaning Robot","","","","","NpcPath","3596.81177","51.7449989","788.208923","3596.05298","52.2449989","788.476868","","25","base_unknown=0;follow_type=1;follow_unknown=25","2","base_unknown=0;follow_type=1;follow_unknown=25;path_count=2;decoded_path_count=2",""
"2026-07-21T19:57:52.9437336Z","IN","3586","FollowTarget","SimpleChar","79543CB6","SimpleChar:79543CB6","Malfunctioning Cleaning Robot","","","","","NpcPath","3596.979","51.7449989","783.935852","3596.10522","51.7449989","783.924805","","25","base_unknown=0;follow_type=1;follow_unknown=25","2","base_unknown=0;follow_type=1;follow_unknown=25;path_count=2;decoded_path_count=2",""
"2026-07-21T19:57:52.9437336Z","IN","3585","FollowTarget","SimpleChar","797D36A5","SimpleChar:797D36A5","Malfunctioning Cleaning Robot","","","","","NpcPath","3596.81177","51.7449989","788.208923","3596.03809","52.2449989","788.724609","","25","base_unknown=0;follow_type=1;follow_unknown=25","2","base_unknown=0;follow_type=1;follow_unknown=25;path_count=2;decoded_path_count=2",""
"2026-07-21T19:57:53.1536037Z","IN","3589","FollowTarget","SimpleChar","79543CB6","SimpleChar:79543CB6","Malfunctioning Cleaning Robot","","","","","NpcPath","3596.979","51.7449989","783.935852","3596.10522","51.7449989","783.924805","","25","base_unknown=0;follow_type=1;follow_unknown=25","2","base_unknown=0;follow_type=1;follow_unknown=25;path_count=2;decoded_path_count=2",""
"2026-07-21T19:57:53.1536037Z","IN","3587","FollowTarget","SimpleChar","797D36A5","SimpleChar:797D36A5","Malfunctioning Cleaning Robot","","","","","NpcPath","3596.81177","51.7449989","788.208923","3596.05249","52.2449989","788.693542","","25","base_unknown=0;follow_type=1;follow_unknown=25","2","base_unknown=0;follow_type=1;follow_unknown=25;path_count=2;decoded_path_count=2",""
"2026-07-21T19:57:53.1536037Z","IN","3588","FollowTarget","SimpleChar","7986655E","SimpleChar:7986655E","Malfunctioning Cleaning Robot","","","","","NpcPath","3601.05933","52.1349983","787.977539","3597.29517","52.5","772.05426","","24","base_unknown=0;follow_type=1;follow_unknown=24","2","base_unknown=0;follow_type=1;follow_unknown=24;path_count=2;decoded_path_count=2",""
"2026-07-21T19:57:53.3654725Z","IN","3591","FollowTarget","SimpleChar","79543CB6","SimpleChar:79543CB6","Malfunctioning Cleaning Robot","","","","","NpcPath","3596.979","51.7449989","783.935852","3596.03247","52.2449989","783.725098","","25","base_unknown=0;follow_type=1;follow_unknown=25","2","base_unknown=0;follow_type=1;follow_unknown=25;path_count=2;decoded_path_count=2",""
"2026-07-21T19:57:53.3654725Z","IN","3590","FollowTarget","SimpleChar","797D36A5","SimpleChar:797D36A5","Malfunctioning Cleaning Robot","","","","","NpcPath","3596.81177","51.7449989","788.208923","3596.05518","51.7449989","788.482483","","25","base_unknown=0;follow_type=1;follow_unknown=25","2","base_unknown=0;follow_type=1;follow_unknown=25;path_count=2;decoded_path_count=2",""
"2026-07-21T19:57:53.5633504Z","IN","3593","FollowTarget","SimpleChar","79543CB6","SimpleChar:79543CB6","Malfunctioning Cleaning Robot","","","","","NpcPath","3596.979","51.7449989","783.935852","3596.08691","52.2449989","784.024414","","25","base_unknown=0;follow_type=1;follow_unknown=25","2","base_unknown=0;follow_type=1;follow_unknown=25;path_count=2;decoded_path_count=2",""
"2026-07-21T19:57:53.5633504Z","IN","3592","FollowTarget","SimpleChar","797D36A5","SimpleChar:797D36A5","Malfunctioning Cleaning Robot","","","","","NpcPath","3596.81177","51.7449989","788.208923","3596.02319","52.2449989","788.750061","","25","base_unknown=0;follow_type=1;follow_unknown=25","2","base_unknown=0;follow_type=1;follow_unknown=25;path_count=2;decoded_path_count=2",""
"2026-07-21T19:57:53.8081995Z","IN","3596","FollowTarget","SimpleChar","79543CB6","SimpleChar:79543CB6","Malfunctioning Cleaning Robot","","","","","NpcPath","3596.979","51.7449989","783.935852","3596.05322","52.2449989","783.75238","","25","base_unknown=0;follow_type=1;follow_unknown=25","2","base_unknown=0;follow_type=1;follow_unknown=25;path_count=2;decoded_path_count=2",""
"2026-07-21T19:57:53.8081995Z","IN","3595","FollowTarget","SimpleChar","797D36A5","SimpleChar:797D36A5","Malfunctioning Cleaning Robot","","","","","NpcPath","3596.81177","51.7449989","788.208923","3596.05518","51.7449989","788.482483","","25","base_unknown=0;follow_type=1;follow_unknown=25","2","base_unknown=0;follow_type=1;follow_unknown=25;path_count=2;decoded_path_count=2",""
"2026-07-21T19:57:54.0200695Z","IN","3601","FollowTarget","SimpleChar","797D36A5","SimpleChar:797D36A5","Malfunctioning Cleaning Robot","","","","","NpcPath","3596.81177","51.7449989","788.208923","3596.05518","51.7449989","788.482483","","25","base_unknown=0;follow_type=1;follow_unknown=25","2","base_unknown=0;follow_type=1;follow_unknown=25;path_count=2;decoded_path_count=2",""
"2026-07-21T19:57:54.0210687Z","IN","3602","FollowTarget","SimpleChar","79543CB6","SimpleChar:79543CB6","Malfunctioning Cleaning Robot","","","","","NpcPath","3596.979","51.7449989","783.935852","3596.10522","51.7449989","783.924805","","25","base_unknown=0;follow_type=1;follow_unknown=25","2","base_unknown=0;follow_type=1;follow_unknown=25;path_count=2;decoded_path_count=2",""
"2026-07-21T19:57:54.2309388Z","IN","3606","FollowTarget","SimpleChar","79543CB6","SimpleChar:79543CB6","Malfunctioning Cleaning Robot","","","","","NpcPath","3596.979","51.7449989","783.935852","3596.10425","52.2449989","783.896545","","25","base_unknown=0;follow_type=1;follow_unknown=25","2","base_unknown=0;follow_type=1;follow_unknown=25;path_count=2;decoded_path_count=2",""
"2026-07-21T19:57:54.2309388Z","IN","3605","FollowTarget","SimpleChar","797D36A5","SimpleChar:797D36A5","Malfunctioning Cleaning Robot","","","","","NpcPath","3596.81177","51.7449989","788.208923","3596.07031","52.2449989","788.544983","","25","base_unknown=0;follow_type=1;follow_unknown=25","2","base_unknown=0;follow_type=1;follow_unknown=25;path_count=2;decoded_path_count=2",""
"2026-07-21T19:57:54.2309388Z","IN","3607","FollowTarget","SimpleChar","79866560","SimpleChar:79866560","Malfunctioning Cleaning Robot","","","","","NpcPath","3601.83032","52.1349983","787.02771","3610.75244","52.5","777.830688","","24","base_unknown=0;follow_type=1;follow_unknown=24","2","base_unknown=0;follow_type=1;follow_unknown=24;path_count=2;decoded_path_count=2",""
"2026-07-21T19:57:54.4817849Z","IN","3609","FollowTarget","SimpleChar","79543CB6","SimpleChar:79543CB6","Malfunctioning Cleaning Robot","","","","","NpcPath","3596.979","51.7449989","783.935852","3596.10522","51.7449989","783.924805","","25","base_unknown=0;follow_type=1;follow_unknown=25","2","base_unknown=0;follow_type=1;follow_unknown=25;path_count=2;decoded_path_count=2",""
"2026-07-21T19:57:54.4817849Z","IN","3608","FollowTarget","SimpleChar","797D36A5","SimpleChar:797D36A5","Malfunctioning Cleaning Robot","","","","","NpcPath","3596.81177","51.7449989","788.208923","3596.05518","51.7449989","788.482483","","25","base_unknown=0;follow_type=1;follow_unknown=25","2","base_unknown=0;follow_type=1;follow_unknown=25;path_count=2;decoded_path_count=2",""
"2026-07-21T19:57:54.6786627Z","IN","3611","FollowTarget","SimpleChar","79543CB6","SimpleChar:79543CB6","Malfunctioning Cleaning Robot","","","","","NpcPath","3596.979","51.7449989","783.935852","3596.10522","51.7449989","783.924805","","25","base_unknown=0;follow_type=1;follow_unknown=25","2","base_unknown=0;follow_type=1;follow_unknown=25;path_count=2;decoded_path_count=2",""
"2026-07-21T19:57:54.6786627Z","IN","3610","FollowTarget","SimpleChar","797D36A5","SimpleChar:797D36A5","Malfunctioning Cleaning Robot","","","","","NpcPath","3596.81177","51.7449989","788.208923","3596.02222","52.2449989","788.751465","","25","base_unknown=0;follow_type=1;follow_unknown=25","2","base_unknown=0;follow_type=1;follow_unknown=25;path_count=2;decoded_path_count=2",""
"2026-07-21T19:57:54.8785405Z","IN","3614","FollowTarget","SimpleChar","79543CB6","SimpleChar:79543CB6","Malfunctioning Cleaning Robot","","","","","NpcPath","3596.979","51.7449989","783.935852","3596.10522","51.7449989","783.924805","","25","base_unknown=0;follow_type=1;follow_unknown=25","2","base_unknown=0;follow_type=1;follow_unknown=25;path_count=2;decoded_path_count=2",""
"2026-07-21T19:57:54.8785405Z","IN","3613","FollowTarget","SimpleChar","797D36A5","SimpleChar:797D36A5","Malfunctioning Cleaning Robot","","","","","NpcPath","3596.81177","51.7449989","788.208923","3596.05518","51.7449989","788.482483","","25","base_unknown=0;follow_type=1;follow_unknown=25","2","base_unknown=0;follow_type=1;follow_unknown=25;path_count=2;decoded_path_count=2",""
"2026-07-21T19:57:55.1253873Z","IN","3620","FollowTarget","SimpleChar","79543CB6","SimpleChar:79543CB6","Malfunctioning Cleaning Robot","","","","","NpcPath","3596.979","51.7449989","783.935852","3596.05127","52.2449989","783.74939","","25","base_unknown=0;follow_type=1;follow_unknown=25","2","base_unknown=0;follow_type=1;follow_unknown=25;path_count=2;decoded_path_count=2",""
"2026-07-21T19:57:55.1253873Z","IN","3619","FollowTarget","SimpleChar","797D36A5","SimpleChar:797D36A5","Malfunctioning Cleaning Robot","","","","","NpcPath","3596.81177","51.7449989","788.208923","3596.05518","51.7449989","788.482483","","25","base_unknown=0;follow_type=1;follow_unknown=25","2","base_unknown=0;follow_type=1;follow_unknown=25;path_count=2;decoded_path_count=2",""
"2026-07-21T19:57:55.3722362Z","IN","3622","FollowTarget","SimpleChar","79543CB6","SimpleChar:79543CB6","Malfunctioning Cleaning Robot","","","","","NpcPath","3596.979","51.7449989","783.935852","3596.10522","51.7449989","783.924805","","25","base_unknown=0;follow_type=1;follow_unknown=25","2","base_unknown=0;follow_type=1;follow_unknown=25;path_count=2;decoded_path_count=2",""
"2026-07-21T19:57:55.3722362Z","IN","3621","FollowTarget","SimpleChar","797D36A5","SimpleChar:797D36A5","Malfunctioning Cleaning Robot","","","","","NpcPath","3596.81177","51.7449989","788.208923","3596.06006","52.2449989","788.497314","","25","base_unknown=0;follow_type=1;follow_unknown=25","2","base_unknown=0;follow_type=1;follow_unknown=25;path_count=2;decoded_path_count=2",""
"2026-07-21T19:57:55.5731115Z","IN","3630","FollowTarget","SimpleChar","79543CB6","SimpleChar:79543CB6","Malfunctioning Cleaning Robot","","","","","NpcPath","3596.979","51.7449989","783.935852","3596.09863","52.2449989","783.859253","","25","base_unknown=0;follow_type=1;follow_unknown=25","2","base_unknown=0;follow_type=1;follow_unknown=25;path_count=2;decoded_path_count=2",""
"2026-07-21T19:57:55.5731115Z","IN","3629","FollowTarget","SimpleChar","797D36A5","SimpleChar:797D36A5","Malfunctioning Cleaning Robot","","","","","NpcPath","3596.81177","51.7449989","788.208923","3596.06689","52.2449989","788.644165","","25","base_unknown=0;follow_type=1;follow_unknown=25","2","base_unknown=0;follow_type=1;follow_unknown=25;path_count=2;decoded_path_count=2",""
"2026-07-21T19:57:55.7729881Z","IN","3632","FollowTarget","SimpleChar","79543CB6","SimpleChar:79543CB6","Malfunctioning Cleaning Robot","","","","","NpcPath","3596.979","51.7449989","783.935852","3596.0813","52.2449989","784.038391","","25","base_unknown=0;follow_type=1;follow_unknown=25","2","base_unknown=0;follow_type=1;follow_unknown=25;path_count=2;decoded_path_count=2",""
"2026-07-21T19:57:55.7729881Z","IN","3631","FollowTarget","SimpleChar","797D36A5","SimpleChar:797D36A5","Malfunctioning Cleaning Robot","","","","","NpcPath","3596.81177","51.7449989","788.208923","3596.05518","51.7449989","788.482483","","25","base_unknown=0;follow_type=1;follow_unknown=25","2","base_unknown=0;follow_type=1;follow_unknown=25;path_count=2;decoded_path_count=2",""
"2026-07-21T19:57:56.2207129Z","IN","3638","FollowTarget","SimpleChar","79543CB6","SimpleChar:79543CB6","Malfunctioning Cleaning Robot","","","","","NpcPath","3596.979","51.7449989","783.935852","3596.07153","52.2449989","783.783081","","25","base_unknown=0;follow_type=1;follow_unknown=25","2","base_unknown=0;follow_type=1;follow_unknown=25;path_count=2;decoded_path_count=2",""
"2026-07-21T19:57:56.2207129Z","IN","3640","FollowTarget","SimpleChar","79543CB6","SimpleChar:79543CB6","Malfunctioning Cleaning Robot","","","","","NpcPath","3596.979","51.7449989","783.935852","3596.10522","51.7449989","783.924805","","25","base_unknown=0;follow_type=1;follow_unknown=25","2","base_unknown=0;follow_type=1;follow_unknown=25;path_count=2;decoded_path_count=2",""
"2026-07-21T19:57:56.2207129Z","IN","3637","FollowTarget","SimpleChar","797D36A5","SimpleChar:797D36A5","Malfunctioning Cleaning Robot","","","","","NpcPath","3596.81177","51.7449989","788.208923","3596.05273","52.2449989","788.475952","","25","base_unknown=0;follow_type=1;follow_unknown=25","2","base_unknown=0;follow_type=1;follow_unknown=25;path_count=2;decoded_path_count=2",""
"2026-07-21T19:57:56.2207129Z","IN","3639","FollowTarget","SimpleChar","797D36A5","SimpleChar:797D36A5","Malfunctioning Cleaning Robot","","","","","NpcPath","3596.81177","51.7449989","788.208923","3596.05518","51.7449989","788.482483","","25","base_unknown=0;follow_type=1;follow_unknown=25","2","base_unknown=0;follow_type=1;follow_unknown=25;path_count=2;decoded_path_count=2",""
"2026-07-21T19:57:56.4385784Z","IN","3643","FollowTarget","SimpleChar","79543CB6","SimpleChar:79543CB6","Malfunctioning Cleaning Robot","","","","","NpcPath","3596.979","51.7449989","783.935852","3596.10522","51.7449989","783.924805","","25","base_unknown=0;follow_type=1;follow_unknown=25","2","base_unknown=0;follow_type=1;follow_unknown=25;path_count=2;decoded_path_count=2",""
"2026-07-21T19:57:56.4385784Z","IN","3642","FollowTarget","SimpleChar","797D36A5","SimpleChar:797D36A5","Malfunctioning Cleaning Robot","","","","","NpcPath","3596.81177","51.7449989","788.208923","3596.07056","52.2449989","788.621704","","25","base_unknown=0;follow_type=1;follow_unknown=25","2","base_unknown=0;follow_type=1;follow_unknown=25;path_count=2;decoded_path_count=2",""
"2026-07-21T19:57:56.6394548Z","IN","3646","FollowTarget","SimpleChar","79543CB6","SimpleChar:79543CB6","Malfunctioning Cleaning Robot","","","","","NpcPath","3596.979","51.7449989","783.935852","3596.06494","52.2449989","784.071167","","25","base_unknown=0;follow_type=1;follow_unknown=25","2","base_unknown=0;follow_type=1;follow_unknown=25;path_count=2;decoded_path_count=2",""
"2026-07-21T19:57:56.6394548Z","IN","3644","FollowTarget","SimpleChar","797D36A5","SimpleChar:797D36A5","Malfunctioning Cleaning Robot","","","","","NpcPath","3596.81177","51.7449989","788.208923","3596.06714","52.2449989","788.525757","","25","base_unknown=0;follow_type=1;follow_unknown=25","2","base_unknown=0;follow_type=1;follow_unknown=25;path_count=2;decoded_path_count=2",""
"2026-07-21T19:57:56.8483255Z","IN","3648","FollowTarget","SimpleChar","79543CB6","SimpleChar:79543CB6","Malfunctioning Cleaning Robot","","","","","NpcPath","3596.979","51.7449989","783.935852","3596.07153","52.2449989","783.783081","","25","base_unknown=0;follow_type=1;follow_unknown=25","2","base_unknown=0;follow_type=1;follow_unknown=25;path_count=2;decoded_path_count=2",""
"2026-07-21T19:57:56.8483255Z","IN","3647","FollowTarget","SimpleChar","797D36A5","SimpleChar:797D36A5","Malfunctioning Cleaning Robot","","","","","NpcPath","3596.81177","51.7449989","788.208923","3596.05786","52.2449989","788.490295","","25","base_unknown=0;follow_type=1;follow_unknown=25","2","base_unknown=0;follow_type=1;follow_unknown=25;path_count=2;decoded_path_count=2",""
"2026-07-21T19:57:57.0482013Z","IN","3654","FollowTarget","SimpleChar","79543CB6","SimpleChar:79543CB6","Malfunctioning Cleaning Robot","","","","","NpcPath","3596.979","51.7449989","783.935852","3596.08691","52.2449989","783.818176","","25","base_unknown=0;follow_type=1;follow_unknown=25","2","base_unknown=0;follow_type=1;follow_unknown=25;path_count=2;decoded_path_count=2",""
"2026-07-21T19:57:57.0482013Z","IN","3653","FollowTarget","SimpleChar","797D36A5","SimpleChar:797D36A5","Malfunctioning Cleaning Robot","","","","","NpcPath","3596.81177","51.7449989","788.208923","3596.05518","51.7449989","788.482483","","25","base_unknown=0;follow_type=1;follow_unknown=25","2","base_unknown=0;follow_type=1;follow_unknown=25;path_count=2;decoded_path_count=2",""
"2026-07-21T19:57:57.2612419Z","IN","3656","FollowTarget","SimpleChar","79543CB6","SimpleChar:79543CB6","Malfunctioning Cleaning Robot","","","","","NpcPath","3596.979","51.7449989","783.935852","3596.10522","51.7449989","783.924805","","25","base_unknown=0;follow_type=1;follow_unknown=25","2","base_unknown=0;follow_type=1;follow_unknown=25;path_count=2;decoded_path_count=2",""
"2026-07-21T19:57:57.2612419Z","IN","3655","FollowTarget","SimpleChar","797D36A5","SimpleChar:797D36A5","Malfunctioning Cleaning Robot","","","","","NpcPath","3596.81177","51.7449989","788.208923","3596.05518","51.7449989","788.482483","","25","base_unknown=0;follow_type=1;follow_unknown=25","2","base_unknown=0;follow_type=1;follow_unknown=25;path_count=2;decoded_path_count=2",""
"2026-07-21T19:57:57.5320753Z","IN","3657","FollowTarget","SimpleChar","797D36A5","SimpleChar:797D36A5","Malfunctioning Cleaning Robot","","","","","NpcPath","3596.81177","51.7449989","788.208923","3596.05518","51.7449989","788.482483","","25","base_unknown=0;follow_type=1;follow_unknown=25","2","base_unknown=0;follow_type=1;follow_unknown=25;path_count=2;decoded_path_count=2",""
"2026-07-21T19:57:57.7779238Z","IN","3658","FollowTarget","SimpleChar","79543CB6","SimpleChar:79543CB6","Malfunctioning Cleaning Robot","","","","","NpcPath","3596.979","51.7449989","783.935852","3596.10522","51.7449989","783.924805","","25","base_unknown=0;follow_type=1;follow_unknown=25","2","base_unknown=0;follow_type=1;follow_unknown=25;path_count=2;decoded_path_count=2",""
"2026-07-21T19:57:57.7779238Z","IN","3660","FollowTarget","SimpleChar","79543CB6","SimpleChar:79543CB6","Malfunctioning Cleaning Robot","","","","","NpcPath","3596.979","51.7449989","783.935852","3596.10327","52.2449989","783.954041","","25","base_unknown=0;follow_type=1;follow_unknown=25","2","base_unknown=0;follow_type=1;follow_unknown=25;path_count=2;decoded_path_count=2",""
"2026-07-21T19:57:57.7779238Z","IN","3659","FollowTarget","SimpleChar","797D36A5","SimpleChar:797D36A5","Malfunctioning Cleaning Robot","","","","","NpcPath","3596.81177","51.7449989","788.208923","3596.05518","51.7449989","788.482483","","25","base_unknown=0;follow_type=1;follow_unknown=25","2","base_unknown=0;follow_type=1;follow_unknown=25;path_count=2;decoded_path_count=2",""
"2026-07-21T19:57:57.9847957Z","IN","3663","FollowTarget","SimpleChar","79543CB6","SimpleChar:79543CB6","Malfunctioning Cleaning Robot","","","","","NpcPath","3596.979","51.7449989","783.935852","3596.06006","52.2449989","784.079041","","25","base_unknown=0;follow_type=1;follow_unknown=25","2","base_unknown=0;follow_type=1;follow_unknown=25;path_count=2;decoded_path_count=2",""
"2026-07-21T19:57:57.9847957Z","IN","3662","FollowTarget","SimpleChar","797D36A5","SimpleChar:797D36A5","Malfunctioning Cleaning Robot","","","","","NpcPath","3596.81177","51.7449989","788.208923","3596.07227","52.2449989","788.564209","","25","base_unknown=0;follow_type=1;follow_unknown=25","2","base_unknown=0;follow_type=1;follow_unknown=25;path_count=2;decoded_path_count=2",""
"2026-07-21T19:57:58.1846720Z","IN","3669","FollowTarget","SimpleChar","79543CB6","SimpleChar:79543CB6","Malfunctioning Cleaning Robot","","","","","NpcPath","3596.979","51.7449989","783.935852","3596.06763","52.2449989","784.066528","","25","base_unknown=0;follow_type=1;follow_unknown=25","2","base_unknown=0;follow_type=1;follow_unknown=25;path_count=2;decoded_path_count=2",""
"2026-07-21T19:57:58.1846720Z","IN","3668","FollowTarget","SimpleChar","797D36A5","SimpleChar:797D36A5","Malfunctioning Cleaning Robot","","","","","NpcPath","3596.81177","51.7449989","788.208923","3596.05518","51.7449989","788.482483","","25","base_unknown=0;follow_type=1;follow_unknown=25","2","base_unknown=0;follow_type=1;follow_unknown=25;path_count=2;decoded_path_count=2",""
"2026-07-21T19:57:58.4595041Z","IN","3671","FollowTarget","SimpleChar","79543CB6","SimpleChar:79543CB6","Malfunctioning Cleaning Robot","","","","","NpcPath","3596.979","51.7449989","783.935852","3596.0686","52.2449989","783.777588","","25","base_unknown=0;follow_type=1;follow_unknown=25","2","base_unknown=0;follow_type=1;follow_unknown=25;path_count=2;decoded_path_count=2",""
"2026-07-21T19:57:58.4595041Z","IN","3670","FollowTarget","SimpleChar","797D36A5","SimpleChar:797D36A5","Malfunctioning Cleaning Robot","","","","","NpcPath","3596.81177","51.7449989","788.208923","3596.05518","51.7449989","788.482483","","25","base_unknown=0;follow_type=1;follow_unknown=25","2","base_unknown=0;follow_type=1;follow_unknown=25;path_count=2;decoded_path_count=2",""
"2026-07-21T19:57:58.6254010Z","IN","3677","FollowTarget","SimpleChar","79543CB6","SimpleChar:79543CB6","Malfunctioning Cleaning Robot","","","","","NpcPath","3596.979","51.7449989","783.935852","3596.10522","51.7449989","783.924805","","25","base_unknown=0;follow_type=1;follow_unknown=25","2","base_unknown=0;follow_type=1;follow_unknown=25;path_count=2;decoded_path_count=2",""
"2026-07-21T19:57:58.6254010Z","IN","3676","FollowTarget","SimpleChar","797D36A5","SimpleChar:797D36A5","Malfunctioning Cleaning Robot","","","","","NpcPath","3596.81177","51.7449989","788.208923","3596.05518","51.7449989","788.482483","","25","base_unknown=0;follow_type=1;follow_unknown=25","2","base_unknown=0;follow_type=1;follow_unknown=25;path_count=2;decoded_path_count=2",""
"2026-07-21T19:57:58.8442655Z","IN","3679","FollowTarget","SimpleChar","79543CB6","SimpleChar:79543CB6","Malfunctioning Cleaning Robot","","","","","NpcPath","3596.979","51.7449989","783.935852","3596.05811","52.2449989","784.082275","","25","base_unknown=0;follow_type=1;follow_unknown=25","2","base_unknown=0;follow_type=1;follow_unknown=25;path_count=2;decoded_path_count=2",""
"2026-07-21T19:57:58.8442655Z","IN","3678","FollowTarget","SimpleChar","797D36A5","SimpleChar:797D36A5","Malfunctioning Cleaning Robot","","","","","NpcPath","3596.81177","51.7449989","788.208923","3596.02881","52.2449989","788.427795","","25","base_unknown=0;follow_type=1;follow_unknown=25","2","base_unknown=0;follow_type=1;follow_unknown=25;path_count=2;decoded_path_count=2",""
"2026-07-21T19:57:59.0411443Z","IN","3681","FollowTarget","SimpleChar","79543CB6","SimpleChar:79543CB6","Malfunctioning Cleaning Robot","","","","","NpcPath","3596.979","51.7449989","783.935852","3596.10522","51.7449989","783.924805","","25","base_unknown=0;follow_type=1;follow_unknown=25","2","base_unknown=0;follow_type=1;follow_unknown=25;path_count=2;decoded_path_count=2",""
"2026-07-21T19:57:59.0411443Z","IN","3680","FollowTarget","SimpleChar","797D36A5","SimpleChar:797D36A5","Malfunctioning Cleaning Robot","","","","","NpcPath","3596.81177","51.7449989","788.208923","3596.05518","51.7449989","788.482483","","25","base_unknown=0;follow_type=1;follow_unknown=25","2","base_unknown=0;follow_type=1;follow_unknown=25;path_count=2;decoded_path_count=2",""
"2026-07-21T19:57:59.2490157Z","IN","3687","FollowTarget","SimpleChar","79543CB6","SimpleChar:79543CB6","Malfunctioning Cleaning Robot","","","","","NpcPath","3596.979","51.7449989","783.935852","3596.09814","52.2449989","783.856323","","25","base_unknown=0;follow_type=1;follow_unknown=25","2","base_unknown=0;follow_type=1;follow_unknown=25;path_count=2;decoded_path_count=2",""
"2026-07-21T19:57:59.2490157Z","IN","3686","FollowTarget","SimpleChar","797D36A5","SimpleChar:797D36A5","Malfunctioning Cleaning Robot","","","","","NpcPath","3596.81177","51.7449989","788.208923","3596.07275","52.2449989","788.593323","","25","base_unknown=0;follow_type=1;follow_unknown=25","2","base_unknown=0;follow_type=1;follow_unknown=25;path_count=2;decoded_path_count=2",""
"2026-07-21T19:57:59.4708792Z","IN","3689","FollowTarget","SimpleChar","79543CB6","SimpleChar:79543CB6","Malfunctioning Cleaning Robot","","","","","NpcPath","3596.979","51.7449989","783.935852","3596.07983","52.2449989","784.041809","","25","base_unknown=0;follow_type=1;follow_unknown=25","2","base_unknown=0;follow_type=1;follow_unknown=25;path_count=2;decoded_path_count=2",""
"2026-07-21T19:57:59.4708792Z","IN","3688","FollowTarget","SimpleChar","797D36A5","SimpleChar:797D36A5","Malfunctioning Cleaning Robot","","","","","NpcPath","3596.81177","51.7449989","788.208923","3596.05518","51.7449989","788.482483","","25","base_unknown=0;follow_type=1;follow_unknown=25","2","base_unknown=0;follow_type=1;follow_unknown=25;path_count=2;decoded_path_count=2",""
"2026-07-21T19:57:59.6787507Z","IN","3693","FollowTarget","SimpleChar","79543CB6","SimpleChar:79543CB6","Malfunctioning Cleaning Robot","","","","","NpcPath","3596.979","51.7449989","783.935852","3596.06836","52.2449989","783.777222","","25","base_unknown=0;follow_type=1;follow_unknown=25","2","base_unknown=0;follow_type=1;follow_unknown=25;path_count=2;decoded_path_count=2",""
"2026-07-21T19:57:59.6787507Z","IN","3692","FollowTarget","SimpleChar","797D36A5","SimpleChar:797D36A5","Malfunctioning Cleaning Robot","","","","","NpcPath","3596.81177","51.7449989","788.208923","3596.05518","51.7449989","788.482483","","25","base_unknown=0;follow_type=1;follow_unknown=25","2","base_unknown=0;follow_type=1;follow_unknown=25;path_count=2;decoded_path_count=2",""
"2026-07-21T19:57:59.8980967Z","IN","3698","FollowTarget","SimpleChar","79543CB6","SimpleChar:79543CB6","Malfunctioning Cleaning Robot","","","","","NpcPath","3596.979","51.7449989","783.935852","3596.10522","51.7449989","783.924805","","25","base_unknown=0;follow_type=1;follow_unknown=25","2","base_unknown=0;follow_type=1;follow_unknown=25;path_count=2;decoded_path_count=2",""
"2026-07-21T19:57:59.8980967Z","IN","3697","FollowTarget","SimpleChar","797D36A5","SimpleChar:797D36A5","Malfunctioning Cleaning Robot","","","","","NpcPath","3596.81177","51.7449989","788.208923","3596.05518","51.7449989","788.482483","","25","base_unknown=0;follow_type=1;follow_unknown=25","2","base_unknown=0;follow_type=1;follow_unknown=25;path_count=2;decoded_path_count=2",""
"2026-07-21T19:58:00.0979733Z","IN","3704","FollowTarget","SimpleChar","79543CB6","SimpleChar:79543CB6","Malfunctioning Cleaning Robot","","","","","NpcPath","3596.979","51.7449989","783.935852","3596.10522","51.7449989","783.924805","","25","base_unknown=0;follow_type=1;follow_unknown=25","2","base_unknown=0;follow_type=1;follow_unknown=25;path_count=2;decoded_path_count=2",""
"2026-07-21T19:58:00.0979733Z","IN","3703","FollowTarget","SimpleChar","797D36A5","SimpleChar:797D36A5","Malfunctioning Cleaning Robot","","","","","NpcPath","3596.81177","51.7449989","788.208923","3596.04785","52.2449989","788.704651","","25","base_unknown=0;follow_type=1;follow_unknown=25","2","base_unknown=0;follow_type=1;follow_unknown=25;path_count=2;decoded_path_count=2",""
"2026-07-21T19:58:00.2938525Z","IN","3708","FollowTarget","SimpleChar","79543CB6","SimpleChar:79543CB6","Malfunctioning Cleaning Robot","","","","","NpcPath","3596.979","51.7449989","783.935852","3596.10376","52.2449989","783.8927","","25","base_unknown=0;follow_type=1;follow_unknown=25","2","base_unknown=0;follow_type=1;follow_unknown=25;path_count=2;decoded_path_count=2",""
"2026-07-21T19:58:00.2938525Z","IN","3707","FollowTarget","SimpleChar","797D36A5","SimpleChar:797D36A5","Malfunctioning Cleaning Robot","","","","","NpcPath","3596.81177","51.7449989","788.208923","3596.05518","51.7449989","788.482483","","25","base_unknown=0;follow_type=1;follow_unknown=25","2","base_unknown=0;follow_type=1;follow_unknown=25;path_count=2;decoded_path_count=2",""
"2026-07-21T19:58:00.5426982Z","IN","3710","FollowTarget","SimpleChar","79543CB6","SimpleChar:79543CB6","Malfunctioning Cleaning Robot","","","","","NpcPath","3596.979","51.7449989","783.935852","3596.03687","52.2449989","784.111572","","25","base_unknown=0;follow_type=1;follow_unknown=25","2","base_unknown=0;follow_type=1;follow_unknown=25;path_count=2;decoded_path_count=2",""
"2026-07-21T19:58:00.5426982Z","IN","3709","FollowTarget","SimpleChar","797D36A5","SimpleChar:797D36A5","Malfunctioning Cleaning Robot","","","","","NpcPath","3596.81177","51.7449989","788.208923","3596.05518","51.7449989","788.482483","","25","base_unknown=0;follow_type=1;follow_unknown=25","2","base_unknown=0;follow_type=1;follow_unknown=25;path_count=2;decoded_path_count=2",""
"2026-07-21T19:58:00.7965425Z","IN","3712","FollowTarget","SimpleChar","79543CB6","SimpleChar:79543CB6","Malfunctioning Cleaning Robot","","","","","NpcPath","3596.979","51.7449989","783.935852","3596.10522","51.7449989","783.924805","","25","base_unknown=0;follow_type=1;follow_unknown=25","2","base_unknown=0;follow_type=1;follow_unknown=25;path_count=2;decoded_path_count=2",""
"2026-07-21T19:58:00.7965425Z","IN","3711","FollowTarget","SimpleChar","797D36A5","SimpleChar:797D36A5","Malfunctioning Cleaning Robot","","","","","NpcPath","3596.81177","51.7449989","788.208923","3596.05518","51.7449989","788.482483","","25","base_unknown=0;follow_type=1;follow_unknown=25","2","base_unknown=0;follow_type=1;follow_unknown=25;path_count=2;decoded_path_count=2",""
"2026-07-21T19:58:01.0054133Z","IN","3714","FollowTarget","SimpleChar","79543CB6","SimpleChar:79543CB6","Malfunctioning Cleaning Robot","","","","","NpcPath","3596.979","51.7449989","783.935852","3596.10522","51.7449989","783.924805","","25","base_unknown=0;follow_type=1;follow_unknown=25","2","base_unknown=0;follow_type=1;follow_unknown=25;path_count=2;decoded_path_count=2",""
"2026-07-21T19:58:01.0054133Z","IN","3713","FollowTarget","SimpleChar","797D36A5","SimpleChar:797D36A5","Malfunctioning Cleaning Robot","","","","","NpcPath","3596.81177","51.7449989","788.208923","3596.05518","51.7449989","788.482483","","25","base_unknown=0;follow_type=1;follow_unknown=25","2","base_unknown=0;follow_type=1;follow_unknown=25;path_count=2;decoded_path_count=2",""
"2026-07-21T19:58:01.2132855Z","IN","3720","FollowTarget","SimpleChar","79543CB6","SimpleChar:79543CB6","Malfunctioning Cleaning Robot","","","","","NpcPath","3596.979","51.7449989","783.935852","3596.10522","51.7449989","783.924805","","25","base_unknown=0;follow_type=1;follow_unknown=25","2","base_unknown=0;follow_type=1;follow_unknown=25;path_count=2;decoded_path_count=2",""
"2026-07-21T19:58:01.2132855Z","IN","3719","FollowTarget","SimpleChar","797D36A5","SimpleChar:797D36A5","Malfunctioning Cleaning Robot","","","","","NpcPath","3596.81177","51.7449989","788.208923","3596.05518","51.7449989","788.482483","","25","base_unknown=0;follow_type=1;follow_unknown=25","2","base_unknown=0;follow_type=1;follow_unknown=25;path_count=2;decoded_path_count=2",""
"2026-07-21T19:58:01.4091639Z","IN","3722","FollowTarget","SimpleChar","79543CB6","SimpleChar:79543CB6","Malfunctioning Cleaning Robot","","","","","NpcPath","3596.979","51.7449989","783.935852","3596.10522","51.7449989","783.924805","","25","base_unknown=0;follow_type=1;follow_unknown=25","2","base_unknown=0;follow_type=1;follow_unknown=25;path_count=2;decoded_path_count=2",""
"2026-07-21T19:58:01.4091639Z","IN","3721","FollowTarget","SimpleChar","797D36A5","SimpleChar:797D36A5","Malfunctioning Cleaning Robot","","","","","NpcPath","3596.81177","51.7449989","788.208923","3596.05518","51.7449989","788.482483","","25","base_unknown=0;follow_type=1;follow_unknown=25","2","base_unknown=0;follow_type=1;follow_unknown=25;path_count=2;decoded_path_count=2",""
"2026-07-21T19:58:01.6180359Z","IN","3728","FollowTarget","SimpleChar","79543CB6","SimpleChar:79543CB6","Malfunctioning Cleaning Robot","","","","","NpcPath","3596.979","51.7449989","783.935852","3596.10522","51.7449989","783.924805","","25","base_unknown=0;follow_type=1;follow_unknown=25","2","base_unknown=0;follow_type=1;follow_unknown=25;path_count=2;decoded_path_count=2",""
"2026-07-21T19:58:01.6180359Z","IN","3727","FollowTarget","SimpleChar","797D36A5","SimpleChar:797D36A5","Malfunctioning Cleaning Robot","","","","","NpcPath","3596.81177","51.7449989","788.208923","3596.07227","52.2449989","788.564148","","25","base_unknown=0;follow_type=1;follow_unknown=25","2","base_unknown=0;follow_type=1;follow_unknown=25;path_count=2;decoded_path_count=2",""
"2026-07-21T19:58:01.8299052Z","IN","3730","FollowTarget","SimpleChar","79543CB6","SimpleChar:79543CB6","Malfunctioning Cleaning Robot","","","","","NpcPath","3596.979","51.7449989","783.935852","3596.10522","51.7449989","783.924805","","25","base_unknown=0;follow_type=1;follow_unknown=25","2","base_unknown=0;follow_type=1;follow_unknown=25;path_count=2;decoded_path_count=2",""
"2026-07-21T19:58:01.8299052Z","IN","3729","FollowTarget","SimpleChar","797D36A5","SimpleChar:797D36A5","Malfunctioning Cleaning Robot","","","","","NpcPath","3596.81177","51.7449989","788.208923","3596.06372","52.2449989","788.657837","","25","base_unknown=0;follow_type=1;follow_unknown=25","2","base_unknown=0;follow_type=1;follow_unknown=25;path_count=2;decoded_path_count=2",""
"2026-07-21T19:58:02.0327588Z","IN","3733","FollowTarget","SimpleChar","79543CB6","SimpleChar:79543CB6","Malfunctioning Cleaning Robot","","","","","NpcPath","3596.979","51.7449989","783.935852","3596.05249","52.2449989","783.751099","","25","base_unknown=0;follow_type=1;follow_unknown=25","2","base_unknown=0;follow_type=1;follow_unknown=25;path_count=2;decoded_path_count=2",""
"2026-07-21T19:58:02.0327588Z","IN","3732","FollowTarget","SimpleChar","797D36A5","SimpleChar:797D36A5","Malfunctioning Cleaning Robot","","","","","NpcPath","3596.81177","51.7449989","788.208923","3596.00977","52.2449989","788.768555","","25","base_unknown=0;follow_type=1;follow_unknown=25","2","base_unknown=0;follow_type=1;follow_unknown=25;path_count=2;decoded_path_count=2",""
"2026-07-21T19:58:02.2436288Z","IN","3739","FollowTarget","SimpleChar","79543CB6","SimpleChar:79543CB6","Malfunctioning Cleaning Robot","","","","","NpcPath","3596.979","51.7449989","783.935852","3596.10522","51.7449989","783.924805","","25","base_unknown=0;follow_type=1;follow_unknown=25","2","base_unknown=0;follow_type=1;follow_unknown=25;path_count=2;decoded_path_count=2",""
"2026-07-21T19:58:02.2436288Z","IN","3738","FollowTarget","SimpleChar","797D36A5","SimpleChar:797D36A5","Malfunctioning Cleaning Robot","","","","","NpcPath","3596.81177","51.7449989","788.208923","3596.05518","51.7449989","788.482483","","25","base_unknown=0;follow_type=1;follow_unknown=25","2","base_unknown=0;follow_type=1;follow_unknown=25;path_count=2;decoded_path_count=2",""
"2026-07-21T19:58:02.4934752Z","IN","3742","FollowTarget","SimpleChar","79543CB6","SimpleChar:79543CB6","Malfunctioning Cleaning Robot","","","","","NpcPath","3596.979","51.7449989","783.935852","3596.05054","52.2449989","783.748413","","25","base_unknown=0;follow_type=1;follow_unknown=25","2","base_unknown=0;follow_type=1;follow_unknown=25;path_count=2;decoded_path_count=2",""
"2026-07-21T19:58:02.4934752Z","IN","3741","FollowTarget","SimpleChar","797D36A5","SimpleChar:797D36A5","Malfunctioning Cleaning Robot","","","","","NpcPath","3596.81177","51.7449989","788.208923","3596.05518","51.7449989","788.482483","","25","base_unknown=0;follow_type=1;follow_unknown=25","2","base_unknown=0;follow_type=1;follow_unknown=25;path_count=2;decoded_path_count=2",""
"2026-07-21T19:58:02.4934752Z","IN","3743","FollowTarget","SimpleChar","79866560","SimpleChar:79866560","Malfunctioning Cleaning Robot","","","","","NpcPath","3610.0791","51.9249954","778.525085","3610.73291","52.5","778.136536","","24","base_unknown=0;follow_type=1;follow_unknown=24","2","base_unknown=0;follow_type=1;follow_unknown=24;path_count=2;decoded_path_count=2",""
"2026-07-21T19:58:02.7053435Z","IN","3746","FollowTarget","SimpleChar","79543CB6","SimpleChar:79543CB6","Malfunctioning Cleaning Robot","","","","","NpcPath","3596.979","51.7449989","783.935852","3596.02295","52.2449989","784.12738","","25","base_unknown=0;follow_type=1;follow_unknown=25","2","base_unknown=0;follow_type=1;follow_unknown=25;path_count=2;decoded_path_count=2",""
"2026-07-21T19:58:02.7053435Z","IN","3744","FollowTarget","SimpleChar","797D36A5","SimpleChar:797D36A5","Malfunctioning Cleaning Robot","","","","","NpcPath","3596.81177","51.7449989","788.208923","3596.05518","51.7449989","788.482483","","25","base_unknown=0;follow_type=1;follow_unknown=25","2","base_unknown=0;follow_type=1;follow_unknown=25;path_count=2;decoded_path_count=2",""
"2026-07-21T19:58:02.7053435Z","IN","3747","FollowTarget","SimpleChar","79866560","SimpleChar:79866560","Malfunctioning Cleaning Robot","","","","","NpcPath","3610.0791","51.9249954","778.525085","3610.87988","52.5","778.274902","","24","base_unknown=0;follow_type=1;follow_unknown=24","2","base_unknown=0;follow_type=1;follow_unknown=24;path_count=2;decoded_path_count=2",""
"2026-07-21T19:58:02.9062196Z","IN","3750","FollowTarget","SimpleChar","79543CB6","SimpleChar:79543CB6","Malfunctioning Cleaning Robot","","","","","NpcPath","3596.979","51.7449989","783.935852","3596.07959","52.2449989","784.042419","","25","base_unknown=0;follow_type=1;follow_unknown=25","2","base_unknown=0;follow_type=1;follow_unknown=25;path_count=2;decoded_path_count=2",""
"2026-07-21T19:58:02.9062196Z","IN","3748","FollowTarget","SimpleChar","797D36A5","SimpleChar:797D36A5","Malfunctioning Cleaning Robot","","","","","NpcPath","3596.81177","51.7449989","788.208923","3596.04834","52.2449989","788.703308","","25","base_unknown=0;follow_type=1;follow_unknown=25","2","base_unknown=0;follow_type=1;follow_unknown=25;path_count=2;decoded_path_count=2",""
"2026-07-21T19:58:02.9062196Z","IN","3751","FollowTarget","SimpleChar","79866560","SimpleChar:79866560","Malfunctioning Cleaning Robot","","","","","NpcPath","3610.0791","51.9249954","778.525085","3610.71509","52.5","777.906189","","24","base_unknown=0;follow_type=1;follow_unknown=24","2","base_unknown=0;follow_type=1;follow_unknown=24;path_count=2;decoded_path_count=2",""
"2026-07-21T19:58:03.1210873Z","IN","3753","FollowTarget","SimpleChar","79543CB6","SimpleChar:79543CB6","Malfunctioning Cleaning Robot","","","","","NpcPath","3596.979","51.7449989","783.935852","3596.03613","52.2449989","784.112366","","25","base_unknown=0;follow_type=1;follow_unknown=25","2","base_unknown=0;follow_type=1;follow_unknown=25;path_count=2;decoded_path_count=2",""
"2026-07-21T19:58:03.1210873Z","IN","3752","FollowTarget","SimpleChar","797D36A5","SimpleChar:797D36A5","Malfunctioning Cleaning Robot","","","","","NpcPath","3596.81177","51.7449989","788.208923","3596.05518","51.7449989","788.482483","","25","base_unknown=0;follow_type=1;follow_unknown=25","2","base_unknown=0;follow_type=1;follow_unknown=25;path_count=2;decoded_path_count=2",""
"2026-07-21T19:58:03.1210873Z","IN","3754","FollowTarget","SimpleChar","79866560","SimpleChar:79866560","Malfunctioning Cleaning Robot","","","","","NpcPath","3610.0791","51.9249954","778.525085","3610.93188","52.5","778.292175","","24","base_unknown=0;follow_type=1;follow_unknown=24","2","base_unknown=0;follow_type=1;follow_unknown=24;path_count=2;decoded_path_count=2",""
"2026-07-21T19:58:03.3379541Z","IN","3760","FollowTarget","SimpleChar","79543CB6","SimpleChar:79543CB6","Malfunctioning Cleaning Robot","","","","","NpcPath","3596.979","51.7449989","783.935852","3596.01709","52.2449989","783.708618","","25","base_unknown=0;follow_type=1;follow_unknown=25","2","base_unknown=0;follow_type=1;follow_unknown=25;path_count=2;decoded_path_count=2",""
"2026-07-21T19:58:03.3379541Z","IN","3759","FollowTarget","SimpleChar","797D36A5","SimpleChar:797D36A5","Malfunctioning Cleaning Robot","","","","","NpcPath","3596.81177","51.7449989","788.208923","3596.05518","51.7449989","788.482483","","25","base_unknown=0;follow_type=1;follow_unknown=25","2","base_unknown=0;follow_type=1;follow_unknown=25;path_count=2;decoded_path_count=2",""
"2026-07-21T19:58:03.3379541Z","IN","3761","FollowTarget","SimpleChar","79866560","SimpleChar:79866560","Malfunctioning Cleaning Robot","","","","","NpcPath","3610.0791","51.9249954","778.525085","3610.73999","51.9788284","778.148254","","24","base_unknown=0;follow_type=1;follow_unknown=24","2","base_unknown=0;follow_type=1;follow_unknown=24;path_count=2;decoded_path_count=2",""
"2026-07-21T19:58:03.5298361Z","IN","3763","FollowTarget","SimpleChar","79543CB6","SimpleChar:79543CB6","Malfunctioning Cleaning Robot","","","","","NpcPath","3596.979","51.7449989","783.935852","3596.07104","52.2449989","784.060181","","25","base_unknown=0;follow_type=1;follow_unknown=25","2","base_unknown=0;follow_type=1;follow_unknown=25;path_count=2;decoded_path_count=2",""
"2026-07-21T19:58:03.5298361Z","IN","3762","FollowTarget","SimpleChar","797D36A5","SimpleChar:797D36A5","Malfunctioning Cleaning Robot","","","","","NpcPath","3596.81177","51.7449989","788.208923","3596.05518","51.7449989","788.482483","","25","base_unknown=0;follow_type=1;follow_unknown=25","2","base_unknown=0;follow_type=1;follow_unknown=25;path_count=2;decoded_path_count=2",""
"2026-07-21T19:58:03.5298361Z","IN","3764","FollowTarget","SimpleChar","79866560","SimpleChar:79866560","Malfunctioning Cleaning Robot","","","","","NpcPath","3610.0791","51.9249954","778.525085","3611.06177","52.5","778.293579","","24","base_unknown=0;follow_type=1;follow_unknown=24","2","base_unknown=0;follow_type=1;follow_unknown=24;path_count=2;decoded_path_count=2",""
"2026-07-21T19:58:03.7427041Z","IN","3765","FollowTarget","SimpleChar","797D36A5","SimpleChar:797D36A5","Malfunctioning Cleaning Robot","","","","","NpcPath","3596.81177","51.7449989","788.208923","3596.0354","52.2449989","788.729675","","25","base_unknown=0;follow_type=1;follow_unknown=25","2","base_unknown=0;follow_type=1;follow_unknown=25;path_count=2;decoded_path_count=2",""
"2026-07-21T19:58:03.7437038Z","IN","3766","FollowTarget","SimpleChar","79543CB6","SimpleChar:79543CB6","Malfunctioning Cleaning Robot","","","","","NpcPath","3596.979","51.7449989","783.935852","3596.10522","51.7449989","783.924805","","25","base_unknown=0;follow_type=1;follow_unknown=25","2","base_unknown=0;follow_type=1;follow_unknown=25;path_count=2;decoded_path_count=2",""
"2026-07-21T19:58:03.7437038Z","IN","3767","FollowTarget","SimpleChar","79866560","SimpleChar:79866560","Malfunctioning Cleaning Robot","","","","","NpcPath","3610.0918","51.9249954","778.522095","3610.70044","52.5","778.016968","","24","base_unknown=0;follow_type=1;follow_unknown=24","2","base_unknown=0;follow_type=1;follow_unknown=24;path_count=2;decoded_path_count=2",""
"2026-07-21T19:58:03.9565730Z","IN","3771","FollowTarget","SimpleChar","79543CB6","SimpleChar:79543CB6","Malfunctioning Cleaning Robot","","","","","NpcPath","3596.979","51.7449989","783.935852","3596.09375","52.2449989","784.003174","","25","base_unknown=0;follow_type=1;follow_unknown=25","2","base_unknown=0;follow_type=1;follow_unknown=25;path_count=2;decoded_path_count=2",""
"2026-07-21T19:58:03.9565730Z","IN","3768","FollowTarget","SimpleChar","797D36A5","SimpleChar:797D36A5","Malfunctioning Cleaning Robot","","","","","NpcPath","3596.81177","51.7449989","788.208923","3596.05518","51.7449989","788.482483","","25","base_unknown=0;follow_type=1;follow_unknown=25","2","base_unknown=0;follow_type=1;follow_unknown=25;path_count=2;decoded_path_count=2",""
"2026-07-21T19:58:03.9565730Z","IN","3769","FollowTarget","SimpleChar","7986655E","SimpleChar:7986655E","Malfunctioning Cleaning Robot","","","","","NpcPath","3597.52051","51.7449989","773.008484","3597.18433","52.5","772.236694","","24","base_unknown=0;follow_type=1;follow_unknown=24","2","base_unknown=0;follow_type=1;follow_unknown=24;path_count=2;decoded_path_count=2",""
"2026-07-21T19:58:03.9565730Z","IN","3772","FollowTarget","SimpleChar","79866560","SimpleChar:79866560","Malfunctioning Cleaning Robot","","","","","NpcPath","3610.0918","51.9249954","778.522095","3610.74048","51.9785767","778.149109","","24","base_unknown=0;follow_type=1;follow_unknown=24","2","base_unknown=0;follow_type=1;follow_unknown=24;path_count=2;decoded_path_count=2",""
"2026-07-21T19:58:04.1704414Z","IN","3775","FollowTarget","SimpleChar","79543CB6","SimpleChar:79543CB6","Malfunctioning Cleaning Robot","","","","","NpcPath","3596.979","51.7449989","783.935852","3596.10522","51.7449989","783.924805","","25","base_unknown=0;follow_type=1;follow_unknown=25","2","base_unknown=0;follow_type=1;follow_unknown=25;path_count=2;decoded_path_count=2",""
"2026-07-21T19:58:04.1704414Z","IN","3773","FollowTarget","SimpleChar","797D36A5","SimpleChar:797D36A5","Malfunctioning Cleaning Robot","","","","","NpcPath","3596.81177","51.7449989","788.208923","3596.05518","51.7449989","788.482483","","25","base_unknown=0;follow_type=1;follow_unknown=25","2","base_unknown=0;follow_type=1;follow_unknown=25;path_count=2;decoded_path_count=2",""
"2026-07-21T19:58:04.1704414Z","IN","3774","FollowTarget","SimpleChar","7986655E","SimpleChar:7986655E","Malfunctioning Cleaning Robot","","","","","NpcPath","3597.52051","51.7449989","773.008484","3596.8396","52.5","772.253418","","24","base_unknown=0;follow_type=1;follow_unknown=24","2","base_unknown=0;follow_type=1;follow_unknown=24;path_count=2;decoded_path_count=2",""
"2026-07-21T19:58:04.1714411Z","IN","3776","FollowTarget","SimpleChar","79866560","SimpleChar:79866560","Malfunctioning Cleaning Robot","","","","","NpcPath","3610.0918","51.9249954","778.522095","3610.78149","52.5","778.205627","","24","base_unknown=0;follow_type=1;follow_unknown=24","2","base_unknown=0;follow_type=1;follow_unknown=24;path_count=2;decoded_path_count=2",""
"2026-07-21T19:58:04.3733159Z","IN","3783","FollowTarget","SimpleChar","79543CB6","SimpleChar:79543CB6","Malfunctioning Cleaning Robot","","","","","NpcPath","3596.979","51.7449989","783.935852","3596.10522","51.7449989","783.924805","","25","base_unknown=0;follow_type=1;follow_unknown=25","2","base_unknown=0;follow_type=1;follow_unknown=25;path_count=2;decoded_path_count=2",""
"2026-07-21T19:58:04.3733159Z","IN","3781","FollowTarget","SimpleChar","797D36A5","SimpleChar:797D36A5","Malfunctioning Cleaning Robot","","","","","NpcPath","3596.81177","51.7449989","788.208923","3596.05518","51.7449989","788.482483","","25","base_unknown=0;follow_type=1;follow_unknown=25","2","base_unknown=0;follow_type=1;follow_unknown=25;path_count=2;decoded_path_count=2",""
"2026-07-21T19:58:04.3733159Z","IN","3782","FollowTarget","SimpleChar","7986655E","SimpleChar:7986655E","Malfunctioning Cleaning Robot","","","","","NpcPath","3597.50269","51.7449989","772.988647","3597.27563","52.5","771.881287","","24","base_unknown=0;follow_type=1;follow_unknown=24","2","base_unknown=0;follow_type=1;follow_unknown=24;path_count=2;decoded_path_count=2",""
"2026-07-21T19:58:04.3733159Z","IN","3784","FollowTarget","SimpleChar","79866560","SimpleChar:79866560","Malfunctioning Cleaning Robot","","","","","NpcPath","3610.0918","51.9249954","778.522095","3610.91846","52.5","778.288757","","24","base_unknown=0;follow_type=1;follow_unknown=24","2","base_unknown=0;follow_type=1;follow_unknown=24;path_count=2;decoded_path_count=2",""
"2026-07-21T19:58:04.6111679Z","IN","3790","FollowTarget","SimpleChar","79543CB6","SimpleChar:79543CB6","Malfunctioning Cleaning Robot","","","","","NpcPath","3596.979","51.7449989","783.935852","3596.04175","52.2449989","784.105469","","25","base_unknown=0;follow_type=1;follow_unknown=25","2","base_unknown=0;follow_type=1;follow_unknown=25;path_count=2;decoded_path_count=2",""
"2026-07-21T19:58:04.6111679Z","IN","3789","FollowTarget","SimpleChar","797D36A5","SimpleChar:797D36A5","Malfunctioning Cleaning Robot","","","","","NpcPath","3596.81177","51.7449989","788.208923","3596.05518","51.7449989","788.482483","","25","base_unknown=0;follow_type=1;follow_unknown=25","2","base_unknown=0;follow_type=1;follow_unknown=25;path_count=2;decoded_path_count=2",""
"2026-07-21T19:58:04.6121671Z","IN","3791","FollowTarget","SimpleChar","79866560","SimpleChar:79866560","Malfunctioning Cleaning Robot","","","","","NpcPath","3610.0918","51.9249954","778.522095","3610.81104","52.5","778.233093","","24","base_unknown=0;follow_type=1;follow_unknown=24","2","base_unknown=0;follow_type=1;follow_unknown=24;path_count=2;decoded_path_count=2",""
"2026-07-21T19:58:04.8051598Z","IN","3792","FollowTarget","SimpleChar","797D36A5","SimpleChar:797D36A5","Malfunctioning Cleaning Robot","","","","","NpcPath","3596.81177","51.7449989","788.208923","3596.05518","51.7449989","788.482483","","25","base_unknown=0;follow_type=1;follow_unknown=25","2","base_unknown=0;follow_type=1;follow_unknown=25;path_count=2;decoded_path_count=2",""
"2026-07-21T19:58:04.8061598Z","IN","3793","FollowTarget","SimpleChar","79543CB6","SimpleChar:79543CB6","Malfunctioning Cleaning Robot","","","","","NpcPath","3596.979","51.7449989","783.935852","3596.09521","52.2449989","783.843994","","25","base_unknown=0;follow_type=1;follow_unknown=25","2","base_unknown=0;follow_type=1;follow_unknown=25;path_count=2;decoded_path_count=2",""
"2026-07-21T19:58:04.8061598Z","IN","3794","FollowTarget","SimpleChar","79866560","SimpleChar:79866560","Malfunctioning Cleaning Robot","","","","","NpcPath","3610.0918","51.9249954","778.522095","3610.70386","52.5","777.952576","","24","base_unknown=0;follow_type=1;follow_unknown=24","2","base_unknown=0;follow_type=1;follow_unknown=24;path_count=2;decoded_path_count=2",""
"2026-07-21T19:58:05.0370174Z","IN","3797","FollowTarget","SimpleChar","79543CB6","SimpleChar:79543CB6","Malfunctioning Cleaning Robot","","","","","NpcPath","3596.979","51.7449989","783.935852","3596.10522","51.7449989","783.924805","","25","base_unknown=0;follow_type=1;follow_unknown=25","2","base_unknown=0;follow_type=1;follow_unknown=25;path_count=2;decoded_path_count=2",""
"2026-07-21T19:58:05.0370174Z","IN","3796","FollowTarget","SimpleChar","797D36A5","SimpleChar:797D36A5","Malfunctioning Cleaning Robot","","","","","NpcPath","3596.81177","51.7449989","788.208923","3596.04272","52.2449989","788.453369","","25","base_unknown=0;follow_type=1;follow_unknown=25","2","base_unknown=0;follow_type=1;follow_unknown=25;path_count=2;decoded_path_count=2",""
"2026-07-21T19:58:05.0370174Z","IN","3795","FollowTarget","SimpleChar","7986655D","SimpleChar:7986655D","Malfunctioning Cleaning Robot","","","","","NpcPath","3620.34473","51.7449989","785.048401","3621.20728","52.5","784.216797","","24","base_unknown=0;follow_type=1;follow_unknown=24","2","base_unknown=0;follow_type=1;follow_unknown=24;path_count=2;decoded_path_count=2",""
"2026-07-21T19:58:05.0370174Z","IN","3798","FollowTarget","SimpleChar","79866560","SimpleChar:79866560","Malfunctioning Cleaning Robot","","","","","NpcPath","3610.0918","51.9249954","778.522095","3610.74048","51.9785767","778.149109","","24","base_unknown=0;follow_type=1;follow_unknown=24","2","base_unknown=0;follow_type=1;follow_unknown=24;path_count=2;decoded_path_count=2",""
"2026-07-21T19:58:05.2388937Z","IN","3806","FollowTarget","SimpleChar","79543CB6","SimpleChar:79543CB6","Malfunctioning Cleaning Robot","","","","","NpcPath","3596.979","51.7449989","783.935852","3596.08521","52.2449989","783.813416","","25","base_unknown=0;follow_type=1;follow_unknown=25","2","base_unknown=0;follow_type=1;follow_unknown=25;path_count=2;decoded_path_count=2",""
"2026-07-21T19:58:05.2388937Z","IN","3805","FollowTarget","SimpleChar","797D36A5","SimpleChar:797D36A5","Malfunctioning Cleaning Robot","","","","","NpcPath","3596.81177","51.7449989","788.208923","3596.0603","52.2449989","788.670593","","25","base_unknown=0;follow_type=1;follow_unknown=25","2","base_unknown=0;follow_type=1;follow_unknown=25;path_count=2;decoded_path_count=2",""
"2026-07-21T19:58:05.2388937Z","IN","3807","FollowTarget","SimpleChar","79866560","SimpleChar:79866560","Malfunctioning Cleaning Robot","","","","","NpcPath","3610.0918","51.9249954","778.522095","3610.72754","52.5","777.87439","","24","base_unknown=0;follow_type=1;follow_unknown=24","2","base_unknown=0;follow_type=1;follow_unknown=24;path_count=2;decoded_path_count=2",""
"2026-07-21T19:58:05.4577578Z","IN","3810","FollowTarget","SimpleChar","79543CB6","SimpleChar:79543CB6","Malfunctioning Cleaning Robot","","","","","NpcPath","3596.979","51.7449989","783.935852","3596.07178","52.2449989","784.058594","","25","base_unknown=0;follow_type=1;follow_unknown=25","2","base_unknown=0;follow_type=1;follow_unknown=25;path_count=2;decoded_path_count=2",""
"2026-07-21T19:58:05.4577578Z","IN","3809","FollowTarget","SimpleChar","797D36A5","SimpleChar:797D36A5","Malfunctioning Cleaning Robot","","","","","NpcPath","3596.81177","51.7449989","788.208923","3596.06152","52.2449989","788.502869","","25","base_unknown=0;follow_type=1;follow_unknown=25","2","base_unknown=0;follow_type=1;follow_unknown=25;path_count=2;decoded_path_count=2",""
"2026-07-21T19:58:05.4577578Z","IN","3808","FollowTarget","SimpleChar","7986655D","SimpleChar:7986655D","Malfunctioning Cleaning Robot","","","","","NpcPath","3620.48975","51.7449989","784.908569","3620.95215","52.5","784.296143","","24","base_unknown=0;follow_type=1;follow_unknown=24","2","base_unknown=0;follow_type=1;follow_unknown=24;path_count=2;decoded_path_count=2",""
"2026-07-21T19:58:05.4577578Z","IN","3812","FollowTarget","SimpleChar","79866560","SimpleChar:79866560","Malfunctioning Cleaning Robot","","","","","NpcPath","3610.0918","51.9249954","778.522095","3610.90967","52.5","778.286072","","24","base_unknown=0;follow_type=1;follow_unknown=24","2","base_unknown=0;follow_type=1;follow_unknown=24;path_count=2;decoded_path_count=2",""
"2026-07-21T19:58:05.4577578Z","IN","3811","FollowTarget","SimpleChar","79866565","SimpleChar:79866565","Malfunctioning Cleaning Robot","","","","","NpcPath","3622.19214","51.7449989","798.492615","3594.14502","52.5","800.262573","","24","base_unknown=0;follow_type=1;follow_unknown=24","2","base_unknown=0;follow_type=1;follow_unknown=24;path_count=2;decoded_path_count=2",""
"2026-07-21T19:58:05.6766237Z","IN","3815","FollowTarget","SimpleChar","79543CB6","SimpleChar:79543CB6","Malfunctioning Cleaning Robot","","","","","NpcPath","3596.979","51.7449989","783.935852","3596.05493","52.2449989","784.087341","","25","base_unknown=0;follow_type=1;follow_unknown=25","2","base_unknown=0;follow_type=1;follow_unknown=25;path_count=2;decoded_path_count=2",""
"2026-07-21T19:58:05.6766237Z","IN","3814","FollowTarget","SimpleChar","797D36A5","SimpleChar:797D36A5","Malfunctioning Cleaning Robot","","","","","NpcPath","3596.81177","51.7449989","788.208923","3596.05518","51.7449989","788.482483","","25","base_unknown=0;follow_type=1;follow_unknown=25","2","base_unknown=0;follow_type=1;follow_unknown=25;path_count=2;decoded_path_count=2",""
"2026-07-21T19:58:05.6766237Z","IN","3813","FollowTarget","SimpleChar","7986655D","SimpleChar:7986655D","Malfunctioning Cleaning Robot","","","","","NpcPath","3620.48975","51.7449989","784.908569","3620.81152","52.5","784.233337","","24","base_unknown=0;follow_type=1;follow_unknown=24","2","base_unknown=0;follow_type=1;follow_unknown=24;path_count=2;decoded_path_count=2",""
"2026-07-21T19:58:05.6766237Z","IN","3816","FollowTarget","SimpleChar","79866560","SimpleChar:79866560","Malfunctioning Cleaning Robot","","","","","NpcPath","3610.0918","51.9249954","778.522095","3611.14795","52.5","778.260986","","24","base_unknown=0;follow_type=1;follow_unknown=24","2","base_unknown=0;follow_type=1;follow_unknown=24;path_count=2;decoded_path_count=2",""
"2026-07-21T19:58:05.8824960Z","IN","3819","FollowTarget","SimpleChar","79543CB6","SimpleChar:79543CB6","Malfunctioning Cleaning Robot","","","","","NpcPath","3596.979","51.7449989","783.935852","3596.10425","52.2449989","783.944946","","25","base_unknown=0;follow_type=1;follow_unknown=25","2","base_unknown=0;follow_type=1;follow_unknown=25;path_count=2;decoded_path_count=2",""
"2026-07-21T19:58:05.8824960Z","IN","3818","FollowTarget","SimpleChar","797D36A5","SimpleChar:797D36A5","Malfunctioning Cleaning Robot","","","","","NpcPath","3596.81177","51.7449989","788.208923","3596.05518","51.7449989","788.482483","","25","base_unknown=0;follow_type=1;follow_unknown=25","2","base_unknown=0;follow_type=1;follow_unknown=25;path_count=2;decoded_path_count=2",""
"2026-07-21T19:58:05.8824960Z","IN","3817","FollowTarget","SimpleChar","7986655D","SimpleChar:7986655D","Malfunctioning Cleaning Robot","","","","","NpcPath","3620.48975","51.7449989","784.908569","3621.15308","52.5","784.257935","","24","base_unknown=0;follow_type=1;follow_unknown=24","2","base_unknown=0;follow_type=1;follow_unknown=24;path_count=2;decoded_path_count=2",""
"2026-07-21T19:58:06.0923660Z","IN","3822","FollowTarget","SimpleChar","7986655D","SimpleChar:7986655D","Malfunctioning Cleaning Robot","","","","","NpcPath","3620.48975","51.7449989","784.908569","3620.90918","52.5","784.28595","","24","base_unknown=0;follow_type=1;follow_unknown=24","2","base_unknown=0;follow_type=1;follow_unknown=24;path_count=2;decoded_path_count=2",""
"2026-07-21T19:58:06.0933660Z","IN","3824","FollowTarget","SimpleChar","79543CB6","SimpleChar:79543CB6","Malfunctioning Cleaning Robot","","","","","NpcPath","3596.979","51.7449989","783.935852","3596.10522","51.7449989","783.924805","","25","base_unknown=0;follow_type=1;follow_unknown=25","2","base_unknown=0;follow_type=1;follow_unknown=25;path_count=2;decoded_path_count=2",""
"2026-07-21T19:58:06.0933660Z","IN","3823","FollowTarget","SimpleChar","797D36A5","SimpleChar:797D36A5","Malfunctioning Cleaning Robot","","","","","NpcPath","3596.81177","51.7449989","788.208923","3596.05249","52.2449989","788.475525","","25","base_unknown=0;follow_type=1;follow_unknown=25","2","base_unknown=0;follow_type=1;follow_unknown=25;path_count=2;decoded_path_count=2",""
"2026-07-21T19:58:06.2962411Z","IN","3832","FollowTarget","SimpleChar","79543CB6","SimpleChar:79543CB6","Malfunctioning Cleaning Robot","","","","","NpcPath","3596.979","51.7449989","783.935852","3596.06763","52.2449989","784.066406","","25","base_unknown=0;follow_type=1;follow_unknown=25","2","base_unknown=0;follow_type=1;follow_unknown=25;path_count=2;decoded_path_count=2",""
"2026-07-21T19:58:06.2962411Z","IN","3831","FollowTarget","SimpleChar","797D36A5","SimpleChar:797D36A5","Malfunctioning Cleaning Robot","","","","","NpcPath","3596.81177","51.7449989","788.208923","3596.05957","52.2449989","788.67334","","25","base_unknown=0;follow_type=1;follow_unknown=25","2","base_unknown=0;follow_type=1;follow_unknown=25;path_count=2;decoded_path_count=2",""
"2026-07-21T19:58:06.2962411Z","IN","3830","FollowTarget","SimpleChar","7986655D","SimpleChar:7986655D","Malfunctioning Cleaning Robot","","","","","NpcPath","3620.48975","51.7449989","784.908569","3620.87329","52.5","784.271851","","24","base_unknown=0;follow_type=1;follow_unknown=24","2","base_unknown=0;follow_type=1;follow_unknown=24;path_count=2;decoded_path_count=2",""
"2026-07-21T19:58:06.5011138Z","IN","3835","FollowTarget","SimpleChar","79543CB6","SimpleChar:79543CB6","Malfunctioning Cleaning Robot","","","","","NpcPath","3596.979","51.7449989","783.935852","3596.02783","52.2449989","783.71991","","25","base_unknown=0;follow_type=1;follow_unknown=25","2","base_unknown=0;follow_type=1;follow_unknown=25;path_count=2;decoded_path_count=2",""
"2026-07-21T19:58:06.5011138Z","IN","3834","FollowTarget","SimpleChar","797D36A5","SimpleChar:797D36A5","Malfunctioning Cleaning Robot","","","","","NpcPath","3596.81177","51.7449989","788.208923","3596.05518","51.7449989","788.482483","","25","base_unknown=0;follow_type=1;follow_unknown=25","2","base_unknown=0;follow_type=1;follow_unknown=25;path_count=2;decoded_path_count=2",""
"2026-07-21T19:58:06.5011138Z","IN","3833","FollowTarget","SimpleChar","7986655D","SimpleChar:7986655D","Malfunctioning Cleaning Robot","","","","","NpcPath","3620.48975","51.7449989","784.908569","3620.74707","52.5","784.161499","","24","base_unknown=0;follow_type=1;follow_unknown=24","2","base_unknown=0;follow_type=1;follow_unknown=24;path_count=2;decoded_path_count=2",""
"2026-07-21T19:58:06.7129834Z","IN","3837","FollowTarget","SimpleChar","797D36A5","SimpleChar:797D36A5","Malfunctioning Cleaning Robot","","","","","NpcPath","3596.81177","51.7449989","788.208923","3596.05518","51.7449989","788.482483","","25","base_unknown=0;follow_type=1;follow_unknown=25","2","base_unknown=0;follow_type=1;follow_unknown=25;path_count=2;decoded_path_count=2",""
"2026-07-21T19:58:06.7129834Z","IN","3836","FollowTarget","SimpleChar","7986655D","SimpleChar:7986655D","Malfunctioning Cleaning Robot","","","","","NpcPath","3620.48975","51.7449989","784.908569","3621.10352","52.5","784.281616","","24","base_unknown=0;follow_type=1;follow_unknown=24","2","base_unknown=0;follow_type=1;follow_unknown=24;path_count=2;decoded_path_count=2",""
"2026-07-21T19:58:06.7139832Z","IN","3838","FollowTarget","SimpleChar","79543CB6","SimpleChar:79543CB6","Malfunctioning Cleaning Robot","","","","","NpcPath","3596.979","51.7449989","783.935852","3596.04834","52.2449989","784.096558","","25","base_unknown=0;follow_type=1;follow_unknown=25","2","base_unknown=0;follow_type=1;follow_unknown=25;path_count=2;decoded_path_count=2",""
"2026-07-21T19:58:06.9278515Z","IN","3841","FollowTarget","SimpleChar","79543CB6","SimpleChar:79543CB6","Malfunctioning Cleaning Robot","","","","","NpcPath","3596.979","51.7449989","783.935852","3596.08594","52.2449989","784.026794","","25","base_unknown=0;follow_type=1;follow_unknown=25","2","base_unknown=0;follow_type=1;follow_unknown=25;path_count=2;decoded_path_count=2",""
"2026-07-21T19:58:06.9278515Z","IN","3840","FollowTarget","SimpleChar","797D36A5","SimpleChar:797D36A5","Malfunctioning Cleaning Robot","","","","","NpcPath","3596.81177","51.7449989","788.208923","3596.06592","52.2449989","788.649231","","25","base_unknown=0;follow_type=1;follow_unknown=25","2","base_unknown=0;follow_type=1;follow_unknown=25;path_count=2;decoded_path_count=2",""
"2026-07-21T19:58:06.9278515Z","IN","3839","FollowTarget","SimpleChar","7986655D","SimpleChar:7986655D","Malfunctioning Cleaning Robot","","","","","NpcPath","3620.48975","51.7449989","784.908569","3620.97461","52.5","784.298889","","24","base_unknown=0;follow_type=1;follow_unknown=24","2","base_unknown=0;follow_type=1;follow_unknown=24;path_count=2;decoded_path_count=2",""
"2026-07-21T19:58:07.1317256Z","IN","3844","FollowTarget","SimpleChar","79543CB6","SimpleChar:79543CB6","Malfunctioning Cleaning Robot","","","","","NpcPath","3596.979","51.7449989","783.935852","3596.10522","51.7449989","783.924805","","25","base_unknown=0;follow_type=1;follow_unknown=25","2","base_unknown=0;follow_type=1;follow_unknown=25;path_count=2;decoded_path_count=2",""
"2026-07-21T19:58:07.1317256Z","IN","3843","FollowTarget","SimpleChar","797D36A5","SimpleChar:797D36A5","Malfunctioning Cleaning Robot","","","","","NpcPath","3596.81177","51.7449989","788.208923","3596.05518","51.7449989","788.482483","","25","base_unknown=0;follow_type=1;follow_unknown=25","2","base_unknown=0;follow_type=1;follow_unknown=25;path_count=2;decoded_path_count=2",""
"2026-07-21T19:58:07.1317256Z","IN","3842","FollowTarget","SimpleChar","7986655D","SimpleChar:7986655D","Malfunctioning Cleaning Robot","","","","","NpcPath","3620.48975","51.7449989","784.908569","3620.74561","52.5","784.159119","","24","base_unknown=0;follow_type=1;follow_unknown=24","2","base_unknown=0;follow_type=1;follow_unknown=24;path_count=2;decoded_path_count=2",""
"2026-07-21T19:58:07.3705787Z","IN","3852","FollowTarget","SimpleChar","79543CB6","SimpleChar:79543CB6","Malfunctioning Cleaning Robot","","","","","NpcPath","3596.979","51.7449989","783.935852","3596.09473","52.2449989","783.999573","","25","base_unknown=0;follow_type=1;follow_unknown=25","2","base_unknown=0;follow_type=1;follow_unknown=25;path_count=2;decoded_path_count=2",""
"2026-07-21T19:58:07.3705787Z","IN","3851","FollowTarget","SimpleChar","797D36A5","SimpleChar:797D36A5","Malfunctioning Cleaning Robot","","","","","NpcPath","3596.81177","51.7449989","788.208923","3596.02612","52.2449989","788.423523","","25","base_unknown=0;follow_type=1;follow_unknown=25","2","base_unknown=0;follow_type=1;follow_unknown=25;path_count=2;decoded_path_count=2",""
"2026-07-21T19:58:07.3705787Z","IN","3850","FollowTarget","SimpleChar","7986655D","SimpleChar:7986655D","Malfunctioning Cleaning Robot","","","","","NpcPath","3620.48975","51.7449989","784.908569","3620.74658","52.5","784.160706","","24","base_unknown=0;follow_type=1;follow_unknown=24","2","base_unknown=0;follow_type=1;follow_unknown=24;path_count=2;decoded_path_count=2",""
"2026-07-21T19:58:07.5574636Z","IN","3859","FollowTarget","SimpleChar","79543CB6","SimpleChar:79543CB6","Malfunctioning Cleaning Robot","","","","","NpcPath","3596.979","51.7449989","783.935852","3596.10522","51.7449989","783.924805","","25","base_unknown=0;follow_type=1;follow_unknown=25","2","base_unknown=0;follow_type=1;follow_unknown=25;path_count=2;decoded_path_count=2",""
"2026-07-21T19:58:07.5574636Z","IN","3858","FollowTarget","SimpleChar","797D36A5","SimpleChar:797D36A5","Malfunctioning Cleaning Robot","","","","","NpcPath","3596.81177","51.7449989","788.208923","3596.05518","51.7449989","788.482483","","25","base_unknown=0;follow_type=1;follow_unknown=25","2","base_unknown=0;follow_type=1;follow_unknown=25;path_count=2;decoded_path_count=2",""
"2026-07-21T19:58:07.5574636Z","IN","3857","FollowTarget","SimpleChar","7986655D","SimpleChar:7986655D","Malfunctioning Cleaning Robot","","","","","NpcPath","3620.48975","51.7449989","784.908569","3620.97314","52.5","784.298767","","24","base_unknown=0;follow_type=1;follow_unknown=24","2","base_unknown=0;follow_type=1;follow_unknown=24;path_count=2;decoded_path_count=2",""
"2026-07-21T19:58:07.7703324Z","IN","3862","FollowTarget","SimpleChar","79543CB6","SimpleChar:79543CB6","Malfunctioning Cleaning Robot","","","","","NpcPath","3596.979","51.7449989","783.935852","3596.10522","51.7449989","783.924805","","25","base_unknown=0;follow_type=1;follow_unknown=25","2","base_unknown=0;follow_type=1;follow_unknown=25;path_count=2;decoded_path_count=2",""
"2026-07-21T19:58:07.7703324Z","IN","3861","FollowTarget","SimpleChar","797D36A5","SimpleChar:797D36A5","Malfunctioning Cleaning Robot","","","","","NpcPath","3596.81177","51.7449989","788.208923","3596.05518","51.7449989","788.482483","","25","base_unknown=0;follow_type=1;follow_unknown=25","2","base_unknown=0;follow_type=1;follow_unknown=25;path_count=2;decoded_path_count=2",""
"2026-07-21T19:58:07.7703324Z","IN","3860","FollowTarget","SimpleChar","7986655D","SimpleChar:7986655D","Malfunctioning Cleaning Robot","","","","","NpcPath","3620.48975","51.7449989","784.908569","3620.71362","52.5","783.910828","","24","base_unknown=0;follow_type=1;follow_unknown=24","2","base_unknown=0;follow_type=1;follow_unknown=24;path_count=2;decoded_path_count=2",""
"2026-07-21T19:58:07.9662107Z","IN","3865","FollowTarget","SimpleChar","79543CB6","SimpleChar:79543CB6","Malfunctioning Cleaning Robot","","","","","NpcPath","3596.979","51.7449989","783.935852","3596.10522","51.7449989","783.924805","","25","base_unknown=0;follow_type=1;follow_unknown=25","2","base_unknown=0;follow_type=1;follow_unknown=25;path_count=2;decoded_path_count=2",""
"2026-07-21T19:58:07.9662107Z","IN","3864","FollowTarget","SimpleChar","797D36A5","SimpleChar:797D36A5","Malfunctioning Cleaning Robot","","","","","NpcPath","3596.81177","51.7449989","788.208923","3596.05518","51.7449989","788.482483","","25","base_unknown=0;follow_type=1;follow_unknown=25","2","base_unknown=0;follow_type=1;follow_unknown=25;path_count=2;decoded_path_count=2",""
"2026-07-21T19:58:07.9662107Z","IN","3863","FollowTarget","SimpleChar","7986655D","SimpleChar:7986655D","Malfunctioning Cleaning Robot","","","","","NpcPath","3620.49536","51.7449989","784.883179","3620.75757","52.5","784.176575","","24","base_unknown=0;follow_type=1;follow_unknown=24","2","base_unknown=0;follow_type=1;follow_unknown=24;path_count=2;decoded_path_count=2",""
"2026-07-21T19:58:08.2140583Z","IN","3868","FollowTarget","SimpleChar","797D36A5","SimpleChar:797D36A5","Malfunctioning Cleaning Robot","","","","","NpcPath","3596.81177","51.7449989","788.208923","3596.05518","51.7449989","788.482483","","25","base_unknown=0;follow_type=1;follow_unknown=25","2","base_unknown=0;follow_type=1;follow_unknown=25;path_count=2;decoded_path_count=2",""
"2026-07-21T19:58:08.2140583Z","IN","3866","FollowTarget","SimpleChar","7986655D","SimpleChar:7986655D","Malfunctioning Cleaning Robot","","","","","NpcPath","3620.49536","51.7449989","784.883179","3620.70117","52.5","784.02771","","24","base_unknown=0;follow_type=1;follow_unknown=24","2","base_unknown=0;follow_type=1;follow_unknown=24;path_count=2;decoded_path_count=2",""
"2026-07-21T19:58:08.2150574Z","IN","3869","FollowTarget","SimpleChar","79543CB6","SimpleChar:79543CB6","Malfunctioning Cleaning Robot","","","","","NpcPath","3596.979","51.7449989","783.935852","3596.00952","52.2449989","783.701416","","25","base_unknown=0;follow_type=1;follow_unknown=25","2","base_unknown=0;follow_type=1;follow_unknown=25;path_count=2;decoded_path_count=2",""
"2026-07-21T19:58:08.3809557Z","IN","3878","FollowTarget","SimpleChar","79543CB6","SimpleChar:79543CB6","Malfunctioning Cleaning Robot","","","","","NpcPath","3596.979","51.7449989","783.935852","3596.04443","52.2449989","783.740173","","25","base_unknown=0;follow_type=1;follow_unknown=25","2","base_unknown=0;follow_type=1;follow_unknown=25;path_count=2;decoded_path_count=2",""
"2026-07-21T19:58:08.3809557Z","IN","3877","FollowTarget","SimpleChar","797D36A5","SimpleChar:797D36A5","Malfunctioning Cleaning Robot","","","","","NpcPath","3596.81177","51.7449989","788.208923","3596.07227","52.2449989","788.565002","","25","base_unknown=0;follow_type=1;follow_unknown=25","2","base_unknown=0;follow_type=1;follow_unknown=25;path_count=2;decoded_path_count=2",""
"2026-07-21T19:58:08.3809557Z","IN","3875","FollowTarget","SimpleChar","7986655D","SimpleChar:7986655D","Malfunctioning Cleaning Robot","","","","","NpcPath","3620.49536","51.7449989","784.883179","3620.70264","52.5","783.960754","","24","base_unknown=0;follow_type=1;follow_unknown=24","2","base_unknown=0;follow_type=1;follow_unknown=24;path_count=2;decoded_path_count=2",""
"2026-07-21T19:58:08.5938250Z","IN","3885","FollowTarget","SimpleChar","79543CB6","SimpleChar:79543CB6","Malfunctioning Cleaning Robot","","","","","NpcPath","3596.979","51.7449989","783.935852","3596.09814","52.2449989","783.856873","","25","base_unknown=0;follow_type=1;follow_unknown=25","2","base_unknown=0;follow_type=1;follow_unknown=25;path_count=2;decoded_path_count=2",""
"2026-07-21T19:58:08.5938250Z","IN","3883","FollowTarget","SimpleChar","797D36A5","SimpleChar:797D36A5","Malfunctioning Cleaning Robot","","","","","NpcPath","3596.81177","51.7449989","788.208923","3596.05518","51.7449989","788.482483","","25","base_unknown=0;follow_type=1;follow_unknown=25","2","base_unknown=0;follow_type=1;follow_unknown=25;path_count=2;decoded_path_count=2",""
"2026-07-21T19:58:08.5938250Z","IN","3881","FollowTarget","SimpleChar","7986655D","SimpleChar:7986655D","Malfunctioning Cleaning Robot","","","","","NpcPath","3620.49536","51.7449989","784.883179","3620.95557","52.5","784.296692","","24","base_unknown=0;follow_type=1;follow_unknown=24","2","base_unknown=0;follow_type=1;follow_unknown=24;path_count=2;decoded_path_count=2",""
"2026-07-21T19:58:08.7927029Z","IN","3889","FollowTarget","SimpleChar","79543CB6","SimpleChar:79543CB6","Malfunctioning Cleaning Robot","","","","","NpcPath","3596.979","51.7449989","783.935852","3596.04517","52.2449989","783.74115","","25","base_unknown=0;follow_type=1;follow_unknown=25","2","base_unknown=0;follow_type=1;follow_unknown=25;path_count=2;decoded_path_count=2",""
"2026-07-21T19:58:08.7927029Z","IN","3888","FollowTarget","SimpleChar","797D36A5","SimpleChar:797D36A5","Malfunctioning Cleaning Robot","","","","","NpcPath","3596.81177","51.7449989","788.208923","3596.05518","51.7449989","788.482483","","25","base_unknown=0;follow_type=1;follow_unknown=25","2","base_unknown=0;follow_type=1;follow_unknown=25;path_count=2;decoded_path_count=2",""
"2026-07-21T19:58:08.7927029Z","IN","3886","FollowTarget","SimpleChar","7986655D","SimpleChar:7986655D","Malfunctioning Cleaning Robot","","","","","NpcPath","3620.49536","51.7449989","784.883179","3620.73218","52.5","784.135132","","24","base_unknown=0;follow_type=1;follow_unknown=24","2","base_unknown=0;follow_type=1;follow_unknown=24;path_count=2;decoded_path_count=2",""
"2026-07-21T19:58:09.0095673Z","IN","3892","FollowTarget","SimpleChar","79543CB6","SimpleChar:79543CB6","Malfunctioning Cleaning Robot","","","","","NpcPath","3596.979","51.7449989","783.935852","3596.09106","52.2449989","784.012146","","25","base_unknown=0;follow_type=1;follow_unknown=25","2","base_unknown=0;follow_type=1;follow_unknown=25;path_count=2;decoded_path_count=2",""
"2026-07-21T19:58:09.0095673Z","IN","3891","FollowTarget","SimpleChar","797D36A5","SimpleChar:797D36A5","Malfunctioning Cleaning Robot","","","","","NpcPath","3596.81177","51.7449989","788.208923","3596.021","52.2449989","788.415833","","25","base_unknown=0;follow_type=1;follow_unknown=25","2","base_unknown=0;follow_type=1;follow_unknown=25;path_count=2;decoded_path_count=2",""
"2026-07-21T19:58:09.0095673Z","IN","3890","FollowTarget","SimpleChar","7986655D","SimpleChar:7986655D","Malfunctioning Cleaning Robot","","","","","NpcPath","3620.49536","51.7449989","784.883179","3620.81543","52.5","784.236389","","24","base_unknown=0;follow_type=1;follow_unknown=24","2","base_unknown=0;follow_type=1;follow_unknown=24;path_count=2;decoded_path_count=2",""
"2026-07-21T19:58:09.2144416Z","IN","3896","FollowTarget","SimpleChar","79543CB6","SimpleChar:79543CB6","Malfunctioning Cleaning Robot","","","","","NpcPath","3596.979","51.7449989","783.935852","3596.02393","52.2449989","783.715698","","25","base_unknown=0;follow_type=1;follow_unknown=25","2","base_unknown=0;follow_type=1;follow_unknown=25;path_count=2;decoded_path_count=2",""
"2026-07-21T19:58:09.2144416Z","IN","3895","FollowTarget","SimpleChar","797D36A5","SimpleChar:797D36A5","Malfunctioning Cleaning Robot","","","","","NpcPath","3596.81177","51.7449989","788.208923","3596.05518","51.7449989","788.482483","","25","base_unknown=0;follow_type=1;follow_unknown=25","2","base_unknown=0;follow_type=1;follow_unknown=25;path_count=2;decoded_path_count=2",""
"2026-07-21T19:58:09.2144416Z","IN","3893","FollowTarget","SimpleChar","7986655D","SimpleChar:7986655D","Malfunctioning Cleaning Robot","","","","","NpcPath","3620.49536","51.7449989","784.883179","3620.71777","52.5","784.101929","","24","base_unknown=0;follow_type=1;follow_unknown=24","2","base_unknown=0;follow_type=1;follow_unknown=24;path_count=2;decoded_path_count=2",""
"2026-07-21T19:58:09.4203154Z","IN","3904","FollowTarget","SimpleChar","79543CB6","SimpleChar:79543CB6","Malfunctioning Cleaning Robot","","","","","NpcPath","3596.979","51.7449989","783.935852","3596.10522","52.2449989","783.926208","","25","base_unknown=0;follow_type=1;follow_unknown=25","2","base_unknown=0;follow_type=1;follow_unknown=25;path_count=2;decoded_path_count=2",""
"2026-07-21T19:58:09.4203154Z","IN","3903","FollowTarget","SimpleChar","797D36A5","SimpleChar:797D36A5","Malfunctioning Cleaning Robot","","","","","NpcPath","3596.81177","51.7449989","788.208923","3596.05518","51.7449989","788.482483","","25","base_unknown=0;follow_type=1;follow_unknown=25","2","base_unknown=0;follow_type=1;follow_unknown=25;path_count=2;decoded_path_count=2",""
"2026-07-21T19:58:09.4203154Z","IN","3901","FollowTarget","SimpleChar","7986655D","SimpleChar:7986655D","Malfunctioning Cleaning Robot","","","","","NpcPath","3620.49536","51.7449989","784.883179","3621.14722","52.5","784.261353","","24","base_unknown=0;follow_type=1;follow_unknown=24","2","base_unknown=0;follow_type=1;follow_unknown=24;path_count=2;decoded_path_count=2",""
"2026-07-21T19:58:09.7141324Z","IN","3908","FollowTarget","SimpleChar","79543CB6","SimpleChar:79543CB6","Malfunctioning Cleaning Robot","","","","","NpcPath","3596.979","51.7449989","783.935852","3596.0769","52.2449989","783.793701","","25","base_unknown=0;follow_type=1;follow_unknown=25","2","base_unknown=0;follow_type=1;follow_unknown=25;path_count=2;decoded_path_count=2",""
"2026-07-21T19:58:09.7141324Z","IN","3907","FollowTarget","SimpleChar","797D36A5","SimpleChar:797D36A5","Malfunctioning Cleaning Robot","","","","","NpcPath","3596.81177","51.7449989","788.208923","3596.05518","51.7449989","788.482483","","25","base_unknown=0;follow_type=1;follow_unknown=25","2","base_unknown=0;follow_type=1;follow_unknown=25;path_count=2;decoded_path_count=2",""
"2026-07-21T19:58:09.7141324Z","IN","3905","FollowTarget","SimpleChar","7986655D","SimpleChar:7986655D","Malfunctioning Cleaning Robot","","","","","NpcPath","3620.49536","51.7449989","784.883179","3620.71313","52.5","784.087891","","24","base_unknown=0;follow_type=1;follow_unknown=24","2","base_unknown=0;follow_type=1;follow_unknown=24;path_count=2;decoded_path_count=2",""
"2026-07-21T19:58:09.9190071Z","IN","3910","FollowTarget","SimpleChar","7986655D","SimpleChar:7986655D","Malfunctioning Cleaning Robot","","","","","NpcPath","3620.49536","51.7449989","784.883179","3620.79517","52.5","784.219116","","24","base_unknown=0;follow_type=1;follow_unknown=24","2","base_unknown=0;follow_type=1;follow_unknown=24;path_count=2;decoded_path_count=2",""
"2026-07-21T19:58:09.9200057Z","IN","3913","FollowTarget","SimpleChar","79543CB6","SimpleChar:79543CB6","Malfunctioning Cleaning Robot","","","","","NpcPath","3596.979","51.7449989","783.935852","3596.10522","51.7449989","783.924805","","25","base_unknown=0;follow_type=1;follow_unknown=25","2","base_unknown=0;follow_type=1;follow_unknown=25;path_count=2;decoded_path_count=2",""
"2026-07-21T19:58:09.9200057Z","IN","3912","FollowTarget","SimpleChar","797D36A5","SimpleChar:797D36A5","Malfunctioning Cleaning Robot","","","","","NpcPath","3596.81177","51.7449989","788.208923","3596.05518","51.7449989","788.482483","","25","base_unknown=0;follow_type=1;follow_unknown=25","2","base_unknown=0;follow_type=1;follow_unknown=25;path_count=2;decoded_path_count=2",""
"2026-07-21T19:58:10.1588598Z","IN","3914","FollowTarget","SimpleChar","7986655D","SimpleChar:7986655D","Malfunctioning Cleaning Robot","","","","","NpcPath","3620.49536","51.7449989","784.883179","3620.72632","52.5","783.876953","","24","base_unknown=0;follow_type=1;follow_unknown=24","2","base_unknown=0;follow_type=1;follow_unknown=24;path_count=2;decoded_path_count=2",""
"2026-07-21T19:58:10.1598576Z","IN","3917","FollowTarget","SimpleChar","79543CB6","SimpleChar:79543CB6","Malfunctioning Cleaning Robot","","","","","NpcPath","3596.979","51.7449989","783.935852","3596.06616","52.2449989","784.068787","","25","base_unknown=0;follow_type=1;follow_unknown=25","2","base_unknown=0;follow_type=1;follow_unknown=25;path_count=2;decoded_path_count=2",""
"2026-07-21T19:58:10.1598576Z","IN","3916","FollowTarget","SimpleChar","797D36A5","SimpleChar:797D36A5","Malfunctioning Cleaning Robot","","","","","NpcPath","3596.81177","51.7449989","788.208923","3596.05518","51.7449989","788.482483","","25","base_unknown=0;follow_type=1;follow_unknown=25","2","base_unknown=0;follow_type=1;follow_unknown=25;path_count=2;decoded_path_count=2",""
"2026-07-21T19:58:10.3657312Z","IN","3926","FollowTarget","SimpleChar","79543CB6","SimpleChar:79543CB6","Malfunctioning Cleaning Robot","","","","","NpcPath","3596.979","51.7449989","783.935852","3596.10522","51.7449989","783.924805","","25","base_unknown=0;follow_type=1;follow_unknown=25","2","base_unknown=0;follow_type=1;follow_unknown=25;path_count=2;decoded_path_count=2",""
"2026-07-21T19:58:10.3657312Z","IN","3925","FollowTarget","SimpleChar","797D36A5","SimpleChar:797D36A5","Malfunctioning Cleaning Robot","","","","","NpcPath","3596.81177","51.7449989","788.208923","3596.06982","52.2449989","788.540955","","25","base_unknown=0;follow_type=1;follow_unknown=25","2","base_unknown=0;follow_type=1;follow_unknown=25;path_count=2;decoded_path_count=2",""
"2026-07-21T19:58:10.7854727Z","IN","3933","FollowTarget","SimpleChar","79543CB6","SimpleChar:79543CB6","Malfunctioning Cleaning Robot","","","","","NpcPath","3596.979","51.7449989","783.935852","3596.03711","52.2449989","783.730713","","25","base_unknown=0;follow_type=1;follow_unknown=25","2","base_unknown=0;follow_type=1;follow_unknown=25;path_count=2;decoded_path_count=2",""
"2026-07-21T19:58:10.7854727Z","IN","3936","FollowTarget","SimpleChar","79543CB6","SimpleChar:79543CB6","Malfunctioning Cleaning Robot","","","","","NpcPath","3596.979","51.7449989","783.935852","3596.09204","52.2449989","784.00885","","25","base_unknown=0;follow_type=1;follow_unknown=25","2","base_unknown=0;follow_type=1;follow_unknown=25;path_count=2;decoded_path_count=2",""
"2026-07-21T19:58:10.7854727Z","IN","3932","FollowTarget","SimpleChar","797D36A5","SimpleChar:797D36A5","Malfunctioning Cleaning Robot","","","","","NpcPath","3596.81177","51.7449989","788.208923","3596.05518","51.7449989","788.482483","","25","base_unknown=0;follow_type=1;follow_unknown=25","2","base_unknown=0;follow_type=1;follow_unknown=25;path_count=2;decoded_path_count=2",""
"2026-07-21T19:58:10.7854727Z","IN","3935","FollowTarget","SimpleChar","797D36A5","SimpleChar:797D36A5","Malfunctioning Cleaning Robot","","","","","NpcPath","3596.81177","51.7449989","788.208923","3596.05518","51.7449989","788.482483","","25","base_unknown=0;follow_type=1;follow_unknown=25","2","base_unknown=0;follow_type=1;follow_unknown=25;path_count=2;decoded_path_count=2",""
"2026-07-21T19:58:11.0043377Z","IN","3938","FollowTarget","SimpleChar","797D36A5","SimpleChar:797D36A5","Malfunctioning Cleaning Robot","","","","","NpcPath","3596.81177","51.7449989","788.208923","3596.05518","51.7449989","788.482483","","25","base_unknown=0;follow_type=1;follow_unknown=25","2","base_unknown=0;follow_type=1;follow_unknown=25;path_count=2;decoded_path_count=2",""
"2026-07-21T19:58:11.0053365Z","IN","3939","FollowTarget","SimpleChar","79543CB6","SimpleChar:79543CB6","Malfunctioning Cleaning Robot","","","","","NpcPath","3596.979","51.7449989","783.935852","3596.07983","52.2449989","783.800293","","25","base_unknown=0;follow_type=1;follow_unknown=25","2","base_unknown=0;follow_type=1;follow_unknown=25;path_count=2;decoded_path_count=2",""
"2026-07-21T19:58:11.2132092Z","IN","3943","FollowTarget","SimpleChar","79543CB6","SimpleChar:79543CB6","Malfunctioning Cleaning Robot","","","","","NpcPath","3596.979","51.7449989","783.935852","3596.10522","51.7449989","783.924805","","25","base_unknown=0;follow_type=1;follow_unknown=25","2","base_unknown=0;follow_type=1;follow_unknown=25;path_count=2;decoded_path_count=2",""
"2026-07-21T19:58:11.2132092Z","IN","3942","FollowTarget","SimpleChar","797D36A5","SimpleChar:797D36A5","Malfunctioning Cleaning Robot","","","","","NpcPath","3596.81177","51.7449989","788.208923","3596.05518","51.7449989","788.482483","","25","base_unknown=0;follow_type=1;follow_unknown=25","2","base_unknown=0;follow_type=1;follow_unknown=25;path_count=2;decoded_path_count=2",""
"2026-07-21T19:58:11.4280768Z","IN","3950","FollowTarget","SimpleChar","79543CB6","SimpleChar:79543CB6","Malfunctioning Cleaning Robot","","","","","NpcPath","3596.979","51.7449989","783.935852","3596.10522","51.7449989","783.924805","","25","base_unknown=0;follow_type=1;follow_unknown=25","2","base_unknown=0;follow_type=1;follow_unknown=25;path_count=2;decoded_path_count=2",""
"2026-07-21T19:58:11.4280768Z","IN","3949","FollowTarget","SimpleChar","797D36A5","SimpleChar:797D36A5","Malfunctioning Cleaning Robot","","","","","NpcPath","3596.81177","51.7449989","788.208923","3596.04907","52.2449989","788.467407","","25","base_unknown=0;follow_type=1;follow_unknown=25","2","base_unknown=0;follow_type=1;follow_unknown=25;path_count=2;decoded_path_count=2",""
"2026-07-21T19:58:11.6219560Z","IN","3954","FollowTarget","SimpleChar","79543CB6","SimpleChar:79543CB6","Malfunctioning Cleaning Robot","","","","","NpcPath","3596.979","51.7449989","783.935852","3596.10522","51.7449989","783.924805","","25","base_unknown=0;follow_type=1;follow_unknown=25","2","base_unknown=0;follow_type=1;follow_unknown=25;path_count=2;decoded_path_count=2",""
"2026-07-21T19:58:11.6219560Z","IN","3953","FollowTarget","SimpleChar","797D36A5","SimpleChar:797D36A5","Malfunctioning Cleaning Robot","","","","","NpcPath","3596.81177","51.7449989","788.208923","3596.06982","52.2449989","788.540955","","25","base_unknown=0;follow_type=1;follow_unknown=25","2","base_unknown=0;follow_type=1;follow_unknown=25;path_count=2;decoded_path_count=2",""
"2026-07-21T19:58:11.8708030Z","IN","3957","FollowTarget","SimpleChar","79543CB6","SimpleChar:79543CB6","Malfunctioning Cleaning Robot","","","","","NpcPath","3596.979","51.7449989","783.935852","3596.10522","51.7449989","783.924805","","25","base_unknown=0;follow_type=1;follow_unknown=25","2","base_unknown=0;follow_type=1;follow_unknown=25;path_count=2;decoded_path_count=2",""
"2026-07-21T19:58:11.8708030Z","IN","3956","FollowTarget","SimpleChar","797D36A5","SimpleChar:797D36A5","Malfunctioning Cleaning Robot","","","","","NpcPath","3596.81177","51.7449989","788.208923","3596.06274","52.2449989","788.507324","","25","base_unknown=0;follow_type=1;follow_unknown=25","2","base_unknown=0;follow_type=1;follow_unknown=25;path_count=2;decoded_path_count=2",""
"2026-07-21T19:58:12.0756766Z","IN","3960","FollowTarget","SimpleChar","79543CB6","SimpleChar:79543CB6","Malfunctioning Cleaning Robot","","","","","NpcPath","3596.979","51.7449989","783.935852","3596.10522","51.7449989","783.924805","","25","base_unknown=0;follow_type=1;follow_unknown=25","2","base_unknown=0;follow_type=1;follow_unknown=25;path_count=2;decoded_path_count=2",""
"2026-07-21T19:58:12.0756766Z","IN","3959","FollowTarget","SimpleChar","797D36A5","SimpleChar:797D36A5","Malfunctioning Cleaning Robot","","","","","NpcPath","3596.81177","51.7449989","788.208923","3596.05518","51.7449989","788.482483","","25","base_unknown=0;follow_type=1;follow_unknown=25","2","base_unknown=0;follow_type=1;follow_unknown=25;path_count=2;decoded_path_count=2",""
"2026-07-21T19:58:12.3495076Z","IN","3963","FollowTarget","SimpleChar","79543CB6","SimpleChar:79543CB6","Malfunctioning Cleaning Robot","","","","","NpcPath","3596.979","51.7449989","783.935852","3596.10205","52.2449989","783.963562","","25","base_unknown=0;follow_type=1;follow_unknown=25","2","base_unknown=0;follow_type=1;follow_unknown=25;path_count=2;decoded_path_count=2",""
"2026-07-21T19:58:12.3495076Z","IN","3962","FollowTarget","SimpleChar","797D36A5","SimpleChar:797D36A5","Malfunctioning Cleaning Robot","","","","","NpcPath","3596.81177","51.7449989","788.208923","3596.05518","51.7449989","788.482483","","25","base_unknown=0;follow_type=1;follow_unknown=25","2","base_unknown=0;follow_type=1;follow_unknown=25;path_count=2;decoded_path_count=2",""
"2026-07-21T19:58:12.5453874Z","IN","3970","FollowTarget","SimpleChar","79543CB6","SimpleChar:79543CB6","Malfunctioning Cleaning Robot","","","","","NpcPath","3596.979","51.7449989","783.935852","3596.08496","52.2449989","784.029053","","25","base_unknown=0;follow_type=1;follow_unknown=25","2","base_unknown=0;follow_type=1;follow_unknown=25;path_count=2;decoded_path_count=2",""
"2026-07-21T19:58:12.5453874Z","IN","3969","FollowTarget","SimpleChar","797D36A5","SimpleChar:797D36A5","Malfunctioning Cleaning Robot","","","","","NpcPath","3596.81177","51.7449989","788.208923","3596.05518","51.7449989","788.482483","","25","base_unknown=0;follow_type=1;follow_unknown=25","2","base_unknown=0;follow_type=1;follow_unknown=25;path_count=2;decoded_path_count=2",""
"2026-07-21T19:58:12.7472630Z","IN","3973","FollowTarget","SimpleChar","79543CB6","SimpleChar:79543CB6","Malfunctioning Cleaning Robot","","","","","NpcPath","3596.979","51.7449989","783.935852","3596.03784","52.2449989","783.731689","","25","base_unknown=0;follow_type=1;follow_unknown=25","2","base_unknown=0;follow_type=1;follow_unknown=25;path_count=2;decoded_path_count=2",""
"2026-07-21T19:58:12.7472630Z","IN","3972","FollowTarget","SimpleChar","797D36A5","SimpleChar:797D36A5","Malfunctioning Cleaning Robot","","","","","NpcPath","3596.81177","51.7449989","788.208923","3596.05518","51.7449989","788.482483","","25","base_unknown=0;follow_type=1;follow_unknown=25","2","base_unknown=0;follow_type=1;follow_unknown=25;path_count=2;decoded_path_count=2",""
"2026-07-21T19:58:12.9601313Z","IN","3976","FollowTarget","SimpleChar","79543CB6","SimpleChar:79543CB6","Malfunctioning Cleaning Robot","","","","","NpcPath","3596.979","51.7449989","783.935852","3596.10522","51.7449989","783.924805","","25","base_unknown=0;follow_type=1;follow_unknown=25","2","base_unknown=0;follow_type=1;follow_unknown=25;path_count=2;decoded_path_count=2",""
"2026-07-21T19:58:12.9601313Z","IN","3975","FollowTarget","SimpleChar","797D36A5","SimpleChar:797D36A5","Malfunctioning Cleaning Robot","","","","","NpcPath","3596.81177","51.7449989","788.208923","3596.01978","52.2449989","788.413818","","25","base_unknown=0;follow_type=1;follow_unknown=25","2","base_unknown=0;follow_type=1;follow_unknown=25;path_count=2;decoded_path_count=2",""
"2026-07-21T19:58:13.1690025Z","IN","3979","FollowTarget","SimpleChar","79543CB6","SimpleChar:79543CB6","Malfunctioning Cleaning Robot","","","","","NpcPath","3596.979","51.7449989","783.935852","3596.09839","52.2449989","783.857056","","25","base_unknown=0;follow_type=1;follow_unknown=25","2","base_unknown=0;follow_type=1;follow_unknown=25;path_count=2;decoded_path_count=2",""
"2026-07-21T19:58:13.1690025Z","IN","3978","FollowTarget","SimpleChar","797D36A5","SimpleChar:797D36A5","Malfunctioning Cleaning Robot","","","","","NpcPath","3596.81177","51.7449989","788.208923","3596.05518","51.7449989","788.482483","","25","base_unknown=0;follow_type=1;follow_unknown=25","2","base_unknown=0;follow_type=1;follow_unknown=25;path_count=2;decoded_path_count=2",""
"2026-07-21T19:58:13.3828708Z","IN","3982","FollowTarget","SimpleChar","79543CB6","SimpleChar:79543CB6","Malfunctioning Cleaning Robot","","","","","NpcPath","3596.979","51.7449989","783.935852","3596.01123","52.2449989","784.139038","","25","base_unknown=0;follow_type=1;follow_unknown=25","2","base_unknown=0;follow_type=1;follow_unknown=25;path_count=2;decoded_path_count=2",""
"2026-07-21T19:58:13.3828708Z","IN","3981","FollowTarget","SimpleChar","797D36A5","SimpleChar:797D36A5","Malfunctioning Cleaning Robot","","","","","NpcPath","3596.81177","51.7449989","788.208923","3596.05518","51.7449989","788.482483","","25","base_unknown=0;follow_type=1;follow_unknown=25","2","base_unknown=0;follow_type=1;follow_unknown=25;path_count=2;decoded_path_count=2",""
"2026-07-21T19:58:13.5817473Z","IN","3994","FollowTarget","SimpleChar","79543CB6","SimpleChar:79543CB6","Malfunctioning Cleaning Robot","","","","","NpcPath","3596.979","51.7449989","783.935852","3596.10522","51.7449989","783.924805","","25","base_unknown=0;follow_type=1;follow_unknown=25","2","base_unknown=0;follow_type=1;follow_unknown=25;path_count=2;decoded_path_count=2",""
"2026-07-21T19:58:13.5817473Z","IN","3992","FollowTarget","SimpleChar","797D36A5","SimpleChar:797D36A5","Malfunctioning Cleaning Robot","","","","","NpcPath","3596.81177","51.7449989","788.208923","3596.07275","52.2449989","788.595642","","25","base_unknown=0;follow_type=1;follow_unknown=25","2","base_unknown=0;follow_type=1;follow_unknown=25;path_count=2;decoded_path_count=2",""
"2026-07-21T19:58:13.5817473Z","IN","3993","FollowTarget","SimpleChar","7986655E","SimpleChar:7986655E","Malfunctioning Cleaning Robot","","","","","NpcPath","3597.47388","51.7449989","772.848755","3598.74146","52.5","786.848022","","24","base_unknown=0;follow_type=1;follow_unknown=24","2","base_unknown=0;follow_type=1;follow_unknown=24;path_count=2;decoded_path_count=2",""
"2026-07-21T19:58:13.7846230Z","IN","3996","FollowTarget","SimpleChar","79543CB6","SimpleChar:79543CB6","Malfunctioning Cleaning Robot","","","","","NpcPath","3596.979","51.7449989","783.935852","3596.10522","51.7449989","783.924805","","25","base_unknown=0;follow_type=1;follow_unknown=25","2","base_unknown=0;follow_type=1;follow_unknown=25;path_count=2;decoded_path_count=2",""
"2026-07-21T19:58:13.7846230Z","IN","3995","FollowTarget","SimpleChar","797D36A5","SimpleChar:797D36A5","Malfunctioning Cleaning Robot","","","","","NpcPath","3596.81177","51.7449989","788.208923","3596.05518","51.7449989","788.482483","","25","base_unknown=0;follow_type=1;follow_unknown=25","2","base_unknown=0;follow_type=1;follow_unknown=25;path_count=2;decoded_path_count=2",""
"2026-07-21T19:58:14.0414646Z","IN","3998","FollowTarget","SimpleChar","79543CB6","SimpleChar:79543CB6","Malfunctioning Cleaning Robot","","","","","NpcPath","3596.979","51.7449989","783.935852","3596.10522","51.7449989","783.924805","","25","base_unknown=0;follow_type=1;follow_unknown=25","2","base_unknown=0;follow_type=1;follow_unknown=25;path_count=2;decoded_path_count=2",""
"2026-07-21T19:58:14.0414646Z","IN","3997","FollowTarget","SimpleChar","797D36A5","SimpleChar:797D36A5","Malfunctioning Cleaning Robot","","","","","NpcPath","3596.81177","51.7449989","788.208923","3596.05518","51.7449989","788.482483","","25","base_unknown=0;follow_type=1;follow_unknown=25","2","base_unknown=0;follow_type=1;follow_unknown=25;path_count=2;decoded_path_count=2",""
"2026-07-21T19:58:14.2413411Z","IN","4000","FollowTarget","SimpleChar","79543CB6","SimpleChar:79543CB6","Malfunctioning Cleaning Robot","","","","","NpcPath","3596.979","51.7449989","783.935852","3596.09204","52.2449989","783.833069","","25","base_unknown=0;follow_type=1;follow_unknown=25","2","base_unknown=0;follow_type=1;follow_unknown=25;path_count=2;decoded_path_count=2",""
"2026-07-21T19:58:14.2413411Z","IN","3999","FollowTarget","SimpleChar","797D36A5","SimpleChar:797D36A5","Malfunctioning Cleaning Robot","","","","","NpcPath","3596.81177","51.7449989","788.208923","3596.07251","52.2449989","788.570679","","25","base_unknown=0;follow_type=1;follow_unknown=25","2","base_unknown=0;follow_type=1;follow_unknown=25;path_count=2;decoded_path_count=2",""
"2026-07-21T19:58:14.4592070Z","IN","4007","FollowTarget","SimpleChar","79543CB6","SimpleChar:79543CB6","Malfunctioning Cleaning Robot","","","","","NpcPath","3596.979","51.7449989","783.935852","3596.06055","52.2449989","783.763489","","25","base_unknown=0;follow_type=1;follow_unknown=25","2","base_unknown=0;follow_type=1;follow_unknown=25;path_count=2;decoded_path_count=2",""
"2026-07-21T19:58:14.4592070Z","IN","4006","FollowTarget","SimpleChar","797D36A5","SimpleChar:797D36A5","Malfunctioning Cleaning Robot","","","","","NpcPath","3596.81177","51.7449989","788.208923","3596.05518","51.7449989","788.482483","","25","base_unknown=0;follow_type=1;follow_unknown=25","2","base_unknown=0;follow_type=1;follow_unknown=25;path_count=2;decoded_path_count=2",""
"2026-07-21T19:58:14.4592070Z","IN","4008","FollowTarget","SimpleChar","79866560","SimpleChar:79866560","Malfunctioning Cleaning Robot","","","","","NpcPath","3608.02783","53.2449989","801.701294","3620.7439","52.5","784.156067","","24","base_unknown=0;follow_type=1;follow_unknown=24","2","base_unknown=0;follow_type=1;follow_unknown=24;path_count=2;decoded_path_count=2",""
"2026-07-21T19:58:14.6620809Z","IN","4012","FollowTarget","SimpleChar","79543CB6","SimpleChar:79543CB6","Malfunctioning Cleaning Robot","","","","","NpcPath","3596.979","51.7449989","783.935852","3596.10352","52.2449989","783.888428","","25","base_unknown=0;follow_type=1;follow_unknown=25","2","base_unknown=0;follow_type=1;follow_unknown=25;path_count=2;decoded_path_count=2",""
"2026-07-21T19:58:14.6620809Z","IN","4010","FollowTarget","SimpleChar","797D36A5","SimpleChar:797D36A5","Malfunctioning Cleaning Robot","","","","","NpcPath","3596.81177","51.7449989","788.208923","3596.05518","51.7449989","788.482483","","25","base_unknown=0;follow_type=1;follow_unknown=25","2","base_unknown=0;follow_type=1;follow_unknown=25;path_count=2;decoded_path_count=2",""
"2026-07-21T19:58:15.1277936Z","IN","4015","FollowTarget","SimpleChar","79543CB6","SimpleChar:79543CB6","Malfunctioning Cleaning Robot","","","","","NpcPath","3596.979","51.7449989","783.935852","3596.07397","52.2449989","783.787537","","25","base_unknown=0;follow_type=1;follow_unknown=25","2","base_unknown=0;follow_type=1;follow_unknown=25;path_count=2;decoded_path_count=2",""
"2026-07-21T19:58:15.1277936Z","IN","4017","FollowTarget","SimpleChar","79543CB6","SimpleChar:79543CB6","Malfunctioning Cleaning Robot","","","","","NpcPath","3596.979","51.7449989","783.935852","3596.10522","51.7449989","783.924805","","25","base_unknown=0;follow_type=1;follow_unknown=25","2","base_unknown=0;follow_type=1;follow_unknown=25;path_count=2;decoded_path_count=2",""
"2026-07-21T19:58:15.1277936Z","IN","4014","FollowTarget","SimpleChar","797D36A5","SimpleChar:797D36A5","Malfunctioning Cleaning Robot","","","","","NpcPath","3596.81177","51.7449989","788.208923","3596.06958","52.2449989","788.628784","","25","base_unknown=0;follow_type=1;follow_unknown=25","2","base_unknown=0;follow_type=1;follow_unknown=25;path_count=2;decoded_path_count=2",""
"2026-07-21T19:58:15.1277936Z","IN","4016","FollowTarget","SimpleChar","797D36A5","SimpleChar:797D36A5","Malfunctioning Cleaning Robot","","","","","NpcPath","3596.81177","51.7449989","788.208923","3596.05518","51.7449989","788.482483","","25","base_unknown=0;follow_type=1;follow_unknown=25","2","base_unknown=0;follow_type=1;follow_unknown=25;path_count=2;decoded_path_count=2",""
"2026-07-21T19:58:15.3606500Z","IN","4020","FollowTarget","SimpleChar","79543CB6","SimpleChar:79543CB6","Malfunctioning Cleaning Robot","","","","","NpcPath","3596.979","51.7449989","783.935852","3596.10522","51.7449989","783.924805","","25","base_unknown=0;follow_type=1;follow_unknown=25","2","base_unknown=0;follow_type=1;follow_unknown=25;path_count=2;decoded_path_count=2",""
"2026-07-21T19:58:15.3606500Z","IN","4019","FollowTarget","SimpleChar","797D36A5","SimpleChar:797D36A5","Malfunctioning Cleaning Robot","","","","","NpcPath","3596.81177","51.7449989","788.208923","3596.05518","51.7449989","788.482483","","25","base_unknown=0;follow_type=1;follow_unknown=25","2","base_unknown=0;follow_type=1;follow_unknown=25;path_count=2;decoded_path_count=2",""
"2026-07-21T19:58:15.5725204Z","IN","4026","FollowTarget","SimpleChar","79543CB6","SimpleChar:79543CB6","Malfunctioning Cleaning Robot","","","","","NpcPath","3596.979","51.7449989","783.935852","3596.10522","52.2449989","783.922791","","25","base_unknown=0;follow_type=1;follow_unknown=25","2","base_unknown=0;follow_type=1;follow_unknown=25;path_count=2;decoded_path_count=2",""
"2026-07-21T19:58:15.5725204Z","IN","4025","FollowTarget","SimpleChar","797D36A5","SimpleChar:797D36A5","Malfunctioning Cleaning Robot","","","","","NpcPath","3596.81177","51.7449989","788.208923","3596.05518","51.7449989","788.482483","","25","base_unknown=0;follow_type=1;follow_unknown=25","2","base_unknown=0;follow_type=1;follow_unknown=25;path_count=2;decoded_path_count=2",""
"2026-07-21T19:58:15.7733972Z","IN","4028","FollowTarget","SimpleChar","79543CB6","SimpleChar:79543CB6","Malfunctioning Cleaning Robot","","","","","NpcPath","3596.979","51.7449989","783.935852","3596.02759","52.2449989","783.719788","","25","base_unknown=0;follow_type=1;follow_unknown=25","2","base_unknown=0;follow_type=1;follow_unknown=25;path_count=2;decoded_path_count=2",""
"2026-07-21T19:58:15.7733972Z","IN","4027","FollowTarget","SimpleChar","797D36A5","SimpleChar:797D36A5","Malfunctioning Cleaning Robot","","","","","NpcPath","3596.81177","51.7449989","788.208923","3596.05518","51.7449989","788.482483","","25","base_unknown=0;follow_type=1;follow_unknown=25","2","base_unknown=0;follow_type=1;follow_unknown=25;path_count=2;decoded_path_count=2",""
"2026-07-21T19:58:15.9832662Z","IN","4030","FollowTarget","SimpleChar","79543CB6","SimpleChar:79543CB6","Malfunctioning Cleaning Robot","","","","","NpcPath","3596.979","51.7449989","783.935852","3596.10522","51.7449989","783.924805","","25","base_unknown=0;follow_type=1;follow_unknown=25","2","base_unknown=0;follow_type=1;follow_unknown=25;path_count=2;decoded_path_count=2",""
"2026-07-21T19:58:15.9832662Z","IN","4029","FollowTarget","SimpleChar","797D36A5","SimpleChar:797D36A5","Malfunctioning Cleaning Robot","","","","","NpcPath","3596.81177","51.7449989","788.208923","3596.05518","51.7449989","788.482483","","25","base_unknown=0;follow_type=1;follow_unknown=25","2","base_unknown=0;follow_type=1;follow_unknown=25;path_count=2;decoded_path_count=2",""
"2026-07-21T19:58:16.1971351Z","IN","4032","FollowTarget","SimpleChar","79543CB6","SimpleChar:79543CB6","Malfunctioning Cleaning Robot","","","","","NpcPath","3596.979","51.7449989","783.935852","3596.10522","51.7449989","783.924805","","25","base_unknown=0;follow_type=1;follow_unknown=25","2","base_unknown=0;follow_type=1;follow_unknown=25;path_count=2;decoded_path_count=2",""
"2026-07-21T19:58:16.1971351Z","IN","4031","FollowTarget","SimpleChar","797D36A5","SimpleChar:797D36A5","Malfunctioning Cleaning Robot","","","","","NpcPath","3596.81177","51.7449989","788.208923","3596.05518","51.7449989","788.482483","","25","base_unknown=0;follow_type=1;follow_unknown=25","2","base_unknown=0;follow_type=1;follow_unknown=25;path_count=2;decoded_path_count=2",""
"2026-07-21T19:58:16.4020081Z","IN","4034","FollowTarget","SimpleChar","79543CB6","SimpleChar:79543CB6","Malfunctioning Cleaning Robot","","","","","NpcPath","3596.979","51.7449989","783.935852","3596.10522","51.7449989","783.924805","","25","base_unknown=0;follow_type=1;follow_unknown=25","2","base_unknown=0;follow_type=1;follow_unknown=25;path_count=2;decoded_path_count=2",""
"2026-07-21T19:58:16.4020081Z","IN","4033","FollowTarget","SimpleChar","797D36A5","SimpleChar:797D36A5","Malfunctioning Cleaning Robot","","","","","NpcPath","3596.81177","51.7449989","788.208923","3596.02637","52.2449989","788.42395","","25","base_unknown=0;follow_type=1;follow_unknown=25","2","base_unknown=0;follow_type=1;follow_unknown=25;path_count=2;decoded_path_count=2",""
"2026-07-21T19:58:16.8346789Z","IN","4046","FollowTarget","SimpleChar","79543CB6","SimpleChar:79543CB6","Malfunctioning Cleaning Robot","","","","","NpcPath","3596.979","51.7449989","783.935852","3596.04004","52.2449989","783.734436","","25","base_unknown=0;follow_type=1;follow_unknown=25","2","base_unknown=0;follow_type=1;follow_unknown=25;path_count=2;decoded_path_count=2",""
"2026-07-21T19:58:16.8346789Z","IN","4045","FollowTarget","SimpleChar","797D36A5","SimpleChar:797D36A5","Malfunctioning Cleaning Robot","","","","","NpcPath","3596.81177","51.7449989","788.208923","3596.03882","52.2449989","788.445374","","25","base_unknown=0;follow_type=1;follow_unknown=25","2","base_unknown=0;follow_type=1;follow_unknown=25;path_count=2;decoded_path_count=2",""
"2026-07-21T19:58:16.8346789Z","IN","4044","FollowTarget","SimpleChar","7986655D","SimpleChar:7986655D","Malfunctioning Cleaning Robot","","","","","NpcPath","3620.50464","51.7449989","784.844299","3612.25024","52.5","788.165344","","24","base_unknown=0;follow_type=1;follow_unknown=24","2","base_unknown=0;follow_type=1;follow_unknown=24;path_count=2;decoded_path_count=2",""
"2026-07-21T19:58:16.8356790Z","IN","4051","FollowTarget","SimpleChar","79543CB6","SimpleChar:79543CB6","Malfunctioning Cleaning Robot","","","","","NpcPath","3596.979","51.7449989","783.935852","3596.09375","52.2449989","784.00293","","25","base_unknown=0;follow_type=1;follow_unknown=25","2","base_unknown=0;follow_type=1;follow_unknown=25;path_count=2;decoded_path_count=2",""
"2026-07-21T19:58:16.8356790Z","IN","4050","FollowTarget","SimpleChar","797D36A5","SimpleChar:797D36A5","Malfunctioning Cleaning Robot","","","","","NpcPath","3596.81177","51.7449989","788.208923","3596.05518","51.7449989","788.482483","","25","base_unknown=0;follow_type=1;follow_unknown=25","2","base_unknown=0;follow_type=1;follow_unknown=25;path_count=2;decoded_path_count=2",""
"2026-07-21T19:58:17.0375538Z","IN","4054","FollowTarget","SimpleChar","79543CB6","SimpleChar:79543CB6","Malfunctioning Cleaning Robot","","","","","NpcPath","3596.979","51.7449989","783.935852","3596.10522","51.7449989","783.924805","","25","base_unknown=0;follow_type=1;follow_unknown=25","2","base_unknown=0;follow_type=1;follow_unknown=25;path_count=2;decoded_path_count=2",""
"2026-07-21T19:58:17.0375538Z","IN","4053","FollowTarget","SimpleChar","797D36A5","SimpleChar:797D36A5","Malfunctioning Cleaning Robot","","","","","NpcPath","3596.81177","51.7449989","788.208923","3596.05518","51.7449989","788.482483","","25","base_unknown=0;follow_type=1;follow_unknown=25","2","base_unknown=0;follow_type=1;follow_unknown=25;path_count=2;decoded_path_count=2",""
"2026-07-21T19:58:17.2529684Z","IN","4057","FollowTarget","SimpleChar","79543CB6","SimpleChar:79543CB6","Malfunctioning Cleaning Robot","","","","","NpcPath","3596.979","51.7449989","783.935852","3596.03662","52.2449989","784.111877","","25","base_unknown=0;follow_type=1;follow_unknown=25","2","base_unknown=0;follow_type=1;follow_unknown=25;path_count=2;decoded_path_count=2",""
"2026-07-21T19:58:17.2529684Z","IN","4056","FollowTarget","SimpleChar","797D36A5","SimpleChar:797D36A5","Malfunctioning Cleaning Robot","","","","","NpcPath","3596.81177","51.7449989","788.208923","3596.05518","51.7449989","788.482483","","25","base_unknown=0;follow_type=1;follow_unknown=25","2","base_unknown=0;follow_type=1;follow_unknown=25;path_count=2;decoded_path_count=2",""
"2026-07-21T19:58:17.4668352Z","IN","4060","FollowTarget","SimpleChar","79543CB6","SimpleChar:79543CB6","Malfunctioning Cleaning Robot","","","","","NpcPath","3596.979","51.7449989","783.935852","3596.08984","52.2449989","784.015381","","25","base_unknown=0;follow_type=1;follow_unknown=25","2","base_unknown=0;follow_type=1;follow_unknown=25;path_count=2;decoded_path_count=2",""
"2026-07-21T19:58:17.4668352Z","IN","4059","FollowTarget","SimpleChar","797D36A5","SimpleChar:797D36A5","Malfunctioning Cleaning Robot","","","","","NpcPath","3596.81177","51.7449989","788.208923","3596.05518","51.7449989","788.482483","","25","base_unknown=0;follow_type=1;follow_unknown=25","2","base_unknown=0;follow_type=1;follow_unknown=25;path_count=2;decoded_path_count=2",""
"2026-07-21T19:58:17.6886995Z","IN","4069","FollowTarget","SimpleChar","79543CB6","SimpleChar:79543CB6","Malfunctioning Cleaning Robot","","","","","NpcPath","3596.979","51.7449989","783.935852","3596.03955","52.2449989","783.733826","","25","base_unknown=0;follow_type=1;follow_unknown=25","2","base_unknown=0;follow_type=1;follow_unknown=25;path_count=2;decoded_path_count=2",""
"2026-07-21T19:58:17.6886995Z","IN","4068","FollowTarget","SimpleChar","797D36A5","SimpleChar:797D36A5","Malfunctioning Cleaning Robot","","","","","NpcPath","3596.81177","51.7449989","788.208923","3596.05518","51.7449989","788.482483","","25","base_unknown=0;follow_type=1;follow_unknown=25","2","base_unknown=0;follow_type=1;follow_unknown=25;path_count=2;decoded_path_count=2",""
"2026-07-21T19:58:17.9015679Z","IN","4072","FollowTarget","SimpleChar","79543CB6","SimpleChar:79543CB6","Malfunctioning Cleaning Robot","","","","","NpcPath","3596.979","51.7449989","783.935852","3596.10522","51.7449989","783.924805","","25","base_unknown=0;follow_type=1;follow_unknown=25","2","base_unknown=0;follow_type=1;follow_unknown=25;path_count=2;decoded_path_count=2",""
"2026-07-21T19:58:17.9015679Z","IN","4071","FollowTarget","SimpleChar","797D36A5","SimpleChar:797D36A5","Malfunctioning Cleaning Robot","","","","","NpcPath","3596.81177","51.7449989","788.208923","3596.05518","51.7449989","788.482483","","25","base_unknown=0;follow_type=1;follow_unknown=25","2","base_unknown=0;follow_type=1;follow_unknown=25;path_count=2;decoded_path_count=2",""
"2026-07-21T19:58:18.1034447Z","IN","4075","FollowTarget","SimpleChar","79543CB6","SimpleChar:79543CB6","Malfunctioning Cleaning Robot","","","","","NpcPath","3596.979","51.7449989","783.935852","3596.10522","51.7449989","783.924805","","25","base_unknown=0;follow_type=1;follow_unknown=25","2","base_unknown=0;follow_type=1;follow_unknown=25;path_count=2;decoded_path_count=2",""
"2026-07-21T19:58:18.1034447Z","IN","4074","FollowTarget","SimpleChar","797D36A5","SimpleChar:797D36A5","Malfunctioning Cleaning Robot","","","","","NpcPath","3596.81177","51.7449989","788.208923","3596.03467","52.2449989","788.731079","","25","base_unknown=0;follow_type=1;follow_unknown=25","2","base_unknown=0;follow_type=1;follow_unknown=25;path_count=2;decoded_path_count=2",""
"2026-07-21T19:58:18.3682795Z","IN","4079","FollowTarget","SimpleChar","79543CB6","SimpleChar:79543CB6","Malfunctioning Cleaning Robot","","","","","NpcPath","3596.979","51.7449989","783.935852","3596.10522","51.7449989","783.924805","","25","base_unknown=0;follow_type=1;follow_unknown=25","2","base_unknown=0;follow_type=1;follow_unknown=25;path_count=2;decoded_path_count=2",""
"2026-07-21T19:58:18.3682795Z","IN","4078","FollowTarget","SimpleChar","797D36A5","SimpleChar:797D36A5","Malfunctioning Cleaning Robot","","","","","NpcPath","3596.81177","51.7449989","788.208923","3596.02686","52.2449989","788.744446","","25","base_unknown=0;follow_type=1;follow_unknown=25","2","base_unknown=0;follow_type=1;follow_unknown=25;path_count=2;decoded_path_count=2",""
"2026-07-21T19:58:18.5711544Z","IN","4087","FollowTarget","SimpleChar","79543CB6","SimpleChar:79543CB6","Malfunctioning Cleaning Robot","","","","","NpcPath","3596.979","51.7449989","783.935852","3596.03882","52.2449989","784.10907","","25","base_unknown=0;follow_type=1;follow_unknown=25","2","base_unknown=0;follow_type=1;follow_unknown=25;path_count=2;decoded_path_count=2",""
"2026-07-21T19:58:18.5711544Z","IN","4086","FollowTarget","SimpleChar","797D36A5","SimpleChar:797D36A5","Malfunctioning Cleaning Robot","","","","","NpcPath","3596.81177","51.7449989","788.208923","3596.05518","51.7449989","788.482483","","25","base_unknown=0;follow_type=1;follow_unknown=25","2","base_unknown=0;follow_type=1;follow_unknown=25;path_count=2;decoded_path_count=2",""
"2026-07-21T19:58:18.7860238Z","IN","4089","FollowTarget","SimpleChar","79543CB6","SimpleChar:79543CB6","Malfunctioning Cleaning Robot","","","","","NpcPath","3596.979","51.7449989","783.935852","3596.03296","52.2449989","784.11615","","25","base_unknown=0;follow_type=1;follow_unknown=25","2","base_unknown=0;follow_type=1;follow_unknown=25;path_count=2;decoded_path_count=2",""
"2026-07-21T19:58:18.7860238Z","IN","4088","FollowTarget","SimpleChar","797D36A5","SimpleChar:797D36A5","Malfunctioning Cleaning Robot","","","","","NpcPath","3596.81177","51.7449989","788.208923","3596.05615","52.2449989","788.683533","","25","base_unknown=0;follow_type=1;follow_unknown=25","2","base_unknown=0;follow_type=1;follow_unknown=25;path_count=2;decoded_path_count=2",""
"2026-07-21T19:58:18.9859010Z","IN","4092","FollowTarget","SimpleChar","79543CB6","SimpleChar:79543CB6","Malfunctioning Cleaning Robot","","","","","NpcPath","3596.979","51.7449989","783.935852","3596.08521","52.2449989","783.81366","","25","base_unknown=0;follow_type=1;follow_unknown=25","2","base_unknown=0;follow_type=1;follow_unknown=25;path_count=2;decoded_path_count=2",""
"2026-07-21T19:58:18.9859010Z","IN","4091","FollowTarget","SimpleChar","797D36A5","SimpleChar:797D36A5","Malfunctioning Cleaning Robot","","","","","NpcPath","3596.81177","51.7449989","788.208923","3596.05518","51.7449989","788.482483","","25","base_unknown=0;follow_type=1;follow_unknown=25","2","base_unknown=0;follow_type=1;follow_unknown=25;path_count=2;decoded_path_count=2",""
"2026-07-21T19:58:19.1977685Z","IN","4094","FollowTarget","SimpleChar","79543CB6","SimpleChar:79543CB6","Malfunctioning Cleaning Robot","","","","","NpcPath","3596.979","51.7449989","783.935852","3596.01392","52.2449989","784.136414","","25","base_unknown=0;follow_type=1;follow_unknown=25","2","base_unknown=0;follow_type=1;follow_unknown=25;path_count=2;decoded_path_count=2",""
"2026-07-21T19:58:19.1977685Z","IN","4093","FollowTarget","SimpleChar","797D36A5","SimpleChar:797D36A5","Malfunctioning Cleaning Robot","","","","","NpcPath","3596.81177","51.7449989","788.208923","3596.06934","52.2449989","788.630249","","25","base_unknown=0;follow_type=1;follow_unknown=25","2","base_unknown=0;follow_type=1;follow_unknown=25;path_count=2;decoded_path_count=2",""
"2026-07-21T19:58:19.4056417Z","IN","4099","FollowTarget","SimpleChar","79543CB6","SimpleChar:79543CB6","Malfunctioning Cleaning Robot","","","","","NpcPath","3596.979","51.7449989","783.935852","3596.10522","51.7449989","783.924805","","25","base_unknown=0;follow_type=1;follow_unknown=25","2","base_unknown=0;follow_type=1;follow_unknown=25;path_count=2;decoded_path_count=2",""
"2026-07-21T19:58:19.4056417Z","IN","4098","FollowTarget","SimpleChar","797D36A5","SimpleChar:797D36A5","Malfunctioning Cleaning Robot","","","","","NpcPath","3596.81177","51.7449989","788.208923","3596.05518","51.7449989","788.482483","","25","base_unknown=0;follow_type=1;follow_unknown=25","2","base_unknown=0;follow_type=1;follow_unknown=25;path_count=2;decoded_path_count=2",""
"2026-07-21T19:58:19.8163870Z","IN","4110","FollowTarget","SimpleChar","79543CB6","SimpleChar:79543CB6","Malfunctioning Cleaning Robot","","","","","NpcPath","3596.979","51.7449989","783.935852","3596.10522","51.7449989","783.924805","","25","base_unknown=0;follow_type=1;follow_unknown=25","2","base_unknown=0;follow_type=1;follow_unknown=25;path_count=2;decoded_path_count=2",""
"2026-07-21T19:58:19.8163870Z","IN","4112","FollowTarget","SimpleChar","79543CB6","SimpleChar:79543CB6","Malfunctioning Cleaning Robot","","","","","NpcPath","3596.979","51.7449989","783.935852","3596.04248","52.2449989","784.104431","","25","base_unknown=0;follow_type=1;follow_unknown=25","2","base_unknown=0;follow_type=1;follow_unknown=25;path_count=2;decoded_path_count=2",""
"2026-07-21T19:58:19.8163870Z","IN","4109","FollowTarget","SimpleChar","797D36A5","SimpleChar:797D36A5","Malfunctioning Cleaning Robot","","","","","NpcPath","3596.81177","51.7449989","788.208923","3596.05396","52.2449989","788.479492","","25","base_unknown=0;follow_type=1;follow_unknown=25","2","base_unknown=0;follow_type=1;follow_unknown=25;path_count=2;decoded_path_count=2",""
"2026-07-21T19:58:19.8163870Z","IN","4111","FollowTarget","SimpleChar","797D36A5","SimpleChar:797D36A5","Malfunctioning Cleaning Robot","","","","","NpcPath","3596.81177","51.7449989","788.208923","3596.05225","52.2449989","788.47467","","25","base_unknown=0;follow_type=1;follow_unknown=25","2","base_unknown=0;follow_type=1;follow_unknown=25;path_count=2;decoded_path_count=2",""
"2026-07-21T19:58:20.0542404Z","IN","4115","FollowTarget","SimpleChar","79543CB6","SimpleChar:79543CB6","Malfunctioning Cleaning Robot","","","","","NpcPath","3596.979","51.7449989","783.935852","3596.10522","51.7449989","783.924805","","25","base_unknown=0;follow_type=1;follow_unknown=25","2","base_unknown=0;follow_type=1;follow_unknown=25;path_count=2;decoded_path_count=2",""
"2026-07-21T19:58:20.0542404Z","IN","4114","FollowTarget","SimpleChar","797D36A5","SimpleChar:797D36A5","Malfunctioning Cleaning Robot","","","","","NpcPath","3596.81177","51.7449989","788.208923","3596.05518","51.7449989","788.482483","","25","base_unknown=0;follow_type=1;follow_unknown=25","2","base_unknown=0;follow_type=1;follow_unknown=25;path_count=2;decoded_path_count=2",""
"2026-07-21T19:58:20.2571152Z","IN","4117","FollowTarget","SimpleChar","79543CB6","SimpleChar:79543CB6","Malfunctioning Cleaning Robot","","","","","NpcPath","3596.979","51.7449989","783.935852","3596.09009","52.2449989","784.015015","","25","base_unknown=0;follow_type=1;follow_unknown=25","2","base_unknown=0;follow_type=1;follow_unknown=25;path_count=2;decoded_path_count=2",""
"2026-07-21T19:58:20.2571152Z","IN","4116","FollowTarget","SimpleChar","797D36A5","SimpleChar:797D36A5","Malfunctioning Cleaning Robot","","","","","NpcPath","3596.81177","51.7449989","788.208923","3596.01001","52.2449989","788.768494","","25","base_unknown=0;follow_type=1;follow_unknown=25","2","base_unknown=0;follow_type=1;follow_unknown=25;path_count=2;decoded_path_count=2",""
"2026-07-21T19:58:20.4719819Z","IN","4120","FollowTarget","SimpleChar","79543CB6","SimpleChar:79543CB6","Malfunctioning Cleaning Robot","","","","","NpcPath","3596.979","51.7449989","783.935852","3596.10522","51.7449989","783.924805","","25","base_unknown=0;follow_type=1;follow_unknown=25","2","base_unknown=0;follow_type=1;follow_unknown=25;path_count=2;decoded_path_count=2",""
"2026-07-21T19:58:20.4719819Z","IN","4119","FollowTarget","SimpleChar","797D36A5","SimpleChar:797D36A5","Malfunctioning Cleaning Robot","","","","","NpcPath","3596.81177","51.7449989","788.208923","3596.05518","51.7449989","788.482483","","25","base_unknown=0;follow_type=1;follow_unknown=25","2","base_unknown=0;follow_type=1;follow_unknown=25;path_count=2;decoded_path_count=2",""
"2026-07-21T19:58:20.6838523Z","IN","4127","FollowTarget","SimpleChar","79543CB6","SimpleChar:79543CB6","Malfunctioning Cleaning Robot","","","","","NpcPath","3596.979","51.7449989","783.935852","3596.10522","51.7449989","783.924805","","25","base_unknown=0;follow_type=1;follow_unknown=25","2","base_unknown=0;follow_type=1;follow_unknown=25;path_count=2;decoded_path_count=2",""
"2026-07-21T19:58:20.6838523Z","IN","4126","FollowTarget","SimpleChar","797D36A5","SimpleChar:797D36A5","Malfunctioning Cleaning Robot","","","","","NpcPath","3596.81177","51.7449989","788.208923","3596.05518","51.7449989","788.482483","","25","base_unknown=0;follow_type=1;follow_unknown=25","2","base_unknown=0;follow_type=1;follow_unknown=25;path_count=2;decoded_path_count=2",""
"2026-07-21T19:58:20.8857289Z","IN","4129","FollowTarget","SimpleChar","79543CB6","SimpleChar:79543CB6","Malfunctioning Cleaning Robot","","","","","NpcPath","3596.979","51.7449989","783.935852","3596.10522","51.7449989","783.924805","","25","base_unknown=0;follow_type=1;follow_unknown=25","2","base_unknown=0;follow_type=1;follow_unknown=25;path_count=2;decoded_path_count=2",""
"2026-07-21T19:58:20.8857289Z","IN","4128","FollowTarget","SimpleChar","797D36A5","SimpleChar:797D36A5","Malfunctioning Cleaning Robot","","","","","NpcPath","3596.81177","51.7449989","788.208923","3596.04761","52.2449989","788.463745","","25","base_unknown=0;follow_type=1;follow_unknown=25","2","base_unknown=0;follow_type=1;follow_unknown=25;path_count=2;decoded_path_count=2",""
"2026-07-21T19:58:21.1005951Z","IN","4131","FollowTarget","SimpleChar","79543CB6","SimpleChar:79543CB6","Malfunctioning Cleaning Robot","","","","","NpcPath","3596.979","51.7449989","783.935852","3596.10522","51.7449989","783.924805","","25","base_unknown=0;follow_type=1;follow_unknown=25","2","base_unknown=0;follow_type=1;follow_unknown=25;path_count=2;decoded_path_count=2",""
"2026-07-21T19:58:21.1005951Z","IN","4130","FollowTarget","SimpleChar","797D36A5","SimpleChar:797D36A5","Malfunctioning Cleaning Robot","","","","","NpcPath","3596.81177","51.7449989","788.208923","3596.02466","52.2449989","788.747803","","25","base_unknown=0;follow_type=1;follow_unknown=25","2","base_unknown=0;follow_type=1;follow_unknown=25;path_count=2;decoded_path_count=2",""
"2026-07-21T19:58:21.3154625Z","IN","4133","FollowTarget","SimpleChar","79543CB6","SimpleChar:79543CB6","Malfunctioning Cleaning Robot","","","","","NpcPath","3596.979","51.7449989","783.935852","3596.03687","52.2449989","784.111694","","25","base_unknown=0;follow_type=1;follow_unknown=25","2","base_unknown=0;follow_type=1;follow_unknown=25;path_count=2;decoded_path_count=2",""
"2026-07-21T19:58:21.3154625Z","IN","4132","FollowTarget","SimpleChar","797D36A5","SimpleChar:797D36A5","Malfunctioning Cleaning Robot","","","","","NpcPath","3596.81177","51.7449989","788.208923","3596.05518","51.7449989","788.482483","","25","base_unknown=0;follow_type=1;follow_unknown=25","2","base_unknown=0;follow_type=1;follow_unknown=25;path_count=2;decoded_path_count=2",""
"2026-07-21T19:58:21.5073444Z","IN","4135","FollowTarget","SimpleChar","79543CB6","SimpleChar:79543CB6","Malfunctioning Cleaning Robot","","","","","NpcPath","3596.979","51.7449989","783.935852","3596.10522","51.7449989","783.924805","","25","base_unknown=0;follow_type=1;follow_unknown=25","2","base_unknown=0;follow_type=1;follow_unknown=25;path_count=2;decoded_path_count=2",""
"2026-07-21T19:58:21.5073444Z","IN","4134","FollowTarget","SimpleChar","797D36A5","SimpleChar:797D36A5","Malfunctioning Cleaning Robot","","","","","NpcPath","3596.81177","51.7449989","788.208923","3596.05518","51.7449989","788.482483","","25","base_unknown=0;follow_type=1;follow_unknown=25","2","base_unknown=0;follow_type=1;follow_unknown=25;path_count=2;decoded_path_count=2",""
"2026-07-21T19:58:21.7322057Z","IN","4142","FollowTarget","SimpleChar","79543CB6","SimpleChar:79543CB6","Malfunctioning Cleaning Robot","","","","","NpcPath","3596.979","51.7449989","783.935852","3596.10522","52.2449989","783.918762","","25","base_unknown=0;follow_type=1;follow_unknown=25","2","base_unknown=0;follow_type=1;follow_unknown=25;path_count=2;decoded_path_count=2",""
"2026-07-21T19:58:21.7322057Z","IN","4140","FollowTarget","SimpleChar","797D36A5","SimpleChar:797D36A5","Malfunctioning Cleaning Robot","","","","","NpcPath","3596.81177","51.7449989","788.208923","3596.07153","52.2449989","788.614319","","25","base_unknown=0;follow_type=1;follow_unknown=25","2","base_unknown=0;follow_type=1;follow_unknown=25;path_count=2;decoded_path_count=2",""
"2026-07-21T19:58:21.9220886Z","IN","4144","FollowTarget","SimpleChar","797D36A5","SimpleChar:797D36A5","Malfunctioning Cleaning Robot","","","","","NpcPath","3596.81177","51.7449989","788.208923","3596.05518","51.7449989","788.482483","","25","base_unknown=0;follow_type=1;follow_unknown=25","2","base_unknown=0;follow_type=1;follow_unknown=25;path_count=2;decoded_path_count=2",""
"2026-07-21T19:58:21.9230878Z","IN","4146","FollowTarget","SimpleChar","79543CB6","SimpleChar:79543CB6","Malfunctioning Cleaning Robot","","","","","NpcPath","3596.979","51.7449989","783.935852","3596.10522","51.7449989","783.924805","","25","base_unknown=0;follow_type=1;follow_unknown=25","2","base_unknown=0;follow_type=1;follow_unknown=25;path_count=2;decoded_path_count=2",""
"2026-07-21T19:58:22.1819299Z","IN","4148","FollowTarget","SimpleChar","79543CB6","SimpleChar:79543CB6","Malfunctioning Cleaning Robot","","","","","NpcPath","3596.979","51.7449989","783.935852","3596.104","52.2449989","783.947021","","25","base_unknown=0;follow_type=1;follow_unknown=25","2","base_unknown=0;follow_type=1;follow_unknown=25;path_count=2;decoded_path_count=2",""
"2026-07-21T19:58:22.1819299Z","IN","4147","FollowTarget","SimpleChar","797D36A5","SimpleChar:797D36A5","Malfunctioning Cleaning Robot","","","","","NpcPath","3596.81177","51.7449989","788.208923","3596.05518","51.7449989","788.482483","","25","base_unknown=0;follow_type=1;follow_unknown=25","2","base_unknown=0;follow_type=1;follow_unknown=25;path_count=2;decoded_path_count=2",""
"2026-07-21T19:58:22.3838048Z","IN","4151","FollowTarget","SimpleChar","797D36A5","SimpleChar:797D36A5","Malfunctioning Cleaning Robot","","","","","NpcPath","3596.81177","51.7449989","788.208923","3596.05518","51.7449989","788.482483","","25","base_unknown=0;follow_type=1;follow_unknown=25","2","base_unknown=0;follow_type=1;follow_unknown=25;path_count=2;decoded_path_count=2",""
"2026-07-21T19:58:22.3838048Z","IN","4150","FollowTarget","SimpleChar","7986655D","SimpleChar:7986655D","Malfunctioning Cleaning Robot","","","","","NpcPath","3613.16748","52.1349983","787.796509","3612.27637","52.5","788.116638","","24","base_unknown=0;follow_type=1;follow_unknown=24","2","base_unknown=0;follow_type=1;follow_unknown=24;path_count=2;decoded_path_count=2",""
"2026-07-21T19:58:22.3848024Z","IN","4153","FollowTarget","SimpleChar","79543CB6","SimpleChar:79543CB6","Malfunctioning Cleaning Robot","","","","","NpcPath","3596.979","51.7449989","783.935852","3596.06274","52.2449989","783.767273","","25","base_unknown=0;follow_type=1;follow_unknown=25","2","base_unknown=0;follow_type=1;follow_unknown=25;path_count=2;decoded_path_count=2",""
"2026-07-21T19:58:22.6106632Z","IN","4158","FollowTarget","SimpleChar","79543CB6","SimpleChar:79543CB6","Malfunctioning Cleaning Robot","","","","","NpcPath","3596.979","51.7449989","783.935852","3596.02051","52.2449989","784.129883","","25","base_unknown=0;follow_type=1;follow_unknown=25","2","base_unknown=0;follow_type=1;follow_unknown=25;path_count=2;decoded_path_count=2",""
"2026-07-21T19:58:22.6106632Z","IN","4156","FollowTarget","SimpleChar","797D36A5","SimpleChar:797D36A5","Malfunctioning Cleaning Robot","","","","","NpcPath","3596.81177","51.7449989","788.208923","3596.05518","51.7449989","788.482483","","25","base_unknown=0;follow_type=1;follow_unknown=25","2","base_unknown=0;follow_type=1;follow_unknown=25;path_count=2;decoded_path_count=2",""
"2026-07-21T19:58:22.6106632Z","IN","4155","FollowTarget","SimpleChar","7986655D","SimpleChar:7986655D","Malfunctioning Cleaning Robot","","","","","NpcPath","3613.16748","52.1349983","787.796509","3612.21191","52.5","788.21228","","24","base_unknown=0;follow_type=1;follow_unknown=24","2","base_unknown=0;follow_type=1;follow_unknown=24;path_count=2;decoded_path_count=2",""
"2026-07-21T19:58:22.8065444Z","IN","4173","FollowTarget","SimpleChar","79543CB6","SimpleChar:79543CB6","Malfunctioning Cleaning Robot","","","","","NpcPath","3596.979","51.7449989","783.935852","3596.10522","51.7449989","783.924805","","25","base_unknown=0;follow_type=1;follow_unknown=25","2","base_unknown=0;follow_type=1;follow_unknown=25;path_count=2;decoded_path_count=2",""
"2026-07-21T19:58:22.8065444Z","IN","4170","FollowTarget","SimpleChar","797D36A5","SimpleChar:797D36A5","Malfunctioning Cleaning Robot","","","","","NpcPath","3596.81177","51.7449989","788.208923","3596.07056","52.2449989","788.546631","","25","base_unknown=0;follow_type=1;follow_unknown=25","2","base_unknown=0;follow_type=1;follow_unknown=25;path_count=2;decoded_path_count=2",""
"2026-07-21T19:58:22.8065444Z","IN","4169","FollowTarget","SimpleChar","7986655D","SimpleChar:7986655D","Malfunctioning Cleaning Robot","","","","","NpcPath","3613.12085","52.1349983","787.816833","3612.13892","52.5","787.734131","","24","base_unknown=0;follow_type=1;follow_unknown=24","2","base_unknown=0;follow_type=1;follow_unknown=24;path_count=2;decoded_path_count=2",""
"2026-07-21T19:58:22.8065444Z","IN","4171","FollowTarget","SimpleChar","7986655E","SimpleChar:7986655E","Malfunctioning Cleaning Robot","","","","","NpcPath","3598.65503","51.7449989","785.887573","3598.70142","52.5","786.971313","","24","base_unknown=0;follow_type=1;follow_unknown=24","2","base_unknown=0;follow_type=1;follow_unknown=24;path_count=2;decoded_path_count=2",""
"2026-07-21T19:58:23.0184124Z","IN","4178","FollowTarget","SimpleChar","79543CB6","SimpleChar:79543CB6","Malfunctioning Cleaning Robot","","","","","NpcPath","3596.979","51.7449989","783.935852","3596.07056","52.2449989","783.780945","","25","base_unknown=0;follow_type=1;follow_unknown=25","2","base_unknown=0;follow_type=1;follow_unknown=25;path_count=2;decoded_path_count=2",""
"2026-07-21T19:58:23.0184124Z","IN","4176","FollowTarget","SimpleChar","797D36A5","SimpleChar:797D36A5","Malfunctioning Cleaning Robot","","","","","NpcPath","3596.81177","51.7449989","788.208923","3596.05518","51.7449989","788.482483","","25","base_unknown=0;follow_type=1;follow_unknown=25","2","base_unknown=0;follow_type=1;follow_unknown=25;path_count=2;decoded_path_count=2",""
"2026-07-21T19:58:23.0184124Z","IN","4175","FollowTarget","SimpleChar","7986655D","SimpleChar:7986655D","Malfunctioning Cleaning Robot","","","","","NpcPath","3613.12085","52.1349983","787.816833","3612.05322","52.5","787.704773","","24","base_unknown=0;follow_type=1;follow_unknown=24","2","base_unknown=0;follow_type=1;follow_unknown=24;path_count=2;decoded_path_count=2",""
"2026-07-21T19:58:23.2252837Z","IN","4186","FollowTarget","SimpleChar","79543CB6","SimpleChar:79543CB6","Malfunctioning Cleaning Robot","","","","","NpcPath","3596.979","51.7449989","783.935852","3596.10522","51.7449989","783.924805","","25","base_unknown=0;follow_type=1;follow_unknown=25","2","base_unknown=0;follow_type=1;follow_unknown=25;path_count=2;decoded_path_count=2",""
"2026-07-21T19:58:23.2252837Z","IN","4183","FollowTarget","SimpleChar","797D36A5","SimpleChar:797D36A5","Malfunctioning Cleaning Robot","","","","","NpcPath","3596.81177","51.7449989","788.208923","3596.01782","52.2449989","788.757629","","25","base_unknown=0;follow_type=1;follow_unknown=25","2","base_unknown=0;follow_type=1;follow_unknown=25;path_count=2;decoded_path_count=2",""
"2026-07-21T19:58:23.2252837Z","IN","4184","FollowTarget","SimpleChar","7986655E","SimpleChar:7986655E","Malfunctioning Cleaning Robot","","","","","NpcPath","3598.65894","51.7449989","785.983337","3599.28418","52.5","786.904114","","24","base_unknown=0;follow_type=1;follow_unknown=24","2","base_unknown=0;follow_type=1;follow_unknown=24;path_count=2;decoded_path_count=2",""
"2026-07-21T19:58:23.4691340Z","IN","4191","FollowTarget","SimpleChar","79543CB6","SimpleChar:79543CB6","Malfunctioning Cleaning Robot","","","","","NpcPath","3596.979","51.7449989","783.935852","3596.10522","51.7449989","783.924805","","25","base_unknown=0;follow_type=1;follow_unknown=25","2","base_unknown=0;follow_type=1;follow_unknown=25;path_count=2;decoded_path_count=2",""
"2026-07-21T19:58:23.4691340Z","IN","4189","FollowTarget","SimpleChar","797D36A5","SimpleChar:797D36A5","Malfunctioning Cleaning Robot","","","","","NpcPath","3596.81177","51.7449989","788.208923","3596.05518","51.7449989","788.482483","","25","base_unknown=0;follow_type=1;follow_unknown=25","2","base_unknown=0;follow_type=1;follow_unknown=25;path_count=2;decoded_path_count=2",""
"2026-07-21T19:58:23.4691340Z","IN","4188","FollowTarget","SimpleChar","7986655D","SimpleChar:7986655D","Malfunctioning Cleaning Robot","","","","","NpcPath","3613.04614","52.1349983","787.809021","3612.26929","52.5","788.132263","","24","base_unknown=0;follow_type=1;follow_unknown=24","2","base_unknown=0;follow_type=1;follow_unknown=24;path_count=2;decoded_path_count=2",""
"2026-07-21T19:58:23.8758843Z","IN","4202","FollowTarget","SimpleChar","79543CB6","SimpleChar:79543CB6","Malfunctioning Cleaning Robot","","","","","NpcPath","3596.979","51.7449989","783.935852","3596.07153","52.2449989","783.782898","","25","base_unknown=0;follow_type=1;follow_unknown=25","2","base_unknown=0;follow_type=1;follow_unknown=25;path_count=2;decoded_path_count=2",""
"2026-07-21T19:58:23.8758843Z","IN","4206","FollowTarget","SimpleChar","79543CB6","SimpleChar:79543CB6","Malfunctioning Cleaning Robot","","","","","NpcPath","3596.979","51.7449989","783.935852","3596.06104","52.2449989","784.07782","","25","base_unknown=0;follow_type=1;follow_unknown=25","2","base_unknown=0;follow_type=1;follow_unknown=25;path_count=2;decoded_path_count=2",""
"2026-07-21T19:58:23.8758843Z","IN","4199","FollowTarget","SimpleChar","797D36A5","SimpleChar:797D36A5","Malfunctioning Cleaning Robot","","","","","NpcPath","3596.81177","51.7449989","788.208923","3596.06348","52.2449989","788.659119","","25","base_unknown=0;follow_type=1;follow_unknown=25","2","base_unknown=0;follow_type=1;follow_unknown=25;path_count=2;decoded_path_count=2",""
"2026-07-21T19:58:23.8758843Z","IN","4205","FollowTarget","SimpleChar","797D36A5","SimpleChar:797D36A5","Malfunctioning Cleaning Robot","","","","","NpcPath","3596.81177","51.7449989","788.208923","3596.05518","51.7449989","788.482483","","25","base_unknown=0;follow_type=1;follow_unknown=25","2","base_unknown=0;follow_type=1;follow_unknown=25;path_count=2;decoded_path_count=2",""
"2026-07-21T19:58:23.8758843Z","IN","4198","FollowTarget","SimpleChar","7986655D","SimpleChar:7986655D","Malfunctioning Cleaning Robot","","","","","NpcPath","3613.04614","52.1349983","787.809021","3612.28198","52.5","787.897339","","24","base_unknown=0;follow_type=1;follow_unknown=24","2","base_unknown=0;follow_type=1;follow_unknown=24;path_count=2;decoded_path_count=2",""
"2026-07-21T19:58:23.8758843Z","IN","4204","FollowTarget","SimpleChar","7986655D","SimpleChar:7986655D","Malfunctioning Cleaning Robot","","","","","NpcPath","3613.04614","52.1349983","787.809021","3612.12988","52.5","787.729614","","24","base_unknown=0;follow_type=1;follow_unknown=24","2","base_unknown=0;follow_type=1;follow_unknown=24;path_count=2;decoded_path_count=2",""
"2026-07-21T19:58:24.0557723Z","IN","4211","FollowTarget","SimpleChar","79543CB6","SimpleChar:79543CB6","Malfunctioning Cleaning Robot","","","","","NpcPath","3596.979","51.7449989","783.935852","3596.10522","51.7449989","783.924805","","25","base_unknown=0;follow_type=1;follow_unknown=25","2","base_unknown=0;follow_type=1;follow_unknown=25;path_count=2;decoded_path_count=2",""
"2026-07-21T19:58:24.0557723Z","IN","4209","FollowTarget","SimpleChar","797D36A5","SimpleChar:797D36A5","Malfunctioning Cleaning Robot","","","","","NpcPath","3596.81177","51.7449989","788.208923","3596.05518","51.7449989","788.482483","","25","base_unknown=0;follow_type=1;follow_unknown=25","2","base_unknown=0;follow_type=1;follow_unknown=25;path_count=2;decoded_path_count=2",""
"2026-07-21T19:58:24.0557723Z","IN","4208","FollowTarget","SimpleChar","7986655D","SimpleChar:7986655D","Malfunctioning Cleaning Robot","","","","","NpcPath","3613.04614","52.1349983","787.809021","3612.08667","52.5","788.287231","","24","base_unknown=0;follow_type=1;follow_unknown=24","2","base_unknown=0;follow_type=1;follow_unknown=24;path_count=2;decoded_path_count=2",""
"2026-07-21T19:58:24.0557723Z","IN","4212","FollowTarget","SimpleChar","79866565","SimpleChar:79866565","Malfunctioning Cleaning Robot","","","","","NpcPath","3595.13965","51.7449989","800.199829","3594.19653","52.5","799.773438","","24","base_unknown=0;follow_type=1;follow_unknown=24","2","base_unknown=0;follow_type=1;follow_unknown=24;path_count=2;decoded_path_count=2",""
"2026-07-21T19:58:24.2756360Z","IN","4214","FollowTarget","SimpleChar","79543CB6","SimpleChar:79543CB6","Malfunctioning Cleaning Robot","","","","","NpcPath","3596.979","51.7449989","783.935852","3596.02124","52.2449989","784.129089","","25","base_unknown=0;follow_type=1;follow_unknown=25","2","base_unknown=0;follow_type=1;follow_unknown=25;path_count=2;decoded_path_count=2",""
"2026-07-21T19:58:24.2756360Z","IN","4213","FollowTarget","SimpleChar","797D36A5","SimpleChar:797D36A5","Malfunctioning Cleaning Robot","","","","","NpcPath","3596.81177","51.7449989","788.208923","3596.04028","52.2449989","788.448364","","25","base_unknown=0;follow_type=1;follow_unknown=25","2","base_unknown=0;follow_type=1;follow_unknown=25;path_count=2;decoded_path_count=2",""
"2026-07-21T19:58:24.2756360Z","IN","4215","FollowTarget","SimpleChar","79866565","SimpleChar:79866565","Malfunctioning Cleaning Robot","","","","","NpcPath","3595.10303","51.7449989","800.18335","3594.07202","52.5","800.291199","","24","base_unknown=0;follow_type=1;follow_unknown=24","2","base_unknown=0;follow_type=1;follow_unknown=24;path_count=2;decoded_path_count=2",""
"2026-07-21T19:58:24.4745142Z","IN","4219","FollowTarget","SimpleChar","79543CB6","SimpleChar:79543CB6","Malfunctioning Cleaning Robot","","","","","NpcPath","3596.979","51.7449989","783.935852","3596.02686","52.2449989","784.123291","","25","base_unknown=0;follow_type=1;follow_unknown=25","2","base_unknown=0;follow_type=1;follow_unknown=25;path_count=2;decoded_path_count=2",""
"2026-07-21T19:58:24.4745142Z","IN","4218","FollowTarget","SimpleChar","797D36A5","SimpleChar:797D36A5","Malfunctioning Cleaning Robot","","","","","NpcPath","3596.81177","51.7449989","788.208923","3596.01367","52.2449989","788.405579","","25","base_unknown=0;follow_type=1;follow_unknown=25","2","base_unknown=0;follow_type=1;follow_unknown=25;path_count=2;decoded_path_count=2",""
"2026-07-21T19:58:24.4745142Z","IN","4220","FollowTarget","SimpleChar","79866565","SimpleChar:79866565","Malfunctioning Cleaning Robot","","","","","NpcPath","3595.06152","51.7449989","800.187683","3594.25781","52.5","800.153503","","24","base_unknown=0;follow_type=1;follow_unknown=24","2","base_unknown=0;follow_type=1;follow_unknown=24;path_count=2;decoded_path_count=2",""
"2026-07-21T19:58:24.6873833Z","IN","4230","FollowTarget","SimpleChar","79543CB6","SimpleChar:79543CB6","Malfunctioning Cleaning Robot","","","","","NpcPath","3596.979","51.7449989","783.935852","3596.10522","51.7449989","783.924805","","25","base_unknown=0;follow_type=1;follow_unknown=25","2","base_unknown=0;follow_type=1;follow_unknown=25;path_count=2;decoded_path_count=2",""
"2026-07-21T19:58:24.6873833Z","IN","4229","FollowTarget","SimpleChar","797D36A5","SimpleChar:797D36A5","Malfunctioning Cleaning Robot","","","","","NpcPath","3596.81177","51.7449989","788.208923","3596.05518","51.7449989","788.482483","","25","base_unknown=0;follow_type=1;follow_unknown=25","2","base_unknown=0;follow_type=1;follow_unknown=25;path_count=2;decoded_path_count=2",""
"2026-07-21T19:58:24.6873833Z","IN","4231","FollowTarget","SimpleChar","79866565","SimpleChar:79866565","Malfunctioning Cleaning Robot","","","","","NpcPath","3595.06152","51.7449989","800.187683","3594.2334","52.5","800.188416","","24","base_unknown=0;follow_type=1;follow_unknown=24","2","base_unknown=0;follow_type=1;follow_unknown=24;path_count=2;decoded_path_count=2",""
"2026-07-21T19:58:24.8962534Z","IN","4233","FollowTarget","SimpleChar","79543CB6","SimpleChar:79543CB6","Malfunctioning Cleaning Robot","","","","","NpcPath","3596.979","51.7449989","783.935852","3596.10522","51.7449989","783.924805","","25","base_unknown=0;follow_type=1;follow_unknown=25","2","base_unknown=0;follow_type=1;follow_unknown=25;path_count=2;decoded_path_count=2",""
"2026-07-21T19:58:24.8962534Z","IN","4232","FollowTarget","SimpleChar","797D36A5","SimpleChar:797D36A5","Malfunctioning Cleaning Robot","","","","","NpcPath","3596.81177","51.7449989","788.208923","3596.05518","51.7449989","788.482483","","25","base_unknown=0;follow_type=1;follow_unknown=25","2","base_unknown=0;follow_type=1;follow_unknown=25;path_count=2;decoded_path_count=2",""
"2026-07-21T19:58:24.8962534Z","IN","4234","FollowTarget","SimpleChar","79866565","SimpleChar:79866565","Malfunctioning Cleaning Robot","","","","","NpcPath","3595.06152","51.7449989","800.187683","3594.20996","52.5","800.214233","","24","base_unknown=0;follow_type=1;follow_unknown=24","2","base_unknown=0;follow_type=1;follow_unknown=24;path_count=2;decoded_path_count=2",""
"2026-07-21T19:58:25.1217556Z","IN","4236","FollowTarget","SimpleChar","79543CB6","SimpleChar:79543CB6","Malfunctioning Cleaning Robot","","","","","NpcPath","3596.979","51.7449989","783.935852","3596.10522","51.7449989","783.924805","","25","base_unknown=0;follow_type=1;follow_unknown=25","2","base_unknown=0;follow_type=1;follow_unknown=25;path_count=2;decoded_path_count=2",""
"2026-07-21T19:58:25.1217556Z","IN","4235","FollowTarget","SimpleChar","797D36A5","SimpleChar:797D36A5","Malfunctioning Cleaning Robot","","","","","NpcPath","3596.81177","51.7449989","788.208923","3596.05518","51.7449989","788.482483","","25","base_unknown=0;follow_type=1;follow_unknown=25","2","base_unknown=0;follow_type=1;follow_unknown=25;path_count=2;decoded_path_count=2",""
"2026-07-21T19:58:25.1217556Z","IN","4237","FollowTarget","SimpleChar","79866565","SimpleChar:79866565","Malfunctioning Cleaning Robot","","","","","NpcPath","3595.06152","51.7449989","800.187683","3594.19287","52.5","800.229858","","24","base_unknown=0;follow_type=1;follow_unknown=24","2","base_unknown=0;follow_type=1;follow_unknown=24;path_count=2;decoded_path_count=2",""
"2026-07-21T19:58:25.3246302Z","IN","4240","FollowTarget","SimpleChar","79543CB6","SimpleChar:79543CB6","Malfunctioning Cleaning Robot","","","","","NpcPath","3596.979","51.7449989","783.935852","3596.07227","52.2449989","784.057617","","25","base_unknown=0;follow_type=1;follow_unknown=25","2","base_unknown=0;follow_type=1;follow_unknown=25;path_count=2;decoded_path_count=2",""
"2026-07-21T19:58:25.3246302Z","IN","4239","FollowTarget","SimpleChar","797D36A5","SimpleChar:797D36A5","Malfunctioning Cleaning Robot","","","","","NpcPath","3596.81177","51.7449989","788.208923","3596.06787","52.2449989","788.638916","","25","base_unknown=0;follow_type=1;follow_unknown=25","2","base_unknown=0;follow_type=1;follow_unknown=25;path_count=2;decoded_path_count=2",""
"2026-07-21T19:58:25.3246302Z","IN","4241","FollowTarget","SimpleChar","79866565","SimpleChar:79866565","Malfunctioning Cleaning Robot","","","","","NpcPath","3595.06152","51.7449989","800.187683","3594.15601","52.5","800.256226","","24","base_unknown=0;follow_type=1;follow_unknown=24","2","base_unknown=0;follow_type=1;follow_unknown=24;path_count=2;decoded_path_count=2",""
"2026-07-21T19:58:25.5404973Z","IN","4243","FollowTarget","SimpleChar","79543CB6","SimpleChar:79543CB6","Malfunctioning Cleaning Robot","","","","","NpcPath","3596.979","51.7449989","783.935852","3596.10522","51.7449989","783.924805","","25","base_unknown=0;follow_type=1;follow_unknown=25","2","base_unknown=0;follow_type=1;follow_unknown=25;path_count=2;decoded_path_count=2",""
"2026-07-21T19:58:25.5404973Z","IN","4242","FollowTarget","SimpleChar","797D36A5","SimpleChar:797D36A5","Malfunctioning Cleaning Robot","","","","","NpcPath","3596.81177","51.7449989","788.208923","3596.01587","52.2449989","788.408508","","25","base_unknown=0;follow_type=1;follow_unknown=25","2","base_unknown=0;follow_type=1;follow_unknown=25;path_count=2;decoded_path_count=2",""
"2026-07-21T19:58:25.5404973Z","IN","4244","FollowTarget","SimpleChar","79866565","SimpleChar:79866565","Malfunctioning Cleaning Robot","","","","","NpcPath","3595.06152","51.7449989","800.187683","3594.23169","52.5","800.190735","","24","base_unknown=0;follow_type=1;follow_unknown=24","2","base_unknown=0;follow_type=1;follow_unknown=24;path_count=2;decoded_path_count=2",""
"2026-07-21T19:58:25.7893431Z","IN","4255","FollowTarget","SimpleChar","79543CB6","SimpleChar:79543CB6","Malfunctioning Cleaning Robot","","","","","NpcPath","3596.979","51.7449989","783.935852","3596.073","52.2449989","784.056152","","25","base_unknown=0;follow_type=1;follow_unknown=25","2","base_unknown=0;follow_type=1;follow_unknown=25;path_count=2;decoded_path_count=2",""
"2026-07-21T19:58:25.7893431Z","IN","4254","FollowTarget","SimpleChar","797D36A5","SimpleChar:797D36A5","Malfunctioning Cleaning Robot","","","","","NpcPath","3596.81177","51.7449989","788.208923","3596.05518","51.7449989","788.482483","","25","base_unknown=0;follow_type=1;follow_unknown=25","2","base_unknown=0;follow_type=1;follow_unknown=25;path_count=2;decoded_path_count=2",""
"2026-07-21T19:58:25.7893431Z","IN","4256","FollowTarget","SimpleChar","79866565","SimpleChar:79866565","Malfunctioning Cleaning Robot","","","","","NpcPath","3595.06152","51.7449989","800.187683","3594.2998","52.5","800.012329","","24","base_unknown=0;follow_type=1;follow_unknown=24","2","base_unknown=0;follow_type=1;follow_unknown=24;path_count=2;decoded_path_count=2",""
"2026-07-21T19:58:25.9602373Z","IN","4263","FollowTarget","SimpleChar","79543CB6","SimpleChar:79543CB6","Malfunctioning Cleaning Robot","","","","","NpcPath","3596.979","51.7449989","783.935852","3596.05469","52.2449989","783.754395","","25","base_unknown=0;follow_type=1;follow_unknown=25","2","base_unknown=0;follow_type=1;follow_unknown=25;path_count=2;decoded_path_count=2",""
"2026-07-21T19:58:25.9602373Z","IN","4261","FollowTarget","SimpleChar","797D36A5","SimpleChar:797D36A5","Malfunctioning Cleaning Robot","","","","","NpcPath","3596.81177","51.7449989","788.208923","3596.05518","51.7449989","788.482483","","25","base_unknown=0;follow_type=1;follow_unknown=25","2","base_unknown=0;follow_type=1;follow_unknown=25;path_count=2;decoded_path_count=2",""
"2026-07-21T19:58:25.9602373Z","IN","4264","FollowTarget","SimpleChar","79866565","SimpleChar:79866565","Malfunctioning Cleaning Robot","","","","","NpcPath","3595.06152","51.7449989","800.187683","3593.99463","52.5","800.299927","","24","base_unknown=0;follow_type=1;follow_unknown=24","2","base_unknown=0;follow_type=1;follow_unknown=24;path_count=2;decoded_path_count=2",""
"2026-07-21T19:58:26.1651118Z","IN","4268","FollowTarget","SimpleChar","79543CB6","SimpleChar:79543CB6","Malfunctioning Cleaning Robot","","","","","NpcPath","3596.979","51.7449989","783.935852","3596.04395","52.2449989","783.739502","","25","base_unknown=0;follow_type=1;follow_unknown=25","2","base_unknown=0;follow_type=1;follow_unknown=25;path_count=2;decoded_path_count=2",""
"2026-07-21T19:58:26.1651118Z","IN","4265","FollowTarget","SimpleChar","797D36A5","SimpleChar:797D36A5","Malfunctioning Cleaning Robot","","","","","NpcPath","3596.81177","51.7449989","788.208923","3596.07178","52.2449989","788.557007","","25","base_unknown=0;follow_type=1;follow_unknown=25","2","base_unknown=0;follow_type=1;follow_unknown=25;path_count=2;decoded_path_count=2",""
"2026-07-21T19:58:26.3709841Z","IN","4269","FollowTarget","SimpleChar","7986655D","SimpleChar:7986655D","Malfunctioning Cleaning Robot","","","","","NpcPath","3612.95068","52.1349983","787.856567","3623.13672","52.5","798.733032","","24","base_unknown=0;follow_type=1;follow_unknown=24","2","base_unknown=0;follow_type=1;follow_unknown=24;path_count=2;decoded_path_count=2",""
"2026-07-21T19:58:26.3719837Z","IN","4270","FollowTarget","SimpleChar","797D36A5","SimpleChar:797D36A5","Malfunctioning Cleaning Robot","","","","","NpcPath","3596.81177","51.7449989","788.208923","3596.05518","51.7449989","788.482483","","25","base_unknown=0;follow_type=1;follow_unknown=25","2","base_unknown=0;follow_type=1;follow_unknown=25;path_count=2;decoded_path_count=2",""
"2026-07-21T19:58:26.3729827Z","IN","4271","FollowTarget","SimpleChar","79543CB6","SimpleChar:79543CB6","Malfunctioning Cleaning Robot","","","","","NpcPath","3596.979","51.7449989","783.935852","3596.10522","52.2449989","783.923645","","25","base_unknown=0;follow_type=1;follow_unknown=25","2","base_unknown=0;follow_type=1;follow_unknown=25;path_count=2;decoded_path_count=2",""
"2026-07-21T19:58:26.5758577Z","IN","4274","FollowTarget","SimpleChar","79543CB6","SimpleChar:79543CB6","Malfunctioning Cleaning Robot","","","","","NpcPath","3596.979","51.7449989","783.935852","3596.10522","52.2449989","783.9198","","25","base_unknown=0;follow_type=1;follow_unknown=25","2","base_unknown=0;follow_type=1;follow_unknown=25;path_count=2;decoded_path_count=2",""
"2026-07-21T19:58:26.5758577Z","IN","4273","FollowTarget","SimpleChar","797D36A5","SimpleChar:797D36A5","Malfunctioning Cleaning Robot","","","","","NpcPath","3596.81177","51.7449989","788.208923","3596.05518","51.7449989","788.482483","","25","base_unknown=0;follow_type=1;follow_unknown=25","2","base_unknown=0;follow_type=1;follow_unknown=25;path_count=2;decoded_path_count=2",""
"2026-07-21T19:58:26.7787157Z","IN","4282","FollowTarget","SimpleChar","79543CB6","SimpleChar:79543CB6","Malfunctioning Cleaning Robot","","","","","NpcPath","3596.979","51.7449989","783.935852","3596.08057","52.2449989","783.801819","","25","base_unknown=0;follow_type=1;follow_unknown=25","2","base_unknown=0;follow_type=1;follow_unknown=25;path_count=2;decoded_path_count=2",""
"2026-07-21T19:58:26.7787157Z","IN","4280","FollowTarget","SimpleChar","797D36A5","SimpleChar:797D36A5","Malfunctioning Cleaning Robot","","","","","NpcPath","3596.81177","51.7449989","788.208923","3596.06714","52.2449989","788.642822","","25","base_unknown=0;follow_type=1;follow_unknown=25","2","base_unknown=0;follow_type=1;follow_unknown=25;path_count=2;decoded_path_count=2",""
"2026-07-21T19:58:26.9885856Z","IN","4284","FollowTarget","SimpleChar","79543CB6","SimpleChar:79543CB6","Malfunctioning Cleaning Robot","","","","","NpcPath","3596.979","51.7449989","783.935852","3596.10278","52.2449989","783.958923","","25","base_unknown=0;follow_type=1;follow_unknown=25","2","base_unknown=0;follow_type=1;follow_unknown=25;path_count=2;decoded_path_count=2",""
"2026-07-21T19:58:26.9885856Z","IN","4283","FollowTarget","SimpleChar","797D36A5","SimpleChar:797D36A5","Malfunctioning Cleaning Robot","","","","","NpcPath","3596.81177","51.7449989","788.208923","3596.05518","51.7449989","788.482483","","25","base_unknown=0;follow_type=1;follow_unknown=25","2","base_unknown=0;follow_type=1;follow_unknown=25;path_count=2;decoded_path_count=2",""
"2026-07-21T19:58:27.1964584Z","IN","4287","FollowTarget","SimpleChar","79543CB6","SimpleChar:79543CB6","Malfunctioning Cleaning Robot","","","","","NpcPath","3596.979","51.7449989","783.935852","3596.10522","51.7449989","783.924805","","25","base_unknown=0;follow_type=1;follow_unknown=25","2","base_unknown=0;follow_type=1;follow_unknown=25;path_count=2;decoded_path_count=2",""
"2026-07-21T19:58:27.1964584Z","IN","4286","FollowTarget","SimpleChar","797D36A5","SimpleChar:797D36A5","Malfunctioning Cleaning Robot","","","","","NpcPath","3596.81177","51.7449989","788.208923","3596.05518","51.7449989","788.482483","","25","base_unknown=0;follow_type=1;follow_unknown=25","2","base_unknown=0;follow_type=1;follow_unknown=25;path_count=2;decoded_path_count=2",""
"2026-07-21T19:58:27.4013303Z","IN","4289","FollowTarget","SimpleChar","79543CB6","SimpleChar:79543CB6","Malfunctioning Cleaning Robot","","","","","NpcPath","3596.979","51.7449989","783.935852","3596.10522","51.7449989","783.924805","","25","base_unknown=0;follow_type=1;follow_unknown=25","2","base_unknown=0;follow_type=1;follow_unknown=25;path_count=2;decoded_path_count=2",""
"2026-07-21T19:58:27.4013303Z","IN","4288","FollowTarget","SimpleChar","797D36A5","SimpleChar:797D36A5","Malfunctioning Cleaning Robot","","","","","NpcPath","3596.81177","51.7449989","788.208923","3596.06665","52.2449989","788.64563","","25","base_unknown=0;follow_type=1;follow_unknown=25","2","base_unknown=0;follow_type=1;follow_unknown=25;path_count=2;decoded_path_count=2",""
"2026-07-21T19:58:27.6112012Z","IN","4291","FollowTarget","SimpleChar","79543CB6","SimpleChar:79543CB6","Malfunctioning Cleaning Robot","","","","","NpcPath","3596.979","51.7449989","783.935852","3596.10522","51.7449989","783.924805","","25","base_unknown=0;follow_type=1;follow_unknown=25","2","base_unknown=0;follow_type=1;follow_unknown=25;path_count=2;decoded_path_count=2",""
"2026-07-21T19:58:27.6112012Z","IN","4290","FollowTarget","SimpleChar","797D36A5","SimpleChar:797D36A5","Malfunctioning Cleaning Robot","","","","","NpcPath","3596.81177","51.7449989","788.208923","3596.07251","52.2449989","788.59967","","25","base_unknown=0;follow_type=1;follow_unknown=25","2","base_unknown=0;follow_type=1;follow_unknown=25;path_count=2;decoded_path_count=2",""
"2026-07-21T19:58:27.8240692Z","IN","4299","FollowTarget","SimpleChar","79543CB6","SimpleChar:79543CB6","Malfunctioning Cleaning Robot","","","","","NpcPath","3596.979","51.7449989","783.935852","3596.0813","52.2449989","784.038208","","25","base_unknown=0;follow_type=1;follow_unknown=25","2","base_unknown=0;follow_type=1;follow_unknown=25;path_count=2;decoded_path_count=2",""
"2026-07-21T19:58:27.8240692Z","IN","4298","FollowTarget","SimpleChar","797D36A5","SimpleChar:797D36A5","Malfunctioning Cleaning Robot","","","","","NpcPath","3596.81177","51.7449989","788.208923","3596.05518","51.7449989","788.482483","","25","base_unknown=0;follow_type=1;follow_unknown=25","2","base_unknown=0;follow_type=1;follow_unknown=25;path_count=2;decoded_path_count=2",""
"2026-07-21T19:58:28.0339404Z","IN","4300","FollowTarget","SimpleChar","797D36A5","SimpleChar:797D36A5","Malfunctioning Cleaning Robot","","","","","NpcPath","3596.81177","51.7449989","788.208923","3596.03467","52.2449989","788.731018","","25","base_unknown=0;follow_type=1;follow_unknown=25","2","base_unknown=0;follow_type=1;follow_unknown=25;path_count=2;decoded_path_count=2",""
"2026-07-21T19:58:28.0349405Z","IN","4301","FollowTarget","SimpleChar","79543CB6","SimpleChar:79543CB6","Malfunctioning Cleaning Robot","","","","","NpcPath","3596.979","51.7449989","783.935852","3596.01294","52.2449989","783.704712","","25","base_unknown=0;follow_type=1;follow_unknown=25","2","base_unknown=0;follow_type=1;follow_unknown=25;path_count=2;decoded_path_count=2",""
"2026-07-21T19:58:28.2797885Z","IN","4303","FollowTarget","SimpleChar","79543CB6","SimpleChar:79543CB6","Malfunctioning Cleaning Robot","","","","","NpcPath","3596.979","51.7449989","783.935852","3596.10083","52.2449989","783.972473","","25","base_unknown=0;follow_type=1;follow_unknown=25","2","base_unknown=0;follow_type=1;follow_unknown=25;path_count=2;decoded_path_count=2",""
"2026-07-21T19:58:28.2797885Z","IN","4302","FollowTarget","SimpleChar","797D36A5","SimpleChar:797D36A5","Malfunctioning Cleaning Robot","","","","","NpcPath","3596.81177","51.7449989","788.208923","3596.05518","51.7449989","788.482483","","25","base_unknown=0;follow_type=1;follow_unknown=25","2","base_unknown=0;follow_type=1;follow_unknown=25;path_count=2;decoded_path_count=2",""
"2026-07-21T19:58:28.4836635Z","IN","4305","FollowTarget","SimpleChar","79543CB6","SimpleChar:79543CB6","Malfunctioning Cleaning Robot","","","","","NpcPath","3596.979","51.7449989","783.935852","3596.10522","51.7449989","783.924805","","25","base_unknown=0;follow_type=1;follow_unknown=25","2","base_unknown=0;follow_type=1;follow_unknown=25;path_count=2;decoded_path_count=2",""
"2026-07-21T19:58:28.4836635Z","IN","4304","FollowTarget","SimpleChar","797D36A5","SimpleChar:797D36A5","Malfunctioning Cleaning Robot","","","","","NpcPath","3596.81177","51.7449989","788.208923","3596.05518","51.7449989","788.482483","","25","base_unknown=0;follow_type=1;follow_unknown=25","2","base_unknown=0;follow_type=1;follow_unknown=25;path_count=2;decoded_path_count=2",""
"2026-07-21T19:58:28.7824789Z","IN","4310","FollowTarget","SimpleChar","797D36A5","SimpleChar:797D36A5","Malfunctioning Cleaning Robot","","","","","NpcPath","3596.81177","51.7449989","788.208923","3596.0376","52.2449989","788.443115","","25","base_unknown=0;follow_type=1;follow_unknown=25","2","base_unknown=0;follow_type=1;follow_unknown=25;path_count=2;decoded_path_count=2",""
"2026-07-21T19:58:28.7834782Z","IN","4311","FollowTarget","SimpleChar","79543CB6","SimpleChar:79543CB6","Malfunctioning Cleaning Robot","","","","","NpcPath","3596.979","51.7449989","783.935852","3596.10522","51.7449989","783.924805","","25","base_unknown=0;follow_type=1;follow_unknown=25","2","base_unknown=0;follow_type=1;follow_unknown=25;path_count=2;decoded_path_count=2",""
"2026-07-21T19:58:28.9064027Z","IN","4319","FollowTarget","SimpleChar","79543CB6","SimpleChar:79543CB6","Malfunctioning Cleaning Robot","","","","","NpcPath","3596.979","51.7449989","783.935852","3596.01514","52.2449989","784.135376","","25","base_unknown=0;follow_type=1;follow_unknown=25","2","base_unknown=0;follow_type=1;follow_unknown=25;path_count=2;decoded_path_count=2",""
"2026-07-21T19:58:28.9064027Z","IN","4317","FollowTarget","SimpleChar","797D36A5","SimpleChar:797D36A5","Malfunctioning Cleaning Robot","","","","","NpcPath","3596.81177","51.7449989","788.208923","3596.04834","52.2449989","788.703674","","25","base_unknown=0;follow_type=1;follow_unknown=25","2","base_unknown=0;follow_type=1;follow_unknown=25;path_count=2;decoded_path_count=2",""
"2026-07-21T19:58:28.9064027Z","IN","4318","FollowTarget","SimpleChar","7986655E","SimpleChar:7986655E","Malfunctioning Cleaning Robot","","","","","NpcPath","3598.72412","51.7449989","786.079041","3622.75708","52.5","799.175903","","24","base_unknown=0;follow_type=1;follow_unknown=24","2","base_unknown=0;follow_type=1;follow_unknown=24;path_count=2;decoded_path_count=2",""
"2026-07-21T19:58:28.9064027Z","IN","4320","FollowTarget","SimpleChar","79866560","SimpleChar:79866560","Malfunctioning Cleaning Robot","","","","","NpcPath","3620.18945","51.7449989","784.920288","3620.74854","52.5","784.163574","","24","base_unknown=0;follow_type=1;follow_unknown=24","2","base_unknown=0;follow_type=1;follow_unknown=24;path_count=2;decoded_path_count=2",""
"2026-07-21T19:58:29.1122750Z","IN","4322","FollowTarget","SimpleChar","79543CB6","SimpleChar:79543CB6","Malfunctioning Cleaning Robot","","","","","NpcPath","3596.979","51.7449989","783.935852","3596.10522","51.7449989","783.924805","","25","base_unknown=0;follow_type=1;follow_unknown=25","2","base_unknown=0;follow_type=1;follow_unknown=25;path_count=2;decoded_path_count=2",""
"2026-07-21T19:58:29.1122750Z","IN","4321","FollowTarget","SimpleChar","797D36A5","SimpleChar:797D36A5","Malfunctioning Cleaning Robot","","","","","NpcPath","3596.81177","51.7449989","788.208923","3596.06763","52.2449989","788.641296","","25","base_unknown=0;follow_type=1;follow_unknown=25","2","base_unknown=0;follow_type=1;follow_unknown=25;path_count=2;decoded_path_count=2",""
"2026-07-21T19:58:29.1122750Z","IN","4323","FollowTarget","SimpleChar","79866560","SimpleChar:79866560","Malfunctioning Cleaning Robot","","","","","NpcPath","3620.18945","51.7449989","784.920288","3620.74194","52.5","783.846863","","24","base_unknown=0;follow_type=1;follow_unknown=24","2","base_unknown=0;follow_type=1;follow_unknown=24;path_count=2;decoded_path_count=2",""
"2026-07-21T19:58:29.3291411Z","IN","4325","FollowTarget","SimpleChar","79543CB6","SimpleChar:79543CB6","Malfunctioning Cleaning Robot","","","","","NpcPath","3596.979","51.7449989","783.935852","3596.01001","52.2449989","784.14032","","25","base_unknown=0;follow_type=1;follow_unknown=25","2","base_unknown=0;follow_type=1;follow_unknown=25;path_count=2;decoded_path_count=2",""
"2026-07-21T19:58:29.3291411Z","IN","4324","FollowTarget","SimpleChar","797D36A5","SimpleChar:797D36A5","Malfunctioning Cleaning Robot","","","","","NpcPath","3596.81177","51.7449989","788.208923","3596.06177","52.2449989","788.665588","","25","base_unknown=0;follow_type=1;follow_unknown=25","2","base_unknown=0;follow_type=1;follow_unknown=25;path_count=2;decoded_path_count=2",""
"2026-07-21T19:58:29.5466611Z","IN","4330","FollowTarget","SimpleChar","79543CB6","SimpleChar:79543CB6","Malfunctioning Cleaning Robot","","","","","NpcPath","3596.979","51.7449989","783.935852","3596.10522","51.7449989","783.924805","","25","base_unknown=0;follow_type=1;follow_unknown=25","2","base_unknown=0;follow_type=1;follow_unknown=25;path_count=2;decoded_path_count=2",""
"2026-07-21T19:58:29.5466611Z","IN","4328","FollowTarget","SimpleChar","797D36A5","SimpleChar:797D36A5","Malfunctioning Cleaning Robot","","","","","NpcPath","3596.81177","51.7449989","788.208923","3596.05518","51.7449989","788.482483","","25","base_unknown=0;follow_type=1;follow_unknown=25","2","base_unknown=0;follow_type=1;follow_unknown=25;path_count=2;decoded_path_count=2",""
"2026-07-21T19:58:29.9604058Z","IN","4339","FollowTarget","SimpleChar","79543CB6","SimpleChar:79543CB6","Malfunctioning Cleaning Robot","","","","","NpcPath","3596.979","51.7449989","783.935852","3596.10522","51.7449989","783.924805","","25","base_unknown=0;follow_type=1;follow_unknown=25","2","base_unknown=0;follow_type=1;follow_unknown=25;path_count=2;decoded_path_count=2",""
"2026-07-21T19:58:29.9604058Z","IN","4341","FollowTarget","SimpleChar","79543CB6","SimpleChar:79543CB6","Malfunctioning Cleaning Robot","","","","","NpcPath","3596.979","51.7449989","783.935852","3596.10522","51.7449989","783.924805","","25","base_unknown=0;follow_type=1;follow_unknown=25","2","base_unknown=0;follow_type=1;follow_unknown=25;path_count=2;decoded_path_count=2",""
"2026-07-21T19:58:29.9604058Z","IN","4338","FollowTarget","SimpleChar","797D36A5","SimpleChar:797D36A5","Malfunctioning Cleaning Robot","","","","","NpcPath","3596.81177","51.7449989","788.208923","3596.05518","51.7449989","788.482483","","25","base_unknown=0;follow_type=1;follow_unknown=25","2","base_unknown=0;follow_type=1;follow_unknown=25;path_count=2;decoded_path_count=2",""
"2026-07-21T19:58:29.9604058Z","IN","4340","FollowTarget","SimpleChar","797D36A5","SimpleChar:797D36A5","Malfunctioning Cleaning Robot","","","","","NpcPath","3596.81177","51.7449989","788.208923","3596.03564","52.2449989","788.439514","","25","base_unknown=0;follow_type=1;follow_unknown=25","2","base_unknown=0;follow_type=1;follow_unknown=25;path_count=2;decoded_path_count=2",""
"2026-07-21T19:58:30.1892650Z","IN","4345","FollowTarget","SimpleChar","79543CB6","SimpleChar:79543CB6","Malfunctioning Cleaning Robot","","","","","NpcPath","3596.979","51.7449989","783.935852","3596.10522","51.7449989","783.924805","","25","base_unknown=0;follow_type=1;follow_unknown=25","2","base_unknown=0;follow_type=1;follow_unknown=25;path_count=2;decoded_path_count=2",""
"2026-07-21T19:58:30.1892650Z","IN","4344","FollowTarget","SimpleChar","797D36A5","SimpleChar:797D36A5","Malfunctioning Cleaning Robot","","","","","NpcPath","3596.81177","51.7449989","788.208923","3596.05518","51.7449989","788.482483","","25","base_unknown=0;follow_type=1;follow_unknown=25","2","base_unknown=0;follow_type=1;follow_unknown=25;path_count=2;decoded_path_count=2",""
"2026-07-21T19:58:30.3761489Z","IN","4347","FollowTarget","SimpleChar","79543CB6","SimpleChar:79543CB6","Malfunctioning Cleaning Robot","","","","","NpcPath","3596.979","51.7449989","783.935852","3596.10522","51.7449989","783.924805","","25","base_unknown=0;follow_type=1;follow_unknown=25","2","base_unknown=0;follow_type=1;follow_unknown=25;path_count=2;decoded_path_count=2",""
"2026-07-21T19:58:30.3761489Z","IN","4346","FollowTarget","SimpleChar","797D36A5","SimpleChar:797D36A5","Malfunctioning Cleaning Robot","","","","","NpcPath","3596.81177","51.7449989","788.208923","3596.05518","51.7449989","788.482483","","25","base_unknown=0;follow_type=1;follow_unknown=25","2","base_unknown=0;follow_type=1;follow_unknown=25;path_count=2;decoded_path_count=2",""
"2026-07-21T19:58:30.6319913Z","IN","4349","FollowTarget","SimpleChar","79543CB6","SimpleChar:79543CB6","Malfunctioning Cleaning Robot","","","","","NpcPath","3596.979","51.7449989","783.935852","3596.01074","52.2449989","783.702515","","25","base_unknown=0;follow_type=1;follow_unknown=25","2","base_unknown=0;follow_type=1;follow_unknown=25;path_count=2;decoded_path_count=2",""
"2026-07-21T19:58:30.6319913Z","IN","4348","FollowTarget","SimpleChar","797D36A5","SimpleChar:797D36A5","Malfunctioning Cleaning Robot","","","","","NpcPath","3596.81177","51.7449989","788.208923","3596.05322","52.2449989","788.691589","","25","base_unknown=0;follow_type=1;follow_unknown=25","2","base_unknown=0;follow_type=1;follow_unknown=25;path_count=2;decoded_path_count=2",""
"2026-07-21T19:58:30.8378646Z","IN","4356","FollowTarget","SimpleChar","79543CB6","SimpleChar:79543CB6","Malfunctioning Cleaning Robot","","","","","NpcPath","3596.979","51.7449989","783.935852","3596.10425","52.2449989","783.944946","","25","base_unknown=0;follow_type=1;follow_unknown=25","2","base_unknown=0;follow_type=1;follow_unknown=25;path_count=2;decoded_path_count=2",""
"2026-07-21T19:58:30.8378646Z","IN","4355","FollowTarget","SimpleChar","797D36A5","SimpleChar:797D36A5","Malfunctioning Cleaning Robot","","","","","NpcPath","3596.81177","51.7449989","788.208923","3596.05908","52.2449989","788.674744","","25","base_unknown=0;follow_type=1;follow_unknown=25","2","base_unknown=0;follow_type=1;follow_unknown=25;path_count=2;decoded_path_count=2",""
"2026-07-21T19:58:31.0367430Z","IN","4359","FollowTarget","SimpleChar","79543CB6","SimpleChar:79543CB6","Malfunctioning Cleaning Robot","","","","","NpcPath","3596.979","51.7449989","783.935852","3596.10522","51.7449989","783.924805","","25","base_unknown=0;follow_type=1;follow_unknown=25","2","base_unknown=0;follow_type=1;follow_unknown=25;path_count=2;decoded_path_count=2",""
"2026-07-21T19:58:31.0367430Z","IN","4358","FollowTarget","SimpleChar","797D36A5","SimpleChar:797D36A5","Malfunctioning Cleaning Robot","","","","","NpcPath","3596.81177","51.7449989","788.208923","3596.05518","51.7449989","788.482483","","25","base_unknown=0;follow_type=1;follow_unknown=25","2","base_unknown=0;follow_type=1;follow_unknown=25;path_count=2;decoded_path_count=2",""
"2026-07-21T19:58:31.2406160Z","IN","4360","FollowTarget","SimpleChar","797D36A5","SimpleChar:797D36A5","Malfunctioning Cleaning Robot","","","","","NpcPath","3596.81177","51.7449989","788.208923","3596.01904","52.2449989","788.412903","","25","base_unknown=0;follow_type=1;follow_unknown=25","2","base_unknown=0;follow_type=1;follow_unknown=25;path_count=2;decoded_path_count=2",""
"2026-07-21T19:58:31.2416156Z","IN","4361","FollowTarget","SimpleChar","79543CB6","SimpleChar:79543CB6","Malfunctioning Cleaning Robot","","","","","NpcPath","3596.979","51.7449989","783.935852","3596.06787","52.2449989","783.776245","","25","base_unknown=0;follow_type=1;follow_unknown=25","2","base_unknown=0;follow_type=1;follow_unknown=25;path_count=2;decoded_path_count=2",""
"2026-07-21T19:58:31.4504875Z","IN","4366","FollowTarget","SimpleChar","79543CB6","SimpleChar:79543CB6","Malfunctioning Cleaning Robot","","","","","NpcPath","3596.979","51.7449989","783.935852","3596.09546","52.2449989","783.996765","","25","base_unknown=0;follow_type=1;follow_unknown=25","2","base_unknown=0;follow_type=1;follow_unknown=25;path_count=2;decoded_path_count=2",""
"2026-07-21T19:58:31.4504875Z","IN","4365","FollowTarget","SimpleChar","797D36A5","SimpleChar:797D36A5","Malfunctioning Cleaning Robot","","","","","NpcPath","3596.81177","51.7449989","788.208923","3596.05518","51.7449989","788.482483","","25","base_unknown=0;follow_type=1;follow_unknown=25","2","base_unknown=0;follow_type=1;follow_unknown=25;path_count=2;decoded_path_count=2",""
"2026-07-21T19:58:31.6423680Z","IN","4372","FollowTarget","SimpleChar","79543CB6","SimpleChar:79543CB6","Malfunctioning Cleaning Robot","","","","","NpcPath","3596.979","51.7449989","783.935852","3596.02002","52.2449989","784.13031","","25","base_unknown=0;follow_type=1;follow_unknown=25","2","base_unknown=0;follow_type=1;follow_unknown=25;path_count=2;decoded_path_count=2",""
"2026-07-21T19:58:31.6423680Z","IN","4370","FollowTarget","SimpleChar","797D36A5","SimpleChar:797D36A5","Malfunctioning Cleaning Robot","","","","","NpcPath","3596.81177","51.7449989","788.208923","3596.06274","52.2449989","788.661987","","25","base_unknown=0;follow_type=1;follow_unknown=25","2","base_unknown=0;follow_type=1;follow_unknown=25;path_count=2;decoded_path_count=2",""
"2026-07-21T19:58:31.8942129Z","IN","4384","FollowTarget","SimpleChar","79543CB6","SimpleChar:79543CB6","Malfunctioning Cleaning Robot","","","","","NpcPath","3596.979","51.7449989","783.935852","3596.10522","51.7449989","783.924805","","25","base_unknown=0;follow_type=1;follow_unknown=25","2","base_unknown=0;follow_type=1;follow_unknown=25;path_count=2;decoded_path_count=2",""
"2026-07-21T19:58:31.8942129Z","IN","4383","FollowTarget","SimpleChar","797D36A5","SimpleChar:797D36A5","Malfunctioning Cleaning Robot","","","","","NpcPath","3596.81177","51.7449989","788.208923","3596.06006","52.2449989","788.497681","","25","base_unknown=0;follow_type=1;follow_unknown=25","2","base_unknown=0;follow_type=1;follow_unknown=25;path_count=2;decoded_path_count=2",""
"2026-07-21T19:58:32.1490555Z","IN","4387","FollowTarget","SimpleChar","79543CB6","SimpleChar:79543CB6","Malfunctioning Cleaning Robot","","","","","NpcPath","3596.979","51.7449989","783.935852","3596.10522","51.7449989","783.924805","","25","base_unknown=0;follow_type=1;follow_unknown=25","2","base_unknown=0;follow_type=1;follow_unknown=25;path_count=2;decoded_path_count=2",""
"2026-07-21T19:58:32.1490555Z","IN","4386","FollowTarget","SimpleChar","797D36A5","SimpleChar:797D36A5","Malfunctioning Cleaning Robot","","","","","NpcPath","3596.81177","51.7449989","788.208923","3596.07275","52.2449989","788.591125","","25","base_unknown=0;follow_type=1;follow_unknown=25","2","base_unknown=0;follow_type=1;follow_unknown=25;path_count=2;decoded_path_count=2",""
"2026-07-21T19:58:32.4458731Z","IN","4389","FollowTarget","SimpleChar","79543CB6","SimpleChar:79543CB6","Malfunctioning Cleaning Robot","","","","","NpcPath","3596.979","51.7449989","783.935852","3596.04346","52.2449989","784.103149","","25","base_unknown=0;follow_type=1;follow_unknown=25","2","base_unknown=0;follow_type=1;follow_unknown=25;path_count=2;decoded_path_count=2",""
"2026-07-21T19:58:32.4458731Z","IN","4388","FollowTarget","SimpleChar","797D36A5","SimpleChar:797D36A5","Malfunctioning Cleaning Robot","","","","","NpcPath","3596.81177","51.7449989","788.208923","3596.05518","51.7449989","788.482483","","25","base_unknown=0;follow_type=1;follow_unknown=25","2","base_unknown=0;follow_type=1;follow_unknown=25;path_count=2;decoded_path_count=2",""
"2026-07-21T19:58:32.6687357Z","IN","4391","FollowTarget","SimpleChar","79543CB6","SimpleChar:79543CB6","Malfunctioning Cleaning Robot","","","","","NpcPath","3596.979","51.7449989","783.935852","3596.02026","52.2449989","783.711853","","25","base_unknown=0;follow_type=1;follow_unknown=25","2","base_unknown=0;follow_type=1;follow_unknown=25;path_count=2;decoded_path_count=2",""
"2026-07-21T19:58:32.6687357Z","IN","4390","FollowTarget","SimpleChar","797D36A5","SimpleChar:797D36A5","Malfunctioning Cleaning Robot","","","","","NpcPath","3596.81177","51.7449989","788.208923","3596.0481","52.2449989","788.464966","","25","base_unknown=0;follow_type=1;follow_unknown=25","2","base_unknown=0;follow_type=1;follow_unknown=25;path_count=2;decoded_path_count=2",""
"2026-07-21T19:58:32.8706105Z","IN","4397","FollowTarget","SimpleChar","797D36A5","SimpleChar:797D36A5","Malfunctioning Cleaning Robot","","","","","NpcPath","3596.81177","51.7449989","788.208923","3596.05518","51.7449989","788.482483","","25","base_unknown=0;follow_type=1;follow_unknown=25","2","base_unknown=0;follow_type=1;follow_unknown=25;path_count=2;decoded_path_count=2",""
"2026-07-21T19:58:32.8716100Z","IN","4398","FollowTarget","SimpleChar","79543CB6","SimpleChar:79543CB6","Malfunctioning Cleaning Robot","","","","","NpcPath","3596.979","51.7449989","783.935852","3596.10522","51.7449989","783.924805","","25","base_unknown=0;follow_type=1;follow_unknown=25","2","base_unknown=0;follow_type=1;follow_unknown=25;path_count=2;decoded_path_count=2",""
"2026-07-21T19:58:33.0485017Z","IN","4400","FollowTarget","SimpleChar","79543CB6","SimpleChar:79543CB6","Malfunctioning Cleaning Robot","","","","","NpcPath","3596.979","51.7449989","783.935852","3596.10327","52.2449989","783.886963","","25","base_unknown=0;follow_type=1;follow_unknown=25","2","base_unknown=0;follow_type=1;follow_unknown=25;path_count=2;decoded_path_count=2",""
"2026-07-21T19:58:33.0485017Z","IN","4399","FollowTarget","SimpleChar","797D36A5","SimpleChar:797D36A5","Malfunctioning Cleaning Robot","","","","","NpcPath","3596.81177","51.7449989","788.208923","3596.03125","52.2449989","788.737183","","25","base_unknown=0;follow_type=1;follow_unknown=25","2","base_unknown=0;follow_type=1;follow_unknown=25;path_count=2;decoded_path_count=2",""
"2026-07-21T19:58:33.2783590Z","IN","4402","FollowTarget","SimpleChar","79543CB6","SimpleChar:79543CB6","Malfunctioning Cleaning Robot","","","","","NpcPath","3596.979","51.7449989","783.935852","3596.10083","52.2449989","783.869812","","25","base_unknown=0;follow_type=1;follow_unknown=25","2","base_unknown=0;follow_type=1;follow_unknown=25;path_count=2;decoded_path_count=2",""
"2026-07-21T19:58:33.2783590Z","IN","4401","FollowTarget","SimpleChar","797D36A5","SimpleChar:797D36A5","Malfunctioning Cleaning Robot","","","","","NpcPath","3596.81177","51.7449989","788.208923","3596.05835","52.2449989","788.676758","","25","base_unknown=0;follow_type=1;follow_unknown=25","2","base_unknown=0;follow_type=1;follow_unknown=25;path_count=2;decoded_path_count=2",""
"2026-07-21T19:58:33.4672422Z","IN","4404","FollowTarget","SimpleChar","79543CB6","SimpleChar:79543CB6","Malfunctioning Cleaning Robot","","","","","NpcPath","3596.979","51.7449989","783.935852","3596.06543","52.2449989","783.771912","","25","base_unknown=0;follow_type=1;follow_unknown=25","2","base_unknown=0;follow_type=1;follow_unknown=25;path_count=2;decoded_path_count=2",""
"2026-07-21T19:58:33.4672422Z","IN","4403","FollowTarget","SimpleChar","797D36A5","SimpleChar:797D36A5","Malfunctioning Cleaning Robot","","","","","NpcPath","3596.81177","51.7449989","788.208923","3596.05518","51.7449989","788.482483","","25","base_unknown=0;follow_type=1;follow_unknown=25","2","base_unknown=0;follow_type=1;follow_unknown=25;path_count=2;decoded_path_count=2",""
"2026-07-21T19:58:33.7180876Z","IN","4406","FollowTarget","SimpleChar","79543CB6","SimpleChar:79543CB6","Malfunctioning Cleaning Robot","","","","","NpcPath","3596.979","51.7449989","783.935852","3596.10522","51.7449989","783.924805","","25","base_unknown=0;follow_type=1;follow_unknown=25","2","base_unknown=0;follow_type=1;follow_unknown=25;path_count=2;decoded_path_count=2",""
"2026-07-21T19:58:33.7180876Z","IN","4405","FollowTarget","SimpleChar","797D36A5","SimpleChar:797D36A5","Malfunctioning Cleaning Robot","","","","","NpcPath","3596.81177","51.7449989","788.208923","3596.05518","51.7449989","788.482483","","25","base_unknown=0;follow_type=1;follow_unknown=25","2","base_unknown=0;follow_type=1;follow_unknown=25;path_count=2;decoded_path_count=2",""
"2026-07-21T19:58:33.9269599Z","IN","4414","FollowTarget","SimpleChar","79543CB6","SimpleChar:79543CB6","Malfunctioning Cleaning Robot","","","","","NpcPath","3596.979","51.7449989","783.935852","3596.10522","51.7449989","783.924805","","25","base_unknown=0;follow_type=1;follow_unknown=25","2","base_unknown=0;follow_type=1;follow_unknown=25;path_count=2;decoded_path_count=2",""
"2026-07-21T19:58:33.9269599Z","IN","4413","FollowTarget","SimpleChar","797D36A5","SimpleChar:797D36A5","Malfunctioning Cleaning Robot","","","","","NpcPath","3596.81177","51.7449989","788.208923","3596.01489","52.2449989","788.761719","","25","base_unknown=0;follow_type=1;follow_unknown=25","2","base_unknown=0;follow_type=1;follow_unknown=25;path_count=2;decoded_path_count=2",""
"2026-07-21T19:58:34.1478229Z","IN","4416","FollowTarget","SimpleChar","79543CB6","SimpleChar:79543CB6","Malfunctioning Cleaning Robot","","","","","NpcPath","3596.979","51.7449989","783.935852","3596.09473","52.2449989","783.842651","","25","base_unknown=0;follow_type=1;follow_unknown=25","2","base_unknown=0;follow_type=1;follow_unknown=25;path_count=2;decoded_path_count=2",""
"2026-07-21T19:58:34.1478229Z","IN","4415","FollowTarget","SimpleChar","797D36A5","SimpleChar:797D36A5","Malfunctioning Cleaning Robot","","","","","NpcPath","3596.81177","51.7449989","788.208923","3596.05518","51.7449989","788.482483","","25","base_unknown=0;follow_type=1;follow_unknown=25","2","base_unknown=0;follow_type=1;follow_unknown=25;path_count=2;decoded_path_count=2",""
"2026-07-21T19:58:34.3506979Z","IN","4419","FollowTarget","SimpleChar","79543CB6","SimpleChar:79543CB6","Malfunctioning Cleaning Robot","","","","","NpcPath","3596.979","51.7449989","783.935852","3596.03125","52.2449989","783.723877","","25","base_unknown=0;follow_type=1;follow_unknown=25","2","base_unknown=0;follow_type=1;follow_unknown=25;path_count=2;decoded_path_count=2",""
"2026-07-21T19:58:34.3506979Z","IN","4417","FollowTarget","SimpleChar","797D36A5","SimpleChar:797D36A5","Malfunctioning Cleaning Robot","","","","","NpcPath","3596.81177","51.7449989","788.208923","3596.05518","51.7449989","788.482483","","25","base_unknown=0;follow_type=1;follow_unknown=25","2","base_unknown=0;follow_type=1;follow_unknown=25;path_count=2;decoded_path_count=2",""
"2026-07-21T19:58:34.6065400Z","IN","4422","FollowTarget","SimpleChar","79543CB6","SimpleChar:79543CB6","Malfunctioning Cleaning Robot","","","","","NpcPath","3596.979","51.7449989","783.935852","3596.06567","52.2449989","784.070007","","25","base_unknown=0;follow_type=1;follow_unknown=25","2","base_unknown=0;follow_type=1;follow_unknown=25;path_count=2;decoded_path_count=2",""
"2026-07-21T19:58:34.6065400Z","IN","4421","FollowTarget","SimpleChar","797D36A5","SimpleChar:797D36A5","Malfunctioning Cleaning Robot","","","","","NpcPath","3596.81177","51.7449989","788.208923","3596.05518","51.7449989","788.482483","","25","base_unknown=0;follow_type=1;follow_unknown=25","2","base_unknown=0;follow_type=1;follow_unknown=25;path_count=2;decoded_path_count=2",""
"2026-07-21T19:58:34.8044178Z","IN","4428","FollowTarget","SimpleChar","79543CB6","SimpleChar:79543CB6","Malfunctioning Cleaning Robot","","","","","NpcPath","3596.979","51.7449989","783.935852","3596.10522","51.7449989","783.924805","","25","base_unknown=0;follow_type=1;follow_unknown=25","2","base_unknown=0;follow_type=1;follow_unknown=25;path_count=2;decoded_path_count=2",""
"2026-07-21T19:58:34.8044178Z","IN","4427","FollowTarget","SimpleChar","797D36A5","SimpleChar:797D36A5","Malfunctioning Cleaning Robot","","","","","NpcPath","3596.81177","51.7449989","788.208923","3596.05518","51.7449989","788.482483","","25","base_unknown=0;follow_type=1;follow_unknown=25","2","base_unknown=0;follow_type=1;follow_unknown=25;path_count=2;decoded_path_count=2",""
"2026-07-21T19:58:34.8044178Z","IN","4429","FollowTarget","SimpleChar","79866560","SimpleChar:79866560","Malfunctioning Cleaning Robot","","","","","NpcPath","3620.30029","51.7449989","784.705444","3612.29443","52.5","788.057434","","24","base_unknown=0;follow_type=1;follow_unknown=24","2","base_unknown=0;follow_type=1;follow_unknown=24;path_count=2;decoded_path_count=2",""
"2026-07-21T19:58:35.2651342Z","IN","4436","FollowTarget","SimpleChar","79543CB6","SimpleChar:79543CB6","Malfunctioning Cleaning Robot","","","","","NpcPath","3596.979","51.7449989","783.935852","3596.07397","52.2449989","784.054016","","25","base_unknown=0;follow_type=1;follow_unknown=25","2","base_unknown=0;follow_type=1;follow_unknown=25;path_count=2;decoded_path_count=2",""
"2026-07-21T19:58:35.2651342Z","IN","4439","FollowTarget","SimpleChar","79543CB6","SimpleChar:79543CB6","Malfunctioning Cleaning Robot","","","","","NpcPath","3596.979","51.7449989","783.935852","3596.10522","51.7449989","783.924805","","25","base_unknown=0;follow_type=1;follow_unknown=25","2","base_unknown=0;follow_type=1;follow_unknown=25;path_count=2;decoded_path_count=2",""
"2026-07-21T19:58:35.2651342Z","IN","4435","FollowTarget","SimpleChar","797D36A5","SimpleChar:797D36A5","Malfunctioning Cleaning Robot","","","","","NpcPath","3596.81177","51.7449989","788.208923","3596.05859","52.2449989","788.675781","","25","base_unknown=0;follow_type=1;follow_unknown=25","2","base_unknown=0;follow_type=1;follow_unknown=25;path_count=2;decoded_path_count=2",""
"2026-07-21T19:58:35.2651342Z","IN","4438","FollowTarget","SimpleChar","797D36A5","SimpleChar:797D36A5","Malfunctioning Cleaning Robot","","","","","NpcPath","3596.81177","51.7449989","788.208923","3596.05518","51.7449989","788.482483","","25","base_unknown=0;follow_type=1;follow_unknown=25","2","base_unknown=0;follow_type=1;follow_unknown=25;path_count=2;decoded_path_count=2",""
"2026-07-21T19:58:35.6678851Z","IN","4441","FollowTarget","SimpleChar","79543CB6","SimpleChar:79543CB6","Malfunctioning Cleaning Robot","","","","","NpcPath","3596.979","51.7449989","783.935852","3596.06665","52.2449989","784.067993","","25","base_unknown=0;follow_type=1;follow_unknown=25","2","base_unknown=0;follow_type=1;follow_unknown=25;path_count=2;decoded_path_count=2",""
"2026-07-21T19:58:35.6678851Z","IN","4443","FollowTarget","SimpleChar","79543CB6","SimpleChar:79543CB6","Malfunctioning Cleaning Robot","","","","","NpcPath","3596.979","51.7449989","783.935852","3596.10522","51.7449989","783.924805","","25","base_unknown=0;follow_type=1;follow_unknown=25","2","base_unknown=0;follow_type=1;follow_unknown=25;path_count=2;decoded_path_count=2",""
"2026-07-21T19:58:35.6678851Z","IN","4440","FollowTarget","SimpleChar","797D36A5","SimpleChar:797D36A5","Malfunctioning Cleaning Robot","","","","","NpcPath","3596.81177","51.7449989","788.208923","3596.07275","52.2449989","788.59552","","25","base_unknown=0;follow_type=1;follow_unknown=25","2","base_unknown=0;follow_type=1;follow_unknown=25;path_count=2;decoded_path_count=2",""
"2026-07-21T19:58:35.6678851Z","IN","4442","FollowTarget","SimpleChar","797D36A5","SimpleChar:797D36A5","Malfunctioning Cleaning Robot","","","","","NpcPath","3596.81177","51.7449989","788.208923","3596.05518","51.7449989","788.482483","","25","base_unknown=0;follow_type=1;follow_unknown=25","2","base_unknown=0;follow_type=1;follow_unknown=25;path_count=2;decoded_path_count=2",""
"2026-07-21T19:58:35.8927462Z","IN","4451","FollowTarget","SimpleChar","79543CB6","SimpleChar:79543CB6","Malfunctioning Cleaning Robot","","","","","NpcPath","3596.979","51.7449989","783.935852","3596.10522","51.7449989","783.924805","","25","base_unknown=0;follow_type=1;follow_unknown=25","2","base_unknown=0;follow_type=1;follow_unknown=25;path_count=2;decoded_path_count=2",""
"2026-07-21T19:58:35.8927462Z","IN","4450","FollowTarget","SimpleChar","797D36A5","SimpleChar:797D36A5","Malfunctioning Cleaning Robot","","","","","NpcPath","3596.81177","51.7449989","788.208923","3596.05518","51.7449989","788.482483","","25","base_unknown=0;follow_type=1;follow_unknown=25","2","base_unknown=0;follow_type=1;follow_unknown=25;path_count=2;decoded_path_count=2",""
"2026-07-21T19:58:36.0746339Z","IN","4453","FollowTarget","SimpleChar","79543CB6","SimpleChar:79543CB6","Malfunctioning Cleaning Robot","","","","","NpcPath","3596.979","51.7449989","783.935852","3596.01245","52.2449989","784.137878","","25","base_unknown=0;follow_type=1;follow_unknown=25","2","base_unknown=0;follow_type=1;follow_unknown=25;path_count=2;decoded_path_count=2",""
"2026-07-21T19:58:36.0746339Z","IN","4452","FollowTarget","SimpleChar","797D36A5","SimpleChar:797D36A5","Malfunctioning Cleaning Robot","","","","","NpcPath","3596.81177","51.7449989","788.208923","3596.02295","52.2449989","788.418762","","25","base_unknown=0;follow_type=1;follow_unknown=25","2","base_unknown=0;follow_type=1;follow_unknown=25;path_count=2;decoded_path_count=2",""
"2026-07-21T19:58:36.0746339Z","IN","4454","FollowTarget","SimpleChar","79866565","SimpleChar:79866565","Malfunctioning Cleaning Robot","","","","","NpcPath","3594.97144","51.7449989","800.197144","3601.74219","52.5","788.153564","","24","base_unknown=0;follow_type=1;follow_unknown=24","2","base_unknown=0;follow_type=1;follow_unknown=24;path_count=2;decoded_path_count=2",""
"2026-07-21T19:58:36.5553387Z","IN","4457","FollowTarget","SimpleChar","79543CB6","SimpleChar:79543CB6","Malfunctioning Cleaning Robot","","","","","NpcPath","3596.979","51.7449989","783.935852","3596.02832","52.2449989","783.72052","","25","base_unknown=0;follow_type=1;follow_unknown=25","2","base_unknown=0;follow_type=1;follow_unknown=25;path_count=2;decoded_path_count=2",""
"2026-07-21T19:58:36.5553387Z","IN","4460","FollowTarget","SimpleChar","79543CB6","SimpleChar:79543CB6","Malfunctioning Cleaning Robot","","","","","NpcPath","3596.979","51.7449989","783.935852","3596.10522","51.7449989","783.924805","","25","base_unknown=0;follow_type=1;follow_unknown=25","2","base_unknown=0;follow_type=1;follow_unknown=25;path_count=2;decoded_path_count=2",""
"2026-07-21T19:58:36.5553387Z","IN","4456","FollowTarget","SimpleChar","797D36A5","SimpleChar:797D36A5","Malfunctioning Cleaning Robot","","","","","NpcPath","3596.81177","51.7449989","788.208923","3596.05518","51.7449989","788.482483","","25","base_unknown=0;follow_type=1;follow_unknown=25","2","base_unknown=0;follow_type=1;follow_unknown=25;path_count=2;decoded_path_count=2",""
"2026-07-21T19:58:36.5553387Z","IN","4459","FollowTarget","SimpleChar","797D36A5","SimpleChar:797D36A5","Malfunctioning Cleaning Robot","","","","","NpcPath","3596.81177","51.7449989","788.208923","3596.05518","51.7449989","788.482483","","25","base_unknown=0;follow_type=1;follow_unknown=25","2","base_unknown=0;follow_type=1;follow_unknown=25;path_count=2;decoded_path_count=2",""
"2026-07-21T19:58:36.5553387Z","IN","4455","FollowTarget","SimpleChar","7986655D","SimpleChar:7986655D","Malfunctioning Cleaning Robot","","","","","NpcPath","3622.48657","51.7449989","798.038452","3623.02539","52.5","798.70105","","24","base_unknown=0;follow_type=1;follow_unknown=24","2","base_unknown=0;follow_type=1;follow_unknown=24;path_count=2;decoded_path_count=2",""
"2026-07-21T19:58:36.5553387Z","IN","4458","FollowTarget","SimpleChar","7986655D","SimpleChar:7986655D","Malfunctioning Cleaning Robot","","","","","NpcPath","3622.48657","51.7449989","798.038452","3622.71777","52.5","799.102051","","24","base_unknown=0;follow_type=1;follow_unknown=24","2","base_unknown=0;follow_type=1;follow_unknown=24;path_count=2;decoded_path_count=2",""
"2026-07-21T19:58:36.8551535Z","IN","4462","FollowTarget","SimpleChar","79543CB6","SimpleChar:79543CB6","Malfunctioning Cleaning Robot","","","","","NpcPath","3596.979","51.7449989","783.935852","3596.10522","51.7449989","783.924805","","25","base_unknown=0;follow_type=1;follow_unknown=25","2","base_unknown=0;follow_type=1;follow_unknown=25;path_count=2;decoded_path_count=2",""
"2026-07-21T19:58:36.8551535Z","IN","4461","FollowTarget","SimpleChar","797D36A5","SimpleChar:797D36A5","Malfunctioning Cleaning Robot","","","","","NpcPath","3596.81177","51.7449989","788.208923","3596.05518","51.7449989","788.482483","","25","base_unknown=0;follow_type=1;follow_unknown=25","2","base_unknown=0;follow_type=1;follow_unknown=25;path_count=2;decoded_path_count=2",""
"2026-07-21T19:58:37.1489721Z","IN","4470","FollowTarget","SimpleChar","79543CB6","SimpleChar:79543CB6","Malfunctioning Cleaning Robot","","","","","NpcPath","3596.979","51.7449989","783.935852","3596.10522","51.7449989","783.924805","","25","base_unknown=0;follow_type=1;follow_unknown=25","2","base_unknown=0;follow_type=1;follow_unknown=25;path_count=2;decoded_path_count=2",""
"2026-07-21T19:58:37.1489721Z","IN","4473","FollowTarget","SimpleChar","79543CB6","SimpleChar:79543CB6","Malfunctioning Cleaning Robot","","","","","NpcPath","3596.979","51.7449989","783.935852","3596.10522","51.7449989","783.924805","","25","base_unknown=0;follow_type=1;follow_unknown=25","2","base_unknown=0;follow_type=1;follow_unknown=25;path_count=2;decoded_path_count=2",""
"2026-07-21T19:58:37.1489721Z","IN","4469","FollowTarget","SimpleChar","797D36A5","SimpleChar:797D36A5","Malfunctioning Cleaning Robot","","","","","NpcPath","3596.81177","51.7449989","788.208923","3596.07275","52.2449989","788.574158","","25","base_unknown=0;follow_type=1;follow_unknown=25","2","base_unknown=0;follow_type=1;follow_unknown=25;path_count=2;decoded_path_count=2",""
"2026-07-21T19:58:37.1489721Z","IN","4472","FollowTarget","SimpleChar","797D36A5","SimpleChar:797D36A5","Malfunctioning Cleaning Robot","","","","","NpcPath","3596.81177","51.7449989","788.208923","3596.05518","51.7449989","788.482483","","25","base_unknown=0;follow_type=1;follow_unknown=25","2","base_unknown=0;follow_type=1;follow_unknown=25;path_count=2;decoded_path_count=2",""
"2026-07-21T19:58:37.1489721Z","IN","4468","FollowTarget","SimpleChar","7986655D","SimpleChar:7986655D","Malfunctioning Cleaning Robot","","","","","NpcPath","3622.50562","51.7449989","798.125549","3622.7207","52.5","799.109375","","24","base_unknown=0;follow_type=1;follow_unknown=24","2","base_unknown=0;follow_type=1;follow_unknown=24;path_count=2;decoded_path_count=2",""
"2026-07-21T19:58:37.3678370Z","IN","4475","FollowTarget","SimpleChar","79543CB6","SimpleChar:79543CB6","Malfunctioning Cleaning Robot","","","","","NpcPath","3596.979","51.7449989","783.935852","3596.10522","51.7449989","783.924805","","25","base_unknown=0;follow_type=1;follow_unknown=25","2","base_unknown=0;follow_type=1;follow_unknown=25;path_count=2;decoded_path_count=2",""
"2026-07-21T19:58:37.3678370Z","IN","4474","FollowTarget","SimpleChar","797D36A5","SimpleChar:797D36A5","Malfunctioning Cleaning Robot","","","","","NpcPath","3596.81177","51.7449989","788.208923","3596.05518","51.7449989","788.482483","","25","base_unknown=0;follow_type=1;follow_unknown=25","2","base_unknown=0;follow_type=1;follow_unknown=25;path_count=2;decoded_path_count=2",""
"2026-07-21T19:58:37.7396082Z","IN","4478","FollowTarget","SimpleChar","79543CB6","SimpleChar:79543CB6","Malfunctioning Cleaning Robot","","","","","NpcPath","3596.979","51.7449989","783.935852","3596.10181","52.2449989","783.876099","","25","base_unknown=0;follow_type=1;follow_unknown=25","2","base_unknown=0;follow_type=1;follow_unknown=25;path_count=2;decoded_path_count=2",""
"2026-07-21T19:58:37.7396082Z","IN","4477","FollowTarget","SimpleChar","797D36A5","SimpleChar:797D36A5","Malfunctioning Cleaning Robot","","","","","NpcPath","3596.81177","51.7449989","788.208923","3596.05518","51.7449989","788.482483","","25","base_unknown=0;follow_type=1;follow_unknown=25","2","base_unknown=0;follow_type=1;follow_unknown=25;path_count=2;decoded_path_count=2",""
