ObservationId,EquivalentObservationCount,CapturedUtc,Sequence,Behavior,NpcFamily,MonsterData,Level,CapturedPlayfieldId,RuntimePlayfieldId,Name,SourceIdentity,SourceGeneration,RouteSignature,StartX,StartY,StartZ,EndX,EndY,EndZ,DelayAfterSeconds,PathCount
m07348,1,2026-07-22T09:00:13.712873Z,28133,spawn,137,26125,10,1044525,6553,Leonora Marty,SimpleChar:78E0FC74,1,e5d891be987ef4b6,3450.05225,9.145,889.701904,3461.76147,9.01,888.967957,0,2
m07495,1,2026-07-22T09:01:36.450465Z,29265,spawn,137,26125,10,1044525,6553,Leonora Marty,SimpleChar:78E0FC74,2,e47f471b38533c64,3441.45703,9.01,858.462646,3448.84668,9.050667,862.536926,0,2
m07561,1,2026-07-22T09:02:15.350797Z,29731,spawn,137,26125,10,1044525,6553,Leonora Marty,SimpleChar:78E0FC74,3,02f1e53805738d3e,3442.44946,9.165,889.472656,3447.95923,9.053416,889.979736,2.901979,2
m07567,1,2026-07-22T09:02:18.252776Z,29764,spawn,137,26125,10,1044525,6553,Leonora Marty,SimpleChar:78E0FC74,3,d253fd1e01597ca9,3446.7417,9.145,889.862244,3451.55005,9.109654,889.622498,0,2
m09100,1,2026-07-22T09:04:45.706465Z,34943,spawn,137,26125,10,1044525,6553,Leonora Marty,SimpleChar:78E0FC74,4,97207de34910a10b,3462.76221,9.01,885.179199,3457.02905,9.109645,880.685242,0,2
m09784,1,2026-07-22T09:10:42.625244Z,46852,spawn,137,26125,10,1044525,6553,Leonora Marty,SimpleChar:78E0FC74,5,02f1e53805738d3e,3442.58374,9.165,889.477966,3447.95923,9.053416,889.979736,2.963338,2
m09787,1,2026-07-22T09:10:45.588582Z,46944,spawn,137,26125,10,1044525,6553,Leonora Marty,SimpleChar:78E0FC74,5,d253fd1e01597ca9,3446.66895,9.145,889.853638,3451.55005,9.109654,889.622498,0,2
m10251,1,2026-07-22T09:17:17.675287Z,56667,spawn,137,26125,10,1044525,6553,Leonora Marty,SimpleChar:78E0FC74,6,e97c08af8420f01f,3465.21851,9.01,889.079224,3469.4873,9.01,884.308228,3.591608,2
m10262,1,2026-07-22T09:17:21.266895Z,56774,spawn,137,26125,10,1044525,6553,Leonora Marty,SimpleChar:78E0FC74,6,ada6fe2dfef9c659,3468.7251,9.01,885.249634,3461.42432,9.009971,885.246643,0,2
m10386,1,2026-07-22T09:19:09.366198Z,58212,spawn,137,26125,10,1044525,6553,Leonora Marty,SimpleChar:78E0FC74,7,02f1e53805738d3e,3442.57715,9.165,889.478394,3447.95923,9.053416,889.979736,2.745231,2
m10395,1,2026-07-22T09:19:12.111429Z,58342,spawn,137,26125,10,1044525,6553,Leonora Marty,SimpleChar:78E0FC74,7,d253fd1e01597ca9,3446.62036,9.145,889.848816,3451.55005,9.109654,889.622498,0,2
m10671,1,2026-07-22T09:21:50.596293Z,63042,spawn,137,26125,10,1044525,6553,Leonora Marty,SimpleChar:78E0FC74,8,cfb94f28e08ddb13,3457.12256,9.145,870.56134,3457.23755,9.732795,860.66803,0,2
m10745,1,2026-07-22T09:22:43.536194Z,63497,spawn,137,26125,10,1044525,6553,Leonora Marty,SimpleChar:78E0FC74,9,e47f471b38533c64,3441.25073,9.01,858.403503,3448.84668,9.050667,862.536926,0,2
m10810,1,2026-07-22T09:23:22.757699Z,63843,spawn,137,26125,10,1044525,6553,Leonora Marty,SimpleChar:78E0FC74,10,02f1e53805738d3e,3442.56763,9.165,889.477295,3447.95923,9.053416,889.979736,2.499968,2
m10816,1,2026-07-22T09:23:25.257667Z,63862,spawn,137,26125,10,1044525,6553,Leonora Marty,SimpleChar:78E0FC74,10,146d23dd33de6eec,3446.80298,9.145,889.86676,3451.55005,9.109654,889.622498,0,2
m10948,1,2026-07-22T09:24:49.756686Z,64828,spawn,137,26125,10,1044525,6553,Leonora Marty,SimpleChar:78E0FC74,11,2e7998c30ffcef00,3441.17358,9.01,858.385315,3448.84668,9.050667,862.536926,0,2
m11004,1,2026-07-22T09:25:29.069961Z,65145,spawn,137,26125,10,1044525,6553,Leonora Marty,SimpleChar:78E0FC74,12,02f1e53805738d3e,3442.62061,9.165,889.479126,3447.95923,9.053416,889.979736,2.642212,2
m11008,1,2026-07-22T09:25:31.712173Z,65160,spawn,137,26125,10,1044525,6553,Leonora Marty,SimpleChar:78E0FC74,12,d253fd1e01597ca9,3446.55103,9.145,889.840881,3451.55005,9.109654,889.622498,0,2
m11120,1,2026-07-22T09:26:56.526912Z,65633,spawn,137,26125,10,1044525,6553,Leonora Marty,SimpleChar:78E0FC74,13,2e7998c30ffcef00,3441.18774,9.01,858.390991,3448.84668,9.050667,862.536926,0,2
m11189,1,2026-07-22T09:27:35.701623Z,65864,spawn,137,26125,10,1044525,6553,Leonora Marty,SimpleChar:78E0FC74,14,02f1e53805738d3e,3442.61255,9.165,889.479736,3447.95923,9.053416,889.979736,2.764514,2
m11193,1,2026-07-22T09:27:38.466137Z,65875,spawn,137,26125,10,1044525,6553,Leonora Marty,SimpleChar:78E0FC74,14,d253fd1e01597ca9,3446.63525,9.145,889.849609,3451.55005,9.109654,889.622498,0,2
m11338,1,2026-07-22T09:29:03.052202Z,66354,spawn,137,26125,10,1044525,6553,Leonora Marty,SimpleChar:78E0FC74,15,e47f471b38533c64,3441.25049,9.01,858.402954,3448.84668,9.050667,862.536926,0,2
m11413,1,2026-07-22T09:29:42.158612Z,66584,spawn,137,26125,10,1044525,6553,Leonora Marty,SimpleChar:78E0FC74,16,02f1e53805738d3e,3442.42798,9.165,889.473145,3447.95923,9.053416,889.979736,2.823042,2
m11419,1,2026-07-22T09:29:44.981654Z,66601,spawn,137,26125,10,1044525,6553,Leonora Marty,SimpleChar:78E0FC74,16,d253fd1e01597ca9,3446.64722,9.145,889.853882,3451.55005,9.109654,889.622498,0,2
m11572,1,2026-07-22T09:31:09.706027Z,67091,spawn,137,26125,10,1044525,6553,Leonora Marty,SimpleChar:78E0FC74,17,e47f471b38533c64,3441.25659,9.01,858.417664,3448.84668,9.050667,862.536926,0,2
m11649,1,2026-07-22T09:31:49.007470Z,67323,spawn,137,26125,10,1044525,6553,Leonora Marty,SimpleChar:78E0FC74,18,02f1e53805738d3e,3442.40625,9.165,889.474792,3447.95923,9.053416,889.979736,2.703133,2
m11657,1,2026-07-22T09:31:51.710603Z,67342,spawn,137,26125,10,1044525,6553,Leonora Marty,SimpleChar:78E0FC74,18,d253fd1e01597ca9,3446.7334,9.145,889.862976,3451.55005,9.109654,889.622498,0,2
m11842,1,2026-07-22T09:33:25.285058Z,67866,spawn,137,26125,10,1044525,6553,Leonora Marty,SimpleChar:78E0FC74,19,e47f471b38533c64,3441.44141,9.01,858.459351,3448.84668,9.050667,862.536926,0,2
m11922,1,2026-07-22T09:34:12.717804Z,68111,spawn,137,26125,10,1044525,6553,Leonora Marty,SimpleChar:78E0FC74,20,02f1e53805738d3e,3442.55347,9.165,889.479065,3447.95923,9.053416,889.979736,2.749518,2
m11928,1,2026-07-22T09:34:15.467322Z,68124,spawn,137,26125,10,1044525,6553,Leonora Marty,SimpleChar:78E0FC74,20,d253fd1e01597ca9,3446.59668,9.145,889.847168,3451.55005,9.109654,889.622498,0,2
m12101,1,2026-07-22T09:35:40.521535Z,68754,spawn,137,26125,10,1044525,6553,Leonora Marty,SimpleChar:78E0FC74,21,e47f471b38533c64,3441.36279,9.01,858.427124,3448.84668,9.050667,862.536926,0,2
m12177,1,2026-07-22T09:36:19.568919Z,69078,spawn,137,26125,10,1044525,6553,Leonora Marty,SimpleChar:78E0FC74,22,02f1e53805738d3e,3442.58301,9.165,889.481018,3447.95923,9.053416,889.979736,2.700975,2
m12187,1,2026-07-22T09:36:22.269894Z,69096,spawn,137,26125,10,1044525,6553,Leonora Marty,SimpleChar:78E0FC74,22,d253fd1e01597ca9,3446.60986,9.145,889.847961,3451.55005,9.109654,889.622498,0,2
m12346,1,2026-07-22T09:37:48.123380Z,69691,spawn,137,26125,10,1044525,6553,Leonora Marty,SimpleChar:78E0FC74,23,e47f471b38533c64,3441.26758,9.01,858.405029,3448.84668,9.050667,862.536926,0,2
m12412,1,2026-07-22T09:38:27.340889Z,69953,spawn,137,26125,10,1044525,6553,Leonora Marty,SimpleChar:78E0FC74,24,02f1e53805738d3e,3442.55493,9.165,889.479431,3447.95923,9.053416,889.979736,2.770777,2
m12419,1,2026-07-22T09:38:30.111666Z,69965,spawn,137,26125,10,1044525,6553,Leonora Marty,SimpleChar:78E0FC74,24,d253fd1e01597ca9,3446.51099,9.145,889.838745,3451.55005,9.109654,889.622498,0,2
m12574,1,2026-07-22T09:39:55.034240Z,70591,spawn,137,26125,10,1044525,6553,Leonora Marty,SimpleChar:78E0FC74,25,e47f471b38533c64,3441.36938,9.01,858.430908,3448.84668,9.050667,862.536926,0,2
m12642,1,2026-07-22T09:40:34.001252Z,70901,spawn,137,26125,10,1044525,6553,Leonora Marty,SimpleChar:78E0FC74,26,02f1e53805738d3e,3442.40552,9.165,889.476074,3447.95923,9.053416,889.979736,3.132192,2
m12647,1,2026-07-22T09:40:37.133444Z,70920,spawn,137,26125,10,1044525,6553,Leonora Marty,SimpleChar:78E0FC74,26,146d23dd33de6eec,3446.78369,9.145,889.868042,3451.55005,9.109654,889.622498,0,2
m12796,1,2026-07-22T09:42:01.846760Z,71694,spawn,137,26125,10,1044525,6553,Leonora Marty,SimpleChar:78E0FC74,27,e47f471b38533c64,3441.30103,9.01,858.429626,3448.84668,9.050667,862.536926,0,2
m12867,1,2026-07-22T09:42:40.899390Z,72040,spawn,137,26125,10,1044525,6553,Leonora Marty,SimpleChar:78E0FC74,28,02f1e53805738d3e,3442.57373,9.165,889.480896,3447.95923,9.053416,889.979736,2.93238,2
m12873,1,2026-07-22T09:42:43.831770Z,72064,spawn,137,26125,10,1044525,6553,Leonora Marty,SimpleChar:78E0FC74,28,d253fd1e01597ca9,3446.6543,9.145,889.852539,3451.55005,9.109654,889.622498,0,2
m13411,1,2026-07-22T09:46:54.614115Z,80497,spawn,137,26125,10,1044525,6553,Leonora Marty,SimpleChar:78E0FC74,29,02f1e53805738d3e,3442.5603,9.165,889.480042,3447.95923,9.053416,889.979736,2.85718,2
m13417,1,2026-07-22T09:46:57.471295Z,80553,spawn,137,26125,10,1044525,6553,Leonora Marty,SimpleChar:78E0FC74,29,146d23dd33de6eec,3446.76929,9.145,889.863892,3451.55005,9.109654,889.622498,0,2
m13731,1,2026-07-22T09:49:03.977603Z,86766,spawn,137,26125,10,1044525,6553,Leonora Marty,SimpleChar:78E0FC74,30,d253fd1e01597ca9,3446.5,9.145,889.83606,3451.55005,9.109654,889.622498,2.288913,2
m13738,1,2026-07-22T09:49:06.266516Z,86850,spawn,137,26125,10,1044525,6553,Leonora Marty,SimpleChar:78E0FC74,30,e5d891be987ef4b6,3450.18213,9.145,889.694153,3461.76147,9.01,888.967957,0,2
m13866,1,2026-07-22T09:50:28.671424Z,87388,spawn,137,26125,10,1044525,6553,Leonora Marty,SimpleChar:78E0FC74,31,e47f471b38533c64,3441.27637,9.01,858.4245,3448.84668,9.050667,862.536926,0,2
m09091,1,2026-07-22T09:04:42.500263Z,34829,spawn,103,26149,23,1044525,6553,Janae Seaman,SimpleChar:78E0FD08,4,e941be33dc652c4d,3470.63501,9.01,883.391663,3472.61182,9.01,885.654236,1.244272,2
m09095,1,2026-07-22T09:04:43.744535Z,34869,spawn,103,26149,23,1044525,6553,Janae Seaman,SimpleChar:78E0FD08,4,12e0d3873210dbab,3471.78735,9.01,884.462341,3473.25024,9.01,888.013428,1.441282,2
m09098,1,2026-07-22T09:04:45.185817Z,34926,spawn,103,26149,23,1044525,6553,Janae Seaman,SimpleChar:78E0FD08,4,818ca27973c7818e,3472.71191,9.01,886.615479,3470.88599,9.01,888.954834,1.351722,2
m09104,1,2026-07-22T09:04:46.537539Z,34980,spawn,103,26149,23,1044525,6553,Janae Seaman,SimpleChar:78E0FD08,4,66b688f7267af6b6,3471.79297,9.01,888.106323,3468.55835,9.01,888.870117,0,2
m10258,1,2026-07-22T09:17:19.074483Z,56719,spawn,103,26149,23,1044525,6553,Janae Seaman,SimpleChar:78E0FD08,9,c4f07e772f4fa2d8,3463.4043,9.01,889.433838,3438.57275,9.01,887.679321,0,2
m13734,1,2026-07-22T09:49:04.983504Z,86820,spawn,103,26149,23,1044525,6553,Janae Seaman,SimpleChar:78E0FD08,41,c4f07e772f4fa2d8,3463.29517,9.01,889.482361,3438.57275,9.01,887.679321,0,2
m14247,1,2026-07-22T09:53:01.290021Z,91979,spawn,103,26149,23,1044525,6553,Janae Seaman,SimpleChar:78E0FD08,44,5246139a6c656f6a,3467.17017,9.01,883.242798,3472.10791,9.01,883.451599,0,2
m00019,1,2026-07-22T08:48:10.451660Z,29,spawn,1019,297023,1,1044525,6553,Malfunctioning Cleaning Robot,SimpleChar:79543CB6,1,8fdb70a3a252296e,3596.979,51.744999,783.935852,3596.08423,52.244999,783.811035,0.243095,2
m00022,1,2026-07-22T08:48:10.694755Z,36,spawn,1019,297023,1,1044525,6553,Malfunctioning Cleaning Robot,SimpleChar:79543CB6,1,52aa3d9899596478,3596.979,51.744999,783.935852,3596.03223,52.244999,783.724976,0.20764,2
m00025,1,2026-07-22T08:48:10.902395Z,45,spawn,1019,297023,1,1044525,6553,Malfunctioning Cleaning Robot,SimpleChar:79543CB6,1,7740d1949c568006,3596.979,51.744999,783.935852,3596.10522,51.744999,783.924805,0.120055,2
m00027,1,2026-07-22T08:48:11.022450Z,63,spawn,1019,297023,1,1044525,6553,Malfunctioning Cleaning Robot,SimpleChar:79543CB6,1,8fdb70a3a252296e,3596.979,51.744999,783.935852,3596.05298,52.244999,784.090027,0.193574,2
m00030,1,2026-07-22T08:48:11.216024Z,74,spawn,1019,297023,1,1044525,6553,Malfunctioning Cleaning Robot,SimpleChar:79543CB6,1,8fdb70a3a252296e,3596.979,51.744999,783.935852,3596.01758,52.244999,784.132813,0.210586,2
m00033,1,2026-07-22T08:48:11.426610Z,99,spawn,1019,297023,1,1044525,6553,Malfunctioning Cleaning Robot,SimpleChar:79543CB6,1,8fdb70a3a252296e,3596.979,51.744999,783.935852,3596.09717,52.244999,783.990234,0.309116,2
m00036,1,2026-07-22T08:48:11.735726Z,111,spawn,1019,297023,1,1044525,6553,Malfunctioning Cleaning Robot,SimpleChar:79543CB6,1,8fdb70a3a252296e,3596.979,51.744999,783.935852,3596.0957,52.244999,783.996033,0.117537,2
m00038,1,2026-07-22T08:48:11.853263Z,119,spawn,1019,297023,1,1044525,6553,Malfunctioning Cleaning Robot,SimpleChar:79543CB6,1,7740d1949c568006,3596.979,51.744999,783.935852,3596.10522,51.744999,783.924805,0.206652,2
m00041,1,2026-07-22T08:48:12.059915Z,161,spawn,1019,297023,1,1044525,6553,Malfunctioning Cleaning Robot,SimpleChar:79543CB6,1,7740d1949c568006,3596.979,51.744999,783.935852,3596.10522,51.744999,783.924805,0.325136,2
m00044,1,2026-07-22T08:48:12.385051Z,182,spawn,1019,297023,1,1044525,6553,Malfunctioning Cleaning Robot,SimpleChar:79543CB6,1,8fdb70a3a252296e,3596.979,51.744999,783.935852,3596.07129,52.244999,783.782776,0,2
m00046,1,2026-07-22T08:48:12.385051Z,188,spawn,1019,297023,1,1044525,6553,Malfunctioning Cleaning Robot,SimpleChar:79543CB6,1,7740d1949c568006,3596.979,51.744999,783.935852,3596.10522,51.744999,783.924805,0.27911,2
m00050,1,2026-07-22T08:48:12.664161Z,200,spawn,1019,297023,1,1044525,6553,Malfunctioning Cleaning Robot,SimpleChar:79543CB6,1,7740d1949c568006,3596.979,51.744999,783.935852,3596.10522,51.744999,783.924805,0.261597,2
m00052,1,2026-07-22T08:48:12.925758Z,216,spawn,1019,297023,1,1044525,6553,Malfunctioning Cleaning Robot,SimpleChar:79543CB6,1,8fdb70a3a252296e,3596.979,51.744999,783.935852,3596.08008,52.244999,784.040955,0.102037,2
m00054,1,2026-07-22T08:48:13.027795Z,237,spawn,1019,297023,1,1044525,6553,Malfunctioning Cleaning Robot,SimpleChar:79543CB6,1,8fdb70a3a252296e,3596.979,51.744999,783.935852,3596.05615,52.244999,784.085327,0.199686,2
m00057,1,2026-07-22T08:48:13.227481Z,259,spawn,1019,297023,1,1044525,6553,Malfunctioning Cleaning Robot,SimpleChar:79543CB6,1,8fdb70a3a252296e,3596.979,51.744999,783.935852,3596.01001,52.244999,784.140259,0.36769,2
m00060,1,2026-07-22T08:48:13.595171Z,278,spawn,1019,297023,1,1044525,6553,Malfunctioning Cleaning Robot,SimpleChar:79543CB6,1,7740d1949c568006,3596.979,51.744999,783.935852,3596.10522,51.744999,783.924805,0.19011,2
m00063,1,2026-07-22T08:48:13.785281Z,291,spawn,1019,297023,1,1044525,6553,Malfunctioning Cleaning Robot,SimpleChar:79543CB6,1,8fdb70a3a252296e,3596.979,51.744999,783.935852,3596.08203,52.244999,783.805481,0.097672,2
m00065,1,2026-07-22T08:48:13.882953Z,315,spawn,1019,297023,1,1044525,6553,Malfunctioning Cleaning Robot,SimpleChar:79543CB6,1,8fdb70a3a252296e,3596.979,51.744999,783.935852,3596.10107,52.244999,783.969849,0.241585,2
m00068,1,2026-07-22T08:48:14.124538Z,325,spawn,1019,297023,1,1044525,6553,Malfunctioning Cleaning Robot,SimpleChar:79543CB6,1,7740d1949c568006,3596.979,51.744999,783.935852,3596.10522,51.744999,783.924805,0.255608,2
m00070,1,2026-07-22T08:48:14.380146Z,340,spawn,1019,297023,1,1044525,6553,Malfunctioning Cleaning Robot,SimpleChar:79543CB6,1,8fdb70a3a252296e,3596.979,51.744999,783.935852,3596.10229,52.244999,783.961975,0.281103,2
m00072,1,2026-07-22T08:48:14.661249Z,349,spawn,1019,297023,1,1044525,6553,Malfunctioning Cleaning Robot,SimpleChar:79543CB6,1,52aa3d9899596478,3596.979,51.744999,783.935852,3596.03418,52.244999,783.727295,0.165071,2
m00074,1,2026-07-22T08:48:14.826320Z,358,spawn,1019,297023,1,1044525,6553,Malfunctioning Cleaning Robot,SimpleChar:79543CB6,1,52aa3d9899596478,3596.979,51.744999,783.935852,3596.04492,52.244999,783.740723,0.162155,2
m00076,1,2026-07-22T08:48:14.988475Z,374,spawn,1019,297023,1,1044525,6553,Malfunctioning Cleaning Robot,SimpleChar:79543CB6,1,7740d1949c568006,3596.979,51.744999,783.935852,3596.10522,51.744999,783.924805,0.221573,2
m00078,1,2026-07-22T08:48:15.210048Z,379,spawn,1019,297023,1,1044525,6553,Malfunctioning Cleaning Robot,SimpleChar:79543CB6,1,7740d1949c568006,3596.979,51.744999,783.935852,3596.10522,51.744999,783.924805,0,2
m03959,1,2026-07-22T08:52:13.216277Z,11259,spawn,1019,297023,1,1044525,6553,Malfunctioning Cleaning Robot,SimpleChar:79543CB6,2,8fdb70a3a252296e,3596.979,51.744999,783.935852,3596.09155,52.244999,784.010071,0.363784,2
m03962,1,2026-07-22T08:52:13.580061Z,11289,spawn,1019,297023,1,1044525,6553,Malfunctioning Cleaning Robot,SimpleChar:79543CB6,2,7740d1949c568006,3596.979,51.744999,783.935852,3596.10522,51.744999,783.924805,0.120549,2
m03965,1,2026-07-22T08:52:13.700610Z,11331,spawn,1019,297023,1,1044525,6553,Malfunctioning Cleaning Robot,SimpleChar:79543CB6,2,7740d1949c568006,3596.979,51.744999,783.935852,3596.10522,51.744999,783.924805,0.238609,2
m03971,1,2026-07-22T08:52:13.939219Z,11361,spawn,1019,297023,1,1044525,6553,Malfunctioning Cleaning Robot,SimpleChar:79543CB6,2,7740d1949c568006,3596.979,51.744999,783.935852,3596.10522,51.744999,783.924805,0.234116,2
m03974,1,2026-07-22T08:52:14.173335Z,11371,spawn,1019,297023,1,1044525,6553,Malfunctioning Cleaning Robot,SimpleChar:79543CB6,2,8fdb70a3a252296e,3596.979,51.744999,783.935852,3596.08984,52.244999,784.015808,0.283111,2
m03978,1,2026-07-22T08:52:14.456446Z,11382,spawn,1019,297023,1,1044525,6553,Malfunctioning Cleaning Robot,SimpleChar:79543CB6,2,8fdb70a3a252296e,3596.979,51.744999,783.935852,3596.10498,52.244999,783.932922,0.158564,2
m03980,1,2026-07-22T08:52:14.615010Z,11391,spawn,1019,297023,1,1044525,6553,Malfunctioning Cleaning Robot,SimpleChar:79543CB6,2,52aa3d9899596478,3596.979,51.744999,783.935852,3596.02612,52.244999,783.718079,0.323117,2
m03984,1,2026-07-22T08:52:14.938127Z,11423,spawn,1019,297023,1,1044525,6553,Malfunctioning Cleaning Robot,SimpleChar:79543CB6,2,8fdb70a3a252296e,3596.979,51.744999,783.935852,3596.09131,52.244999,783.831116,0.000498,2
m03986,1,2026-07-22T08:52:14.938625Z,11437,spawn,1019,297023,1,1044525,6553,Malfunctioning Cleaning Robot,SimpleChar:79543CB6,2,8fdb70a3a252296e,3596.979,51.744999,783.935852,3596.10522,52.244999,783.926636,0.20008,2
m03990,1,2026-07-22T08:52:15.138705Z,11447,spawn,1019,297023,1,1044525,6553,Malfunctioning Cleaning Robot,SimpleChar:79543CB6,2,7740d1949c568006,3596.979,51.744999,783.935852,3596.10522,51.744999,783.924805,0.251104,2
m03993,1,2026-07-22T08:52:15.389809Z,11461,spawn,1019,297023,1,1044525,6553,Malfunctioning Cleaning Robot,SimpleChar:79543CB6,2,52aa3d9899596478,3596.979,51.744999,783.935852,3596.02539,52.244999,783.717224,0.200084,2
m04000,1,2026-07-22T08:52:15.589893Z,11468,spawn,1019,297023,1,1044525,6553,Malfunctioning Cleaning Robot,SimpleChar:79543CB6,2,7740d1949c568006,3596.979,51.744999,783.935852,3596.10522,51.744999,783.924805,0.271231,2
m04004,1,2026-07-22T08:52:15.861124Z,11489,spawn,1019,297023,1,1044525,6553,Malfunctioning Cleaning Robot,SimpleChar:79543CB6,2,52aa3d9899596478,3596.979,51.744999,783.935852,3596.03711,52.244999,783.730774,0.323137,2
m04006,1,2026-07-22T08:52:16.184261Z,11494,spawn,1019,297023,1,1044525,6553,Malfunctioning Cleaning Robot,SimpleChar:79543CB6,2,7740d1949c568006,3596.979,51.744999,783.935852,3596.10522,51.744999,783.924805,0.203085,2
m04009,1,2026-07-22T08:52:16.387346Z,11498,spawn,1019,297023,1,1044525,6553,Malfunctioning Cleaning Robot,SimpleChar:79543CB6,2,8fdb70a3a252296e,3596.979,51.744999,783.935852,3596.02173,52.244999,784.128662,0.204091,2
m04012,1,2026-07-22T08:52:16.591437Z,11501,spawn,1019,297023,1,1044525,6553,Malfunctioning Cleaning Robot,SimpleChar:79543CB6,2,7740d1949c568006,3596.979,51.744999,783.935852,3596.10522,51.744999,783.924805,0.240131,2
m04015,1,2026-07-22T08:52:16.831568Z,11517,spawn,1019,297023,1,1044525,6553,Malfunctioning Cleaning Robot,SimpleChar:79543CB6,2,7740d1949c568006,3596.979,51.744999,783.935852,3596.10522,51.744999,783.924805,0.193564,2
m04018,1,2026-07-22T08:52:17.025132Z,11524,spawn,1019,297023,1,1044525,6553,Malfunctioning Cleaning Robot,SimpleChar:79543CB6,2,8fdb70a3a252296e,3596.979,51.744999,783.935852,3596.10254,52.244999,783.961182,0.210078,2
m04023,1,2026-07-22T08:52:17.235210Z,11530,spawn,1019,297023,1,1044525,6553,Malfunctioning Cleaning Robot,SimpleChar:79543CB6,2,52aa3d9899596478,3596.979,51.744999,783.935852,3596.03784,52.244999,783.731689,0.130047,2
m04029,1,2026-07-22T08:52:17.365257Z,11537,spawn,1019,297023,1,1044525,6553,Malfunctioning Cleaning Robot,SimpleChar:79543CB6,2,7740d1949c568006,3596.979,51.744999,783.935852,3596.10522,51.744999,783.924805,0.200067,2
m04032,1,2026-07-22T08:52:17.565324Z,11541,spawn,1019,297023,1,1044525,6553,Malfunctioning Cleaning Robot,SimpleChar:79543CB6,2,52aa3d9899596478,3596.979,51.744999,783.935852,3596.01563,52.244999,783.707153,0.204088,2
m04035,1,2026-07-22T08:52:17.769412Z,11554,spawn,1019,297023,1,1044525,6553,Malfunctioning Cleaning Robot,SimpleChar:79543CB6,2,7740d1949c568006,3596.979,51.744999,783.935852,3596.10522,51.744999,783.924805,0,2
m07599,2,2026-07-22T09:02:30.565546Z,30231,spawn,1019,297023,1,1044525,6553,Malfunctioning Cleaning Robot,SimpleChar:79543CB6,3,7740d1949c568006,3596.979,51.744999,783.935852,3596.10522,51.744999,783.924805,0.24315,2
m07603,1,2026-07-22T09:02:30.808696Z,30244,spawn,1019,297023,1,1044525,6553,Malfunctioning Cleaning Robot,SimpleChar:79543CB6,3,8fdb70a3a252296e,3596.979,51.744999,783.935852,3596.0249,52.244999,784.125366,0.189611,2
m07605,1,2026-07-22T09:02:30.998307Z,30246,spawn,1019,297023,1,1044525,6553,Malfunctioning Cleaning Robot,SimpleChar:79543CB6,3,8fdb70a3a252296e,3596.979,51.744999,783.935852,3596.06763,52.244999,784.066406,0.315672,2
m07608,1,2026-07-22T09:02:31.313979Z,30258,spawn,1019,297023,1,1044525,6553,Malfunctioning Cleaning Robot,SimpleChar:79543CB6,3,7740d1949c568006,3596.979,51.744999,783.935852,3596.10522,51.744999,783.924805,0.16311,2
m07612,1,2026-07-22T09:02:31.477089Z,30273,spawn,1019,297023,1,1044525,6553,Malfunctioning Cleaning Robot,SimpleChar:79543CB6,3,8fdb70a3a252296e,3596.979,51.744999,783.935852,3596.09497,52.244999,783.998535,0.221631,2
m07614,1,2026-07-22T09:02:31.698720Z,30282,spawn,1019,297023,1,1044525,6553,Malfunctioning Cleaning Robot,SimpleChar:79543CB6,3,7740d1949c568006,3596.979,51.744999,783.935852,3596.10522,51.744999,783.924805,0.42178,2
m07616,1,2026-07-22T09:02:32.120500Z,30286,spawn,1019,297023,1,1044525,6553,Malfunctioning Cleaning Robot,SimpleChar:79543CB6,3,7740d1949c568006,3596.979,51.744999,783.935852,3596.10522,51.744999,783.924805,0,2
m07618,1,2026-07-22T09:02:32.120500Z,30288,spawn,1019,297023,1,1044525,6553,Malfunctioning Cleaning Robot,SimpleChar:79543CB6,3,8fdb70a3a252296e,3596.979,51.744999,783.935852,3596.09326,52.244999,784.004639,0.404212,2
m07620,1,2026-07-22T09:02:32.524712Z,30301,spawn,1019,297023,1,1044525,6553,Malfunctioning Cleaning Robot,SimpleChar:79543CB6,3,7740d1949c568006,3596.979,51.744999,783.935852,3596.10522,51.744999,783.924805,0.269631,2
m07622,1,2026-07-22T09:02:32.794343Z,30304,spawn,1019,297023,1,1044525,6553,Malfunctioning Cleaning Robot,SimpleChar:79543CB6,3,7740d1949c568006,3596.979,51.744999,783.935852,3596.10522,51.744999,783.924805,0.000499,2
m07624,1,2026-07-22T09:02:32.794842Z,30329,spawn,1019,297023,1,1044525,6553,Malfunctioning Cleaning Robot,SimpleChar:79543CB6,3,8fdb70a3a252296e,3596.979,51.744999,783.935852,3596.10229,52.244999,783.878784,0.388688,2
m07627,1,2026-07-22T09:02:33.183530Z,30332,spawn,1019,297023,1,1044525,6553,Malfunctioning Cleaning Robot,SimpleChar:79543CB6,3,8fdb70a3a252296e,3596.979,51.744999,783.935852,3596.02295,52.244999,784.127319,0.170072,2
m07631,1,2026-07-22T09:02:33.353602Z,30336,spawn,1019,297023,1,1044525,6553,Malfunctioning Cleaning Robot,SimpleChar:79543CB6,3,8fdb70a3a252296e,3596.979,51.744999,783.935852,3596.07349,52.244999,783.786987,0.261116,2
m07634,1,2026-07-22T09:02:33.614718Z,30343,spawn,1019,297023,1,1044525,6553,Malfunctioning Cleaning Robot,SimpleChar:79543CB6,3,7740d1949c568006,3596.979,51.744999,783.935852,3596.10522,51.744999,783.924805,0.282123,2
m07638,1,2026-07-22T09:02:33.896841Z,30347,spawn,1019,297023,1,1044525,6553,Malfunctioning Cleaning Robot,SimpleChar:79543CB6,3,8fdb70a3a252296e,3596.979,51.744999,783.935852,3596.07178,52.244999,784.058655,0.000502,2
m07640,1,2026-07-22T09:02:33.897343Z,30349,spawn,1019,297023,1,1044525,6553,Malfunctioning Cleaning Robot,SimpleChar:79543CB6,3,8fdb70a3a252296e,3596.979,51.744999,783.935852,3596.09546,52.244999,783.996887,0.390687,2
m07643,1,2026-07-22T09:02:34.288030Z,30353,spawn,1019,297023,1,1044525,6553,Malfunctioning Cleaning Robot,SimpleChar:79543CB6,3,7740d1949c568006,3596.979,51.744999,783.935852,3596.10522,51.744999,783.924805,0.289658,2
m07646,1,2026-07-22T09:02:34.577688Z,30364,spawn,1019,297023,1,1044525,6553,Malfunctioning Cleaning Robot,SimpleChar:79543CB6,3,7740d1949c568006,3596.979,51.744999,783.935852,3596.10522,51.744999,783.924805,0.0005,2
m07648,1,2026-07-22T09:02:34.578188Z,30371,spawn,1019,297023,1,1044525,6553,Malfunctioning Cleaning Robot,SimpleChar:79543CB6,3,52aa3d9899596478,3596.979,51.744999,783.935852,3596.03442,52.244999,783.7276,0.344661,2
m07651,1,2026-07-22T09:02:34.922849Z,30377,spawn,1019,297023,1,1044525,6553,Malfunctioning Cleaning Robot,SimpleChar:79543CB6,3,52aa3d9899596478,3596.979,51.744999,783.935852,3596.03931,52.244999,783.733582,0,2
m14279,1,2026-07-22T09:53:16.484810Z,92457,spawn,1019,297023,1,1044525,6553,Malfunctioning Cleaning Robot,SimpleChar:79543CB6,4,8fdb70a3a252296e,3596.979,51.744999,783.935852,3596.08521,52.244999,783.813232,0,2
m14282,1,2026-07-22T09:53:16.484810Z,92460,spawn,1019,297023,1,1044525,6553,Malfunctioning Cleaning Robot,SimpleChar:79543CB6,4,52aa3d9899596478,3596.979,51.744999,783.935852,3596.03198,52.244999,783.724792,0.190068,2
m14284,1,2026-07-22T09:53:16.674878Z,92466,spawn,1019,297023,1,1044525,6553,Malfunctioning Cleaning Robot,SimpleChar:79543CB6,4,7740d1949c568006,3596.979,51.744999,783.935852,3596.10522,51.744999,783.924805,0.251596,2
m14286,1,2026-07-22T09:53:16.926474Z,92475,spawn,1019,297023,1,1044525,6553,Malfunctioning Cleaning Robot,SimpleChar:79543CB6,4,7740d1949c568006,3596.979,51.744999,783.935852,3596.10522,51.744999,783.924805,0.312163,2
m14289,1,2026-07-22T09:53:17.238637Z,92492,spawn,1019,297023,1,1044525,6553,Malfunctioning Cleaning Robot,SimpleChar:79543CB6,4,8fdb70a3a252296e,3596.979,51.744999,783.935852,3596.03735,52.244999,784.111084,0.159557,2
m14291,1,2026-07-22T09:53:17.398194Z,92511,spawn,1019,297023,1,1044525,6553,Malfunctioning Cleaning Robot,SimpleChar:79543CB6,4,7740d1949c568006,3596.979,51.744999,783.935852,3596.10522,51.744999,783.924805,0.401161,2
m14293,1,2026-07-22T09:53:17.799355Z,92531,spawn,1019,297023,1,1044525,6553,Malfunctioning Cleaning Robot,SimpleChar:79543CB6,4,8fdb70a3a252296e,3596.979,51.744999,783.935852,3596.10522,52.244999,783.914917,0,2
m14295,1,2026-07-22T09:53:17.799355Z,92533,spawn,1019,297023,1,1044525,6553,Malfunctioning Cleaning Robot,SimpleChar:79543CB6,4,7740d1949c568006,3596.979,51.744999,783.935852,3596.10522,51.744999,783.924805,0.248094,2
m14297,1,2026-07-22T09:53:18.047449Z,92548,spawn,1019,297023,1,1044525,6553,Malfunctioning Cleaning Robot,SimpleChar:79543CB6,4,52aa3d9899596478,3596.979,51.744999,783.935852,3596.04785,52.244999,783.744568,0.189568,2
m14299,1,2026-07-22T09:53:18.237017Z,92567,spawn,1019,297023,1,1044525,6553,Malfunctioning Cleaning Robot,SimpleChar:79543CB6,4,8fdb70a3a252296e,3596.979,51.744999,783.935852,3596.06323,52.244999,784.074158,0.202071,2
m14301,1,2026-07-22T09:53:18.439088Z,92575,spawn,1019,297023,1,1044525,6553,Malfunctioning Cleaning Robot,SimpleChar:79543CB6,4,7740d1949c568006,3596.979,51.744999,783.935852,3596.10522,51.744999,783.924805,0.253089,2
m14303,1,2026-07-22T09:53:18.692177Z,92583,spawn,1019,297023,1,1044525,6553,Malfunctioning Cleaning Robot,SimpleChar:79543CB6,4,8fdb70a3a252296e,3596.979,51.744999,783.935852,3596.09082,52.244999,784.01239,0.186188,2
m14306,1,2026-07-22T09:53:18.878365Z,92592,spawn,1019,297023,1,1044525,6553,Malfunctioning Cleaning Robot,SimpleChar:79543CB6,4,7740d1949c568006,3596.979,51.744999,783.935852,3596.10522,51.744999,783.924805,0.441171,2
m14309,1,2026-07-22T09:53:19.319536Z,92602,spawn,1019,297023,1,1044525,6553,Malfunctioning Cleaning Robot,SimpleChar:79543CB6,4,7740d1949c568006,3596.979,51.744999,783.935852,3596.10522,51.744999,783.924805,0,2
m14311,1,2026-07-22T09:53:19.319536Z,92609,spawn,1019,297023,1,1044525,6553,Malfunctioning Cleaning Robot,SimpleChar:79543CB6,4,8fdb70a3a252296e,3596.979,51.744999,783.935852,3596.10498,52.244999,783.909729,0.251596,2
m14313,1,2026-07-22T09:53:19.571132Z,92618,spawn,1019,297023,1,1044525,6553,Malfunctioning Cleaning Robot,SimpleChar:79543CB6,4,8fdb70a3a252296e,3596.979,51.744999,783.935852,3596.10107,52.244999,783.970642,0.274271,2
m14315,1,2026-07-22T09:53:19.845403Z,92631,spawn,1019,297023,1,1044525,6553,Malfunctioning Cleaning Robot,SimpleChar:79543CB6,4,8fdb70a3a252296e,3596.979,51.744999,783.935852,3596.06958,52.244999,784.062622,0.169481,2
m14317,1,2026-07-22T09:53:20.014884Z,92639,spawn,1019,297023,1,1044525,6553,Malfunctioning Cleaning Robot,SimpleChar:79543CB6,4,7740d1949c568006,3596.979,51.744999,783.935852,3596.10522,51.744999,783.924805,0.189566,2
m14319,1,2026-07-22T09:53:20.204450Z,92642,spawn,1019,297023,1,1044525,6553,Malfunctioning Cleaning Robot,SimpleChar:79543CB6,4,8fdb70a3a252296e,3596.979,51.744999,783.935852,3596.0564,52.244999,783.75708,0.240592,2
m14321,1,2026-07-22T09:53:20.445042Z,92645,spawn,1019,297023,1,1044525,6553,Malfunctioning Cleaning Robot,SimpleChar:79543CB6,4,52aa3d9899596478,3596.979,51.744999,783.935852,3596.01587,52.244999,783.707397,0.200079,2
m14323,1,2026-07-22T09:53:20.645121Z,92651,spawn,1019,297023,1,1044525,6553,Malfunctioning Cleaning Robot,SimpleChar:79543CB6,4,7740d1949c568006,3596.979,51.744999,783.935852,3596.10522,51.744999,783.924805,0.441288,2
m14326,1,2026-07-22T09:53:21.086409Z,92655,spawn,1019,297023,1,1044525,6553,Malfunctioning Cleaning Robot,SimpleChar:79543CB6,4,7740d1949c568006,3596.979,51.744999,783.935852,3596.10522,51.744999,783.924805,0,2
m07594,1,2026-07-22T09:02:28.104633Z,30100,spawn,0,26092,40,1044525,6553,ICC Peacekeeper,SimpleChar:7962A325,1,3115765f25706d4e,3469.47803,4.066702,781.380676,3464.78687,5.832963,782.269958,0,2
m09085,1,2026-07-22T09:04:39.652318Z,34746,spawn,0,26092,40,1044525,6553,ICC Peacekeeper,SimpleChar:7962A325,2,37100772765422ed,3477.66675,9.145,786.014343,3483.79688,6.541007,787.024353,0,2
m14276,1,2026-07-22T09:53:14.725492Z,92333,spawn,0,26092,40,1044525,6553,ICC Peacekeeper,SimpleChar:7962A325,4,fa532066bc0ed353,3454.84351,3.490006,782.105103,3453.58154,4.776038,785.772034,0,2
m00018,1,2026-07-22T08:48:10.451660Z,28,spawn,1019,297023,1,1044525,6553,Malfunctioning Cleaning Robot,SimpleChar:797D36A5,1,2eb3373b9dba6082,3596.81177,51.744999,788.208923,3596.07007,52.244999,788.626404,0.243095,2
m00021,1,2026-07-22T08:48:10.694755Z,35,spawn,1019,297023,1,1044525,6553,Malfunctioning Cleaning Robot,SimpleChar:797D36A5,1,2cb044179e1c0e0f,3596.81177,51.744999,788.208923,3596.05518,51.744999,788.482483,0.20764,2
m00024,1,2026-07-22T08:48:10.902395Z,44,spawn,1019,297023,1,1044525,6553,Malfunctioning Cleaning Robot,SimpleChar:797D36A5,1,2cb044179e1c0e0f,3596.81177,51.744999,788.208923,3596.05518,51.744999,788.482483,0.120055,2
m00026,1,2026-07-22T08:48:11.022450Z,62,spawn,1019,297023,1,1044525,6553,Malfunctioning Cleaning Robot,SimpleChar:797D36A5,1,2cb044179e1c0e0f,3596.81177,51.744999,788.208923,3596.05518,51.744999,788.482483,0.193574,2
m00029,1,2026-07-22T08:48:11.216024Z,73,spawn,1019,297023,1,1044525,6553,Malfunctioning Cleaning Robot,SimpleChar:797D36A5,1,2cb044179e1c0e0f,3596.81177,51.744999,788.208923,3596.05518,51.744999,788.482483,0.210586,2
m00032,1,2026-07-22T08:48:11.426610Z,98,spawn,1019,297023,1,1044525,6553,Malfunctioning Cleaning Robot,SimpleChar:797D36A5,1,2cb044179e1c0e0f,3596.81177,51.744999,788.208923,3596.05518,51.744999,788.482483,0.309116,2
m00035,1,2026-07-22T08:48:11.735726Z,110,spawn,1019,297023,1,1044525,6553,Malfunctioning Cleaning Robot,SimpleChar:797D36A5,1,2eb3373b9dba6082,3596.81177,51.744999,788.208923,3596.06836,52.244999,788.532227,0.117537,2
m00037,1,2026-07-22T08:48:11.853263Z,118,spawn,1019,297023,1,1044525,6553,Malfunctioning Cleaning Robot,SimpleChar:797D36A5,1,2eb3373b9dba6082,3596.81177,51.744999,788.208923,3596.052,52.244999,788.694641,0.206652,2
m00040,1,2026-07-22T08:48:12.059915Z,160,spawn,1019,297023,1,1044525,6553,Malfunctioning Cleaning Robot,SimpleChar:797D36A5,1,2cb044179e1c0e0f,3596.81177,51.744999,788.208923,3596.05518,51.744999,788.482483,0.325136,2
m00043,1,2026-07-22T08:48:12.385051Z,181,spawn,1019,297023,1,1044525,6553,Malfunctioning Cleaning Robot,SimpleChar:797D36A5,1,2eb3373b9dba6082,3596.81177,51.744999,788.208923,3596.073,52.244999,788.590942,0,2
m00045,1,2026-07-22T08:48:12.385051Z,187,spawn,1019,297023,1,1044525,6553,Malfunctioning Cleaning Robot,SimpleChar:797D36A5,1,2eb3373b9dba6082,3596.81177,51.744999,788.208923,3596.07202,52.244999,788.559875,0.27911,2
m00049,1,2026-07-22T08:48:12.664161Z,199,spawn,1019,297023,1,1044525,6553,Malfunctioning Cleaning Robot,SimpleChar:797D36A5,1,2cb044179e1c0e0f,3596.81177,51.744999,788.208923,3596.05518,51.744999,788.482483,0.143546,2
m00051,1,2026-07-22T08:48:12.807707Z,215,spawn,1019,297023,1,1044525,6553,Malfunctioning Cleaning Robot,SimpleChar:797D36A5,1,2cb044179e1c0e0f,3596.81177,51.744999,788.208923,3596.05518,51.744999,788.482483,0.220088,2
m00053,1,2026-07-22T08:48:13.027795Z,236,spawn,1019,297023,1,1044525,6553,Malfunctioning Cleaning Robot,SimpleChar:797D36A5,1,2cb044179e1c0e0f,3596.81177,51.744999,788.208923,3596.05518,51.744999,788.482483,0.199686,2
m00056,1,2026-07-22T08:48:13.227481Z,258,spawn,1019,297023,1,1044525,6553,Malfunctioning Cleaning Robot,SimpleChar:797D36A5,1,2cb044179e1c0e0f,3596.81177,51.744999,788.208923,3596.05518,51.744999,788.482483,0.36769,2
m00059,1,2026-07-22T08:48:13.595171Z,277,spawn,1019,297023,1,1044525,6553,Malfunctioning Cleaning Robot,SimpleChar:797D36A5,1,2cb044179e1c0e0f,3596.81177,51.744999,788.208923,3596.05518,51.744999,788.482483,0.19011,2
m00062,1,2026-07-22T08:48:13.785281Z,290,spawn,1019,297023,1,1044525,6553,Malfunctioning Cleaning Robot,SimpleChar:797D36A5,1,2cb044179e1c0e0f,3596.81177,51.744999,788.208923,3596.05518,51.744999,788.482483,0.097672,2
m00064,1,2026-07-22T08:48:13.882953Z,314,spawn,1019,297023,1,1044525,6553,Malfunctioning Cleaning Robot,SimpleChar:797D36A5,1,2cb044179e1c0e0f,3596.81177,51.744999,788.208923,3596.05518,51.744999,788.482483,0.241585,2
m00067,1,2026-07-22T08:48:14.124538Z,324,spawn,1019,297023,1,1044525,6553,Malfunctioning Cleaning Robot,SimpleChar:797D36A5,1,2eb3373b9dba6082,3596.81177,51.744999,788.208923,3596.07153,52.244999,788.554321,0.255608,2
m00069,1,2026-07-22T08:48:14.380146Z,339,spawn,1019,297023,1,1044525,6553,Malfunctioning Cleaning Robot,SimpleChar:797D36A5,1,2cb044179e1c0e0f,3596.81177,51.744999,788.208923,3596.05518,51.744999,788.482483,0.281103,2
m00071,1,2026-07-22T08:48:14.661249Z,348,spawn,1019,297023,1,1044525,6553,Malfunctioning Cleaning Robot,SimpleChar:797D36A5,1,2cb044179e1c0e0f,3596.81177,51.744999,788.208923,3596.05518,51.744999,788.482483,0.165071,2
m00073,1,2026-07-22T08:48:14.826320Z,357,spawn,1019,297023,1,1044525,6553,Malfunctioning Cleaning Robot,SimpleChar:797D36A5,1,2cb044179e1c0e0f,3596.81177,51.744999,788.208923,3596.05518,51.744999,788.482483,0.162155,2
m00075,1,2026-07-22T08:48:14.988475Z,373,spawn,1019,297023,1,1044525,6553,Malfunctioning Cleaning Robot,SimpleChar:797D36A5,1,2cb044179e1c0e0f,3596.81177,51.744999,788.208923,3596.05518,51.744999,788.482483,0.221573,2
m00077,1,2026-07-22T08:48:15.210048Z,378,spawn,1019,297023,1,1044525,6553,Malfunctioning Cleaning Robot,SimpleChar:797D36A5,1,2cb044179e1c0e0f,3596.81177,51.744999,788.208923,3596.05518,51.744999,788.482483,0,2
m03958,1,2026-07-22T08:52:13.216277Z,11258,spawn,1019,297023,1,1044525,6553,Malfunctioning Cleaning Robot,SimpleChar:797D36A5,2,2eb3373b9dba6082,3596.81177,51.744999,788.208923,3596.00928,52.244999,788.399597,0.363784,2
m03960,1,2026-07-22T08:52:13.580061Z,11287,spawn,1019,297023,1,1044525,6553,Malfunctioning Cleaning Robot,SimpleChar:797D36A5,2,2eb3373b9dba6082,3596.81177,51.744999,788.208923,3596.05371,52.244999,788.478577,0.120549,2
m03963,1,2026-07-22T08:52:13.700610Z,11329,spawn,1019,297023,1,1044525,6553,Malfunctioning Cleaning Robot,SimpleChar:797D36A5,2,2cb044179e1c0e0f,3596.81177,51.744999,788.208923,3596.05518,51.744999,788.482483,0.238609,2
m03969,1,2026-07-22T08:52:13.939219Z,11359,spawn,1019,297023,1,1044525,6553,Malfunctioning Cleaning Robot,SimpleChar:797D36A5,2,2cb044179e1c0e0f,3596.81177,51.744999,788.208923,3596.05518,51.744999,788.482483,0.234116,2
m03972,1,2026-07-22T08:52:14.173335Z,11369,spawn,1019,297023,1,1044525,6553,Malfunctioning Cleaning Robot,SimpleChar:797D36A5,2,2cb044179e1c0e0f,3596.81177,51.744999,788.208923,3596.05518,51.744999,788.482483,0.283111,2
m03976,1,2026-07-22T08:52:14.456446Z,11380,spawn,1019,297023,1,1044525,6553,Malfunctioning Cleaning Robot,SimpleChar:797D36A5,2,2cb044179e1c0e0f,3596.81177,51.744999,788.208923,3596.05518,51.744999,788.482483,0.158564,2
m03979,1,2026-07-22T08:52:14.615010Z,11390,spawn,1019,297023,1,1044525,6553,Malfunctioning Cleaning Robot,SimpleChar:797D36A5,2,2cb044179e1c0e0f,3596.81177,51.744999,788.208923,3596.05518,51.744999,788.482483,0.323117,2
m03982,1,2026-07-22T08:52:14.938127Z,11421,spawn,1019,297023,1,1044525,6553,Malfunctioning Cleaning Robot,SimpleChar:797D36A5,2,2eb3373b9dba6082,3596.81177,51.744999,788.208923,3596.06787,52.244999,788.529175,0.000498,2
m03985,1,2026-07-22T08:52:14.938625Z,11435,spawn,1019,297023,1,1044525,6553,Malfunctioning Cleaning Robot,SimpleChar:797D36A5,2,2cb044179e1c0e0f,3596.81177,51.744999,788.208923,3596.05518,51.744999,788.482483,0.20008,2
m03988,1,2026-07-22T08:52:15.138705Z,11445,spawn,1019,297023,1,1044525,6553,Malfunctioning Cleaning Robot,SimpleChar:797D36A5,2,2cb044179e1c0e0f,3596.81177,51.744999,788.208923,3596.05518,51.744999,788.482483,0.250604,2
m03991,1,2026-07-22T08:52:15.389309Z,11459,spawn,1019,297023,1,1044525,6553,Malfunctioning Cleaning Robot,SimpleChar:797D36A5,2,2eb3373b9dba6082,3596.81177,51.744999,788.208923,3596.05127,52.244999,788.696411,0.200085,2
m03996,1,2026-07-22T08:52:15.589394Z,11464,spawn,1019,297023,1,1044525,6553,Malfunctioning Cleaning Robot,SimpleChar:797D36A5,2,2cb044179e1c0e0f,3596.81177,51.744999,788.208923,3596.05518,51.744999,788.482483,0.27173,2
m04003,1,2026-07-22T08:52:15.861124Z,11488,spawn,1019,297023,1,1044525,6553,Malfunctioning Cleaning Robot,SimpleChar:797D36A5,2,2cb044179e1c0e0f,3596.81177,51.744999,788.208923,3596.05518,51.744999,788.482483,0.323137,2
m04005,1,2026-07-22T08:52:16.184261Z,11493,spawn,1019,297023,1,1044525,6553,Malfunctioning Cleaning Robot,SimpleChar:797D36A5,2,2cb044179e1c0e0f,3596.81177,51.744999,788.208923,3596.05518,51.744999,788.482483,0.203085,2
m04008,1,2026-07-22T08:52:16.387346Z,11497,spawn,1019,297023,1,1044525,6553,Malfunctioning Cleaning Robot,SimpleChar:797D36A5,2,2cb044179e1c0e0f,3596.81177,51.744999,788.208923,3596.05518,51.744999,788.482483,0.204091,2
m04011,1,2026-07-22T08:52:16.591437Z,11500,spawn,1019,297023,1,1044525,6553,Malfunctioning Cleaning Robot,SimpleChar:797D36A5,2,2eb3373b9dba6082,3596.81177,51.744999,788.208923,3596.06592,52.244999,788.648987,0.240131,2
m04014,1,2026-07-22T08:52:16.831568Z,11516,spawn,1019,297023,1,1044525,6553,Malfunctioning Cleaning Robot,SimpleChar:797D36A5,2,902fa87c25bf8293,3596.81177,51.744999,788.208923,3596.01001,52.244999,788.768311,0.193564,2
m04017,1,2026-07-22T08:52:17.025132Z,11523,spawn,1019,297023,1,1044525,6553,Malfunctioning Cleaning Robot,SimpleChar:797D36A5,2,2eb3373b9dba6082,3596.81177,51.744999,788.208923,3596.01563,52.244999,788.408264,0.210078,2
m04022,1,2026-07-22T08:52:17.235210Z,11529,spawn,1019,297023,1,1044525,6553,Malfunctioning Cleaning Robot,SimpleChar:797D36A5,2,902fa87c25bf8293,3596.81177,51.744999,788.208923,3596.01953,52.244999,788.755249,0.130047,2
m04028,1,2026-07-22T08:52:17.365257Z,11536,spawn,1019,297023,1,1044525,6553,Malfunctioning Cleaning Robot,SimpleChar:797D36A5,2,2cb044179e1c0e0f,3596.81177,51.744999,788.208923,3596.05518,51.744999,788.482483,0.200067,2
m04031,1,2026-07-22T08:52:17.565324Z,11540,spawn,1019,297023,1,1044525,6553,Malfunctioning Cleaning Robot,SimpleChar:797D36A5,2,2eb3373b9dba6082,3596.81177,51.744999,788.208923,3596.02979,52.244999,788.739319,0.204088,2
m04034,1,2026-07-22T08:52:17.769412Z,11552,spawn,1019,297023,1,1044525,6553,Malfunctioning Cleaning Robot,SimpleChar:797D36A5,2,2cb044179e1c0e0f,3596.81177,51.744999,788.208923,3596.05518,51.744999,788.482483,0,2
m07598,1,2026-07-22T09:02:30.565546Z,30230,spawn,1019,297023,1,1044525,6553,Malfunctioning Cleaning Robot,SimpleChar:797D36A5,3,2eb3373b9dba6082,3596.81177,51.744999,788.208923,3596.01782,52.244999,788.411133,0,2
m07600,1,2026-07-22T09:02:30.565546Z,30235,spawn,1019,297023,1,1044525,6553,Malfunctioning Cleaning Robot,SimpleChar:797D36A5,3,902fa87c25bf8293,3596.81177,51.744999,788.208923,3596.01807,52.244999,788.757568,0.24315,2
m07602,1,2026-07-22T09:02:30.808696Z,30243,spawn,1019,297023,1,1044525,6553,Malfunctioning Cleaning Robot,SimpleChar:797D36A5,3,2cb044179e1c0e0f,3596.81177,51.744999,788.208923,3596.05518,51.744999,788.482483,0.189611,2
m07604,1,2026-07-22T09:02:30.998307Z,30245,spawn,1019,297023,1,1044525,6553,Malfunctioning Cleaning Robot,SimpleChar:797D36A5,3,2cb044179e1c0e0f,3596.81177,51.744999,788.208923,3596.05518,51.744999,788.482483,0.315672,2
m07606,1,2026-07-22T09:02:31.313979Z,30256,spawn,1019,297023,1,1044525,6553,Malfunctioning Cleaning Robot,SimpleChar:797D36A5,3,902fa87c25bf8293,3596.81177,51.744999,788.208923,3596.01245,52.244999,788.765015,0.16311,2
m07611,1,2026-07-22T09:02:31.477089Z,30272,spawn,1019,297023,1,1044525,6553,Malfunctioning Cleaning Robot,SimpleChar:797D36A5,3,2cb044179e1c0e0f,3596.81177,51.744999,788.208923,3596.05518,51.744999,788.482483,0.221631,2
m07613,1,2026-07-22T09:02:31.698720Z,30281,spawn,1019,297023,1,1044525,6553,Malfunctioning Cleaning Robot,SimpleChar:797D36A5,3,2cb044179e1c0e0f,3596.81177,51.744999,788.208923,3596.05518,51.744999,788.482483,0.42178,2
m07615,2,2026-07-22T09:02:32.120500Z,30285,spawn,1019,297023,1,1044525,6553,Malfunctioning Cleaning Robot,SimpleChar:797D36A5,3,2cb044179e1c0e0f,3596.81177,51.744999,788.208923,3596.05518,51.744999,788.482483,0.404212,2
m07619,1,2026-07-22T09:02:32.524712Z,30300,spawn,1019,297023,1,1044525,6553,Malfunctioning Cleaning Robot,SimpleChar:797D36A5,3,2cb044179e1c0e0f,3596.81177,51.744999,788.208923,3596.05518,51.744999,788.482483,0.269631,2
m07621,1,2026-07-22T09:02:32.794343Z,30303,spawn,1019,297023,1,1044525,6553,Malfunctioning Cleaning Robot,SimpleChar:797D36A5,3,2cb044179e1c0e0f,3596.81177,51.744999,788.208923,3596.05518,51.744999,788.482483,0.000499,2
m07623,1,2026-07-22T09:02:32.794842Z,30328,spawn,1019,297023,1,1044525,6553,Malfunctioning Cleaning Robot,SimpleChar:797D36A5,3,2cb044179e1c0e0f,3596.81177,51.744999,788.208923,3596.05518,51.744999,788.482483,0.388688,2
m07626,1,2026-07-22T09:02:33.183530Z,30331,spawn,1019,297023,1,1044525,6553,Malfunctioning Cleaning Robot,SimpleChar:797D36A5,3,2cb044179e1c0e0f,3596.81177,51.744999,788.208923,3596.05518,51.744999,788.482483,0.170072,2
m07630,1,2026-07-22T09:02:33.353602Z,30335,spawn,1019,297023,1,1044525,6553,Malfunctioning Cleaning Robot,SimpleChar:797D36A5,3,2cb044179e1c0e0f,3596.81177,51.744999,788.208923,3596.05518,51.744999,788.482483,0.261116,2
m07633,1,2026-07-22T09:02:33.614718Z,30342,spawn,1019,297023,1,1044525,6553,Malfunctioning Cleaning Robot,SimpleChar:797D36A5,3,2eb3373b9dba6082,3596.81177,51.744999,788.208923,3596.01563,52.244999,788.408142,0.282123,2
m07636,2,2026-07-22T09:02:33.896841Z,30345,spawn,1019,297023,1,1044525,6553,Malfunctioning Cleaning Robot,SimpleChar:797D36A5,3,2cb044179e1c0e0f,3596.81177,51.744999,788.208923,3596.05518,51.744999,788.482483,0.390689,2
m07642,1,2026-07-22T09:02:34.287530Z,30352,spawn,1019,297023,1,1044525,6553,Malfunctioning Cleaning Robot,SimpleChar:797D36A5,3,2cb044179e1c0e0f,3596.81177,51.744999,788.208923,3596.05518,51.744999,788.482483,0.290158,2
m07645,1,2026-07-22T09:02:34.577688Z,30363,spawn,1019,297023,1,1044525,6553,Malfunctioning Cleaning Robot,SimpleChar:797D36A5,3,2cb044179e1c0e0f,3596.81177,51.744999,788.208923,3596.05518,51.744999,788.482483,0,2
m07647,1,2026-07-22T09:02:34.577688Z,30370,spawn,1019,297023,1,1044525,6553,Malfunctioning Cleaning Robot,SimpleChar:797D36A5,3,2eb3373b9dba6082,3596.81177,51.744999,788.208923,3596.04199,52.244999,788.451721,0.345161,2
m07650,1,2026-07-22T09:02:34.922849Z,30376,spawn,1019,297023,1,1044525,6553,Malfunctioning Cleaning Robot,SimpleChar:797D36A5,3,2eb3373b9dba6082,3596.81177,51.744999,788.208923,3596.05176,52.244999,788.695435,0,2
m14278,2,2026-07-22T09:53:16.484810Z,92456,spawn,1019,297023,1,1044525,6553,Malfunctioning Cleaning Robot,SimpleChar:797D36A5,4,2cb044179e1c0e0f,3596.81177,51.744999,788.208923,3596.05518,51.744999,788.482483,0.190068,2
m14283,1,2026-07-22T09:53:16.674878Z,92465,spawn,1019,297023,1,1044525,6553,Malfunctioning Cleaning Robot,SimpleChar:797D36A5,4,2eb3373b9dba6082,3596.81177,51.744999,788.208923,3596.05786,52.244999,788.490845,0.251096,2
m14285,1,2026-07-22T09:53:16.925974Z,92474,spawn,1019,297023,1,1044525,6553,Malfunctioning Cleaning Robot,SimpleChar:797D36A5,4,2cb044179e1c0e0f,3596.81177,51.744999,788.208923,3596.05518,51.744999,788.482483,0.312663,2
m14288,1,2026-07-22T09:53:17.238637Z,92491,spawn,1019,297023,1,1044525,6553,Malfunctioning Cleaning Robot,SimpleChar:797D36A5,4,2eb3373b9dba6082,3596.81177,51.744999,788.208923,3596.05615,52.244999,788.48584,0.159557,2
m14290,1,2026-07-22T09:53:17.398194Z,92510,spawn,1019,297023,1,1044525,6553,Malfunctioning Cleaning Robot,SimpleChar:797D36A5,4,2cb044179e1c0e0f,3596.81177,51.744999,788.208923,3596.05518,51.744999,788.482483,0.401161,2
m14292,1,2026-07-22T09:53:17.799355Z,92530,spawn,1019,297023,1,1044525,6553,Malfunctioning Cleaning Robot,SimpleChar:797D36A5,4,2eb3373b9dba6082,3596.81177,51.744999,788.208923,3596.04639,52.244999,788.707825,0,2
m14294,1,2026-07-22T09:53:17.799355Z,92532,spawn,1019,297023,1,1044525,6553,Malfunctioning Cleaning Robot,SimpleChar:797D36A5,4,2cb044179e1c0e0f,3596.81177,51.744999,788.208923,3596.05518,51.744999,788.482483,0.248094,2
m14296,1,2026-07-22T09:53:18.047449Z,92547,spawn,1019,297023,1,1044525,6553,Malfunctioning Cleaning Robot,SimpleChar:797D36A5,4,2cb044179e1c0e0f,3596.81177,51.744999,788.208923,3596.05518,51.744999,788.482483,0.189568,2
m14298,1,2026-07-22T09:53:18.237017Z,92566,spawn,1019,297023,1,1044525,6553,Malfunctioning Cleaning Robot,SimpleChar:797D36A5,4,2cb044179e1c0e0f,3596.81177,51.744999,788.208923,3596.05518,51.744999,788.482483,0.202071,2
m14300,1,2026-07-22T09:53:18.439088Z,92574,spawn,1019,297023,1,1044525,6553,Malfunctioning Cleaning Robot,SimpleChar:797D36A5,4,2cb044179e1c0e0f,3596.81177,51.744999,788.208923,3596.05518,51.744999,788.482483,0.253089,2
m14302,1,2026-07-22T09:53:18.692177Z,92582,spawn,1019,297023,1,1044525,6553,Malfunctioning Cleaning Robot,SimpleChar:797D36A5,4,2cb044179e1c0e0f,3596.81177,51.744999,788.208923,3596.05518,51.744999,788.482483,0.186188,2
m14305,1,2026-07-22T09:53:18.878365Z,92591,spawn,1019,297023,1,1044525,6553,Malfunctioning Cleaning Robot,SimpleChar:797D36A5,4,2cb044179e1c0e0f,3596.81177,51.744999,788.208923,3596.05518,51.744999,788.482483,0.440671,2
m14307,1,2026-07-22T09:53:19.319036Z,92600,spawn,1019,297023,1,1044525,6553,Malfunctioning Cleaning Robot,SimpleChar:797D36A5,4,2cb044179e1c0e0f,3596.81177,51.744999,788.208923,3596.05518,51.744999,788.482483,0.0005,2
m14310,1,2026-07-22T09:53:19.319536Z,92608,spawn,1019,297023,1,1044525,6553,Malfunctioning Cleaning Robot,SimpleChar:797D36A5,4,2eb3373b9dba6082,3596.81177,51.744999,788.208923,3596.03247,52.244999,788.734863,0.251596,2
m14312,1,2026-07-22T09:53:19.571132Z,92617,spawn,1019,297023,1,1044525,6553,Malfunctioning Cleaning Robot,SimpleChar:797D36A5,4,2cb044179e1c0e0f,3596.81177,51.744999,788.208923,3596.05518,51.744999,788.482483,0.274271,2
m14314,1,2026-07-22T09:53:19.845403Z,92630,spawn,1019,297023,1,1044525,6553,Malfunctioning Cleaning Robot,SimpleChar:797D36A5,4,2cb044179e1c0e0f,3596.81177,51.744999,788.208923,3596.05518,51.744999,788.482483,0.169481,2
m14316,1,2026-07-22T09:53:20.014884Z,92638,spawn,1019,297023,1,1044525,6553,Malfunctioning Cleaning Robot,SimpleChar:797D36A5,4,2cb044179e1c0e0f,3596.81177,51.744999,788.208923,3596.05518,51.744999,788.482483,0.189566,2
m14318,1,2026-07-22T09:53:20.204450Z,92641,spawn,1019,297023,1,1044525,6553,Malfunctioning Cleaning Robot,SimpleChar:797D36A5,4,2cb044179e1c0e0f,3596.81177,51.744999,788.208923,3596.05518,51.744999,788.482483,0.240592,2
m14320,1,2026-07-22T09:53:20.445042Z,92644,spawn,1019,297023,1,1044525,6553,Malfunctioning Cleaning Robot,SimpleChar:797D36A5,4,2cb044179e1c0e0f,3596.81177,51.744999,788.208923,3596.05518,51.744999,788.482483,0.200079,2
m14322,1,2026-07-22T09:53:20.645121Z,92650,spawn,1019,297023,1,1044525,6553,Malfunctioning Cleaning Robot,SimpleChar:797D36A5,4,2cb044179e1c0e0f,3596.81177,51.744999,788.208923,3596.05518,51.744999,788.482483,0.441288,2
m14325,1,2026-07-22T09:53:21.086409Z,92654,spawn,1019,297023,1,1044525,6553,Malfunctioning Cleaning Robot,SimpleChar:797D36A5,4,2eb3373b9dba6082,3596.81177,51.744999,788.208923,3596.05688,52.244999,788.487915,0,2
m01651,1,2026-07-22T08:49:35.522381Z,4513,spawn,103,203740,2,1044525,6553,Protester,SimpleChar:797FD582,2,2f92463bc5c797a2,3565.54199,6.91,777.156921,3578.65576,6.91,769.588196,0,2
m03479,1,2026-07-22T08:51:23.218646Z,9309,spawn,103,203740,2,1044525,6553,Protester,SimpleChar:797FD582,3,2f92463bc5c797a2,3565.50244,6.91,777.177429,3578.65576,6.91,769.588196,0,2
m05953,1,2026-07-22T08:54:58.919746Z,17124,spawn,103,203740,2,1044525,6553,Protester,SimpleChar:797FD582,6,2f92463bc5c797a2,3565.53857,6.91,777.162048,3578.65576,6.91,769.588196,0,2
m07031,1,2026-07-22T08:57:27.065118Z,22852,spawn,103,203740,2,1044525,6553,Protester,SimpleChar:797FD582,7,98243a84bff3066c,3592.80029,5.110001,800.283569,3573.72852,5.110001,801.586853,0,2
m10590,1,2026-07-22T09:20:50.576142Z,60806,spawn,103,203740,2,1044525,6553,Protester,SimpleChar:797FD582,14,98243a84bff3066c,3592.79028,5.110001,800.317688,3573.72852,5.110001,801.586853,0,2
m13074,1,2026-07-22T09:44:31.540287Z,74672,spawn,103,203740,2,1044525,6553,Protester,SimpleChar:797FD582,27,151f9b08ec3b8ce2,3592.68994,5.110001,800.403259,3573.72852,5.110001,801.586853,0,2
m13571,1,2026-07-22T09:48:07.740879Z,83722,spawn,103,203740,2,1044525,6553,Protester,SimpleChar:797FD582,29,98243a84bff3066c,3592.78369,5.110001,800.310303,3573.72852,5.110001,801.586853,0,2
m00899,1,2026-07-22T08:49:08.826675Z,2931,spawn,103,203740,2,1044525,6553,Protester,SimpleChar:7985C910,1,2a55b64174084910,3565.9939,5.110001,824.999512,3566.38452,5.110001,816.379089,0,2
m03223,1,2026-07-22T08:51:04.536595Z,8691,spawn,103,203740,2,1044525,6553,Protester,SimpleChar:7985C910,2,2a55b64174084910,3565.92383,5.110001,824.996887,3566.38452,5.110001,816.379089,0,2
m04546,1,2026-07-22T08:52:59.681520Z,13133,spawn,103,203740,2,1044525,6553,Protester,SimpleChar:7985C910,3,2a55b64174084910,3565.86377,5.110001,824.992676,3566.38452,5.110001,816.379089,0,2
m05910,1,2026-07-22T08:54:54.959805Z,17014,spawn,103,203740,2,1044525,6553,Protester,SimpleChar:7985C910,5,2a55b64174084910,3565.80151,5.110001,824.98999,3566.38452,5.110001,816.379089,0,2
m07216,1,2026-07-22T08:58:51.306442Z,25703,spawn,103,203740,2,1044525,6553,Protester,SimpleChar:7985C910,8,4b94149457c28f46,3566.42505,5.110001,817.759827,3564.1167,5.110001,808.276062,0,2
m07332,1,2026-07-22T09:00:07.700097Z,27912,spawn,103,203740,2,1044525,6553,Protester,SimpleChar:7985C910,9,4e0a25abe192510a,3531.98047,5.110001,801.217407,3533.11304,5.110001,811.393555,0,2
m07535,1,2026-07-22T09:02:03.135161Z,29619,spawn,103,203740,2,1044525,6553,Protester,SimpleChar:7985C910,10,4e0a25abe192510a,3532.04688,5.110001,801.243042,3533.11304,5.110001,811.393555,0,2
m08627,1,2026-07-22T09:03:53.886891Z,33287,spawn,103,203740,2,1044525,6553,Protester,SimpleChar:7985C910,11,4fa66172af2b1b00,3524.84619,5.110001,798.189026,3533.20996,5.110001,801.763245,0,2
m09277,1,2026-07-22T09:06:28.368601Z,37243,spawn,103,203740,2,1044525,6553,Protester,SimpleChar:7985C910,12,2a55b64174084910,3565.85938,5.110001,824.992493,3566.38452,5.110001,816.379089,0,2
m09448,1,2026-07-22T09:07:49.932774Z,40580,spawn,103,203740,2,1044525,6553,Protester,SimpleChar:7985C910,13,4e0a25abe192510a,3531.90869,5.110001,801.183044,3533.11304,5.110001,811.393555,0,2
m10622,1,2026-07-22T09:21:18.276627Z,61506,spawn,103,203740,2,1044525,6553,Protester,SimpleChar:7985C910,14,4e0a25abe192510a,3531.90015,5.110001,801.188843,3533.11304,5.110001,811.393555,0,2
m10653,1,2026-07-22T09:21:36.475419Z,62538,spawn,103,203740,2,1044525,6553,Protester,SimpleChar:7985C910,15,0d7d664d8fcba4ce,3541.97998,5.110001,823.34198,3549.47949,5.110001,824.189087,0,2
m10798,1,2026-07-22T09:23:14.118027Z,63778,spawn,103,203740,2,1044525,6553,Protester,SimpleChar:7985C910,16,4e0a25abe192510a,3532.00757,5.110001,801.233521,3533.11304,5.110001,811.393555,0,2
m10976,1,2026-07-22T09:25:09.592907Z,65009,spawn,103,203740,2,1044525,6553,Protester,SimpleChar:7985C910,17,34d6e39d83df43c5,3532.13647,5.110001,801.295471,3533.11304,5.110001,811.393555,0,2
m11137,1,2026-07-22T09:27:04.981787Z,65683,spawn,103,203740,2,1044525,6553,Protester,SimpleChar:7985C910,18,4e0a25abe192510a,3531.9856,5.110001,801.225037,3533.11304,5.110001,811.393555,0,2
m11333,1,2026-07-22T09:29:00.625189Z,66340,spawn,103,203740,2,1044525,6553,Protester,SimpleChar:7985C910,19,34d6e39d83df43c5,3532.12305,5.110001,801.280334,3533.11304,5.110001,811.393555,0,2
m11550,1,2026-07-22T09:30:56.238192Z,67019,spawn,103,203740,2,1044525,6553,Protester,SimpleChar:7985C910,20,4e0a25abe192510a,3532.03882,5.110001,801.244202,3533.11304,5.110001,811.393555,0,2
m11786,1,2026-07-22T09:32:51.811054Z,67707,spawn,103,203740,2,1044525,6553,Protester,SimpleChar:7985C910,21,4e0a25abe192510a,3532.04541,5.110001,801.243713,3533.11304,5.110001,811.393555,0,2
m12025,1,2026-07-22T09:35:04.116436Z,68523,spawn,103,203740,2,1044525,6553,Protester,SimpleChar:7985C910,22,4e0a25abe192510a,3531.85229,5.110001,801.171143,3533.11304,5.110001,811.393555,0,2
m12264,1,2026-07-22T09:37:01.186242Z,69390,spawn,103,203740,2,1044525,6553,Protester,SimpleChar:7985C910,23,4e0a25abe192510a,3531.90527,5.110001,801.191467,3533.11304,5.110001,811.393555,0,2
m12468,1,2026-07-22T09:38:56.777022Z,70145,spawn,103,203740,2,1044525,6553,Protester,SimpleChar:7985C910,24,4e0a25abe192510a,3531.99072,5.110001,801.231201,3533.11304,5.110001,811.393555,0,2
m12678,1,2026-07-22T09:40:52.117005Z,71065,spawn,103,203740,2,1044525,6553,Protester,SimpleChar:7985C910,25,4e0a25abe192510a,3531.87964,5.110001,801.167236,3533.11304,5.110001,811.393555,0,2
m12881,1,2026-07-22T09:42:47.693885Z,72110,spawn,103,203740,2,1044525,6553,Protester,SimpleChar:7985C910,26,4e0a25abe192510a,3531.95264,5.110001,801.206238,3533.11304,5.110001,811.393555,0,2
m12956,1,2026-07-22T09:43:21.856684Z,72706,spawn,103,203740,2,1044525,6553,Protester,SimpleChar:7985C910,27,2a55b64174084910,3565.97217,5.110001,824.999451,3566.38452,5.110001,816.379089,0,2
m13082,1,2026-07-22T09:44:43.286440Z,74780,spawn,103,203740,2,1044525,6553,Protester,SimpleChar:7985C910,28,4e0a25abe192510a,3531.97192,5.110001,801.211487,3533.11304,5.110001,811.393555,0,2
m13400,1,2026-07-22T09:46:49.679052Z,80299,spawn,103,203740,2,1044525,6553,Protester,SimpleChar:7985C910,29,c331425938eb65ff,3533.24683,5.110001,817.008667,3543.04565,5.110001,824.082031,0,2
m13645,1,2026-07-22T09:48:34.339159Z,85203,spawn,103,203740,2,1044525,6553,Protester,SimpleChar:7985C910,30,4e0a25abe192510a,3531.92993,5.110001,801.189819,3533.11304,5.110001,811.393555,0,2
m13870,1,2026-07-22T09:50:29.991102Z,87407,spawn,103,203740,2,1044525,6553,Protester,SimpleChar:7985C910,32,34d6e39d83df43c5,3532.1438,5.110001,801.297729,3533.11304,5.110001,811.393555,0,2
m14280,1,2026-07-22T09:53:16.484810Z,92458,spawn,103,203740,2,1044525,6553,Protester,SimpleChar:7985C910,35,0dda592efde613e0,3563.16113,5.110001,800.427612,3539.98413,5.110015,796.084534,0,2
m06948,1,2026-07-22T08:56:52.685835Z,21388,spawn,25,17657,1,1044525,6553,Garbage Flea,SimpleChar:7987C2DD,1,31897a32865f2ce5,3527.59668,5.826648,931.941467,3520.65869,6.933264,927.031128,0,2
m07138,1,2026-07-22T08:58:17.182232Z,24498,spawn,25,17657,1,1044525,6553,Garbage Flea,SimpleChar:7987C2DD,2,c38f1d8f4d01e478,3512.96704,7.68602,930.777588,3520.65869,6.933264,927.031128,0,2
m09487,1,2026-07-22T09:08:04.566507Z,41725,spawn,25,17657,1,1044525,6553,Garbage Flea,SimpleChar:7987C2DD,6,31897a32865f2ce5,3527.58887,5.826799,931.948608,3520.65869,6.933264,927.031128,0,2
m09519,1,2026-07-22T09:08:15.470864Z,42286,spawn,25,17657,1,1044525,6553,Garbage Flea,SimpleChar:7987C2DD,7,49d4a6580cd84dbe,3515.07178,8.04183,930.983643,3507.80005,8.336768,924.962708,0,2
m09559,1,2026-07-22T09:08:41.470269Z,43126,spawn,25,17657,1,1044525,6553,Garbage Flea,SimpleChar:7987C2DD,8,c38f1d8f4d01e478,3513.05347,7.713307,930.841248,3520.65869,6.933264,927.031128,0,2
m07351,1,2026-07-22T09:00:15.448597Z,28345,spawn,0,26092,40,1044525,6553,ICC Peacekeeper,SimpleChar:79882D97,1,70689ba02ebccee3,3447.83667,9.135,806.41156,3454.70435,9.075036,811.924438,0,2
m07539,1,2026-07-22T09:02:06.090119Z,29642,spawn,0,26092,40,1044525,6553,ICC Peacekeeper,SimpleChar:79882D97,2,d2ae8ca523637ee6,3441.35693,9.165,902.074097,3442.77197,12.493572,901.406616,0.444708,2
m07540,1,2026-07-22T09:02:06.534827Z,29645,spawn,0,26092,40,1044525,6553,ICC Peacekeeper,SimpleChar:79882D97,2,ec7ae3a0e36ec0e6,3441.52002,9.165,902.015503,3438.62354,9.066066,901.931274,1.382676,2
m07544,1,2026-07-22T09:02:07.917503Z,29672,spawn,0,26092,40,1044525,6553,ICC Peacekeeper,SimpleChar:79882D97,2,bf3bbfc06f239504,3440.04126,9.165,901.908203,3431.64404,9.035402,898.790771,0,2
m09099,1,2026-07-22T09:04:45.505495Z,34934,spawn,0,26092,40,1044525,6553,ICC Peacekeeper,SimpleChar:79882D97,3,21857f91390a451f,3451.05298,9.01,913.554443,3444.82666,9.009824,911.847717,0,2
m09177,1,2026-07-22T09:05:21.101669Z,35511,spawn,0,26092,40,1044525,6553,ICC Peacekeeper,SimpleChar:79882D97,4,d2ae8ca523637ee6,3441.27222,9.165,902.093201,3442.77197,12.493572,901.406616,0,2
m09178,1,2026-07-22T09:05:21.101669Z,35512,spawn,0,26092,40,1044525,6553,ICC Peacekeeper,SimpleChar:79882D97,4,ec7ae3a0e36ec0e6,3441.45752,9.165,902.028076,3438.62354,9.066066,901.931274,1.565666,2
m09180,1,2026-07-22T09:05:22.667335Z,35518,spawn,0,26092,40,1044525,6553,ICC Peacekeeper,SimpleChar:79882D97,4,bf3bbfc06f239504,3440.08911,9.165,901.911743,3431.64404,9.035402,898.790771,0,2
m10309,1,2026-07-22T09:18:20.781762Z,57288,spawn,0,26092,40,1044525,6553,ICC Peacekeeper,SimpleChar:79882D97,7,d2ae8ca523637ee6,3441.42871,9.165,902.054993,3442.77197,12.493572,901.406616,0,2
m10311,1,2026-07-22T09:18:20.781762Z,57290,spawn,0,26092,40,1044525,6553,ICC Peacekeeper,SimpleChar:79882D97,7,ec7ae3a0e36ec0e6,3441.60205,9.165,901.992004,3438.62354,9.066066,901.931274,0,2
m11149,1,2026-07-22T09:27:10.427881Z,65718,spawn,0,26092,40,1044525,6553,ICC Peacekeeper,SimpleChar:79882D97,10,d2ae8ca523637ee6,3441.31714,9.165,902.072021,3442.77197,12.493572,901.406616,0.191097,2
m11151,1,2026-07-22T09:27:10.618978Z,65720,spawn,0,26092,40,1044525,6553,ICC Peacekeeper,SimpleChar:79882D97,10,ec7ae3a0e36ec0e6,3441.47827,9.165,902.016602,3438.62354,9.066066,901.931274,1.761158,2
m11155,1,2026-07-22T09:27:12.380136Z,65731,spawn,0,26092,40,1044525,6553,ICC Peacekeeper,SimpleChar:79882D97,10,bf3bbfc06f239504,3440.10938,9.165,901.907654,3431.64404,9.035402,898.790771,0,2
m11278,1,2026-07-22T09:28:29.617848Z,66164,spawn,0,26092,40,1044525,6553,ICC Peacekeeper,SimpleChar:79882D97,11,31cdc3cfe08b9f9c,3440.43408,9.115,805.685303,3449.28516,9.085507,806.557983,0,2
m11498,1,2026-07-22T09:30:25.538998Z,66844,spawn,0,26092,40,1044525,6553,ICC Peacekeeper,SimpleChar:79882D97,12,d2ae8ca523637ee6,3441.46045,9.165,902.028442,3442.77197,12.493572,901.406616,0.232624,2
m11499,1,2026-07-22T09:30:25.771622Z,66845,spawn,0,26092,40,1044525,6553,ICC Peacekeeper,SimpleChar:79882D97,12,ec7ae3a0e36ec0e6,3441.6311,9.165,901.968445,3438.62354,9.066066,901.931274,0,2
m11885,1,2026-07-22T09:33:57.873818Z,68010,spawn,0,26092,40,1044525,6553,ICC Peacekeeper,SimpleChar:79882D97,14,d2ae8ca523637ee6,3441.34253,9.165,902.06366,3442.77197,12.493572,901.406616,0.440603,2
m11886,1,2026-07-22T09:33:58.314421Z,68012,spawn,0,26092,40,1044525,6553,ICC Peacekeeper,SimpleChar:79882D97,14,ec7ae3a0e36ec0e6,3441.52368,9.165,902.00061,3438.62354,9.066066,901.931274,0,2
m12067,1,2026-07-22T09:35:22.004305Z,68641,spawn,0,26092,40,1044525,6553,ICC Peacekeeper,SimpleChar:79882D97,15,70689ba02ebccee3,3447.85596,9.135,806.40033,3454.70435,9.075036,811.924438,0,2
m12286,1,2026-07-22T09:37:15.710093Z,69491,spawn,0,26092,40,1044525,6553,ICC Peacekeeper,SimpleChar:79882D97,16,d2ae8ca523637ee6,3441.27246,9.165,902.089905,3442.77197,12.493572,901.406616,0.200576,2
m12287,1,2026-07-22T09:37:15.910669Z,69492,spawn,0,26092,40,1044525,6553,ICC Peacekeeper,SimpleChar:79882D97,16,ec7ae3a0e36ec0e6,3441.43555,9.165,902.033447,3438.62354,9.066066,901.931274,1.53986,2
m12291,1,2026-07-22T09:37:17.450529Z,69500,spawn,0,26092,40,1044525,6553,ICC Peacekeeper,SimpleChar:79882D97,16,bf3bbfc06f239504,3440.11206,9.165,901.913513,3431.64404,9.035402,898.790771,0,2
m12433,1,2026-07-22T09:38:39.720912Z,70025,spawn,0,26092,40,1044525,6553,ICC Peacekeeper,SimpleChar:79882D97,17,70689ba02ebccee3,3447.94897,9.135,806.422119,3454.70435,9.075036,811.924438,0,2
m12634,1,2026-07-22T09:40:30.595718Z,70872,spawn,0,26092,40,1044525,6553,ICC Peacekeeper,SimpleChar:79882D97,18,d2ae8ca523637ee6,3441.46167,9.165,902.02417,3442.77197,12.493572,901.406616,0.64746,2
m12636,1,2026-07-22T09:40:31.243178Z,70875,spawn,0,26092,40,1044525,6553,ICC Peacekeeper,SimpleChar:79882D97,18,ec7ae3a0e36ec0e6,3441.63306,9.165,901.964417,3438.62354,9.066066,901.931274,0,2
m12785,1,2026-07-22T09:41:54.758791Z,71615,spawn,0,26092,40,1044525,6553,ICC Peacekeeper,SimpleChar:79882D97,19,70689ba02ebccee3,3448.00684,9.135,806.428101,3454.70435,9.075036,811.924438,0,2
m13422,1,2026-07-22T09:47:00.643566Z,80635,spawn,0,26092,40,1044525,6553,ICC Peacekeeper,SimpleChar:79882D97,20,d2ae8ca523637ee6,3441.47119,9.165,902.034058,3442.77197,12.493572,901.406616,0.348618,2
m13425,1,2026-07-22T09:47:00.992184Z,80678,spawn,0,26092,40,1044525,6553,ICC Peacekeeper,SimpleChar:79882D97,20,ec7ae3a0e36ec0e6,3441.62085,9.165,901.98114,3438.62354,9.066066,901.931274,0,2
m13854,1,2026-07-22T09:50:21.580231Z,87329,spawn,0,26092,40,1044525,6553,ICC Peacekeeper,SimpleChar:79882D97,22,d2ae8ca523637ee6,3441.44922,9.165,902.031189,3442.77197,12.493572,901.406616,0.198602,2
m13855,1,2026-07-22T09:50:21.778833Z,87330,spawn,0,26092,40,1044525,6553,ICC Peacekeeper,SimpleChar:79882D97,22,ec7ae3a0e36ec0e6,3441.60132,9.165,901.978577,3438.62354,9.066066,901.931274,0,2
m14246,1,2026-07-22T09:53:01.290021Z,91978,spawn,0,26092,40,1044525,6553,ICC Peacekeeper,SimpleChar:79882D97,23,21857f91390a451f,3450.96582,9.01,913.616028,3444.82666,9.009824,911.847717,0,2
m00034,1,2026-07-22T08:48:11.735226Z,109,spawn,1019,297023,1,1044525,6553,Cleaning Robot,SimpleChar:79882F8E,1,5c01b19edf021920,3624.50513,40.984997,834.809937,3623.54858,39.349735,839.716003,2.389312,2
m00066,1,2026-07-22T08:48:14.124538Z,323,spawn,1019,297023,1,1044525,6553,Cleaning Robot,SimpleChar:79882F8E,1,3e1a292b86389b1b,3623.74536,39.576382,838.361084,3622.77295,38.219501,843.380005,0,2
m00168,1,2026-07-22T08:48:23.261136Z,780,spawn,1019,297023,1,1044525,6553,Cleaning Robot,SimpleChar:79882F8E,2,86d3fd523f559bbb,3619.95605,39.277752,839.056091,3620.38892,40.86058,829.795898,0,2
m00802,1,2026-07-22T08:49:06.446028Z,2814,spawn,1019,297023,1,1044525,6553,Cleaning Robot,SimpleChar:79882F8E,3,e181261ad429909c,3631.08765,40.984997,837.921448,3626.60474,40.876522,834.062866,0,2
m05223,1,2026-07-22T08:53:53.408167Z,15049,spawn,1019,297023,1,1044525,6553,Cleaning Robot,SimpleChar:79882F8E,4,6363701b7c08816a,3636.63965,40.984997,828.42688,3632.78101,40.876522,831.530701,0,2
m06989,1,2026-07-22T08:57:06.550759Z,21962,spawn,1019,297023,1,1044525,6553,Cleaning Robot,SimpleChar:79882F8E,6,4afc44be1565149b,3638.33643,40.984997,840.832214,3633.1167,40.876511,840.937561,2.660934,2
m06993,1,2026-07-22T08:57:09.211693Z,22059,spawn,1019,297023,1,1044525,6553,Cleaning Robot,SimpleChar:79882F8E,6,24e93503b84176f1,3634.40991,40.984997,840.961365,3630.20532,40.876511,836.987854,0,2
m07009,1,2026-07-22T08:57:16.055280Z,22487,spawn,1019,297023,1,1044525,6553,Cleaning Robot,SimpleChar:79882F8E,7,199f4b75c66ac154,3627.88208,40.984997,834.168274,3623.53735,40.690689,835.615723,2.110319,2
m07015,1,2026-07-22T08:57:18.165599Z,22576,spawn,1019,297023,1,1044525,6553,Cleaning Robot,SimpleChar:79882F8E,7,4ab466b54a06bad8,3624.6853,40.984997,834.661011,3623.54858,39.349735,839.716003,0,2
m07104,1,2026-07-22T08:58:07.471955Z,23845,spawn,1019,297023,1,1044525,6553,Cleaning Robot,SimpleChar:79882F8E,8,4afc44be1565149b,3638.31006,40.984997,840.812439,3633.1167,40.876511,840.937561,2.521638,2
m07112,1,2026-07-22T08:58:09.993593Z,23952,spawn,1019,297023,1,1044525,6553,Cleaning Robot,SimpleChar:79882F8E,8,24e93503b84176f1,3634.36157,40.984997,840.957581,3630.20532,40.876511,836.987854,0,2
m07319,1,2026-07-22T09:00:02.395683Z,27703,spawn,1019,297023,1,1044525,6553,Cleaning Robot,SimpleChar:79882F8E,10,b35a279ea942ba91,3635.86206,40.984997,833.479858,3639.01855,40.876511,838.119812,0,2
m07754,1,2026-07-22T09:02:44.046879Z,31025,spawn,1019,297023,1,1044525,6553,Cleaning Robot,SimpleChar:79882F8E,12,7040c6dee9a76498,3624.5354,40.984997,824.100159,3631.14307,40.876522,820.691406,0,2
m07958,1,2026-07-22T09:02:59.179238Z,31638,spawn,1019,297023,1,1044525,6553,Cleaning Robot,SimpleChar:79882F8E,13,6363701b7c08816a,3636.74365,40.984997,828.274048,3632.78101,40.876522,831.530701,0,2
m08684,1,2026-07-22T09:03:59.702472Z,33448,spawn,1019,297023,1,1044525,6553,Cleaning Robot,SimpleChar:79882F8E,14,1a34911ff6e585f0,3636.79297,40.984997,828.250793,3632.78101,40.876522,831.530701,2.627709,2
m08712,1,2026-07-22T09:04:02.330181Z,33534,spawn,1019,297023,1,1044525,6553,Cleaning Robot,SimpleChar:79882F8E,14,79afaf3c6638e8e1,3633.93579,40.984997,830.597534,3636.89868,40.876511,834.522583,0,2
m09227,1,2026-07-22T09:05:40.275807Z,36185,spawn,1019,297023,1,1044525,6553,Cleaning Robot,SimpleChar:79882F8E,15,793168dd5e6e69ed,3620.33716,40.984997,831.111511,3623.6228,40.860813,826.366272,0,2
m09341,1,2026-07-22T09:07:16.217782Z,38542,spawn,1019,297023,1,1044525,6553,Cleaning Robot,SimpleChar:79882F8E,16,24e93503b84176f1,3634.53613,40.984997,840.960083,3630.20532,40.876511,836.987854,0,2
m09987,1,2026-07-22T09:12:34.354593Z,50950,spawn,1019,297023,1,1044525,6553,Cleaning Robot,SimpleChar:79882F8E,17,eaa6e4e46a72157a,3623.00659,37.922298,842.210754,3620.04126,37.771183,844.67572,1.559755,2
m09990,1,2026-07-22T09:12:35.914348Z,50967,spawn,1019,297023,1,1044525,6553,Cleaning Robot,SimpleChar:79882F8E,17,a4803ac712cbb417,3621.09985,37.564999,843.910217,3619.41016,39.03149,840.689148,0,2
m07129,1,2026-07-22T08:58:15.128650Z,24382,spawn,25,17657,1,1044525,6553,Garbage Flea,SimpleChar:7988C812,1,b7808588353c4b38,3501.69312,5.285141,906.598572,3502.31763,5.110001,903.305664,2.293718,2
m07140,1,2026-07-22T08:58:17.422368Z,24506,spawn,25,17657,1,1044525,6553,Garbage Flea,SimpleChar:7988C812,1,817b4615fa0753a1,3502.06274,5.163408,904.683838,3503.10352,5.110001,896.018494,0,2
m07297,1,2026-07-22T08:59:49.634636Z,27094,spawn,25,17657,1,1044525,6553,Garbage Flea,SimpleChar:7988C812,2,cb4cb54d634f36a1,3501.65479,5.288015,906.826782,3502.31763,5.110001,903.305664,2.61682,2
m07304,1,2026-07-22T08:59:52.251456Z,27278,spawn,25,17657,1,1044525,6553,Garbage Flea,SimpleChar:7988C812,2,817b4615fa0753a1,3502.06616,5.162154,904.667114,3503.10352,5.110001,896.018494,0,2
m07340,1,2026-07-22T09:00:10.142256Z,27951,spawn,25,17657,1,1044525,6553,Garbage Flea,SimpleChar:7988C812,3,1857a3c149770fed,3502.43872,5.110001,901.858582,3501.45508,5.765232,908.028992,0,2
m09093,1,2026-07-22T09:04:42.500263Z,34831,spawn,25,17657,1,1044525,6553,Garbage Flea,SimpleChar:7988C812,4,3963ed80059bce95,3502.96167,5.110001,897.246704,3502.63647,5.110001,889.204163,0,2
m09386,1,2026-07-22T09:07:28.156590Z,39488,spawn,25,17657,1,1044525,6553,Garbage Flea,SimpleChar:7988C812,5,3963ed80059bce95,3502.96704,5.110001,897.171204,3502.63647,5.110001,889.204163,0,2
m09489,1,2026-07-22T09:08:04.869177Z,41738,spawn,25,17657,1,1044525,6553,Garbage Flea,SimpleChar:7988C812,6,1857a3c149770fed,3502.43262,5.110001,901.963745,3501.45508,5.765232,908.028992,3.490912,2
m09497,1,2026-07-22T09:08:08.360089Z,41871,spawn,25,17657,1,1044525,6553,Garbage Flea,SimpleChar:7988C812,6,cb4cb54d634f36a1,3501.64819,5.28851,906.862671,3502.31763,5.110001,903.305664,0,2
m09520,1,2026-07-22T09:08:15.470864Z,42287,spawn,25,17657,1,1044525,6553,Garbage Flea,SimpleChar:7988C812,7,f532a072080c8762,3502.94141,5.110001,897.403992,3502.63647,5.110001,889.204163,0,2
m09561,1,2026-07-22T09:08:43.753320Z,43189,spawn,25,17657,1,1044525,6553,Garbage Flea,SimpleChar:7988C812,8,d0b7a926a7f91dea,3502.70166,5.110001,890.63208,3503.10352,5.110001,896.018494,0,2
m03924,1,2026-07-22T08:51:58.976387Z,10806,spawn,25,17657,2,1044525,6553,Garbage Flea,SimpleChar:7988C8C4,1,762ac0eafc26a305,3547.89648,6.90524,897.513672,3555.49976,8.110001,901.772339,0,2
m06921,1,2026-07-22T08:56:43.835627Z,20764,spawn,25,17657,2,1044525,6553,Garbage Flea,SimpleChar:7988C8C4,2,72117deca9e2532f,3554.32031,8.070271,901.109924,3555.29614,8.110001,906.510925,3.002259,2
m06931,1,2026-07-22T08:56:46.837886Z,20989,spawn,25,17657,2,1044525,6553,Garbage Flea,SimpleChar:7988C8C4,2,3618ea08984d8816,3555.15186,8.110001,905.288025,3555.50098,8.035147,910.299805,0,2
m07025,1,2026-07-22T08:57:22.135442Z,22774,spawn,25,17657,2,1044525,6553,Garbage Flea,SimpleChar:7988C8C4,3,fd2a90fb79214ba0,3546.41528,6.862659,887.677673,3540.93042,8.435155,888.057068,0,2
m06937,1,2026-07-22T08:56:48.527369Z,21116,spawn,25,17657,2,1044525,6553,Garbage Flea,SimpleChar:7988C907,1,bd9c07a94407a927,3523.84424,9.292642,955.742249,3537.52344,8.710001,950.715149,0,2
m07077,1,2026-07-22T08:57:53.833084Z,23568,spawn,25,17657,2,1044525,6553,Garbage Flea,SimpleChar:7988C907,3,03d9848b50ce186a,3544.71631,9.435048,944.91095,3549.3313,9.577316,938.108948,0,2
m09324,1,2026-07-22T09:07:09.221151Z,38206,spawn,25,17657,2,1044525,6553,Garbage Flea,SimpleChar:7988C907,4,bd9c07a94407a927,3523.85107,9.293668,955.736755,3537.52344,8.710001,950.715149,0,2
m09471,1,2026-07-22T09:07:57.105251Z,41305,spawn,25,17657,2,1044525,6553,Garbage Flea,SimpleChar:7988C907,5,bd9c07a94407a927,3524.00195,9.313149,955.682678,3537.52344,8.710001,950.715149,0,2
m06899,1,2026-07-22T08:56:35.021632Z,20278,spawn,25,17657,2,1044525,6553,Garbage Flea,SimpleChar:7988C914,2,f2010b412c993b48,3566.2373,8.315409,913.341125,3558.44434,8.229358,916.035767,0,2
m06946,1,2026-07-22T08:56:51.213478Z,21313,spawn,25,17657,2,1044525,6553,Garbage Flea,SimpleChar:7988C914,4,84f155954d931a70,3548.08667,7.514871,925.972839,3541.69067,8.657413,930.089355,0,2
m07006,1,2026-07-22T08:57:15.697545Z,22473,spawn,25,17657,2,1044525,6553,Garbage Flea,SimpleChar:7988C914,5,2de64c48ba0bcc08,3566.39673,8.30498,913.271606,3558.44434,8.229358,916.035767,0,2
m07071,1,2026-07-22T08:57:50.370179Z,23454,spawn,25,17657,2,1044525,6553,Garbage Flea,SimpleChar:7988C914,6,3f9c93efc2798140,3557.48584,8.372675,916.93158,3567.58057,8.631208,912.799316,0,2
m07242,1,2026-07-22T08:59:12.030673Z,26053,spawn,25,17657,2,1044525,6553,Garbage Flea,SimpleChar:7988C914,7,3f9c93efc2798140,3557.36987,8.389493,917.039856,3567.58057,8.631208,912.799316,0,2
m07306,1,2026-07-22T08:59:52.921268Z,27304,spawn,25,17657,2,1044525,6553,Garbage Flea,SimpleChar:7988C914,8,3f9c93efc2798140,3557.39551,8.385767,917.015808,3567.58057,8.631208,912.799316,0,2
m07385,1,2026-07-22T09:00:34.038137Z,28525,spawn,25,17657,2,1044525,6553,Garbage Flea,SimpleChar:7988C914,9,3f9c93efc2798140,3557.45801,8.376735,916.957886,3567.58057,8.631208,912.799316,0,2
m07447,1,2026-07-22T09:01:14.770173Z,28794,spawn,25,17657,2,1044525,6553,Garbage Flea,SimpleChar:7988C914,11,3f9c93efc2798140,3557.4646,8.37565,916.950012,3567.58057,8.631208,912.799316,0,2
m07524,1,2026-07-22T09:01:55.629665Z,29575,spawn,25,17657,2,1044525,6553,Garbage Flea,SimpleChar:7988C914,13,3f9c93efc2798140,3557.51733,8.368079,916.901794,3567.58057,8.631208,912.799316,0,2
m09172,1,2026-07-22T09:05:19.029431Z,35494,spawn,25,17657,2,1044525,6553,Garbage Flea,SimpleChar:7988C914,16,3f9c93efc2798140,3557.35156,8.392135,917.056763,3567.58057,8.631208,912.799316,0,2
m09204,1,2026-07-22T09:05:30.712732Z,35786,spawn,25,17657,2,1044525,6553,Garbage Flea,SimpleChar:7988C914,17,6e5b350212676bd7,3559.84326,8.12388,915.544556,3552.79907,7.629861,921.401794,0,2
m09258,1,2026-07-22T09:06:05.903019Z,36905,spawn,25,17657,2,1044525,6553,Garbage Flea,SimpleChar:7988C914,18,2de64c48ba0bcc08,3566.35522,8.307627,913.289246,3558.44434,8.229358,916.035767,0,2
m09298,1,2026-07-22T09:06:46.864697Z,37568,spawn,25,17657,2,1044525,6553,Garbage Flea,SimpleChar:7988C914,19,b6b59be7d595bafd,3566.45068,8.300641,913.242676,3558.44434,8.229358,916.035767,0,2
m09326,1,2026-07-22T09:07:10.881028Z,38373,spawn,25,17657,2,1044525,6553,Garbage Flea,SimpleChar:7988C914,20,3b5154d654891a83,3545.80127,8.29187,927.709229,3552.79907,7.629861,921.401794,0,2
m09472,1,2026-07-22T09:07:57.346396Z,41314,spawn,25,17657,2,1044525,6553,Garbage Flea,SimpleChar:7988C914,21,e7639bf09ce6cd2e,3551.82886,7.480503,922.291321,3558.44434,8.229358,916.035767,0,2
m01835,1,2026-07-22T08:49:41.940828Z,5006,spawn,25,17657,2,1044525,6553,Garbage Flea,SimpleChar:7988C91C,2,6d44dea0df9fe0b4,3560.65259,5.110001,865.55542,3565.6394,5.499601,862.281555,3.14514,2
m01899,1,2026-07-22T08:49:45.085968Z,5186,spawn,25,17657,2,1044525,6553,Garbage Flea,SimpleChar:7988C91C,2,727a9b5add98ee0b,3564.57837,5.110001,863.015381,3561.94482,5.110001,865.349792,0,2
m02486,1,2026-07-22T08:50:13.246605Z,6789,spawn,25,17657,2,1044525,6553,Garbage Flea,SimpleChar:7988C91C,3,6d44dea0df9fe0b4,3560.54199,5.110001,865.583313,3565.6394,5.499601,862.281555,3.241286,2
m02531,1,2026-07-22T08:50:16.487891Z,6949,spawn,25,17657,2,1044525,6553,Garbage Flea,SimpleChar:7988C91C,3,727a9b5add98ee0b,3564.58887,5.110001,862.997314,3561.94482,5.110001,865.349792,0,2
m03040,1,2026-07-22T08:50:48.222594Z,8205,spawn,25,17657,2,1044525,6553,Garbage Flea,SimpleChar:7988C91C,4,727a9b5add98ee0b,3564.55835,5.110001,863.051514,3561.94482,5.110001,865.349792,0,2
m03410,1,2026-07-22T08:51:16.640252Z,9123,spawn,25,17657,2,1044525,6553,Garbage Flea,SimpleChar:7988C91C,5,6d44dea0df9fe0b4,3560.7373,5.110001,865.557922,3565.6394,5.499601,862.281555,3.352434,2
m03442,1,2026-07-22T08:51:19.992686Z,9219,spawn,25,17657,2,1044525,6553,Garbage Flea,SimpleChar:7988C91C,5,727a9b5add98ee0b,3564.57056,5.110001,863.033936,3561.94482,5.110001,865.349792,0,2
m03805,1,2026-07-22T08:51:48.136624Z,10296,spawn,25,17657,2,1044525,6553,Garbage Flea,SimpleChar:7988C91C,6,6d44dea0df9fe0b4,3560.66382,5.110001,865.556335,3565.6394,5.499601,862.281555,3.034278,2
m03849,1,2026-07-22T08:51:51.170902Z,10387,spawn,25,17657,2,1044525,6553,Garbage Flea,SimpleChar:7988C91C,6,727a9b5add98ee0b,3564.42749,5.110001,863.122742,3561.94482,5.110001,865.349792,0,2
m04059,1,2026-07-22T08:52:19.165830Z,11626,spawn,25,17657,2,1044525,6553,Garbage Flea,SimpleChar:7988C91C,7,6d44dea0df9fe0b4,3560.66016,5.110001,865.569397,3565.6394,5.499601,862.281555,3.057539,2
m04097,1,2026-07-22T08:52:22.223369Z,11752,spawn,25,17657,2,1044525,6553,Garbage Flea,SimpleChar:7988C91C,7,727a9b5add98ee0b,3564.47461,5.110001,863.091309,3561.94482,5.110001,865.349792,0,2
m04434,1,2026-07-22T08:52:50.515623Z,12799,spawn,25,17657,2,1044525,6553,Garbage Flea,SimpleChar:7988C91C,8,6d44dea0df9fe0b4,3560.69995,5.110001,865.550598,3565.6394,5.499601,862.281555,3.133046,2
m04478,1,2026-07-22T08:52:53.648669Z,12901,spawn,25,17657,2,1044525,6553,Garbage Flea,SimpleChar:7988C91C,8,727a9b5add98ee0b,3564.57471,5.110001,863.024597,3561.94482,5.110001,865.349792,0,2
m04597,1,2026-07-22T08:53:02.698895Z,13328,spawn,25,17657,2,1044525,6553,Garbage Flea,SimpleChar:7988C91C,9,109d23f9ca7a9f27,3553.67798,5.110001,867.699585,3554.36035,5.110001,874.144592,0,2
m04975,1,2026-07-22T08:53:34.005356Z,14427,spawn,25,17657,2,1044525,6553,Garbage Flea,SimpleChar:7988C91C,10,afae82b77f2473b6,3553.87305,5.110001,867.594604,3554.36035,5.110001,874.144592,0,2
m05598,1,2026-07-22T08:54:24.170263Z,16041,spawn,25,17657,2,1044525,6553,Garbage Flea,SimpleChar:7988C91C,11,6d44dea0df9fe0b4,3560.72485,5.110001,865.560791,3565.6394,5.499601,862.281555,3.233801,2
m05630,1,2026-07-22T08:54:27.404064Z,16134,spawn,25,17657,2,1044525,6553,Garbage Flea,SimpleChar:7988C91C,11,727a9b5add98ee0b,3564.48755,5.110001,863.091309,3561.94482,5.110001,865.349792,0,2
m05915,1,2026-07-22T08:54:55.315841Z,17033,spawn,25,17657,2,1044525,6553,Garbage Flea,SimpleChar:7988C91C,12,6d44dea0df9fe0b4,3560.57471,5.110001,865.595459,3565.6394,5.499601,862.281555,2.931853,2
m05947,1,2026-07-22T08:54:58.247694Z,17113,spawn,25,17657,2,1044525,6553,Garbage Flea,SimpleChar:7988C91C,12,727a9b5add98ee0b,3564.41772,5.110001,863.121338,3561.94482,5.110001,865.349792,0,2
m06281,1,2026-07-22T08:55:26.502144Z,17921,spawn,25,17657,2,1044525,6553,Garbage Flea,SimpleChar:7988C91C,13,6d44dea0df9fe0b4,3560.47412,5.110001,865.593079,3565.6394,5.499601,862.281555,3.283248,2
m06331,1,2026-07-22T08:55:29.785392Z,18016,spawn,25,17657,2,1044525,6553,Garbage Flea,SimpleChar:7988C91C,13,727a9b5add98ee0b,3564.6145,5.110001,862.970581,3561.94482,5.110001,865.349792,0,2
m06693,1,2026-07-22T08:55:57.871783Z,18827,spawn,25,17657,2,1044525,6553,Garbage Flea,SimpleChar:7988C91C,14,6d44dea0df9fe0b4,3560.67896,5.110001,865.561829,3565.6394,5.499601,862.281555,3.080514,2
m06734,1,2026-07-22T08:56:00.952297Z,18912,spawn,25,17657,2,1044525,6553,Garbage Flea,SimpleChar:7988C91C,14,727a9b5add98ee0b,3564.45996,5.110001,863.102844,3561.94482,5.110001,865.349792,0,2
m06890,1,2026-07-22T08:56:32.275541Z,20185,spawn,25,17657,2,1044525,6553,Garbage Flea,SimpleChar:7988C91C,15,727a9b5add98ee0b,3564.58667,5.110001,862.992432,3561.94482,5.110001,865.349792,0,2
m06927,1,2026-07-22T08:56:44.999671Z,20928,spawn,25,17657,2,1044525,6553,Garbage Flea,SimpleChar:7988C91C,16,34229093c7bc1fef,3554.18604,5.110001,872.950439,3557.99219,5.376914,877.186279,3.065015,2
m06932,1,2026-07-22T08:56:48.064686Z,21073,spawn,25,17657,2,1044525,6553,Garbage Flea,SimpleChar:7988C91C,16,0d2d9dabcf231bc3,3557.10474,5.175397,876.26239,3554.36035,5.110001,874.144592,0,2
m07024,1,2026-07-22T08:57:21.935365Z,22772,spawn,25,17657,2,1044525,6553,Garbage Flea,SimpleChar:7988C91C,17,41c671c5fc54e784,3555.38745,5.110001,874.982788,3552.54932,5.110001,868.246155,0,2
m03925,1,2026-07-22T08:51:59.409060Z,10818,spawn,25,17657,2,1044525,6553,Garbage Flea,SimpleChar:7988C932,2,ab549a0173fce210,3521.81982,5.110001,888.808777,3529.69067,5.110001,890.653748,0,2
m06926,1,2026-07-22T08:56:44.158793Z,20780,spawn,25,17657,2,1044525,6553,Garbage Flea,SimpleChar:7988C932,3,48ee15035d6c15f4,3529.86816,5.110001,891.89624,3523.15503,5.110001,888.183289,4.368576,2
m06936,1,2026-07-22T08:56:48.527369Z,21115,spawn,25,17657,2,1044525,6553,Garbage Flea,SimpleChar:7988C932,3,2d6146c8df72a8bd,3524.44116,5.110001,888.821716,3518.65234,5.110001,890.214111,0,2
m06951,1,2026-07-22T08:56:53.971000Z,21451,spawn,25,17657,2,1044525,6553,Garbage Flea,SimpleChar:7988C932,4,ab549a0173fce210,3521.88208,5.110001,888.785034,3529.69067,5.110001,890.653748,0,2
m07022,1,2026-07-22T08:57:20.982399Z,22725,spawn,25,17657,2,1044525,6553,Garbage Flea,SimpleChar:7988C932,5,48ee15035d6c15f4,3529.87158,5.110001,891.918579,3523.15503,5.110001,888.183289,0,2
m07036,1,2026-07-22T08:57:31.399948Z,22920,spawn,25,17657,2,1044525,6553,Garbage Flea,SimpleChar:7988C932,6,0a07692eed3b68fe,3522.05981,5.110001,888.688171,3529.69067,5.110001,890.653748,0,2
m07106,1,2026-07-22T08:58:07.724597Z,23855,spawn,25,17657,2,1044525,6553,Garbage Flea,SimpleChar:7988C932,7,0a07692eed3b68fe,3521.96191,5.110001,888.745422,3529.69067,5.110001,890.653748,0,2
m09090,1,2026-07-22T09:04:41.865850Z,34815,spawn,25,17657,2,1044525,6553,Garbage Flea,SimpleChar:7988C932,8,48ee15035d6c15f4,3529.87671,5.110001,891.962036,3523.15503,5.110001,888.183289,4.400395,2
m09103,1,2026-07-22T09:04:46.266245Z,34960,spawn,25,17657,2,1044525,6553,Garbage Flea,SimpleChar:7988C932,8,2d6146c8df72a8bd,3524.2876,5.110001,888.755737,3518.65234,5.110001,890.214111,0,2
m09312,1,2026-07-22T09:07:04.380048Z,37911,spawn,25,17657,2,1044525,6553,Garbage Flea,SimpleChar:7988C932,9,748ee260b37d56d7,3530.82227,5.110001,898.663574,3529.69067,5.110001,890.653748,0,2
m09349,1,2026-07-22T09:07:18.453524Z,38680,spawn,25,17657,2,1044525,6553,Garbage Flea,SimpleChar:7988C932,10,ab549a0173fce210,3521.90723,5.110001,888.773254,3529.69067,5.110001,890.653748,0,2
m00039,1,2026-07-22T08:48:12.059915Z,159,spawn,95,96056,2,1044525,6553,Bureaucrat Worker,SimpleChar:7988C997,1,1bf6c06b5e8e4e62,3612.4751,51.924995,791.866943,3609.99023,52.634998,791.439758,0.604246,2
m00048,1,2026-07-22T08:48:12.664161Z,198,spawn,95,96056,2,1044525,6553,Bureaucrat Worker,SimpleChar:7988C997,1,58aeff5ef55826a5,3610.97314,52.134998,791.608765,3607.77319,52.634998,792.216736,0.930509,2
m00058,1,2026-07-22T08:48:13.594670Z,276,spawn,95,96056,2,1044525,6553,Bureaucrat Worker,SimpleChar:7988C997,1,24e74625487f86a1,3608.61719,52.134998,792.056335,3605.34497,52.634998,789.063904,0,2
m09088,1,2026-07-22T09:04:41.531185Z,34795,spawn,25,17657,6,1044525,6553,Garbage Flea,SimpleChar:7988C9A3,2,29b858d6084523ad,3453.68823,0.01,847.750488,3454.35864,0.892165,841.742859,0,2
m09805,1,2026-07-22T09:10:50.711686Z,47176,spawn,25,17657,6,1044525,6553,Garbage Flea,SimpleChar:7988C9A3,3,e6495f7bb0673d03,3451.47534,0.01,853.63324,3454.21289,0.892165,846.437866,0,2
m10672,1,2026-07-22T09:21:50.596293Z,63043,spawn,25,17657,6,1044525,6553,Garbage Flea,SimpleChar:7988C9A3,5,17e6695148aa5b4d,3454.22559,0.01,843.114197,3452.00659,1.284509,864.994385,0,2
m07352,1,2026-07-22T09:00:15.448597Z,28346,spawn,25,17657,6,1044525,6553,Garbage Flea,SimpleChar:7988C9A6,1,ef7ea2f4caa7210d,3448.78491,1.99604,893.529419,3453.75146,1.025606,873.921082,0,2
m09703,1,2026-07-22T09:09:48.454936Z,45569,spawn,25,17657,6,1044525,6553,Garbage Flea,SimpleChar:7988C9A6,4,e8878707afd9e40a,3453.24878,0.01,884.858093,3450.05835,0.636057,889.84906,0,2
m09729,1,2026-07-22T09:10:17.301506Z,45956,spawn,25,17657,6,1044525,6553,Garbage Flea,SimpleChar:7988C9A6,5,85fde30ee5037a15,3453.25269,0.01,884.790161,3450.05835,0.636057,889.84906,0,2
m09789,1,2026-07-22T09:10:46.198348Z,46968,spawn,25,17657,6,1044525,6553,Garbage Flea,SimpleChar:7988C9A6,6,040880335ff56233,3453.2583,0.01,884.669861,3450.05835,0.636057,889.84906,0,2
m10270,1,2026-07-22T09:17:32.403062Z,57003,spawn,25,17657,6,1044525,6553,Garbage Flea,SimpleChar:7988C9A6,8,040880335ff56233,3453.26172,0.01,884.632202,3450.05835,0.636057,889.84906,0,2
m10294,1,2026-07-22T09:18:01.746386Z,57198,spawn,25,17657,6,1044525,6553,Garbage Flea,SimpleChar:7988C9A6,9,040880335ff56233,3453.26025,0.01,884.660767,3450.05835,0.636057,889.84906,0,2
m10319,1,2026-07-22T09:18:30.838574Z,57330,spawn,25,17657,6,1044525,6553,Garbage Flea,SimpleChar:7988C9A6,10,e8878707afd9e40a,3453.24878,0.01,884.869995,3450.05835,0.636057,889.84906,0,2
m10371,1,2026-07-22T09:18:59.975045Z,57885,spawn,25,17657,6,1044525,6553,Garbage Flea,SimpleChar:7988C9A6,11,85fde30ee5037a15,3453.25415,0.01,884.786072,3450.05835,0.636057,889.84906,0,2
m10420,1,2026-07-22T09:19:21.773950Z,59018,spawn,25,17657,6,1044525,6553,Garbage Flea,SimpleChar:7988C9A6,12,846867fa2b314dfe,3453.61865,0.01,875.146179,3453.51245,0.636055,879.729492,0,2
m10484,1,2026-07-22T09:19:58.396371Z,59343,spawn,25,17657,6,1044525,6553,Garbage Flea,SimpleChar:7988C9A6,13,040880335ff56233,3453.26221,0.01,884.594849,3450.05835,0.636057,889.84906,0,2
m10670,1,2026-07-22T09:21:50.596293Z,63041,spawn,25,17657,6,1044525,6553,Garbage Flea,SimpleChar:7988C9A6,14,837b1d9cc718aee1,3453.55615,0.01,878.409363,3453.19116,0.636056,886.086365,0,2
m00159,1,2026-07-22T08:48:22.339259Z,759,spawn,1019,297023,1,1044525,6553,Malfunctioning Cleaning Robot,SimpleChar:7988C9BF,1,5912ba65c2bfcff7,3597.79761,51.744999,773.585571,3598.79004,52.5,786.785767,0,2
m00160,1,2026-07-22T08:48:22.531852Z,761,spawn,1019,297023,1,1044525,6553,Malfunctioning Cleaning Robot,SimpleChar:7988C9C1,1,0854cd72937e81d5,3609.24878,51.744999,795.035217,3622.71313,52.5,799.087463,0,2
m07354,1,2026-07-22T09:00:16.080931Z,28372,spawn,25,17657,6,1044525,6553,Garbage Flea,SimpleChar:7988C9C2,1,370fa6fde4c7ab20,3453.10352,0.01,809.341858,3449.17236,0.484349,812.813599,0,2
m09086,1,2026-07-22T09:04:40.749904Z,34760,spawn,25,17657,6,1044525,6553,Garbage Flea,SimpleChar:7988C9C2,2,181059c481fa0f7d,3451.35498,0.01,813.637939,3453.63281,0.48435,808.106934,0,2
m10675,1,2026-07-22T09:21:54.103520Z,63111,spawn,25,17657,6,1044525,6553,Garbage Flea,SimpleChar:7988C9C2,3,589983eb6f47540e,3450.16943,0.01,818.624512,3451.69238,0.484349,812.295288,0,2
m00483,1,2026-07-22T08:48:50.101439Z,2177,spawn,1019,297023,1,1044525,6553,Cleaning Robot,SimpleChar:7988C9C5,1,9ee4cc142b611d5a,3620.13745,51.744999,780.874268,3614.75854,52.5,795.821838,0,2
m00462,1,2026-07-22T08:48:48.330252Z,2138,spawn,1019,297023,1,1044525,6553,Cleaning Robot,SimpleChar:7988C9C6,1,9ee4cc142b611d5a,3620.13745,51.744999,780.874268,3615.16602,52.5,795.750122,0,2
m00503,1,2026-07-22T08:48:51.942045Z,2239,spawn,1019,297023,1,1044525,6553,Cleaning Robot,SimpleChar:7988C9C7,1,9ee4cc142b611d5a,3620.13745,51.744999,780.874268,3615.23242,52.5,795.810303,0,2
m00492,1,2026-07-22T08:48:51.081665Z,2195,spawn,1019,297023,1,1044525,6553,Cleaning Robot,SimpleChar:7988C9C8,1,b45d0bce7aaa39ea,3620.13745,51.744999,780.874268,3598.28979,52.5,785.921997,0,2
m00497,1,2026-07-22T08:48:51.452815Z,2208,spawn,1019,297023,1,1044525,6553,Cleaning Robot,SimpleChar:7988C9C9,1,4161918c7c202d59,3620.13745,51.744999,780.874268,3613.29517,52.5,783.053467,0,2
m00458,1,2026-07-22T08:48:48.130123Z,2134,spawn,1019,297023,1,1044525,6553,Cleaning Robot,SimpleChar:7988C9CA,1,b152ef8cc46bc966,3620.13745,51.744999,780.874268,3598.23218,52.5,786.190002,0,2
m00514,1,2026-07-22T08:48:52.816557Z,2284,spawn,1019,297023,1,1044525,6553,Cleaning Robot,SimpleChar:7988C9CC,1,b45d0bce7aaa39ea,3620.11499,51.744999,781.074768,3598.2749,52.5,786.120239,0,2
m00564,1,2026-07-22T08:48:56.319773Z,2477,spawn,1019,297023,1,1044525,6553,Cleaning Robot,SimpleChar:7988C9CE,1,9ee4cc142b611d5a,3620.12549,51.744999,780.980652,3614.75562,52.5,795.826111,0,2
m00515,1,2026-07-22T08:48:52.816557Z,2285,spawn,1019,297023,1,1044525,6553,Cleaning Robot,SimpleChar:7988C9CF,1,95837492ded9c2c7,3620.12549,51.744999,780.980957,3613.17432,52.5,783.244141,0,2
m00508,1,2026-07-22T08:48:52.353375Z,2271,spawn,1019,297023,1,1044525,6553,Cleaning Robot,SimpleChar:7988C9D0,1,1236a192e0e1d484,3620.08862,51.744999,781.194824,3613.14844,52.5,783.260681,3.966398,2
m00560,1,2026-07-22T08:48:56.319773Z,2473,spawn,1019,297023,1,1044525,6553,Cleaning Robot,SimpleChar:7988C9D0,1,fdf7c105b3d66c91,3614.08569,52.134998,783.019836,3613.27051,52.5,782.870056,0,2
m00565,1,2026-07-22T08:48:56.319773Z,2478,spawn,1019,297023,1,1044525,6553,Cleaning Robot,SimpleChar:7988C9D0,1,0714082c60d62d81,3614.08569,52.134998,783.019836,3613.14893,52.5,782.739624,0,2
m00543,1,2026-07-22T08:48:54.841039Z,2437,spawn,1019,297023,1,1044525,6553,Cleaning Robot,SimpleChar:7988C9D1,1,4161918c7c202d59,3620.12549,51.744999,780.980957,3613.28223,52.5,783.101807,0,2
m00584,1,2026-07-22T08:48:57.151115Z,2505,spawn,1019,297023,1,1044525,6553,Malfunctioning Cleaning Robot,SimpleChar:7988C9D2,1,17e96a99b6cfd1da,3606.71631,51.744999,801.372498,3599.28809,52.5,786.916565,0,2
m00583,1,2026-07-22T08:48:56.958036Z,2504,spawn,1019,297023,1,1044525,6553,Malfunctioning Cleaning Robot,SimpleChar:7988C9D3,1,9fc9b73b4105d272,3605.58594,51.744999,774.188354,3599.24316,52.5,786.824341,0,2
m00591,1,2026-07-22T08:48:57.151618Z,2512,spawn,1019,297023,1,1044525,6553,Malfunctioning Cleaning Robot,SimpleChar:7988C9D4,1,0bb09694eaebc9b7,3607.83374,52.134998,782.970093,3597.2749,52.5,771.879883,0,2
m00572,1,2026-07-22T08:48:56.746434Z,2487,spawn,1019,297023,1,1044525,6553,Cleaning Robot,SimpleChar:7988C9D5,1,d2b63400904691c5,3623.62378,51.744999,787.32019,3598.29639,52.5,786.046021,0,2
m00619,1,2026-07-22T08:48:58.448493Z,2547,spawn,1019,297023,1,1044525,6553,Cleaning Robot,SimpleChar:7988C9D6,1,51bfb57ae9e2417d,3623.62378,51.744999,787.32019,3613.16357,52.5,783.251465,0,2
m00627,1,2026-07-22T08:48:58.610624Z,2555,spawn,1019,297023,1,1044525,6553,Cleaning Robot,SimpleChar:7988C9D7,1,99e0a2bc83ec009f,3623.62378,51.744999,787.32019,3615.2876,52.5,796.085632,0,2
m00585,1,2026-07-22T08:48:57.151115Z,2506,spawn,1019,297023,1,1044525,6553,Cleaning Robot,SimpleChar:7988C9D8,1,4d591420d193423f,3623.62378,51.744999,787.32019,3613.19043,52.5,783.23175,0,2
m00592,1,2026-07-22T08:48:57.403860Z,2513,spawn,1019,297023,1,1044525,6553,Cleaning Robot,SimpleChar:7988C9D9,1,e371241bfb7fd58a,3623.62378,51.744999,787.32019,3615.22046,52.5,796.203491,0,2
m00655,1,2026-07-22T08:48:59.790667Z,2615,spawn,1019,297023,1,1044525,6553,Cleaning Robot,SimpleChar:7988C9DA,1,d0b8bf55b06792ce,3623.62378,51.744999,787.32019,3613.2981,52.5,782.966309,0,2
m01223,1,2026-07-22T08:49:19.419980Z,3594,spawn,1019,297023,1,1044525,6553,Malfunctioning Cleaning Robot,SimpleChar:7988C9DF,1,6f41b104a905f969,3617.75562,51.744999,784.565247,3602.09399,52.5,787.715088,0,2
m01559,1,2026-07-22T08:49:32.204371Z,4357,spawn,1019,297023,1,1044525,6553,Malfunctioning Cleaning Robot,SimpleChar:7988C9E2,1,c615fc3f2d839777,3619.90723,51.744999,799.652649,3594.25024,52.5,800.165466,0,2
m01643,1,2026-07-22T08:49:35.314804Z,4504,spawn,1019,297023,1,1044525,6553,Cleaning Robot,SimpleChar:7988C9E3,1,0117f1f25cd7d5ed,3620.42285,31.205,877.653076,3615.61719,30.409613,879.195801,2.542329,2
m01711,1,2026-07-22T08:49:37.857133Z,4635,spawn,1019,297023,1,1044525,6553,Cleaning Robot,SimpleChar:7988C9E3,1,ce7bb3a6a9d1cebd,3616.9292,30.942089,878.80658,3609.57666,28.225946,878.747559,0,2
m02935,1,2026-07-22T08:50:39.159335Z,7934,spawn,1019,297023,1,1044525,6553,Cleaning Robot,SimpleChar:7988C9E3,2,d7f27161c0dc4ff7,3606.54663,27.154249,876.953979,3613.78589,29.743073,875.488525,0,2
m03887,1,2026-07-22T08:51:53.865533Z,10463,spawn,1019,297023,1,1044525,6553,Cleaning Robot,SimpleChar:7988C9E3,3,d7f27161c0dc4ff7,3606.47534,27.128241,877.017761,3613.78589,29.743073,875.488525,0,2
m04677,1,2026-07-22T08:53:08.881317Z,13535,spawn,1019,297023,1,1044525,6553,Cleaning Robot,SimpleChar:7988C9E3,4,d7f27161c0dc4ff7,3606.38647,27.09582,877.053894,3613.78589,29.743073,875.488525,0,2
m05594,1,2026-07-22T08:54:24.169766Z,16036,spawn,1019,297023,1,1044525,6553,Cleaning Robot,SimpleChar:7988C9E3,5,d7f27161c0dc4ff7,3606.38281,27.094484,877.053467,3613.78589,29.743073,875.488525,0,2
m06451,1,2026-07-22T08:55:39.474522Z,18296,spawn,1019,297023,1,1044525,6553,Cleaning Robot,SimpleChar:7988C9E3,6,d7f27161c0dc4ff7,3606.53418,27.149706,876.983765,3613.78589,29.743073,875.488525,0,2
m01788,1,2026-07-22T08:49:40.624904Z,4881,spawn,1019,297023,1,1044525,6553,Malfunctioning Cleaning Robot,SimpleChar:7988C9E4,1,0f9e181fff2c8e94,3607.76245,51.744999,800.056335,3601.92993,52.5,788.291687,0,2
m01800,1,2026-07-22T08:49:40.783957Z,4915,spawn,1019,297023,1,1044525,6553,Malfunctioning Cleaning Robot,SimpleChar:7988C9E8,1,e2d6d13df527de25,3607.83618,51.744999,800.01416,3599.27905,52.5,786.889587,0,2
m01831,1,2026-07-22T08:49:41.940828Z,5001,spawn,1019,297023,1,1044525,6553,Malfunctioning Cleaning Robot,SimpleChar:7988C9EA,1,65fa1564c65b5773,3609.12256,51.744999,797.543335,3623.02466,52.5,798.700989,0,2
m01901,1,2026-07-22T08:49:45.243042Z,5188,spawn,1019,297023,1,1044525,6553,Malfunctioning Cleaning Robot,SimpleChar:7988C9EB,1,21d4b1714d093975,3609.04688,51.744999,797.80365,3602.177,52.5,788.242188,0,2
m01882,1,2026-07-22T08:49:44.429069Z,5154,spawn,1019,297023,1,1044525,6553,Malfunctioning Cleaning Robot,SimpleChar:7988C9EC,1,95fb74f454ab4701,3609.12939,51.744999,797.551331,3599.29883,52.5,786.973877,0,2
m01902,1,2026-07-22T08:49:45.243042Z,5189,spawn,1019,297023,1,1044525,6553,Malfunctioning Cleaning Robot,SimpleChar:7988C9F0,1,0f9e181fff2c8e94,3608.05737,51.744999,800.019653,3602.00952,52.5,788.299866,0,2
m01893,1,2026-07-22T08:49:44.791836Z,5167,spawn,1019,297023,1,1044525,6553,Malfunctioning Cleaning Robot,SimpleChar:7988C9F2,1,0b34bdd74809f445,3609.08765,51.744999,797.605164,3610.86157,52.5,778.266113,0,2
m01929,1,2026-07-22T08:49:47.376255Z,5275,spawn,1019,297023,1,1044525,6553,Malfunctioning Cleaning Robot,SimpleChar:7988C9F3,1,ebe13c82d279c3f3,3607.81519,51.744999,800.033875,3594.1543,52.5,799.742737,0,2
m02055,1,2026-07-22T08:49:52.849455Z,5703,spawn,1019,297023,1,1044525,6553,Malfunctioning Cleaning Robot,SimpleChar:7988C9F4,1,90c8aa85af46aa39,3609.39136,51.744999,796.116028,3611.13159,52.5,778.269592,0,2
m02079,1,2026-07-22T08:49:53.978423Z,5788,spawn,1019,297023,1,1044525,6553,Malfunctioning Cleaning Robot,SimpleChar:7988C9F6,1,95fb74f454ab4701,3609.11206,51.744999,797.597656,3599.29639,52.5,787.046448,0,2
m02179,1,2026-07-22T08:49:59.518203Z,6057,spawn,1019,297023,1,1044525,6553,Malfunctioning Cleaning Robot,SimpleChar:7988C9F7,1,8ad6faf588755bea,3594.17334,51.744999,772.951843,3596.93066,52.5,772.291931,0,2
m02378,1,2026-07-22T08:50:07.315076Z,6534,spawn,1019,297023,1,1044525,6553,Malfunctioning Cleaning Robot,SimpleChar:7988C9FA,1,21cee17823d46e81,3594.17627,51.744999,772.966064,3602.22485,52.5,787.801392,0,2
m02333,1,2026-07-22T08:50:05.867127Z,6454,spawn,1019,297023,1,1044525,6553,Malfunctioning Cleaning Robot,SimpleChar:7988C9FB,1,21cee17823d46e81,3594.1731,51.744999,772.948059,3602.24341,52.5,787.824463,0,2
m02414,1,2026-07-22T08:50:08.800856Z,6602,spawn,1019,297023,1,1044525,6553,Malfunctioning Cleaning Robot,SimpleChar:7988C9FD,1,b96a188345041b3c,3594.17749,51.744999,772.973999,3599.18604,52.5,786.764648,0,2
m02543,1,2026-07-22T08:50:17.557912Z,6982,spawn,1019,297023,1,1044525,6553,Malfunctioning Cleaning Robot,SimpleChar:7988C9FE,1,8c959d32e42de9b6,3617.57837,51.744999,785.37262,3602.23804,52.5,788.182556,0,2
m03961,1,2026-07-22T08:52:13.580061Z,11288,spawn,1019,297023,1,1044525,6553,Malfunctioning Cleaning Robot,SimpleChar:7988C9FE,2,db415c2f957a92ed,3597.21655,51.744999,773.00354,3597.29224,52.5,772.067627,0.120549,2
m03964,1,2026-07-22T08:52:13.700610Z,11330,spawn,1019,297023,1,1044525,6553,Malfunctioning Cleaning Robot,SimpleChar:7988C9FE,2,db415c2f957a92ed,3597.21655,51.744999,773.00354,3597.27222,52.5,772.126343,0.238609,2
m03970,1,2026-07-22T08:52:13.939219Z,11360,spawn,1019,297023,1,1044525,6553,Malfunctioning Cleaning Robot,SimpleChar:7988C9FE,2,a684a9619c888921,3597.21655,51.744999,773.00354,3597.15845,52.5,772.2547,0.234116,2
m03973,1,2026-07-22T08:52:14.173335Z,11370,spawn,1019,297023,1,1044525,6553,Malfunctioning Cleaning Robot,SimpleChar:7988C9FE,2,ff767ee04c0d5436,3597.21655,51.744999,773.00354,3596.81616,52.5,772.237122,0.283111,2
m03977,1,2026-07-22T08:52:14.456446Z,11381,spawn,1019,297023,1,1044525,6553,Malfunctioning Cleaning Robot,SimpleChar:7988C9FE,2,4a22c5dcd24c0a7b,3597.21655,51.744999,773.00354,3596.70703,52.5,772.064087,0,2
m07555,1,2026-07-22T09:02:13.381719Z,29711,spawn,25,17657,5,1044525,6553,Garbage Flea,SimpleChar:7988CA06,1,bb08c1d846fd4de6,3447.0542,0.01,806.140869,3449.11646,0.132882,802.361572,0,2
m09096,1,2026-07-22T09:04:43.856591Z,34883,spawn,25,17657,5,1044525,6553,Garbage Flea,SimpleChar:7988CA06,2,bb08c1d846fd4de6,3446.84375,0.01,806.143066,3449.11646,0.132882,802.361572,0,2
m10714,1,2026-07-22T09:22:18.282432Z,63279,spawn,25,17657,5,1044525,6553,Garbage Flea,SimpleChar:7988CA06,3,bb08c1d846fd4de6,3447.0332,0.01,806.140808,3449.11646,0.132882,802.361572,0,2
m10944,1,2026-07-22T09:24:48.575746Z,64808,spawn,25,17657,5,1044525,6553,Garbage Flea,SimpleChar:7988CA06,4,bb08c1d846fd4de6,3446.83667,0.01,806.143005,3449.11646,0.132882,802.361572,0,2
m11167,1,2026-07-22T09:27:19.847362Z,65773,spawn,25,17657,5,1044525,6553,Garbage Flea,SimpleChar:7988CA06,5,bb08c1d846fd4de6,3447.07373,0.01,806.139099,3449.11646,0.132882,802.361572,0,2
m11432,1,2026-07-22T09:29:50.136995Z,66636,spawn,25,17657,5,1044525,6553,Garbage Flea,SimpleChar:7988CA06,6,bb08c1d846fd4de6,3446.87964,0.01,806.143555,3449.11646,0.132882,802.361572,0,2
m11722,1,2026-07-22T09:32:20.880807Z,67522,spawn,25,17657,5,1044525,6553,Garbage Flea,SimpleChar:7988CA06,7,bb08c1d846fd4de6,3446.84375,0.01,806.143677,3449.11646,0.132882,802.361572,0,2
m12036,1,2026-07-22T09:35:07.407268Z,68547,spawn,25,17657,5,1044525,6553,Garbage Flea,SimpleChar:7988CA06,8,bb08c1d846fd4de6,3447.09277,0.01,806.139954,3449.11646,0.132882,802.361572,0,2
m12328,1,2026-07-22T09:37:37.949696Z,69626,spawn,25,17657,5,1044525,6553,Garbage Flea,SimpleChar:7988CA06,9,bb08c1d846fd4de6,3446.95532,0.01,806.140564,3449.11646,0.132882,802.361572,0,2
m12600,1,2026-07-22T09:40:08.536973Z,70699,spawn,25,17657,5,1044525,6553,Garbage Flea,SimpleChar:7988CA06,10,bb08c1d846fd4de6,3446.87085,0.01,806.142639,3449.11646,0.132882,802.361572,0,2
m12862,1,2026-07-22T09:42:39.344773Z,72027,spawn,25,17657,5,1044525,6553,Garbage Flea,SimpleChar:7988CA06,11,bb08c1d846fd4de6,3446.94702,0.01,806.141296,3449.11646,0.132882,802.361572,0,2
m02978,1,2026-07-22T08:50:42.754797Z,8038,spawn,1019,297023,1,1044525,6553,Malfunctioning Cleaning Robot,SimpleChar:7988CA07,1,54506321ced56174,3606.4104,51.744999,801.061157,3622.80835,52.5,798.769165,0,2
m03255,1,2026-07-22T08:51:06.564688Z,8771,spawn,1019,297023,1,1044525,6553,Malfunctioning Cleaning Robot,SimpleChar:7988CA0B,1,e1b624186dfc90ef,3607.63623,52.134998,782.470947,3610.95532,52.5,778.296631,0,2
m03283,1,2026-07-22T08:51:08.286345Z,8815,spawn,1019,297023,1,1044525,6553,Malfunctioning Cleaning Robot,SimpleChar:7988CA0E,1,7a3f0b4a5c88bd26,3605.88232,51.744999,773.659302,3593.89526,52.5,799.718811,0,2
m03594,1,2026-07-22T08:51:31.972451Z,9623,spawn,1019,297023,1,1044525,6553,Malfunctioning Cleaning Robot,SimpleChar:7988CA12,1,fc90ce4df5a3feaf,3607.01587,51.744999,801.301636,3597.02124,52.5,772.299255,0,2
m03983,1,2026-07-22T08:52:14.938127Z,11422,spawn,1019,297023,1,1044525,6553,Malfunctioning Cleaning Robot,SimpleChar:7988CA12,2,aa44dbb687bb7e6d,3600.91772,52.134998,787.43866,3601.78223,52.5,788.206482,0.200578,2
m03989,1,2026-07-22T08:52:15.138705Z,11446,spawn,1019,297023,1,1044525,6553,Malfunctioning Cleaning Robot,SimpleChar:7988CA12,2,16fe58e45f1d73a2,3601.0376,52.134998,787.545105,3601.9812,52.5,787.700562,0.251104,2
m03992,1,2026-07-22T08:52:15.389809Z,11460,spawn,1019,297023,1,1044525,6553,Malfunctioning Cleaning Robot,SimpleChar:7988CA12,2,a53b955f50481e01,3601.0376,52.134998,787.545105,3601.70239,52.5,788.038635,0.200084,2
m03999,1,2026-07-22T08:52:15.589893Z,11467,spawn,1019,297023,1,1044525,6553,Malfunctioning Cleaning Robot,SimpleChar:7988CA12,2,b916a67c7dc7ffdb,3601.0376,52.134998,787.545105,3601.86646,52.5,788.268555,0,2
m03785,1,2026-07-22T08:51:46.373039Z,10244,spawn,1019,297023,1,1044525,6553,Malfunctioning Cleaning Robot,SimpleChar:7988CA14,1,db64962dabcd35a3,3598.23486,51.744999,773.597351,3599.12036,52.5,786.72522,0,2
m04002,1,2026-07-22T08:52:15.741082Z,11486,spawn,1019,297023,1,1044525,6553,Malfunctioning Cleaning Robot,SimpleChar:7988CA14,2,b509ad96c11cb03d,3597.302,51.744999,773.191956,3597.29932,52.5,772.019653,0.443179,2
m04007,1,2026-07-22T08:52:16.184261Z,11495,spawn,1019,297023,1,1044525,6553,Malfunctioning Cleaning Robot,SimpleChar:7988CA14,2,b509ad96c11cb03d,3597.302,51.744999,773.015137,3597.2981,52.5,772.032898,0.203085,2
m04010,1,2026-07-22T08:52:16.387346Z,11499,spawn,1019,297023,1,1044525,6553,Malfunctioning Cleaning Robot,SimpleChar:7988CA14,2,b509ad96c11cb03d,3597.302,51.744999,773.015137,3597.25635,52.5,772.155701,0.444222,2
m04013,1,2026-07-22T08:52:16.831568Z,11512,spawn,1019,297023,1,1044525,6553,Malfunctioning Cleaning Robot,SimpleChar:7988CA14,2,a93824fe3578eee4,3597.302,51.744999,773.015137,3596.82739,52.5,772.245361,0,2
m04016,1,2026-07-22T08:52:16.831568Z,11522,spawn,1019,297023,1,1044525,6553,Malfunctioning Cleaning Robot,SimpleChar:7988CA14,2,a93824fe3578eee4,3597.302,51.744999,773.015137,3597.23999,52.5,772.179932,0.193564,2
m04021,1,2026-07-22T08:52:17.025132Z,11527,spawn,1019,297023,1,1044525,6553,Malfunctioning Cleaning Robot,SimpleChar:7988CA14,2,a0bfd456bdd77f35,3597.302,51.744999,773.015137,3597.08081,52.5,772.288879,0.210078,2
m04025,1,2026-07-22T08:52:17.235210Z,11532,spawn,1019,297023,1,1044525,6553,Malfunctioning Cleaning Robot,SimpleChar:7988CA14,2,a93824fe3578eee4,3597.302,51.744999,773.015137,3596.78003,52.5,772.203918,0.330114,2
m04030,1,2026-07-22T08:52:17.565324Z,11538,spawn,1019,297023,1,1044525,6553,Malfunctioning Cleaning Robot,SimpleChar:7988CA14,2,b509ad96c11cb03d,3597.302,51.744999,773.015137,3597.2998,52.5,772.01355,0.204088,2
m04033,1,2026-07-22T08:52:17.769412Z,11551,spawn,1019,297023,1,1044525,6553,Malfunctioning Cleaning Robot,SimpleChar:7988CA14,2,a0bfd456bdd77f35,3597.302,51.744999,773.011902,3597.01855,52.5,772.299438,0.153157,2
m04036,1,2026-07-22T08:52:17.922569Z,11555,spawn,1019,297023,1,1044525,6553,Malfunctioning Cleaning Robot,SimpleChar:7988CA14,2,a0bfd456bdd77f35,3597.302,51.744999,773.011902,3597.16064,52.5,772.253418,0,2
m04482,1,2026-07-22T08:52:54.001491Z,12909,spawn,1019,297023,1,1044525,6553,Malfunctioning Cleaning Robot,SimpleChar:7988CA24,1,3a52ed32c2a6e297,3607.22314,52.134998,782.99762,3622.95215,52.5,798.703857,0,2
m04495,1,2026-07-22T08:52:54.682751Z,12940,spawn,1019,297023,1,1044525,6553,Malfunctioning Cleaning Robot,SimpleChar:7988CA26,1,5050805316f34a57,3606.35352,51.744999,774.177124,3597.07739,52.5,771.710144,0,2
m04882,1,2026-07-22T08:53:26.747805Z,14105,spawn,1019,297023,1,1044525,6553,Malfunctioning Cleaning Robot,SimpleChar:7988CA2A,1,b5d8e2f8b66346d7,3608.51709,51.744999,795.008118,3596.86597,52.5,772.268433,0,2
m04988,1,2026-07-22T08:53:35.252976Z,14488,spawn,1019,297023,1,1044525,6553,Malfunctioning Cleaning Robot,SimpleChar:7988CA2C,1,854e397ec5f1622f,3617.23413,51.744999,784.463989,3594.15332,52.5,799.742188,0,2
m05040,1,2026-07-22T08:53:39.037298Z,14626,spawn,1019,297023,1,1044525,6553,Malfunctioning Cleaning Robot,SimpleChar:7988CA2D,1,8edad101d890a664,3606.58936,53.244999,801.462891,3594.23169,52.5,800.190674,0,2
m05099,1,2026-07-22T08:53:44.214018Z,14805,spawn,1019,297023,1,1044525,6553,Malfunctioning Cleaning Robot,SimpleChar:7988CA2E,1,aa674f9158c294f0,3607.48755,52.134998,782.033691,3596.9812,52.5,772.299377,0,2
m05765,1,2026-07-22T08:54:40.926156Z,16580,spawn,1019,297023,1,1044525,6553,Malfunctioning Cleaning Robot,SimpleChar:7988CA37,1,ae80388a89932cc9,3619.83643,51.744999,799.837646,3622.7019,52.5,799.034058,1.864099,2
m05784,1,2026-07-22T08:54:42.790255Z,16615,spawn,1019,297023,1,1044525,6553,Malfunctioning Cleaning Robot,SimpleChar:7988CA37,1,e687d2609dfde0c0,3621.75952,51.744999,799.298157,3622.78076,52.5,799.204773,0.270106,2
m05787,1,2026-07-22T08:54:43.060361Z,16626,spawn,1019,297023,1,1044525,6553,Malfunctioning Cleaning Robot,SimpleChar:7988CA37,1,e687d2609dfde0c0,3621.79932,51.744999,799.294556,3622.78955,52.5,799.213745,0.187577,2
m05790,1,2026-07-22T08:54:43.247938Z,16677,spawn,1019,297023,1,1044525,6553,Malfunctioning Cleaning Robot,SimpleChar:7988CA37,1,771722a8445a505c,3621.79932,51.744999,799.294556,3622.70337,52.5,799.044067,0.180583,2
m05793,1,2026-07-22T08:54:43.428521Z,16685,spawn,1019,297023,1,1044525,6553,Malfunctioning Cleaning Robot,SimpleChar:7988CA37,1,d0c7ea2a51fe4bfe,3621.79932,51.744999,799.294556,3622.85254,52.5,799.261292,0.242145,2
m05796,1,2026-07-22T08:54:43.670666Z,16690,spawn,1019,297023,1,1044525,6553,Malfunctioning Cleaning Robot,SimpleChar:7988CA37,1,d0c7ea2a51fe4bfe,3621.85645,51.744999,799.292725,3622.98535,52.5,799.299622,0.434363,2
m05801,1,2026-07-22T08:54:44.105029Z,16712,spawn,1019,297023,1,1044525,6553,Malfunctioning Cleaning Robot,SimpleChar:7988CA37,1,b05594a3df93409c,3621.99878,51.744999,799.293579,3622.83496,52.5,798.749573,0.211151,2
m05804,1,2026-07-22T08:54:44.316180Z,16719,spawn,1019,297023,1,1044525,6553,Malfunctioning Cleaning Robot,SimpleChar:7988CA37,1,e687d2609dfde0c0,3621.99878,51.744999,799.293579,3622.78101,52.5,798.794983,0.230653,2
m05807,1,2026-07-22T08:54:44.546833Z,16723,spawn,1019,297023,1,1044525,6553,Malfunctioning Cleaning Robot,SimpleChar:7988CA37,1,e687d2609dfde0c0,3621.99878,51.744999,799.293579,3622.77148,52.5,799.194519,0.201075,2
m05810,1,2026-07-22T08:54:44.747908Z,16727,spawn,1019,297023,1,1044525,6553,Malfunctioning Cleaning Robot,SimpleChar:7988CA37,1,b05594a3df93409c,3621.99878,51.744999,799.293579,3622.87866,52.5,798.725586,0,2
m05942,1,2026-07-22T08:54:58.007099Z,17094,spawn,1019,297023,1,1044525,6553,Malfunctioning Cleaning Robot,SimpleChar:7988CA39,1,8d7c78279e3dc657,3605.88135,51.744999,774.642273,3599.22241,52.5,786.798706,0,2
m05989,1,2026-07-22T08:55:02.332988Z,17229,spawn,1019,297023,1,1044525,6553,Malfunctioning Cleaning Robot,SimpleChar:7988CA3A,1,05b394bdd7e69af0,3606.34668,53.244999,801.559448,3610.7002,52.5,777.992065,0,2
m06046,1,2026-07-22T08:55:07.774506Z,17376,spawn,1019,297023,1,1044525,6553,Malfunctioning Cleaning Robot,SimpleChar:7988CA3C,1,db64962dabcd35a3,3597.85254,51.744999,773.705505,3599.13232,52.5,786.730713,0,2
m06031,1,2026-07-22T08:55:06.697081Z,17340,spawn,1019,297023,1,1044525,6553,Malfunctioning Cleaning Robot,SimpleChar:7988CA3D,1,9f9432cb0fc86393,3608.30151,51.744999,795.006348,3594.11035,52.5,800.278931,0,2
m06084,1,2026-07-22T08:55:11.839576Z,17481,spawn,1019,297023,1,1044525,6553,Malfunctioning Cleaning Robot,SimpleChar:7988CA3E,1,01bdbfb551204ad7,3608.11597,52.134998,782.498962,3594.29443,52.5,800.057617,0,2
m06318,1,2026-07-22T08:55:28.610148Z,17989,spawn,1019,297023,1,1044525,6553,Malfunctioning Cleaning Robot,SimpleChar:7988CA41,1,6a0ae11ac2c9fdbc,3617.5293,51.744999,784.684021,3611.24341,52.5,778.175293,0,2
m06866,1,2026-07-22T08:56:19.810579Z,19761,spawn,1019,297023,1,1044525,6553,Malfunctioning Cleaning Robot,SimpleChar:7988CA48,1,da4c406d45a043b5,3606.22998,53.244999,801.624512,3597.21704,52.5,772.207214,0,2
m07187,1,2026-07-22T08:58:43.029112Z,25243,spawn,1019,297023,1,1044525,6553,Cleaning Robot,SimpleChar:7988CA63,1,c18ec1c0bfd94903,3598.87134,25.584999,876.028381,3592.93042,25.529728,876.567505,3.127908,2
m07198,1,2026-07-22T08:58:46.157020Z,25375,spawn,1019,297023,1,1044525,6553,Cleaning Robot,SimpleChar:7988CA63,1,ebe9507bde9f581e,3594.12769,25.584999,876.426086,3590.44385,25.529846,879.865356,0,2
m07310,1,2026-07-22T08:59:57.904218Z,27421,spawn,1019,297023,1,1044525,6553,Cleaning Robot,SimpleChar:7988CA63,3,c18ec1c0bfd94903,3598.89771,25.584999,876.038574,3592.93042,25.529728,876.567505,3.230761,2
m07315,1,2026-07-22T09:00:01.134979Z,27632,spawn,1019,297023,1,1044525,6553,Cleaning Robot,SimpleChar:7988CA63,3,ebe9507bde9f581e,3594.15015,25.584999,876.426208,3590.44385,25.529846,879.865356,0,2
m07607,1,2026-07-22T09:02:31.313979Z,30257,spawn,1019,297023,1,1044525,6553,Cleaning Robot,SimpleChar:7988CA63,4,ebe9507bde9f581e,3594.1272,25.584999,876.413025,3590.44385,25.529846,879.865356,2.582862,2
m07637,1,2026-07-22T09:02:33.896841Z,30346,spawn,1019,297023,1,1044525,6553,Cleaning Robot,SimpleChar:7988CA63,4,20a285afa3dc7138,3591.43652,25.584999,878.849548,3589.08887,25.051228,882.047974,0,2
m08168,1,2026-07-22T09:03:16.223649Z,32222,spawn,1019,297023,1,1044525,6553,Cleaning Robot,SimpleChar:7988CA63,5,d7f27161c0dc4ff7,3606.35278,27.083528,877.072632,3613.78589,29.743073,875.488525,0,2
m09202,1,2026-07-22T09:05:30.399095Z,35763,spawn,1019,297023,1,1044525,6553,Cleaning Robot,SimpleChar:7988CA63,7,e16cf65607129f39,3592.27881,22.516724,889.953552,3592.01685,24.795572,883.179443,3.4524,2
m09212,1,2026-07-22T09:05:33.851495Z,35816,spawn,1019,297023,1,1044525,6553,Cleaning Robot,SimpleChar:7988CA63,7,73a0a2d5840b4a04,3592.05664,24.48295,884.567078,3593.14648,25.529737,880.030579,0,2
m09387,1,2026-07-22T09:07:28.452253Z,39567,spawn,1019,297023,1,1044525,6553,Cleaning Robot,SimpleChar:7988CA63,8,74c9c597230553de,3598.72852,25.584999,875.971802,3592.93042,25.529728,876.567505,3.084676,2
m09396,1,2026-07-22T09:07:31.536929Z,39641,spawn,1019,297023,1,1044525,6553,Cleaning Robot,SimpleChar:7988CA63,8,ebe9507bde9f581e,3594.13501,25.584999,876.410339,3590.44385,25.529846,879.865356,0,2
m09580,1,2026-07-22T09:08:52.985437Z,43544,spawn,1019,297023,1,1044525,6553,Cleaning Robot,SimpleChar:7988CA63,9,f2a0dd8ba3409046,3589.44897,24.671883,884.0495,3589.26099,22.803989,889.752441,0,2
m09909,1,2026-07-22T09:11:33.722069Z,48787,spawn,1019,297023,1,1044525,6553,Cleaning Robot,SimpleChar:7988CA63,10,c750edf3cf312be8,3589.80371,18.889481,899.890381,3593.56519,18.374277,902.00885,0,2
m09982,1,2026-07-22T09:12:25.590915Z,50570,spawn,1019,297023,1,1044525,6553,Cleaning Robot,SimpleChar:7988CA63,11,181855574e877d99,3601.78613,25.584999,877.20166,3597.5769,25.52973,875.510132,2.149154,2
m09984,1,2026-07-22T09:12:27.740069Z,50611,spawn,1019,297023,1,1044525,6553,Cleaning Robot,SimpleChar:7988CA63,11,c18ec1c0bfd94903,3598.7876,25.584999,875.993286,3592.93042,25.529728,876.567505,0,2
m07610,1,2026-07-22T09:02:31.313979Z,30260,spawn,1019,297023,1,1044525,6553,Malfunctioning Cleaning Robot,SimpleChar:7988CA7F,1,cb29a4a3061d2dca,3599.94434,51.924995,787.147644,3593.77856,52.5,799.797546,0,2
m07625,1,2026-07-22T09:02:32.953916Z,30330,spawn,1019,297023,1,1044525,6553,Malfunctioning Cleaning Robot,SimpleChar:7988CA8B,1,a93824fe3578eee4,3597.4895,51.744999,773.115845,3597.20483,52.5,772.219299,0.229614,2
m07629,1,2026-07-22T09:02:33.183530Z,30334,spawn,1019,297023,1,1044525,6553,Malfunctioning Cleaning Robot,SimpleChar:7988CA8B,1,a93824fe3578eee4,3597.4895,51.744999,773.115845,3597.22412,52.5,772.199402,0.431188,2
m07632,1,2026-07-22T09:02:33.614718Z,30341,spawn,1019,297023,1,1044525,6553,Malfunctioning Cleaning Robot,SimpleChar:7988CA8B,1,b509ad96c11cb03d,3597.4895,51.744999,773.115845,3597.27295,52.5,772.12439,0,2
m07635,1,2026-07-22T09:02:33.614718Z,30344,spawn,1019,297023,1,1044525,6553,Malfunctioning Cleaning Robot,SimpleChar:7988CA8B,1,a93824fe3578eee4,3597.48511,51.744999,773.09491,3596.81348,52.5,772.235046,0.432207,2
m07641,1,2026-07-22T09:02:34.046925Z,30351,spawn,1019,297023,1,1044525,6553,Malfunctioning Cleaning Robot,SimpleChar:7988CA8B,1,b509ad96c11cb03d,3597.41772,51.744999,773.008728,3597.26978,52.5,772.131104,0.241105,2
m07644,1,2026-07-22T09:02:34.288030Z,30362,spawn,1019,297023,1,1044525,6553,Malfunctioning Cleaning Robot,SimpleChar:7988CA8B,1,a93824fe3578eee4,3597.41772,51.744999,773.008728,3596.75488,52.5,772.172913,0.440732,2
m07649,1,2026-07-22T09:02:34.728762Z,30373,spawn,1019,297023,1,1044525,6553,Malfunctioning Cleaning Robot,SimpleChar:7988CA8B,1,b509ad96c11cb03d,3597.36792,51.744999,772.945923,3597.27441,52.5,772.12146,0.194087,2
m07653,1,2026-07-22T09:02:34.922849Z,30380,spawn,1019,297023,1,1044525,6553,Malfunctioning Cleaning Robot,SimpleChar:7988CA8B,1,2850b81d27779d4e,3597.36792,51.744999,772.945923,3596.73486,52.5,772.14032,0,2
m07707,1,2026-07-22T09:02:40.246548Z,30640,spawn,1019,297023,1,1044525,6553,Malfunctioning Cleaning Robot,SimpleChar:7988CA90,1,d18e961eee862b67,3617.33838,51.744999,784.427856,3599.1394,52.5,786.734436,0,2
m07912,1,2026-07-22T09:02:55.631282Z,31533,spawn,1019,297023,1,1044525,6553,Malfunctioning Cleaning Robot,SimpleChar:7988CA92,1,6525d2e8a3f02a58,3607.10986,51.744999,800.890625,3597.29932,52.5,772.021118,0,2
m08018,1,2026-07-22T09:03:03.008264Z,31792,spawn,1019,297023,1,1044525,6553,Malfunctioning Cleaning Robot,SimpleChar:7988CA93,1,02f081b27c40be0e,3607.77124,52.134998,783.308167,3597.09766,52.5,772.283691,0,2
m08294,1,2026-07-22T09:03:27.489478Z,32524,spawn,1019,297023,1,1044525,6553,Malfunctioning Cleaning Robot,SimpleChar:7988CA97,1,66c727ee8f422f03,3608.74829,51.744999,795.665161,3602.24951,52.5,788.166565,0,2
m08564,1,2026-07-22T09:03:47.172102Z,33108,spawn,1019,297023,1,1044525,6553,Malfunctioning Cleaning Robot,SimpleChar:7988CA98,1,e28fc3498a340c0c,3598.20215,51.744999,774.061584,3597.29077,52.5,771.926208,1.355158,2
m08577,1,2026-07-22T09:03:48.527260Z,33142,spawn,1019,297023,1,1044525,6553,Malfunctioning Cleaning Robot,SimpleChar:7988CA98,1,b509ad96c11cb03d,3597.67017,51.744999,772.814392,3597.25317,52.5,771.83905,0,2
m08689,1,2026-07-22T09:04:00.103162Z,33455,spawn,1019,297023,1,1044525,6553,Malfunctioning Cleaning Robot,SimpleChar:7988CA9A,1,74133d2402556633,3621.06714,51.744999,799.394226,3622.93579,52.5,799.29303,1.114123,2
m08700,1,2026-07-22T09:04:01.217285Z,33491,spawn,1019,297023,1,1044525,6553,Malfunctioning Cleaning Robot,SimpleChar:7988CA9A,1,b05594a3df93409c,3621.98486,51.744999,799.344543,3622.83594,52.5,798.748779,0,2
m08906,1,2026-07-22T09:04:20.647241Z,34001,spawn,1019,297023,1,1044525,6553,Malfunctioning Cleaning Robot,SimpleChar:7988CA9D,1,8f5cc79201b06482,3617.90771,51.744999,784.319641,3611.14551,52.5,778.262268,0,2
m09056,1,2026-07-22T09:04:34.515020Z,34557,spawn,1019,297023,1,1044525,6553,Malfunctioning Cleaning Robot,SimpleChar:7988CA9F,1,440556689f543e68,3597.78589,51.744999,773.716675,3623.1582,52.5,798.745056,0,2
m09150,1,2026-07-22T09:05:03.613049Z,35385,spawn,25,17657,2,1044525,6553,Garbage Flea,SimpleChar:7988CAA5,1,6ace3d903ac37bdd,3558.58765,5.110001,865.42627,3552.54932,5.110001,868.246155,3.945479,2
m09154,1,2026-07-22T09:05:07.558528Z,35401,spawn,25,17657,2,1044525,6553,Garbage Flea,SimpleChar:7988CAA5,1,109d23f9ca7a9f27,3553.69287,5.110001,867.69342,3554.36035,5.110001,874.144592,0,2
m09198,1,2026-07-22T09:05:29.404107Z,35726,spawn,25,17657,2,1044525,6553,Garbage Flea,SimpleChar:7988CAA5,2,727a9b5add98ee0b,3564.43823,5.110001,863.090515,3561.94482,5.110001,865.349792,2.229112,2
m09205,1,2026-07-22T09:05:31.633219Z,35793,spawn,25,17657,2,1044525,6553,Garbage Flea,SimpleChar:7988CAA5,2,2994b71f64d99fc1,3563.07202,5.110001,864.384827,3557.20972,5.110001,865.676331,0,2
m09253,1,2026-07-22T09:06:00.986856Z,36832,spawn,25,17657,2,1044525,6553,Garbage Flea,SimpleChar:7988CAA5,3,727a9b5add98ee0b,3564.61768,5.110001,863.005493,3561.94482,5.110001,865.349792,0,2
m09278,1,2026-07-22T09:06:29.290078Z,37258,spawn,25,17657,2,1044525,6553,Garbage Flea,SimpleChar:7988CAA5,4,6d44dea0df9fe0b4,3560.49487,5.110001,865.574951,3565.6394,5.499601,862.281555,3.424953,2
m09282,1,2026-07-22T09:06:32.715031Z,37306,spawn,25,17657,2,1044525,6553,Garbage Flea,SimpleChar:7988CAA5,4,727a9b5add98ee0b,3564.64453,5.110001,862.951538,3561.94482,5.110001,865.349792,0,2
m09313,1,2026-07-22T09:07:04.380048Z,37913,spawn,25,17657,2,1044525,6553,Garbage Flea,SimpleChar:7988CAA5,5,727a9b5add98ee0b,3564.48779,5.110001,863.077209,3561.94482,5.110001,865.349792,0,2
m09287,1,2026-07-22T09:06:35.628587Z,37352,spawn,1019,297023,1,1044525,6553,Malfunctioning Cleaning Robot,SimpleChar:7988CAAD,1,0721f51ea82199c9,3608.02612,53.244999,801.701172,3620.8042,52.5,784.227234,0,2
m09773,1,2026-07-22T09:10:36.503725Z,46494,spawn,25,17657,1,1044525,6553,Garbage Flea,SimpleChar:7988CAE6,1,65642646986b8c9e,3559.70654,8.134134,915.58728,3552.79907,7.629861,921.401794,0,2
m09860,1,2026-07-22T09:11:14.444823Z,47831,spawn,25,17657,2,1044525,6553,Garbage Flea,SimpleChar:7988CAED,1,d78c40bf67e05111,3550.54346,9.777702,937.514465,3545.81934,9.453153,944.089355,0,2
m10005,1,2026-07-22T09:13:00.771473Z,51329,spawn,25,17657,1,1044525,6553,Garbage Flea,SimpleChar:7988CB08,1,2994b71f64d99fc1,3563.11841,5.110001,864.515503,3557.20972,5.110001,865.676331,3.140424,2
m10008,1,2026-07-22T09:13:03.911897Z,51374,spawn,25,17657,1,1044525,6553,Garbage Flea,SimpleChar:7988CB08,1,6ace3d903ac37bdd,3558.54736,5.110001,865.447388,3552.54932,5.110001,868.246155,0,2
m10416,1,2026-07-22T09:19:20.407748Z,58942,spawn,25,17657,1,1044525,6553,Garbage Flea,SimpleChar:7988CB08,2,6ace3d903ac37bdd,3558.47095,5.110001,865.439697,3552.54932,5.110001,868.246155,3.548508,2
m10421,1,2026-07-22T09:19:23.956256Z,59044,spawn,25,17657,1,1044525,6553,Garbage Flea,SimpleChar:7988CB08,2,109d23f9ca7a9f27,3553.70264,5.110001,867.680237,3554.36035,5.110001,874.144592,0,2
m10535,1,2026-07-22T09:20:19.847700Z,59916,spawn,25,17657,1,1044525,6553,Garbage Flea,SimpleChar:7988CB08,3,2994b71f64d99fc1,3562.87891,5.110001,864.557129,3557.20972,5.110001,865.676331,2.707427,2
m10544,1,2026-07-22T09:20:22.555127Z,59981,spawn,25,17657,1,1044525,6553,Garbage Flea,SimpleChar:7988CB08,3,6ace3d903ac37bdd,3558.6521,5.110001,865.436707,3552.54932,5.110001,868.246155,0,2
m10194,1,2026-07-22T09:16:50.866566Z,55384,spawn,25,17657,1,1044525,6553,Garbage Flea,SimpleChar:7988CB0F,1,1857a3c149770fed,3502.41577,5.110001,902.139587,3501.45508,5.765232,908.028992,3.111703,2
m10200,1,2026-07-22T09:16:53.978269Z,55483,spawn,25,17657,1,1044525,6553,Garbage Flea,SimpleChar:7988CB0F,1,cb4cb54d634f36a1,3501.66675,5.287118,906.773987,3502.31763,5.110001,903.305664,0,2
m10664,1,2026-07-22T09:21:45.798742Z,62845,spawn,25,17657,1,1044525,6553,Garbage Flea,SimpleChar:7988CB0F,2,f532a072080c8762,3502.93872,5.110001,897.421875,3502.63647,5.110001,889.204163,0,2
m13054,1,2026-07-22T09:44:05.808414Z,74260,spawn,25,17657,1,1044525,6553,Garbage Flea,SimpleChar:7988CB0F,3,817b4615fa0753a1,3502.07446,5.159013,904.625244,3503.10352,5.110001,896.018494,0,2
m13235,1,2026-07-22T09:46:02.155362Z,77513,spawn,25,17657,1,1044525,6553,Garbage Flea,SimpleChar:7988CB0F,4,b7808588353c4b38,3501.68774,5.285543,906.608032,3502.31763,5.110001,903.305664,2.321388,2
m13241,1,2026-07-22T09:46:04.476750Z,77721,spawn,25,17657,1,1044525,6553,Garbage Flea,SimpleChar:7988CB0F,4,817b4615fa0753a1,3502.05078,5.167789,904.742249,3503.10352,5.110001,896.018494,0,2
m13560,1,2026-07-22T09:47:57.687817Z,83183,spawn,25,17657,1,1044525,6553,Garbage Flea,SimpleChar:7988CB0F,5,1857a3c149770fed,3502.42188,5.110001,902.099365,3501.45508,5.765232,908.028992,3.256318,2
m13565,1,2026-07-22T09:48:00.944135Z,83376,spawn,25,17657,1,1044525,6553,Garbage Flea,SimpleChar:7988CB0F,5,cb4cb54d634f36a1,3501.66333,5.287375,906.785461,3502.31763,5.110001,903.305664,0,2
m13660,1,2026-07-22T09:48:39.957523Z,85662,spawn,25,17657,1,1044525,6553,Garbage Flea,SimpleChar:7988CB0F,7,5ea39d37b39df754,3503.00122,5.110001,894.568665,3502.31763,5.110001,903.305664,0,2
m14137,1,2026-07-22T09:52:18.555493Z,90375,spawn,25,17657,1,1044525,6553,Garbage Flea,SimpleChar:7988CB0F,8,1857a3c149770fed,3502.43457,5.110001,901.995483,3501.45508,5.765232,908.028992,0,2
m10038,1,2026-07-22T09:13:41.002417Z,52018,spawn,1019,297023,1,1044525,6553,Cleaning Robot,SimpleChar:7988CB13,1,4afc44be1565149b,3638.44019,40.984997,841.152649,3633.1167,40.876511,840.937561,2.701417,2
m10041,1,2026-07-22T09:13:43.703834Z,52058,spawn,1019,297023,1,1044525,6553,Cleaning Robot,SimpleChar:7988CB13,1,24e93503b84176f1,3634.42944,40.984997,841.021729,3630.20532,40.876511,836.987854,0,2
m10064,1,2026-07-22T09:14:15.417025Z,52461,spawn,1019,297023,1,1044525,6553,Cleaning Robot,SimpleChar:7988CB1E,1,bc387d9a5a73d379,3620.64697,31.205,878.231323,3615.61719,30.409613,879.195801,2.919924,2
m10067,1,2026-07-22T09:14:18.336949Z,52499,spawn,1019,297023,1,1044525,6553,Cleaning Robot,SimpleChar:7988CB1E,1,ce7bb3a6a9d1cebd,3616.92969,30.942268,878.94574,3609.57666,28.225946,878.747559,0,2
m10096,1,2026-07-22T09:14:49.329790Z,52862,spawn,1019,297023,1,1044525,6553,Cleaning Robot,SimpleChar:7988CB26,1,7285d6107fdeab6a,3638.36841,40.984997,841.679199,3633.1167,40.876511,840.937561,2.630951,2
m10099,1,2026-07-22T09:14:51.960741Z,52898,spawn,1019,297023,1,1044525,6553,Cleaning Robot,SimpleChar:7988CB26,1,24e93503b84176f1,3634.47363,40.984997,841.133362,3630.20532,40.876511,836.987854,0,2
m10110,1,2026-07-22T09:15:06.325124Z,53079,spawn,1019,297023,1,1044525,6553,Cleaning Robot,SimpleChar:7988CB26,2,eaa6e4e46a72157a,3623.02222,37.955105,842.134399,3620.04126,37.771183,844.67572,1.79179,2
m10112,1,2026-07-22T09:15:08.116914Z,53107,spawn,1019,297023,1,1044525,6553,Cleaning Robot,SimpleChar:7988CB26,2,a4803ac712cbb417,3621.10352,37.564999,843.882874,3619.41016,39.03149,840.689148,2.225051,2
m10116,1,2026-07-22T09:15:10.341965Z,53140,spawn,1019,297023,1,1044525,6553,Cleaning Robot,SimpleChar:7988CB26,2,418a98f09c7a902d,3619.78149,38.019356,841.984863,3620.0874,40.024876,837.651611,0,2
m10139,1,2026-07-22T09:15:50.380871Z,53748,spawn,1019,297023,1,1044525,6553,Cleaning Robot,SimpleChar:7988CB26,3,4afc44be1565149b,3638.28784,40.984997,840.877625,3633.1167,40.876511,840.937561,2.590319,2
m10143,1,2026-07-22T09:15:52.971190Z,53778,spawn,1019,297023,1,1044525,6553,Cleaning Robot,SimpleChar:7988CB26,3,24e93503b84176f1,3634.46191,40.984997,840.974304,3630.20532,40.876511,836.987854,0,2
m10154,1,2026-07-22T09:16:07.213791Z,53954,spawn,1019,297023,1,1044525,6553,Cleaning Robot,SimpleChar:7988CB26,4,eaa6e4e46a72157a,3623.03467,37.976528,842.084534,3620.04126,37.771183,844.67572,1.851257,2
m10156,1,2026-07-22T09:16:09.065048Z,53973,spawn,1019,297023,1,1044525,6553,Cleaning Robot,SimpleChar:7988CB26,4,a4803ac712cbb417,3621.07642,37.564999,843.88739,3619.41016,39.03149,840.689148,0,2
m10198,1,2026-07-22T09:16:52.091243Z,55443,spawn,25,17657,2,1044525,6553,Garbage Flea,SimpleChar:7988CB32,3,49d4a6580cd84dbe,3515.07129,8.041776,930.983582,3507.80005,8.336768,924.962708,0,2
m10318,1,2026-07-22T09:18:29.418881Z,57323,spawn,25,17657,1,1044525,6553,Garbage Flea,SimpleChar:7988CB5C,1,35f8db96c220795f,3550.87964,6.924393,886.398376,3545.22632,7.250183,888.214722,3.189775,2
m10321,1,2026-07-22T09:18:32.608656Z,57335,spawn,25,17657,1,1044525,6553,Garbage Flea,SimpleChar:7988CB5C,1,fd2a90fb79214ba0,3546.53564,6.817519,887.629517,3540.93042,8.435155,888.057068,0,2
m10326,1,2026-07-22T09:18:37.741138Z,57357,spawn,25,17657,1,1044525,6553,Garbage Flea,SimpleChar:7988CB5D,1,6e5b350212676bd7,3559.8396,8.124155,915.599487,3552.79907,7.629861,921.401794,0,2
m10644,1,2026-07-22T09:21:30.166858Z,62300,spawn,1019,297023,1,1044525,6553,Cleaning Robot,SimpleChar:7988CB5F,2,6363701b7c08816a,3636.59668,40.984997,828.45929,3632.78101,40.876522,831.530701,0,2
m12986,1,2026-07-22T09:43:31.904204Z,72986,spawn,1019,297023,1,1044525,6553,Cleaning Robot,SimpleChar:7988CB5F,3,699aa63c8b0d8484,3623.7605,39.529518,838.470154,3622.77295,38.219501,843.380005,0,2
m13137,1,2026-07-22T09:45:24.324709Z,75402,spawn,1019,297023,1,1044525,6553,Cleaning Robot,SimpleChar:7988CB5F,4,e181261ad429909c,3631.05566,40.984997,837.875671,3626.60474,40.876522,834.062866,0,2
m13577,1,2026-07-22T09:48:09.573133Z,83809,spawn,1019,297023,1,1044525,6553,Cleaning Robot,SimpleChar:7988CB5F,6,6363701b7c08816a,3636.61694,40.984997,828.451965,3632.78101,40.876522,831.530701,2.428157,2
m13580,1,2026-07-22T09:48:12.001290Z,83872,spawn,1019,297023,1,1044525,6553,Cleaning Robot,SimpleChar:7988CB5F,6,79afaf3c6638e8e1,3633.76465,40.984997,830.749268,3636.89868,40.876511,834.522583,0,2
m13646,1,2026-07-22T09:48:35.372601Z,85298,spawn,1019,297023,1,1044525,6553,Cleaning Robot,SimpleChar:7988CB5F,7,3e1a292b86389b1b,3623.71753,39.522965,838.485413,3622.77295,38.219501,843.380005,0,2
m14025,1,2026-07-22T09:51:40.013209Z,88756,spawn,1019,297023,1,1044525,6553,Cleaning Robot,SimpleChar:7988CB5F,8,eaa6e4e46a72157a,3623.02588,37.960323,842.122253,3620.04126,37.771183,844.67572,1.834286,2
m14030,1,2026-07-22T09:51:41.847495Z,88802,spawn,1019,297023,1,1044525,6553,Cleaning Robot,SimpleChar:7988CB5F,8,a4803ac712cbb417,3621.14917,37.564999,843.845093,3619.41016,39.03149,840.689148,2.179872,2
m14038,1,2026-07-22T09:51:44.027367Z,88864,spawn,1019,297023,1,1044525,6553,Cleaning Robot,SimpleChar:7988CB5F,8,418a98f09c7a902d,3619.81616,38.001549,842.026306,3620.0874,40.024876,837.651611,0,2
m14048,1,2026-07-22T09:51:51.400768Z,89166,spawn,1019,297023,1,1044525,6553,Cleaning Robot,SimpleChar:7988CB5F,9,793168dd5e6e69ed,3620.33179,40.984997,831.248108,3623.6228,40.860813,826.366272,0,2
m14111,1,2026-07-22T09:52:12.656409Z,90061,spawn,1019,297023,1,1044525,6553,Cleaning Robot,SimpleChar:7988CB5F,10,6363701b7c08816a,3636.64087,40.984997,828.406006,3632.78101,40.876522,831.530701,0,2
m14460,1,2026-07-22T09:53:33.568013Z,93075,spawn,1019,297023,1,1044525,6553,Cleaning Robot,SimpleChar:7988CB5F,11,199f4b75c66ac154,3627.88843,40.984997,834.172058,3623.53735,40.690689,835.615723,2.437673,2
m14481,1,2026-07-22T09:53:36.005686Z,93136,spawn,1019,297023,1,1044525,6553,Cleaning Robot,SimpleChar:7988CB5F,11,4ab466b54a06bad8,3624.6748,40.984997,834.677002,3623.54858,39.349735,839.716003,0,2
m10396,1,2026-07-22T09:19:12.726428Z,58462,spawn,25,17657,1,1044525,6553,Garbage Flea,SimpleChar:7988CB66,1,d78c40bf67e05111,3550.36646,9.782614,937.452881,3545.81934,9.453153,944.089355,0,2
m13203,1,2026-07-22T09:45:51.069565Z,76763,spawn,25,17657,1,1044525,6553,Garbage Flea,SimpleChar:7988CB66,2,818ca5dfbb834c52,3546.5791,9.348562,942.94751,3537.52344,8.710001,950.715149,0,2
m13670,1,2026-07-22T09:48:42.206519Z,85788,spawn,25,17657,1,1044525,6553,Garbage Flea,SimpleChar:7988CB66,5,472847c870d2f77e,3536.31421,8.710001,951.160889,3545.81934,9.453153,944.089355,0,2
m13963,1,2026-07-22T09:51:12.653418Z,88129,spawn,25,17657,1,1044525,6553,Garbage Flea,SimpleChar:7988CB66,6,55692c2e292d1dfd,3544.80054,9.437039,944.853271,3549.3313,9.577316,938.108948,0,2
m10538,1,2026-07-22T09:20:20.607533Z,59941,spawn,1019,297023,1,1044525,6553,Cleaning Robot,SimpleChar:7988CB75,1,20a285afa3dc7138,3591.31274,25.584999,879.019165,3589.08887,25.051228,882.047974,1.273709,2
m10542,1,2026-07-22T09:20:21.881242Z,59976,spawn,1019,297023,1,1044525,6553,Cleaning Robot,SimpleChar:7988CB75,1,43b09048588be670,3589.90918,25.584999,880.889038,3589.36377,24.033365,885.419739,2.231698,2
m10549,1,2026-07-22T09:20:24.112940Z,60024,spawn,1019,297023,1,1044525,6553,Cleaning Robot,SimpleChar:7988CB75,1,f2a0dd8ba3409046,3589.48657,24.708422,883.949402,3589.26099,22.803989,889.752441,0,2
m10649,1,2026-07-22T09:21:32.616244Z,62443,spawn,1019,297023,1,1044525,6553,Malfunctioning Cleaning Robot,SimpleChar:7988CB81,1,aec1107f0cbabb54,3608.02661,53.244999,801.701172,3620.70654,52.5,783.937866,0,2
m10663,1,2026-07-22T09:21:45.209489Z,62830,spawn,25,17657,1,1044525,6553,Garbage Flea,SimpleChar:7988CB8D,1,b2a161db33d1794d,3531.39966,5.911563,903.232178,3530.66382,5.110001,897.269409,0,2
m13010,1,2026-07-22T09:43:45.484129Z,73269,spawn,25,17657,1,1044525,6553,Garbage Flea,SimpleChar:7988CB8D,2,0a07692eed3b68fe,3522.00195,5.110001,888.715149,3529.69067,5.110001,890.653748,0,2
m13162,1,2026-07-22T09:45:34.842475Z,75775,spawn,25,17657,1,1044525,6553,Garbage Flea,SimpleChar:7988CB8D,3,ab549a0173fce210,3521.81445,5.110001,888.814575,3529.69067,5.110001,890.653748,0,2
m12985,1,2026-07-22T09:43:31.067311Z,72981,spawn,1019,297023,1,1044525,6553,Cleaning Robot,SimpleChar:7988CB8E,1,6bb19335196fb84e,3601.73218,25.584999,877.182983,3597.5769,25.52973,875.510132,2.444594,2
m12989,1,2026-07-22T09:43:33.511905Z,73015,spawn,1019,297023,1,1044525,6553,Cleaning Robot,SimpleChar:7988CB8E,1,74c9c597230553de,3598.64624,25.584999,875.937317,3592.93042,25.529728,876.567505,0,2
m13088,1,2026-07-22T09:44:48.173947Z,74833,spawn,1019,297023,1,1044525,6553,Cleaning Robot,SimpleChar:7988CB8E,2,74c9c597230553de,3598.71899,25.584999,875.968994,3592.93042,25.529728,876.567505,2.943678,2
m13092,1,2026-07-22T09:44:51.117625Z,74867,spawn,1019,297023,1,1044525,6553,Cleaning Robot,SimpleChar:7988CB8E,2,b17ec7fe41a9fc81,3594.3689,25.584999,876.376953,3590.44385,25.529846,879.865356,0,2
m13238,1,2026-07-22T09:46:03.394836Z,77646,spawn,1019,297023,1,1044525,6553,Cleaning Robot,SimpleChar:7988CB8E,3,74c9c597230553de,3598.6687,25.584999,875.945129,3592.93042,25.529728,876.567505,2.810118,2
m13257,1,2026-07-22T09:46:06.204954Z,77818,spawn,1019,297023,1,1044525,6553,Cleaning Robot,SimpleChar:7988CB8E,3,b17ec7fe41a9fc81,3594.41553,25.584999,876.362793,3590.44385,25.529846,879.865356,0,2
m13509,1,2026-07-22T09:47:35.435944Z,81924,spawn,1019,297023,1,1044525,6553,Cleaning Robot,SimpleChar:7988CB8E,4,66edc528ba7c0991,3589.79663,20.767256,894.746216,3589.79492,18.624887,901.320313,0,2
m13570,1,2026-07-22T09:48:06.792485Z,83685,spawn,1019,297023,1,1044525,6553,Cleaning Robot,SimpleChar:7988CB8E,5,d7f27161c0dc4ff7,3606.5498,27.155407,876.965515,3613.78589,29.743073,875.488525,0,2
m13933,1,2026-07-22T09:51:03.546168Z,87849,spawn,1019,297023,1,1044525,6553,Cleaning Robot,SimpleChar:7988CB8E,6,c18ec1c0bfd94903,3598.91895,25.584999,876.051392,3592.93042,25.529728,876.567505,3.105191,2
m13947,1,2026-07-22T09:51:06.651359Z,87964,spawn,1019,297023,1,1044525,6553,Cleaning Robot,SimpleChar:7988CB8E,6,ebe9507bde9f581e,3594.15039,25.584999,876.429871,3590.44385,25.529846,879.865356,0,2
m14141,1,2026-07-22T09:52:21.759582Z,90486,spawn,1019,297023,1,1044525,6553,Cleaning Robot,SimpleChar:7988CB8E,7,b17ec7fe41a9fc81,3594.4187,25.584999,876.398804,3590.44385,25.529846,879.865356,0,2
m14458,1,2026-07-22T09:53:33.567511Z,93073,spawn,1019,297023,1,1044525,6553,Cleaning Robot,SimpleChar:7988CB8E,8,c18ec1c0bfd94903,3598.95483,25.584999,876.061646,3592.93042,25.529728,876.567505,3.248033,2
m14491,1,2026-07-22T09:53:36.815544Z,93162,spawn,1019,297023,1,1044525,6553,Cleaning Robot,SimpleChar:7988CB8E,8,b17ec7fe41a9fc81,3594.36768,25.584999,876.408569,3590.44385,25.529846,879.865356,0,2
m10770,1,2026-07-22T09:22:56.991826Z,63630,spawn,25,17657,2,1044525,6553,Garbage Flea,SimpleChar:7988CB9C,2,3f9c93efc2798140,3557.35083,8.392217,917.057129,3567.58057,8.631208,912.799316,0,2
m10834,1,2026-07-22T09:23:38.105099Z,63969,spawn,25,17657,2,1044525,6553,Garbage Flea,SimpleChar:7988CB9C,4,3f9c93efc2798140,3557.56299,8.36145,916.85907,3567.58057,8.631208,912.799316,0,2
m10904,1,2026-07-22T09:24:19.060908Z,64529,spawn,25,17657,2,1044525,6553,Garbage Flea,SimpleChar:7988CB9C,6,3f9c93efc2798140,3557.4624,8.375989,916.952332,3567.58057,8.631208,912.799316,0,2
m10963,1,2026-07-22T09:24:59.973192Z,64925,spawn,25,17657,2,1044525,6553,Garbage Flea,SimpleChar:7988CB9C,8,3f9c93efc2798140,3557.4939,8.371366,916.92218,3567.58057,8.631208,912.799316,0,2
m11026,1,2026-07-22T09:25:40.874278Z,65214,spawn,25,17657,2,1044525,6553,Garbage Flea,SimpleChar:7988CB9C,10,3f9c93efc2798140,3557.36108,8.390761,917.047974,3567.58057,8.631208,912.799316,0,2
m11083,1,2026-07-22T09:26:21.914826Z,65461,spawn,25,17657,2,1044525,6553,Garbage Flea,SimpleChar:7988CB9C,12,3f9c93efc2798140,3557.5022,8.370368,916.917175,3567.58057,8.631208,912.799316,0,2
m11100,1,2026-07-22T09:26:34.166815Z,65523,spawn,25,17657,2,1044525,6553,Garbage Flea,SimpleChar:7988CB9C,13,65642646986b8c9e,3559.68091,8.136057,915.600525,3552.79907,7.629861,921.401794,0,2
m11132,1,2026-07-22T09:27:03.152393Z,65673,spawn,25,17657,2,1044525,6553,Garbage Flea,SimpleChar:7988CB9C,14,3f9c93efc2798140,3557.59937,8.356109,916.824219,3567.58057,8.631208,912.799316,0,2
m11200,1,2026-07-22T09:27:43.720370Z,65902,spawn,25,17657,2,1044525,6553,Garbage Flea,SimpleChar:7988CB9C,16,3f9c93efc2798140,3557.40234,8.384737,917.008911,3567.58057,8.631208,912.799316,0,2
m11269,1,2026-07-22T09:28:24.433779Z,66132,spawn,25,17657,2,1044525,6553,Garbage Flea,SimpleChar:7988CB9C,18,3f9c93efc2798140,3557.41895,8.382421,916.994629,3567.58057,8.631208,912.799316,0,2
m11290,1,2026-07-22T09:28:36.654633Z,66205,spawn,25,17657,2,1044525,6553,Garbage Flea,SimpleChar:7988CB9C,19,65642646986b8c9e,3559.59448,8.142538,915.631958,3552.79907,7.629861,921.401794,0,2
m11341,1,2026-07-22T09:29:05.292351Z,66367,spawn,25,17657,2,1044525,6553,Garbage Flea,SimpleChar:7988CB9C,20,3f9c93efc2798140,3557.58447,8.358356,916.839294,3567.58057,8.631208,912.799316,0,2
m11423,1,2026-07-22T09:29:45.883117Z,66612,spawn,25,17657,2,1044525,6553,Garbage Flea,SimpleChar:7988CB9C,22,3f9c93efc2798140,3557.5437,8.364389,916.878967,3567.58057,8.631208,912.799316,0,2
m11502,1,2026-07-22T09:30:26.681256Z,66849,spawn,25,17657,2,1044525,6553,Garbage Flea,SimpleChar:7988CB9C,24,3f9c93efc2798140,3557.48413,8.372945,916.933472,3567.58057,8.631208,912.799316,0,2
m11568,1,2026-07-22T09:31:07.501266Z,67079,spawn,25,17657,2,1044525,6553,Garbage Flea,SimpleChar:7988CB9C,26,3f9c93efc2798140,3557.44238,8.378896,916.971069,3567.58057,8.631208,912.799316,0,2
m11648,1,2026-07-22T09:31:48.577252Z,67320,spawn,25,17657,2,1044525,6553,Garbage Flea,SimpleChar:7988CB9C,28,3f9c93efc2798140,3557.53979,8.364957,916.882629,3567.58057,8.631208,912.799316,0,2
m11742,1,2026-07-22T09:32:29.605273Z,67577,spawn,25,17657,2,1044525,6553,Garbage Flea,SimpleChar:7988CB9C,30,3f9c93efc2798140,3557.46216,8.376099,916.953552,3567.58057,8.631208,912.799316,0,2
m11827,1,2026-07-22T09:33:18.805405Z,67821,spawn,25,17657,2,1044525,6553,Garbage Flea,SimpleChar:7988CB9C,32,3f9c93efc2798140,3557.5625,8.361839,916.86377,3567.58057,8.631208,912.799316,0,2
m11913,1,2026-07-22T09:34:08.154031Z,68084,spawn,25,17657,2,1044525,6553,Garbage Flea,SimpleChar:7988CB9C,34,3f9c93efc2798140,3557.55518,8.362632,916.867004,3567.58057,8.631208,912.799316,0,2
m11993,1,2026-07-22T09:34:48.518856Z,68425,spawn,25,17657,2,1044525,6553,Garbage Flea,SimpleChar:7988CB9C,36,3f9c93efc2798140,3557.40845,8.383936,917.004333,3567.58057,8.631208,912.799316,0,2
m12079,1,2026-07-22T09:35:29.373344Z,68687,spawn,25,17657,2,1044525,6553,Garbage Flea,SimpleChar:7988CB9C,38,3f9c93efc2798140,3557.42456,8.381523,916.988281,3567.58057,8.631208,912.799316,0,2
m13313,1,2026-07-22T09:46:20.112865Z,78534,spawn,25,17657,2,1044525,6553,Garbage Flea,SimpleChar:7988CBB0,2,11d88970afd7def2,3497.97119,8.35745,924.644043,3507.80005,8.336768,924.962708,0,2
m13528,1,2026-07-22T09:47:42.808910Z,82427,spawn,25,17657,2,1044525,6553,Garbage Flea,SimpleChar:7988CBB0,3,49d4a6580cd84dbe,3514.97119,8.046971,931.045715,3507.80005,8.336768,924.962708,0,2
m13676,1,2026-07-22T09:48:43.882187Z,85875,spawn,25,17657,2,1044525,6553,Garbage Flea,SimpleChar:7988CBB0,5,11d88970afd7def2,3498.14429,8.37262,924.65863,3507.80005,8.336768,924.962708,0,2
m11019,1,2026-07-22T09:25:37.344436Z,65193,spawn,25,17657,2,1044525,6553,Garbage Flea,SimpleChar:7988CBBF,1,0b45ff39d75b1166,3550.71997,6.819876,886.249573,3545.22632,7.250183,888.214722,2.720003,2
m11024,1,2026-07-22T09:25:40.064439Z,65211,spawn,25,17657,2,1044525,6553,Garbage Flea,SimpleChar:7988CBBF,1,fd2a90fb79214ba0,3546.51489,6.802939,887.578186,3540.93042,8.435155,888.057068,0,2
m11130,1,2026-07-22T09:27:02.641632Z,65669,spawn,25,17657,6,1044525,6553,Garbage Flea,SimpleChar:7988CBCF,1,295565b4a435bbc2,3450.27417,0.01,815.854309,3451.69238,0.484349,812.295288,2.070525,2
m11135,1,2026-07-22T09:27:04.712157Z,65680,spawn,25,17657,6,1044525,6553,Garbage Flea,SimpleChar:7988CBCF,1,832ef27f42a93e6d,3451.22559,0.01,813.71637,3453.63281,0.48435,808.106934,0,2
m13401,1,2026-07-22T09:46:50.549907Z,80325,spawn,25,17657,6,1044525,6553,Garbage Flea,SimpleChar:7988CBCF,2,589983eb6f47540e,3450.18896,0.01,818.44342,3451.69238,0.484349,812.295288,0,2
m11235,1,2026-07-22T09:28:03.858780Z,66017,spawn,25,17657,5,1044525,6553,Garbage Flea,SimpleChar:7988CBDB,1,ce13699b8ffe6b52,3450.99487,0.01,863.230408,3451.15186,0.892165,857.847046,2.894339,2
m11241,1,2026-07-22T09:28:06.753119Z,66033,spawn,25,17657,5,1044525,6553,Garbage Flea,SimpleChar:7988CBDB,1,d3f4d4bbf96d1974,3451.07788,0.01,859.144043,3451.56519,0.892165,852.259827,0,2
m11265,1,2026-07-22T09:28:21.502299Z,66116,spawn,25,17657,5,1044525,6553,Garbage Flea,SimpleChar:7988CBE0,1,837b1d9cc718aee1,3453.52979,0.01,878.40625,3453.19116,0.636056,886.086365,0,2
m11622,1,2026-07-22T09:31:33.875261Z,67235,spawn,25,17657,1,1044525,6553,Garbage Flea,SimpleChar:7988CC09,1,6ace3d903ac37bdd,3558.51465,5.110001,865.482605,3552.54932,5.110001,868.246155,3.57789,2
m11627,1,2026-07-22T09:31:37.453151Z,67255,spawn,25,17657,1,1044525,6553,Garbage Flea,SimpleChar:7988CC09,1,109d23f9ca7a9f27,3553.64648,5.110001,867.717224,3554.36035,5.110001,874.144592,0,2
m11684,1,2026-07-22T09:32:05.417806Z,67428,spawn,25,17657,1,1044525,6553,Garbage Flea,SimpleChar:7988CC09,2,6ace3d903ac37bdd,3558.36816,5.110001,865.480774,3552.54932,5.110001,868.246155,3.38387,2
m11692,1,2026-07-22T09:32:08.801676Z,67448,spawn,25,17657,1,1044525,6553,Garbage Flea,SimpleChar:7988CC09,2,afae82b77f2473b6,3553.80786,5.110001,867.624939,3554.36035,5.110001,874.144592,0,2
m11751,1,2026-07-22T09:32:36.670500Z,67616,spawn,25,17657,1,1044525,6553,Garbage Flea,SimpleChar:7988CC09,3,6ace3d903ac37bdd,3558.38037,5.110001,865.478394,3552.54932,5.110001,868.246155,3.299459,2
m11758,1,2026-07-22T09:32:39.969959Z,67632,spawn,25,17657,1,1044525,6553,Garbage Flea,SimpleChar:7988CC09,3,afae82b77f2473b6,3553.88574,5.110001,867.587158,3554.36035,5.110001,874.144592,0,2
m11831,1,2026-07-22T09:33:20.767090Z,67830,spawn,25,17657,1,1044525,6553,Garbage Flea,SimpleChar:7988CC09,4,109d23f9ca7a9f27,3553.6333,5.110001,867.716675,3554.36035,5.110001,874.144592,0,2
m11883,1,2026-07-22T09:33:57.043390Z,68006,spawn,25,17657,1,1044525,6553,Garbage Flea,SimpleChar:7988CC09,5,6ace3d903ac37bdd,3558.52905,5.110001,865.438477,3552.54932,5.110001,868.246155,3.253788,2
m11891,1,2026-07-22T09:34:00.297178Z,68029,spawn,25,17657,1,1044525,6553,Garbage Flea,SimpleChar:7988CC09,5,109d23f9ca7a9f27,3553.72656,5.110001,867.673584,3554.36035,5.110001,874.144592,0,2
m11950,1,2026-07-22T09:34:28.161391Z,68234,spawn,25,17657,1,1044525,6553,Garbage Flea,SimpleChar:7988CC09,6,6ace3d903ac37bdd,3558.39478,5.110001,865.482056,3552.54932,5.110001,868.246155,3.672195,2
m11957,1,2026-07-22T09:34:31.833586Z,68271,spawn,25,17657,1,1044525,6553,Garbage Flea,SimpleChar:7988CC09,6,109d23f9ca7a9f27,3553.62598,5.110001,867.71698,3554.36035,5.110001,874.144592,0,2
m12016,1,2026-07-22T09:34:59.490956Z,68494,spawn,25,17657,1,1044525,6553,Garbage Flea,SimpleChar:7988CC09,7,6ace3d903ac37bdd,3558.42847,5.110001,865.453186,3552.54932,5.110001,868.246155,3.515472,2
m12023,1,2026-07-22T09:35:03.006428Z,68519,spawn,25,17657,1,1044525,6553,Garbage Flea,SimpleChar:7988CC09,7,109d23f9ca7a9f27,3553.65576,5.110001,867.701233,3554.36035,5.110001,874.144592,0,2
m12082,1,2026-07-22T09:35:30.753665Z,68693,spawn,25,17657,1,1044525,6553,Garbage Flea,SimpleChar:7988CC09,8,6ace3d903ac37bdd,3558.49438,5.110001,865.433533,3552.54932,5.110001,868.246155,3.520603,2
m12088,1,2026-07-22T09:35:34.274268Z,68714,spawn,25,17657,1,1044525,6553,Garbage Flea,SimpleChar:7988CC09,8,109d23f9ca7a9f27,3553.70874,5.110001,867.67804,3554.36035,5.110001,874.144592,0,2
m12145,1,2026-07-22T09:36:01.911925Z,68953,spawn,25,17657,1,1044525,6553,Garbage Flea,SimpleChar:7988CC09,9,6ace3d903ac37bdd,3558.52075,5.110001,865.425049,3552.54932,5.110001,868.246155,3.478841,2
m12153,1,2026-07-22T09:36:05.390766Z,68988,spawn,25,17657,1,1044525,6553,Garbage Flea,SimpleChar:7988CC09,9,109d23f9ca7a9f27,3553.64648,5.110001,867.709656,3554.36035,5.110001,874.144592,0,2
m12211,1,2026-07-22T09:36:33.701108Z,69170,spawn,25,17657,1,1044525,6553,Garbage Flea,SimpleChar:7988CC09,10,6ace3d903ac37bdd,3558.42529,5.110001,865.455872,3552.54932,5.110001,868.246155,3.459958,2
m12221,1,2026-07-22T09:36:37.161066Z,69203,spawn,25,17657,1,1044525,6553,Garbage Flea,SimpleChar:7988CC09,10,109d23f9ca7a9f27,3553.74121,5.110001,867.660706,3554.36035,5.110001,874.144592,0,2
m12271,1,2026-07-22T09:37:08.396511Z,69433,spawn,25,17657,1,1044525,6553,Garbage Flea,SimpleChar:7988CC09,11,6ace3d903ac37bdd,3558.68042,5.110001,865.426453,3552.54932,5.110001,868.246155,3.213847,2
m12277,1,2026-07-22T09:37:11.610358Z,69455,spawn,25,17657,1,1044525,6553,Garbage Flea,SimpleChar:7988CC09,11,afae82b77f2473b6,3553.85791,5.110001,867.623047,3554.36035,5.110001,874.144592,0,2
m12329,1,2026-07-22T09:37:39.271244Z,69633,spawn,25,17657,1,1044525,6553,Garbage Flea,SimpleChar:7988CC09,12,6ace3d903ac37bdd,3558.61206,5.110001,865.407715,3552.54932,5.110001,868.246155,3.540519,2
m12337,1,2026-07-22T09:37:42.811763Z,69656,spawn,25,17657,1,1044525,6553,Garbage Flea,SimpleChar:7988CC09,12,afae82b77f2473b6,3553.80273,5.110001,867.639465,3554.36035,5.110001,874.144592,0,2
m12383,1,2026-07-22T09:38:10.905502Z,69842,spawn,25,17657,1,1044525,6553,Garbage Flea,SimpleChar:7988CC09,13,6ace3d903ac37bdd,3558.51367,5.110001,865.446655,3552.54932,5.110001,868.246155,3.470546,2
m12391,1,2026-07-22T09:38:14.376048Z,69877,spawn,25,17657,1,1044525,6553,Garbage Flea,SimpleChar:7988CC09,13,afae82b77f2473b6,3553.7583,5.110001,867.658508,3554.36035,5.110001,874.144592,0,2
m12436,1,2026-07-22T09:38:42.181047Z,70037,spawn,25,17657,1,1044525,6553,Garbage Flea,SimpleChar:7988CC09,14,6ace3d903ac37bdd,3558.64673,5.110001,865.436157,3552.54932,5.110001,868.246155,3.820405,2
m12443,1,2026-07-22T09:38:46.001452Z,70059,spawn,25,17657,1,1044525,6553,Garbage Flea,SimpleChar:7988CC09,14,afae82b77f2473b6,3553.75732,5.110001,867.669373,3554.36035,5.110001,874.144592,0,2
m12499,1,2026-07-22T09:39:13.829136Z,70297,spawn,25,17657,1,1044525,6553,Garbage Flea,SimpleChar:7988CC09,15,6ace3d903ac37bdd,3558.5564,5.110001,865.447388,3552.54932,5.110001,868.246155,3.780752,2
m12507,1,2026-07-22T09:39:17.609888Z,70337,spawn,25,17657,1,1044525,6553,Garbage Flea,SimpleChar:7988CC09,15,afae82b77f2473b6,3553.77368,5.110001,867.654846,3554.36035,5.110001,874.144592,0,2
m12551,1,2026-07-22T09:39:45.429379Z,70525,spawn,25,17657,1,1044525,6553,Garbage Flea,SimpleChar:7988CC09,16,6ace3d903ac37bdd,3558.44556,5.110001,865.452637,3552.54932,5.110001,868.246155,3.791131,2
m12557,1,2026-07-22T09:39:49.220510Z,70550,spawn,25,17657,1,1044525,6553,Garbage Flea,SimpleChar:7988CC09,16,109d23f9ca7a9f27,3553.62598,5.110001,867.717163,3554.36035,5.110001,874.144592,0,2
m12613,1,2026-07-22T09:40:17.414249Z,70759,spawn,25,17657,1,1044525,6553,Garbage Flea,SimpleChar:7988CC09,17,6ace3d903ac37bdd,3558.40308,5.110001,865.45752,3552.54932,5.110001,868.246155,3.329782,2
m12618,1,2026-07-22T09:40:20.744031Z,70784,spawn,25,17657,1,1044525,6553,Garbage Flea,SimpleChar:7988CC09,17,109d23f9ca7a9f27,3553.5752,5.110001,867.73938,3554.36035,5.110001,874.144592,0,2
m12670,1,2026-07-22T09:40:48.527835Z,71020,spawn,25,17657,1,1044525,6553,Garbage Flea,SimpleChar:7988CC09,18,6ace3d903ac37bdd,3558.52002,5.110001,865.42804,3552.54932,5.110001,868.246155,3.58967,2
m12679,1,2026-07-22T09:40:52.117505Z,71066,spawn,25,17657,1,1044525,6553,Garbage Flea,SimpleChar:7988CC09,18,109d23f9ca7a9f27,3553.66528,5.110001,867.700928,3554.36035,5.110001,874.144592,0,2
m12726,1,2026-07-22T09:41:19.836645Z,71278,spawn,25,17657,1,1044525,6553,Garbage Flea,SimpleChar:7988CC09,19,6ace3d903ac37bdd,3558.6123,5.110001,865.448853,3552.54932,5.110001,868.246155,3.479979,2
m12733,1,2026-07-22T09:41:23.316624Z,71302,spawn,25,17657,1,1044525,6553,Garbage Flea,SimpleChar:7988CC09,19,afae82b77f2473b6,3553.84131,5.110001,867.62793,3554.36035,5.110001,874.144592,0,2
m12778,1,2026-07-22T09:41:51.608901Z,71586,spawn,25,17657,1,1044525,6553,Garbage Flea,SimpleChar:7988CC09,20,6ace3d903ac37bdd,3558.37427,5.110001,865.467529,3552.54932,5.110001,868.246155,3.339965,2
m12786,1,2026-07-22T09:41:54.948866Z,71616,spawn,25,17657,1,1044525,6553,Garbage Flea,SimpleChar:7988CC09,20,afae82b77f2473b6,3553.85107,5.110001,867.601624,3554.36035,5.110001,874.144592,0,2
m12837,1,2026-07-22T09:42:22.825503Z,71889,spawn,25,17657,1,1044525,6553,Garbage Flea,SimpleChar:7988CC09,21,6ace3d903ac37bdd,3558.44238,5.110001,865.466309,3552.54932,5.110001,868.246155,3.510281,2
m12843,1,2026-07-22T09:42:26.335784Z,71910,spawn,25,17657,1,1044525,6553,Garbage Flea,SimpleChar:7988CC09,21,109d23f9ca7a9f27,3553.68091,5.110001,867.692139,3554.36035,5.110001,874.144592,0,2
m12893,1,2026-07-22T09:42:54.439932Z,72160,spawn,25,17657,1,1044525,6553,Garbage Flea,SimpleChar:7988CC09,22,6ace3d903ac37bdd,3558.42798,5.110001,865.461914,3552.54932,5.110001,868.246155,3.743775,2
m12898,1,2026-07-22T09:42:58.183707Z,72191,spawn,25,17657,1,1044525,6553,Garbage Flea,SimpleChar:7988CC09,22,109d23f9ca7a9f27,3553.61743,5.110001,867.721558,3554.36035,5.110001,874.144592,0,2
m12959,1,2026-07-22T09:43:22.957147Z,72728,spawn,25,17657,1,1044525,6553,Garbage Flea,SimpleChar:7988CC09,23,2994b71f64d99fc1,3562.96875,5.110001,864.484436,3557.20972,5.110001,865.676331,0,2
m12418,1,2026-07-22T09:38:29.131102Z,69961,spawn,25,17657,1,1044525,6553,Garbage Flea,SimpleChar:7988CC50,2,3f9c93efc2798140,3557.45288,8.377541,916.963501,3567.58057,8.631208,912.799316,0,2
m12434,1,2026-07-22T09:38:41.071069Z,70030,spawn,25,17657,1,1044525,6553,Garbage Flea,SimpleChar:7988CC50,3,65642646986b8c9e,3559.71973,8.133145,915.58844,3552.79907,7.629861,921.401794,0,2
m12494,1,2026-07-22T09:39:09.879530Z,70263,spawn,25,17657,1,1044525,6553,Garbage Flea,SimpleChar:7988CC50,4,3f9c93efc2798140,3557.38428,8.387515,917.027893,3567.58057,8.631208,912.799316,0,2
m12517,1,2026-07-22T09:39:22.159794Z,70373,spawn,25,17657,1,1044525,6553,Garbage Flea,SimpleChar:7988CC50,5,65642646986b8c9e,3559.56909,8.144443,915.64093,3552.79907,7.629861,921.401794,0,2
m12564,1,2026-07-22T09:39:50.610705Z,70559,spawn,25,17657,1,1044525,6553,Garbage Flea,SimpleChar:7988CC50,6,3f9c93efc2798140,3557.35986,8.390853,917.047974,3567.58057,8.631208,912.799316,0,2
m12638,1,2026-07-22T09:40:31.756000Z,70882,spawn,25,17657,1,1044525,6553,Garbage Flea,SimpleChar:7988CC50,8,3f9c93efc2798140,3557.57153,8.360292,916.852173,3567.58057,8.631208,912.799316,0,2
m12661,1,2026-07-22T09:40:43.646422Z,70978,spawn,25,17657,1,1044525,6553,Garbage Flea,SimpleChar:7988CC50,9,65642646986b8c9e,3559.68896,8.135452,915.598572,3552.79907,7.629861,921.401794,0,2
m12711,1,2026-07-22T09:41:12.295191Z,71219,spawn,25,17657,1,1044525,6553,Garbage Flea,SimpleChar:7988CC50,10,3f9c93efc2798140,3557.46069,8.376373,916.95575,3567.58057,8.631208,912.799316,0,2
m12783,1,2026-07-22T09:41:53.458926Z,71601,spawn,25,17657,1,1044525,6553,Garbage Flea,SimpleChar:7988CC50,12,3f9c93efc2798140,3557.46899,8.375124,916.947388,3567.58057,8.631208,912.799316,0,2
m12855,1,2026-07-22T09:42:34.197155Z,71983,spawn,25,17657,1,1044525,6553,Garbage Flea,SimpleChar:7988CC50,14,3f9c93efc2798140,3557.42212,8.381972,916.991821,3567.58057,8.631208,912.799316,0,2
m12941,1,2026-07-22T09:43:15.120190Z,72360,spawn,25,17657,1,1044525,6553,Garbage Flea,SimpleChar:7988CC50,16,3f9c93efc2798140,3557.52368,8.367136,916.895569,3567.58057,8.631208,912.799316,0,2
m12957,1,2026-07-22T09:43:21.856684Z,72708,spawn,25,17657,1,1044525,6553,Garbage Flea,SimpleChar:7988CC50,17,b6b59be7d595bafd,3566.50195,8.298014,913.225159,3558.44434,8.229358,916.035767,0,2
m13040,1,2026-07-22T09:43:56.239379Z,73858,spawn,25,17657,1,1044525,6553,Garbage Flea,SimpleChar:7988CC50,18,3f9c93efc2798140,3557.53052,8.366078,916.888306,3567.58057,8.631208,912.799316,0,2
m13077,1,2026-07-22T09:44:37.185924Z,74721,spawn,25,17657,1,1044525,6553,Garbage Flea,SimpleChar:7988CC50,19,3f9c93efc2798140,3557.39233,8.386284,917.019531,3567.58057,8.631208,912.799316,0,2
m13121,1,2026-07-22T09:45:18.329957Z,75160,spawn,25,17657,1,1044525,6553,Garbage Flea,SimpleChar:7988CC50,20,3f9c93efc2798140,3557.41309,8.383231,916.999573,3567.58057,8.631208,912.799316,0,2
m13210,1,2026-07-22T09:45:53.821687Z,76981,spawn,25,17657,1,1044525,6553,Garbage Flea,SimpleChar:7988CC50,21,7ad06effc109bdea,3551.71509,7.454904,922.387512,3558.44434,8.229358,916.035767,0,2
m13322,1,2026-07-22T09:46:21.803096Z,78633,spawn,25,17657,1,1044525,6553,Garbage Flea,SimpleChar:7988CC50,22,84f155954d931a70,3548.14697,7.497998,925.925293,3541.69067,8.657413,930.089355,0,2
m13408,1,2026-07-22T09:46:52.290642Z,80389,spawn,25,17657,1,1044525,6553,Garbage Flea,SimpleChar:7988CC50,23,65642646986b8c9e,3559.60425,8.141806,915.627136,3552.79907,7.629861,921.401794,0,2
m13482,1,2026-07-22T09:47:20.852578Z,81580,spawn,25,17657,1,1044525,6553,Garbage Flea,SimpleChar:7988CC50,24,3f9c93efc2798140,3557.55664,8.362375,916.865051,3567.58057,8.631208,912.799316,0,2
m13499,1,2026-07-22T09:47:32.922055Z,81844,spawn,25,17657,1,1044525,6553,Garbage Flea,SimpleChar:7988CC50,25,6e5b350212676bd7,3559.80908,8.126444,915.556335,3552.79907,7.629861,921.401794,0,2
m13531,1,2026-07-22T09:47:43.239079Z,82451,spawn,25,17657,1,1044525,6553,Garbage Flea,SimpleChar:7988CC50,26,84f155954d931a70,3547.94678,7.563147,926.089844,3541.69067,8.657413,930.089355,0,2
m13671,1,2026-07-22T09:48:42.206519Z,85789,spawn,25,17657,1,1044525,6553,Garbage Flea,SimpleChar:7988CC50,27,3f9c93efc2798140,3557.5647,8.361171,916.857056,3567.58057,8.631208,912.799316,0,2
m13758,1,2026-07-22T09:49:22.652869Z,86946,spawn,25,17657,1,1044525,6553,Garbage Flea,SimpleChar:7988CC50,28,3f9c93efc2798140,3557.354,8.391891,917.055969,3567.58057,8.631208,912.799316,0,2
m13827,1,2026-07-22T09:50:03.687526Z,87200,spawn,25,17657,1,1044525,6553,Garbage Flea,SimpleChar:7988CC50,30,3f9c93efc2798140,3557.58887,8.357779,916.835999,3567.58057,8.631208,912.799316,0,2
m13906,1,2026-07-22T09:50:44.334658Z,87518,spawn,25,17657,1,1044525,6553,Garbage Flea,SimpleChar:7988CC50,32,3f9c93efc2798140,3557.37964,8.388124,917.031372,3567.58057,8.631208,912.799316,0,2
m13918,1,2026-07-22T09:50:50.830413Z,87692,spawn,25,17657,1,1044525,6553,Garbage Flea,SimpleChar:7988CC50,33,2de64c48ba0bcc08,3566.33765,8.309155,913.299438,3558.44434,8.229358,916.035767,0,2
m13961,1,2026-07-22T09:51:11.396298Z,88126,spawn,25,17657,1,1044525,6553,Garbage Flea,SimpleChar:7988CC50,34,7aaf7afbd8ef870b,3542.63428,8.661038,929.44165,3547.08862,7.951294,926.980652,0,2
m14090,1,2026-07-22T09:52:06.485859Z,89756,spawn,25,17657,1,1044525,6553,Garbage Flea,SimpleChar:7988CC50,35,3f9c93efc2798140,3557.53882,8.365003,916.882263,3567.58057,8.631208,912.799316,0,2
m14171,1,2026-07-22T09:52:29.263107Z,90846,spawn,25,17657,1,1044525,6553,Garbage Flea,SimpleChar:7988CC50,36,84f155954d931a70,3548.03198,7.532331,926.020752,3541.69067,8.657413,930.089355,0,2
m13028,1,2026-07-22T09:43:50.597049Z,73591,spawn,1019,297023,1,1044525,6553,Malfunctioning Cleaning Robot,SimpleChar:7988CC76,1,0721f51ea82199c9,3608.02563,53.244999,801.701111,3621.1958,52.5,784.227295,0,2
m13239,1,2026-07-22T09:46:03.837008Z,77707,spawn,1019,297023,1,1044525,6553,Malfunctioning Cleaning Robot,SimpleChar:7988CC95,1,bc256257868a0898,3595.25684,51.744999,800.062195,3594.23291,52.5,799.810913,0.640245,2
m13242,1,2026-07-22T09:46:04.477253Z,77735,spawn,1019,297023,1,1044525,6553,Malfunctioning Cleaning Robot,SimpleChar:7988CC95,1,8010dd9541d87d24,3595.19873,51.744999,800.048035,3594.25342,52.5,800.1604,0,2
m13243,1,2026-07-22T09:46:04.477253Z,77736,spawn,1019,297023,1,1044525,6553,Malfunctioning Cleaning Robot,SimpleChar:7988CC95,1,2acaf1a34d7e481f,3595.19873,51.744999,800.048035,3594.02393,52.5,800.299072,0.560724,2
m13246,1,2026-07-22T09:46:05.037977Z,77746,spawn,1019,297023,1,1044525,6553,Malfunctioning Cleaning Robot,SimpleChar:7988CC95,1,8c7f03fc14c8ced1,3594.99634,51.744999,800.091248,3594.18384,52.5,799.762817,0.120054,2
m13247,1,2026-07-22T09:46:05.158031Z,77749,spawn,1019,297023,1,1044525,6553,Malfunctioning Cleaning Robot,SimpleChar:7988CC95,1,8c7f03fc14c8ced1,3594.99634,51.744999,800.091248,3594.22217,52.5,800.20166,0.250107,2
m13249,1,2026-07-22T09:46:05.408138Z,77760,spawn,1019,297023,1,1044525,6553,Malfunctioning Cleaning Robot,SimpleChar:7988CC95,1,8c7f03fc14c8ced1,3594.99634,51.744999,800.091248,3594.18506,52.5,799.763916,0.192077,2
m13251,1,2026-07-22T09:46:05.600215Z,77798,spawn,1019,297023,1,1044525,6553,Malfunctioning Cleaning Robot,SimpleChar:7988CC95,1,8c7f03fc14c8ced1,3594.99634,51.744999,800.091248,3594.24878,52.5,800.167664,0.324633,2
m13253,1,2026-07-22T09:46:05.924848Z,77800,spawn,1019,297023,1,1044525,6553,Malfunctioning Cleaning Robot,SimpleChar:7988CC95,1,d86fd1f139033c3e,3594.99634,51.744999,800.091248,3594.15259,52.5,799.741699,0.15005,2
m13256,1,2026-07-22T09:46:06.074898Z,77813,spawn,1019,297023,1,1044525,6553,Malfunctioning Cleaning Robot,SimpleChar:7988CC95,1,8010dd9541d87d24,3594.99634,51.744999,800.091248,3594.26001,52.5,800.149719,0.250098,2
m13259,1,2026-07-22T09:46:06.324996Z,77821,spawn,1019,297023,1,1044525,6553,Malfunctioning Cleaning Robot,SimpleChar:7988CC95,1,8c7f03fc14c8ced1,3594.99634,51.744999,800.091248,3594.19849,52.5,800.224915,0.160555,2
m13262,1,2026-07-22T09:46:06.485551Z,77884,spawn,1019,297023,1,1044525,6553,Malfunctioning Cleaning Robot,SimpleChar:7988CC95,1,8010dd9541d87d24,3594.99634,51.744999,800.091248,3594.26733,52.5,800.136047,0.304613,2
m13264,1,2026-07-22T09:46:06.790164Z,77942,spawn,1019,297023,1,1044525,6553,Malfunctioning Cleaning Robot,SimpleChar:7988CC95,1,8010dd9541d87d24,3594.99634,51.744999,800.091248,3594.26831,52.5,799.865845,0.12005,2
m13265,1,2026-07-22T09:46:06.910214Z,77960,spawn,1019,297023,1,1044525,6553,Malfunctioning Cleaning Robot,SimpleChar:7988CC95,1,8010dd9541d87d24,3594.99634,51.744999,800.091248,3594.29419,52.5,800.058411,0.283642,2
m13266,1,2026-07-22T09:46:07.193856Z,77981,spawn,1019,297023,1,1044525,6553,Malfunctioning Cleaning Robot,SimpleChar:7988CC95,1,8010dd9541d87d24,3594.99634,51.744999,800.091248,3594.27124,52.5,799.871765,0.152066,2
m13267,1,2026-07-22T09:46:07.345922Z,78001,spawn,1019,297023,1,1044525,6553,Malfunctioning Cleaning Robot,SimpleChar:7988CC95,1,d86fd1f139033c3e,3594.99634,51.744999,800.091248,3594.08228,52.5,799.711487,0.16107,2
m13268,1,2026-07-22T09:46:07.506992Z,78017,spawn,1019,297023,1,1044525,6553,Malfunctioning Cleaning Robot,SimpleChar:7988CC95,1,8010dd9541d87d24,3594.99634,51.744999,800.091248,3594.27051,52.5,799.870544,0.36219,2
m13272,1,2026-07-22T09:46:07.869182Z,78033,spawn,1019,297023,1,1044525,6553,Malfunctioning Cleaning Robot,SimpleChar:7988CC95,1,2acaf1a34d7e481f,3594.99634,51.744999,800.091248,3594.08911,52.5,800.286438,0,2
m13414,1,2026-07-22T09:46:56.841024Z,80545,spawn,25,17657,1,1044525,6553,Garbage Flea,SimpleChar:7988CCA5,1,35f8db96c220795f,3550.87476,6.925473,886.408081,3545.22632,7.250183,888.214722,3.26581,2
m13420,1,2026-07-22T09:47:00.106834Z,80600,spawn,25,17657,1,1044525,6553,Garbage Flea,SimpleChar:7988CCA5,1,fd2a90fb79214ba0,3546.43286,6.857788,887.675232,3540.93042,8.435155,888.057068,0,2
m13868,1,2026-07-22T09:50:29.310186Z,87396,spawn,95,17649,2,1044525,6553,Engineer Automaton I,SimpleChar:7988CCA7,1,5d33dfa0a9893882,3445.70264,9.145,843.861084,3446.37305,9.645,839.74939,0.870512,2
m13871,1,2026-07-22T09:50:30.180698Z,87409,spawn,95,17649,2,1044525,6553,Engineer Automaton I,SimpleChar:7988CCA7,1,62993967c6e58e98,3446.22437,9.145,840.660461,3443.83032,9.51,838.05658,0,2
m13592,1,2026-07-22T09:48:17.206515Z,84068,spawn,1019,297023,1,1044525,6553,Malfunctioning Cleaning Robot,SimpleChar:7988CCB8,1,35f2c13f25fac2f0,3606.8772,53.244999,801.514221,3599.23828,52.5,787.18219,0,2
m13739,1,2026-07-22T09:49:06.266516Z,86851,spawn,25,17657,2,1044525,6553,Garbage Flea,SimpleChar:7988CCC6,2,6ace3d903ac37bdd,3558.55933,5.110001,865.444885,3552.54932,5.110001,868.246155,3.584993,2
m13742,1,2026-07-22T09:49:09.851509Z,86869,spawn,25,17657,2,1044525,6553,Garbage Flea,SimpleChar:7988CCC6,2,109d23f9ca7a9f27,3553.69727,5.110001,867.691162,3554.36035,5.110001,874.144592,0,2
m13780,1,2026-07-22T09:49:37.786833Z,87037,spawn,25,17657,2,1044525,6553,Garbage Flea,SimpleChar:7988CCC6,3,6ace3d903ac37bdd,3558.54199,5.110001,865.430664,3552.54932,5.110001,868.246155,3.550957,2
m13784,1,2026-07-22T09:49:41.337790Z,87056,spawn,25,17657,2,1044525,6553,Garbage Flea,SimpleChar:7988CCC6,3,109d23f9ca7a9f27,3553.70093,5.110001,867.685791,3554.36035,5.110001,874.144592,0,2
m13834,1,2026-07-22T09:50:08.830096Z,87230,spawn,25,17657,2,1044525,6553,Garbage Flea,SimpleChar:7988CCC6,4,6ace3d903ac37bdd,3558.5647,5.110001,865.421631,3552.54932,5.110001,868.246155,4.024262,2
m13839,1,2026-07-22T09:50:12.854358Z,87252,spawn,25,17657,2,1044525,6553,Garbage Flea,SimpleChar:7988CCC6,4,109d23f9ca7a9f27,3553.68872,5.110001,867.692749,3554.36035,5.110001,874.144592,0,2
m13896,1,2026-07-22T09:50:40.356488Z,87487,spawn,25,17657,2,1044525,6553,Garbage Flea,SimpleChar:7988CCC6,5,6ace3d903ac37bdd,3558.51367,5.110001,865.43042,3552.54932,5.110001,868.246155,3.788596,2
m13904,1,2026-07-22T09:50:44.145084Z,87515,spawn,25,17657,2,1044525,6553,Garbage Flea,SimpleChar:7988CCC6,5,109d23f9ca7a9f27,3553.72534,5.110001,867.671082,3554.36035,5.110001,874.144592,0,2
m13770,1,2026-07-22T09:49:32.111342Z,87004,spawn,25,17657,6,1044525,6553,Garbage Flea,SimpleChar:7988CCCC,1,295565b4a435bbc2,3450.31323,0.01,815.805664,3451.69238,0.484349,812.295288,2.581074,2
m13772,1,2026-07-22T09:49:34.692416Z,87015,spawn,25,17657,6,1044525,6553,Garbage Flea,SimpleChar:7988CCCC,1,832ef27f42a93e6d,3451.24072,0.01,813.676941,3453.63281,0.48435,808.106934,0,2
m14240,1,2026-07-22T09:52:58.230545Z,91953,spawn,25,17657,6,1044525,6553,Garbage Flea,SimpleChar:7988CCCC,2,370fa6fde4c7ab20,3453.1311,0.01,809.271729,3449.17236,0.484349,812.813599,3.503161,2
m14250,1,2026-07-22T09:53:01.733706Z,91985,spawn,25,17657,6,1044525,6553,Garbage Flea,SimpleChar:7988CCCC,2,03fa3d0f318ec29c,3450.22119,0.01,811.769653,3448.83936,0.48435,827.203064,0,2
m13797,1,2026-07-22T09:49:46.185359Z,87085,spawn,25,17657,6,1044525,6553,Garbage Flea,SimpleChar:7988CCD4,1,b38c077758d06bc5,3451.18579,0.01,863.337769,3451.15186,0.892165,857.847046,2.898197,2
m13803,1,2026-07-22T09:49:49.083556Z,87111,spawn,25,17657,6,1044525,6553,Garbage Flea,SimpleChar:7988CCD4,1,d3f4d4bbf96d1974,3451.11694,0.01,859.249146,3451.56519,0.892165,852.259827,0,2
m14245,1,2026-07-22T09:53:00.754815Z,91972,spawn,25,17657,6,1044525,6553,Garbage Flea,SimpleChar:7988CCD4,2,e6495f7bb0673d03,3451.47705,0.01,853.595459,3454.21289,0.892165,846.437866,0,2
m13826,1,2026-07-22T09:50:03.167827Z,87199,spawn,25,17657,5,1044525,6553,Garbage Flea,SimpleChar:7988CCD8,1,837b1d9cc718aee1,3453.58813,0.01,878.365295,3453.19116,0.636056,886.086365,0,2
m14249,1,2026-07-22T09:53:01.733706Z,91984,spawn,25,17657,5,1044525,6553,Garbage Flea,SimpleChar:7988CCD8,2,e8878707afd9e40a,3453.24854,0.01,884.90625,3450.05835,0.636057,889.84906,0,2
m14040,1,2026-07-22T09:51:45.864109Z,88919,spawn,25,17657,2,1044525,6553,Garbage Flea,SimpleChar:7988CCED,1,05074552263c6639,3532.31592,7.307024,907.24469,3531.11914,5.410458,901.882385,3.326078,2
m14045,1,2026-07-22T09:51:49.190187Z,89116,spawn,25,17657,2,1044525,6553,Garbage Flea,SimpleChar:7988CCED,1,b2a161db33d1794d,3531.38501,5.859415,903.072998,3530.66382,5.110001,897.269409,0,2
m14091,1,2026-07-22T09:52:06.806988Z,89781,spawn,25,17657,2,1044525,6553,Garbage Flea,SimpleChar:7988CCED,2,0a07692eed3b68fe,3522.10034,5.110001,888.679199,3529.69067,5.110001,890.653748,0,2
m14052,1,2026-07-22T09:51:52.392228Z,89184,spawn,1019,297023,1,1044525,6553,Malfunctioning Cleaning Robot,SimpleChar:7988CCEF,1,49ebf27cde1e8b61,3606.02417,51.744999,801.273376,3597.28491,52.5,772.093811,0,2
m14308,1,2026-07-22T09:53:19.319036Z,92601,spawn,1019,297023,1,1044525,6553,Malfunctioning Cleaning Robot,SimpleChar:7988CCFD,1,49362c8d63a41bff,3598.96436,51.744999,787.96759,3622.79175,52.5,798.784119,0,2
m14434,1,2026-07-22T09:53:31.567937Z,93002,spawn,1019,297023,1,1044525,6553,Malfunctioning Cleaning Robot,SimpleChar:7988CD0D,1,58ce28830b06af4b,3597.70508,51.744999,773.855164,3602.27905,52.5,787.889587,0,2
